DateTime,Temp (C) ,Pressure (hPa),Rain (mm),Wind Speed 10 m (m/s),Wind Speed 24 m (m/s),Wind Direction 10 m (deg.M),Wind Direction 24 m (deg.M),PBL height (m)
01/01/2023 01:00,9.009995,968,0,4.227997,5.422997,194.5,186.399902,1184.41
01/01/2023 02:00,9.360001,969,0,4.716003,5.489998,227.199951,223.199951,1227.78
01/01/2023 03:00,9.259995,970,0,5.542999,7.554001,225.899902,218.5,1188.65
01/01/2023 04:00,8.789993,970,0,5.244003,6.156998,221.399902,222.199951,1048.78
01/01/2023 05:00,8.190002,971,0,4.869003,6.073997,229,223.100098,994.19
01/01/2023 06:00,8.160004,972,0,5.791,6.778,216.899902,209,978.61
01/01/2023 07:00,8.589996,973,0,6.226997,7.789001,217.199951,210.100098,979.72
01/01/2023 08:00,7.811996,974,0,4.591003,6.070999,222,219.600098,1040.70
01/01/2023 09:00,8.160004,975,0,5.933998,7.147003,223.399902,212.899902,1088.06
01/01/2023 10:00,8.850006,976,0,4.332001,5.126999,225.899902,211.800049,1236.90
01/01/2023 11:00,7.795998,977,0,3.317001,4.638,207.600098,203.100098,1284.69
01/01/2023 12:00,8.300003,977,0,2.625,3.234001,211.5,202.899902,1343.24
01/01/2023 13:00,9.039993,977,0,4.261002,5.872002,213.100098,208.5,1399.22
01/01/2023 14:00,9.389999,977,0,4.675003,5.532997,221.199951,212.199951,1363.98
01/01/2023 15:00,9.210007,977,0,3.925999,4.446999,208.199951,193.100098,1191.67
01/01/2023 16:00,9.169998,977,0,3.347,4.019997,214.399902,209.100098,938.73
01/01/2023 17:00,9.119995,977,0,4.112999,5.008003,209,206.300049,796.75
01/01/2023 18:00,8.919998,977,0,3.612999,4.237,202.600098,189.899902,727.79
01/01/2023 19:00,8.919998,978,0,1.839001,2.643002,203.800049,189.300049,674.58
01/01/2023 20:00,8.339996,978,0,1.535,2.129002,205.899902,203.600098,607.98
01/01/2023 21:00,8.330002,978,0,1.131001,2.000999,254.800049,248.300049,551.96
01/01/2023 22:00,8.399994,978,0,4.264999,5.374001,209.199951,203.199951,442.03
01/01/2023 23:00,7.711998,978,0,2.563,3.210999,213.399902,198.100098,456.74
02/01/2023 00:00,7.490997,979,0,2.870998,3.831001,224.800049,214.100098,429.04
02/01/2023 01:00,7.198997,979,0,2.898998,3.667,227.100098,216.300049,457.24
02/01/2023 02:00,7.337997,979,0,3.934002,5.205002,226.300049,219.800049,441.91
02/01/2023 03:00,7.424004,980,0,1.533001,2.927002,246.5,234.699951,383.23
02/01/2023 04:00,6.961998,981,0,1.313999,2.359001,258.899902,270.299805,436.16
02/01/2023 05:00,6.038002,982,0,0.839,1.6,269.700195,275.700195,507.13
02/01/2023 06:00,5.684998,983,0,0.415,0.53,95.800049,288.399902,488.71
02/01/2023 07:00,5.248001,984,0,1.493,2.59,261.100098,262.899902,426.52
02/01/2023 08:00,4.690002,986,0,1.559,2.771,265.100098,262.899902,369.11
02/01/2023 09:00,4.489998,988,0,1.184,2.605999,266.799805,266.700195,345.65
02/01/2023 10:00,5.030998,989,0,1.122999,1.851999,239.399902,250.5,316.91
02/01/2023 11:00,5.858002,990,0,1.555,2.305,254.199951,250.300049,685.40
02/01/2023 12:00,6.005997,991,0,1.563,2.845001,269,267.700195,905.16
02/01/2023 13:00,6.278999,991,0,1.796,3.136002,259.700195,261.200195,989.37
02/01/2023 14:00,6.516998,992,0,1.707001,2.841999,269.399902,270.299805,1005.28
02/01/2023 15:00,6.215004,993,0,1.072001,2.054001,276.899902,268.100098,834.36
02/01/2023 16:00,5.116997,994,0,1.092001,2.131001,237.699951,231.199951,221.23
02/01/2023 17:00,4.088997,995,0,0.51,1.211,225.600098,223.600098,114.42
02/01/2023 18:00,2.679001,995,0,0.269,0.545,268.600098,292.5,73.49
02/01/2023 19:00,1.790001,996,0,0.202,0.607,0,226.300049,67.62
02/01/2023 20:00,2.226002,996,0,1.089001,1.875,192.199951,204.399902,79.81
02/01/2023 21:00,2.014,997,0,1.000999,1.454,143.800049,173.899902,97.57
02/01/2023 22:00,1.717001,996,0,1.297001,2.535,223.800049,211.800049,167.62
02/01/2023 23:00,0.815,997,0,0.433,0.628,122.800049,48.080017,162.96
03/01/2023 00:00,0.144,997,0,0.261,1.281,149.199951,202.199951,184.25
03/01/2023 01:00,0.128,996,0,1.061001,2.325001,142.300049,150.600098,218.24
03/01/2023 02:00,-0.847,996,0,0.737,0.97,128.399902,85.099976,204.83
03/01/2023 03:00,-0.63,995,0,1.127001,2.187,151,135.300049,213.84
03/01/2023 04:00,0.006,994,0,0.837,0.903,67.880005,84.400024,299.99
03/01/2023 05:00,1.323999,993,0,0.897,1.448999,111.699951,122.400024,358.94
03/01/2023 06:00,0.888,992,0,0.529,0.733,22.209991,320.700195,380.63
03/01/2023 07:00,3.352001,991,0,2.059002,2.780998,195.5,174.100098,458.65
03/01/2023 08:00,3.928001,990,0,1.844999,3.095001,172.800049,162.399902,598.42
03/01/2023 09:00,5.129997,989,0,2.292999,3.382999,214.699951,206.100098,727.37
03/01/2023 10:00,6.940002,989,0,4.448997,4.995003,217.600098,206,709.82
03/01/2023 11:00,8.259995,988,0,2.727001,4.050003,222.300049,202.899902,650.93
03/01/2023 12:00,8.860001,987,0,3.07,4.719002,187.5,171,717.98
03/01/2023 13:00,9.580002,986,0,3.606998,4.668999,194.5,183.5,810.07
03/01/2023 14:00,9.990005,984,0,3.568001,4.963997,179.800049,178.800049,906.08
03/01/2023 15:00,10.149994,983,0,3.194,4.82,182.100098,171.600098,998.40
03/01/2023 16:00,10.550003,981,0,4.537003,6.198997,196.100098,185.5,1039.76
03/01/2023 17:00,11.490005,981,0,4.942001,6.271004,205.699951,198.300049,883.03
03/01/2023 18:00,11.440002,980,0,4.230003,5.441002,209.300049,192.399902,828.79
03/01/2023 19:00,11.610001,979,0,3.375,5.165001,207.899902,189.899902,838.47
03/01/2023 20:00,11.830002,978,0,3.841,5.327003,202,195.600098,890.67
03/01/2023 21:00,11.979996,978,0,4.077003,5.301003,212.199951,203.5,947.76
03/01/2023 22:00,12.410004,977,0,3.411999,4.031998,213,195.899902,965.54
03/01/2023 23:00,12.610001,977,0,5.368004,6.896004,225,212.5,1063.69
04/01/2023 00:00,12.520004,976,0,5.306999,6.282997,222.600098,211.800049,1087.37
04/01/2023 01:00,12.449997,977,0,5.677002,7.021004,229.5,220.600098,1130.45
04/01/2023 02:00,12.199997,977,0,5.055,6.960999,234.199951,220.199951,1070.74
04/01/2023 03:00,12.039993,977,0.2,4.973,6.081001,230.800049,220,1127.76
04/01/2023 04:00,12.190002,977,0,5.780998,7.834999,225.5,212.399902,1294.82
04/01/2023 05:00,13,977,0,5.303001,8.949997,250.899902,241,1274.52
04/01/2023 06:00,12.300003,977,0,5.068001,7.541,243,235.5,1172.66
04/01/2023 07:00,11.600006,977,0,5.826004,7.726997,232.300049,227.600098,1240.71
04/01/2023 08:00,12.289993,977,0,6.861,9.009995,243.300049,234.800049,1203.67
04/01/2023 09:00,12.050003,978,0,5.901001,8.520004,247.600098,240.100098,1149.21
04/01/2023 10:00,12.020004,979,0,4.967003,8.300003,248.699951,245.800049,1399.34
04/01/2023 11:00,12.050003,980,0,6.590004,9.580002,249.600098,245.300049,1380.92
04/01/2023 12:00,12.160004,980,0,6.749001,9.5,241.600098,244.800049,1378.65
04/01/2023 13:00,12.610001,980,0,5.765999,8.300003,252.100098,240.399902,1418.17
04/01/2023 14:00,12.559998,980,0,5.400002,7.899002,251.699951,255.800049,1362.62
04/01/2023 15:00,12.070007,981,0,5.253998,7.605003,252.399902,250.100098,1346.59
04/01/2023 16:00,10.680008,983,0,4.035004,7.473,264,254,1263.81
04/01/2023 17:00,11.149994,983,0,5.403,9.199997,264.200195,256.5,1242.12
04/01/2023 18:00,11.029999,983,0,4.427002,8.449997,269.100098,255.199951,1181.98
04/01/2023 19:00,10.389999,984,0,4.763,7.668999,260,256.399902,1124.87
04/01/2023 20:00,10.639999,985,0,4.577003,7.903,263.700195,257.799805,1131.03
04/01/2023 21:00,10.669998,985,0,3.247002,6.085999,262.899902,259.600098,1123.59
04/01/2023 22:00,10.449997,986,0,2.575001,4.803001,261.799805,255.300049,1170.60
04/01/2023 23:00,10.990005,988,0,3.011002,4.023003,242.100098,243.5,1157.81
05/01/2023 00:00,11.410004,989,0,4.521004,6.792999,260.200195,261,1138.85
05/01/2023 01:00,10.990005,989,0,3.317001,5.793999,276.700195,269.700195,1070.37
05/01/2023 02:00,10.699997,990,0,2.655998,5.218002,269.600098,265.700195,1035.33
05/01/2023 03:00,10.740005,991,0,2.432999,3.932999,252.699951,247.899902,1036.11
05/01/2023 04:00,10.710007,991,0,1.965,2.588001,245,242,1013.00
05/01/2023 05:00,10.5,991,0,2.289001,3.163002,243.699951,229.899902,831.69
05/01/2023 06:00,10.240005,991,0,3.098,3.525002,221,220.899902,646.41
05/01/2023 07:00,9.830002,991,0,1.912001,2.540001,214.5,214.199951,489.28
05/01/2023 08:00,8.75,991,0,1.315001,2.701,144.800049,143.399902,441.12
05/01/2023 09:00,9.180008,991,0,2.451,3.230999,210.800049,198,425.02
05/01/2023 10:00,8.910004,990,0,2.053001,2.708,203.699951,192.699951,407.00
05/01/2023 11:00,10.190002,990,0,4.591003,5.324997,218.899902,208.399902,554.28
05/01/2023 12:00,11.660004,989,0,5.176003,6.139,227.100098,216,845.04
05/01/2023 13:00,12.139999,988,0,4.219002,5.290001,213,202.600098,933.73
05/01/2023 14:00,11.589996,987,0,2.861,3.741001,185,180.100098,944.94
05/01/2023 15:00,11.770004,986,0,2.701,3.877998,205.300049,189.5,1016.35
05/01/2023 16:00,11.869995,986,0,3.139999,4.277,191.5,184.100098,992.85
05/01/2023 17:00,11.960007,985,0,4.202003,5.207001,203.699951,192.800049,1023.09
05/01/2023 18:00,12.070007,984,0,3.508999,4.959,212.699951,195.899902,1039.52
05/01/2023 19:00,11.889999,983,0,3.465,4.802002,179.800049,171,1096.36
05/01/2023 20:00,11.820007,982,0,2.699001,3.729,204.600098,191.199951,1118.80
05/01/2023 21:00,11.580002,980,0,4.827003,5.980003,205.5,194.300049,1187.73
05/01/2023 22:00,11.889999,979,0,5.855003,7.397003,207.5,193.199951,1150.65
05/01/2023 23:00,9.369995,980,0,3.120998,5.544998,273.700195,271.899902,1118.32
06/01/2023 00:00,7.967003,981,0,2.323002,3.382999,262.5,266.600098,1059.35
06/01/2023 01:00,8.009995,981,0,2.417,2.981998,213.199951,197.600098,1087.41
06/01/2023 02:00,8.149994,981,0,2.455002,3.115002,234.399902,228.5,1067.31
06/01/2023 03:00,8.220001,982,0,4.230003,6.750999,248.100098,240.100098,1027.03
06/01/2023 04:00,7.966003,982,0,4.749001,7.400002,239.199951,235.300049,1011.65
06/01/2023 05:00,7.852997,982,0,5.538002,7.333,234,236.5,962.10
06/01/2023 06:00,7.721001,983,0,4.336998,6.144997,241.800049,237.800049,894.47
06/01/2023 07:00,7.155998,983,0,3.361,4.418999,224.699951,212.800049,911.07
06/01/2023 08:00,7.060997,983,0,5.343002,6.644997,215.600098,204.199951,849.65
06/01/2023 09:00,7.150002,984,0,4.418999,5.636002,213.199951,205.600098,802.68
06/01/2023 10:00,7.726997,984,0,4.444,5.495003,207.800049,199.199951,854.16
06/01/2023 11:00,8.580002,984,0,4.336998,5.754997,221.899902,212.199951,917.55
06/01/2023 12:00,9.020004,983,0,3.404999,4.035004,214.199951,200.399902,948.72
06/01/2023 13:00,9.240005,983,0,3.019001,3.923,199.899902,195,995.11
06/01/2023 14:00,9.589996,983,0,3.355999,3.66,211.399902,193.899902,957.25
06/01/2023 15:00,9.320007,982,0,3.563999,4.745003,222.199951,209.699951,882.34
06/01/2023 16:00,8.800003,982,0,3.789001,4.189003,216,200.100098,801.81
06/01/2023 17:00,9.309998,981,0,3.157001,4.037003,219.699951,203.899902,741.60
06/01/2023 18:00,9.020004,981,0,2.077999,3.612999,182.600098,176.300049,718.73
06/01/2023 19:00,8.869995,980,0,3.665001,5.577003,171.5,155.100098,678.15
06/01/2023 20:00,8.460007,979,0,2.075001,3.227001,170.600098,153.699951,647.06
06/01/2023 21:00,8.800003,978,0,1.367001,2.472,172.399902,152.300049,834.13
06/01/2023 22:00,10.039993,976,0,2.530998,3.994999,176,156.600098,943.30
06/01/2023 23:00,11.949997,975,0,4.153,6.369003,191.300049,176.399902,1245.76
07/01/2023 00:00,12.5,974,0,4.903999,6.212997,206.899902,183.100098,1218.97
07/01/2023 01:00,12.380005,973,0,5.363998,7.149002,201.899902,182.300049,1176.30
07/01/2023 02:00,12.119995,971,0,4.776001,6.802002,183.399902,174.199951,1154.99
07/01/2023 03:00,12.190002,971,0,4.535004,7.205002,180.5,176.399902,1198.42
07/01/2023 04:00,11.830002,969,0,5.939003,7.777,186.300049,180.300049,1310.00
07/01/2023 05:00,11.940002,968,0,5.010002,6.856003,188,179.100098,1323.42
07/01/2023 06:00,11.729996,967,0,4.810997,6.856003,184.100098,178.100098,1303.98
07/01/2023 07:00,11.5,965,0,5.029999,7.390999,178.5,171,1321.88
07/01/2023 08:00,11.009995,964,0,4.416,7.482002,175.199951,162.5,1345.54
07/01/2023 09:00,11.100006,964,0,4.796997,5.981003,191.899902,173.600098,1259.76
07/01/2023 10:00,10.779999,963,0,3.959,6.311996,168.5,169.300049,1116.21
07/01/2023 11:00,11.520004,962,0,5.828003,9.029999,187.5,174.600098,1041.78
07/01/2023 12:00,11.770004,962,0,4.404999,5.624001,192,181.899902,1127.48
07/01/2023 13:00,12.330002,961,0,4.778,5.941002,216.600098,206.5,1092.82
07/01/2023 14:00,11.860001,960,0,3.084999,3.896999,198.5,190.5,1080.93
07/01/2023 15:00,11.190002,960,0,3.097,4.371002,213.199951,196,1067.42
07/01/2023 16:00,10.600006,960,0,4.25,5.051003,198.100098,191.100098,983.44
07/01/2023 17:00,10.059998,959,0,3.368999,4.098999,196.5,183.600098,999.65
07/01/2023 18:00,8.180008,959,0,3.813999,4.981003,221.800049,216.899902,1064.95
07/01/2023 19:00,8.220001,959,0,4.175003,5.241997,233.300049,224.600098,1007.67
07/01/2023 20:00,7.596001,960,0,3.932999,5,223.300049,208.5,966.52
07/01/2023 21:00,7.096001,960,0,4.795998,5.561996,201,193.899902,1019.08
07/01/2023 22:00,7.554001,960,0,5.033997,6.253998,201.699951,182.399902,1163.32
07/01/2023 23:00,7.502998,959,0,5.364998,6.857002,208.100098,201.100098,1080.40
08/01/2023 00:00,7.675003,959,0,5.715004,7.123001,203.100098,198.800049,1066.62
08/01/2023 01:00,7.606003,959,0,5.834999,8.169998,207,191.100098,1007.83
08/01/2023 02:00,7.665001,959,0,6.472,8.479996,206.600098,188.699951,1001.83
08/01/2023 03:00,7.772003,959,0,6.039001,7.783997,219,210.5,1029.30
08/01/2023 04:00,7.445999,959,0,4.071999,4.938004,201.699951,191.600098,977.77
08/01/2023 05:00,7.276001,959,0,3.664001,4.752998,210.800049,191.300049,861.17
08/01/2023 06:00,6.940002,959,0,3.108002,4.684998,214.800049,194.399902,726.10
08/01/2023 07:00,6.601997,960,0,2.568001,3.798,222.800049,213.100098,675.20
08/01/2023 08:00,6.167999,960,0,3.306,4.306999,222.699951,213.300049,663.00
08/01/2023 09:00,5.800003,959,0,1.327,2.421001,118.699951,117.800049,639.56
08/01/2023 10:00,6.529999,958,0,3.032001,4.289001,198.399902,183.399902,642.95
08/01/2023 11:00,6.859001,957,0,3.337002,4.126999,197.399902,181.600098,808.66
08/01/2023 12:00,7.213997,955,0,3.089001,4.600998,188.300049,173.5,980.56
08/01/2023 13:00,7.538002,954,0,4.724998,6.890999,184.300049,180.300049,981.54
08/01/2023 14:00,7.854004,953,0,5.347,6.408997,222.100098,209.800049,920.44
08/01/2023 15:00,7.709,953,0,3.964001,5.306,231.5,214.699951,833.60
08/01/2023 16:00,7.087997,953,0,3.268002,4.461998,208.600098,202.5,685.90
08/01/2023 17:00,6.666,953,0,2.067001,3.220001,200.300049,186.5,601.70
08/01/2023 18:00,6.695999,953,0,5.254997,7.266998,229,224.800049,639.16
08/01/2023 19:00,5.844002,954,0,4.053001,4.894997,219.199951,216.800049,617.44
08/01/2023 20:00,5.806999,954,0,4.889,5.709,228.800049,210,595.90
08/01/2023 21:00,5.115997,954,0,2.980999,4.888,229.199951,226.199951,586.15
08/01/2023 22:00,4.920998,954,0,4.772003,6.938004,221.600098,214.699951,543.58
08/01/2023 23:00,5.144997,954,0,2.681,3.444,232.5,219.199951,478.46
09/01/2023 00:00,5.074997,955,0,1.162001,1.681,219.199951,215.899902,479.02
09/01/2023 01:00,5.977997,956,0,1.59,2.806999,278,264.200195,482.16
09/01/2023 02:00,6.150002,957,0,0.925,2.202999,254.199951,255.399902,513.29
09/01/2023 03:00,6.751999,958,0,2.173,3.030998,228.600098,214.199951,636.86
09/01/2023 04:00,7.018997,958,0,1.903,2.764,271,252.699951,742.43
09/01/2023 05:00,6.824997,959,0,2.117001,4.225998,249.199951,243,728.85
09/01/2023 06:00,6.306,960,0,3.262001,5.457001,242,240.300049,701.01
09/01/2023 07:00,5.985001,961,0,4.139,6.352997,241.5,234.699951,726.74
09/01/2023 08:00,5.532997,963,0,3.181999,5.072998,246.399902,234.899902,747.02
09/01/2023 09:00,6.144997,965,0,2.224998,3.434002,258.899902,253.300049,804.76
09/01/2023 10:00,5.913002,966,0,2.508999,3.595001,250.800049,249.199951,994.11
09/01/2023 11:00,6.017998,968,0,1.966,3.542,293.5,287.100098,1061.92
09/01/2023 12:00,7.32,969,0,3.030998,5.821999,264.200195,257.299805,1104.50
09/01/2023 13:00,7.363998,970,0,3.791,6.695,260.399902,255.800049,1105.63
09/01/2023 14:00,7.276001,971,0,2.983002,5.948997,257.899902,257.700195,1183.19
09/01/2023 15:00,7.318001,973,0,2.612,3.937,261.399902,248.699951,1116.59
09/01/2023 16:00,7.406998,974,0,3.099998,5.046997,254.399902,244,1119.10
09/01/2023 17:00,6.692001,975,0,5.019997,6.745003,245.899902,247,1185.33
09/01/2023 18:00,7.085999,976,0,3.278999,5.259003,238.100098,239.899902,1179.67
09/01/2023 19:00,7.357002,976,0,3.084999,4.863998,263,268.600098,1073.04
09/01/2023 20:00,7.476997,978,0,2.522999,4.391998,273.5,259.600098,1004.16
09/01/2023 21:00,7.072998,979,0,2.390999,3.937,274.399902,266.600098,978.82
09/01/2023 22:00,7.246002,980,0,3.532001,5.538002,267.200195,262.600098,977.46
09/01/2023 23:00,7.175003,982,0,1.976999,3.206001,253.100098,261.399902,836.57
10/01/2023 00:00,7.197998,983,0,3.463001,5.156998,254.300049,253,711.52
10/01/2023 01:00,7.111,982,0,4.127998,6.18,266.200195,256.200195,546.09
10/01/2023 02:00,6.276001,983,0,2.355,3.415001,249.100098,239.399902,405.30
10/01/2023 03:00,6.348999,983,0,3.144001,4.017998,214,201,384.57
10/01/2023 04:00,6.128998,983,0,3.056999,4.189003,203.199951,193.199951,364.21
10/01/2023 05:00,5.568001,982,0,3.757,5.583,200.5,184.800049,355.87
10/01/2023 06:00,4.999001,982,0,2.158001,3.998001,168.199951,155.100098,508.71
10/01/2023 07:00,5.157997,980,0,1.805,3.034,176.300049,166.100098,719.65
10/01/2023 08:00,5.282997,979,0,3.740002,4.623001,209.5,189.800049,876.73
10/01/2023 09:00,5.292,976,0,3.474998,5.432999,163.800049,156.199951,1033.21
10/01/2023 10:00,5.942001,974,0,3.632999,5.184998,196.699951,180.100098,917.04
10/01/2023 11:00,6.921997,972,0,3.780998,5.046997,206.5,186.399902,773.27
10/01/2023 12:00,7.960999,970,0,3.841,4.535004,197.699951,189.399902,792.10
10/01/2023 13:00,9.639999,968,0,3.477001,4.407997,217.5,199.5,880.97
10/01/2023 14:00,12.570007,966,0,5.583,6.324997,211.699951,202,1021.30
10/01/2023 15:00,12.669998,966,0,4.448997,6.261002,220.699951,208.600098,1117.42
10/01/2023 16:00,13.100006,965,0,4.392998,5.193001,204,195.199951,1159.89
10/01/2023 17:00,13.139999,963,0,5.267998,7.612999,221.800049,215.5,1223.14
10/01/2023 18:00,12.990005,962,0,7.831001,8.350006,215.399902,210.699951,1345.17
10/01/2023 19:00,13,961,0,7.114998,7.707001,220,211.5,1408.60
10/01/2023 20:00,11.660004,963,0.2,4.611,7.412003,262,260,1349.39
10/01/2023 21:00,11.039993,965,0,5.193001,8.830002,253.399902,246.199951,1217.90
10/01/2023 22:00,10.779999,967,0,3.263,5.841003,279.799805,265.299805,1329.75
10/01/2023 23:00,10.399994,969,0,2.813,4.877998,265.899902,256.5,1290.24
11/01/2023 00:00,9.419998,970,0,2.146999,3.344002,264.700195,254.5,1217.50
11/01/2023 01:00,9.229996,972,0,2.530998,4.191002,255.300049,251.300049,1161.49
11/01/2023 02:00,8.660004,973,0,3.310001,5.226997,244.399902,233.600098,1137.60
11/01/2023 03:00,8.110001,973,0,3.915001,5.614998,244.100098,236,1093.90
11/01/2023 04:00,8.020004,973,0,3.793999,5.611,239.5,232.300049,1086.55
11/01/2023 05:00,7.605003,974,0,4.174004,5.916,232.199951,225.300049,1115.34
11/01/2023 06:00,7.598999,974,0,4.959,6.361,233.100098,229.300049,1099.93
11/01/2023 07:00,7.373001,974,0,4.878998,6.551003,232.800049,222.699951,1045.96
11/01/2023 08:00,6.885002,974,0,5.168999,6.702003,238.199951,227.5,1032.42
11/01/2023 09:00,6.792999,975,0,4.730003,6.133003,228.100098,232.800049,1069.52
11/01/2023 10:00,7.375,975,0,5.378998,7.696999,240.100098,231.5,1186.83
11/01/2023 11:00,6.962997,975,0,6.212997,7.883003,220.699951,213.100098,1402.57
11/01/2023 12:00,8,974,0,6.302002,7.586998,224.699951,223.199951,1316.25
11/01/2023 13:00,8.430008,973,0,5.771004,7.114998,222.699951,212.5,1241.90
11/01/2023 14:00,7.574997,972,0.2,5.385002,6.915001,221.800049,213.300049,1228.07
11/01/2023 15:00,7.432999,971,0,6.112999,8.75,217.899902,219.100098,1333.11
11/01/2023 16:00,7.703003,972,0,5.785004,8.149994,232.699951,227.399902,1386.59
11/01/2023 17:00,7.850998,973,0,4.232002,6.629997,255.399902,246.100098,1274.86
11/01/2023 18:00,7.675003,973,0,4.046997,5.724998,257.399902,247.5,1095.73
11/01/2023 19:00,7.240997,974,0,3.215,4.824997,239.699951,235.300049,1034.34
11/01/2023 20:00,7.236,974,0,3.402,4.033997,227.100098,217.699951,1046.06
11/01/2023 21:00,7.945999,973,0,4.421997,6.044998,222.5,211.399902,938.23
11/01/2023 22:00,7.269997,972,0,2.277,3.500999,183.100098,178.399902,866.89
11/01/2023 23:00,7.471001,969,0,2.494999,3.880001,177.899902,164.300049,1021.70
12/01/2023 00:00,8.070007,966,0,2.948002,4.582001,201.199951,185.699951,1181.92
12/01/2023 01:00,8.710007,964,0,4.322998,5.541,213.800049,210.600098,1303.71
12/01/2023 02:00,11.740005,962,0,6.025002,9.270004,240.5,237,1535.54
12/01/2023 03:00,11.690002,962,0,5.771004,8.740005,258.399902,245.800049,1540.84
12/01/2023 04:00,11.809998,964,0,4.943001,7.946999,265,261.100098,1456.33
12/01/2023 05:00,10.770004,966,0,3.323002,5.472,275.399902,274.799805,1273.40
12/01/2023 06:00,10.149994,968,0,1.434999,2.209,190.600098,193.699951,1083.65
12/01/2023 07:00,10.580002,968,0,2.935001,3.929001,202.699951,196.600098,995.13
12/01/2023 08:00,10.690002,968,0,2.574001,3.700001,221.199951,219.899902,849.54
12/01/2023 09:00,10.399994,968,0,2.637001,3.423,210.399902,202.300049,793.19
12/01/2023 10:00,11.100006,968,0,2.999001,3.902,206,196.300049,838.66
12/01/2023 11:00,11.770004,966,0,4.512001,5.496002,224.199951,210.199951,1064.75
12/01/2023 12:00,12.029999,965,0,5.418999,7.224998,221.5,218.300049,1332.21
12/01/2023 13:00,12.720001,964,0,6.458,9.839996,233.899902,231.300049,1429.60
12/01/2023 14:00,12.610001,964,0,7.086998,9.020004,235.300049,231.100098,1538.88
12/01/2023 15:00,11.419998,964,0,4.541,6.668999,241.800049,235.5,1495.44
12/01/2023 16:00,9.089996,964,0,4.733002,7.086998,244.699951,241.699951,1486.34
12/01/2023 17:00,8.770004,965,0,5.352997,7.997002,245,244.300049,1583.37
12/01/2023 18:00,8.669998,965,0,4.691002,6.958,235.899902,239.199951,1625.24
12/01/2023 19:00,8.119995,965,0,4.920998,6.778,235.699951,226.899902,1598.65
12/01/2023 20:00,7.808998,964,0,5.249001,7.390999,227.5,217.300049,1606.02
12/01/2023 21:00,8,963,0,6.959,9.529999,228.199951,226,1647.29
12/01/2023 22:00,8.050003,963,0,7.642998,10.009995,237.100098,224.899902,1809.21
12/01/2023 23:00,7.112999,962,0,7.413002,10.649994,245.699951,239.399902,1757.81
13/01/2023 00:00,6.838997,962,0,6.858002,8.460007,235.300049,224.300049,1598.26
13/01/2023 01:00,6.279999,961,0,7.959999,10.649994,243.399902,235.600098,1577.19
13/01/2023 02:00,6.699997,961,0,8.240005,11.339996,245.5,237.699951,1476.07
13/01/2023 03:00,7.402,961,0,7.922997,11.440002,247,246.800049,1433.50
13/01/2023 04:00,7.278,963,0,5.621002,9.100006,256.5,246,1418.34
13/01/2023 05:00,7.893997,963,0,6.490997,11.75,262.399902,256.799805,1433.17
13/01/2023 06:00,7.871002,965,0,5.723,9.789993,267.399902,261.299805,1433.35
13/01/2023 07:00,7.675003,966,0,4.893997,8.779999,260.700195,260.5,1382.91
13/01/2023 08:00,7.588997,968,0,5.665001,9.970001,263.399902,257.600098,1316.70
13/01/2023 09:00,8.149994,972,0,4.549004,7.817001,269.299805,261.799805,1266.88
13/01/2023 10:00,8.039993,973,0,4.723999,6.717003,260.899902,260.5,1292.60
13/01/2023 11:00,7.762001,975,0,3.019001,4.749001,259.399902,263.100098,1273.21
13/01/2023 12:00,7.796997,976,0,4.820999,7.337997,261.700195,259.700195,1282.35
13/01/2023 13:00,8.059998,977,0,5.004997,6.806,263.399902,264.700195,1311.58
13/01/2023 14:00,7.840004,978,0,3.289001,5.296997,273.200195,265,1283.09
13/01/2023 15:00,8.160004,979,0,4.672997,8.070007,261.799805,259.799805,1262.87
13/01/2023 16:00,8.410004,981,0,4.32,7.414001,258.799805,260.799805,1164.60
13/01/2023 17:00,8.169998,982,0,4.047997,6.205002,273.299805,266.799805,1102.66
13/01/2023 18:00,7.766998,983,0,1.951,2.679001,236.600098,231,933.61
13/01/2023 19:00,7.493004,983,0,2.682999,3.855,230.800049,225.199951,781.88
13/01/2023 20:00,7.157997,983,0,2.966,4.341003,248,242.800049,632.55
13/01/2023 21:00,6.672997,983,0,4.126999,5.355003,229.699951,223.800049,511.27
13/01/2023 22:00,6.573997,982,0,3.792999,4.995003,214.5,203.199951,378.79
13/01/2023 23:00,5.618004,981,0,2.133999,3.771,141.399902,131.5,476.55
14/01/2023 00:00,6.218002,979,0,4.981003,6.287003,215.5,195.800049,655.91
14/01/2023 01:00,6.304001,978,0,3.202999,4.141998,212.100098,203.399902,840.05
14/01/2023 02:00,6.504997,975,0,3.438999,4.982002,188.399902,175.399902,943.27
14/01/2023 03:00,6.607002,972,0,3.740002,5.465004,194.300049,171.800049,1031.73
14/01/2023 04:00,7.356003,969,0,2.927002,5.153,177.699951,167,1175.13
14/01/2023 05:00,8.089996,966,0,3.529999,5.722,178.300049,178.199951,1178.79
14/01/2023 06:00,8.320007,963,0,3.146,4.042999,164,166.399902,1090.77
14/01/2023 07:00,8.839996,960,0,2.120998,3.474998,173.300049,164.699951,961.80
14/01/2023 08:00,9.419998,959,0,0.99,1.476999,206.699951,197.800049,842.57
14/01/2023 09:00,9.779999,959,0,1.490999,2.015999,216.899902,201.899902,857.44
14/01/2023 10:00,9.669998,960,0,2.316002,3.463001,284.700195,283.899902,838.66
14/01/2023 11:00,8.789993,961,0,3.382999,5.475998,284.700195,280.200195,940.56
14/01/2023 12:00,7.626999,961,0,4.422997,6.918999,279.299805,270.799805,1083.43
14/01/2023 13:00,7.098,961,0,4.597,6.389999,249.699951,249.800049,1264.88
14/01/2023 14:00,7.404999,961,0,4.568001,6.522003,257.600098,255.300049,1445.72
14/01/2023 15:00,7.323997,962,0,6.030998,8.740005,247.399902,247.199951,1371.82
14/01/2023 16:00,6.767998,962,0,4.869003,7.416,247.699951,237.5,1269.12
14/01/2023 17:00,6.082001,962,0,4.606003,6.906998,245.199951,235.699951,1321.48
14/01/2023 18:00,5.779999,962,0,5.489998,7.707001,248.5,233.399902,1331.56
14/01/2023 19:00,5.614998,962,0,5.064003,9.360001,239.100098,234.300049,1334.40
14/01/2023 20:00,5.392998,962,0,7.070999,9.449997,240.800049,228.600098,1320.34
14/01/2023 21:00,5.392998,962,0,6.925003,9.619995,244.300049,245.600098,1321.96
14/01/2023 22:00,5.481003,963,0,5.874001,8.759995,243,240.199951,1468.76
14/01/2023 23:00,4.904999,963,0,6.282997,10.199997,239.399902,240.199951,1456.84
15/01/2023 00:00,4.616997,962,0,5.223,7.105003,248.699951,238,1518.63
15/01/2023 01:00,4.528,961,0,4.912003,6.759003,247.899902,241.600098,1561.73
15/01/2023 02:00,4.299004,961,0,4.782997,8.380005,241.699951,238,1572.33
15/01/2023 03:00,4.108002,961,0,6.182999,7.822998,229.5,220,1537.61
15/01/2023 04:00,4.240997,960,0,5.343002,6.366997,229.199951,228.399902,1458.26
15/01/2023 05:00,4.915001,959,0,5.517998,7.897003,243.600098,245.100098,1440.25
15/01/2023 06:00,5.397003,959,0,5.360001,8.110001,240.600098,234.899902,1419.22
15/01/2023 07:00,4.489998,960,0,3.910999,5.245003,246.300049,243.100098,1291.36
15/01/2023 08:00,4.035004,961,0,3.394001,4.908997,247.100098,244.199951,1079.35
15/01/2023 09:00,4.471001,962,0,2.849998,5.162003,257.100098,254,871.28
15/01/2023 10:00,5.449997,963,0,3.188,5.162003,257.600098,252.600098,730.40
15/01/2023 11:00,5.947998,964,0,3.688,5.855003,248.199951,240.100098,685.97
15/01/2023 12:00,6.413002,965,0,2.696999,4.175003,253,245.199951,703.81
15/01/2023 13:00,6.794998,965,0,2.307999,4.004997,247.600098,242.5,752.21
15/01/2023 14:00,6.042999,965,0,1.101999,2.535,261.200195,257.600098,735.23
15/01/2023 15:00,6.473,965,0,2.910999,3.750999,233.300049,232.600098,621.87
15/01/2023 16:00,5.968002,965,0,2.876999,3.973999,232.300049,235.199951,474.43
15/01/2023 17:00,5.390999,965,0,2.244999,3.125,224.899902,226,325.95
15/01/2023 18:00,4.258003,964,0,0.996,2.046001,224.600098,221.800049,176.89
15/01/2023 19:00,3.763,963,0,1.343,2.167,237.5,221,125.45
15/01/2023 20:00,3.492001,963,0,1.677999,2.603001,236.399902,219.399902,156.01
15/01/2023 21:00,3.382999,962,0,0.641,1.377001,215.100098,219.100098,192.68
15/01/2023 22:00,3.382,961,0,0.685,0.723,148.899902,126.199951,138.58
15/01/2023 23:00,3.040001,960,0,0.583,1.198,242.5,226.699951,33.59
16/01/2023 00:00,2.670002,959,0,0.451,0.573,242.899902,272.399902,14.99
16/01/2023 01:00,2.393002,958,0,0.539,0.454,95.800049,87.900024,14.41
16/01/2023 02:00,2.040001,957,0,0.592,0.832,121,69.079956,19.62
16/01/2023 03:00,2.367001,956,0,0.745,1.059,294.700195,294.899902,59.55
16/01/2023 04:00,2.555,956,0,0.61,0.303,149,177.5,128.28
16/01/2023 05:00,3.125,955,0,1.441,2.719002,349.200195,328.899902,186.96
16/01/2023 06:00,2.848999,955,0,1.1,1.861,306.600098,315.799805,218.13
16/01/2023 07:00,2.363998,955,0,0.549,1.209,265.299805,286.200195,225.40
16/01/2023 08:00,2.845001,955,0,1.686001,2.891998,351.100098,335.399902,322.29
16/01/2023 09:00,3.112999,956,0,2.130001,4.232002,317.299805,320.799805,474.49
16/01/2023 10:00,3.299999,956,0,2.98,4.195,347.5,326.799805,589.76
16/01/2023 11:00,2.016998,957,0,4.554001,6.165001,356.399902,345.700195,767.95
16/01/2023 12:00,1.701,957,0,2.514,4.067001,325.600098,315.600098,865.67
16/01/2023 13:00,2.174999,957,0,2.695999,5.483002,328.899902,321,889.15
16/01/2023 14:00,2.491001,957,0,3.502998,5.637001,326.899902,321.200195,815.21
16/01/2023 15:00,2.383999,957,0,2.237999,2.895,313,301.299805,685.71
16/01/2023 16:00,1.455,957,0,2.411999,4.053001,267.700195,271.700195,480.38
16/01/2023 17:00,0.233,957,0,1.011999,2.334999,277.399902,275.200195,335.02
16/01/2023 18:00,0.053,957,0,1.896,2.424,284.5,288.299805,275.00
16/01/2023 19:00,-0.111,957,0,1.471001,2.446999,270.299805,269.600098,242.43
16/01/2023 20:00,0.083,956,0,1.181,2.351002,283.799805,275.600098,213.45
16/01/2023 21:00,-0.731,956,0,0.646,1.16,19.540009,304.700195,184.42
16/01/2023 22:00,-0.987,956,0,1.499001,2.703999,231.300049,237.899902,147.84
16/01/2023 23:00,-0.56,956,0,0.919,2.361,259.200195,271.100098,114.45
17/01/2023 00:00,-0.66,956,0,1.987,2.916,250.699951,252.600098,105.29
17/01/2023 01:00,-1.021999,956,0,2.624001,4.112999,248.699951,249.800049,118.91
17/01/2023 02:00,-1.158001,955,0,1.250999,2.150002,230.199951,247.899902,147.77
17/01/2023 03:00,-1.613001,956,0,1.028999,0.719,145.100098,205.5,160.87
17/01/2023 04:00,-1.066999,956,0,1.275,1.503,153.899902,159.399902,159.08
17/01/2023 05:00,-1.469999,956,0,1.1,1.704,245.699951,244.600098,153.30
17/01/2023 06:00,-1.431999,956,0,1.347,1.895,241.600098,241.300049,162.77
17/01/2023 07:00,-1.214001,956,0,1.496,2.120998,248.300049,247.300049,193.80
17/01/2023 08:00,-1.702999,956,0,0.697001,0.544,126.900024,260.799805,214.45
17/01/2023 09:00,-1.348,957,0,1.146999,1.452999,234.600098,236.300049,246.76
17/01/2023 10:00,0.121,957,0,1.34,2.125,239,258.399902,299.78
17/01/2023 11:00,1.622,958,0,1.669001,2.013,301.5,287.5,471.02
17/01/2023 12:00,2.549,957,0,1.921,3.576,277,274.299805,658.51
17/01/2023 13:00,2.763,957,0,2.395,3.903999,303.299805,294,779.63
17/01/2023 14:00,2.038002,957,0,2.431999,4.306999,277,267.100098,829.95
17/01/2023 15:00,2.110001,958,0,1.75,3.146999,267.700195,265.600098,788.43
17/01/2023 16:00,1.438,958,0,1.896999,3.081001,267.299805,257.100098,654.74
17/01/2023 17:00,0.947001,959,0,2.192001,3.351002,263,255.300049,526.78
17/01/2023 18:00,1.364,959,0,1.954,3.214001,253.699951,248.300049,436.51
17/01/2023 19:00,1.281,959,0,1.639,1.987,220.800049,227.100098,422.85
17/01/2023 20:00,1.558001,959,0,2.297001,3.938999,255.100098,259.600098,435.31
17/01/2023 21:00,1.440001,959,0,0.893,1.656,291.899902,273,467.89
17/01/2023 22:00,1.228001,959,0,1.347,1.717001,249.899902,245.5,604.80
17/01/2023 23:00,1.462,960,0,1.710001,2.535,232.699951,225.199951,647.29
18/01/2023 00:00,1.788,960,0,1.875,3.077,250.300049,245.600098,570.40
18/01/2023 01:00,1.691,959,0,2.438999,3.66,269,251.300049,526.89
18/01/2023 02:00,1.825001,960,0,2.360001,4.095001,251.399902,255.5,486.15
18/01/2023 03:00,1.276001,960,0,2.096001,3.223999,225.600098,221.300049,440.10
18/01/2023 04:00,1.569,960,0,2.047001,3.307999,236,228,421.42
18/01/2023 05:00,1.746,960,0,2.078999,3.238998,265.600098,263.200195,433.04
18/01/2023 06:00,1.686001,961,0,1.792999,3.271999,269.799805,264.5,489.19
18/01/2023 07:00,1.714001,961,0,2.333,3.987999,271.600098,266.600098,470.51
18/01/2023 08:00,1.995001,962,0,2.271,3.902,269.100098,269.399902,430.99
18/01/2023 09:00,2.094002,964,0,1.546,3.411999,273.799805,263.5,413.43
18/01/2023 10:00,2.702,965,0,2.006001,3.356998,266,265.200195,450.09
18/01/2023 11:00,3.771999,966,0,3.106998,3.882999,293.200195,281.700195,543.23
18/01/2023 12:00,4.490997,967,0,1.969,3.499001,269.299805,274.299805,740.66
18/01/2023 13:00,5.203003,967,0,2.571999,4.565002,290.200195,283.600098,997.94
18/01/2023 14:00,5.537003,968,0,2.792999,4.182999,289.600098,288.700195,998.01
18/01/2023 15:00,5.207001,969,0,2.592999,4.855003,275.200195,273.799805,819.80
18/01/2023 16:00,4.734001,970,0,1.591,2.744999,267.5,277.299805,622.00
18/01/2023 17:00,3.689999,971,0,1.605,2.780998,271.899902,260.100098,415.28
18/01/2023 18:00,3.07,972,0,1.496,2.800999,276.100098,277.899902,353.57
18/01/2023 19:00,2.780998,974,0,1.643,2.916,282.299805,275.5,290.86
18/01/2023 20:00,2.365002,974,0,1.537001,2.973999,297.100098,311.299805,233.53
18/01/2023 21:00,1.785,975,0,0.928,2.035,284.5,277.200195,238.34
18/01/2023 22:00,1.990999,976,0,1.659,3.179001,275.5,281.100098,254.71
18/01/2023 23:00,1.342001,976,0,1.652,2.870998,260.299805,256.100098,225.05
19/01/2023 00:00,1.120001,977,0,1.573,3.049,262.899902,258.5,228.51
19/01/2023 01:00,1.149,977,0,1.056999,2.103001,269,260.799805,258.39
19/01/2023 02:00,0.383,977,0,0.549,1.462,204.199951,221.800049,292.38
19/01/2023 03:00,0.639,977,0,1.615,3.146,249.899902,241.300049,318.39
19/01/2023 04:00,-0.135,976,0,1.365,2.515999,243.699951,228.199951,321.36
19/01/2023 05:00,-0.287,976,0,2.077,3.193001,251.5,248.399902,308.02
19/01/2023 06:00,-0.146,976,0,1.061001,2.050999,278.5,251.800049,298.05
19/01/2023 07:00,-0.865,976,0,0.791,1.467001,91.699951,63.789978,286.05
19/01/2023 08:00,0.193,977,0,1.188999,2.327,245.899902,235.199951,292.97
19/01/2023 09:00,1.438,977,0,1.594,2.735001,253,244.600098,303.72
19/01/2023 10:00,1.412001,978,0,1.780001,3.092999,262.100098,257.700195,257.56
19/01/2023 11:00,3.018002,978,0,1.952999,3.491001,273.700195,264,362.80
19/01/2023 12:00,3.768002,978,0,2.226002,3.418999,276.100098,267.5,537.79
19/01/2023 13:00,3.858002,978,0,3.848999,5.570999,300.799805,290,700.48
19/01/2023 14:00,3.973999,978,0,3.474998,5.327003,298.399902,296.799805,820.60
19/01/2023 15:00,4.189003,979,0,2.929001,4.165001,300,290.5,747.55
19/01/2023 16:00,3.604,980,0,1.742001,2.874001,280.899902,274.899902,594.09
19/01/2023 17:00,3.067001,980,0,2.140999,3.326,260.5,253.399902,569.55
19/01/2023 18:00,3.354,980,0,3.011002,4.502998,264.200195,263.600098,656.03
19/01/2023 19:00,3.756001,981,0,2.233002,4.300003,274.899902,270,717.01
19/01/2023 20:00,3.583,982,0,2.331001,4.141998,267.100098,262.600098,720.17
19/01/2023 21:00,3.533001,983,0,1.855,3.543999,267.299805,262.700195,700.97
19/01/2023 22:00,3.799,983,0,2.179001,3.463001,262.700195,261.700195,685.46
19/01/2023 23:00,3.659,984,0,1.443001,2.903999,264,261.299805,631.47
20/01/2023 00:00,3.661999,985,0,1.537001,2.924999,262.5,261.700195,565.29
20/01/2023 01:00,3.792,985,0,1.771,3.542999,273.200195,269,512.30
20/01/2023 02:00,3.727001,986,0,1.778,3.505001,258.600098,254.5,471.67
20/01/2023 03:00,3.375999,987,0,1.163,2.591,263.399902,264,422.02
20/01/2023 04:00,3.497002,987,0,1.945,3.605,253.800049,248.199951,354.93
20/01/2023 05:00,3.313,988,0,1.573,2.792999,255.899902,255.699951,303.48
20/01/2023 06:00,2.393002,989,0,1.007,1.983,283.799805,268,267.56
20/01/2023 07:00,2.717999,990,0,1.823,3.203999,253.800049,255.699951,239.30
20/01/2023 08:00,1.91,991,0,0.961,1.716,320.899902,317.799805,211.88
20/01/2023 09:00,2.410999,992,0,1.605,2.988998,272.899902,272.5,213.12
20/01/2023 10:00,3.728001,993,0,2.257999,3.917,273.100098,269.200195,231.73
20/01/2023 11:00,5.217003,994,0,1.500999,2.743,308.600098,310.600098,395.28
20/01/2023 12:00,5.555,995,0,2.758999,3.960999,335.200195,319.899902,522.07
20/01/2023 13:00,5.921997,995,0,2.511002,4.521004,306,312.799805,563.61
20/01/2023 14:00,6.179001,996,0,2.369999,3.692001,316.5,307.799805,556.55
20/01/2023 15:00,5.543999,997,0,1.584,2.958,348.799805,337,502.79
20/01/2023 16:00,5.375,998,0,0.679,1.443001,321.600098,315.299805,333.98
20/01/2023 17:00,4.177002,999,0,0.335,1.097,0,285.5,204.06
20/01/2023 18:00,3.841999,1000,0,1.099001,2.172001,11.479996,0.88,154.48
20/01/2023 19:00,3.455002,1001,0,0.629,0.956,79,24.890015,117.79
20/01/2023 20:00,2.967999,1002,0,0.794,1.151001,26.559998,4.797997,88.64
20/01/2023 21:00,2.193001,1003,0,0.433,0.836,206,357.799805,58.91
20/01/2023 22:00,2.103001,1004,0,0.491,0.65,193.699951,253.899902,55.98
20/01/2023 23:00,1.587,1005,0,0.871,1.535999,231.300049,234,45.61
21/01/2023 00:00,0.765,1006,0,0.739,1.464001,228.5,236.600098,37.65
21/01/2023 01:00,-0.378,1006,0,0.189,0.821,239.199951,254,32.91
21/01/2023 02:00,-0.505,1007,0,1.143,1.861,234.300049,242.100098,27.34
21/01/2023 03:00,-0.616,1008,0,0.816,1.535999,245.899902,250.399902,26.14
21/01/2023 04:00,-1.546,1008,0,0.876,1.790001,255.899902,253.300049,36.49
21/01/2023 05:00,-1.441,1008,0,1.4,2.106998,239.199951,235.699951,39.33
21/01/2023 06:00,-1.85,1009,0,1.096001,1.872999,254.899902,256.700195,39.41
21/01/2023 07:00,-2.460999,1010,0,0.528,0.882,194.600098,243.5,42.98
21/01/2023 08:00,-3.147999,1010,0,0.327,0.802,253.100098,267,45.45
21/01/2023 09:00,-2.938999,1011,0,0.361,1.121,191.600098,257.700195,61.58
21/01/2023 10:00,-1.716,1011,0,0.288,0.528,34.710022,347.100098,180.01
21/01/2023 11:00,0.081,1012,0,0.279,0.289,78.73999,119.5,358.64
21/01/2023 12:00,3.493,1012,0,1.902,2.548,196.399902,178.600098,410.62
21/01/2023 13:00,4.598,1011,0,1.870001,2.634998,194.600098,179.899902,397.67
21/01/2023 14:00,4.891998,1011,0,2.053001,3.352001,173.699951,169.800049,370.25
21/01/2023 15:00,4.796997,1011,0,1.773001,2.925999,170.100098,165.199951,317.65
21/01/2023 16:00,3.672001,1011,0,0.844,1.474001,160.399902,159,192.81
21/01/2023 17:00,2.139,1012,0,0.869,1.681,158.100098,167.199951,149.76
21/01/2023 18:00,0.333,1012,0,0.475,0.943,146.899902,204.699951,158.30
21/01/2023 19:00,-0.519,1012,0,0.202,0.574,192,301.299805,170.95
21/01/2023 20:00,-0.691,1012,0,0.403,1.382999,246.699951,233.600098,182.47
21/01/2023 21:00,-1.146,1012,0,1.277,1.657,124.099976,139.5,209.44
21/01/2023 22:00,-0.791,1012,0,0.95,1.697001,109.099976,107.300049,203.87
21/01/2023 23:00,-1.996,1012,0,1.019001,1.559,116.199951,87.5,219.45
22/01/2023 00:00,-2.062,1012,0,0.846,0.714,127.699951,148.199951,237.15
22/01/2023 01:00,-1.694,1011,0,1.289,1.635,137.5,163.100098,229.34
22/01/2023 02:00,-2.23,1012,0,0.985,1.448,127.699951,187,228.12
22/01/2023 03:00,-1.83,1012,0,1.311001,1.676001,110.699951,157.699951,212.96
22/01/2023 04:00,-0.944,1011,0,0.809,1.254,228.600098,215.899902,208.46
22/01/2023 05:00,-2.146999,1011,0,1.288,1.924,114.5,151,219.52
22/01/2023 06:00,-1.514,1011,0,0.976,1.319,112.199951,167.699951,235.10
22/01/2023 07:00,-2.182999,1011,0,1.240999,1.414,125,182.199951,239.68
22/01/2023 08:00,-0.05,1011,0,2.587002,3.443001,215.300049,210.100098,227.32
22/01/2023 09:00,1.121,1011,0,3.756001,4.296997,229.5,216.199951,233.37
22/01/2023 10:00,2.084999,1011,0,3.223,3.902,223.199951,205.300049,246.88
22/01/2023 11:00,2.667999,1012,0,3.192001,3.791,213.899902,202.5,275.29
22/01/2023 12:00,3.103001,1012,0,2.736,3.882,194.899902,179.5,290.21
22/01/2023 13:00,3.140999,1011,0,2.508999,3.681,184.899902,173,290.45
22/01/2023 14:00,3.316002,1011,0,2.556,3.127998,211.600098,201.699951,299.71
22/01/2023 15:00,3.323002,1011,0,3.118999,3.778999,203.399902,187.399902,281.65
22/01/2023 16:00,3.255001,1011,0,2.174,2.783001,186.699951,177.199951,192.82
22/01/2023 17:00,3.034,1011,0,2.105,3.23,185.399902,181.5,143.32
22/01/2023 18:00,3.126999,1011,0,1.945999,3.105999,196.199951,185.800049,99.39
22/01/2023 19:00,3.167999,1012,0,1.416,2.174999,215.5,207.5,73.52
22/01/2023 20:00,3.195,1012,0,0.675,0.693,82.800049,121.900024,66.84
22/01/2023 21:00,3.185001,1013,0,0.733,1.019001,291.799805,265.899902,70.70
22/01/2023 22:00,3.417,1013,0,0.457,0.607,339.100098,261.399902,99.52
22/01/2023 23:00,2.414001,1012,0,1.204,2.012001,121.199951,111.400024,90.62
23/01/2023 00:00,1.907,1013,0,1.281,2.23,124.900024,123,78.09
23/01/2023 01:00,1.717001,1013,0,0.448,1.009001,72.01001,82.400024,72.05
23/01/2023 02:00,1.909,1013,0,0.285,0.458,30.470001,331.700195,70.92
23/01/2023 03:00,3.167999,1013,0,0.35,0.705,0,209.600098,73.54
23/01/2023 04:00,3.124001,1013,0,0.765,0.85,353,291.700195,79.29
23/01/2023 05:00,2.953999,1013,0,0.791,1.046,259.799805,247.899902,83.28
23/01/2023 06:00,2.039001,1013,0,1.229,2.265999,115.199951,120.800049,85.61
23/01/2023 07:00,2.388,1014,0,0.872,1.593,111.300049,110.199951,83.91
23/01/2023 08:00,2.452999,1014,0,0.465,0.467,36.72998,26.959991,82.26
23/01/2023 09:00,2.693001,1015,0,0.407,0.444,16.839996,110.300049,96.61
23/01/2023 10:00,2.909,1015,0,1.016001,1.621,109.800049,115,122.58
23/01/2023 11:00,4.610001,1015,0,1.431,2.151001,173.899902,161.600098,146.49
23/01/2023 12:00,5.877998,1015,0,0.997,1.389999,206.300049,193.100098,166.68
23/01/2023 13:00,6.999001,1015,0,1.847,2.002998,231.899902,213.199951,191.80
23/01/2023 14:00,7.648003,1014,0,1.988001,2.935001,199.199951,188.600098,195.74
23/01/2023 15:00,8.070007,1015,0,1.367001,2.485001,170.199951,168.199951,182.53
23/01/2023 16:00,6.327003,1015,0,1.176001,1.881001,109.5,113.099976,143.57
23/01/2023 17:00,4.702003,1015,0,0.389,0.667,311.899902,262.700195,97.87
23/01/2023 18:00,4.389999,1016,0,2.030998,3.160999,244.699951,231.100098,76.42
23/01/2023 19:00,3.775002,1016,0,1.127001,1.969,218.899902,228.5,63.74
23/01/2023 20:00,2.903999,1017,0,0.549,0.716,91.800049,300.600098,57.17
23/01/2023 21:00,2.707001,1017,0,0.929,1.433001,211.199951,221.699951,60.77
23/01/2023 22:00,1.674999,1017,0,0.471,1.046,261.5,265.899902,59.40
23/01/2023 23:00,1.485001,1017,0,0.442,0.665,122.599976,258.5,58.71
24/01/2023 00:00,0.869,1017,0,0.589,0.641,135.600098,211,56.37
24/01/2023 01:00,0.666,1017,0,0.313,0.845,78.339966,257.399902,50.80
24/01/2023 02:00,-0.212,1017,0,0.312,0.789,210.100098,290,47.98
24/01/2023 03:00,0.13,1017,0,0.636,0.959,47.859985,321,44.75
24/01/2023 04:00,-0.197,1017,0,0.268,0.742,75.150024,248.699951,42.67
24/01/2023 05:00,-0.222,1017,0,0.259,0.665,223.800049,239.699951,42.96
24/01/2023 06:00,-0.546,1017,0,0.416,0.589,0,247.300049,45.22
24/01/2023 07:00,-0.741,1018,0,0.699,0.551,126.900024,99.099976,47.64
24/01/2023 08:00,-0.46,1018,0,0.823,0.813,132.100098,202.399902,48.42
24/01/2023 09:00,0.418,1019,0,0.338,0.588,43.01001,24.149994,45.12
24/01/2023 10:00,1.377001,1019,0,0.522,1.066999,158.300049,199.5,47.36
24/01/2023 11:00,3.827999,1018,0,0.377,0.577,328.200195,204.699951,63.02
24/01/2023 12:00,7.681,1017,0,1.417,2.067001,121.699951,124.599976,95.28
24/01/2023 13:00,7.834999,1017,0,1.532,1.687,54.48999,55.73999,136.21
24/01/2023 14:00,7.865997,1017,0,1.09,1.806999,132.800049,125.699951,196.20
24/01/2023 15:00,8.449997,1016,0,0.903,0.827,129.5,137.800049,198.81
24/01/2023 16:00,8.580002,1016,0,0.629,0.868,314,301.799805,165.70
24/01/2023 17:00,8.039993,1017,0,1.233,1.951,276.700195,278.799805,123.87
24/01/2023 18:00,8.139999,1016,0,1.401001,2.014,212.5,212.600098,131.39
24/01/2023 19:00,7.639999,1016,0,1.490999,2.187,218.300049,211.600098,125.40
24/01/2023 20:00,7.563004,1016,0,1.129999,1.879,217.699951,220.600098,118.77
24/01/2023 21:00,7.604004,1016,0,0.976,1.163,226.100098,222,138.25
24/01/2023 22:00,7.501999,1015,0,0.973,1.475,236.800049,238.5,136.78
24/01/2023 23:00,7.749001,1015,0,1.709,3.224998,256.5,252.300049,173.36
25/01/2023 00:00,6.932999,1014,0,1.200001,1.761,217.100098,219.300049,196.42
25/01/2023 01:00,6.327003,1014,0,1.146,1.899,226.5,239.300049,201.88
25/01/2023 02:00,6.203003,1013,0,0.883,2.360001,249.5,249.399902,218.12
25/01/2023 03:00,5.776001,1013,0,0.428,0.939,31.76001,240.800049,242.69
25/01/2023 04:00,3.052002,1012,0,0.466,0.958,266,321.399902,265.57
25/01/2023 05:00,2.403999,1012,0,0.411,0.545,190.899902,354.100098,273.59
25/01/2023 06:00,1.941,1011,0,0.386,0.824,0,271.399902,279.67
25/01/2023 07:00,2.511002,1010,0,0.923,1.424999,114.599976,313.5,307.61
25/01/2023 08:00,3.025002,1010,0,0.695,1.452999,12.529999,282.600098,306.67
25/01/2023 09:00,8.289993,1008,0,1.219999,2.047001,255.5,236.399902,310.93
25/01/2023 10:00,9.729996,1007,0,1.745001,2.313,252.100098,227.800049,355.32
25/01/2023 11:00,9.300003,1008,0,0.587,0.656,79.109985,226.300049,467.73
25/01/2023 12:00,9.490005,1007,0,2.163002,3.651001,294,283.5,522.00
25/01/2023 13:00,9.080002,1006,0,3.061001,5.118004,275.100098,271,567.88
25/01/2023 14:00,9.610001,1005,0,2.487,4.125,266.299805,270.799805,627.98
25/01/2023 15:00,9.910004,1005,0,2.580002,3.730999,293.200195,279.299805,670.62
25/01/2023 16:00,9.289993,1005,0,3.295002,4.528999,297.399902,288.5,678.69
25/01/2023 17:00,8.240005,1006,0,1.763,2.862,302.5,291.399902,601.25
25/01/2023 18:00,7.915001,1006,0,2.223,2.740002,318.299805,307.600098,562.93
25/01/2023 19:00,7.172997,1007,0,2.632999,5.055,321.5,325.600098,529.74
25/01/2023 20:00,6.507004,1007,0,1.948999,3.229,310.799805,312.899902,413.15
25/01/2023 21:00,6.136002,1007,0,2.234001,3.929001,321.399902,321.700195,329.98
25/01/2023 22:00,5.542,1008,0,2.131001,3.554001,310.700195,302.899902,263.80
25/01/2023 23:00,5.181999,1008,0,1.726999,3.903,300.200195,303.299805,239.07
26/01/2023 00:00,5.080002,1008,0,1.646,3.303001,295.100098,303.200195,272.71
26/01/2023 01:00,5.152,1009,0,1.443001,3.140999,307,314.100098,292.66
26/01/2023 02:00,4.997002,1009,0,1.794001,3.730999,321.700195,321.799805,296.21
26/01/2023 03:00,4.903,1009,0,1.014999,3.127998,313.100098,326.799805,372.01
26/01/2023 04:00,5.387001,1009,0,1.889,3.272999,347.299805,328.799805,370.92
26/01/2023 05:00,5.804001,1009,0,1.778999,3.109001,331.399902,327.799805,387.53
26/01/2023 06:00,5.875999,1010,0,1.347,2.841999,338,334.600098,459.00
26/01/2023 07:00,6.294998,1010,0,1.774,3.478001,337.200195,330,462.49
26/01/2023 08:00,6.382004,1011,0,2.750999,4.407997,354,342.600098,493.80
26/01/2023 09:00,6.571999,1011,0,2.556,4.969002,349.299805,341.700195,582.25
26/01/2023 10:00,6.759003,1012,0,2.387001,4.357002,0.8,342,768.50
26/01/2023 11:00,7.073997,1012,0,3.478001,5.535004,0.929,342.399902,881.53
26/01/2023 12:00,6.186996,1012,0,2.02,3.900002,359.799805,339.5,900.93
26/01/2023 13:00,7.399002,1011,0,3.168999,4.121002,354,358.399902,939.62
26/01/2023 14:00,7.5,1011,0,3.348999,5.914001,5.701004,350.100098,935.43
26/01/2023 15:00,6.683998,1012,0,2.663002,4.513,0.955,350.799805,866.55
26/01/2023 16:00,6.525002,1012,0,2.105999,3.199001,360,357.299805,721.42
26/01/2023 17:00,6.536003,1012,0,2.007,2.879002,358.700195,345.100098,378.65
26/01/2023 18:00,5.721001,1012,0,1.403,2.373001,16.459991,1.097,303.83
26/01/2023 19:00,5.392998,1011,0,1.35,2.505001,340.799805,342.100098,350.69
26/01/2023 20:00,5.411003,1012,0,1.190001,2.252998,340.200195,337.399902,442.84
26/01/2023 21:00,5.497002,1011,0,1.257,3.055,313.399902,316.899902,538.31
26/01/2023 22:00,5.417,1011,0,1.820999,3.303001,323.600098,322.200195,646.11
26/01/2023 23:00,5.221001,1011,0,2.368999,4.231003,334.5,331.799805,539.69
27/01/2023 00:00,4.929001,1011,0,2.446999,3.598999,346.899902,334.600098,493.45
27/01/2023 01:00,4.513,1011,0,1.401001,2.627998,357.600098,340.399902,437.57
27/01/2023 02:00,4.606003,1010,0,1.559,2.653999,8.339996,353.200195,449.33
27/01/2023 03:00,4.608002,1010,0,2.071999,2.68,13.610001,1.156,440.19
27/01/2023 04:00,4.417,1010,0,1.434,2.076,33.75,23.76001,392.64
27/01/2023 05:00,4.468002,1010,0,1.155001,1.676001,34.97998,21.880005,315.76
27/01/2023 06:00,4.092003,1010,0,1.101,1.559,20.429993,0.436,235.37
27/01/2023 07:00,4.161003,1010,0,1.197001,2.057999,29.390015,20.399994,206.84
27/01/2023 08:00,4.352997,1010,0,1.235001,2.255001,50.349976,40.470032,157.30
27/01/2023 09:00,4.505997,1011,0,1.052999,1.829,351.700195,341.600098,170.24
27/01/2023 10:00,5.014999,1011,0,1.593,2.375999,12.339996,11.449997,289.11
27/01/2023 11:00,5.679001,1011,0,1.767,2.314999,359.799805,356,438.01
27/01/2023 12:00,5.692001,1011,0,1.625999,2.518002,358.799805,356.899902,692.53
27/01/2023 13:00,5.921997,1010,0,1.825001,2.411999,27.149994,15.320007,729.64
27/01/2023 14:00,6.111,1010,0,0.713,1.092001,341.700195,327.299805,675.08
27/01/2023 15:00,6.157997,1009,0,0.773,1.389,20.890015,1.237,595.24
27/01/2023 16:00,5.987999,1009,0,1.586,2.095001,12.75,5.630997,139.26
27/01/2023 17:00,5.868004,1010,0,0.368,0.795,0,16.179993,79.37
27/01/2023 18:00,5.579002,1010,0,0.521,1.149,286.799805,285.399902,54.15
27/01/2023 19:00,5.417,1010,0,0.621,1.046,239.699951,237.800049,33.11
27/01/2023 20:00,5.069,1010,0,0.533,1.117001,250.100098,256.899902,36.16
27/01/2023 21:00,4.476997,1010,0,0.844,1.212999,217.899902,227.899902,45.95
27/01/2023 22:00,4.391998,1010,0,0.722,1.233,227.800049,242.800049,69.13
27/01/2023 23:00,4.484001,1010,0,0.561,0.941,236.800049,261.100098,98.16
28/01/2023 00:00,4.844002,1009,0,1.319,2.275002,239.100098,235.899902,123.08
28/01/2023 01:00,4.704002,1009,0,1.902,2.946999,248.800049,248.199951,163.73
28/01/2023 02:00,4.640999,1008,0,1.26,2.186001,260.899902,264.600098,227.92
28/01/2023 03:00,4.152,1008,0,1.597,2.320999,229.399902,224.800049,198.74
28/01/2023 04:00,3.310001,1008,0,0.933,1.413,216.899902,224.300049,253.00
28/01/2023 05:00,1.99,1008,0,0.571,1.055,262.299805,247.300049,281.21
28/01/2023 06:00,2.479,1008,0,0.907,1.724001,251.600098,239.399902,223.19
28/01/2023 07:00,3.105999,1008,0,0.529,1.250999,315.100098,295.299805,246.16
28/01/2023 08:00,3.792,1009,0,1.419001,2.532001,298,293.299805,258.36
28/01/2023 09:00,4.057999,1008,0,0.769,1.516001,247.699951,263.799805,171.42
28/01/2023 10:00,5.240997,1009,0,0.917,1.566999,241.399902,253.300049,169.76
28/01/2023 11:00,7.127998,1009,0,0.809,1.225,277,260.700195,262.08
28/01/2023 12:00,7.986,1009,0,1.951,3.603001,295.299805,303.100098,346.43
28/01/2023 13:00,7.862,1008,0,2.182999,2.962002,299.299805,291.399902,427.00
28/01/2023 14:00,8.020004,1008,0,1.635,2.485001,321.100098,316.100098,484.84
28/01/2023 15:00,7.686996,1008,0,1.395,2.408001,308.700195,296.5,442.00
28/01/2023 16:00,7.410004,1008,0,1.532,3.070999,321.700195,316,380.77
28/01/2023 17:00,7.320999,1008,0,1.087,1.603001,291.600098,284.100098,287.31
28/01/2023 18:00,7.154999,1007,0,1.069,1.733,276,273.399902,282.27
28/01/2023 19:00,7.003998,1007,0,1.226999,1.576,218.199951,223.199951,328.98
28/01/2023 20:00,7.029999,1008,0,0.785,1.329,253.699951,256.299805,321.32
28/01/2023 21:00,6.951004,1007,0,0.597,1.048,227.5,235.100098,320.42
28/01/2023 22:00,7.115997,1007,0,1.952999,2.729,226.800049,231.800049,435.67
28/01/2023 23:00,6.841003,1006,0,2.623001,3.507999,237.199951,231.5,430.46
29/01/2023 00:00,6.413002,1006,0,2.299,3.102001,215.300049,204.899902,451.46
29/01/2023 01:00,6.149002,1005,0,1.690001,2.261002,215.699951,207.600098,450.17
29/01/2023 02:00,5.768997,1005,0,2.507,3.366001,214,204.600098,466.83
29/01/2023 03:00,5.531998,1004,0,3.255001,4.460999,210.399902,197.100098,563.38
29/01/2023 04:00,6.002998,1003,0,0.643,1.385,274.100098,266.799805,753.11
29/01/2023 05:00,6.662003,1002,0,1.621,2.925999,265.799805,259.899902,804.48
29/01/2023 06:00,6.528999,1002,0,1.070999,2.053001,254.399902,251.199951,727.01
29/01/2023 07:00,6.584,1001,0,2.175999,3.018002,260.200195,252.5,692.19
29/01/2023 08:00,5.848,1001,0,2.429001,3.910999,258.100098,254,703.54
29/01/2023 09:00,6.264999,1000,0,2.202999,3.333,259.799805,258.5,701.56
29/01/2023 10:00,6.883003,1000,0,2.543999,4.668999,254.5,254.5,605.14
29/01/2023 11:00,7.237999,999,0,2.280998,4.273003,267.299805,267.799805,635.03
29/01/2023 12:00,7.241997,997,0,4.809998,8.039993,257.399902,253.199951,637.05
29/01/2023 13:00,7.219002,997,0,2.252998,3.890999,254,243.300049,662.84
29/01/2023 14:00,7.375,996,0,3.561001,5.688004,255.899902,250.699951,672.93
29/01/2023 15:00,7.627998,995,0,3.306999,4.310997,229.199951,214.5,658.87
29/01/2023 16:00,8.210007,994,0,1.711,3.252998,257.399902,252.199951,687.27
29/01/2023 17:00,8.729996,993,0,3.170002,4.191002,256.600098,251.5,748.19
29/01/2023 18:00,8.639999,993,0,3.986,6.243004,263,250.699951,809.03
29/01/2023 19:00,8.610001,992,0,5.786003,9.610001,244.899902,242.199951,834.08
29/01/2023 20:00,8.610001,993,0,4.649002,6.201004,235.199951,221.399902,900.09
29/01/2023 21:00,8.710007,992,0,3.542999,5.420998,252.600098,245,1024.86
29/01/2023 22:00,9.570007,991,0,4.116997,5.757004,245.199951,249,1209.69
29/01/2023 23:00,8.389999,993,0,2.612,4.324997,292.899902,281.200195,1290.04
30/01/2023 00:00,7.720001,993,0,2.32,4.209,292.5,290.600098,1256.35
30/01/2023 01:00,7.410004,993,0,2.209999,3.285,268.600098,269.399902,1254.48
30/01/2023 02:00,6.850998,994,0,2.803001,4.093002,260.299805,263,1304.92
30/01/2023 03:00,6.609001,994,0,2.469002,4.104004,258.600098,258,1346.34
30/01/2023 04:00,6.896004,995,0,2.302002,3.179001,281.200195,277,1371.94
30/01/2023 05:00,7.068001,995,0,2.819,5.497002,267.100098,263,1355.43
30/01/2023 06:00,7.072998,996,0,2.507,3.709999,281.299805,277,1290.42
30/01/2023 07:00,6.803001,996,0,3.521,6.524002,266.799805,266.100098,1217.21
30/01/2023 08:00,6.763,996,0,3.459999,6.5,267,261.700195,1129.47
30/01/2023 09:00,7.018997,997,0,2.687,5.119003,267.200195,271.5,1062.65
30/01/2023 10:00,7.497002,998,0,2.788002,5.382004,278.700195,267.399902,950.35
30/01/2023 11:00,8.149994,999,0,2.811001,4.363998,300.100098,299.200195,909.58
30/01/2023 12:00,8.770004,1000,0,4.067001,6.790001,307,299.200195,940.01
30/01/2023 13:00,8.839996,1000,0,3.415001,5.072998,292.799805,288.399902,997.23
30/01/2023 14:00,9.360001,1000,0,2.868,5.498001,289.700195,278.600098,960.55
30/01/2023 15:00,8.919998,1000,0,3.083,5.542999,288.600098,273.100098,896.52
30/01/2023 16:00,8.419998,1001,0,3.078999,4.889,267.700195,261.899902,841.57
30/01/2023 17:00,7.840004,1002,0,2.328999,4.076004,273,262.200195,758.15
30/01/2023 18:00,7.515999,1002,0,2.889999,4.539001,252.399902,255.399902,663.35
30/01/2023 19:00,7.222,1002,0,2.252998,3.952999,265.700195,266.5,588.80
30/01/2023 20:00,7.056,1001,0,1.419001,2.748001,264.200195,280.799805,540.79
30/01/2023 21:00,7.008003,1000,0,2.165001,3.314999,258.100098,258.299805,513.27
30/01/2023 22:00,7.111,1000,0,2.583,3.632999,255.899902,255.600098,505.02
30/01/2023 23:00,7.148003,999,0,1.778,2.193001,204.800049,199.800049,538.02
31/01/2023 00:00,7.196999,999,0,4.744003,6.965004,241,233.699951,608.48
31/01/2023 01:00,6.971001,998,0,2.709,3.916,249.899902,227.5,765.13
31/01/2023 02:00,7.018997,997,0,3.887001,4.910004,227.100098,220.800049,929.87
31/01/2023 03:00,7.542999,996,0,3.136002,4.147003,218.5,210.199951,1032.10
31/01/2023 04:00,7.983002,995,0,4.768997,6.257004,227.899902,230.800049,1036.79
31/01/2023 05:00,8.279999,995,0,5.037003,6.945,241.600098,235,988.68
31/01/2023 06:00,9.169998,994,0,5.084999,7.281998,253.100098,249.100098,987.54
31/01/2023 07:00,9.160004,993,0,3.771,5.775002,265.700195,260.799805,1120.41
31/01/2023 08:00,9.350006,993,0,4.361,6.705002,269.600098,258.5,1195.69
31/01/2023 09:00,9.029999,994,0,4.144997,6.384003,286.399902,273.600098,1176.61
31/01/2023 10:00,9.160004,994,0,5.388,8.580002,292.5,277.100098,1324.23
31/01/2023 11:00,8.919998,995,0,4.624001,9.559998,275.100098,272.600098,1373.82
31/01/2023 12:00,9.229996,995,0,5.607002,9.75,262,267.200195,1490.15
31/01/2023 13:00,8.619995,994,0,7.544998,10.839996,280.700195,275.100098,1583.41
31/01/2023 14:00,8.610001,995,0,4.929001,8.789993,273.700195,273.200195,1483.90
31/01/2023 15:00,8.800003,994,0,5.814003,9.889999,272.600098,272.299805,1316.89
31/01/2023 16:00,8.160004,994,0,4.523003,8.350006,270.399902,263.200195,1198.03
31/01/2023 17:00,7.559998,994,0,4.677002,8.460007,281.5,268.200195,1079.26
31/01/2023 18:00,7.365997,995,0,3.751999,6.061996,261.600098,260.299805,1032.76
31/01/2023 19:00,7.326004,995,0,4.025002,7.139,256.399902,255,1034.25
31/01/2023 20:00,7.310997,994,0,4.505997,7.945999,269.600098,263.600098,1040.91
31/01/2023 21:00,7.393997,994,0,5.959,9.619995,259.299805,264,1136.75
31/01/2023 22:00,7.461998,994,0,5.420998,9.240005,266.299805,265.899902,1394.31
31/01/2023 23:00,7.556999,994,0,6.111,10.850006,273.700195,265.799805,1401.03
01/02/2023 00:00,7.305,994,0,4.766998,9.729996,273.100098,262.200195,1371.16
01/02/2023 01:00,7.608002,994,0,5.291,8.570007,267,263.299805,1297.94
01/02/2023 02:00,7.125,994,0,4.902,8.059998,261.600098,256.5,1244.38
01/02/2023 03:00,7.311996,993,0,4.953003,9.119995,268.799805,261.899902,1186.11
01/02/2023 04:00,7.238998,993,0,5.294998,8.300003,268,261.5,1167.34
01/02/2023 05:00,7.182999,992,0,5.056999,8.520004,259,263.799805,1187.77
01/02/2023 06:00,7.505997,993,0,3.934002,8.320007,267.399902,265,1247.77
01/02/2023 07:00,7.902,993,0,5.979004,9.990005,266.600098,266.200195,1243.69
01/02/2023 08:00,7.755997,993,0,5.033997,8.520004,270.100098,261.299805,1239.07
01/02/2023 09:00,8.180008,993,0,4.037003,6.892998,272.200195,262.700195,1263.94
01/02/2023 10:00,8.509995,994,0,4.137001,6.906998,271.5,259.899902,1409.53
01/02/2023 11:00,8.899994,995,0,3.179001,5.959999,271.799805,266.799805,1338.78
01/02/2023 12:00,8.710007,995,0,3.131001,6.179001,282.200195,268.600098,1299.28
01/02/2023 13:00,8.949997,995,0,4.706001,6.413002,256.700195,260.5,1292.19
01/02/2023 14:00,8.789993,995,0,3.664001,7.368004,264.799805,260.5,1261.92
01/02/2023 15:00,8.820007,995,0,4.973999,7.271004,268,264.200195,1167.18
01/02/2023 16:00,9.080002,996,0,3.817001,6.515999,264.100098,266.899902,1139.01
01/02/2023 17:00,9.039993,996,0,4.331001,6.805,259.200195,255.300049,1117.52
01/02/2023 18:00,8.720001,996,0,3.181,5.490997,265.399902,258,1030.89
01/02/2023 19:00,9.059998,996,0,3.993,6.038002,269.700195,265.399902,984.28
01/02/2023 20:00,9.110001,996,0,4.336998,7.764999,264.899902,264.899902,956.73
01/02/2023 21:00,8.720001,997,0,3.488998,6.237999,265.399902,262.700195,1011.86
01/02/2023 22:00,9.119995,997,0,3.595001,5.306999,278.399902,276.799805,1015.42
01/02/2023 23:00,8.479996,997,0,3.595001,5.940002,263.200195,254.800049,990.91
02/02/2023 00:00,8.639999,997,0,3.409,6.223999,276,271.600098,980.79
02/02/2023 01:00,8.759995,997,0,3.633999,5.574997,263.299805,268.299805,953.34
02/02/2023 02:00,8.720001,997,0,4.188004,6.955002,260.600098,266.5,904.66
02/02/2023 03:00,8.509995,998,0,3.569,5.924004,270.600098,263.299805,890.88
02/02/2023 04:00,8.520004,998,0,4.069,6.125,242.399902,238,874.94
02/02/2023 05:00,8,998,0,4.777,6.862999,243.399902,236.600098,810.41
02/02/2023 06:00,7.727997,998,0,3.744999,5.429001,233.800049,226.800049,810.49
02/02/2023 07:00,9.369995,998,0,3.304001,5.511002,253.699951,241.100098,863.95
02/02/2023 08:00,9.720001,999,0,2.555,3.681,261.200195,248.600098,927.69
02/02/2023 09:00,9.850006,999,0,3.587002,4.761002,248.600098,242.399902,921.74
02/02/2023 10:00,10.399994,999,0,3.050999,4.652,262.600098,253.5,983.84
02/02/2023 11:00,10.589996,1000,0,3.063,4.416,260.799805,252,1016.33
02/02/2023 12:00,10.820007,999,0,2.221001,3.473999,261.899902,252.100098,1028.33
02/02/2023 13:00,10.789993,999,0,3.185001,4.193001,266.700195,262.200195,1148.24
02/02/2023 14:00,10.869995,998,0,3.196999,5.677002,279.600098,267.899902,1162.19
02/02/2023 15:00,10.930008,998,0,3.983002,6.213997,267.700195,262.799805,1155.55
02/02/2023 16:00,11.300003,997,0,5.465004,8.740005,253.300049,248.699951,1102.00
02/02/2023 17:00,10.880005,997,0,5.753998,8.210007,247.800049,245.699951,1066.05
02/02/2023 18:00,10.539993,998,0,4.505997,6.555,247.699951,248.300049,1167.62
02/02/2023 19:00,10.649994,999,0,4.666,6.530998,243,237.100098,1237.12
02/02/2023 20:00,10.699997,999,0,4.342003,6.285004,253.899902,251.600098,1171.84
02/02/2023 21:00,10.759995,999,0,4.598999,7.444,256.200195,242,1179.78
02/02/2023 22:00,11.070007,999,0,4.292999,6.362,256.700195,255.5,1238.29
02/02/2023 23:00,10.729996,999,0,3.021999,4.362999,248.100098,250.800049,1179.61
03/02/2023 00:00,10.740005,999,0,4.703003,7.666,252.300049,256.600098,1087.69
03/02/2023 01:00,10.720001,999,0,4.741997,7.536003,261.700195,254.899902,1078.04
03/02/2023 02:00,10.270004,999,0,4.595001,7.129997,248.699951,235.300049,1041.66
03/02/2023 03:00,10.240005,999,0,5.102997,7.831001,248.399902,241.399902,1025.23
03/02/2023 04:00,10.229996,1000,0,4.842003,6.752998,246,236.699951,976.70
03/02/2023 05:00,10.369995,1001,0,5.261002,7.389,248.899902,240.899902,946.23
03/02/2023 06:00,10.800003,1001,0,3.93,5.764999,248.699951,249.699951,908.18
03/02/2023 07:00,10.419998,1002,0,4.208,6.697998,257.200195,254.300049,887.15
03/02/2023 08:00,10.399994,1003,0,2.390999,4.303001,276.899902,262.600098,866.35
03/02/2023 09:00,10.559998,1004,0,2.882999,4.749001,266.100098,266.200195,880.79
03/02/2023 10:00,10.610001,1005,0,3.036999,4.965004,268.100098,260.200195,812.77
03/02/2023 11:00,11.259995,1006,0,3.424999,5.352997,249.699951,246.199951,741.43
03/02/2023 12:00,12.070007,1006,0,4.113998,6.861,271.100098,266.299805,705.00
03/02/2023 13:00,12.160004,1006,0,3.325001,6.031998,280,272.700195,691.69
03/02/2023 14:00,12.059998,1007,0,2.993999,4.777,262.700195,264.200195,691.73
03/02/2023 15:00,11.820007,1007,0,2.300999,3.612,281.399902,279.700195,686.87
03/02/2023 16:00,11.130005,1008,0,2.917999,4.708,265.5,267.299805,694.58
03/02/2023 17:00,10.729996,1009,0,1.651001,2.881001,283.299805,265.799805,709.02
03/02/2023 18:00,10.589996,1010,0,1.597,2.366001,266,263.299805,741.70
03/02/2023 19:00,10.330002,1010,0,1.743,3.319,269.899902,261.600098,745.59
03/02/2023 20:00,10.490005,1010,0,2.316002,4.408997,261,255,690.32
03/02/2023 21:00,10.509995,1010,0,3.011002,4.689003,258.399902,252.699951,510.89
03/02/2023 22:00,10.289993,1011,0,0.949,1.707001,251,230,288.00
03/02/2023 23:00,10.039993,1012,0,1.879,2.757,222.300049,207.300049,265.67
04/02/2023 00:00,9.669998,1012,0,0.566,1.226999,243.300049,234.100098,259.39
04/02/2023 01:00,9.479996,1012,0,1.604,1.921,234,217.5,225.17
04/02/2023 02:00,9.419998,1013,0,2.463001,3.042999,240.300049,231.800049,256.82
04/02/2023 03:00,9.279999,1012,0,2.575001,3.264999,235.600098,223.5,289.72
04/02/2023 04:00,9.309998,1012,0,2.487999,3.466999,218.600098,216.100098,332.96
04/02/2023 05:00,9.190002,1013,0,2.696999,3.252998,218,211.199951,358.29
04/02/2023 06:00,9.600006,1013,0,3.375999,4.785004,237.600098,232.100098,372.02
04/02/2023 07:00,9.630005,1013,0,2.040001,3.414001,246.399902,242.199951,407.49
04/02/2023 08:00,9.309998,1014,0,1.979,3.598999,257.700195,257.5,446.46
04/02/2023 09:00,9.330002,1014,0,1.32,1.778999,243.800049,245.300049,486.86
04/02/2023 10:00,9.389999,1014,0,3.479,4.767998,243.5,238,612.59
04/02/2023 11:00,9.660004,1015,0,2.623001,3.629002,241.699951,234.199951,724.80
04/02/2023 12:00,9.820007,1015,0,2.646,3.495998,234.199951,234.5,1023.22
04/02/2023 13:00,9.699997,1015,0,2.596001,3.224998,240.5,239.899902,1132.56
04/02/2023 14:00,9.680008,1014,0,3.637001,4.836998,238.100098,229,1070.95
04/02/2023 15:00,9.240005,1014,0,2.576,4.012001,229.100098,217.800049,1052.39
04/02/2023 16:00,9.279999,1014,0,2.609001,3.841,238.699951,234.399902,1058.30
04/02/2023 17:00,9.180008,1014,0,2.917,3.438999,219.800049,212.699951,750.77
04/02/2023 18:00,8.990005,1015,0,1.031,1.254999,189.5,188.100098,623.94
04/02/2023 19:00,9.470001,1015,0,2.103001,3.773998,261.100098,253.199951,720.81
04/02/2023 20:00,9.440002,1015,0,1.704,2.054001,217.5,202.899902,841.17
04/02/2023 21:00,8.970001,1016,0,2.592999,4.164001,279.200195,281.399902,854.23
04/02/2023 22:00,8.360001,1017,0,1.882999,3.353001,0,311.399902,801.42
04/02/2023 23:00,7.652,1019,0,3.464001,4.929001,309.200195,306.399902,628.81
05/02/2023 00:00,6.268997,1020,0,2.097,3.18,309.100098,299.600098,451.45
05/02/2023 01:00,5.281998,1020,0,2.077,3.382999,312.5,301.799805,374.06
05/02/2023 02:00,4.408997,1021,0,1.735001,2.769001,284.600098,292.299805,362.11
05/02/2023 03:00,4.514,1023,0,1.895,3.185001,301.299805,296.299805,367.56
05/02/2023 04:00,4.461998,1024,0,2.283001,4.002998,306.399902,309.700195,316.44
05/02/2023 05:00,3.834999,1024,0,1.124001,2.576,293.600098,291.5,257.15
05/02/2023 06:00,2.952999,1026,0,0.767,1.441,235.600098,279,177.33
05/02/2023 07:00,2.056999,1027,0,0.651,0.485,137,324.200195,176.69
05/02/2023 08:00,2.046001,1028,0,0.907,1.586,0,220.300049,147.33
05/02/2023 09:00,3.780998,1027,0,1.229,1.778999,22.410004,11.029999,127.41
05/02/2023 10:00,5.210999,1027,0,0.86,1.233999,320.200195,306.5,188.47
05/02/2023 11:00,6.288002,1027,0,0.647,1.099001,326.799805,325.100098,265.35
05/02/2023 12:00,7.473,1027,0,0.388,0.751,353.299805,15.520004,334.43
05/02/2023 13:00,7.797997,1027,0,1.319,1.605,212.399902,190.5,394.44
05/02/2023 14:00,8.600006,1026,0,1.862,2.471001,190.399902,180.699951,380.67
05/02/2023 15:00,8.770004,1026,0,1.212999,1.393,204.800049,189.800049,319.64
05/02/2023 16:00,8.029999,1025,0,1.051001,1.587,161.100098,161.800049,147.83
05/02/2023 17:00,6.906998,1025,0,1.617001,2.500999,222,212.300049,54.22
05/02/2023 18:00,5.487,1026,0,0.355,0.508,0,211.399902,45.48
05/02/2023 19:00,3.84,1026,0,0.572001,1.184999,221.800049,237.100098,42.71
05/02/2023 20:00,3.666,1025,0,0.329,0.864,267.600098,260.200195,36.02
05/02/2023 21:00,2.560001,1025,0,1.433001,2.446999,144.600098,132.399902,31.67
05/02/2023 22:00,1.384001,1025,0,0.231,0.761,0,293.299805,27.29
05/02/2023 23:00,1.844,1025,0,1.561001,1.885,233.600098,238.399902,38.22
06/02/2023 00:00,0.811,1025,0,1.028999,2.045002,252.899902,240,53.30
06/02/2023 01:00,0.939,1024,0,0.365,1.323,0,267,56.30
06/02/2023 02:00,0.484,1023,0,0.959,1.413,210.5,238.899902,59.56
06/02/2023 03:00,-0.869,1023,0,0.721,0.792,232.399902,221.199951,55.96
06/02/2023 04:00,1.354,1023,0,1.773001,2.785,244.399902,224.600098,64.04
06/02/2023 05:00,2.715,1022,0,3.145,4.560997,236.800049,221.300049,77.91
06/02/2023 06:00,2.443001,1022,0,2.255001,2.956001,250.5,234,95.87
06/02/2023 07:00,2.382999,1022,0,2.837002,4.176003,227.300049,216.899902,100.46
06/02/2023 08:00,2.473999,1021,0,2.395,3.594002,241.399902,221.800049,93.04
06/02/2023 09:00,3.342999,1021,0,1.894001,2.532001,245.300049,231.300049,108.31
06/02/2023 10:00,4.569,1020,0,1.089001,1.836,273.100098,257.200195,138.17
06/02/2023 11:00,6.591003,1020,0,0.992,1.337999,149.399902,145,203.11
06/02/2023 12:00,8.180008,1020,0,1.266001,1.837999,274.899902,261.899902,309.57
06/02/2023 13:00,8.009995,1019,0,1.899,2.098999,237.399902,222.399902,395.66
06/02/2023 14:00,9.460007,1018,0,1.555,1.944,211.600098,204.899902,433.72
06/02/2023 15:00,9.619995,1017,0,1.979,2.873001,233.899902,235.399902,411.57
06/02/2023 16:00,8.930008,1017,0,2.313999,3.417,246.699951,238.600098,280.32
06/02/2023 17:00,5.754997,1018,0,1.013,1.697001,194.399902,194.5,98.60
06/02/2023 18:00,5.346001,1018,0,0.714,1.687,229.399902,216,66.48
06/02/2023 19:00,5.181,1017,0,1.401001,2.185001,216.399902,202.300049,64.70
06/02/2023 20:00,4.783997,1017,0,1.049999,2.075001,249.600098,236.899902,52.27
06/02/2023 21:00,3.445,1017,0,1.539,2.646999,245.899902,247.899902,47.23
06/02/2023 22:00,1.712999,1017,0,0.557,1.132999,278.5,258.399902,55.43
06/02/2023 23:00,0.777,1017,0,0.379,0.275,0,122.300049,48.74
07/02/2023 00:00,0.518,1017,0,0.617,1.097,191.399902,242.699951,44.53
07/02/2023 01:00,0.467,1017,0,0.569,0.894,12.789993,321.899902,43.42
07/02/2023 02:00,1.181,1017,0,0.977,1.881001,251.899902,241.100098,42.64
07/02/2023 03:00,1.153999,1017,0,0.652,1.391001,248.399902,230,43.05
07/02/2023 04:00,0.902,1017,0,0.876,1.287001,140.600098,171.899902,39.95
07/02/2023 05:00,2.626999,1016,0,0.893,1.507999,229,238,36.35
07/02/2023 06:00,3.844002,1016,0,1.174,1.769001,273.700195,253.5,34.05
07/02/2023 07:00,3.775002,1017,0,0.627,1.226,227.5,249.699951,31.83
07/02/2023 08:00,3.945999,1017,0,0.639,1.655001,265.600098,257.799805,34.18
07/02/2023 09:00,4.685997,1017,0,0.767,1.424999,269.899902,265.600098,40.30
07/02/2023 10:00,5.517998,1017,0,0.485,0.648,19.589996,329.799805,81.75
07/02/2023 11:00,8.289993,1017,0,1.739,1.962,212.399902,198.5,148.37
07/02/2023 12:00,9.320007,1017,0,2.171001,2.5,209.399902,205.300049,264.36
07/02/2023 13:00,10.149994,1016,0,0.951,1.117001,273,259,354.16
07/02/2023 14:00,10.979996,1015,0,1.019001,1.401001,237.5,232.899902,398.23
07/02/2023 15:00,11.229996,1015,0,0.944,1.305,135.199951,123.300049,407.05
07/02/2023 16:00,10.979996,1015,0,1.361,2.179001,138.399902,128.100098,242.58
07/02/2023 17:00,9.190002,1016,0,1.924,2.924999,42.039978,39.549988,54.07
07/02/2023 18:00,8.059998,1016,0,0.789,1.417999,119.400024,100.199951,32.27
07/02/2023 19:00,7.456001,1016,0,0.393,0.662,0,95.5,25.07
07/02/2023 20:00,6.718002,1016,0,0.433,0.575,103.5,120.5,19.39
07/02/2023 21:00,5.536003,1016,0,0.53,0.872,230.899902,244.199951,19.45
07/02/2023 22:00,5.104004,1016,0,0.415,1.445,0,204,25.35
07/02/2023 23:00,4.108002,1016,0,0.44,1.106001,271.700195,247.5,27.79
08/02/2023 00:00,4.079002,1015,0,0.616,0.604,124.800049,174.199951,29.72
08/02/2023 01:00,3.643002,1015,0,0.298,0.945,242.199951,238.399902,28.98
08/02/2023 02:00,3.617001,1014,0,0.37,1.055,0,222.100098,31.37
08/02/2023 03:00,3.694,1014,0,0.437,0.784,48.440002,15.930008,38.14
08/02/2023 04:00,3.043999,1013,0,0.596,0.771,93.800049,117.300049,52.34
08/02/2023 05:00,1.802,1012,0,0.564,0.707,137.600098,4.091003,72.96
08/02/2023 06:00,3.431,1011,0,1.117001,2.266998,228.899902,218.100098,96.95
08/02/2023 07:00,3.172001,1012,0,1.195,2.080002,236.199951,218.699951,110.40
08/02/2023 08:00,2.944,1012,0,1.414,2.584999,235.699951,234.300049,117.21
08/02/2023 09:00,4.685997,1011,0,1.948,3.073002,232.300049,223.600098,151.99
08/02/2023 10:00,5.424004,1010,0,1.686001,2.672001,242.300049,247,210.42
08/02/2023 11:00,7.610001,1010,0,1.448,1.781,194.399902,188,289.08
08/02/2023 12:00,8.160004,1009,0,4.182999,5.016998,215.800049,214.5,357.29
08/02/2023 13:00,8.610001,1008,0,4.481003,5.953003,214.899902,195.699951,414.39
08/02/2023 14:00,8.389999,1007,0,4.077003,5.259003,221,210.5,453.24
08/02/2023 15:00,8.110001,1006,0,3.737,4.701004,219.199951,220,452.96
08/02/2023 16:00,7.727997,1005,0,4.210999,5.383003,219.399902,203,429.20
08/02/2023 17:00,7.042999,1004,0,6.642998,7.792999,211.800049,201.199951,422.90
08/02/2023 18:00,6.268997,1004,0,4.274002,5.273003,203.399902,197.300049,440.84
08/02/2023 19:00,5.618004,1004,0,4.975998,6.275002,212,207.5,462.67
08/02/2023 20:00,5.669998,1003,0,5.842003,6.158997,221.699951,213.600098,472.42
08/02/2023 21:00,5.447998,1003,0,5.653,7.246002,221.300049,221.300049,439.49
08/02/2023 22:00,5.341003,1002,0,2.262001,3.292,246.699951,240,422.22
08/02/2023 23:00,5.448997,1003,0,1.361,1.806,198.800049,210,427.13
09/02/2023 00:00,5.547997,1003,0,3.153,4.563004,226.399902,221.699951,425.17
09/02/2023 01:00,6.038002,1003,0,2.462002,3.312,221.100098,210,436.97
09/02/2023 02:00,6.384003,1002,0,1.347,1.929001,177,178,503.61
09/02/2023 03:00,7.167,1003,0,1.621,2.205002,270.5,276.399902,603.43
09/02/2023 04:00,6.400002,1004,0,1.799,3.352001,287.200195,286.200195,604.97
09/02/2023 05:00,5.804001,1005,0,1.886999,3.023998,300.899902,306.600098,578.03
09/02/2023 06:00,4.503998,1006,0,1.365999,2.434002,251.199951,248.100098,429.31
09/02/2023 07:00,3.349998,1007,0,1.014999,1.972,224.899902,227.5,157.29
09/02/2023 08:00,3.764999,1008,0,1.841,3.061001,250.199951,246.399902,120.31
09/02/2023 09:00,4.142998,1009,0,1.570999,2.870998,251.800049,246.199951,263.00
09/02/2023 10:00,5.491997,1009,0,2.596001,3.302002,232.899902,231.800049,460.64
09/02/2023 11:00,6.908997,1009,0,2.491001,3.842999,257.700195,255.800049,747.85
09/02/2023 12:00,7.804001,1009,0,3.473,5.800003,259.100098,256.799805,905.77
09/02/2023 13:00,8.240005,1009,0,2.923,4.518997,274.100098,278.200195,967.34
09/02/2023 14:00,8.399994,1009,0,2.716999,5.417,261.799805,265.899902,968.45
09/02/2023 15:00,8.690002,1009,0,2.751999,3.675999,280.100098,269.299805,942.41
09/02/2023 16:00,8.259995,1010,0,2.207001,3.300999,278.200195,267.100098,896.55
09/02/2023 17:00,7.803001,1011,0,2.298,3.472,257.100098,261.5,692.84
09/02/2023 18:00,6.870003,1011,0,2.589001,3.812,263.5,262.399902,516.83
09/02/2023 19:00,6.417999,1012,0,0.909,1.393,300.600098,283.399902,428.08
09/02/2023 20:00,6.275002,1012,0,1.775,3.237999,244.699951,239.5,339.80
09/02/2023 21:00,5.810997,1012,0,1.632,2.429001,237.600098,236.600098,276.41
09/02/2023 22:00,6.018997,1012,0,2.702999,3.413002,222.100098,224.699951,299.73
09/02/2023 23:00,5.963997,1013,0,2,2.602001,200.899902,188.699951,249.02
10/02/2023 00:00,5.821999,1013,0,2.612999,3.165001,208.899902,198.5,254.39
10/02/2023 01:00,4.953003,1013,0,2.159,3.109001,204.399902,199.600098,240.84
10/02/2023 02:00,4.153999,1013,0,0.612,1.035,55.140015,73.140015,249.68
10/02/2023 03:00,3.742001,1012,0,1.476999,2.375,158.399902,167.399902,270.22
10/02/2023 04:00,4.623001,1011,0,2.581001,3.692001,225.899902,220.5,305.45
10/02/2023 05:00,5.045998,1012,0,2.207001,2.985001,210.800049,215.5,292.78
10/02/2023 06:00,4.226997,1011,0,3.028999,4.581001,221.899902,217.5,312.66
10/02/2023 07:00,4.094002,1011,0,2.549,4.212997,245.100098,236.399902,369.10
10/02/2023 08:00,4.493004,1010,0,3.027,3.691002,219.199951,218.300049,401.17
10/02/2023 09:00,5.037003,1010,0,2.643002,3.916,233.300049,226,411.02
10/02/2023 10:00,6.819,1010,0,2.459999,3.941002,248.199951,245.5,403.92
10/02/2023 11:00,8.020004,1010,0,1.924,2.555,246.199951,228.800049,460.63
10/02/2023 12:00,8.860001,1010,0,4.157997,5.241997,243,243.300049,502.07
10/02/2023 13:00,8.680008,1010,0,3.605999,4.310997,239.100098,227.899902,560.29
10/02/2023 14:00,8.869995,1009,0,3.102001,4.233002,247,241.699951,621.03
10/02/2023 15:00,8.600006,1009,0,2.598999,3.394001,211,200.399902,656.81
10/02/2023 16:00,9.369995,1009,0,1.357,1.901001,253.699951,250.699951,685.15
10/02/2023 17:00,9.539993,1009,0,0.581,0.994,281.100098,293.200195,714.14
10/02/2023 18:00,10.430008,1010,0,2.085999,3.053001,271.5,261.299805,704.40
10/02/2023 19:00,10.639999,1009,0,2.013,3.234001,288.200195,275.200195,713.59
10/02/2023 20:00,11.020004,1009,0,2.814999,5.116997,277.200195,269.299805,742.13
10/02/2023 21:00,11.009995,1009,0,2.567001,3.705002,280.200195,267.299805,758.17
10/02/2023 22:00,10.860001,1009,0,3.446999,5.281998,282.5,275,836.89
10/02/2023 23:00,10.789993,1010,0,3.348999,5.102997,286.200195,279.200195,842.46
11/02/2023 00:00,10.75,1010,0,3.242001,5.188004,269.399902,271.600098,831.33
11/02/2023 01:00,10.389999,1010,0,2.592999,4.125999,259.299805,260.799805,790.04
11/02/2023 02:00,10.25,1010,0,2.008999,3.134998,265.600098,258.700195,728.37
11/02/2023 03:00,9.839996,1011,0,1.149,1.653999,220.5,220.100098,688.28
11/02/2023 04:00,9.580002,1011,0,2.288002,3.575001,269.299805,267.200195,645.09
11/02/2023 05:00,9.25,1011,0,1.59,3.052002,263.399902,262.799805,603.65
11/02/2023 06:00,9.270004,1012,0,2.233002,3.306999,256.299805,255.800049,537.05
11/02/2023 07:00,9.160004,1012,0,1.569,2.777,266.5,262.5,484.58
11/02/2023 08:00,9.020004,1013,0,1.76,2.771,267.299805,265.399902,475.67
11/02/2023 09:00,9.160004,1013,0,2.177002,2.567001,281.899902,280.700195,564.22
11/02/2023 10:00,9.309998,1013,0,2.561001,3.638,273.700195,266.399902,682.64
11/02/2023 11:00,10.009995,1013,0,2.82,4.150002,296.299805,284.700195,735.98
11/02/2023 12:00,10.860001,1013,0,2.134998,3.063999,288.799805,294.700195,768.24
11/02/2023 13:00,11.240005,1013,0,1.702999,2.695999,259.100098,255.5,780.61
11/02/2023 14:00,11.020004,1013,0,1.528,2.567001,300.299805,290.700195,778.68
11/02/2023 15:00,10.720001,1013,0,1.542,2.266998,278.700195,272.299805,763.15
11/02/2023 16:00,10.139999,1014,0,1.393,2.223,283.600098,273.799805,698.33
11/02/2023 17:00,9.759995,1014,0,1.766001,2.556,277,275.200195,312.71
11/02/2023 18:00,9.430008,1014,0,0.941,1.792,261.799805,272.399902,163.91
11/02/2023 19:00,9.419998,1015,0,1.257999,1.941999,299.100098,293.200195,93.61
11/02/2023 20:00,9.279999,1015,0,1.108,2.080002,309.5,309.299805,64.09
11/02/2023 21:00,9.180008,1015,0,1.386999,1.945999,289.600098,281.5,48.51
11/02/2023 22:00,9.029999,1016,0,0.704,1.151001,270.200195,280.399902,111.40
11/02/2023 23:00,8.940002,1016,0,0.673,1.309999,283.399902,277.799805,64.90
12/02/2023 00:00,8.770004,1016,0,0.447,0.725,272.600098,282.5,49.54
12/02/2023 01:00,8.619995,1016,0,0.401,1.181999,0,292.600098,36.12
12/02/2023 02:00,8.139999,1016,0,0.586,0.912,197,207.899902,29.13
12/02/2023 03:00,8.059998,1016,0,0.489,0.868,240.699951,254.300049,24.84
12/02/2023 04:00,8.149994,1016,0,0.929,1.353001,234.5,246,20.50
12/02/2023 05:00,8.029999,1016,0,0.493,0.809,133.199951,174.899902,18.91
12/02/2023 06:00,7.730003,1016,0,1.035,1.592001,103,97.699951,20.04
12/02/2023 07:00,7.486,1016,0,0.295,0.455,173.699951,233.399902,21.35
12/02/2023 08:00,7.593002,1016,0,1.136999,1.702999,218.100098,203.800049,25.62
12/02/2023 09:00,8.199997,1016,0,0.601,0.811,227.699951,204.199951,56.05
12/02/2023 10:00,8.759995,1016,0,1.625999,2.07,209.399902,197.100098,544.88
12/02/2023 11:00,8.899994,1016,0,1.979,2.786999,187.899902,180.300049,730.31
12/02/2023 12:00,8.979996,1016,0,2.660999,3.361,196.199951,185,747.72
12/02/2023 13:00,8.919998,1015,0,2.291,3.583,196.699951,185.699951,749.99
12/02/2023 14:00,9.020004,1015,0,1.551001,2.625999,186.699951,166.199951,745.01
12/02/2023 15:00,8.710007,1015,0,2.138,3.235001,158.5,149.899902,734.69
12/02/2023 16:00,8.710007,1014,0,2.255001,3.153,200.5,183.800049,684.66
12/02/2023 17:00,8.389999,1014,0,1.385,1.753,195.699951,186.800049,537.95
12/02/2023 18:00,8.020004,1015,0,1.434999,2.198002,179.300049,157.899902,330.04
12/02/2023 19:00,7.551003,1015,0,2.332001,3.361,177.199951,171.800049,303.40
12/02/2023 20:00,7.043999,1014,0,1.297001,2.120998,186.5,158.399902,303.36
12/02/2023 21:00,7.114998,1014,0,1.763,2.636002,167.899902,156.699951,335.84
12/02/2023 22:00,7.079002,1014,0,2.041,3.082001,175.800049,157.699951,472.52
12/02/2023 23:00,6.994003,1014,0,1.975,3.439999,169.699951,153.5,400.93
13/02/2023 00:00,6.574997,1013,0,2.091999,3.339001,193.899902,177.899902,465.20
13/02/2023 01:00,6.749001,1013,0,2.319,3.654999,194,182.600098,499.34
13/02/2023 02:00,6.878998,1013,0,2.702999,3.644001,195.600098,181.199951,510.77
13/02/2023 03:00,6.732002,1013,0,2.182999,2.904999,188.800049,180.600098,518.42
13/02/2023 04:00,6.514999,1012,0,2.527,4.313004,183.600098,167.899902,491.75
13/02/2023 05:00,6.329002,1012,0,2.800999,4.110001,195.100098,182.5,482.53
13/02/2023 06:00,6.203003,1012,0,3.285999,4.243004,215.100098,204,494.09
13/02/2023 07:00,6.295998,1012,0,2.640999,3.140999,208.600098,196.5,473.42
13/02/2023 08:00,6.375999,1012,0,2.515999,3.028999,209.899902,191.600098,442.26
13/02/2023 09:00,6.380997,1011,0,2.229,4.119003,191.100098,176.699951,462.18
13/02/2023 10:00,6.300003,1012,0,3.202999,3.671001,216.100098,201.899902,495.14
13/02/2023 11:00,6.791,1012,0,2.592999,2.646999,216.100098,198,499.45
13/02/2023 12:00,6.948997,1011,0,3.446999,3.873001,209.899902,191.899902,496.46
13/02/2023 13:00,8.009995,1010,0,1.628,3.059002,160,150.600098,500.58
13/02/2023 14:00,8.869995,1010,0,2.275002,3.571999,187.300049,174,495.95
13/02/2023 15:00,9.509995,1009,0,2.27,3.002998,171.399902,164.199951,491.43
13/02/2023 16:00,9.169998,1009,0,1.648001,2.633999,183,159.399902,437.50
13/02/2023 17:00,7.977997,1009,0,0.882,1.610001,163.5,147.100098,246.94
13/02/2023 18:00,7.153999,1009,0,0.766,1.34,141,145.100098,162.28
13/02/2023 19:00,5.266998,1009,0,0.495,1.153999,214.199951,243.100098,140.65
13/02/2023 20:00,4.917,1009,0,0.745,1.236,120.199951,153.899902,126.77
13/02/2023 21:00,3.484001,1009,0,0.411,0.863,79.369995,127.599976,127.06
13/02/2023 22:00,3.019001,1009,0,0.73,1.674999,98.900024,98.599976,114.51
13/02/2023 23:00,1.778999,1008,0,0.376,0.841,247.199951,253.300049,123.29
14/02/2023 00:00,1.802,1008,0,0.289,0.591,153.100098,0.034,120.55
14/02/2023 01:00,1.353001,1008,0,0.251,0.205,163.899902,272.799805,108.31
14/02/2023 02:00,0.621,1008,0,0.186,0.477,165.699951,12.649994,109.69
14/02/2023 03:00,0.682,1007,0,0.668,1.011999,131.100098,38.900024,126.57
14/02/2023 04:00,2.827999,1007,0,2.038002,2.837002,220.899902,225.800049,130.48
14/02/2023 05:00,2.584,1007,0,0.429,0.825,346.5,270,121.53
14/02/2023 06:00,2.366001,1007,0,1.076,1.909,191.899902,201.300049,101.77
14/02/2023 07:00,2.139,1007,0,0.779,1.013,28.829987,322.399902,84.04
14/02/2023 08:00,0.979,1007,0,0.755,0.823,18.73999,70.589966,74.69
14/02/2023 09:00,2.087002,1007,0,0.886,1.585001,95.199951,104.900024,95.73
14/02/2023 10:00,3.660999,1007,0,1.240999,1.386999,51.47998,61.809998,142.13
14/02/2023 11:00,5.543999,1007,0,1.080999,1.278,28.549988,20.049988,190.82
14/02/2023 12:00,7.186996,1007,0,1.541,1.924999,80.400024,87.400024,255.10
14/02/2023 13:00,9.070007,1006,0,1.895,2.167999,39.190002,38.630005,317.58
14/02/2023 14:00,12.020004,1005,0,0.755,1.205999,274.299805,273.100098,350.02
14/02/2023 15:00,12.270004,1005,0,1.646999,2.295002,125.099976,122.199951,351.39
14/02/2023 16:00,11.830002,1005,0,1.219,1.982,137.399902,130.800049,298.13
14/02/2023 17:00,9.289993,1005,0,0.791,1.513,109.199951,95.699951,166.60
14/02/2023 18:00,7.989998,1005,0,1.320999,1.993,126.5,116.599976,107.48
14/02/2023 19:00,7.018997,1004,0,0.575,0.902,75.619995,120.199951,94.48
14/02/2023 20:00,6.167,1004,0,0.987,1.308001,141.199951,142.399902,87.00
14/02/2023 21:00,5.412003,1003,0,0.577,1.242001,128.199951,118.300049,86.99
14/02/2023 22:00,4.778,1003,0,0.716,1.743999,130.5,137.100098,112.13
14/02/2023 23:00,3.911999,1003,0,0.339,0.621,112.199951,163.199951,143.87
15/02/2023 00:00,3.764,1002,0,0.548,0.704,110.300049,100.400024,152.79
15/02/2023 01:00,5.134003,1001,0,0.567,0.871,78.810059,238.399902,153.98
15/02/2023 02:00,5.07,1000,0,0.786,2.063,183.5,201,160.98
15/02/2023 03:00,2.299999,999,0,0.543,1.141001,108.300049,99.599976,169.99
15/02/2023 04:00,2.778,998,0,1.035,2.027,172.600098,198,178.72
15/02/2023 05:00,3.161999,997,0,0.409,1.513,219.100098,217.399902,181.23
15/02/2023 06:00,3.402,997,0,0.763,1.183001,27.970001,291.5,186.39
15/02/2023 07:00,4.904999,996,0,2.104,3.196999,239,234.100098,206.30
15/02/2023 08:00,5.873001,995,0,4.572998,5.939003,220.199951,206.800049,266.23
15/02/2023 09:00,6.726997,995,0,4.267998,5.598,215.800049,204.300049,326.17
15/02/2023 10:00,8.009995,995,0,5.161003,5.899002,220.199951,212.300049,329.59
15/02/2023 11:00,9.119995,994,0,3.858002,4.073997,217.199951,215.199951,431.27
15/02/2023 12:00,10.669998,994,0,4.565002,5.593002,226.300049,214.199951,691.60
15/02/2023 13:00,11.360001,993,0,4.777,6.056999,229.5,216.300049,831.52
15/02/2023 14:00,11.110001,994,0,4.07,5.293999,233.399902,224.699951,824.01
15/02/2023 15:00,10.940002,993,0,3.109001,3.805,233.100098,230.199951,801.06
15/02/2023 16:00,10.919998,994,0,3.715,5.500999,227.199951,225,727.40
15/02/2023 17:00,10.259995,994,0,1.717001,2.234001,237.899902,238.300049,601.08
15/02/2023 18:00,9.080002,995,0,1.907,2.663002,190.100098,190.800049,409.36
15/02/2023 19:00,8.380005,995,0,2.692001,3.839001,215.100098,203.800049,409.20
15/02/2023 20:00,8.020004,994,0,4.184998,4.913002,221.800049,214.5,391.01
15/02/2023 21:00,7.787003,994,0,3.663002,5.107002,221.699951,206.199951,345.46
15/02/2023 22:00,7.979004,994,0,4.349998,5.890999,226.899902,218,391.42
15/02/2023 23:00,7.452003,995,0,2.839001,3.847,210,199.5,437.07
16/02/2023 00:00,7.167,994,0,1.726,3.335999,141.300049,137,483.77
16/02/2023 01:00,6.606003,994,0,1.607,2.951,140.600098,134.199951,411.63
16/02/2023 02:00,6.675003,993,0,1.608,2.923,154.399902,160.899902,434.54
16/02/2023 03:00,7.681999,992,0,1.037001,1.275,182.399902,177.399902,513.10
16/02/2023 04:00,7.746002,991,0,2.055,2.637001,214.800049,198.300049,587.24
16/02/2023 05:00,7.230003,991,0,1.202999,1.517,161.800049,160,604.96
16/02/2023 06:00,6.871002,990,0,2.494999,3.014999,208.300049,201.600098,579.72
16/02/2023 07:00,7.065002,990,0,2.553001,3.316002,190.5,181.5,542.51
16/02/2023 08:00,7.358002,989,0,2.856998,3.337002,224.100098,207.800049,500.86
16/02/2023 09:00,8.339996,990,0,2.555,3.189999,234.399902,228.699951,464.31
16/02/2023 10:00,9.160004,990,0,2.724998,3.584999,230.899902,219.300049,421.27
16/02/2023 11:00,10.430008,989,0,3.596001,4.893997,232.800049,218.100098,441.02
16/02/2023 12:00,11.550003,990,0,2.837002,3.618999,234.100098,234.5,481.59
16/02/2023 13:00,12.070007,990,0,2.452999,3.889,242.199951,227.800049,620.40
16/02/2023 14:00,13.020004,990,0,2.053001,2.550999,239.199951,245.800049,825.19
16/02/2023 15:00,13.169998,989,0,1.289,1.710001,245.600098,246.5,871.80
16/02/2023 16:00,13.199997,988,0,4.053001,5.843002,246.100098,244.100098,758.83
16/02/2023 17:00,13.110001,988,0,3.459,5.163002,249.199951,242.899902,710.35
16/02/2023 18:00,12.470001,989,0,3.075001,4.929001,251.100098,243.100098,669.50
16/02/2023 19:00,12.029999,988,0,5.602997,7.125,243.899902,241,636.79
16/02/2023 20:00,11.690002,989,0,4.269997,7.088997,247.100098,239.800049,605.19
16/02/2023 21:00,11.259995,989,0,5.183998,6.500999,230.199951,233.699951,664.28
16/02/2023 22:00,11.190002,989,0,5.162003,7.130997,234.600098,228.199951,713.50
16/02/2023 23:00,11.680008,989,0,5.241997,6.584999,223.399902,211.899902,728.31
17/02/2023 00:00,12,989,0,3.214001,4.080002,207.600098,197.699951,745.99
17/02/2023 01:00,12.690002,988,0,3.681999,4.750999,230.5,228.100098,784.25
17/02/2023 02:00,12.660004,987,0,5.647003,7.579002,243.600098,237.199951,886.33
17/02/2023 03:00,12.279999,987,0,6.074997,8.539993,237.5,227.899902,925.03
17/02/2023 04:00,12.089996,986,0,4.871002,5.987,233.800049,232.300049,943.95
17/02/2023 05:00,12.529999,986,0,4.363998,5.917,220.800049,212.699951,955.03
17/02/2023 06:00,12.930008,986,0,3.677002,4.712997,218.300049,224.100098,1050.04
17/02/2023 07:00,13.009995,986,0,4.946999,6.703003,232,225,1203.77
17/02/2023 08:00,13.210007,985,0,4.880997,6.065002,244.899902,233.699951,1322.60
17/02/2023 09:00,13.330002,984,0.2,5.765999,9.75,270.799805,262.100098,1350.85
17/02/2023 10:00,13.430008,986,0,4.453003,7.523003,264.299805,252.600098,1288.58
17/02/2023 11:00,13.309998,988,0,3.556999,4.915001,281.399902,279.600098,1292.52
17/02/2023 12:00,13.029999,991,0,3.895,6.292999,271.5,264.399902,1344.01
17/02/2023 13:00,11.660004,991,0,4.533997,7.225998,275.200195,275.100098,1321.17
17/02/2023 14:00,11.770004,993,0,3.417,5.628998,296.299805,277.700195,1256.25
17/02/2023 15:00,11.210007,995,0,3.248001,4.627998,257,256.299805,1222.64
17/02/2023 16:00,10.580002,995,0,2.778999,4.705002,279.799805,274.200195,1116.53
17/02/2023 17:00,9.490005,996,0,1.795,2.632999,258.5,256.399902,854.82
17/02/2023 18:00,8.960007,996,0,1.514,2.195999,232.699951,229.300049,638.43
17/02/2023 19:00,9.130005,996,0,2.605999,3.84,241.399902,233.800049,473.53
17/02/2023 20:00,9.059998,996,0,1.403999,2.173,242,244.800049,392.94
17/02/2023 21:00,9.830002,995,0,1.870001,2.335999,212.899902,201.600098,419.34
17/02/2023 22:00,9.440002,994,0,1.875,2.727001,211.800049,198.300049,566.88
17/02/2023 23:00,9.580002,993,0,2.511002,3.730999,183.800049,172.5,690.81
18/02/2023 00:00,11.009995,992,0,3.584999,4.431,228.5,217.600098,776.59
18/02/2023 01:00,11.850006,992,0,2.411999,3.570999,223,211.199951,811.08
18/02/2023 02:00,11.839996,990,0,4.737999,5.698997,225.399902,214.100098,855.99
18/02/2023 03:00,11.240005,989,0,3.408001,4.808998,235.199951,229.300049,933.71
18/02/2023 04:00,10.910004,987,0,4.962997,5.957001,239.199951,236.199951,997.37
18/02/2023 05:00,11.119995,988,0,4.303001,6.549004,256.399902,241.100098,1250.12
18/02/2023 06:00,11.839996,987,0,4.868004,7.191002,255.5,253.399902,1342.81
18/02/2023 07:00,11.729996,988,0,5.249001,8.220001,271.799805,268.899902,1297.84
18/02/2023 08:00,11.559998,989,0,4.333,6.931,281.700195,270.299805,1231.37
18/02/2023 09:00,11.770004,990,0,3.655998,5.810997,262.399902,264.600098,1202.04
18/02/2023 10:00,12.110001,991,0,3.879002,6.170998,281.200195,269.100098,1170.12
18/02/2023 11:00,12.649994,992,0,2.265999,3.980999,269.799805,265.700195,1239.33
18/02/2023 12:00,12.490005,992,0,1.753,2.332001,250.699951,259.399902,1259.78
18/02/2023 13:00,12.639999,992,0,2.542999,3.809002,267.799805,266,1136.04
18/02/2023 14:00,12.529999,992,0,3.539001,5.606003,264,260.200195,1073.76
18/02/2023 15:00,12.009995,992,0,2.411999,4.291,268,260.100098,1067.07
18/02/2023 16:00,11.649994,992,0,1.701,2.869999,273.799805,286.100098,1068.25
18/02/2023 17:00,11.619995,991,0,2.570999,3.879002,256.200195,262.600098,1079.80
18/02/2023 18:00,11.460007,992,0,2.559002,4.168999,263.299805,260.600098,1058.47
18/02/2023 19:00,10.889999,992,0,4.144997,6.346001,254.899902,252.600098,1096.67
18/02/2023 20:00,10.979996,992,0,3.851002,5.564003,260.700195,262.700195,1179.78
18/02/2023 21:00,11.080002,993,0,3.055,5.306999,277.799805,275.799805,1192.66
18/02/2023 22:00,10.589996,993,0,3.413002,4.436996,274.100098,270,1209.76
18/02/2023 23:00,9.960007,994,0,3.098999,5.611,276.200195,261.299805,1147.57
19/02/2023 00:00,9.839996,994,0,3.297001,5.595001,259.899902,258.700195,1078.60
19/02/2023 01:00,9.889999,995,0,3.164001,5.177002,267.899902,267.5,1121.97
19/02/2023 02:00,8.899994,996,0,4.962997,7.828003,295.399902,284.799805,1082.97
19/02/2023 03:00,7.897003,997,0,3.678001,6.084999,303.100098,287.299805,915.17
19/02/2023 04:00,7.046997,999,0,3.098999,4.421997,275.700195,277.899902,903.88
19/02/2023 05:00,7.027,1000,0,2.723,4.563004,289.399902,286.200195,821.49
19/02/2023 06:00,6.803001,1001,0,1.673,3.241001,271,264,748.71
19/02/2023 07:00,6.625999,1001,0,2.43,3.646999,275.299805,273.799805,665.03
19/02/2023 08:00,6.314003,1002,0,1.871,3.879002,278.600098,275.399902,607.10
19/02/2023 09:00,7.371002,1002,0,1.122999,1.923,272,277,601.66
19/02/2023 10:00,8.639999,1002,0,2.645,4.366997,266.299805,265.200195,568.37
19/02/2023 11:00,8.919998,1002,0,3.219002,5.109001,268.100098,260.200195,677.73
19/02/2023 12:00,10.259995,1002,0,2.710999,4.387001,260.600098,248.399902,822.16
19/02/2023 13:00,10.529999,1002,0,2.244999,3.460999,267.299805,257.200195,930.84
19/02/2023 14:00,11.070007,1001,0,3.861,5.309998,237.800049,232.399902,1023.70
19/02/2023 15:00,10.940002,1000,0,2.206001,3.223999,252.899902,251.300049,995.94
19/02/2023 16:00,11.020004,999,0,4.237,5.695,237.399902,238.600098,897.93
19/02/2023 17:00,10.75,999,0,4.490997,5.723999,220.899902,210.300049,786.69
19/02/2023 18:00,10.029999,999,0,3.671001,5.172997,221.100098,217.100098,697.54
19/02/2023 19:00,9.430008,999,0,3.833,4.802002,216,203.899902,672.70
19/02/2023 20:00,8.809998,999,0,2.389999,3.277,205.600098,195.600098,636.93
19/02/2023 21:00,8.559998,999,0,2.32,3.215,196.899902,181.899902,603.85
19/02/2023 22:00,8.740005,998,0,2.792999,3.325001,230.300049,218.699951,649.86
19/02/2023 23:00,9.380005,997,0,1.231001,1.875,202.699951,193.300049,704.19
20/02/2023 00:00,9.930008,996,0,3.577999,4.259003,215.5,212.5,787.73
20/02/2023 01:00,10.509995,995,0,5.233002,8.639999,249.800049,249.100098,869.02
20/02/2023 02:00,10.600006,995,0,5.194,7.551003,244,237.199951,959.91
20/02/2023 03:00,10.779999,995,0,3.838001,5.815002,244.399902,240.899902,1007.09
20/02/2023 04:00,10.889999,994,0,4.155998,4.951004,230.5,231.100098,1021.43
20/02/2023 05:00,11.240005,994,0,3.247002,4.444,244.699951,234.199951,1023.13
20/02/2023 06:00,11.270004,994,0,3.853001,5.422997,238.199951,240.100098,1027.50
20/02/2023 07:00,11.389999,994,0,4.07,6.157997,248.199951,243.800049,1012.08
20/02/2023 08:00,11.279999,994,0,5.109001,8.180008,246.300049,242.800049,932.03
20/02/2023 09:00,11.309998,994,0,5.084999,8.180008,245,238.800049,882.25
20/02/2023 10:00,11.330002,995,0,4.806999,6.775002,240.199951,235.600098,881.48
20/02/2023 11:00,11.690002,994,0,5.027,7.295998,244.5,242.300049,924.98
20/02/2023 12:00,12.330002,994,0,5.708,7.193001,242.699951,241.600098,994.04
20/02/2023 13:00,12.919998,994,0,4.191002,6.637001,250.399902,244.100098,1005.95
20/02/2023 14:00,12.990005,994,0,3.324001,5.531998,245.899902,242.800049,972.44
20/02/2023 15:00,12.960007,994,0,3.432999,5.883003,262.200195,252.600098,961.86
20/02/2023 16:00,12.839996,994,0,3.303001,5.932999,265.899902,261.700195,931.53
20/02/2023 17:00,12.809998,994,0,2.814999,4.189003,245.5,242.399902,857.37
20/02/2023 18:00,12.440002,994,0,3.325001,5.308998,243.899902,245.899902,728.62
20/02/2023 19:00,12.259995,994,0,2.806,3.778999,252.100098,243.100098,675.46
20/02/2023 20:00,11.660004,994,0,1.583,3.018002,269.799805,257.600098,650.12
20/02/2023 21:00,11.380005,994,0,1.309,1.334,3.361,344.600098,619.26
20/02/2023 22:00,11.070007,994,0,2.273998,2.884998,211.199951,200.5,600.46
20/02/2023 23:00,10.930008,994,0,1.343,2.309002,276,266.200195,554.91
21/02/2023 00:00,10.639999,993,0,3.66,4.443001,226.399902,224.300049,517.88
21/02/2023 01:00,10.800003,993,0,2.756001,3.567001,231.899902,221.899902,461.93
21/02/2023 02:00,10.559998,993,0,1.677,2.587002,248.899902,246.300049,432.89
21/02/2023 03:00,10.419998,993,0,1.583,2.424999,234.5,230.199951,415.14
21/02/2023 04:00,10.160004,993,0,1.504999,2.293999,241.699951,235.399902,401.36
21/02/2023 05:00,9.580002,992,0,1.916,2.831001,242.100098,233.5,414.01
21/02/2023 06:00,8.960007,992,0,0.795,1.643,242.699951,236.899902,423.96
21/02/2023 07:00,8.210007,992,0,1.937,3.113998,207.5,203.899902,370.22
21/02/2023 08:00,8.470001,992,0,1.545,2.347,182.899902,173.699951,329.32
21/02/2023 09:00,8.970001,992,0,2.98,3.828999,204.600098,196.399902,371.11
21/02/2023 10:00,9.399994,992,0,2.596001,2.959,211.899902,203.199951,357.00
21/02/2023 11:00,9.449997,992,0,2.299,2.758999,217,197.600098,449.58
21/02/2023 12:00,9.600006,991,0,2.545002,3.288002,229.5,222.899902,540.37
21/02/2023 13:00,9.520004,990,0,2.527,3.233002,233.399902,221.399902,567.46
21/02/2023 14:00,9.779999,989,0,3.196999,3.723,222.5,211.5,591.82
21/02/2023 15:00,11.479996,988,0,2.913002,3.681,233.899902,223.5,630.44
21/02/2023 16:00,12.039993,987,0,3.332001,4.004997,225.800049,215.300049,652.26
21/02/2023 17:00,11.25,987,0,2.004002,2.428001,217.699951,217.5,603.93
21/02/2023 18:00,10.009995,987,0,3.042999,3.68,225.399902,215.300049,507.68
21/02/2023 19:00,9.470001,987,0,2.252998,3.188999,216.899902,211.600098,285.04
21/02/2023 20:00,8.509995,986,0,1.632,2.317001,202.5,201.5,224.25
21/02/2023 21:00,8.410004,986,0,1.333,2.014,199.199951,188.399902,250.17
21/02/2023 22:00,7.957001,985,0,2.623001,3.514,212.600098,206.899902,251.87
21/02/2023 23:00,7.508003,985,0,1.660999,2.141998,191.199951,182.800049,268.08
22/02/2023 00:00,7.421997,984,0,1.402,1.913,204,201.399902,276.39
22/02/2023 01:00,7.427002,984,0,2.354,2.868,239.100098,223.100098,300.79
22/02/2023 02:00,7.688004,983,0,1.434,2.061001,245.800049,236.899902,282.66
22/02/2023 03:00,7.144997,982,0,1.089001,1.401001,201.899902,206.100098,301.45
22/02/2023 04:00,6.551003,982,0,2.319,2.838001,207.300049,205.300049,351.49
22/02/2023 05:00,6.765999,982,0,1.035,1.315001,219.800049,219.600098,365.27
22/02/2023 06:00,6.852997,981,0,1.702999,2.325001,208.800049,198.100098,329.95
22/02/2023 07:00,6.774002,981,0,1.919001,2.754002,232.5,231.899902,366.98
22/02/2023 08:00,7.040001,981,0,1.785999,3.025002,237.899902,231.100098,474.95
22/02/2023 09:00,7.920998,982,0,2.052002,2.715,248.100098,236.699951,553.44
22/02/2023 10:00,7.972,982,0,2.507,4.141998,280,277.899902,644.36
22/02/2023 11:00,7.821999,983,0,2.068001,3.648998,292.600098,282.700195,651.39
22/02/2023 12:00,8.430008,983,0,2.273998,3.707001,272,279.299805,785.38
22/02/2023 13:00,8.430008,984,0,2.936001,4.828003,302.299805,294.399902,985.84
22/02/2023 14:00,8.369995,984,0,2.335999,3.745998,294,301.299805,1110.00
22/02/2023 15:00,8.490005,984,0,2.323002,3.431,297.600098,298.100098,1024.29
22/02/2023 16:00,8.169998,985,0,2.205002,3.029999,315.5,299.100098,891.29
22/02/2023 17:00,6.636002,986,0,2.552002,3.757999,12.369995,2.32,810.30
22/02/2023 18:00,5.959999,987,0,2.299999,4.415001,341.200195,345.600098,822.57
22/02/2023 19:00,5.828003,988,0,2.945999,4.752998,356.200195,346.5,861.97
22/02/2023 20:00,5.999001,989,0,1.871,2.979,338.600098,333.600098,923.04
22/02/2023 21:00,6.029999,990,0,1.658001,2.672001,334.100098,326.5,904.60
22/02/2023 22:00,6.218002,990,0,1.559,3.285,332.299805,330.899902,864.00
22/02/2023 23:00,5.829002,991,0,3.110001,4.640999,20.329987,4.676003,845.45
23/02/2023 00:00,6.458,992,0,2.797001,4.383003,352.100098,340.399902,847.71
23/02/2023 01:00,6.083,992,0,2.610001,4.510002,334.5,337.700195,867.32
23/02/2023 02:00,6.110001,993,0,2.855,4.539001,354.399902,336.399902,902.78
23/02/2023 03:00,5.641998,993,0,3.460999,5.431,9.649994,357,923.53
23/02/2023 04:00,5.053001,994,0,3.145,5.083,350.200195,342.700195,893.19
23/02/2023 05:00,4.780998,995,0,1.68,3.743,337.700195,339.200195,876.85
23/02/2023 06:00,4.505997,996,0,2.345001,4.676003,341,333.899902,856.21
23/02/2023 07:00,4.255997,996,0,2.605,4.569,334.399902,339.799805,791.61
23/02/2023 08:00,4.077003,997,0,2.449001,4.125,334.799805,333.299805,717.85
23/02/2023 09:00,4.527,998,0,1.844999,3.055,349,347.100098,687.98
23/02/2023 10:00,5.341003,998,0,3.841999,4.715004,7.003998,4.456001,761.72
23/02/2023 11:00,5.963997,999,0,2.432999,3.851002,1.464001,359.100098,927.84
23/02/2023 12:00,6.681,999,0,2.028,3.48,20.649994,5.768997,1062.94
23/02/2023 13:00,7.261002,998,0,2.974998,4.238998,15.389999,5.360001,1132.95
23/02/2023 14:00,7.539001,997,0,2.437,2.952999,22.48999,347.600098,1117.33
23/02/2023 15:00,7.844002,997,0,2.495998,3.555,324.200195,324.100098,1099.72
23/02/2023 16:00,8.539993,997,0,1.621,2.987,352.399902,331.600098,1058.84
23/02/2023 17:00,7.220001,997,0,1.323,2.887001,297.600098,289.299805,368.26
23/02/2023 18:00,5.842003,996,0,1.086,2.231998,273.600098,267.5,203.15
23/02/2023 19:00,4.158997,996,0,0.893,1.695999,274.600098,271.600098,237.17
23/02/2023 20:00,3.456001,996,0,0.543,1.587,251.600098,257.700195,258.82
23/02/2023 21:00,3.858002,996,0,0.801,2.101002,264.399902,257.5,272.65
23/02/2023 22:00,4.508003,995,0,2.473,4.558998,261.700195,256,329.00
23/02/2023 23:00,4.855003,993,0,1.462,2.923,275.899902,259.200195,423.69
24/02/2023 00:00,5.676003,992,0,2.382,4.207001,272.799805,259.100098,507.85
24/02/2023 01:00,6.167,991,0,1.983999,3.396999,265.700195,254.399902,585.92
24/02/2023 02:00,6.750999,989,0,2.713001,4.399002,272,251.600098,682.69
24/02/2023 03:00,6.908997,989,0,1.725,2.994999,286.100098,269.600098,737.43
24/02/2023 04:00,7.186996,988,0,1.655001,3.075001,279.5,269.700195,739.50
24/02/2023 05:00,7.781998,987,0,1.832001,3.550999,272.399902,276.600098,733.81
24/02/2023 06:00,7.888,987,0,2.116001,3.349998,283.5,276.5,724.98
24/02/2023 07:00,8.009995,986,0,1.834,3.16,306.600098,298.799805,688.34
24/02/2023 08:00,8.630005,987,0,2.717999,3.937,302.5,293.100098,714.80
24/02/2023 09:00,9.399994,987,0,3.105999,5.302002,310.899902,300.600098,821.97
24/02/2023 10:00,8.520004,987,0,4.347,5.669998,27.98999,16.529999,930.71
24/02/2023 11:00,8.960007,987,0,3.483002,5.086998,5.233002,354.899902,990.30
24/02/2023 12:00,9.520004,987,0,3.681999,5.985001,356.899902,346.799805,1097.06
24/02/2023 13:00,9.460007,987,0,3.393002,4.681,3.478001,3.215,1245.19
24/02/2023 14:00,9.899994,987,0,3.741001,4.848999,27.799988,7.658997,1277.84
24/02/2023 15:00,9.029999,987,0,3.686001,5.156998,22.320007,12.619995,1268.28
24/02/2023 16:00,8.369995,987,0,4.380997,5.137001,18.869995,4.969002,1299.05
24/02/2023 17:00,7.302002,988,0,4.836998,6.264,15.779999,5.755997,1349.25
24/02/2023 18:00,6.612999,989,0,3.360001,4.447998,25.380005,7.098999,1377.19
24/02/2023 19:00,6.071999,989,0,2.749001,3.737,23.420013,9.649994,1312.78
24/02/2023 20:00,5.324997,990,0,3.550999,4.703003,17.910004,0.848,1215.45
24/02/2023 21:00,5.005997,991,0,3.179001,5.051003,7.068001,356.200195,1132.69
24/02/2023 22:00,4.390999,991,0,1.797001,3.379002,357.899902,352.600098,1036.17
24/02/2023 23:00,4.250999,992,0,2.118,3.317001,6.264999,345.600098,957.22
25/02/2023 00:00,3.82,992,0,2.402,3.723,343.799805,343.600098,942.39
25/02/2023 01:00,3.618999,992,0,2.855,4.144997,349.700195,339,889.46
25/02/2023 02:00,3.653999,992,0,1.399,2.706001,339.100098,320.299805,837.98
25/02/2023 03:00,3.265999,992,0,1.978001,4.107002,346.299805,337.399902,830.32
25/02/2023 04:00,3.672001,992,0,3.042999,5.201004,341.600098,334.5,814.90
25/02/2023 05:00,3.665001,993,0,2.297001,4.459,345.200195,333.700195,802.07
25/02/2023 06:00,3.674999,993,0,2.519001,4.193001,341.399902,327.700195,807.96
25/02/2023 07:00,3.629002,994,0,2.276001,4.747002,350.299805,333.100098,812.86
25/02/2023 08:00,3.953999,994,0,2.346001,4.656998,353.600098,342.700195,897.36
25/02/2023 09:00,3.955002,995,0,3.863998,5.215004,10.710007,7.738998,1053.73
25/02/2023 10:00,4.577003,995,0,2.5,3.963001,359.5,355.399902,1318.68
25/02/2023 11:00,5.267998,996,0,3.688,5.183998,8.289993,4.528999,1416.66
25/02/2023 12:00,5.471001,996,0,2.841999,4.088997,9.589996,358.5,1166.99
25/02/2023 13:00,4.955002,996,0,2.41,3.584999,13.839996,360,1207.53
25/02/2023 14:00,6.360001,996,0,4.385002,5.696999,19.529999,2.980999,1117.90
25/02/2023 15:00,6.470001,996,0,3.084,4.566002,29.140015,16.570007,1247.48
25/02/2023 16:00,5.925003,997,0,4.405998,5.939003,39.429993,32.960022,1167.23
25/02/2023 17:00,5.640999,997,0,2.677002,4.635002,24.049988,9.899994,1063.35
25/02/2023 18:00,5.097,998,0,2.802002,4.041,29.450012,16.399994,912.78
25/02/2023 19:00,4.570999,999,0,2.046001,2.805,19.899994,8.550003,847.18
25/02/2023 20:00,4.614998,999,0,2.137001,3.290001,21.26001,11.930008,844.23
25/02/2023 21:00,4.486,1000,0,2.449001,3.605,20.480011,10.580002,769.92
25/02/2023 22:00,3.873001,1000,0,2.175999,3.192001,19.529999,1.332001,783.79
25/02/2023 23:00,3.701,1001,0,2.006001,2.755001,31.360016,22.26001,630.92
26/02/2023 00:00,3.710999,1002,0,1.195,1.889,4.186996,355.700195,495.88
26/02/2023 01:00,3.52,1002,0,0.928,1.538,8.630005,7.794998,406.77
26/02/2023 02:00,3.608002,1002,0,1.497999,2.543999,12.839996,4.213997,378.86
26/02/2023 03:00,3.564999,1003,0,1.312,1.849001,33.76001,15.430008,447.97
26/02/2023 04:00,3.695999,1003,0,1.885,3.177002,20.140015,15.139999,489.36
26/02/2023 05:00,3.653,1004,0,2.234001,2.592999,27.579987,33.039978,568.53
26/02/2023 06:00,3.737,1004,0,1.967001,2.983002,22.51001,15.289993,628.52
26/02/2023 07:00,3.785,1005,0,1.856001,2.276001,29.01001,19.390015,548.06
26/02/2023 08:00,3.851002,1006,0,1.944,2.842999,34.98999,33.799988,595.98
26/02/2023 09:00,4.794998,1007,0,2.797001,3.632999,37.289978,26.829987,896.61
26/02/2023 10:00,5.319,1007,0,2.806999,3.716999,45.690002,33.970032,1095.96
26/02/2023 11:00,6.260002,1008,0,3.289001,4.913002,61.369995,53.200012,1160.42
26/02/2023 12:00,6.879997,1008,0,4.235001,5.313004,43.099976,44.460022,1133.37
26/02/2023 13:00,7.112999,1009,0,3.321999,4.573997,38.289978,22.75,1245.39
26/02/2023 14:00,7.454002,1009,0,4.139999,5.776001,62.200012,50.619995,1212.52
26/02/2023 15:00,7.377998,1009,0,3.881001,5.955002,54.429993,47.280029,1208.77
26/02/2023 16:00,7.732002,1009,0,3.275002,4.894997,44.720032,36.26001,1076.99
26/02/2023 17:00,7.301003,1009,0,3.300999,5.168999,41.390015,38.890015,841.29
26/02/2023 18:00,6.030998,1010,0,2.429001,3.695,27.170013,13.169998,470.92
26/02/2023 19:00,5.091003,1010,0,2.216,3.381001,35.859985,26.649994,369.00
26/02/2023 20:00,4.974998,1010,0,2.025002,2.853001,30.880005,23.769989,403.34
26/02/2023 21:00,4.392998,1011,0,1.554001,2.783001,30.809998,23.320007,452.46
26/02/2023 22:00,4.580002,1011,0,2.027,3.241001,31.660004,25.649994,480.11
26/02/2023 23:00,4.567001,1011,0,1.580999,2.191002,30.320007,17.23999,529.29
27/02/2023 00:00,4.358002,1012,0,2.269001,2.951,28.640015,7.821999,546.85
27/02/2023 01:00,4.329002,1012,0,1.101,1.886999,15.610001,9.979996,518.57
27/02/2023 02:00,3.776001,1012,0,0.993,1.549,15.430008,3.854,493.38
27/02/2023 03:00,3.193001,1012,0,0.578,0.994,59.880005,23.329987,499.49
27/02/2023 04:00,2.747002,1012,0,0.432,0.771,88.099976,47.51001,530.36
27/02/2023 05:00,3.59,1012,0,1.589001,2.328999,34.570007,21.709991,544.84
27/02/2023 06:00,3.82,1012,0,1.936001,3.019001,25.75,5.364998,551.80
27/02/2023 07:00,3.841999,1012,0,2.320999,3.084,23.649994,6.848,573.80
27/02/2023 08:00,3.993999,1013,0,1.915001,2.502998,32.820007,26.700012,571.36
27/02/2023 09:00,4.398003,1013,0,2.362999,3.778999,15.850006,4.625,659.16
27/02/2023 10:00,4.827003,1013,0,2.069,2.895,25.100006,13.050003,741.51
27/02/2023 11:00,6.717003,1013,0,3.556,4.385002,39.070007,28.410004,771.35
27/02/2023 12:00,6.735001,1013,0,4.406998,6.348,36.73999,28.040009,789.58
27/02/2023 13:00,7.056999,1013,0,4.057999,4.975998,28.320007,26.73999,740.77
27/02/2023 14:00,7.886002,1012,0,3.250999,4.318001,55.630005,49.309998,788.65
27/02/2023 15:00,8.089996,1012,0,3.097,3.894001,48.289978,46.580017,757.13
27/02/2023 16:00,7.385002,1012,0,3.709999,5.213997,46.780029,40.789978,758.99
27/02/2023 17:00,6.821999,1012,0,2.846001,4.104004,35.179993,29.809998,719.72
27/02/2023 18:00,6.536003,1013,0,3.052002,4.112,39.01001,30.429993,634.09
27/02/2023 19:00,6.059998,1013,0,2.479,3.631001,33.73999,24.059998,614.93
27/02/2023 20:00,6.012001,1013,0,2.362999,3.344002,28.829987,17.230011,577.99
27/02/2023 21:00,5.973,1013,0,2.528999,3.411999,21.660004,16.059998,567.30
27/02/2023 22:00,5.898003,1013,0,2.319,3.848,37.109985,17.839996,432.65
27/02/2023 23:00,5.776001,1013,0,2.527,3.389999,30.100006,21.880005,417.80
28/02/2023 00:00,5.475998,1014,0,2.236,3.470001,41.830017,29.600006,410.13
28/02/2023 01:00,5.396004,1014,0,1.773001,2.542999,24.140015,20.440002,392.46
28/02/2023 02:00,5.076004,1014,0,1.608999,2.585999,31.579987,23.950012,415.94
28/02/2023 03:00,5.021004,1014,0,1.608,2.618,17.730011,9.949997,424.17
28/02/2023 04:00,4.966003,1014,0,1.379999,2.132999,21.119995,8.5,402.65
28/02/2023 05:00,5.120003,1014,0,1.783001,2.736,1.700001,360,410.20
28/02/2023 06:00,5.161003,1014,0,2.210999,3.400002,11.020004,0.872,413.12
28/02/2023 07:00,5.205002,1014,0,2.372002,3.813,357.200195,353.5,450.66
28/02/2023 08:00,5.332001,1014,0,2.368999,3.620998,351.600098,345.200195,527.28
28/02/2023 09:00,5.57,1015,0,2.317001,3.696999,348.700195,352.100098,612.69
28/02/2023 10:00,5.995003,1015,0,2.877998,3.777,18.480011,354.700195,598.58
28/02/2023 11:00,6.863998,1015,0,2.429001,3.449001,356.399902,355.399902,646.19
28/02/2023 12:00,7.330002,1014,0,3.570999,4.861,357.5,352.299805,738.89
28/02/2023 13:00,7.254997,1013,0,3.438999,5.128998,5.124001,357.399902,745.99
28/02/2023 14:00,7.032997,1013,0,3.752998,5.370003,18.910004,0.553,775.43
28/02/2023 15:00,7.147003,1013,0,3.386002,5.789001,12.520004,2.013,852.27
28/02/2023 16:00,7.204002,1012,0,3.866001,5.337997,8.029999,355.799805,936.79
28/02/2023 17:00,6.590004,1013,0,4.348,5.752998,7.199997,357.700195,958.61
28/02/2023 18:00,6.160004,1013,0,2.743,4.149002,33.26001,15.259995,959.78
28/02/2023 19:00,6.042999,1014,0,3.420002,4.303001,17.809998,15.490005,964.08
28/02/2023 20:00,5.504997,1014,0,2.848999,3.508999,27.649994,14.830002,965.46
28/02/2023 21:00,5.621002,1014,0,3.230999,3.941002,26.540009,21.600006,977.98
28/02/2023 22:00,5.426003,1014,0,2.691002,3.522999,26.76001,16.880005,914.81
28/02/2023 23:00,5.451004,1014,0,2.685001,4.155998,27.540009,12.009995,914.99
01/03/2023 00:00,5.408997,1014,0,3.023998,3.858002,19.450012,19.790009,926.85
01/03/2023 01:00,5.169998,1014,0,3.209,5.259003,19.51001,19.579987,902.52
01/03/2023 02:00,5.101997,1014,0,2.056,3.09,26.309998,12.190002,847.60
01/03/2023 03:00,4.965004,1013,0,2.665001,4.017998,25.910004,19.890015,785.36
01/03/2023 04:00,4.857002,1012,0,2.806999,3.820999,18.089996,11.119995,745.00
01/03/2023 05:00,4.864998,1012,0,2.243,3.305,26.48999,16.860016,715.05
01/03/2023 06:00,4.701004,1012,0,1.914,2.749001,25.279999,22.290009,699.59
01/03/2023 07:00,4.767998,1012,0,2.348999,3.398998,9.649994,357.899902,726.79
01/03/2023 08:00,4.921997,1012,0,2.646,3.598999,14.460007,357.700195,804.92
01/03/2023 09:00,5.526001,1012,0,2.589001,4.184998,360,1,776.82
01/03/2023 10:00,5.917999,1011,0,2.791,4.111,359.799805,352.799805,727.81
01/03/2023 11:00,6.875,1011,0,4.772003,6.647003,16.809998,5.146004,875.56
01/03/2023 12:00,6.918999,1010,0,3.480999,5.154999,22.410004,19.799988,851.10
01/03/2023 13:00,8.089996,1009,0,5.527,7.418999,36.429993,26.48999,849.47
01/03/2023 14:00,8.020004,1008,0,3.719002,4.809998,21.070007,15.470001,915.02
01/03/2023 15:00,7.494003,1007,0,3.743999,5.586998,33.77002,26.720001,947.12
01/03/2023 16:00,6.622002,1006,0,4.498001,5.859001,36.549988,30.209991,923.26
01/03/2023 17:00,6.585999,1006,0,4.139,6.027,37.25,31.730011,944.94
01/03/2023 18:00,6.245003,1006,0,3.820999,4.667999,24.23999,13.789993,895.27
01/03/2023 19:00,5.936996,1006,0,2.778999,3.726002,23.220001,15.880005,886.84
01/03/2023 20:00,5.436996,1005,0,3.118999,4.654999,30.899994,23.399994,891.02
01/03/2023 21:00,5.411003,1005,0,2.793999,4.045998,33.900024,21.73999,880.82
01/03/2023 22:00,5.475998,1005,0,2.974998,4.292999,39.309998,31.890015,947.43
01/03/2023 23:00,5.056999,1005,0,2.216,3.657001,44.419983,38.789978,781.28
02/03/2023 00:00,4.845001,1005,0,2.219002,3.097,39.640015,35.380005,609.59
02/03/2023 01:00,4.967003,1005,0,2.140999,3.341,39.880005,27.119995,428.51
02/03/2023 02:00,4.926003,1005,0,2.341,3.120998,34.940002,17.950012,342.06
02/03/2023 03:00,4.790001,1004,0,1.009001,1.693001,38.030029,20.130005,256.20
02/03/2023 04:00,4.720001,1004,0,1.773001,2.449001,30.179993,21.399994,229.77
02/03/2023 05:00,4.683998,1004,0,1.021999,1.649,40.460022,18.980011,190.28
02/03/2023 06:00,4.624001,1004,0,0.725,1.724001,79.119995,72.910034,161.66
02/03/2023 07:00,4.277,1005,0,1.028999,1.636,57.599976,64.660034,127.91
02/03/2023 08:00,4.346001,1005,0,1.143,1.952999,67.079956,57.630005,176.97
02/03/2023 09:00,4.737,1005,0,1.058001,2.000999,80.699951,78.069946,472.03
02/03/2023 10:00,4.967003,1005,0,1.295,2.203999,85.400024,87.699951,717.28
02/03/2023 11:00,5.265999,1006,0,2.041,3.119999,60.070007,54.809998,761.69
02/03/2023 12:00,5.610001,1006,0,2.216999,3.359001,56.130005,49.159973,799.52
02/03/2023 13:00,5.725998,1006,0,2.221001,3.203999,50.669983,56.720032,794.59
02/03/2023 14:00,6.190002,1005,0,1.552999,1.872,24.709991,28.269989,807.47
02/03/2023 15:00,6.208,1005,0,1.688,2,10.039993,13.169998,782.89
02/03/2023 16:00,6.213997,1005,0,1.653,2.541,64.940063,52.530029,773.74
02/03/2023 17:00,6.088997,1005,0,2.305,3.263,30.76001,24.75,729.43
02/03/2023 18:00,6.000999,1005,0,2.528999,3.460999,31.209991,23.420013,657.07
02/03/2023 19:00,5.802002,1006,0,2.039001,2.853001,41.419983,41.22998,643.55
02/03/2023 20:00,5.612999,1006,0,1.948999,3.126999,56.710022,43.77002,702.80
02/03/2023 21:00,5.338997,1007,0,2.059002,3.360001,62.570007,51.220032,626.11
02/03/2023 22:00,5.060997,1007,0,2,2.939999,69.099976,59.76001,362.95
02/03/2023 23:00,4.845001,1007,0,1.837999,2.872002,57.650024,56.26001,305.12
03/03/2023 00:00,4.596001,1007,0,1.563,2.528999,58.700012,51.700012,172.69
03/03/2023 01:00,4.411003,1007,0,1.364,2.243,39.72998,35.359985,111.84
03/03/2023 02:00,4.149002,1007,0,1.648001,2.556999,32.289978,24.869995,146.62
03/03/2023 03:00,3.987999,1007,0,1.684999,2.473999,40.150024,31.140015,164.39
03/03/2023 04:00,3.972,1007,0,1.294001,2.043999,9.559998,10.180008,160.52
03/03/2023 05:00,3.872002,1007,0,1.927,2.998001,28.170013,20.470001,178.00
03/03/2023 06:00,3.837002,1007,0,1.377001,2.328999,17.070007,1.858999,204.40
03/03/2023 07:00,3.573002,1007,0,1.202999,1.958,359.299805,344.700195,202.79
03/03/2023 08:00,3.773998,1008,0,1.792,2.413002,34.609985,20.429993,297.05
03/03/2023 09:00,3.702,1009,0,2.417,3.418999,23.480011,15.979996,580.75
03/03/2023 10:00,4.055,1009,0,2.783001,4.090004,40.400024,31.040009,788.09
03/03/2023 11:00,5.057999,1009,0,1.599001,2.207001,0,2.055,758.18
03/03/2023 12:00,5.184998,1009,0,2.289001,3.021,24.850006,14.070007,760.78
03/03/2023 13:00,6.196999,1009,0,1.882,2.679001,1.937,357.700195,767.46
03/03/2023 14:00,6.763,1008,0,1.965,2.803001,60.090027,53.150024,837.60
03/03/2023 15:00,7.017998,1008,0,1.967001,2.723999,47.890015,31.869995,854.01
03/03/2023 16:00,7.096001,1008,0,2.030998,2.792999,35.210022,27.350006,867.91
03/03/2023 17:00,7.060997,1008,0,2.151001,3.035999,43.340027,33.140015,815.85
03/03/2023 18:00,6.777,1008,0,2.164001,3.101002,30.23999,35.099976,526.36
03/03/2023 19:00,6.585999,1009,0,1.858999,2.750999,18.130005,17.01001,353.80
03/03/2023 20:00,6.162003,1009,0,1.938999,2.904999,17.01001,3.935001,377.97
03/03/2023 21:00,5.709999,1010,0,2.269001,3.234001,32.830017,12.130005,409.08
03/03/2023 22:00,5.400002,1010,0,2.004002,2.629002,21.48999,9.430008,367.66
03/03/2023 23:00,5.344002,1010,0,1.799,2.617001,14.210007,12.039993,386.62
04/03/2023 00:00,5.219002,1010,0,2.033001,2.743,0.39,349,401.37
04/03/2023 01:00,5.222,1010,0,2.084999,2.941002,13.619995,4.002998,395.31
04/03/2023 02:00,4.907997,1010,0,1.941,2.983002,18.230011,4.474998,398.30
04/03/2023 03:00,4.296997,1009,0,2.296001,3.667,356.600098,343.200195,321.15
04/03/2023 04:00,4.102997,1009,0,1.362,2.729,342.299805,330.200195,246.72
04/03/2023 05:00,3.967999,1009,0,1.315001,2.333,304.5,297.100098,182.50
04/03/2023 06:00,4.008003,1009,0,1.526001,2.210999,299,295.799805,179.38
04/03/2023 07:00,3.941002,1009,0,1.292999,2.374001,290.899902,288.600098,175.88
04/03/2023 08:00,4.100998,1010,0,1.659,2.738998,309.399902,303.899902,241.43
04/03/2023 09:00,4.161003,1010,0,2.033001,3.532001,308.600098,308.100098,465.63
04/03/2023 10:00,4.463997,1010,0,1.641001,2.733002,309,296.5,801.68
04/03/2023 11:00,4.726997,1009,0,1.893,2.946999,331.600098,327,876.58
04/03/2023 12:00,5.140999,1009,0,1.497999,2.288002,295.399902,298,910.04
04/03/2023 13:00,5.947998,1008,0,1.437,2.284,323.700195,321.700195,883.88
04/03/2023 14:00,5.834,1007,0,1.740999,2.477001,10.740005,359.899902,887.26
04/03/2023 15:00,5.769997,1006,0,1.167,1.805,281.899902,309.299805,880.00
04/03/2023 16:00,5.583,1006,0,1.695999,2.304001,309.100098,304.299805,853.20
04/03/2023 17:00,5.287003,1006,0,1.611,2.758999,346.299805,334.399902,706.21
04/03/2023 18:00,4.894997,1005,0,1.32,2.165001,311,301.600098,325.00
04/03/2023 19:00,4.341003,1005,0,1.422001,2.167999,256.399902,248,243.43
04/03/2023 20:00,4.074997,1005,0,0.875,1.733999,262.100098,267.100098,197.70
04/03/2023 21:00,4.113998,1005,0,0.826,1.697001,280.100098,283.200195,155.53
04/03/2023 22:00,4.164001,1004,0,1.139,1.857,268.700195,269.799805,112.42
04/03/2023 23:00,4.233002,1003,0,1.222,2.084999,260.700195,256.799805,110.89
05/03/2023 00:00,4.222,1003,0,1.087999,1.677999,4.440002,1.326,115.43
05/03/2023 01:00,3.988998,1002,0,0.785,1.379,281.700195,290.100098,123.49
05/03/2023 02:00,3.707001,1001,0,0.613,1.382,281.600098,272.799805,116.85
05/03/2023 03:00,3.473999,1000,0,1.171,1.681,253.899902,251.399902,124.05
05/03/2023 04:00,3.379002,999,0,1.158001,1.856001,254.100098,251.100098,174.96
05/03/2023 05:00,3.273998,998,0,0.474,0.823,262.600098,273,206.17
05/03/2023 06:00,3.265999,997,0,0.71,1.250999,278.899902,281.399902,202.98
05/03/2023 07:00,3.318001,997,0,0.633,1.017,249.199951,246.100098,192.74
05/03/2023 08:00,3.860001,996,0,0.839,1.009001,218.699951,214.699951,269.26
05/03/2023 09:00,3.993,995,0,1.965,3.377998,260.700195,260,385.14
05/03/2023 10:00,3.740002,995,0,1.291,1.933001,259.899902,260.200195,616.72
05/03/2023 11:00,3.629002,994,0,2.113998,3.219002,231.100098,234.300049,875.69
05/03/2023 12:00,3.827999,993,0,1.629,2.762001,264.700195,251.5,1002.23
05/03/2023 13:00,4.723999,992,0,1.426001,1.951,332,318.5,970.21
05/03/2023 14:00,5.045998,991,0,1.445,2.625,333.200195,324.700195,1071.31
05/03/2023 15:00,5.448997,990,0,0.89,1.608,331.700195,328.700195,1045.61
05/03/2023 16:00,5.561996,989,0,0.709,0.92,293,292.200195,995.95
05/03/2023 17:00,5.592003,988,0,0.401,0.607,151.899902,168.199951,812.88
05/03/2023 18:00,5.654999,987,0,0.41,0.987,251.199951,248.100098,136.16
05/03/2023 19:00,5.652,987,0,0.902,1.587,278.5,276.600098,90.08
05/03/2023 20:00,5.018997,986,0,1.25,2.147999,298.399902,302.700195,75.62
05/03/2023 21:00,3.136002,986,0,0.583,0.997,216.100098,244.699951,65.00
05/03/2023 22:00,3.756001,985,0,0.977,1.681999,244.800049,246.300049,40.43
05/03/2023 23:00,3.658001,984,0,0.229,0.767,0,248.399902,39.20
06/03/2023 00:00,3.155998,984,0,0.309,1.091,259.5,246.899902,45.89
06/03/2023 01:00,4.237999,983,0,1.125999,1.775,234.5,226.600098,59.74
06/03/2023 02:00,3.956001,982,0,0.65,1.291,204.399902,198.5,87.99
06/03/2023 03:00,4.147003,980,0,1.950001,2.541,223.100098,209.100098,135.35
06/03/2023 04:00,4.340004,979,0,1.579,2.361,238.300049,236.899902,194.43
06/03/2023 05:00,4.304001,978,0,0.791,1.460001,238.399902,239.199951,305.25
06/03/2023 06:00,4.854004,977,0,1.269001,2.688999,275.700195,260.899902,399.84
06/03/2023 07:00,5.246002,976,0,1.332001,2.146999,241.899902,244.899902,487.75
06/03/2023 08:00,5.657997,976,0,2.139,3.744999,245,257.100098,580.11
06/03/2023 09:00,6.337997,976,0,2.361,4.217003,276.100098,262,774.12
06/03/2023 10:00,6.956001,975,0,2.105,2.973,271.899902,272.700195,908.46
06/03/2023 11:00,7.896004,974,0,2.931999,4.849998,269.100098,260.299805,1019.34
06/03/2023 12:00,7.420998,974,0,2.52,5.027,263.100098,260.100098,1061.78
06/03/2023 13:00,7.848,973,0,3.034,4.667999,276.100098,261.399902,1241.20
06/03/2023 14:00,5.560997,973,0,2.778999,4.826004,267.100098,264.5,1138.71
06/03/2023 15:00,6.822998,973,0,2.834,4.161003,260.799805,257.700195,1103.89
06/03/2023 16:00,7.183998,972,0,2.804001,4.140999,293.700195,288.5,1097.53
06/03/2023 17:00,6.705002,972,0,2.927002,4.616997,284.899902,282.299805,1031.90
06/03/2023 18:00,5.653,972,0,2.368999,3.769001,268.600098,262.5,889.35
06/03/2023 19:00,4.818001,972,0,1.259001,2.695,268.700195,263.200195,754.60
06/03/2023 20:00,4.327003,972,0,1.534,2.797001,268.100098,265.5,557.77
06/03/2023 21:00,4.235001,972,0,1.335001,2.563,268.100098,260.100098,457.31
06/03/2023 22:00,4.074997,971,0,0.327,1.051001,300.399902,278.5,370.60
06/03/2023 23:00,4.114998,971,0,1.184,2.177002,264.700195,258.899902,347.42
07/03/2023 00:00,4.225998,971,0,0.911,1.973,272.799805,280.5,252.77
07/03/2023 01:00,3.907001,971,0,1.579,3.025002,357.200195,348.600098,231.80
07/03/2023 02:00,2.960999,971,0,1.593,2.601002,0.448,346.799805,186.59
07/03/2023 03:00,2.445,971,0,2.693001,3.691002,16.700012,0.536,194.92
07/03/2023 04:00,2.033001,970,0,1.705,2.488998,14.270004,356.700195,245.27
07/03/2023 05:00,1.243,970,0,0.998,1.909,356.399902,336.899902,241.52
07/03/2023 06:00,0.722,970,0,0.57,1.032,25.230011,341.799805,194.36
07/03/2023 07:00,0.511,970,0,0.851,1.384001,274.200195,280.899902,151.62
07/03/2023 08:00,1.292,971,0,1.211,1.788,320.899902,321.200195,249.23
07/03/2023 09:00,2.448002,971,0,2.743999,3.727001,355.399902,336.600098,434.69
07/03/2023 10:00,3.02,971,0,2.047001,3.464001,349.100098,333.100098,759.48
07/03/2023 11:00,3.702999,971,0,2.792,4.448997,351.200195,340.700195,1127.31
07/03/2023 12:00,4.856003,971,0,1.974001,3.134998,328.299805,320.100098,1346.38
07/03/2023 13:00,5.240997,971,0,2.057999,3.285,338.600098,331.200195,1642.81
07/03/2023 14:00,5.694,971,0,2.443001,3.645,346.600098,336.5,1870.07
07/03/2023 15:00,6.190002,971,0,2.302002,3.469002,281.200195,287.399902,1740.95
07/03/2023 16:00,5.635002,971,0,2.175999,3.243,303.299805,283.700195,1338.67
07/03/2023 17:00,5.628998,971,0,1.829,3.415001,267.899902,261,1087.46
07/03/2023 18:00,3.938,971,0,0.937,1.809,264.100098,273.600098,285.76
07/03/2023 19:00,2.675999,971,0,0.859,1.146999,250.699951,264.799805,161.23
07/03/2023 20:00,1.15,972,0,0.49,1.246,266.600098,257.299805,105.35
07/03/2023 21:00,0.535,971,0,0.661,1.438999,273.799805,265,64.11
07/03/2023 22:00,-0.474,971,0,0.467,1.063,0,273.399902,35.80
07/03/2023 23:00,-1.177999,970,0,0.789,0.996,198.600098,231.100098,23.46
08/03/2023 00:00,-1.041,969,0,0.674,1.424999,268.899902,263,19.52
08/03/2023 01:00,-1.409,969,0,1.416,2.026001,236.699951,239.300049,19.92
08/03/2023 02:00,-1.351,968,0,0.917,1.457001,244.5,251.199951,31.97
08/03/2023 03:00,-1.704,967,0,0.636,1.027,236.100098,239.199951,69.12
08/03/2023 04:00,-1.916,966,0,0.267,0.699,0,249.5,102.03
08/03/2023 05:00,-1.482,965,0,0.585,1.228001,0,326.899902,120.05
08/03/2023 06:00,-1.121,965,0,0.909,1.499001,342.700195,348.799805,142.03
08/03/2023 07:00,-1.268,965,0,1.712999,2.172001,358.799805,4.433998,190.20
08/03/2023 08:00,-1.173,965,0,1.747999,2.137001,20.790009,12.889999,268.62
08/03/2023 09:00,-0.701,965,0,1.152,1.444,7.281998,358,457.91
08/03/2023 10:00,0.14,965,0,1.507,2.030998,23.149994,11.770004,755.73
08/03/2023 11:00,1.318001,964,0,2.595001,3.339001,21.290009,16.769989,1010.33
08/03/2023 12:00,3.139999,964,0,3.997002,6.504997,60.359985,56.830017,911.74
08/03/2023 13:00,3.273998,964,0,3.014999,4.759003,56.309998,51.929993,683.21
08/03/2023 14:00,0.408,964,0,1.603001,3.16,80.900024,88.400024,698.99
08/03/2023 15:00,0.776,963,0,1.499001,2.398998,70.630005,81,846.83
08/03/2023 16:00,0.97,963,0,1.788,2.631001,63.179993,67.75,770.61
08/03/2023 17:00,0.858,963,0,2.488998,4.153,71.48999,68.680054,794.58
08/03/2023 18:00,0.616,963,0,2.594002,4.429001,66.560059,59.73999,749.67
08/03/2023 19:00,0.776,964,0,1.612,2.420002,62.330017,53.5,704.41
08/03/2023 20:00,0.703,964,0,2.181999,3.089001,36.599976,28.059998,671.21
08/03/2023 21:00,0.474,964,0,2.055,2.804001,35.690002,27.26001,595.40
08/03/2023 22:00,0.37,964,0,1.826,4.720001,36.210022,26.399994,446.27
08/03/2023 23:00,0.477,965,0,2.762001,3.542999,33.539978,27.929993,422.64
09/03/2023 00:00,0.361,965,0,2.507999,3.755001,39.280029,29.950012,395.55
09/03/2023 01:00,0.419,966,0,2.377998,3.334,37.97998,36.450012,386.92
09/03/2023 02:00,0.496,966,0,1.562,2.269001,45.580017,32.450012,285.80
09/03/2023 03:00,0.582,966,0,0.561,1.042999,356.899902,2.374001,235.39
09/03/2023 04:00,0.53,966,0,1.215,1.902,48.690002,31.940002,223.93
09/03/2023 05:00,0.458,967,0,0.971,1.660999,58.059998,39.599976,245.87
09/03/2023 06:00,0.184,967,0,1.215,1.797001,36.460022,28.079987,271.01
09/03/2023 07:00,0.238,967,0,1.893,2.597,44.830017,32.799988,327.44
09/03/2023 08:00,0.253,967,0,1.723,2.269001,40.97998,47.690002,429.09
09/03/2023 09:00,0.426,967,0,2.210999,3.055,59.470032,45.52002,546.44
09/03/2023 10:00,0.706,967,0,1.698999,2.701,57.380005,62.440002,591.65
09/03/2023 11:00,0.541,966,0,1.674999,2.623001,60.119995,64.810059,662.78
09/03/2023 12:00,0.752,966,0,2.202999,3.555,75.079956,73.790039,638.97
09/03/2023 13:00,1.02,965,0,3.138,3.802002,62.320007,74.619995,692.84
09/03/2023 14:00,1.094999,964,0.2,2.57,3.761002,69.530029,70.440063,756.09
09/03/2023 15:00,0.464,964,0,1.952999,2.934002,57.140015,64.459961,772.29
09/03/2023 16:00,0.658,963,0,2.205002,3.161999,59.27002,55.809998,761.09
09/03/2023 17:00,0.585,962,0,2.229,3.367001,64.630005,58.570007,760.45
09/03/2023 18:00,0.715,962,0,2.466999,3.015999,45.549988,45.970032,801.49
09/03/2023 19:00,0.44,961,0,2.528999,3.389999,43.659973,46.599976,839.61
09/03/2023 20:00,0.659,960,0,3.123001,6.460999,44.460022,76.810059,850.32
09/03/2023 21:00,0.696,960,0.2,2.632999,4.055,48.619995,45.030029,865.45
09/03/2023 22:00,0.76,959,0,3.091,4.584999,47.179993,49.960022,817.46
09/03/2023 23:00,0.854,959,0,3.403,4.948997,44.330017,38.02002,837.43
10/03/2023 00:00,0.54,959,0,3.292,4.509003,31.73999,27.149994,901.92
10/03/2023 01:00,0.332,959,0,3.476002,4.378998,33.890015,33.099976,936.23
10/03/2023 02:00,0.378,959,0,4.551003,6.260002,39.309998,24.940002,978.59
10/03/2023 03:00,0.509,960,0,3.701,5.107002,40.539978,36.609985,1047.83
10/03/2023 04:00,0.57,961,0,4.760002,7.133003,38.150024,33.409973,1131.72
10/03/2023 05:00,0.259,963,0,4.502998,4.047997,34.419983,18.380005,1161.92
10/03/2023 06:00,0.321,964,0,7.877998,5.939003,0,3.363998,1096.13
10/03/2023 07:00,0.347,967,0,4.036003,5.682999,18.619995,4.338997,987.92
10/03/2023 08:00,0.356,969,0,3.375,4.625,0.269,339.299805,934.68
10/03/2023 09:00,0.652,972,0,2.549,4.255997,6.620003,347,907.07
10/03/2023 10:00,1.068001,973,0,3.561001,5.237999,327.399902,327.299805,924.90
10/03/2023 11:00,1.193001,975,0,2.797001,4.527,332.899902,331.399902,896.75
10/03/2023 12:00,2.498001,975,0,3.376999,5.184998,324.100098,320.200195,872.83
10/03/2023 13:00,3.998001,977,0,1.987,3.816002,321.299805,317.899902,873.57
10/03/2023 14:00,4.237,978,0.2,2.504002,4.222,301.799805,309,799.34
10/03/2023 15:00,4.743004,979,0,2.587002,3.288002,325.5,305.5,709.77
10/03/2023 16:00,4.719002,979,0,2.271,4.345001,334.200195,328.5,496.07
10/03/2023 17:00,4.158997,980,0,1.653,2.845001,314.299805,302.100098,161.58
10/03/2023 18:00,2.456001,981,0,1.413,2.542,252,247.600098,66.88
10/03/2023 19:00,0.978,981,0,0.985,1.943001,235.100098,234.300049,39.08
10/03/2023 20:00,0.366,981,0,1.051001,1.773001,259.200195,250,26.25
10/03/2023 21:00,-0.415,982,0,1.527,2.514999,244.399902,244.699951,28.56
10/03/2023 22:00,-0.624,982,0,1.521999,2.589001,233.399902,226.899902,20.67
10/03/2023 23:00,-0.347,983,0,1.318001,2.042999,258,249.699951,21.17
11/03/2023 00:00,-1.204,983,0,0.556,1.144001,234.300049,247.199951,24.96
11/03/2023 01:00,-1.603001,983,0,0.893,1.33,240.100098,248.800049,24.16
11/03/2023 02:00,-1.823,982,0,1.049,1.429001,238.399902,237.300049,22.49
11/03/2023 03:00,-2.259998,982,0,0.955,1.389999,231.899902,240.399902,23.67
11/03/2023 04:00,-2.772999,982,0,0.629,1.365999,0,262.100098,24.41
11/03/2023 05:00,-2.584999,983,0,0.91,1.445,209.300049,226,24.67
11/03/2023 06:00,-2.547001,983,0,0.541,0.859,232.100098,248.100098,25.45
11/03/2023 07:00,-2.205002,983,0,0.407,0.301,104.699951,32.320007,28.57
11/03/2023 08:00,-1.211,983,0,0.653,1.066999,0,213.300049,37.56
11/03/2023 09:00,1.465,983,0,0.389,0.569,188,236.899902,55.00
11/03/2023 10:00,3.383999,983,0,1.899,2.655998,233.800049,222.800049,138.63
11/03/2023 11:00,4.175003,983,0,2.578999,2.942001,224.5,209.300049,238.58
11/03/2023 12:00,5.277,983,0,2.268002,3.101002,201.699951,185.899902,290.11
11/03/2023 13:00,5.709,982,0,3.16,4.168999,207.899902,197.399902,328.48
11/03/2023 14:00,5.429001,982,0,1.566999,2.939999,162.199951,150.399902,339.28
11/03/2023 15:00,5.426003,981,0,1.648001,2.681,145.600098,137.800049,361.24
11/03/2023 16:00,5.348,981,0.2,1.871,3.247002,170.100098,158.699951,354.68
11/03/2023 17:00,3.069,981,0,2.391998,4.392998,158.899902,150.399902,436.50
11/03/2023 18:00,2.179001,980,0.2,1.198999,1.896999,131.600098,112.900024,429.52
11/03/2023 19:00,2.335999,980,0,0.504,0.931,175.100098,131.199951,516.08
11/03/2023 20:00,1.799,979,0.2,1.452,2.485001,134.5,130.600098,488.64
11/03/2023 21:00,1.507999,979,0,1.162001,1.889,138.899902,132.5,592.77
11/03/2023 22:00,0.635,977,0,0.831,1.688999,148.5,128.899902,537.54
11/03/2023 23:00,0.963,976,0,0.961,1.93,177.5,156.300049,489.40
12/03/2023 00:00,1.636999,975,0,1.337999,2.140999,186.300049,173.100098,374.28
12/03/2023 01:00,2.203999,975,0,0.765,1.273001,194.899902,185.399902,277.80
12/03/2023 02:00,2.821999,974,0,1.975,3.226002,226.800049,219.300049,298.60
12/03/2023 03:00,4.605003,973,0,3.026001,4.229004,225.800049,217.199951,472.69
12/03/2023 04:00,5.699997,974,0,0.86,1.735001,252.100098,231,659.59
12/03/2023 05:00,7.435997,974,0,1.503,2.437,249.5,245.100098,775.76
12/03/2023 06:00,7.18,975,0,1.961,2.814999,195.699951,192.100098,821.25
12/03/2023 07:00,7.422997,975,0,0.888,1.516001,227.100098,209.800049,894.80
12/03/2023 08:00,7.596001,976,0,1.958,3.07,201.600098,188.199951,869.88
12/03/2023 09:00,8.809998,976,0,3.547001,4.341003,227.899902,225.5,709.22
12/03/2023 10:00,8.940002,975,0,4.042,4.922997,227.300049,219.199951,720.61
12/03/2023 11:00,9.789993,975,0,3.640999,4.568001,210.699951,207,776.58
12/03/2023 12:00,11.059998,975,0,3.921001,4.329002,230.699951,224.100098,840.43
12/03/2023 13:00,12.240005,974,0,3.798,5.503998,201.899902,192.300049,799.25
12/03/2023 14:00,12.440002,974,0,4.947998,6.082001,219.199951,204,946.89
12/03/2023 15:00,12.350006,973,0,3.588001,4.487,216.100098,205.399902,964.80
12/03/2023 16:00,12.110001,972,0,2.598,3.289001,189,188.199951,860.31
12/03/2023 17:00,11.229996,970,0,4.252998,5.388,212.399902,201.899902,778.71
12/03/2023 18:00,10.630005,969,0,4.153999,5.618004,190.800049,185.300049,763.67
12/03/2023 19:00,10.470001,968,0,4.209,5.518997,226.300049,216.399902,686.85
12/03/2023 20:00,10.039993,966,0,3.851002,4.606003,220.100098,210.300049,631.12
12/03/2023 21:00,9.550003,965,0,2.005001,2.761002,189.699951,178.100098,660.65
12/03/2023 22:00,9.740005,962,0,2.611,3.702999,181.199951,175,698.23
12/03/2023 23:00,10.020004,960,0,1.938999,3.998001,174.600098,165.899902,700.64
13/03/2023 00:00,10.869995,958,0,2.477001,3.331001,159.300049,156.699951,789.44
13/03/2023 01:00,11.460007,956,0,3.646999,4.253998,208.399902,190.399902,885.25
13/03/2023 02:00,11.930008,954,0,5.449997,6.566002,215.199951,209.800049,974.28
13/03/2023 03:00,12.369995,953,0,6.708,8.880005,222.399902,210,1153.39
13/03/2023 04:00,12.130005,952,0,7.416,9.460007,223.899902,212.600098,1414.85
13/03/2023 05:00,12.320007,951,0,5.505997,7.189003,216.399902,211.800049,1420.65
13/03/2023 06:00,12.539993,949,0,7.764,10.080002,231.300049,218.100098,1491.52
13/03/2023 07:00,11.119995,949,0,7.829002,9.570007,221.899902,215.5,1558.55
13/03/2023 08:00,10.619995,949,0,7.059998,7.182999,222.899902,214.699951,1590.27
13/03/2023 09:00,11.160004,948,0,6.067001,7.289001,227.699951,216.300049,1573.04
13/03/2023 10:00,11.580002,947,0,6.960999,9.690002,223.100098,216.899902,1467.28
13/03/2023 11:00,12,947,0,7.931,9.589996,230.199951,224.600098,1551.14
13/03/2023 12:00,12.75,947,0,9.070007,12.710007,236.5,226.699951,1482.32
13/03/2023 13:00,11.080002,948,0,6.929001,8.589996,226.600098,222.399902,1543.78
13/03/2023 14:00,10.740005,948,0,5.789001,7.169998,232,224.600098,1563.12
13/03/2023 15:00,12.139999,948,0,6.866997,8.509995,227.100098,225,1516.21
13/03/2023 16:00,10.800003,948,0,7.144997,7.542,229,210.199951,1439.59
13/03/2023 17:00,11.050003,948,0,4.602997,6.476997,231.100098,224.600098,1352.40
13/03/2023 18:00,10.589996,948,0,4.378998,4.887001,218.600098,215,1239.43
13/03/2023 19:00,10.320007,948,0,4.119003,5.794998,199.5,191.300049,1149.72
13/03/2023 20:00,9.789993,949,0,3.388,4.625,215.199951,210.600098,920.22
13/03/2023 21:00,7.195,951,0,2.466999,4.441002,297.100098,33.090027,818.00
13/03/2023 22:00,6.489998,952,0,1.804001,2.778,300.5,307.100098,814.79
13/03/2023 23:00,4.601997,954,0,1.839001,3.678001,316.200195,325.899902,763.36
14/03/2023 00:00,4.486,956,0,1.782,3.215,308.399902,305.799805,721.51
14/03/2023 01:00,4.355003,958,0,1.620001,2.831001,312.5,317.100098,726.26
14/03/2023 02:00,3.869999,960,0,2.133999,3.005001,354.200195,335.299805,758.55
14/03/2023 03:00,3.104,961,0,2.755001,5.144997,345.200195,329.200195,725.16
14/03/2023 04:00,3.077999,963,0,2.201,3.963001,348.600098,330.899902,739.10
14/03/2023 05:00,2.77,966,0,2.189999,3.606998,14.169998,344.200195,815.00
14/03/2023 06:00,2.641998,968,0,2.237,3.291,343.700195,336.799805,724.74
14/03/2023 07:00,2.566002,970,0,2.445,4.186996,321.600098,314.700195,556.23
14/03/2023 08:00,3.230999,972,0,1.693001,3.153,297.399902,301.299805,560.95
14/03/2023 09:00,4.140999,974,0,2.411999,4.128998,298.600098,291.899902,872.89
14/03/2023 10:00,4.899002,976,0,2.170002,3.479,268.700195,265.200195,1133.66
14/03/2023 11:00,6.172997,977,0,3.526001,4.234001,281.600098,281.299805,1249.56
14/03/2023 12:00,2.659,978,0,2.423,3.457001,260.100098,252.100098,1272.36
14/03/2023 13:00,6.378998,978,0,2.778999,5.221001,269.5,262.700195,1243.08
14/03/2023 14:00,4.986,978,0,2.645,4.364998,263.899902,270.299805,1399.93
14/03/2023 15:00,3.599998,979,0,3.587002,6.008003,273.799805,264.600098,1166.92
14/03/2023 16:00,3.174,980,0,2.117001,3.492001,259.200195,263.700195,1007.13
14/03/2023 17:00,4.113998,981,0,1.740999,3.023998,281.200195,275,901.86
14/03/2023 18:00,3.627998,982,0,0.835,1.500999,261.5,265.299805,745.96
14/03/2023 19:00,3.546001,983,0,0.412,1.042,264.600098,274.799805,606.48
14/03/2023 20:00,3.09,984,0,0.581,1.419001,0,258,476.48
14/03/2023 21:00,1.613001,985,0,0.903,1.509001,286.5,279.600098,343.79
14/03/2023 22:00,1.145,985,0,1.231001,1.240999,129.699951,124.300049,116.03
14/03/2023 23:00,0.044,986,0,0.32,0.709,238,357.5,71.55
15/03/2023 00:00,0.043,987,0,0.397,1.055,247.300049,261.5,60.16
15/03/2023 01:00,0.008,988,0,0.843,1.437,232.5,245.899902,46.39
15/03/2023 02:00,-0.532,989,0,0.5,1.247,0,256.100098,34.17
15/03/2023 03:00,-1.155001,989,0,0.385,1.143,236.600098,256.100098,29.08
15/03/2023 04:00,-1.223,989,0,0.751,1.531,244.600098,249,23.57
15/03/2023 05:00,-1.881001,989,0,0.459,0.955,257.799805,267,22.91
15/03/2023 06:00,-1.937,989,0,1.129,1.368999,239.300049,251.5,35.81
15/03/2023 07:00,-1.268,990,0,0.314,0.793,336.200195,255.199951,47.11
15/03/2023 08:00,0.382,989,0,2.384998,3.045002,209.800049,203,91.60
15/03/2023 09:00,2.478001,990,0,1.725,2.069,188.800049,173.800049,240.60
15/03/2023 10:00,3.219002,989,0,2.446999,3.083,205.5,188.199951,620.15
15/03/2023 11:00,4.182999,989,0,3.965,4.968002,221.399902,211.699951,835.68
15/03/2023 12:00,5.775002,989,0,2.963001,3.915001,217.699951,210,983.24
15/03/2023 13:00,6.129997,988,0,3.938,4.594002,213.300049,203.300049,977.49
15/03/2023 14:00,6.274002,987,0,3.036999,3.973999,215.5,196.899902,1038.07
15/03/2023 15:00,6.332001,987,0,4.382004,5.022003,212.800049,204.800049,863.00
15/03/2023 16:00,5.537003,986,0,2.862,3.786999,209.5,189.199951,699.40
15/03/2023 17:00,4.878998,986,0,2.167,3.110001,180.800049,165.800049,707.32
15/03/2023 18:00,4.644997,985,0,1.079,2.120998,131.300049,135.199951,742.05
15/03/2023 19:00,4.834999,984,0,1.796,2.990002,151,162.800049,730.85
15/03/2023 20:00,5.015999,983,0,1.361,2.295002,161.399902,143.800049,734.17
15/03/2023 21:00,5.484001,982,0,1.896,3.493,167.800049,159.5,762.47
15/03/2023 22:00,5.903,981,0,2.373001,3.943001,171.699951,159.300049,662.55
15/03/2023 23:00,6.134003,980,0,2.139,3.556,171.699951,162.800049,603.69
16/03/2023 00:00,6.397003,979,0,1.789,2.907001,168.199951,155.5,583.23
16/03/2023 01:00,7.107002,978,0,3.056999,4.088997,192.800049,178.199951,613.36
16/03/2023 02:00,7.686996,976,0,1.986,2.782001,172.199951,171.399902,666.15
16/03/2023 03:00,8.389999,975,0,2.226002,2.824001,173.100098,165.899902,748.35
16/03/2023 04:00,8.970001,974,0,3.963001,5.193001,222.899902,203.300049,857.55
16/03/2023 05:00,9.259995,974,0,4.002998,5.198997,219.5,207.699951,948.89
16/03/2023 06:00,9.770004,974,0,3.776001,4.922997,218.899902,212.199951,986.62
16/03/2023 07:00,10.029999,973,0,3.488998,5.230003,216,211.5,874.45
16/03/2023 08:00,10.330002,973,0,6.250999,7.499001,215.699951,211,856.57
16/03/2023 09:00,11.029999,973,0,5.857002,7.278,223,209.800049,959.62
16/03/2023 10:00,10.550003,974,0,4.044998,4.661003,210.699951,197.800049,966.71
16/03/2023 11:00,10.930008,973,0,3.066002,4.175003,180.100098,173.199951,997.15
16/03/2023 12:00,12.039993,973,0,5.257004,6.523003,210.600098,196.300049,981.28
16/03/2023 13:00,12.059998,973,0,3.747002,4.827003,224.899902,203.100098,996.01
16/03/2023 14:00,12.449997,972,0,4.755997,6.130997,222.399902,210.699951,930.22
16/03/2023 15:00,12.339996,972,0,5.451004,6.93,217.300049,200.600098,928.42
16/03/2023 16:00,11.660004,972,0,4.640999,6.133003,217,204.5,835.78
16/03/2023 17:00,10.930008,972,0,3.999001,5.202003,217.100098,199,817.04
16/03/2023 18:00,10.580002,972,0,4.024002,5.084,201,189.300049,745.24
16/03/2023 19:00,10.589996,972,0,2.988998,3.300999,197,184.5,700.81
16/03/2023 20:00,10.639999,972,0,1.676001,2.611,177.699951,174.899902,681.39
16/03/2023 21:00,10.740005,972,0,3.805,4.446999,206.699951,191.600098,639.36
16/03/2023 22:00,10.619995,972,0,3.075001,3.528999,223.800049,206.699951,591.02
16/03/2023 23:00,10.759995,972,0,2.581001,3.025002,211.100098,206.5,550.53
17/03/2023 00:00,10.720001,972,0,2.182999,2.904999,235.300049,218.399902,563.39
17/03/2023 01:00,10.529999,972,0,2.145,2.782001,223.800049,207.5,646.14
17/03/2023 02:00,10.259995,972,0,2.216,3.140999,235.199951,226.199951,709.88
17/03/2023 03:00,10.029999,972,0,2.165001,2.903,214.5,207.899902,683.25
17/03/2023 04:00,10.229996,972,0,1.405001,1.851999,188.600098,178,639.83
17/03/2023 05:00,10.110001,972,0,1.019001,1.396,220.100098,219.800049,643.76
17/03/2023 06:00,10.020004,972,0,2.207001,2.837002,203.800049,199.5,645.96
17/03/2023 07:00,9.820007,973,0,1.445,2.543999,156.699951,148.800049,607.38
17/03/2023 08:00,10.050003,973,0,2.390999,2.805,205.800049,198.600098,595.42
17/03/2023 09:00,10.539993,973,0,3.045002,3.474998,220.899902,217.100098,609.64
17/03/2023 10:00,11.309998,974,0,3.507,4.873001,219.800049,206.100098,807.19
17/03/2023 11:00,12.529999,974,0,3.192001,3.974998,214.100098,203.600098,837.92
17/03/2023 12:00,14.470001,974,0,3.465,4.456001,217.899902,205.800049,940.08
17/03/2023 13:00,14.309998,973,0,3.285,4.112,234.5,218.699951,1073.70
17/03/2023 14:00,15.080002,973,0,3.521999,5.112999,197.5,186.5,1203.24
17/03/2023 15:00,15.300003,973,0,3.076,3.451,219.5,201.100098,1176.34
17/03/2023 16:00,14.899994,972,0,3.054001,4.169998,207.399902,198.100098,704.60
17/03/2023 17:00,12.820007,973,0,2.471001,3.684002,266.899902,267.100098,572.48
17/03/2023 18:00,11.199997,973,0,1.75,2.807999,181.800049,179.300049,424.75
17/03/2023 19:00,9.889999,974,0,1.351,2.052002,81.900024,85.900024,289.00
17/03/2023 20:00,9.960007,974,0,0.755,1.417999,135,131.199951,285.76
17/03/2023 21:00,9.259995,974,0,0.67,0.671,88.5,110,321.81
17/03/2023 22:00,9.119995,975,0,0.232,0.85,136.399902,218.800049,287.82
17/03/2023 23:00,10.25,975,0,1.962999,2.603001,211.300049,193.600098,248.84
18/03/2023 00:00,10.229996,975,0,1.136999,1.92,205.100098,195.899902,258.48
18/03/2023 01:00,10.080002,975,0,0.444,0.815,137.399902,194.899902,277.47
18/03/2023 02:00,10.050003,975,0,1.511999,2.000999,203.100098,186.199951,270.96
18/03/2023 03:00,10.039993,975,0,1.174999,1.816999,192.5,174.5,251.14
18/03/2023 04:00,9.660004,975,0,0.735,1.02,181.399902,173.100098,178.52
18/03/2023 05:00,9.589996,975,0,1.399,2.285,146,150.800049,171.30
18/03/2023 06:00,9.839996,976,0,2.466999,3.411999,185.399902,183.600098,174.75
18/03/2023 07:00,9.5,976,0,1.246,2.071999,121.099976,133.199951,202.04
18/03/2023 08:00,10.440002,977,0,1.063,1.465,225.600098,207.5,274.86
18/03/2023 09:00,11.050003,977,0,0.862,1.381001,186.800049,155.800049,436.27
18/03/2023 10:00,12.210007,977,0,1.796,2.27,205.100098,197.300049,495.80
18/03/2023 11:00,12.830002,977,0,2.153,2.528999,202,197.100098,765.41
18/03/2023 12:00,13.440002,977,0,1.392,1.572001,212.699951,193.199951,940.15
18/03/2023 13:00,13.460007,977,0,1.653,2.648998,168.399902,170.800049,898.37
18/03/2023 14:00,13.630005,977,0,1.769001,2.629002,131.5,133,1030.23
18/03/2023 15:00,13.919998,976,0,1.042999,1.555,164.600098,144.199951,921.81
18/03/2023 16:00,12.320007,976,0.2,2.629002,3.886002,208,201,785.21
18/03/2023 17:00,12.160004,977,0,1.184999,1.766001,44.849976,29.660004,515.98
18/03/2023 18:00,11.619995,978,0,0.822001,1.399,277.399902,272.600098,394.51
18/03/2023 19:00,10.869995,979,0,0.722,1.296,247.300049,253.199951,409.20
18/03/2023 20:00,10.309998,979,0,1.243,2.459,263,256.600098,457.30
18/03/2023 21:00,10.360001,980,0,1.700001,3.449001,269,263.899902,508.69
18/03/2023 22:00,8.149994,981,0,3.126999,4.870003,294.899902,277.700195,637.03
18/03/2023 23:00,7.712997,981,0,3.155998,4.967003,274,268.399902,699.85
19/03/2023 00:00,7.499001,982,0,3.332001,4.908997,290.799805,289.5,756.75
19/03/2023 01:00,6.781998,983,0,1.514999,3.359001,291.299805,286.700195,741.37
19/03/2023 02:00,6.688004,983,0,3.323002,4.079002,285.299805,285.200195,711.56
19/03/2023 03:00,6.730003,984,0,2.027,3.601002,294.200195,287.200195,664.22
19/03/2023 04:00,6.488998,984,0,1.431999,2.381001,296.100098,283.600098,666.26
19/03/2023 05:00,6.380997,985,0,2.077999,3.019001,291.399902,296.299805,631.06
19/03/2023 06:00,6.195,986,0,1.385,2.648998,287.299805,291.700195,626.51
19/03/2023 07:00,6.586998,986,0,1.226999,1.916,294.5,282.600098,649.01
19/03/2023 08:00,8.059998,987,0,1.789,2.413002,296.299805,285.899902,678.52
19/03/2023 09:00,9.139999,988,0,3.216999,4.701004,298.100098,294.200195,749.20
19/03/2023 10:00,9.660004,989,0,2.289001,3.578999,304.899902,289.700195,834.19
19/03/2023 11:00,10.550003,989,0,2.300999,3.420002,263.600098,267.799805,876.15
19/03/2023 12:00,10.820007,989,0,1.830999,2.993,259.899902,271.899902,933.70
19/03/2023 13:00,10.720001,990,0,1.863001,2.687,290.399902,277.5,961.30
19/03/2023 14:00,10.770004,990,0,3.214001,4.415001,252,253.5,990.03
19/03/2023 15:00,10.949997,990,0,2.328999,3.119999,266.700195,271.299805,959.62
19/03/2023 16:00,10.190002,990,0,2.219002,3.522999,286.899902,283.700195,904.51
19/03/2023 17:00,9.570007,990,0,2.319,3.352001,258.600098,264.899902,882.89
19/03/2023 18:00,9.330002,991,0,1.217001,2.075001,247.600098,243.5,661.68
19/03/2023 19:00,8.740005,991,0,0.841,1.362,237.5,245.699951,404.47
19/03/2023 20:00,8.949997,991,0,1.409,1.792999,212.399902,208.300049,244.17
19/03/2023 21:00,8.770004,991,0,1.413,1.910999,202.399902,203.199951,180.94
19/03/2023 22:00,8.330002,990,0,2.434002,3.16,220,212.699951,360.86
19/03/2023 23:00,7.866997,990,0,2.627998,3.327,223.199951,216,442.61
20/03/2023 00:00,7.698997,989,0,3.578999,3.955002,221.899902,217.600098,419.93
20/03/2023 01:00,7.429001,989,0,3.977001,5.188004,221.899902,207.399902,439.57
20/03/2023 02:00,7.288002,988,0,4.165001,5.264999,224.800049,212.100098,457.71
20/03/2023 03:00,7.149002,988,0,2.152,2.817001,218,216.800049,473.48
20/03/2023 04:00,7.533997,987,0,2.740002,3.715,214.699951,202.800049,462.89
20/03/2023 05:00,7.723,987,0,3.530998,4.289001,217.600098,208.899902,455.47
20/03/2023 06:00,7.947998,987,0,2.708,3.137001,213.399902,204.600098,453.51
20/03/2023 07:00,8.589996,987,0,3.226002,4.278999,211.199951,203.899902,429.43
20/03/2023 08:00,9.419998,987,0,3.68,4.490997,224.899902,208.899902,431.63
20/03/2023 09:00,10.440002,987,0,2.514,3.661999,230,211.199951,467.41
20/03/2023 10:00,11.389999,987,0,2.216999,2.639999,229.600098,219.5,488.29
20/03/2023 11:00,12.419998,987,0,3.095001,3.581001,231.199951,224.5,533.60
20/03/2023 12:00,13.339996,987,0,2.196999,2.945,241.600098,233.800049,618.75
20/03/2023 13:00,13.889999,987,0,2.771999,3.480999,231.399902,225.600098,672.72
20/03/2023 14:00,14.960007,986,0,2.268002,2.566002,223.199951,218.199951,822.08
20/03/2023 15:00,15.059998,986,0,2.605999,4.002998,241.100098,241,1011.40
20/03/2023 16:00,15.180008,986,0,1.660999,2.345001,232,221.399902,1016.95
20/03/2023 17:00,14.830002,985,0,3.266998,3.841999,220.699951,210.800049,789.32
20/03/2023 18:00,14.259995,985,0,2.311001,2.969002,214.899902,202.399902,445.44
20/03/2023 19:00,12.899994,985,0,1.357,2.249001,179.899902,173.100098,496.81
20/03/2023 20:00,12.610001,985,0,2.612999,3.077999,197.899902,188.399902,555.81
20/03/2023 21:00,12.070007,984,0,2.098999,2.868,195.300049,180,544.72
20/03/2023 22:00,11.680008,983,0,2.442001,3.339001,204.100098,188.600098,618.63
20/03/2023 23:00,11.520004,983,0,3.137001,4.251999,198.899902,192.100098,632.12
21/03/2023 00:00,11,982,0,3.249001,4.226997,219.100098,209.300049,684.07
21/03/2023 01:00,10.430008,981,0,2.587002,4.079002,212.5,200.699951,670.08
21/03/2023 02:00,9.919998,980,0,4.235001,5.894997,208.399902,198.100098,684.93
21/03/2023 03:00,10.039993,980,0,3.832001,4.970001,212.199951,198.699951,684.25
21/03/2023 04:00,10.160004,979,0,3.306,4.918999,212,194.899902,624.67
21/03/2023 05:00,10.110001,978,0,2.735001,3.324001,190.100098,184.800049,620.83
21/03/2023 06:00,10.130005,978,0,3.271,4.406998,211.199951,196.899902,639.59
21/03/2023 07:00,10.210007,977,0,2.959,3.797001,205.300049,196.699951,755.91
21/03/2023 08:00,10.699997,977,0,3.612,3.981998,213.399902,192.100098,868.86
21/03/2023 09:00,11.210007,977,0,3.658001,4.763,204.800049,200.5,901.35
21/03/2023 10:00,12.119995,976,0,3.897999,4.974998,208.199951,195.100098,1053.17
21/03/2023 11:00,13.350006,976,0,3.759998,4.384003,214.100098,200.399902,1312.46
21/03/2023 12:00,13.440002,976,0,4.601997,5.883003,220.399902,211.399902,1464.31
21/03/2023 13:00,14.5,975,0,3.473,5.125,251.800049,231,1410.81
21/03/2023 14:00,13.889999,975,0,5.983002,7.513,229.100098,219.5,1369.99
21/03/2023 15:00,13.899994,974,0,4.311996,5.705002,231.899902,222.699951,1332.08
21/03/2023 16:00,14.210007,974,0,4.504997,6.689003,243.800049,237.699951,1457.78
21/03/2023 17:00,12.910004,974,0,5.307999,6.925003,232.5,228.199951,1394.39
21/03/2023 18:00,11.910004,974,0,4.513,5.661003,227.5,216.600098,1291.97
21/03/2023 19:00,11.330002,973,0,4.413002,5.275002,220.100098,211.300049,1218.99
21/03/2023 20:00,10.460007,973,0,3.581001,5.102997,225.399902,208.199951,1185.52
21/03/2023 21:00,9.639999,972,0,3.938999,5.629997,204,199.699951,1094.83
21/03/2023 22:00,9.360001,970,0,3.992001,5.220001,183.800049,177.199951,1183.08
21/03/2023 23:00,9.770004,969,0,4.965004,6.219002,203.399902,194.600098,1232.00
22/03/2023 00:00,10.080002,967,0,3.93,5.849998,195.199951,179.199951,1181.53
22/03/2023 01:00,10.110001,966,0,4.487999,5.154999,197.600098,191.5,1171.83
22/03/2023 02:00,10.779999,964,0,5.533997,7.593002,201.100098,189.100098,1183.03
22/03/2023 03:00,10.779999,963,0,4.797997,5.805,209.899902,194,1168.41
22/03/2023 04:00,11,962,0,5.834999,7.577003,200.399902,193.600098,1154.42
22/03/2023 05:00,11.430008,963,0,5.172997,5.878998,224.699951,211.300049,1267.75
22/03/2023 06:00,11.369995,963,0,5.725998,7.373001,234.300049,238.600098,1237.60
22/03/2023 07:00,10.279999,965,0,4.227997,6.154999,238.100098,236.100098,1089.49
22/03/2023 08:00,10.119995,966,0,4.961998,6.527,238.600098,239.199951,1020.42
22/03/2023 09:00,10.690002,966,0,4.162003,6.291,249.399902,243.399902,1036.46
22/03/2023 10:00,11.039993,966,0,5.979004,7.457001,224.600098,214.800049,1357.41
22/03/2023 11:00,11.559998,967,0,6.695,8.869995,230.199951,221.199951,1602.63
22/03/2023 12:00,12.449997,967,0,6.277,7.137001,223.800049,214.100098,1748.26
22/03/2023 13:00,13.539993,966,0,6.389,7.817001,221.300049,221.199951,1851.04
22/03/2023 14:00,13.410004,966,0,4.962997,5.614998,215.699951,212.100098,1904.05
22/03/2023 15:00,13.649994,965,0,5.229004,6.527,221.199951,205.699951,1685.80
22/03/2023 16:00,13.830002,964,0,6.901001,8.669998,229,214.600098,1620.93
22/03/2023 17:00,13.919998,963,0,5.447998,6.905998,221.300049,210.100098,1380.18
22/03/2023 18:00,12.860001,963,0,5.257004,6.718002,207.699951,198.5,1184.02
22/03/2023 19:00,11.720001,962,0,3.988998,4.796997,204.600098,187.100098,1138.83
22/03/2023 20:00,11.610001,961,0,4.172997,5.595001,196.300049,184.300049,1237.76
22/03/2023 21:00,10.550003,960,0,4.302002,5.341003,194.100098,174.699951,1242.12
22/03/2023 22:00,9.520004,960,0,3.314999,4.432999,210.100098,194.300049,1306.36
22/03/2023 23:00,8.550003,959,0,6.331001,7.707001,223.800049,214.5,1243.16
23/03/2023 00:00,8.380005,959,0,4.483002,4.918999,219.699951,204.800049,1260.20
23/03/2023 01:00,8.300003,960,0,3.643002,4.454002,232.199951,217.5,1197.85
23/03/2023 02:00,8.160004,961,0,5.105003,6.219002,241.699951,241.100098,1122.00
23/03/2023 03:00,7.707001,961,0,4.023003,6.736,246.300049,239.399902,1006.32
23/03/2023 04:00,7.059998,961,0,4.799004,6.926003,226.899902,216.199951,880.63
23/03/2023 05:00,6.821999,962,0,5.943001,7.331001,227.199951,212.100098,813.91
23/03/2023 06:00,7.102997,961,0,5.401001,6.773003,223.5,216.199951,806.00
23/03/2023 07:00,7.386002,961,0,6.031998,7.462997,209.600098,206.5,912.24
23/03/2023 08:00,8.529999,961,0,6.863998,8.139999,212.399902,200,1079.27
23/03/2023 09:00,9.940002,961,0,7.399002,8.759995,217.300049,206.699951,1182.59
23/03/2023 10:00,11.399994,961,0,6.999001,9.960007,220,206.800049,1696.75
23/03/2023 11:00,12.259995,962,0,6.585999,8.009995,211.199951,204.800049,1709.60
23/03/2023 12:00,11.380005,963,0,5.120003,6.370003,242.800049,244.699951,1317.90
23/03/2023 13:00,12.919998,963,0,5.001999,6.523003,237.199951,232.5,1435.36
23/03/2023 14:00,13.770004,962,0,5.778999,7.067001,221.399902,207.100098,1572.54
23/03/2023 15:00,14.899994,961,0,6.278,8.149994,230,225,1499.67
23/03/2023 16:00,13.610001,961,0,4.190002,4.948997,232,228.399902,1356.70
23/03/2023 17:00,12.809998,960,0,4.751999,6.677002,208.800049,196.399902,1183.76
23/03/2023 18:00,12.529999,960,0,4.875999,5.114998,208.600098,194.899902,1054.75
23/03/2023 19:00,11,960,0,4.349998,5.515999,199.399902,188.199951,970.23
23/03/2023 20:00,10.070007,960,0,3.560001,4.448997,200.300049,184.5,966.86
23/03/2023 21:00,9.369995,959,0,4.201004,5.663002,210.399902,199.899902,853.06
23/03/2023 22:00,8.649994,959,0,3.314999,4.521004,201.899902,188,849.11
23/03/2023 23:00,8.339996,959,0,3.799,4.774002,210.199951,194.899902,943.38
24/03/2023 00:00,8.100006,959,0,3.353001,4.269997,210.600098,197.699951,1013.49
24/03/2023 01:00,8.330002,960,0,4.046997,5.248001,231.100098,225.800049,1016.89
24/03/2023 02:00,7.896004,960,0,4.691002,5.039001,230.399902,218.300049,996.69
24/03/2023 03:00,7.638,960,0,4.911003,6.077003,227.600098,222.600098,968.43
24/03/2023 04:00,7.330002,960,0,5.291,7.285004,227.300049,215.699951,980.40
24/03/2023 05:00,7.421997,961,0,6.110001,7.489998,224.800049,212.600098,970.32
24/03/2023 06:00,7.374001,961,0,4.906998,6.745003,221.899902,215.100098,947.49
24/03/2023 07:00,8.070007,962,0,4.774002,5.993004,209.300049,203,1004.25
24/03/2023 08:00,8.779999,962,0,3.684002,5.245003,215.899902,207.5,1132.97
24/03/2023 09:00,10.009995,962,0,3.862999,5.483002,205.300049,195.800049,1252.06
24/03/2023 10:00,10.889999,963,0,4.601997,5.837997,219.399902,215.699951,1467.88
24/03/2023 11:00,11.559998,963,0,6.946999,7.571999,219.600098,209.600098,1555.65
24/03/2023 12:00,11.680008,963,0,6.606003,8.080002,216.300049,210.699951,1379.93
24/03/2023 13:00,12.699997,962,0,7.408997,10.009995,224.5,212.600098,1435.65
24/03/2023 14:00,13.130005,962,0,7.481003,8.740005,226.100098,217.5,1637.89
24/03/2023 15:00,12.990005,961,0,4.455002,6.717003,225.699951,215.399902,1311.24
24/03/2023 16:00,12.630005,961,0,4.347,6.315002,216.800049,210.100098,1167.08
24/03/2023 17:00,11.399994,961,0,3.721001,4.551003,211.300049,203,1224.75
24/03/2023 18:00,10.930008,961,0,4.25,4.972,227.699951,221,1202.00
24/03/2023 19:00,9.690002,961,0,3.193001,4.238998,206.100098,189.399902,1149.77
24/03/2023 20:00,9.380005,961,0,3.526001,3.966999,210.699951,210.800049,1172.50
24/03/2023 21:00,9.169998,961,0,4.264999,5.563004,211.300049,199.5,1129.53
24/03/2023 22:00,8.440002,961,0,4.431,5.355003,224.800049,216.899902,1209.87
24/03/2023 23:00,7.793999,962,0,2.740002,3.611,199.5,184,1185.86
25/03/2023 00:00,7.836998,962,0,3.353001,3.993999,207,199.5,1095.66
25/03/2023 01:00,8.080002,962,0,2.370998,3.249001,210.199951,196.699951,1112.51
25/03/2023 02:00,8.119995,961,0,4.393997,6.397003,241.300049,235.199951,1124.54
25/03/2023 03:00,8.399994,961,0,6.396004,8.440002,233.600098,240.300049,1180.40
25/03/2023 04:00,8.830002,961,0,5.241997,9.279999,252.800049,241.800049,1207.34
25/03/2023 05:00,8.100006,962,0,5.276001,7.32,251.899902,254.600098,1210.77
25/03/2023 06:00,8.059998,964,0,5.376999,6.356003,257,265.5,1205.02
25/03/2023 07:00,8.360001,965,0,3.909,6.128998,268.399902,265.600098,1235.47
25/03/2023 08:00,8.880005,967,0,3.174999,5.521004,266.100098,268.100098,1322.16
25/03/2023 09:00,9.580002,969,0,3.403,5.517998,268.399902,266.299805,1292.81
25/03/2023 10:00,10.210007,971,0,3.221001,6.175003,269.299805,265.299805,1227.88
25/03/2023 11:00,10.960007,972,0,4.436996,7.013,267.399902,256.899902,1237.40
25/03/2023 12:00,10.520004,973,0,2.57,4.037003,275.5,268,1113.70
25/03/2023 13:00,11.970001,974,0,2.743999,5.058998,266.5,270.100098,1174.09
25/03/2023 14:00,12.559998,974,0,2.611,4.57,299,278.899902,1061.28
25/03/2023 15:00,12.419998,975,0,3.382999,5.428001,265.600098,257.600098,983.39
25/03/2023 16:00,11.410004,976,0,1.952,3.126999,272.899902,274,922.70
25/03/2023 17:00,11.399994,976,0,2.040001,3.681999,275.700195,291.799805,766.42
25/03/2023 18:00,10.949997,976,0,1.719999,2.976002,275.600098,262.600098,531.13
25/03/2023 19:00,10.190002,976,0,0.459,0.879,298.299805,279.600098,49.18
25/03/2023 20:00,9.080002,976,0,0.278,0.723,78,3.828999,15.32
25/03/2023 21:00,8.399994,977,0,0.557,0.825,225.199951,204.300049,26.68
25/03/2023 22:00,7.956001,977,0,0.77,1.139,0,351.899902,58.95
25/03/2023 23:00,6.792,977,0,1.763,2.831001,65.369995,74.900024,93.07
26/03/2023 00:00,6.342003,976,0,1.617001,2.379002,58.780029,59.390015,152.36
26/03/2023 01:00,6.183998,976,0,1.872999,3.221001,76.790039,70.290039,222.80
26/03/2023 02:00,6.027,976,0,1.679001,2.847,65.130005,54.419983,283.13
26/03/2023 03:00,5.870003,975,0,2.507,3.705002,57.859985,48.429993,318.65
26/03/2023 04:00,5.764,975,0,2.920002,4.724998,45.640015,36.75,353.18
26/03/2023 05:00,5.688004,975,0,3.567001,4.457001,39.390015,27.549988,415.67
26/03/2023 06:00,5.329002,976,0,3.321999,4.709,39.059998,31.790009,505.29
26/03/2023 07:00,5.504997,977,0,2.952999,4.504997,35.190002,32.580017,614.56
26/03/2023 08:00,5.744003,979,0,3.963001,4.630997,29.929993,20.779999,705.42
26/03/2023 09:00,6.374001,980,0,3.527,5.248001,38.340027,26.940002,768.81
26/03/2023 10:00,6.939003,981,0,3.768002,5.665001,37.609985,26.600006,892.51
26/03/2023 11:00,7.637001,982,0,3.917,4.791,39.75,29.76001,1005.72
26/03/2023 12:00,7.425003,984,0,4.416,5.229004,34.080017,26.860016,1101.46
26/03/2023 13:00,7.611,985,0,4.303001,5.639999,44.080017,28.140015,1155.26
26/03/2023 14:00,7.407997,986,0,2.890999,4.448997,44.840027,33.450012,1083.83
26/03/2023 15:00,7.084999,987,0,2.030998,2.634998,24.690002,19.339996,1051.61
26/03/2023 16:00,6.318001,989,0,1.325001,1.952999,15.430008,12.570007,1040.11
26/03/2023 17:00,6.823997,990,0,1.743999,3.365002,352.799805,341.899902,998.62
26/03/2023 18:00,5.847,992,0,2.639,3.564999,23.73999,12.990005,918.86
26/03/2023 19:00,5.750999,992,0,0.985,1.879,345.399902,336.799805,793.08
26/03/2023 20:00,5.709999,994,0,2.417,4.079002,5.786003,357.299805,710.07
26/03/2023 21:00,5.278999,995,0,1.747,2.884998,354.600098,340.899902,583.12
26/03/2023 22:00,5.040001,996,0,2.568001,3.800999,1.559999,348.899902,557.53
26/03/2023 23:00,4.655998,997,0,1.927,2.778999,21.200012,1.253,395.15
27/03/2023 00:00,3.977001,997,0,1.653,2.602001,352.799805,340.5,309.31
27/03/2023 01:00,3.511002,998,0,0.979,1.757999,3.514999,350.100098,230.31
27/03/2023 02:00,3.112999,999,0,0.665,0.922,267.5,275.700195,159.05
27/03/2023 03:00,3.208,999,0,1.146,1.747,227.100098,237.100098,97.12
27/03/2023 04:00,3.181999,1000,0,0.803,1.271999,251.600098,268,69.91
27/03/2023 05:00,3.036999,1000,0,0.848,1.295,255,262.5,53.98
27/03/2023 06:00,3.062,1001,0,0.307,0.48,34.700012,314.5,47.55
27/03/2023 07:00,3.601002,1001,0,0.937,1.504999,5.683998,356.100098,76.20
27/03/2023 08:00,3.952,1002,0,1.584,2.132999,12.050003,359.5,294.53
27/03/2023 09:00,4.210999,1002,0,1.332001,1.733,51.390015,33.720032,502.79
27/03/2023 10:00,5.123001,1003,0,1.558001,1.993,40.720032,34.549988,836.13
27/03/2023 11:00,6.683998,1003,0,1.031,1.229,14.580002,359.799805,972.31
27/03/2023 12:00,7.176003,1002,0,0.889,1.159,8.960007,88.699951,868.38
27/03/2023 13:00,7.899002,1002,0,1.221001,1.495001,183.800049,142.399902,1100.83
27/03/2023 14:00,7.983002,1002,0,1.677999,1.867001,102.5,99.900024,1063.33
27/03/2023 15:00,9.680008,1001,0,1.835001,2.103001,188.300049,164.600098,1104.48
27/03/2023 16:00,9,1001,0,1.729,2.797001,159,154.100098,972.12
27/03/2023 17:00,10.25,1001,0,2.783001,3.341,189.399902,178.300049,946.54
27/03/2023 18:00,9.059998,1001,0,2.138,2.641998,211.199951,209,138.62
27/03/2023 19:00,7.732002,1000,0,1.993999,2.976002,201.100098,191.300049,79.31
27/03/2023 20:00,5.943001,1000,0,0.937,1.785999,226.600098,220.800049,102.02
27/03/2023 21:00,4.991997,1000,0,0.925,1.865999,227.300049,212,152.84
27/03/2023 22:00,5.651001,999,0,2.257,3.578999,205.699951,178.5,228.85
27/03/2023 23:00,5.254997,999,0,1.117001,1.886999,208.199951,194.300049,287.19
28/03/2023 00:00,5.001999,998,0,2.146,2.785999,204.899902,180.600098,336.01
28/03/2023 01:00,5.049004,997,0,2.092999,2.884998,216.300049,198.899902,365.19
28/03/2023 02:00,4.977997,997,0,0.465,0.673,91.400024,178,415.76
28/03/2023 03:00,5.849998,996,0,2.469002,3.492001,211.800049,195.699951,471.48
28/03/2023 04:00,5.722,995,0,2.904999,3.507999,191.899902,178,491.41
28/03/2023 05:00,5.706001,994,0,2.309002,3.208,212.5,193.300049,490.25
28/03/2023 06:00,5.456001,994,0,2.441002,3.313999,193.899902,177.699951,456.99
28/03/2023 07:00,5.639999,993,0,2.780998,4.107002,190.199951,177.100098,453.84
28/03/2023 08:00,5.924004,992,0,3.525002,3.851002,215.199951,196.5,479.68
28/03/2023 09:00,6.230003,992,0,2.955002,4.060997,200.5,174.600098,594.98
28/03/2023 10:00,6.487999,991,0,2.303001,3.507,175.699951,171.399902,676.71
28/03/2023 11:00,6.236,990,0,1.667,2.876999,156.899902,155.300049,850.13
28/03/2023 12:00,7.619003,989,0,2.416,3.473999,185,170.600098,893.44
28/03/2023 13:00,8.389999,987,0,4.496002,5.334999,207.399902,191.199951,1061.49
28/03/2023 14:00,8.339996,986,0,3.039001,4.182999,184.600098,176,1003.59
28/03/2023 15:00,8.139999,985,0,2.849998,4.236,187.100098,178.899902,938.41
28/03/2023 16:00,7.766998,984,0,1.666,2.109001,162,154.399902,846.59
28/03/2023 17:00,8.100006,984,0,1.964001,2.395,201,190.199951,762.17
28/03/2023 18:00,8.369995,983,0,3.170002,3.971001,202.199951,185.199951,635.78
28/03/2023 19:00,8.440002,983,0,2.139,2.532001,201.300049,189.699951,552.28
28/03/2023 20:00,8.860001,984,0,3.030998,4.027,206.800049,196.699951,494.25
28/03/2023 21:00,8.889999,984,0,1.639,1.993,200.800049,192.600098,476.11
28/03/2023 22:00,9.119995,984,0,3.334999,3.927002,218,209.399902,461.23
28/03/2023 23:00,9.270004,983,0,3.875999,5.515999,221.199951,220.399902,494.51
29/03/2023 00:00,9.699997,983,0,2.987,3.160999,210.300049,195.199951,518.33
29/03/2023 01:00,9.600006,983,0,1.665001,2.330002,182.800049,182.199951,534.90
29/03/2023 02:00,9.580002,983,0,2.931999,4.356003,205,195.300049,546.68
29/03/2023 03:00,9.389999,982,0,2.495998,3.799,195.5,180.399902,542.75
29/03/2023 04:00,9.360001,982,0,2.795002,3.712002,198.699951,180.699951,591.14
29/03/2023 05:00,9.850006,981,0,2.105,2.896,204.800049,192.800049,577.47
29/03/2023 06:00,9.729996,982,0,2.528,3.174,190.300049,187.100098,551.23
29/03/2023 07:00,10.029999,981,0,1.847,2.286999,163.600098,154.899902,581.64
29/03/2023 08:00,10.539993,981,0,1.186001,1.787001,152.399902,148.5,568.50
29/03/2023 09:00,11.949997,980,0,2.971001,3.806,201.199951,181.600098,557.77
29/03/2023 10:00,12.369995,979,0,3.811001,5.060997,202.600098,192.100098,588.34
29/03/2023 11:00,11.5,978,0,3.164001,4.297997,188.800049,166.899902,581.99
29/03/2023 12:00,12.399994,977,0,2.389,2.897999,195.5,171.399902,628.06
29/03/2023 13:00,13.070007,976,0,3.250999,4.871002,175.100098,172.699951,710.43
29/03/2023 14:00,13.270004,975,0,3.396,4.879997,195.5,186,717.43
29/03/2023 15:00,14.490005,974,0,3.560001,4.916,201.399902,186.600098,742.87
29/03/2023 16:00,14.710007,973,0,3.809002,4.927002,186.699951,174.800049,876.34
29/03/2023 17:00,14.699997,972,0,2.901001,3.861,192.300049,175.300049,956.62
29/03/2023 18:00,14.419998,971,0,2.533001,3.401001,183.600098,168.199951,902.34
29/03/2023 19:00,13.880005,971,0,1.979,2.654999,185.199951,184.800049,784.78
29/03/2023 20:00,13.169998,971,0,3.174,4.127998,206.399902,198.699951,787.20
29/03/2023 21:00,12.529999,970,0,2.302002,3.344002,208.699951,200.899902,679.29
29/03/2023 22:00,11.940002,969,0,3.230999,3.913002,216,205.300049,773.05
29/03/2023 23:00,11.699997,969,0,1.575001,2.742001,184.5,179.199951,630.35
30/03/2023 00:00,11.559998,968,0,3.096001,4.183998,206.800049,201.399902,674.38
30/03/2023 01:00,11.300003,967,0,2.893002,3.569,226.100098,217.300049,724.79
30/03/2023 02:00,11.110001,967,0,1.563,2.036999,218,222.100098,779.76
30/03/2023 03:00,10.759995,967,0,4.190002,5.829002,229.300049,226.800049,859.33
30/03/2023 04:00,10.419998,967,0,3.795002,4.371002,231.399902,221.100098,1013.99
30/03/2023 05:00,10.440002,967,0,4.685997,6.426003,244.600098,242.899902,1019.84
30/03/2023 06:00,10.470001,969,0,2.386002,3.903,264.299805,241.5,899.00
30/03/2023 07:00,10.289993,970,0,2.602001,3.738998,239.5,231.600098,855.98
30/03/2023 08:00,11.5,970,0,2.657001,3.416,223.800049,215.800049,848.28
30/03/2023 09:00,12.529999,971,0,3.687,4.361,231.5,220.899902,970.84
30/03/2023 10:00,12.410004,971,0,5.170998,6.722,227.600098,219.100098,981.09
30/03/2023 11:00,13.160004,971,0,4.011002,4.948997,223.800049,216.5,978.75
30/03/2023 12:00,13.059998,971,0,3.459999,4.514,235.199951,228.800049,1349.17
30/03/2023 13:00,13.460007,971,0,3.957001,5.484001,239.5,234.100098,1327.62
30/03/2023 14:00,13.639999,971,0,3.351002,4.481003,245.600098,240.5,1360.51
30/03/2023 15:00,15.110001,971,0,3.589001,5.275002,243.199951,238.800049,1171.52
30/03/2023 16:00,15.330002,971,0,3.573002,5.418999,238.300049,230.5,970.01
30/03/2023 17:00,15.389999,971,0,2.724998,4.163002,222.600098,208.600098,903.55
30/03/2023 18:00,13.399994,970,0,1.490999,2.382999,229.199951,224.199951,693.49
30/03/2023 19:00,12.430008,970,0,1.069,1.971001,166.699951,164.5,517.92
30/03/2023 20:00,11.860001,969,0,1.507,2.603001,195.800049,187,518.92
30/03/2023 21:00,10.229996,968,0,1.136,2.361,143,139.600098,540.68
30/03/2023 22:00,10.490005,966,0,2.276001,3.663002,148.399902,148.5,520.77
30/03/2023 23:00,10.5,965,0,1.728001,2.852001,129.699951,133.5,573.62
31/03/2023 00:00,10.100006,963,0,1.187,2.404999,129.699951,125.400024,694.98
31/03/2023 01:00,9.770004,961,0,2.039001,3.320999,116.5,106.5,715.92
31/03/2023 02:00,9.529999,959,0,2.317001,3.181999,113.599976,117.099976,647.79
31/03/2023 03:00,9.520004,957,0,2.117001,3.160999,90.900024,81.099976,597.12
31/03/2023 04:00,9.259995,955,0,1.924,4.192001,98.599976,86.400024,526.34
31/03/2023 05:00,9.330002,953,0,2.415001,4.144997,76.910034,73.73999,480.46
31/03/2023 06:00,9.430008,953,0,2.393002,3.847,68.550049,63.27002,436.82
31/03/2023 07:00,9.520004,953,0,2.758999,3.831001,54.340027,58.919983,393.64
31/03/2023 08:00,9.789993,953,0,2.360001,3.027,46.840027,44.429993,344.16
31/03/2023 09:00,10,953,0,3.063,3.895,38.669983,38.679993,332.12
31/03/2023 10:00,10.089996,953,0,3.608002,5.25,39.450012,24.48999,437.52
31/03/2023 11:00,10.410004,954,0,3.552002,4.757004,25.339996,17.76001,710.06
31/03/2023 12:00,10.440002,955,0,3.174999,4.928001,15.630005,9.789993,693.22
31/03/2023 13:00,10.759995,956,0,4.732002,6.273003,17.119995,15.600006,724.45
31/03/2023 14:00,10.160004,958,0,3.944,5.378998,2.716,4.495003,716.18
31/03/2023 15:00,9.800003,959,0,3.103001,4.407997,358.299805,356.299805,640.41
31/03/2023 16:00,9.779999,960,0.2,3.491001,4.439003,0.998,353.799805,591.98
31/03/2023 17:00,9.529999,961,0.2,2.500999,3.883999,357,349.799805,586.82
31/03/2023 18:00,9.279999,963,0,2.648998,3.841999,11.430008,1.434999,559.54
31/03/2023 19:00,9.369995,965,0,1.915001,3.633999,3.170002,354,544.99
31/03/2023 20:00,8.899994,966,0,3.078999,4.906998,2.853001,358,540.01
31/03/2023 21:00,8.589996,968,0,3.009998,3.901001,6.844002,352,514.69
31/03/2023 22:00,8.229996,969,0,2.278999,3.797001,1.271,345.399902,511.76
31/03/2023 23:00,7.653,970,0,3.280998,4.598999,4.722,352.100098,534.20
01/04/2023 00:00,7.436996,971,0,2.345001,3.473,353.700195,353.799805,533.83
01/04/2023 01:00,7.361,972,0,2.045002,3.185001,350.799805,347.5,525.62
01/04/2023 02:00,7.181,973,0,2.896999,4.962997,357.899902,352.5,518.07
01/04/2023 03:00,6.918999,974,0,1.825001,3.297001,359.899902,355.200195,510.98
01/04/2023 04:00,6.682999,974,0,1.893,3.032001,341.600098,328.5,496.67
01/04/2023 05:00,6.522003,975,0,2.256001,4.169998,347.100098,341.200195,496.03
01/04/2023 06:00,6.331001,976,0,2.273998,3.553001,326.799805,323.200195,519.44
01/04/2023 07:00,6.528999,977,0,1.726999,2.738998,337.399902,332.100098,561.77
01/04/2023 08:00,6.792,978,0,2.006001,3.374001,341.399902,338.5,568.92
01/04/2023 09:00,7.143997,979,0,2.575001,4.149002,343.799805,338.899902,655.68
01/04/2023 10:00,7.858002,980,0,2.055,3.571999,350.899902,340.700195,648.82
01/04/2023 11:00,7.998001,981,0,2.500999,4.479004,357.600098,345.100098,728.97
01/04/2023 12:00,8.389999,982,0,1.981001,2.564999,357.799805,344.5,724.06
01/04/2023 13:00,8.759995,983,0,2.901001,3.859001,7.152,352.799805,817.71
01/04/2023 14:00,8.850006,984,0,2.387001,3.629002,350.799805,331.700195,793.80
01/04/2023 15:00,9,985,0,2.474998,3.896,4.209,347.600098,745.55
01/04/2023 16:00,8.860001,986,0,3.318001,4.161003,356.200195,358.799805,701.63
01/04/2023 17:00,8.529999,987,0,2.438,4.051003,355.799805,346.299805,738.27
01/04/2023 18:00,8.020004,989,0,2.285,3.446999,345.899902,347.899902,747.37
01/04/2023 19:00,7.644997,990,0,1.971001,2.883999,353.600098,339.399902,728.32
01/04/2023 20:00,7.872002,992,0,2.647999,3.903,11.110001,344.700195,732.63
01/04/2023 21:00,7.845001,993,0,2.560001,3.650002,359.5,349.700195,726.93
01/04/2023 22:00,7.294998,994,0,3.126999,4.459999,11.460007,351.600098,636.64
01/04/2023 23:00,6.840004,995,0,1.566999,2.875999,349,344.600098,597.05
02/04/2023 00:00,6.698997,996,0,2.193001,3.567001,358.799805,353.899902,577.67
02/04/2023 01:00,6.737999,997,0,1.322001,2.184002,20.700012,10.860001,576.80
02/04/2023 02:00,6.622002,998,0,2.644001,3.694,20.279999,12.279999,570.07
02/04/2023 03:00,6.590004,998,0,2.578999,3.402,22.730011,16.600006,587.31
02/04/2023 04:00,6.233002,1000,0,2.192001,3.177002,22.110016,8.089996,605.43
02/04/2023 05:00,5.890999,1000,0,3.243,4.287003,44.400024,36.320007,642.06
02/04/2023 06:00,5.913002,1002,0,2.143002,3.380001,21.790009,19.329987,665.34
02/04/2023 07:00,6.177002,1003,0,2.007,2.688999,36.359985,18.390015,688.92
02/04/2023 08:00,6.065002,1004,0,2.710999,3.980999,46.590027,29.110016,735.08
02/04/2023 09:00,6.634003,1004,0,2.546001,3.398998,33.650024,25.730011,757.53
02/04/2023 10:00,7.920998,1005,0,2.688999,3.553001,71.650024,45.599976,827.10
02/04/2023 11:00,8.25,1006,0,2.163002,3.174,54.789978,45.23999,949.47
02/04/2023 12:00,8.949997,1007,0,3.094002,4.234001,14.070007,1.983999,1045.51
02/04/2023 13:00,9.690002,1007,0,2.584999,3.048,40.130005,47.619995,1094.41
02/04/2023 14:00,10.050003,1007,0,2.351002,3.550999,19.579987,3.403,1101.94
02/04/2023 15:00,10.110001,1007,0,2.784,4.097,43.869995,41.840027,1094.43
02/04/2023 16:00,10.119995,1007,0,2.466,3.674999,54.23999,54.970032,1040.32
02/04/2023 17:00,9.279999,1008,0,2.321999,3.550999,55.059998,46.049988,950.39
02/04/2023 18:00,8.779999,1008,0,2.679001,3.743,68.300049,74.819946,732.83
02/04/2023 19:00,7.118004,1009,0,1.235001,2.615002,93.599976,86.900024,381.21
02/04/2023 20:00,5.885002,1010,0,1.240999,2.033001,74.339966,81.099976,346.76
02/04/2023 21:00,4.831001,1010,0,0.653,1.611,78.609985,83.900024,322.02
02/04/2023 22:00,4.344002,1011,0,0.617,1.417999,98,103.099976,304.84
02/04/2023 23:00,2.696999,1011,0,0.253,0.517,187.800049,3.737,287.78
03/04/2023 00:00,1.822001,1011,0,0.317,0.57,182.699951,84.400024,278.27
03/04/2023 01:00,1.271999,1011,0,0.387,0.645,194.699951,264.600098,266.39
03/04/2023 02:00,0.661,1010,0,0.233,0.989,210.600098,247.800049,238.61
03/04/2023 03:00,0.19,1010,0,0.732,1.384001,235.800049,241.199951,213.56
03/04/2023 04:00,0.183,1010,0,0.776,1.657,245.199951,245,208.79
03/04/2023 05:00,-0.097,1010,0,0.448,1.108999,235.800049,245,190.58
03/04/2023 06:00,-0.059,1010,0,0.507,1.066999,256.100098,255.300049,190.10
03/04/2023 07:00,0.892,1010,0,0.507,0.899,270.899902,258.899902,439.18
03/04/2023 08:00,3.580002,1011,0,0.731,0.763,31.799988,48.380005,643.09
03/04/2023 09:00,6.280998,1010,0,1.621,2.030998,127.300049,113.099976,704.31
03/04/2023 10:00,6.862,1010,0,2.471001,3.648998,86.900024,92.5,752.66
03/04/2023 11:00,7.550003,1010,0,2.706001,3.799,117.900024,106.300049,792.83
03/04/2023 12:00,8.839996,1009,0,1.865,2.924999,110.099976,118.599976,854.47
03/04/2023 13:00,9.899994,1008,0,1.785,3.094002,121,107.300049,898.94
03/04/2023 14:00,11.180008,1007,0,1.886999,2.771,160.5,152.100098,920.93
03/04/2023 15:00,11.410004,1007,0,1.997999,2.631001,110.099976,106.400024,927.47
03/04/2023 16:00,11.699997,1006,0,1.934999,2.901001,96.5,99.199951,919.41
03/04/2023 17:00,11.800003,1006,0,1.823,3.088001,102.900024,103.300049,871.33
03/04/2023 18:00,11.089996,1006,0,1.642,2.811001,160.199951,144.100098,510.91
03/04/2023 19:00,9.529999,1006,0,1.681,2.702,120,104.300049,198.13
03/04/2023 20:00,8.089996,1007,0,1.475,2.756001,124.599976,118,237.88
03/04/2023 21:00,6.721001,1007,0,1.358999,2.313999,119.300049,121,286.93
03/04/2023 22:00,5.521004,1007,0,0.461,1.261,145.100098,127.400024,288.39
03/04/2023 23:00,4.940002,1007,0,2.207001,3.769001,148.300049,140.100098,281.20
04/04/2023 00:00,4.230003,1007,0,1.173,2.585999,189.699951,162.600098,256.99
04/04/2023 01:00,3.575001,1007,0,0.441,0.734,45.159973,227.699951,208.05
04/04/2023 02:00,2.493,1007,0,0.287,0.396,85.400024,140.300049,154.32
04/04/2023 03:00,2.305,1006,0,0.95,1.191,170.600098,172.100098,98.98
04/04/2023 04:00,0.791,1006,0,0.46,1.323,211.699951,218.5,65.88
04/04/2023 05:00,0.382,1006,0,0.39,1.105,224.800049,208,57.48
04/04/2023 06:00,0.06,1006,0,0.905,1.264,141,124.099976,58.94
04/04/2023 07:00,1.896999,1006,0,0.469,0.769,25.019989,55.400024,109.73
04/04/2023 08:00,5.455002,1006,0,1.309999,1.516001,240.800049,232.600098,251.93
04/04/2023 09:00,7.416,1005,0,2.645,3.535,198.199951,187.800049,435.54
04/04/2023 10:00,8.740005,1005,0,1.809,2.674999,198.899902,176.5,569.10
04/04/2023 11:00,9.699997,1005,0,2.550999,2.932999,211.100098,193.199951,645.37
04/04/2023 12:00,10.660004,1004,0,2.778999,3.618999,219,208.300049,696.31
04/04/2023 13:00,12.020004,1003,0,2.941002,3.828999,204.800049,179.100098,744.05
04/04/2023 14:00,13.419998,1002,0,2.696999,3.741001,199.899902,187.699951,793.85
04/04/2023 15:00,14.399994,1001,0,2.370998,3.196999,195.600098,172.5,821.33
04/04/2023 16:00,14.25,1001,0,3.179001,4.273003,213.899902,207.5,801.29
04/04/2023 17:00,13.25,1000,0,2.721001,3.846001,194.300049,183.100098,722.40
04/04/2023 18:00,13.210007,999,0,1.976999,2.798,194.800049,187.100098,354.50
04/04/2023 19:00,11.559998,999,0,1.296,2.228001,172.699951,160.199951,142.58
04/04/2023 20:00,11.380005,999,0,1.302,1.653,194.100098,184.5,155.17
04/04/2023 21:00,10.360001,999,0,0.359,0.807,235,209.600098,170.55
04/04/2023 22:00,10.029999,999,0,1.355,1.754,234.399902,220.399902,145.02
04/04/2023 23:00,9.649994,999,0,1.214001,2.022999,226.699951,221.199951,144.15
05/04/2023 00:00,9.649994,998,0,1.645,2.328999,233.5,228.800049,126.17
05/04/2023 01:00,9.360001,997,0,1.707001,2.384998,214.600098,210.5,127.92
05/04/2023 02:00,9.210007,997,0,2.07,2.938999,187.600098,183,143.92
05/04/2023 03:00,8.660004,996,0,2.528,3.367001,208.100098,208.800049,125.88
05/04/2023 04:00,8.169998,995,0,2.638,3.805,228.399902,221.600098,166.75
05/04/2023 05:00,8.059998,995,0,3.214001,4.321999,224.5,219.800049,187.84
05/04/2023 06:00,8.460007,995,0,3.213001,4.334,224.300049,221.800049,186.37
05/04/2023 07:00,8.789993,995,0,2.195999,2.783001,202.899902,193.199951,251.94
05/04/2023 08:00,8.919998,995,0,3.021,3.789001,213.800049,199,329.83
05/04/2023 09:00,8.779999,994,0,2.333,3.122002,212.600098,196.800049,376.87
05/04/2023 10:00,8.899994,994,0,2.187,2.860001,215.300049,195,355.32
05/04/2023 11:00,9.070007,994,0,2.577,3.300999,214.199951,204.199951,418.74
05/04/2023 12:00,9.389999,993,0,3.831001,4.670998,205.100098,197.199951,527.07
05/04/2023 13:00,9.660004,993,0,3.495998,4.527,207.5,202.300049,541.82
05/04/2023 14:00,9.619995,992,0,2.609001,4.032997,207.899902,204.100098,554.69
05/04/2023 15:00,9.690002,991,0,2.651001,3.233002,212.800049,196.800049,563.72
05/04/2023 16:00,9.759995,991,0,2.584999,3.663002,214.199951,199,533.80
05/04/2023 17:00,9.889999,990,0,2.597,3.265999,209.800049,197.600098,515.72
05/04/2023 18:00,9.570007,990,0,2.418999,3.092999,212,204.5,465.95
05/04/2023 19:00,9.5,989,0,2.547001,3.148998,213.699951,207.5,414.64
05/04/2023 20:00,9.770004,989,0,2.511002,3.347,215.199951,204.5,374.98
05/04/2023 21:00,9.580002,989,0,1.419001,2.216999,241.5,223.699951,338.91
05/04/2023 22:00,9.180008,988,0,0.961,1.153,229.199951,216.199951,270.11
05/04/2023 23:00,9.320007,987,0,3.264,4.772003,214.800049,209.5,271.25
06/04/2023 00:00,9.300003,986,0,1.671,2.073002,199.899902,204.600098,269.35
06/04/2023 01:00,9.279999,986,0,0.936,1.533001,233.5,220.199951,273.49
06/04/2023 02:00,9.440002,985,0,1.804001,2.789001,229.600098,213,295.48
06/04/2023 03:00,9.580002,984,0,0.751,1.243,243.800049,237.199951,317.81
06/04/2023 04:00,9.850006,983,0,2.811001,3.518002,229.699951,219.300049,352.27
06/04/2023 05:00,10.110001,983,0,1.652,2.749001,249.699951,243.300049,405.57
06/04/2023 06:00,10.190002,983,0,1.414,2.471001,263.100098,262.299805,440.40
06/04/2023 07:00,10.649994,983,0,1.693001,3.050999,268.5,262.399902,460.97
06/04/2023 08:00,9.839996,984,0,3.196999,5.083,277.100098,274.200195,505.43
06/04/2023 09:00,10.639999,984,0,2.452999,4.374001,268.5,264.899902,684.87
06/04/2023 10:00,10.960007,985,0,3.271,4.591003,277.200195,280.100098,1251.20
06/04/2023 11:00,11.690002,985,0,4.153,7.195999,302,299.799805,1243.69
06/04/2023 12:00,11.899994,985,0,3.493,5.932999,281.700195,268.600098,1364.42
06/04/2023 13:00,12.419998,986,0,3.678001,5.903999,274.799805,269,1353.29
06/04/2023 14:00,12.649994,986,0,3.504002,6.130997,267.700195,265.700195,1261.88
06/04/2023 15:00,11.850006,987,0,3.034,5.815002,284.700195,278.700195,1232.07
06/04/2023 16:00,11.860001,987,0,3.866001,5.764,306.799805,299.200195,1168.01
06/04/2023 17:00,10.830002,988,0,2.918999,4.288002,290.799805,288.399902,1108.88
06/04/2023 18:00,10.410004,989,0,2.868999,5.172997,290.899902,281,948.22
06/04/2023 19:00,9.460007,990,0,2.296001,3.825001,286.299805,285.899902,793.34
06/04/2023 20:00,8.570007,991,0,2.413002,3.786999,272.200195,277.299805,651.11
06/04/2023 21:00,8.100006,992,0,1.879999,2.946999,268.799805,266.399902,531.43
06/04/2023 22:00,8.080002,992,0,1.889,3.514999,284.5,277,463.86
06/04/2023 23:00,7.750999,993,0,2.150002,4.014,298,297.5,360.74
07/04/2023 00:00,7.378998,993,0,1.752001,2.910999,299.100098,301,289.46
07/04/2023 01:00,6.676003,994,0,0.925,1.448,245.899902,265.899902,239.15
07/04/2023 02:00,6.357002,994,0,1.525,2.250999,246.699951,243.600098,182.77
07/04/2023 03:00,5.891998,994,0,0.865,1.651001,244.800049,259.899902,133.21
07/04/2023 04:00,5.610001,995,0,1.326,1.837,230.699951,233.300049,111.53
07/04/2023 05:00,5.027,995,0,1.495001,2.016998,235.399902,242.800049,94.16
07/04/2023 06:00,4.897003,996,0,1.395,2.191002,228.199951,222.899902,86.99
07/04/2023 07:00,6.222,996,0,1.487,1.9,232.100098,237.699951,131.11
07/04/2023 08:00,8.789993,997,0,1.469,2.339001,339.299805,329.399902,294.21
07/04/2023 09:00,9.360001,997,0,2.667,3.693001,22.100006,9.830002,568.88
07/04/2023 10:00,10.680008,997,0,1.482,1.924999,330.100098,320.100098,1032.01
07/04/2023 11:00,11.130005,997,0,2.231998,3.056999,9.070007,353.5,1202.68
07/04/2023 12:00,12.039993,997,0,2.359001,3.273998,353,349.399902,1345.21
07/04/2023 13:00,12.889999,997,0,2.179001,2.747002,357.799805,349.700195,1465.80
07/04/2023 14:00,13.229996,997,0,1.589001,2.264999,12.800003,349.200195,1583.20
07/04/2023 15:00,13.839996,996,0,1.981001,2.355,24.670013,15.990005,1584.81
07/04/2023 16:00,14,996,0,2.241001,3.078999,5.963997,4.315002,1549.77
07/04/2023 17:00,14.039993,996,0,1.688999,2.339001,13.490005,16.640015,1228.24
07/04/2023 18:00,12.960007,997,0,2.215,3.230999,56.780029,51.099976,200.76
07/04/2023 19:00,11.449997,998,0,0.977,1.666,96.699951,94.599976,93.65
07/04/2023 20:00,9.960007,999,0,1.094,2.184002,74.660034,75.420044,88.68
07/04/2023 21:00,8.570007,1000,0,0.626,1.238001,26.579987,33.109985,85.69
07/04/2023 22:00,7.528999,1000,0,0.247,0.864,55.970032,50.570007,71.72
07/04/2023 23:00,6.296997,1000,0,0.494,0.455,169.399902,89.699951,65.48
08/04/2023 00:00,5.439003,1001,0,0.487,0.857,220.899902,232.699951,57.14
08/04/2023 01:00,5.832001,1001,0,1.107,1.761,241.100098,231.699951,45.78
08/04/2023 02:00,5.788002,1001,0,0.993,1.476,267.799805,252.399902,38.13
08/04/2023 03:00,5.091003,1001,0,0.496,1.021,32.559998,6.345001,26.07
08/04/2023 04:00,3.604,1001,0,0.271,0.376,201.199951,195.300049,23.14
08/04/2023 05:00,3.160999,1002,0,0.329,0.813,187.899902,233.199951,25.13
08/04/2023 06:00,3.368999,1002,0,0.669,1.264,237,244.600098,35.91
08/04/2023 07:00,4.660004,1003,0,0.921,1.214001,243.800049,244.5,80.49
08/04/2023 08:00,6.811996,1003,0,0.603,0.401,262.700195,214.199951,130.13
08/04/2023 09:00,7.334999,1003,0,1.257999,1.351999,60.22998,62.309998,240.96
08/04/2023 10:00,9.100006,1004,0,1.746,2.059002,54.659973,57.590027,463.63
08/04/2023 11:00,11.160004,1003,0,2.271999,2.945,129,114.599976,686.28
08/04/2023 12:00,12.940002,1003,0,2.108002,2.539001,158.699951,143.800049,1056.86
08/04/2023 13:00,14.110001,1003,0,2.469002,2.845001,194.600098,183,1248.75
08/04/2023 14:00,14.509995,1002,0,1.829,2.842999,155,138,1378.10
08/04/2023 15:00,15.199997,1002,0,1.325001,1.976,150.800049,144.899902,1458.96
08/04/2023 16:00,15.350006,1001,0,1.955,3.052002,184.399902,168.899902,1414.65
08/04/2023 17:00,14.600006,1001,0,1.467001,2.693001,140.100098,140.899902,1173.64
08/04/2023 18:00,13.360001,1001,0,1.959,3.382,117.599976,116.900024,302.71
08/04/2023 19:00,11.669998,1002,0,1.354,2.873001,122.300049,122.400024,239.39
08/04/2023 20:00,10.050003,1002,0,1.364,2.910999,136.199951,121,258.44
08/04/2023 21:00,9.210007,1002,0,0.647,0.951,34.710022,83.300049,255.55
08/04/2023 22:00,8.539993,1002,0,0.599,1.101,120.300049,105.699951,211.94
08/04/2023 23:00,7.542,1002,0,0.317,0.573,0,167.199951,174.65
09/04/2023 00:00,7.348999,1002,0,0.659,1.118999,110.099976,113.5,150.04
09/04/2023 01:00,6.773003,1001,0,1.055,1.473,90.099976,90.5,141.61
09/04/2023 02:00,6.201004,1001,0,0.687,1.153999,114.400024,119,131.29
09/04/2023 03:00,5.985001,1000,0,0.93,1.421,135.100098,133.600098,117.30
09/04/2023 04:00,5.914001,1000,0,1.105,1.445,199.199951,180.699951,128.10
09/04/2023 05:00,5.969002,999,0,0.747,1.302,134.699951,118.800049,156.83
09/04/2023 06:00,6.282997,999,0,1.243999,2.076,177.899902,158.199951,211.01
09/04/2023 07:00,6.389,998,0,1.743999,3.123001,132.399902,123.800049,300.38
09/04/2023 08:00,6.444,999,0,1.639999,2.865002,154.199951,145.600098,420.37
09/04/2023 09:00,6.582001,999,0,1.806999,3.137001,180.100098,164.399902,567.01
09/04/2023 10:00,7.720001,998,0,1.6,2.418999,162,148.600098,647.02
09/04/2023 11:00,9.630005,997,0,3.167,4.435997,172.699951,169.300049,689.18
09/04/2023 12:00,11.600006,996,0,3.021999,4.759003,175.899902,161.100098,775.61
09/04/2023 13:00,13.190002,995,0,2.791,4.453003,174.300049,155.199951,900.60
09/04/2023 14:00,13.520004,994,0,2.743,4.715004,177.100098,158.800049,1037.03
09/04/2023 15:00,14.169998,993,0,3.049,4.079002,182.300049,174.399902,1060.39
09/04/2023 16:00,14.399994,992,0,3.305,5.057999,183.100098,176.100098,1118.34
09/04/2023 17:00,13.889999,991,0,2.380001,3.805,181.800049,173.800049,1111.27
09/04/2023 18:00,13.520004,991,0,1.844999,2.882999,166.300049,153.899902,962.85
09/04/2023 19:00,13.070007,990,0,1.226999,2.372002,157.600098,146.800049,824.98
09/04/2023 20:00,12.669998,990,0,1.677,2.646999,155.699951,141.5,801.99
09/04/2023 21:00,12.669998,989,0,2.477001,3.679001,182.300049,166.5,806.62
09/04/2023 22:00,12.169998,988,0,3.577,5.088997,182,167.699951,705.26
09/04/2023 23:00,11.639999,987,0,3.148998,4.614998,194.800049,175.399902,723.39
10/04/2023 00:00,11.229996,986,0,4.149002,5.744003,180,172.199951,694.57
10/04/2023 01:00,10.610001,985,0,4.276001,5.500999,194.800049,187.199951,717.63
10/04/2023 02:00,9.759995,984,0,4.233002,5.399002,208.800049,191.100098,769.16
10/04/2023 03:00,9.419998,982,0,2.611,3.471001,197.899902,176.100098,706.31
10/04/2023 04:00,9.669998,982,0,2.896,3.437,204.899902,191.100098,685.29
10/04/2023 05:00,9.75,981,0,2.924,3.061001,216.5,203,661.44
10/04/2023 06:00,9.919998,980,0,1.891001,2.355999,193.300049,188.699951,624.21
10/04/2023 07:00,10.639999,979,0,2.913002,3.834,199.100098,189.100098,597.31
10/04/2023 08:00,11.460007,979,0,2.890999,3.548,218.100098,208.5,598.71
10/04/2023 09:00,12.089996,977,0,3.52,4.706001,214,194.600098,642.26
10/04/2023 10:00,12.479996,976,0,3.478001,4.007004,218.699951,202.899902,789.07
10/04/2023 11:00,12.949997,975,0,4.233002,6.082001,244.399902,240.899902,1058.76
10/04/2023 12:00,11.610001,974,0,1.764999,2.556999,260.600098,257.700195,981.60
10/04/2023 13:00,11.800003,973,0,4.922997,6.616997,241.899902,238.899902,1178.08
10/04/2023 14:00,10.539993,974,0,3.275002,6.901001,264.700195,252.199951,1098.96
10/04/2023 15:00,9.949997,974,0,2.189999,3.963001,273,259.899902,1153.83
10/04/2023 16:00,10.050003,974,0,1.855,3.150002,262.5,261.700195,1164.83
10/04/2023 17:00,7.472,975,0,2.278999,4.320999,262.5,262.200195,1117.75
10/04/2023 18:00,7.668999,975,0,2.396999,3.932999,261.299805,255.5,974.77
10/04/2023 19:00,8.600006,976,0,1.85,3.347,254.300049,252.600098,1001.40
10/04/2023 20:00,8.360001,976,0,2.519001,3.868,245.800049,254.300049,1034.76
10/04/2023 21:00,7.902,977,0,2.713001,4.777,256,252.800049,1106.95
10/04/2023 22:00,7.685997,978,0,3.373001,5.114998,255.300049,255.300049,1259.26
10/04/2023 23:00,7.740997,978,0,2.795002,4.539001,250.199951,250.800049,1297.80
11/04/2023 00:00,7.496002,979,0,2.929001,4.898003,250.399902,253.5,1265.94
11/04/2023 01:00,6.901001,979,0,1.065001,1.944,270.200195,250.899902,1212.50
11/04/2023 02:00,6.948997,979,0,2.502998,4.301003,255.699951,250.199951,1231.69
11/04/2023 03:00,6.920998,980,0,2.764999,4.753998,258,256.899902,1267.89
11/04/2023 04:00,6.711998,980,0,4.004997,6.095001,240.399902,240.300049,1217.48
11/04/2023 05:00,6.622002,980,0,4.000999,6.973,249.100098,250.300049,1140.92
11/04/2023 06:00,6.563004,981,0,2.803001,4.955002,259.600098,251.399902,1052.74
11/04/2023 07:00,7.43,982,0,3.042999,4.439003,255.899902,249.5,1056.50
11/04/2023 08:00,8.669998,982,0,2.103001,4.186996,278.899902,264.899902,1085.50
11/04/2023 09:00,9.830002,982,0,2.645,3.681999,253.199951,249.199951,1183.14
11/04/2023 10:00,10.930008,982,0,3.439999,4.707001,248.300049,236.199951,1371.59
11/04/2023 11:00,12.029999,980,0,3.910999,5.149002,236.5,227.399902,1473.02
11/04/2023 12:00,12.050003,979,0,5.237,6.968002,231.100098,220.899902,1504.59
11/04/2023 13:00,12.289993,978,0,4.577003,5.629997,202.800049,187.399902,1376.98
11/04/2023 14:00,12.270004,977,0,3.389,5.394997,194.199951,183.399902,1268.30
11/04/2023 15:00,9.970001,975,0,3.182999,3.903,198.899902,179.899902,1059.07
11/04/2023 16:00,9.369995,973,0,3.285,4.945,184,165.300049,1095.58
11/04/2023 17:00,8.720001,970,0,4.580002,7.149002,193.699951,171.600098,1129.91
11/04/2023 18:00,8.089996,967,0,5.373001,8.220001,179.199951,162,1202.09
11/04/2023 19:00,7.717003,963,0,6.469002,7.390999,168.5,160.600098,1330.99
11/04/2023 20:00,7.638,961,0,6.675003,8.360001,188.300049,166.199951,1338.01
11/04/2023 21:00,8.419998,960,0,5.411003,7.457001,210.300049,192.800049,1275.16
11/04/2023 22:00,8.320007,960,0,5.373001,6.207001,224.800049,215.699951,1235.55
11/04/2023 23:00,6.592003,961,0,4.777,6.648003,224.199951,214.600098,1059.20
12/04/2023 00:00,6.119003,961,0,4.247002,5.473,223.300049,215.899902,1039.15
12/04/2023 01:00,5.118004,962,0,4.088997,4.628998,225.699951,210.699951,1023.02
12/04/2023 02:00,4.801003,962,0,2.896999,3.626999,222.899902,212.300049,988.18
12/04/2023 03:00,4.346001,962,0,4.460999,5.287003,212.600098,203.399902,884.48
12/04/2023 04:00,4.238998,961,0,3.971001,5.595001,212.199951,203.100098,849.04
12/04/2023 05:00,3.613998,961,0,1.636999,2.661999,177.699951,172.600098,820.41
12/04/2023 06:00,3.674,961,0,3.800999,4.850998,200.300049,183.399902,817.73
12/04/2023 07:00,4.805,960,0,5.168999,6.401001,210.5,211.300049,906.36
12/04/2023 08:00,5.664001,959,0,4.635002,5.411003,220.300049,208.300049,1028.94
12/04/2023 09:00,7.032997,959,0,4.724998,5.287003,211.899902,194.800049,1292.17
12/04/2023 10:00,7.694,957,0,6.066002,7.764999,207.100098,185.699951,1622.47
12/04/2023 11:00,6.471001,956,0,4.282997,6.891998,174.699951,166.5,1812.40
12/04/2023 12:00,7.082001,954,0,4.705002,7.488998,178.5,167.5,1421.02
12/04/2023 13:00,7.740997,952,0,4.518997,6.232002,169.5,163.199951,1152.23
12/04/2023 14:00,9,951,0,5.694,8.559998,181.800049,167.199951,1228.47
12/04/2023 15:00,8.149994,950,0,4.734001,6.762001,186.100098,172.399902,1217.40
12/04/2023 16:00,6.660004,950,0,4.151001,5.362999,221.100098,204.600098,1162.69
12/04/2023 17:00,7.806999,951,0,3.318001,4.501999,230.399902,231.5,955.87
12/04/2023 18:00,6.403,952,0,3.369999,4.294998,235.600098,239.699951,925.07
12/04/2023 19:00,5.776001,953,0,1.92,4.030998,256,240.699951,899.05
12/04/2023 20:00,6.223,955,0,1.864,3.368999,261.5,257.100098,972.18
12/04/2023 21:00,6.305,956,0,2.491001,3.144001,294.200195,274.700195,981.56
12/04/2023 22:00,6.224998,958,0,2.185001,4.028999,272,273,786.87
12/04/2023 23:00,6.133003,959,0,1.747,3.831001,275.600098,260.899902,903.12
13/04/2023 00:00,6.161003,959,0,1.608999,2.884998,266.899902,264.799805,977.62
13/04/2023 01:00,6.942001,960,0,1.667,2.734001,275.100098,275.100098,1058.45
13/04/2023 02:00,6.362999,961,0,2.448002,4.028999,270.299805,269.100098,1158.54
13/04/2023 03:00,7.121002,962,0,2.237999,5.697998,270.100098,266.299805,1205.72
13/04/2023 04:00,6.223,963,0,2.363998,3.988998,267.100098,261.100098,1193.42
13/04/2023 05:00,6.68,963,0,2.766998,4.996002,252.600098,261,1151.14
13/04/2023 06:00,7.203003,964,0,3.743999,6.410004,263.100098,269.200195,1112.54
13/04/2023 07:00,7.637001,965,0,2.464001,6.545998,264.200195,250.800049,1140.77
13/04/2023 08:00,8.180008,966,0,3.275002,5.313004,269.5,253,1165.48
13/04/2023 09:00,8.25,967,0,3.874001,5.951004,252.600098,248,1233.82
13/04/2023 10:00,9.610001,968,0,4.042999,5.677002,250.399902,246.600098,1504.49
13/04/2023 11:00,9.039993,969,0,3.884998,6.553001,266.899902,255.199951,1649.17
13/04/2023 12:00,10.039993,969,0,3.078999,6.100998,269.5,269.5,1743.27
13/04/2023 13:00,10.399994,970,0,3.591,6.231003,260.799805,256.100098,1679.60
13/04/2023 14:00,10.240005,970,0,4.244003,6.544998,260.100098,254,1546.19
13/04/2023 15:00,10.610001,971,0,3.571999,5.834999,252.5,253.5,1632.94
13/04/2023 16:00,10.630005,971,0,3.080002,5.362999,281.600098,273.5,1502.99
13/04/2023 17:00,10.509995,972,0,2.395,4.725998,263.200195,265.799805,1221.86
13/04/2023 18:00,10.949997,973,0,3.101002,5.184998,267.299805,263.200195,1143.38
13/04/2023 19:00,9.389999,973,0,2.258999,4.084999,263.5,259.799805,928.75
13/04/2023 20:00,8.490005,974,0,2.323002,3.661999,231.399902,222,649.57
13/04/2023 21:00,7.332001,975,0,2.196999,2.994999,231.899902,221.800049,484.83
13/04/2023 22:00,6.801003,975,0,1.857,2.493,207.5,213.899902,410.88
13/04/2023 23:00,5.843002,975,0,0.923,1.587999,232.699951,219,282.80
14/04/2023 00:00,4.967003,975,0,0.413,0.825,0,258.399902,169.11
14/04/2023 01:00,5.176003,975,0,0.613,1.875999,260.100098,236.300049,128.15
14/04/2023 02:00,4.965004,975,0,0.772,0.677,63.5,80.599976,101.72
14/04/2023 03:00,3.921001,975,0,0.309,0.875,0,56.640015,93.49
14/04/2023 04:00,3.02,975,0,0.905,1.6,131.300049,129.5,99.95
14/04/2023 05:00,2.164001,975,0,0.485,0.653,64.420044,230.300049,93.04
14/04/2023 06:00,2.030998,975,0,0.822001,1.368,0,76.339966,106.48
14/04/2023 07:00,3.502998,975,0,0.836,0.902,40.669983,33.169983,183.69
14/04/2023 08:00,5.889,975,0,0.374,0.37,258.799805,276.600098,299.98
14/04/2023 09:00,6.712997,975,0,1.335001,1.952999,123.599976,106.5,480.15
14/04/2023 10:00,6.533997,976,0,1.52,2.280998,116.400024,108.099976,647.41
14/04/2023 11:00,7.396004,976,0,1.655001,2.923,135.5,120.400024,812.27
14/04/2023 12:00,8.029999,976,0,1.517,2.327999,102.400024,77.719971,786.64
14/04/2023 13:00,8.270004,976,0,1.579,1.961,87.599976,78.48999,751.36
14/04/2023 14:00,8.470001,977,0,1.483,1.694,60.799988,55.789978,602.27
14/04/2023 15:00,8.050003,977,0.2,1.523001,2.240002,67.01001,66.099976,506.70
14/04/2023 16:00,7.911003,978,0,0.793,1.019001,174.5,159.899902,432.62
14/04/2023 17:00,7.154999,978,0,0.716,0.6,272,242.100098,292.48
14/04/2023 18:00,6.783997,979,0,1.155001,1.844,316.100098,314.399902,221.42
14/04/2023 19:00,6.406998,980,0,1.087999,1.679001,338.399902,344.200195,111.41
14/04/2023 20:00,5.944,981,0,0.967,1.346001,300.600098,299.600098,85.77
14/04/2023 21:00,5.908997,982,0,1.01,1.728001,293.200195,300.799805,88.23
14/04/2023 22:00,5.864998,983,0,1.551001,2.854,339.200195,324.799805,140.95
14/04/2023 23:00,5.999001,984,0,1.393,2.147999,4.037003,353,193.83
15/04/2023 00:00,5.896004,985,0,0.658,1.167999,287.399902,303.600098,224.27
15/04/2023 01:00,5.970001,985,0,1.413,2.34,15.899994,5.566002,327.54
15/04/2023 02:00,5.829002,987,0,1.479,2.049,0.379,356.700195,370.67
15/04/2023 03:00,5.665001,987,0,1.211,2.330002,336.600098,329.899902,462.81
15/04/2023 04:00,5.499001,988,0,1.171,1.763,0.461,338.5,428.29
15/04/2023 05:00,5.530998,989,0,0.975,1.488001,312.5,308,320.84
15/04/2023 06:00,5.608002,991,0,0.617,1.077,312.899902,311.399902,307.11
15/04/2023 07:00,5.986,992,0,1.179001,2.106998,346.200195,328.200195,358.98
15/04/2023 08:00,6.844002,993,0,1.304001,2.221001,313.100098,314.5,486.10
15/04/2023 09:00,8.130005,994,0,1.547001,2.366001,10.529999,3.889,681.78
15/04/2023 10:00,9.649994,995,0,2.457001,3.724998,60.119995,45.27002,613.66
15/04/2023 11:00,10.220001,996,0,2.254002,2.951,44.98999,39.820007,786.33
15/04/2023 12:00,11.300003,996,0,1.471001,2.477001,78.630005,67.550049,765.37
15/04/2023 13:00,12.180008,997,0,1.201,1.513,84.099976,69.130005,788.32
15/04/2023 14:00,12.279999,998,0,0.927,0.985,134.100098,160.800049,876.58
15/04/2023 15:00,13.139999,998,0,1.433001,1.708,205.300049,189,979.07
15/04/2023 16:00,13.070007,998,0,1.145,1.419001,104.400024,106,966.77
15/04/2023 17:00,13.089996,999,0,1.117001,1.655001,169.899902,153.800049,864.74
15/04/2023 18:00,13.949997,999,0,1.305,1.649,211.100098,195.199951,224.55
15/04/2023 19:00,11.630005,999,0,1.269001,2.007999,187.699951,186.899902,62.23
15/04/2023 20:00,10.130005,1000,0,0.795,2.166,148.5,168.899902,44.04
15/04/2023 21:00,8.869995,1000,0,0.308,0.911,268.100098,263.399902,55.74
15/04/2023 22:00,8.550003,1001,0,0.495,1.019001,4.772003,17.549988,82.04
15/04/2023 23:00,8.229996,1001,0,0.426,0.451,162.800049,233.300049,74.36
16/04/2023 00:00,7.681999,1001,0,0.515,1.049,220.399902,239.399902,66.76
16/04/2023 01:00,7.127998,1001,0,0.285,0.361,193.300049,233.899902,62.48
16/04/2023 02:00,7.026001,1001,0,0.149,0.385,0,301.799805,75.34
16/04/2023 03:00,7.051003,1001,0,0.201,0.525,0,292.799805,105.14
16/04/2023 04:00,7.202003,1000,0,0.365,0.552,55.539978,8,109.27
16/04/2023 05:00,7.676003,1000,0,0.895,0.917,37.630005,351.399902,93.02
16/04/2023 06:00,7.726997,1001,0,0.469,0.905,26.519989,42.630005,98.20
16/04/2023 07:00,9.220001,1001,0,0.565,0.679,65.699951,76.030029,132.02
16/04/2023 08:00,11.5,1001,0,1.335001,1.528,189.399902,176.699951,247.67
16/04/2023 09:00,11.630005,1002,0,3.07,3.569,205.300049,202.600098,321.22
16/04/2023 10:00,11.649994,1002,0,2.671001,3.091,230,221,501.55
16/04/2023 11:00,11.630005,1002,0,2.828999,4.196999,223.899902,204.899902,544.99
16/04/2023 12:00,11.789993,1002,0,3.163002,3.306999,201.199951,191,590.76
16/04/2023 13:00,12.020004,1002,0,2.185001,3.167999,205.399902,183.600098,661.64
16/04/2023 14:00,11.809998,1002,0,2.452999,3.168999,220.399902,211.5,664.09
16/04/2023 15:00,11.759995,1002,0,2.459,2.809002,224.600098,217.800049,646.75
16/04/2023 16:00,12.089996,1002,0,2.207001,2.674999,202,189.600098,608.45
16/04/2023 17:00,12.589996,1002,0,2.247002,2.577999,210.300049,199.300049,529.19
16/04/2023 18:00,12.550003,1002,0,2.035,2.305,224.800049,210.899902,424.50
16/04/2023 19:00,11.960007,1002,0,1.801001,2.254002,220.300049,209.899902,262.39
16/04/2023 20:00,11.610001,1002,0,1.371,1.815001,227.399902,228.199951,140.09
16/04/2023 21:00,11.339996,1002,0,1.653999,2.584,228.199951,226.199951,65.07
16/04/2023 22:00,11.410004,1003,0,0.437,0.725,266.100098,260,29.33
16/04/2023 23:00,11.360001,1003,0,0.41,0.368,193.100098,227.800049,23.74
17/04/2023 00:00,10.75,1003,0,0.563,0.577,155.199951,195,15.48
17/04/2023 01:00,10.600006,1003,0,0.347,0.453,0,236.600098,14.76
17/04/2023 02:00,10.570007,1003,0,0.118,0.578,0,346.5,17.73
17/04/2023 03:00,10.589996,1003,0,0.578,0.835,221.199951,220.100098,15.97
17/04/2023 04:00,10,1003,0,0.361,0.617,223.800049,272.700195,17.27
17/04/2023 05:00,9.990005,1004,0,0.305,0.757,97,76.810059,32.00
17/04/2023 06:00,10.229996,1004,0,0.12,0.295,0,204.300049,53.62
17/04/2023 07:00,10.600006,1005,0,0.439,0.545,98.599976,86,107.95
17/04/2023 08:00,11.080002,1005,0,0.839,1.296,93.800049,84.5,205.68
17/04/2023 09:00,11.699997,1006,0,0.847,0.846,123.099976,96.300049,380.97
17/04/2023 10:00,12.630005,1006,0,1.33,1.621,104.099976,88.300049,535.89
17/04/2023 11:00,13.320007,1006,0,1.243,2.196999,72.73999,79.670044,611.92
17/04/2023 12:00,13.869995,1007,0,1.846001,2.780998,75.170044,74.800049,696.61
17/04/2023 13:00,13.5,1007,0,2.056999,3.259998,105.699951,93.5,671.96
17/04/2023 14:00,14.220001,1007,0,1.403,1.922001,104.300049,100.800049,748.39
17/04/2023 15:00,14.190002,1007,0,1.327,2.941002,97.599976,78.079956,770.08
17/04/2023 16:00,15.789993,1006,0,1.379999,1.899,114.099976,99,860.95
17/04/2023 17:00,14.940002,1006,0,2.377998,4.148003,80.699951,71.420044,830.52
17/04/2023 18:00,13.25,1007,0,2.167,4.470001,75.75,71.390015,585.20
17/04/2023 19:00,11.820007,1008,0,1.395,2.379002,82.800049,78.780029,350.42
17/04/2023 20:00,9.369995,1009,0,1.934999,3.786999,59.559998,73.449951,291.88
17/04/2023 21:00,7.391998,1009,0,1.191999,2.455002,89,90.300049,252.07
17/04/2023 22:00,6.386002,1010,0,1.693001,3.306999,66.25,67.609985,210.02
17/04/2023 23:00,6.533997,1010,0,1.735001,2.847,100.099976,70.51001,219.88
18/04/2023 00:00,7.138,1010,0,1.851,2.693001,54.159973,46.320007,296.50
18/04/2023 01:00,7.444,1010,0,1.899,2.518002,50.190002,49.570007,262.00
18/04/2023 02:00,7.151001,1010,0,2.519001,3.834,57.27002,43.710022,253.73
18/04/2023 03:00,7.119003,1010,0,2.345001,3.215,34.700012,26.610016,282.17
18/04/2023 04:00,7.097,1010,0,2.431999,3.188,37.539978,29.920013,313.01
18/04/2023 05:00,6.993004,1010,0,2.303001,3.469002,44.090027,31.339996,346.10
18/04/2023 06:00,7.124001,1010,0,2.862999,3.965,39.369995,31.640015,406.50
18/04/2023 07:00,7.420998,1010,0,2.803001,3.823002,38.809998,26.660004,442.35
18/04/2023 08:00,7.870003,1010,0,2.966999,3.935001,33.369995,23.179993,539.56
18/04/2023 09:00,8.729996,1010,0,2.243,3.277,36.090027,37.030029,904.37
18/04/2023 10:00,10.919998,1010,0,3.632999,5.093002,28.630005,30.019989,986.83
18/04/2023 11:00,12.289993,1009,0,3.778999,4.621002,43.570007,46.02002,1190.85
18/04/2023 12:00,13.460007,1009,0,3.195999,5.311996,76.880005,73.790039,1372.47
18/04/2023 13:00,14.199997,1008,0,3.584999,5.788002,54.700012,52.929993,1529.25
18/04/2023 14:00,14.270004,1008,0,4.543999,7.505997,55.599976,50.059998,1627.66
18/04/2023 15:00,14.520004,1008,0,3.431999,6.759003,81.5,72.190063,1612.26
18/04/2023 16:00,13.960007,1007,0,4.258003,6.709,54.27002,48,1472.47
18/04/2023 17:00,13.020004,1007,0,3.985001,6.439003,70.26001,64.430054,1284.10
18/04/2023 18:00,12.160004,1007,0,4.668999,6.555,40.809998,44.47998,1066.21
18/04/2023 19:00,10.199997,1008,0,3.278999,5.946999,63.030029,62.099976,815.48
18/04/2023 20:00,8.919998,1008,0,2.534,3.971001,47.47998,39.299988,706.79
18/04/2023 21:00,8.100006,1009,0,3.264999,4.612,59.090027,43.809998,704.54
18/04/2023 22:00,7.113998,1009,0,3.120998,4.352997,49.349976,26.179993,724.03
18/04/2023 23:00,6.848999,1009,0,2.685001,3.994999,44.970032,32.659973,690.84
19/04/2023 00:00,6.565002,1008,0,2.235001,3.785999,46.109985,33.98999,641.48
19/04/2023 01:00,6.690002,1008,0,2.846001,4.329002,42.400024,32.02002,576.75
19/04/2023 02:00,6.836998,1007,0,2.424,4.186996,30.940002,31.450012,568.82
19/04/2023 03:00,7.124001,1007,0,2.444,3.159,37.27002,28.769989,537.68
19/04/2023 04:00,7.608002,1007,0,2.152,3.014999,36.150024,30.769989,502.98
19/04/2023 05:00,7.802002,1007,0,2.974998,4.091003,44.590027,41.210022,504.80
19/04/2023 06:00,7.429001,1007,0,3.306999,4.878998,40.5,34.349976,548.36
19/04/2023 07:00,7.804001,1007,0,3.011002,4.308998,43.580017,40.880005,635.59
19/04/2023 08:00,8.610001,1007,0,2.935001,4.282997,61.619995,55.390015,766.87
19/04/2023 09:00,9.559998,1007,0,2.844002,4.326004,56.5,59.030029,821.77
19/04/2023 10:00,11.089996,1007,0,2.84,5.359001,57.970032,60.650024,909.53
19/04/2023 11:00,12.089996,1006,0,3.848,5.903999,59.97998,50.789978,1041.30
19/04/2023 12:00,13.180008,1006,0,4.257004,6.483002,62.140015,55.539978,1065.38
19/04/2023 13:00,14.220001,1006,0,3.848999,6.362999,80.300049,80.800049,1102.86
19/04/2023 14:00,14.240005,1006,0,4.635002,6.917,65.97998,62.669983,1118.53
19/04/2023 15:00,13.729996,1006,0,4.282997,8.289993,72.119995,71.069946,1067.65
19/04/2023 16:00,13.360001,1006,0,3.234001,6.056999,79.209961,80.199951,1043.02
19/04/2023 17:00,12.740005,1006,0,4.280998,6.955002,62.940002,69.920044,1026.06
19/04/2023 18:00,11.520004,1006,0,4.308998,7.679001,71.290039,69.640015,974.84
19/04/2023 19:00,10.309998,1006,0,3.382,4.889,60.799988,59.200012,802.18
19/04/2023 20:00,9.020004,1007,0,3.228001,4.390999,55.119995,46.349976,623.15
19/04/2023 21:00,7.723,1007,0,1.570999,2.513,27.440002,24.320007,520.02
19/04/2023 22:00,6.903,1006,0,2.035,2.893002,30.01001,26.619995,518.17
19/04/2023 23:00,6.388,1006,0,1.714001,2.902,43.720032,34.76001,490.39
20/04/2023 00:00,5.936996,1005,0,2.095001,3.16,34.140015,30.73999,472.21
20/04/2023 01:00,5.815002,1005,0,1.68,2.861,46.640015,28.709991,404.49
20/04/2023 02:00,5.219002,1004,0,0.974,1.916,11.059998,4.530998,378.24
20/04/2023 03:00,4.966003,1004,0,0.615,1.299999,4.855003,7.542999,352.88
20/04/2023 04:00,5.195999,1004,0,1.264999,2.040001,22.809998,5.834,318.60
20/04/2023 05:00,5.208,1004,0,1.132,1.528999,14.270004,2.328999,278.56
20/04/2023 06:00,5.629997,1005,0,1.649,2.667,46,36.02002,299.11
20/04/2023 07:00,6.099998,1005,0,2.696999,3.77,37.280029,29.579987,420.21
20/04/2023 08:00,7.035004,1004,0,3.292,3.993999,38.48999,20.98999,637.69
20/04/2023 09:00,9.710007,1004,0,2.691002,3.570999,26.670013,18.720001,1018.86
20/04/2023 10:00,11.380005,1003,0,5.054001,6.821999,46.73999,36.099976,1113.06
20/04/2023 11:00,13.139999,1003,0,4.183998,5.292999,42.950012,40.880005,1304.48
20/04/2023 12:00,13.850006,1002,0,4.960999,6.697998,40,32.47998,1469.91
20/04/2023 13:00,13.889999,1001,0,4.653,8.180008,52.559998,48.880005,1480.34
20/04/2023 14:00,13.580002,1000,0,5.555,7.779999,51.039978,44.919983,1410.90
20/04/2023 15:00,13.100006,1000,0,6.733002,8.449997,38.720032,35.460022,1323.37
20/04/2023 16:00,13.110001,999,0,5.207001,7.773003,37.789978,35.880005,1132.51
20/04/2023 17:00,12.619995,998,0,5.295998,7.850998,29.950012,24.5,974.44
20/04/2023 18:00,11.490005,998,0,5.583,7.939003,41.289978,34.700012,958.36
20/04/2023 19:00,10.130005,998,0,4.789001,7.273003,44.919983,33.72998,943.14
20/04/2023 20:00,8.830002,998,0,2.946999,5.181999,48.580017,39.630005,872.65
20/04/2023 21:00,8.589996,998,0,3.528999,4.586998,47.330017,34.039978,858.49
20/04/2023 22:00,8.320007,998,0,3.634998,5.435997,35.530029,22.700012,891.06
20/04/2023 23:00,7.640999,997,0,3.678001,5.096001,28.360016,25.059998,888.71
21/04/2023 00:00,7.334,997,0,2.008999,2.859001,29.880005,24.130005,810.18
21/04/2023 01:00,7.490997,996,0,3.047001,4.587997,38.970032,27.910004,674.12
21/04/2023 02:00,7.271004,996,0,2.437,3.529999,35.049988,30.26001,628.19
21/04/2023 03:00,7.253998,994,0,1.972,2.379002,15.960007,2.075001,573.39
21/04/2023 04:00,7.410004,993,0,2.187,3.376999,0.032,355.100098,513.21
21/04/2023 05:00,7.655998,992,0,3.160999,4.635002,12.050003,1.972,619.11
21/04/2023 06:00,8.199997,991,0,3.502998,5.516998,19.209991,12.880005,762.28
21/04/2023 07:00,8.270004,990,0,3.477001,4.682999,12.889999,3.456001,783.48
21/04/2023 08:00,9.029999,990,0,3.618999,5.639,36.330017,15.820007,775.64
21/04/2023 09:00,9.639999,989,0,3.908001,5.564003,41.210022,34.409973,817.98
21/04/2023 10:00,9.529999,989,0,3.203999,4.995003,63.530029,47.970032,803.17
21/04/2023 11:00,9.190002,989,0,3.504002,4.971001,60.679993,55.820007,858.12
21/04/2023 12:00,9.529999,989,0,3.254002,4.959999,52.390015,41.090027,1205.32
21/04/2023 13:00,9.619995,989,0,2.617001,4.448997,60.200012,53.76001,1317.54
21/04/2023 14:00,10.320007,988,0,2.384998,3.889,54.880005,51.460022,1295.15
21/04/2023 15:00,10.440002,988,0,3.057999,3.969002,44.700012,38.210022,1102.53
21/04/2023 16:00,10.559998,987,0,3.595001,4.480003,43.650024,36.099976,970.54
21/04/2023 17:00,10.639999,986,0,3.271,4.541,49.609985,41.130005,868.28
21/04/2023 18:00,9.619995,986,0,3.519001,5.112999,43.98999,41.030029,740.23
21/04/2023 19:00,9.139999,985,0,2.917999,4.176003,48.820007,36.880005,550.17
21/04/2023 20:00,8.759995,985,0,2.359001,3.221001,33.099976,28.190002,392.83
21/04/2023 21:00,8.410004,985,0,2.382,3.328999,29.600006,17.809998,348.68
21/04/2023 22:00,8.399994,984,0,1.240999,2.073002,29.890015,17.869995,327.82
21/04/2023 23:00,8.240005,983,0,1.538,1.985001,12.860001,352.399902,301.16
22/04/2023 00:00,8.130005,982,0,0.927,1.422001,346.600098,341.100098,306.53
22/04/2023 01:00,8.320007,981,0,1.291,1.917,20.640015,19.929993,283.53
22/04/2023 02:00,8.330002,980,0,0.751,1.429001,357.399902,347.600098,197.54
22/04/2023 03:00,7.872002,979,0,1.237,1.837,0.161,341,163.69
22/04/2023 04:00,7.802002,978,0,0.693,1.165001,290.100098,282.899902,161.73
22/04/2023 05:00,7.873001,977,0,0.839,1.611,289.299805,296.100098,184.14
22/04/2023 06:00,7.966003,977,0,0.857,1.210001,300.700195,290,282.05
22/04/2023 07:00,8.25,976,0,0.545,0.857,251.300049,256.100098,334.39
22/04/2023 08:00,8.330002,976,0,1.240999,2.521,264.899902,256.200195,369.21
22/04/2023 09:00,9.699997,976,0,1.257999,1.886999,251.600098,255.399902,542.19
22/04/2023 10:00,11.119995,976,0,1.601999,2.258999,238.899902,246.600098,752.39
22/04/2023 11:00,11.720001,976,0,2.659,3.133999,232.300049,218.699951,867.27
22/04/2023 12:00,12.419998,975,0,2.431999,3.935001,253.199951,229.699951,1001.81
22/04/2023 13:00,13.190002,975,0,3.073002,3.844002,222.399902,210.100098,1179.73
22/04/2023 14:00,13,975,0,2.421001,3.431,239.899902,220,1288.51
22/04/2023 15:00,13.940002,975,0,3.486,4.093002,221.100098,208.899902,1327.29
22/04/2023 16:00,12.889999,975,0,3.734001,4.399002,221.399902,203.199951,1193.40
22/04/2023 17:00,12.630005,975,0,3.27,4.689003,218.600098,205.899902,1195.75
22/04/2023 18:00,12.089996,975,0,2.601002,3.299,221.199951,209.199951,967.05
22/04/2023 19:00,11.690002,975,0,1.999001,2.382999,210.699951,192,135.28
22/04/2023 20:00,10.75,975,0,1.667,2.582001,187.199951,177.699951,62.81
22/04/2023 21:00,9.809998,975,0,0.462,1.118999,199.5,216.199951,52.93
22/04/2023 22:00,9.720001,975,0,0.576,0.959,168.600098,176.899902,27.26
22/04/2023 23:00,9.820007,974,0,1.858999,2.905998,195.399902,180.699951,68.71
23/04/2023 00:00,8.639999,974,0,0.481,1.121,0,147.300049,95.49
23/04/2023 01:00,8.210007,973,0,0.565,1.292999,56.890015,33.929993,77.57
23/04/2023 02:00,8.139999,972,0,0.623,1.218,52.669983,35.52002,74.84
23/04/2023 03:00,8.169998,972,0,1.381001,1.983,35.590027,32.059998,106.21
23/04/2023 04:00,8.070007,972,0,1.519001,2.039001,36.299988,34.22998,147.27
23/04/2023 05:00,7.897003,972,0,1.667,2.411999,48.450012,37.470032,181.53
23/04/2023 06:00,7.531998,972,0,1.635,2.542999,8.539993,351.100098,230.42
23/04/2023 07:00,7.608002,972,0,1.606001,2.494999,354.700195,350.600098,344.73
23/04/2023 08:00,7.974998,972,0,2.098999,3.210999,1.445,354.399902,493.91
23/04/2023 09:00,8.410004,972,0,1.798,2.685001,3.451,343.899902,585.40
23/04/2023 10:00,9.149994,972,0,2.780998,4.016998,4.217003,0.562,723.77
23/04/2023 11:00,9.470001,972,0,1.589001,2.137001,26.360016,19.679993,706.78
23/04/2023 12:00,9.839996,973,0,2.841,4.219002,26.579987,15.380005,695.44
23/04/2023 13:00,9.539993,973,0,1.76,3.548,349.700195,338.399902,718.61
23/04/2023 14:00,9.529999,973,0,1.101,2.043999,346.399902,337.899902,726.54
23/04/2023 15:00,10.509995,973,0,2.427002,3.184002,40.01001,23.049988,702.07
23/04/2023 16:00,12.350006,973,0,2.695,3.508999,12.600006,7.945999,756.87
23/04/2023 17:00,12.360001,974,0,2.782001,3.969002,24.149994,11.419998,706.54
23/04/2023 18:00,11.75,974,0,1.363001,1.582001,21.25,6.634003,659.28
23/04/2023 19:00,10.190002,975,0,1.700001,2.809002,329.899902,323,493.08
23/04/2023 20:00,9.539993,977,0,2.477001,4.301003,10.419998,352.899902,466.55
23/04/2023 21:00,8.369995,977,0,3.533001,5.216003,5.873001,350.399902,531.99
23/04/2023 22:00,7.762001,978,0,2.959,4.100998,20.779999,7.684998,679.13
23/04/2023 23:00,7.491997,979,0,4.018997,6.076004,351,350.799805,648.32
24/04/2023 00:00,7.235001,979,0,2.578999,3.834999,12.410004,3.543999,643.44
24/04/2023 01:00,6.662003,980,0,1.679001,3.139,351.600098,341.299805,655.49
24/04/2023 02:00,5.900002,980,0,1.343,2.917999,326.899902,333.299805,650.03
24/04/2023 03:00,5.555,980,0,1.209,2.679001,337.100098,340.200195,628.29
24/04/2023 04:00,5.667999,981,0,1.441,2.323002,298,297.600098,563.91
24/04/2023 05:00,5.612,982,0,1.493,3.358002,310,312.5,520.99
24/04/2023 06:00,5.989998,982,0,1.884001,3.681,335.5,328.899902,600.09
24/04/2023 07:00,6.555,983,0,2.881001,4.904999,337.600098,331.299805,661.02
24/04/2023 08:00,7.32,983,0,2.598,4.374001,331.399902,316.799805,781.61
24/04/2023 09:00,7.497002,984,0,2.634998,4.011002,356.5,345.899902,1092.94
24/04/2023 10:00,8.600006,984,0,2.209999,3.029999,8.389999,346.5,1281.09
24/04/2023 11:00,8.449997,984,0,2.845001,4.161003,23.420013,16.459991,1381.68
24/04/2023 12:00,8.369995,985,0,2.782001,3.687,26.890015,10.570007,1019.55
24/04/2023 13:00,9.119995,985,0,2.757,3.873001,7.318001,1.388,981.67
24/04/2023 14:00,8.380005,986,0,3.659,5.668999,22.679993,9.820007,1204.63
24/04/2023 15:00,8.199997,986,0,2.455002,3.630001,15.490005,6.468002,1172.75
24/04/2023 16:00,7.724998,987,0,3.674,5.136002,30.769989,13.779999,943.34
24/04/2023 17:00,7.754997,987,0,2.309002,3.702999,49.640015,38.559998,990.05
24/04/2023 18:00,7.546997,988,0,2.585999,4.337997,17.73999,1.686001,1024.77
24/04/2023 19:00,7.168999,989,0,2.067001,3.458,9.550003,359.399902,946.07
24/04/2023 20:00,6.301003,990,0,2.408001,3.837002,22.779999,3.670002,785.74
24/04/2023 21:00,5.088997,990,0,1.48,3.256001,357.399902,346.299805,671.99
24/04/2023 22:00,4.431,991,0,1.566999,2.965,350.100098,340.299805,349.31
24/04/2023 23:00,3.790001,991,0,0.614,1.615,281.100098,285.700195,386.83
25/04/2023 00:00,2.981998,992,0,0.855,1.809999,260.799805,289,323.38
25/04/2023 01:00,2.297001,992,0,0.769,1.527,253.699951,286.299805,266.86
25/04/2023 02:00,2.472,992,0,0.978,2.404999,277.700195,296.700195,253.54
25/04/2023 03:00,2.064999,992,0,0.99,2.133999,298,290.200195,231.18
25/04/2023 04:00,1.471001,992,0,0.685,1.271,254.199951,268.100098,198.35
25/04/2023 05:00,1.386,993,0,0.79,1.583,266.700195,266.299805,176.26
25/04/2023 06:00,2.960999,993,0,1.492001,2.699001,310.100098,307.899902,265.32
25/04/2023 07:00,4.553001,994,0,1.955,3.820999,325.899902,325,454.08
25/04/2023 08:00,5.521004,994,0,2.224998,4.147003,343.299805,334.700195,653.56
25/04/2023 09:00,6.467003,995,0,1.974001,2.936001,338,327.700195,971.19
25/04/2023 10:00,7.640999,995,0,2.736,3.986,355.299805,337.100098,1454.43
25/04/2023 11:00,8.350006,995,0,1.913,3.457001,329.200195,322.600098,1678.98
25/04/2023 12:00,8.440002,994,0,2.030998,2.632999,336.899902,348,1686.89
25/04/2023 13:00,9.770004,994,0,1.554001,2.462002,345.600098,357.799805,1779.59
25/04/2023 14:00,9.570007,994,0,2.018002,2.771,46.470032,36.599976,1784.54
25/04/2023 15:00,11.389999,994,0,1.379,1.35,247,248.100098,1446.80
25/04/2023 16:00,10.669998,994,0,1.132999,1.509001,64,64.180054,1403.54
25/04/2023 17:00,10.399994,993,0,1.115,1.247,75.709961,68.440063,1291.08
25/04/2023 18:00,10.039993,993,0,1.358999,2.117001,135.399902,115.800049,1161.35
25/04/2023 19:00,9.380005,993,0,2.280998,3.499001,131.699951,122.5,83.50
25/04/2023 20:00,8.639999,994,0,1.471001,2.160999,131.800049,126.199951,74.74
25/04/2023 21:00,6.737999,995,0,2.337002,3.480999,117.099976,109.900024,92.27
25/04/2023 22:00,5.848999,995,0,1.277,2.163002,118.099976,126.800049,150.12
25/04/2023 23:00,5.195999,995,0,0.295,0.46,353.700195,74.940063,164.48
26/04/2023 00:00,4.924004,995,0,0.551,0.971,105.900024,105.800049,129.23
26/04/2023 01:00,4.444,995,0,0.349,0.85,0,83.900024,104.62
26/04/2023 02:00,4.015999,994,0,0.368,0.699,102.699951,96.300049,83.01
26/04/2023 03:00,3.514,994,0,0.32,0.982,154.399902,137.199951,81.30
26/04/2023 04:00,3.323002,993,0,0.639,1.184999,193.300049,191.399902,78.35
26/04/2023 05:00,3.714001,993,0,0.409,0.635,0,144.699951,69.88
26/04/2023 06:00,3.91,993,0,0.391,0.817,233.899902,229.699951,97.99
26/04/2023 07:00,4.890999,993,0,0.625,0.797,54.470032,55.609985,185.48
26/04/2023 08:00,6.268997,993,0,0.823,1.004999,105,74.699951,326.58
26/04/2023 09:00,8.839996,993,0,1.026001,1.405001,200.300049,262.100098,897.84
26/04/2023 10:00,11.240005,993,0,2.389,3.038002,195.399902,188.100098,1415.75
26/04/2023 11:00,11.630005,992,0,2.73,3.559002,167.899902,156.600098,1417.06
26/04/2023 12:00,10.289993,992,0,2.778,3.679001,213.800049,198,1382.30
26/04/2023 13:00,10.570007,993,0,1.985001,2.341,224.899902,208,1521.40
26/04/2023 14:00,11.430008,993,0,1.462999,1.974001,234.199951,220.699951,1503.42
26/04/2023 15:00,11.5,992,0,0.975,1,198.399902,188.300049,1541.01
26/04/2023 16:00,11.789993,992,0,0.813,1.305,252.5,255.800049,1344.43
26/04/2023 17:00,11.529999,992,0,1.059,1.302999,113.400024,108.400024,992.28
26/04/2023 18:00,11.300003,992,0,1.621,2.463001,115.5,101.900024,754.76
26/04/2023 19:00,10.680008,992,0,1.149,1.719999,121.599976,123.599976,74.44
26/04/2023 20:00,8.979996,993,0,0.561,1.761,123.199951,121,73.51
26/04/2023 21:00,7.541,993,0,0.943,1.787001,229.100098,228,90.93
26/04/2023 22:00,7.167,993,0,0.965,1.573,220.100098,221.600098,99.44
26/04/2023 23:00,6.005997,994,0,0.209,0.803,120.599976,229.399902,96.84
27/04/2023 00:00,5.240997,994,0,0.5,0.866,248.899902,252.199951,111.10
27/04/2023 01:00,5.091003,993,0,0.688,1.115999,249.5,239.699951,103.63
27/04/2023 02:00,3.695999,993,0,0.367,0.798,237.399902,213.600098,87.04
27/04/2023 03:00,3.518002,993,0,0.491,0.571,129.199951,92.400024,90.33
27/04/2023 04:00,2.981998,993,0,0.191,0.461,161,27.269989,111.50
27/04/2023 05:00,3.435001,992,0,0.205,0.515,0,56.630005,121.92
27/04/2023 06:00,4.449997,993,0,0.45,0.722,63.73999,39.51001,164.06
27/04/2023 07:00,5.808998,992,0,0.491,0.787,58.970032,57.690002,230.62
27/04/2023 08:00,8.009995,992,0,1.299,1.9,133.399902,118.699951,297.10
27/04/2023 09:00,9.210007,991,0,2.174,3.302002,136.100098,130.300049,462.70
27/04/2023 10:00,10.690002,991,0,2.317001,3.032001,128.199951,132.199951,802.59
27/04/2023 11:00,11.710007,990,0,3.066002,4.138,134.600098,141.300049,908.85
27/04/2023 12:00,11.660004,990,0,2.175999,3.581001,153.600098,145.800049,928.20
27/04/2023 13:00,11.570007,989,0,2.658001,4.533997,131.199951,127.300049,959.68
27/04/2023 14:00,11.899994,989,0,2.479,4.279999,144.699951,133,966.15
27/04/2023 15:00,11.830002,988,0,2.519001,3.659,144.600098,124.199951,935.25
27/04/2023 16:00,9.639999,988,0,2.651001,4.201004,130.899902,133.199951,865.96
27/04/2023 17:00,9.119995,987,0,1.395,2.117001,120.199951,114.400024,770.52
27/04/2023 18:00,8.770004,986,0,1.421,1.955999,116,104.400024,639.94
27/04/2023 19:00,8.330002,986,0,1.146999,2.241001,105,114.300049,578.39
27/04/2023 20:00,7.845001,985,0,1.414,2.132999,118,121.699951,551.06
27/04/2023 21:00,7.429001,985,0,1.051001,2.077,0,98.599976,544.93
27/04/2023 22:00,7.151001,984,0,0.981,2.011002,78.109985,86,520.39
27/04/2023 23:00,6.795998,983,0,1.25,2.487,109.800049,90.699951,513.65
28/04/2023 00:00,6.809998,983,0,1.035,1.667,65.810059,82.800049,494.03
28/04/2023 01:00,6.850998,982,0,1.200001,1.691999,0,60.970032,451.68
28/04/2023 02:00,7.080002,982,0,1.051001,1.239,39.960022,52.559998,361.27
28/04/2023 03:00,7.128998,981,0,0.75,1.17,50.630005,65.890015,299.77
28/04/2023 04:00,7.278999,981,0,1.127001,1.344999,28.839996,20.5,234.07
28/04/2023 05:00,7.393997,981,0,0.467,0.844,34.900024,40.280029,158.43
28/04/2023 06:00,7.498001,981,0,1.055,1.518,358.5,342.100098,113.01
28/04/2023 07:00,7.734001,982,0,1.202999,1.684999,348.100098,334.600098,114.74
28/04/2023 08:00,8.110001,982,0,1.469999,2.206001,333.799805,318.299805,168.27
28/04/2023 09:00,8.570007,983,0,1.621,2.811001,328.700195,311.200195,278.33
28/04/2023 10:00,9.639999,984,0,1.539,2.021,321,314.5,314.31
28/04/2023 11:00,10.25,985,0,1.382999,2.367001,287.899902,293.399902,480.25
28/04/2023 12:00,10.369995,986,0,1.979,3.43,319,311.399902,521.02
28/04/2023 13:00,10.300003,987,0,1.999001,2.846001,346.399902,335.299805,539.76
28/04/2023 14:00,10.789993,988,0,1.733999,2.900002,322.799805,319,596.84
28/04/2023 15:00,11.589996,988,0,1.479,2.174999,4.518997,349.700195,777.49
28/04/2023 16:00,11.919998,989,0,1.361,2.911999,350.399902,337.100098,810.43
28/04/2023 17:00,12.550003,989,0,1.261999,1.563,348.899902,344.600098,743.51
28/04/2023 18:00,12.289993,990,0,0.904,1.277,21.100006,12.839996,529.82
28/04/2023 19:00,11.899994,990,0,0.817,1.711,150.699951,137.100098,104.86
28/04/2023 20:00,10.210007,991,0,0.804,2.060001,133.300049,135.100098,30.40
28/04/2023 21:00,9,992,0,0.634,1.152,145.600098,171.699951,19.74
28/04/2023 22:00,8.199997,992,0,0.633,1.344,235.5,240.5,27.94
28/04/2023 23:00,8.309998,992,0,0.344,0.569,0,255.600098,31.08
29/04/2023 00:00,8.520004,993,0,0.226,0.313,206.5,328.899902,30.98
29/04/2023 01:00,8.380005,993,0,0.335,0.66,246.699951,242.600098,30.66
29/04/2023 02:00,7.907997,993,0,0.255,0.418,185.699951,260.799805,32.96
29/04/2023 03:00,7.996002,993,0,0.177,0.629,141.100098,263.700195,31.41
29/04/2023 04:00,8.119995,993,0,0.453,1.488001,279.899902,260.5,34.02
29/04/2023 05:00,8.300003,994,0,1.056,1.687,227.100098,241.899902,33.06
29/04/2023 06:00,8.580002,994,0,0.592,1.143,280.700195,264.700195,34.01
29/04/2023 07:00,11.619995,995,0,0.357,0.351,199.600098,190.5,59.40
29/04/2023 08:00,13.460007,995,0,0.921,1.056999,0,54.710022,222.82
29/04/2023 09:00,14.080002,996,0,0.765,0.734,168.100098,127.699951,501.85
29/04/2023 10:00,14.869995,996,0,1.188999,1.649,84,66.290039,633.32
29/04/2023 11:00,15.789993,996,0,1.167,1.388,99.400024,104.599976,860.65
29/04/2023 12:00,17.25,996,0,1.583,1.823999,149.199951,124.400024,854.68
29/04/2023 13:00,16.940002,996,0,1.299999,1.959,91,86.800049,778.71
29/04/2023 14:00,17.170013,996,0,1.841,2.491001,160.699951,156.699951,720.12
29/04/2023 15:00,14.589996,996,0,0.783,1.719,277.299805,284.899902,414.23
29/04/2023 16:00,14.789993,996,0,1.110001,1.653,53.75,55.940002,424.85
29/04/2023 17:00,15.300003,996,0,0.524,0.781,235.399902,219.300049,220.31
29/04/2023 18:00,14.020004,996,0,0.647,1.372,249.399902,245.899902,229.69
29/04/2023 19:00,13.889999,996,0,0.241,0.195,136.199951,305.799805,183.34
29/04/2023 20:00,13.169998,997,0,2.125,3.744999,44.690002,34.289978,126.21
29/04/2023 21:00,11.979996,997,0,1.183001,1.802999,39.059998,32.580017,102.41
29/04/2023 22:00,11.110001,997,0,1.509001,2.091,36.450012,23.98999,101.94
29/04/2023 23:00,10.75,997,0,0.285,0.48,0,9.410004,82.12
30/04/2023 00:00,10.490005,997,0,0.505,0.73,11.919998,24.130005,69.87
30/04/2023 01:00,10.229996,997,0,0.458,0.908,55.02002,37.590027,57.14
30/04/2023 02:00,9.839996,996,0,0.463,1.17,75.440063,59.650024,63.97
30/04/2023 03:00,9.789993,996,0,0.268,0.347,160.300049,146.300049,80.12
30/04/2023 04:00,9.960007,996,0,0.634,0.761,109.800049,118.5,131.93
30/04/2023 05:00,10.220001,996,0,0.436,0.809,119.599976,133.5,218.11
30/04/2023 06:00,11.009995,995,0,0.867,1.594,156.100098,158,304.78
30/04/2023 07:00,12.180008,995,0,3.777,4.695,220.899902,209.199951,358.46
30/04/2023 08:00,13.759995,995,0,3.113998,3.420002,200.199951,185.199951,409.08
30/04/2023 09:00,14.910004,995,0,3.677002,5.039001,192.5,173.600098,508.40
30/04/2023 10:00,15.210007,995,0,3.507999,3.868999,216.800049,212.5,570.24
30/04/2023 11:00,14.509995,995,0,4.130997,4.884003,221.600098,208.5,835.90
30/04/2023 12:00,14.570007,995,0,2.597,3.240002,228,211.699951,992.25
30/04/2023 13:00,16.059998,994,0,4.542,5.931,218.399902,204.199951,1087.76
30/04/2023 14:00,14.869995,994,0,4.701004,6.425003,225.699951,221.100098,1013.05
30/04/2023 15:00,14.210007,993,0,2.960999,3.881001,214.899902,213.699951,881.14
30/04/2023 16:00,13.930008,993,0,4.181,5.473,211.199951,202.399902,781.08
30/04/2023 17:00,13.910004,993,0,2.605,3.969002,198.5,187.899902,662.01
30/04/2023 18:00,13.779999,992,0,3.039001,3.914001,209.5,190.800049,518.17
30/04/2023 19:00,13.330002,992,0,2.014999,2.618999,206.300049,202.600098,443.80
30/04/2023 20:00,12.800003,992,0,1.507,2.076,190.600098,182.199951,298.61
30/04/2023 21:00,12.660004,992,0,1.047001,2.035,185.300049,166.399902,224.40
30/04/2023 22:00,12.430008,991,0,1.323,2.042,215.399902,209.100098,181.78
30/04/2023 23:00,12.149994,991,0,1.389,1.885,215,207.100098,249.16
01/05/2023 00:00,12.059998,991,0,1.643,2.845001,227.899902,226.600098,206.50
01/05/2023 01:00,11.570007,990,0,0.819,0.833,56.679993,353.600098,177.42
01/05/2023 02:00,11.25,990,0,0.998,1.566999,248,245.199951,187.17
01/05/2023 03:00,10.720001,989,0,0.951,1.740999,225.300049,245.600098,203.79
01/05/2023 04:00,10.820007,990,0,0.682,1.539,291.399902,284.600098,262.80
01/05/2023 05:00,10.699997,989,0,1.424999,1.737,207.699951,210.399902,302.29
01/05/2023 06:00,11.229996,990,0,0.859,1.210001,269.700195,289.700195,409.05
01/05/2023 07:00,11.930008,990,0,0.846,1.659,283,293.100098,473.56
01/05/2023 08:00,12.809998,991,0,2.09,3.160999,302.5,295.299805,656.14
01/05/2023 09:00,13.399994,991,0,2.507,4.355003,308.899902,296.799805,805.59
01/05/2023 10:00,14.800003,991,0,2.238998,4.011002,291.799805,291,904.85
01/05/2023 11:00,15.360001,992,0,2.813,4.461998,300.899902,302.700195,1086.71
01/05/2023 12:00,15.970001,992,0,4.219002,5.221001,304.899902,293,1182.56
01/05/2023 13:00,16.420013,992,0,1.958,3.939999,289.799805,279.399902,1353.96
01/05/2023 14:00,15.820007,993,0,2.798,5.207001,310.100098,317.899902,1315.32
01/05/2023 15:00,16.110016,993,0,2.196999,3.757,304,293.799805,1231.69
01/05/2023 16:00,16.369995,993,0,2.106998,3.685001,296,293.100098,1096.41
01/05/2023 17:00,16.679993,994,0,1.917,3.466999,277.700195,273.799805,917.87
01/05/2023 18:00,15.809998,994,0,2.254002,3.299,290,288.399902,843.76
01/05/2023 19:00,13.100006,996,0,2.237,3.688,0.596,351,639.09
01/05/2023 20:00,11.830002,997,0,2.853001,4.285004,14.770004,2.650002,468.52
01/05/2023 21:00,10.619995,999,0,3.073002,3.819,3.199001,357.200195,442.11
01/05/2023 22:00,10.110001,999,0,2.487,3.325001,9.789993,1.34,380.01
01/05/2023 23:00,9.940002,1000,0,2.083,2.737,30.059998,28.950012,381.14
02/05/2023 00:00,9.5,1000,0,2.191002,3.146,43.200012,35.349976,392.15
02/05/2023 01:00,8.979996,1001,0,1.712,2.973,46.780029,45.940002,396.82
02/05/2023 02:00,8.639999,1001,0,1.211,2.278,51.690002,62.539978,391.46
02/05/2023 03:00,8.589996,1002,0,1.037001,2.098,72.27002,71.969971,365.85
02/05/2023 04:00,8.440002,1002,0,0.701,1.458,88.900024,77.540039,355.24
02/05/2023 05:00,8.350006,1002,0,1.465,2.262001,136.399902,117.699951,347.01
02/05/2023 06:00,8.529999,1003,0,1.423,2.299,94.300049,106.199951,368.12
02/05/2023 07:00,8.899994,1003,0,1.201,2.341,103.5,94.699951,397.74
02/05/2023 08:00,9.649994,1004,0,1.580999,1.957001,138.399902,119.900024,441.77
02/05/2023 09:00,9.990005,1004,0,1.736,2.271999,151.5,139.100098,499.00
02/05/2023 10:00,11.25,1004,0,1.636999,2.826,149.100098,137.899902,582.00
02/05/2023 11:00,12.020004,1005,0,1.358,1.58,133.5,134.100098,688.82
02/05/2023 12:00,12.899994,1005,0,2.035,2.380001,146.100098,146,764.81
02/05/2023 13:00,13.759995,1005,0,1.941999,2.566002,160,135,842.08
02/05/2023 14:00,14.229996,1005,0,2.472,3.244999,175.300049,156.399902,873.36
02/05/2023 15:00,14.220001,1005,0,2.049,3.309002,162.899902,155,768.78
02/05/2023 16:00,14.029999,1004,0,2.442001,3.487999,144.199951,130.300049,744.70
02/05/2023 17:00,14.139999,1004,0,1.858999,3.375999,181.600098,150.300049,632.76
02/05/2023 18:00,13.240005,1004,0,2.224998,3.307999,138.5,131.800049,582.95
02/05/2023 19:00,12.440002,1004,0,1.827999,2.617001,147.800049,136.399902,465.32
02/05/2023 20:00,11.259995,1005,0,1.048,2.258999,130.199951,125.5,326.49
02/05/2023 21:00,10.229996,1005,0,0.595,1.377001,145.399902,133.100098,257.24
02/05/2023 22:00,9.270004,1006,0,0.864,1.226999,100.300049,114.800049,228.11
02/05/2023 23:00,8.630005,1005,0,0.755,1.288,101.800049,102.800049,225.35
03/05/2023 00:00,7.485001,1006,0,0.818,1.753,124.699951,105.599976,211.27
03/05/2023 01:00,6.898003,1006,0,0.976,2.538002,136.699951,138.699951,162.93
03/05/2023 02:00,6.644997,1005,0,0.787,1.561001,101.599976,109.800049,159.06
03/05/2023 03:00,7.035004,1005,0,0.93,1.403,217.5,216.5,180.24
03/05/2023 04:00,5.869003,1005,0,0.797,0.881,151,161.5,172.98
03/05/2023 05:00,5.288002,1005,0,0.395,0.925,0,133.199951,173.34
03/05/2023 06:00,6.733002,1006,0,0.579,0.553,106.400024,95.900024,205.85
03/05/2023 07:00,9.699997,1006,0,1.127001,1.195999,151.100098,153.5,257.70
03/05/2023 08:00,10.460007,1006,0,2.367001,3.429001,156.699951,147.199951,359.19
03/05/2023 09:00,11.369995,1006,0,2.379002,3.735001,124.800049,124,497.38
03/05/2023 10:00,12.630005,1005,0,2.192001,3.445999,128.699951,129.800049,782.56
03/05/2023 11:00,13.660004,1005,0,2.108002,3.115002,119.099976,103.800049,976.43
03/05/2023 12:00,14,1004,0,2.695,4.058998,116.699951,106.800049,1078.37
03/05/2023 13:00,14.210007,1004,0,2.775002,5.172997,95.699951,96.5,1086.36
03/05/2023 14:00,14.029999,1003,0,2.682999,5.016998,96.900024,106.400024,1030.78
03/05/2023 15:00,13.919998,1002,0,1.919001,3.831001,93.599976,96.300049,989.58
03/05/2023 16:00,13.949997,1002,0,3.292999,4.974998,70.800049,74.209961,945.33
03/05/2023 17:00,13.229996,1002,0,2.997002,5.940002,74.140015,75.109985,873.10
03/05/2023 18:00,12.520004,1001,0,2.512001,4.829002,62.609985,73.650024,766.93
03/05/2023 19:00,10.990005,1001,0,2.207001,4.199997,67.040039,66.73999,658.85
03/05/2023 20:00,9.589996,1001,0,1.629,3.077,85.400024,90.199951,573.92
03/05/2023 21:00,8.330002,1001,0,1.969999,3.389999,83.599976,81.5,559.57
03/05/2023 22:00,7.566002,1001,0,1.764999,3.416,74.089966,74.119995,508.52
03/05/2023 23:00,7.141998,1001,0,1.419001,1.993,74.22998,80.300049,501.50
04/05/2023 00:00,6.883003,1000,0,1.249001,1.746,74.069946,80.599976,481.12
04/05/2023 01:00,7.091003,1000,0,1.127001,2.236,63.840027,61.76001,453.13
04/05/2023 02:00,7.060997,999,0,1.292999,2.955002,64.459961,69.890015,418.90
04/05/2023 03:00,7.164001,999,0,1.944,3.736,61.450012,67.699951,413.96
04/05/2023 04:00,7.264,998,0,1.700001,3.091999,64.51001,78,405.40
04/05/2023 05:00,7.292999,997,0,2.056,3.247002,57.940002,65.690063,407.10
04/05/2023 06:00,7.624001,997,0,1.575001,2.603001,59.679993,55.179993,459.61
04/05/2023 07:00,8.320007,997,0,2.379002,4.027,71.170044,59.460022,531.33
04/05/2023 08:00,9.660004,996,0,3.240002,5.031998,66.930054,66.670044,626.09
04/05/2023 09:00,10.910004,995,0,2.974998,4.979004,57.710022,54.72998,715.22
04/05/2023 10:00,11.610001,994,0,4.213997,6.410004,68.310059,53.159973,713.82
04/05/2023 11:00,12.630005,993,0,3.865002,5.804001,56.210022,62.909973,771.71
04/05/2023 12:00,13.5,992,0,4.158997,6.695,65.380005,64.670044,805.43
04/05/2023 13:00,14,991,0,3.470001,6.625,69.390015,65.150024,796.59
04/05/2023 14:00,14.690002,990,0,3.969002,6.350998,59.27002,61.159973,766.86
04/05/2023 15:00,14.639999,989,0,3.744999,6.883003,82.099976,70.099976,751.61
04/05/2023 16:00,13.080002,989,0,4.388,6.653999,55.630005,51.090027,749.26
04/05/2023 17:00,11.990005,989,0,3.946999,5.875999,55.23999,46.340027,707.15
04/05/2023 18:00,11.410004,988,0,2.243999,4.030998,53.820007,53.98999,640.12
04/05/2023 19:00,10.529999,988,0,2.868,4.271004,45.090027,42.330017,537.37
04/05/2023 20:00,9.970001,988,0,2.145,3.513,49.220032,43.530029,445.57
04/05/2023 21:00,9.930008,987,0,2.077,3.063999,50.840027,40.280029,381.16
04/05/2023 22:00,9.930008,987,0,1.687,1.915001,35.039978,40.580017,281.73
04/05/2023 23:00,9.949997,986,0,1.48,2.519001,61.51001,59.23999,251.15
05/05/2023 00:00,9.770004,986,0,0.537,0.836,71.099976,36.119995,173.14
05/05/2023 01:00,9.809998,986,0,0.581,0.855,0,49.25,95.26
05/05/2023 02:00,9.940002,985,0,0.524,1.134001,69.170044,62.710022,96.11
05/05/2023 03:00,9.869995,985,0,0.339,0.377,135.699951,154.699951,159.72
05/05/2023 04:00,9.940002,985,0,0.494,1.136999,0,288.5,226.60
05/05/2023 05:00,10.070007,985,0,0.627,0.862,66.26001,28.73999,241.15
05/05/2023 06:00,10.479996,985,0,0.53,0.565,63.400024,72.469971,317.57
05/05/2023 07:00,11.550003,986,0,0.474,0.683,100.400024,83.400024,445.22
05/05/2023 08:00,12.699997,986,0,0.951,1.445999,214.5,202.899902,493.75
05/05/2023 09:00,13.600006,986,0,1.24,1.976,210.600098,206.899902,596.21
05/05/2023 10:00,13.729996,987,0,2.196999,2.956001,209.699951,195.800049,668.23
05/05/2023 11:00,16.040009,986,0,2.344002,3.011002,233.600098,220.5,868.97
05/05/2023 12:00,17.059998,986,0,2.219002,3.061001,234,235.100098,1381.18
05/05/2023 13:00,17.540009,986,0,2.606998,3.729,216.600098,205.399902,1025.89
05/05/2023 14:00,19.01001,985,0,2.618999,3.625999,195.5,184,630.98
05/05/2023 15:00,18.540009,985,0,2.209,3.148998,192.300049,180.399902,555.27
05/05/2023 16:00,16.799988,985,0,1.438,2.487,292.899902,283.299805,573.73
05/05/2023 17:00,14.100006,986,0,2.786999,3.928001,210.399902,197.5,689.34
05/05/2023 18:00,14.850006,986,0,0.435,0.454,262.200195,242.800049,715.03
05/05/2023 19:00,13.919998,986,0,0.963,1.827,114.199951,110.099976,258.65
05/05/2023 20:00,12.630005,987,0,1.278999,2.417999,132.699951,119,146.42
05/05/2023 21:00,12.169998,987,0,1.007,2.042999,143.199951,129.800049,146.95
05/05/2023 22:00,12.029999,987,0,0.635,0.992,176.5,180.600098,78.28
05/05/2023 23:00,12.259995,987,0,0.936,1.523001,46.710022,34.049988,76.56
06/05/2023 00:00,11.850006,986,0,0.57,0.91,48.349976,58.799988,90.03
06/05/2023 01:00,11.490005,986,0,0.473,0.815,137.199951,195.699951,102.06
06/05/2023 02:00,10.729996,986,0,0.199,0.546,0,92.199951,96.66
06/05/2023 03:00,10.949997,986,0,0.699,0.799,71.050049,60.789978,79.64
06/05/2023 04:00,10.580002,986,0,0.549,0.402,123,63.659973,69.71
06/05/2023 05:00,10.259995,986,0,0.417,0.409,81,76.089966,56.18
06/05/2023 06:00,11.009995,987,0,1.007999,1.535,209.800049,210.600098,113.72
06/05/2023 07:00,12.070007,987,0,1.478001,1.767,204.100098,197.600098,247.85
06/05/2023 08:00,14.25,987,0,1.171,1.587999,210.800049,190.600098,398.45
06/05/2023 09:00,14.990005,987,0,1.233,1.894001,112.699951,117.400024,546.21
06/05/2023 10:00,15.419998,987,0,1.651001,2.936001,178.100098,153.600098,653.87
06/05/2023 11:00,15.509995,987,0,2.271999,3.896999,147.399902,143.399902,809.59
06/05/2023 12:00,16.089996,987,0,1.822001,2.525002,157.5,152.800049,856.56
06/05/2023 13:00,15.889999,987,0,1.622999,2.535,152.899902,144.600098,893.35
06/05/2023 14:00,14.5,987,0,1.214001,1.589001,133.100098,134.600098,756.90
06/05/2023 15:00,14.350006,986,0,1.344,2.452999,147.600098,135.600098,633.63
06/05/2023 16:00,14.520004,986,0,1.249001,1.967001,147.199951,139.5,488.80
06/05/2023 17:00,14.779999,986,0,1.121,1.813999,99.800049,90,481.45
06/05/2023 18:00,14.380005,986,0,0.803,1.504,66.290039,78.75,387.85
06/05/2023 19:00,13.570007,986,0,0.486,0.979,93.599976,98.099976,315.51
06/05/2023 20:00,13.699997,986,0,0.636,1.316999,78.97998,70.869995,227.36
06/05/2023 21:00,13.5,986,0,0.865,1.285,104.800049,98.599976,170.59
06/05/2023 22:00,13.320007,987,0,0.557,1.282,113.800049,100.5,153.48
06/05/2023 23:00,13.410004,987,0,0.524,1.035,108.699951,123.599976,92.59
07/05/2023 00:00,13.369995,987,0,0.529,0.958,105.800049,101.199951,52.87
07/05/2023 01:00,13.210007,987,0,0.328,0.763,122.5,129.600098,66.03
07/05/2023 02:00,13.339996,987,0,0.402,0.738,47.080017,37.940002,85.49
07/05/2023 03:00,13.320007,988,0,0.348,0.751,130.300049,103.800049,108.59
07/05/2023 04:00,13.220001,988,0,0.309,0.468,33.539978,3.922001,114.95
07/05/2023 05:00,13.279999,988,0,0.329,0.653,229.600098,227.800049,120.52
07/05/2023 06:00,13.509995,989,0,0.439,0.847,242.699951,257.600098,126.21
07/05/2023 07:00,14.110001,989,0,0.389,0.474,273.600098,270,262.91
07/05/2023 08:00,15.029999,990,0,0.877,1.514999,291,288,429.12
07/05/2023 09:00,16.220001,990,0,1.759001,2.931,353.299805,319.700195,640.09
07/05/2023 10:00,16.860016,991,0,1.160999,1.665001,0,286.799805,496.63
07/05/2023 11:00,18.089996,991,0,1.926001,2.382999,254.800049,267.899902,762.88
07/05/2023 12:00,18.25,991,0,1.669001,2.786999,250.800049,261,880.05
07/05/2023 13:00,18.940002,992,0,1.665001,2.490002,275.799805,276.200195,962.82
07/05/2023 14:00,19.730011,992,0,1.118999,1.663,279.600098,291.299805,1140.37
07/05/2023 15:00,21.329987,992,0,1.981001,2.848,229.100098,211.399902,1416.97
07/05/2023 16:00,21.25,992,0,2.221001,2.382,241.5,228.699951,1376.57
07/05/2023 17:00,21.850006,992,0,2.459,3.532001,218.5,207.899902,1081.95
07/05/2023 18:00,20.630005,992,0,2.493,3.735001,227.5,216.300049,857.38
07/05/2023 19:00,18.910004,993,0,1.875,2.612999,218.699951,217.300049,220.08
07/05/2023 20:00,17.369995,993,0,1.407,2.587002,195.399902,192.5,64.51
07/05/2023 21:00,15.809998,994,0,0.381,0.709,211.699951,265,42.54
07/05/2023 22:00,14.139999,994,0,0.243,0.802,232.600098,244.699951,49.69
07/05/2023 23:00,13.070007,994,0,0.217,0.726,189.399902,224.800049,77.73
08/05/2023 00:00,12.180008,994,0,0.345,1.226999,0,227,98.11
08/05/2023 01:00,13.720001,993,0,1.952999,2.691002,217.100098,221.5,129.60
08/05/2023 02:00,13.330002,993,0,2.532001,3.457001,217.699951,206.600098,203.58
08/05/2023 03:00,12.580002,993,0,1.835001,2.819,201.699951,194.399902,217.00
08/05/2023 04:00,12.149994,992,0,1.739,2.660999,211.199951,201.600098,287.02
08/05/2023 05:00,12.309998,992,0,0.734,1.237,192.800049,197.800049,358.11
08/05/2023 06:00,11.720001,992,0,1.097,1.322001,105.099976,112.300049,472.50
08/05/2023 07:00,13.300003,992,0,1.693001,2.151001,225.800049,213.399902,552.82
08/05/2023 08:00,12.860001,991,0,3.245998,4.392998,198.5,192.600098,576.55
08/05/2023 09:00,12.320007,991,0,1.954,2.589001,226.100098,217.899902,545.55
08/05/2023 10:00,12.550003,991,0,2.745998,4.181999,206.5,190.699951,442.50
08/05/2023 11:00,13.25,990,0,2.209999,3.008999,184.199951,171.199951,477.01
08/05/2023 12:00,13.770004,990,0,2.460999,3.098999,213.899902,192.899902,564.48
08/05/2023 13:00,14.320007,990,0,2.583,3.289001,210.300049,191.300049,544.98
08/05/2023 14:00,14.399994,990,0,2.875,4.005997,199,191.300049,500.29
08/05/2023 15:00,15.009995,989,0,2.373001,2.981998,203.300049,196.5,562.51
08/05/2023 16:00,15.240005,989,0,2.584999,3.617001,215.600098,202.300049,563.50
08/05/2023 17:00,14.430008,988,0,2.368999,3.247002,202.5,184.100098,589.76
08/05/2023 18:00,14.5,988,0,2.550999,3.589001,202.699951,190.699951,579.16
08/05/2023 19:00,14.380005,988,0,2.203999,2.681,208.600098,197.5,540.76
08/05/2023 20:00,14.610001,987,0,2.935001,4.114998,201.800049,192.300049,581.43
08/05/2023 21:00,14.550003,987,0,2.355,3.333,221,205.800049,578.02
08/05/2023 22:00,14.600006,987,0,2.296001,3.604,219.100098,210.600098,624.34
08/05/2023 23:00,14.229996,987,0,1.045,1.493999,196.600098,185,544.38
09/05/2023 00:00,14.080002,986,0,1.791,2.542999,219.5,223.100098,423.99
09/05/2023 01:00,13.740005,985,0,1.215,2,218.399902,213.100098,354.48
09/05/2023 02:00,12.960007,985,0,1.579,2.549999,202.5,191,302.06
09/05/2023 03:00,13.180008,984,0,2.215,3.382999,229.300049,222.5,294.37
09/05/2023 04:00,13.119995,984,0,1.320999,1.969,220.600098,227.600098,302.46
09/05/2023 05:00,12.789993,984,0,0.79,1.441999,20.799988,252.300049,335.62
09/05/2023 06:00,14.419998,984,0,1.028999,1.823,281.299805,266.399902,396.57
09/05/2023 07:00,14.800003,984,0,0.917,1.739,242.899902,255.100098,404.94
09/05/2023 08:00,15.470001,983,0,1.413,3.039001,260.299805,267.299805,517.87
09/05/2023 09:00,16.670013,983,0,1.49,2.667999,282.5,280.200195,664.31
09/05/2023 10:00,17.630005,983,0,1.959,2.957001,241.899902,247.300049,771.97
09/05/2023 11:00,17.529999,982,0,1.402,2.687,252.600098,251.800049,1012.99
09/05/2023 12:00,17.709991,982,0,1.789,2.576,292.200195,274.600098,1213.48
09/05/2023 13:00,18.079987,982,0,1.841,3.652,315.299805,310.299805,1258.03
09/05/2023 14:00,17.73999,981,0,2.194,3.129002,318.600098,310.700195,947.39
09/05/2023 15:00,18.549988,981,0,2.091,2.470001,267.799805,266.100098,1009.37
09/05/2023 16:00,17.829987,981,0,1.67,2.938999,285.5,279.100098,987.93
09/05/2023 17:00,17.690002,981,0,1.269001,2.460999,272.5,267.200195,908.44
09/05/2023 18:00,18.070007,981,0,1.726999,3.182999,274.600098,261.799805,772.80
09/05/2023 19:00,15.860001,982,0,1.771,2.530998,289.299805,281.799805,496.83
09/05/2023 20:00,14.669998,982,0,1.156,2.250999,292,283.799805,334.80
09/05/2023 21:00,13.339996,983,0,0.988,2.035999,305.5,284.799805,290.82
09/05/2023 22:00,11.880005,983,0,0.961,1.858,233.300049,264.799805,283.14
09/05/2023 23:00,11,983,0,0.699,1.396,236.5,258.200195,268.52
10/05/2023 00:00,10.520004,983,0,0.908,2.145,245.899902,255.300049,229.17
10/05/2023 01:00,10.520004,983,0,1.011,1.539,266.200195,275.700195,209.84
10/05/2023 02:00,10.779999,983,0,0.997,1.881001,238.800049,258.200195,207.79
10/05/2023 03:00,10.25,983,0,1.096001,1.525,234.5,262.899902,227.05
10/05/2023 04:00,9.970001,984,0,0.629,1.027,204.5,237.800049,229.99
10/05/2023 05:00,10.270004,984,0,0.641,0.876,0,304.100098,212.49
10/05/2023 06:00,11.669998,984,0,1.337,1.711,258.200195,258.700195,272.34
10/05/2023 07:00,13.430008,985,0,1.653,2.099998,281.899902,270.100098,357.87
10/05/2023 08:00,14.610001,985,0,1.714001,2.633999,258.100098,255.300049,579.72
10/05/2023 09:00,15.550003,985,0,1.791,2.567001,224.5,235.600098,754.70
10/05/2023 10:00,15.210007,985,0,1.327999,2.418999,240.100098,236.5,983.03
10/05/2023 11:00,16.040009,985,0,2.424999,3.549,245,227,1218.67
10/05/2023 12:00,15.779999,985,0,1.101999,1.249001,249.699951,211.399902,1286.15
10/05/2023 13:00,13.240005,985,0,1.1,1.819,271.899902,282.5,1071.56
10/05/2023 14:00,12.710007,985,0,2.085999,2.855999,220.699951,218.100098,913.12
10/05/2023 15:00,14.100006,985,0,2.063999,2.653,198.199951,194.5,967.85
10/05/2023 16:00,14.869995,985,0,1.024,1.895,260.299805,248.100098,1030.35
10/05/2023 17:00,14.880005,985,0,1.658001,2.561001,296.399902,274,943.74
10/05/2023 18:00,13.910004,986,0,1.099001,2.327,235,256.100098,551.97
10/05/2023 19:00,13.639999,986,0,1.738001,2.702999,227.899902,220.699951,485.97
10/05/2023 20:00,13.020004,986,0,1.896999,2.533001,223.399902,221.300049,413.56
10/05/2023 21:00,12.779999,987,0,1.42,2.389999,234.399902,236.5,310.17
10/05/2023 22:00,12.220001,987,0,1.184999,1.983,240.100098,246.800049,194.61
10/05/2023 23:00,11.930008,987,0,1.799999,2.429001,212.800049,213.100098,141.47
11/05/2023 00:00,11.180008,987,0,0.451,0.416,150.699951,220.399902,90.33
11/05/2023 01:00,10.930008,987,0,0.733,0.563,93.199951,202.300049,88.73
11/05/2023 02:00,11.229996,987,0,0.715,0.908,0,210.699951,101.42
11/05/2023 03:00,11.119995,988,0,1.299999,1.797001,204.399902,198.399902,97.78
11/05/2023 04:00,11.059998,988,0,1.379,1.882999,205.800049,199.600098,83.69
11/05/2023 05:00,10.970001,988,0,0.827,1.198,256.799805,224.100098,91.23
11/05/2023 06:00,11.130005,989,0,0.485,0.809,225.100098,211.100098,111.03
11/05/2023 07:00,11.539993,989,0,0.833,0.975,243,227.5,224.43
11/05/2023 08:00,12.589996,990,0,0.789,0.865,283.200195,292,431.62
11/05/2023 09:00,13.520004,990,0,0.771,0.94,81.300049,74.180054,678.81
11/05/2023 10:00,12.970001,990,0,1.085001,1.959,283.399902,277.5,933.81
11/05/2023 11:00,12,991,0.2,0.397,0.549,226,223.600098,1274.90
11/05/2023 12:00,12.300003,991,0,0.883,1.26,343.899902,318.899902,1391.42
11/05/2023 13:00,13.229996,991,0,2.09,2.84,42.590027,31.230011,1442.93
11/05/2023 14:00,13.809998,991,0,1.990999,2.828999,20.450012,20.549988,735.65
11/05/2023 15:00,14.320007,992,0,1.835001,2.708,40.619995,40.039978,743.55
11/05/2023 16:00,14.759995,992,0,1.891001,2.349998,11.570007,6.765999,448.09
11/05/2023 17:00,14.339996,992,0,1.837,3.467999,51.5,53.48999,432.91
11/05/2023 18:00,14.589996,993,0,2.043999,3.278,50.890015,48.880005,401.51
11/05/2023 19:00,14.050003,994,0,1.138,2.691002,87.699951,78.380005,363.98
11/05/2023 20:00,13.119995,995,0,1.690001,3.071999,53.309998,50.940002,249.65
11/05/2023 21:00,12.089996,996,0,1.139,2.174,40.52002,29.269989,257.13
11/05/2023 22:00,11.639999,997,0,1.242001,2.171001,25.76001,19.940002,275.26
11/05/2023 23:00,11.059998,998,0,1.396,2.068001,9.059998,355.600098,279.08
12/05/2023 00:00,11.039993,999,0,1.931,3.007999,44.080017,29.290009,290.61
12/05/2023 01:00,10.460007,999,0,2.571999,3.323002,31.809998,16.799988,306.81
12/05/2023 02:00,10.350006,999,0,2.062,2.740002,9.199997,351.899902,342.43
12/05/2023 03:00,9.899994,1000,0,1.792999,2.418999,29.070007,25.679993,393.03
12/05/2023 04:00,9.759995,1000,0,2.755001,3.539001,6.223999,349.799805,396.47
12/05/2023 05:00,10.050003,1001,0,2.709,3.581001,19.890015,12.220001,396.58
12/05/2023 06:00,10.009995,1002,0,2.673,4.140999,355.200195,352.700195,405.93
12/05/2023 07:00,10.25,1003,0,2.591,4.221001,23.149994,18.890015,396.48
12/05/2023 08:00,11.339996,1003,0,2.977001,4.655998,15.979996,7.987,505.70
12/05/2023 09:00,11.789993,1003,0,3.580002,4.653,29.660004,16.809998,584.51
12/05/2023 10:00,12.270004,1003,0,2.924999,4.268997,19.390015,1.927999,599.20
12/05/2023 11:00,11.509995,1004,0,2.960999,4.234001,25.399994,16.119995,648.11
12/05/2023 12:00,11.169998,1004,0,2.330002,3.457001,8.690002,354.5,667.67
12/05/2023 13:00,12.289993,1004,0,3.759998,5.414001,3.950001,10.410004,699.39
12/05/2023 14:00,11.619995,1005,0,3.174,5.557999,354.100098,345.200195,707.44
12/05/2023 15:00,10.869995,1005,0,3.113998,4.827003,6.908997,350.200195,762.94
12/05/2023 16:00,10.869995,1005,0,3.568001,4.932999,4.877998,355.700195,762.38
12/05/2023 17:00,10.899994,1005,0,2.945999,3.958,358.299805,356.799805,736.78
12/05/2023 18:00,10.740005,1005,0,3.646999,5.390999,16.329987,4.233002,703.84
12/05/2023 19:00,10.399994,1006,0,3.143002,4.480003,28.869995,22.809998,647.16
12/05/2023 20:00,9.970001,1006,0,3.257999,4.397003,22.179993,26.200012,587.93
12/05/2023 21:00,9.570007,1007,0,3.216999,4.729004,20.670013,14.570007,522.27
12/05/2023 22:00,9.270004,1007,0,2.911999,3.715,8.600006,359.700195,466.02
12/05/2023 23:00,9.080002,1007,0,2.618999,4.184998,9.240005,356.399902,426.30
13/05/2023 00:00,8.839996,1007,0,2.924999,3.758999,6.515999,4.455002,397.50
13/05/2023 01:00,8.710007,1007,0,3.153999,4.456001,14.550003,0.884,374.98
13/05/2023 02:00,8.210007,1006,0,2.491001,3.917,8.770004,357.299805,349.65
13/05/2023 03:00,8.039993,1006,0,1.726999,2.848,358.799805,349.100098,315.22
13/05/2023 04:00,7.815002,1006,0,2.457001,3.901001,13.550003,2.694,299.68
13/05/2023 05:00,7.695999,1006,0,2.780998,3.793999,30.730011,18.130005,326.13
13/05/2023 06:00,7.543999,1007,0,2.375,4.091003,3.360001,351.899902,346.84
13/05/2023 07:00,7.632004,1007,0,2.435001,3.495998,24.350006,13.619995,386.63
13/05/2023 08:00,7.986,1007,0,1.733,3.030998,8.059998,340.399902,447.82
13/05/2023 09:00,8.830002,1007,0,1.858999,2.937,1.888,352.299805,509.73
13/05/2023 10:00,9.339996,1007,0,2.081001,2.541,15.830002,9.899994,512.57
13/05/2023 11:00,10.050003,1006,0,1.645,2.316002,11.199997,357,541.76
13/05/2023 12:00,11.210007,1006,0,1.622999,1.839001,44.830017,34.450012,604.60
13/05/2023 13:00,12.809998,1005,0,2.123001,2.202,78.75,62.570007,636.20
13/05/2023 14:00,14.300003,1004,0,1.625,1.924999,78.209961,56.059998,699.02
13/05/2023 15:00,15.770004,1003,0,1.597,2.382999,48.549988,61.599976,758.35
13/05/2023 16:00,15.919998,1003,0,1.740999,1.962999,42.539978,58.200012,788.55
13/05/2023 17:00,15.970001,1002,0,1.306999,1.882,78.959961,84.699951,767.70
13/05/2023 18:00,15.339996,1002,0,1.740999,2.455002,113.5,113.300049,444.47
13/05/2023 19:00,13.630005,1002,0,1.365999,3.146999,94,84.099976,250.68
13/05/2023 20:00,12.089996,1002,0,1.483999,2.361,121.5,120.800049,159.13
13/05/2023 21:00,10.710007,1002,0,0.573,1.107,145,132,125.08
13/05/2023 22:00,10,1002,0,0.97,1.396999,109.300049,125.699951,104.44
13/05/2023 23:00,9.229996,1001,0,0.64,1.305,176,183.899902,91.81
14/05/2023 00:00,8.789993,1001,0,0.378,0.891,0,223,72.04
14/05/2023 01:00,8.729996,1000,0,0.331,0.549,102.5,209.600098,64.35
14/05/2023 02:00,8.309998,999,0,0.602,1.166,141.100098,194.899902,55.91
14/05/2023 03:00,7.604004,998,0,0.329,0.707,161.399902,210.899902,50.43
14/05/2023 04:00,7.685997,998,0,0.638,1.013,156.199951,187,60.79
14/05/2023 05:00,7.859001,997,0,1.197001,2.166,136.899902,134.100098,73.46
14/05/2023 06:00,9.139999,997,0,0.7,0.941,30.720001,42.580017,96.15
14/05/2023 07:00,10.100006,997,0,1.959,2.356998,20.23999,23.529999,107.51
14/05/2023 08:00,10.559998,997,0,1.714001,1.868999,27.440002,35.52002,227.65
14/05/2023 09:00,13.369995,996,0,1.509001,1.816,34.369995,44.330017,393.54
14/05/2023 10:00,16.470001,995,0,1.681,2.539001,38.429993,50.419983,435.16
14/05/2023 11:00,17.679993,994,0,1.438999,2.271999,52.340027,60.570007,606.38
14/05/2023 12:00,19.670013,994,0,1.326,1.973,302.299805,310.700195,846.91
14/05/2023 13:00,18.570007,993,0,1.124001,1.978001,46.5,49.590027,1049.22
14/05/2023 14:00,20.640015,992,0,1.459,2.384998,236.199951,244.100098,1190.58
14/05/2023 15:00,20.040009,992,0,2.080002,3.655998,253.600098,252.199951,1187.69
14/05/2023 16:00,19.779999,992,0,1.476,2.935001,0,261,1096.66
14/05/2023 17:00,19.209991,992,0,1.955999,3.571999,232,241.899902,800.63
14/05/2023 18:00,16.75,992,0,2.333,3.726002,304.200195,279.5,682.63
14/05/2023 19:00,15.039993,992,0,1.711,2.877998,272.5,260,647.10
14/05/2023 20:00,13.990005,993,0,1.309999,2.713001,276.799805,267.299805,610.41
14/05/2023 21:00,13.619995,993,0,1.315001,2.521,292.700195,296.299805,589.22
14/05/2023 22:00,12.470001,993,0,3.799,6.114998,321.700195,314.399902,629.34
14/05/2023 23:00,11.419998,994,0,2.280998,4.499001,323.799805,306.100098,606.08
15/05/2023 00:00,10.669998,994,0,1.806999,3.032001,316.100098,303.700195,564.78
15/05/2023 01:00,9.899994,994,0,2.105999,3.685001,316.600098,300.399902,556.35
15/05/2023 02:00,9.100006,994,0,1.184999,2.123001,295,285.299805,586.87
15/05/2023 03:00,8.350006,994,0,1.452999,2.257,296.600098,287.5,600.95
15/05/2023 04:00,7.545998,995,0,0.731,1.971001,264.899902,279.100098,594.82
15/05/2023 05:00,7.666,995,0,2.173,3.689999,299.200195,288.299805,591.22
15/05/2023 06:00,8.5,995,0,2.557999,4.182999,320.299805,305.600098,674.77
15/05/2023 07:00,9.820007,996,0,3.18,4.931,333.700195,320.799805,806.26
15/05/2023 08:00,10.869995,996,0,3.055,5.032997,323.100098,332,1056.58
15/05/2023 09:00,11.979996,996,0,2.924,4.862999,335.600098,317.899902,1337.30
15/05/2023 10:00,12.960007,997,0,3.337002,5.201004,346.100098,326,1253.62
15/05/2023 11:00,13.490005,997,0,3.019001,4.357002,331,319.700195,1179.03
15/05/2023 12:00,14.210007,997,0,3.09,4.842003,337.899902,323.399902,1222.08
15/05/2023 13:00,15.029999,997,0,3.609001,5.038002,327.700195,311.200195,1373.01
15/05/2023 14:00,15.110001,997,0,3.570999,5.152,327.5,327.399902,1452.98
15/05/2023 15:00,15.059998,997,0,2.435001,3.990002,349.200195,330.700195,1357.95
15/05/2023 16:00,15.970001,997,0,2.398998,3.990002,332.399902,321.100098,1318.57
15/05/2023 17:00,16.019989,997,0,3.563999,5.025002,309.899902,304,1246.41
15/05/2023 18:00,14.960007,997,0,2.845001,4.772003,303.899902,294.600098,1152.84
15/05/2023 19:00,13.779999,998,0,3.098999,5.906998,327.399902,313.5,817.45
15/05/2023 20:00,12.369995,999,0,1.471001,2.437,355.399902,345.899902,506.31
15/05/2023 21:00,10.610001,1000,0,1.051001,1.129,129.399902,107,368.56
15/05/2023 22:00,10.520004,1000,0,0.767,1.549999,285.100098,270,261.20
15/05/2023 23:00,9.789993,1000,0,0.803,1.5,297.799805,267.299805,271.87
16/05/2023 00:00,9.399994,1000,0,1.063,1.948999,319.200195,282.399902,268.44
16/05/2023 01:00,8.880005,1000,0,0.94,1.313999,236.699951,262.100098,280.69
16/05/2023 02:00,8.369995,1000,0,0.85,1.614,250.100098,266.5,293.34
16/05/2023 03:00,7.848999,1000,0,1.021999,1.639,224.199951,254.399902,311.39
16/05/2023 04:00,7.716003,1000,0,0.595,1.301001,317.299805,279,333.38
16/05/2023 05:00,8.020004,1000,0,1.504999,2.105,291.200195,290.399902,379.16
16/05/2023 06:00,9.039993,1001,0,1.886999,2.479,291.799805,291.100098,543.10
16/05/2023 07:00,10.520004,1001,0,2.486,3.851002,311.100098,295.899902,763.48
16/05/2023 08:00,11.940002,1001,0,2.703999,4.610001,306.600098,296.100098,946.04
16/05/2023 09:00,12.919998,1001,0,2.159,3.459,295.200195,289.799805,1140.87
16/05/2023 10:00,13.899994,1001,0,2.589001,4.672997,330.600098,315.799805,1126.54
16/05/2023 11:00,13.399994,1001,0,2.5,4.457001,302.299805,291.5,1216.50
16/05/2023 12:00,14.089996,1001,0,2.000999,4.218002,345.299805,325.899902,1219.93
16/05/2023 13:00,14.850006,1001,0,2.696999,4.823997,303.5,304.100098,1181.88
16/05/2023 14:00,15.600006,1001,0,3.202999,4.259003,313.299805,302.299805,1188.96
16/05/2023 15:00,16.73999,1001,0,2.834,3.803001,316.100098,299.700195,1098.89
16/05/2023 16:00,16.369995,1001,0,3.398998,4.973,323.5,309.200195,1026.05
16/05/2023 17:00,15.979996,1001,0,5.264999,7.154999,314.200195,304.100098,953.53
16/05/2023 18:00,15.410004,1002,0,3.370998,4.449997,299.600098,290.299805,874.57
16/05/2023 19:00,14.039993,1002,0,1.757,2.830002,283.799805,276.600098,731.51
16/05/2023 20:00,12.889999,1003,0,0.883,1.469,0,263.799805,574.62
16/05/2023 21:00,11.75,1003,0,1.198,2.603001,247.300049,276.299805,494.10
16/05/2023 22:00,11.25,1004,0,1.162001,2.620998,252.800049,257.5,321.02
16/05/2023 23:00,10.729996,1004,0,0.975,1.773001,283.100098,284.299805,251.78
17/05/2023 00:00,10.240005,1004,0,0.857,1.030001,269.100098,278.299805,227.31
17/05/2023 01:00,9.509995,1004,0,0.448,1.372,254.600098,259.899902,231.62
17/05/2023 02:00,9.289993,1004,0,1.011,2.188999,257.299805,255.600098,234.51
17/05/2023 03:00,9.240005,1005,0,1.385,1.957001,231.699951,238.199951,205.20
17/05/2023 04:00,9.309998,1005,0,1.122999,2.215,250.800049,252.399902,192.37
17/05/2023 05:00,9.729996,1005,0,1.461,1.82,237.699951,236.699951,193.16
17/05/2023 06:00,11.289993,1006,0,0.861,1.26,238.800049,242.899902,272.41
17/05/2023 07:00,11.979996,1006,0,1.051001,1.311001,321,300.399902,404.32
17/05/2023 08:00,12.509995,1006,0,1.356001,2,309.899902,298.399902,631.20
17/05/2023 09:00,13.669998,1007,0,1.287001,1.982,291.600098,299.600098,914.91
17/05/2023 10:00,15.050003,1006,0,0.855,1.191999,262.5,279.600098,1012.08
17/05/2023 11:00,15.639999,1006,0,1.913,2.949001,1.795,343.200195,795.49
17/05/2023 12:00,15.690002,1006,0,1.205,1.769001,321.899902,311.299805,1192.37
17/05/2023 13:00,16.339996,1006,0,1.041,1.436001,359.200195,0.29,1058.70
17/05/2023 14:00,16.220001,1006,0,0.783,0.907,304.899902,270.600098,1008.88
17/05/2023 15:00,16.570007,1005,0,1.271,2.341,4.424004,354.600098,889.15
17/05/2023 16:00,17.23999,1005,0,1.603001,1.773001,252,243.300049,884.42
17/05/2023 17:00,17.320007,1005,0,0.971,1.497999,259.799805,257.399902,718.49
17/05/2023 18:00,16.589996,1005,0,0.755,1.740999,279.899902,270.100098,581.20
17/05/2023 19:00,16.119995,1005,0,1.098,2.303001,267.5,262.799805,315.59
17/05/2023 20:00,15.119995,1005,0,0.819,1.66,268.600098,260.100098,107.01
17/05/2023 21:00,14.110001,1005,0,0.383,0.684,247.800049,271.399902,47.79
17/05/2023 22:00,13.449997,1005,0,0.264,0.49,174.199951,217.800049,47.74
17/05/2023 23:00,13.169998,1005,0,0.485,1.187,241.399902,239.199951,43.04
18/05/2023 00:00,12.089996,1005,0,0.339,0.82,227.899902,247.800049,42.05
18/05/2023 01:00,11.860001,1005,0,0.351,0.793,0,283.899902,43.86
18/05/2023 02:00,11.570007,1005,0,0.748,1.041,217.600098,229.600098,41.67
18/05/2023 03:00,11.279999,1005,0,0.605,0.96,54.210022,5.831001,36.97
18/05/2023 04:00,10.589996,1005,0,0.325,0.713,0,226.699951,26.05
18/05/2023 05:00,10.970001,1005,0,0.421,0.962,0,238.699951,19.71
18/05/2023 06:00,11.619995,1005,0,0.675,0.899,116.900024,120.900024,30.22
18/05/2023 07:00,13.479996,1005,0,0.397,0.42,222.800049,196.800049,68.47
18/05/2023 08:00,16.190002,1005,0,2.198002,3.216999,222.5,209,321.09
18/05/2023 09:00,16.390015,1005,0,2.103001,2.673,231.699951,217.399902,643.56
18/05/2023 10:00,17.850006,1004,0,2.205002,2.887001,218.399902,211.800049,811.00
18/05/2023 11:00,18.100006,1004,0,2.160999,2.686001,221.899902,210.800049,1059.45
18/05/2023 12:00,18.640015,1005,0,2.070999,2.882999,211,202.199951,1084.72
18/05/2023 13:00,19.089996,1004,0,2.370998,2.955002,209.899902,202.399902,1150.09
18/05/2023 14:00,18.820007,1004,0,1.943001,2.591999,226.600098,230.100098,1100.90
18/05/2023 15:00,18.950012,1003,0,1.488001,2.170002,181.399902,181.5,1108.44
18/05/2023 16:00,18.880005,1003,0,1.960001,2.395,209.899902,208.300049,1181.22
18/05/2023 17:00,18.850006,1003,0,0.75,1.348,252.800049,245.300049,863.85
18/05/2023 18:00,18.660004,1003,0,1.410999,1.646,268.799805,268,480.43
18/05/2023 19:00,17.540009,1004,0,1.503,2.562,35.77002,38.76001,310.35
18/05/2023 20:00,16.769989,1004,0,0.94,1.335001,26.059998,17.860016,216.14
18/05/2023 21:00,15.770004,1005,0,1.419001,2.033001,17.610016,8.880005,130.34
18/05/2023 22:00,14.820007,1005,0,0.971,1.638,9.020004,351.200195,102.05
18/05/2023 23:00,13.910004,1005,0,0.428,0.751,321.600098,316.5,106.37
19/05/2023 00:00,13.149994,1005,0,0.303,0.838,319.799805,303.5,115.65
19/05/2023 01:00,12.949997,1005,0,0.866,1.691,40.73999,30.269989,119.07
19/05/2023 02:00,12.389999,1005,0,1.106001,1.749001,6.991997,345,116.48
19/05/2023 03:00,12.180008,1005,0,0.705,1.169001,0,350.299805,127.31
19/05/2023 04:00,11.960007,1004,0,0.623,1.082001,327.700195,314.700195,96.36
19/05/2023 05:00,11.759995,1004,0,0.459,0.758,337.700195,327.700195,81.01
19/05/2023 06:00,12.389999,1005,0,0.642,0.745,329.399902,307.200195,142.37
19/05/2023 07:00,13.740005,1005,0,1.247,1.605,295.399902,294.600098,250.81
19/05/2023 08:00,14.350006,1005,0,1.421,2.710999,336.700195,326.799805,333.17
19/05/2023 09:00,13.899994,1005,0,1.365,2.932999,310.100098,322.5,520.74
19/05/2023 10:00,13.570007,1005,0,1.467001,2.651001,342.200195,336.799805,686.36
19/05/2023 11:00,14.580002,1005,0,1.674,2.523998,355.100098,349.799805,781.85
19/05/2023 12:00,15.960007,1005,0,2.275002,3.297001,22.420013,23.200012,607.74
19/05/2023 13:00,15.949997,1005,0,1.912001,2.685001,15.080002,1.724001,683.57
19/05/2023 14:00,16.790009,1005,0,1.952999,2.594002,36.099976,39.02002,798.04
19/05/2023 15:00,17.290009,1004,0,2.446999,3.075001,42.77002,33.25,810.87
19/05/2023 16:00,18.019989,1004,0,2.52,3.625,31.670013,38.419983,869.76
19/05/2023 17:00,16.339996,1005,0,2.174999,4.077003,55.130005,53.809998,542.04
19/05/2023 18:00,16.019989,1005,0,1.451,2.890999,68.310059,70.680054,502.90
19/05/2023 19:00,14.839996,1006,0,1.129999,1.799999,93.900024,70.26001,435.85
19/05/2023 20:00,14.75,1006,0,0.831,1.931,74.619995,70.810059,360.40
19/05/2023 21:00,13.869995,1007,0,1.569,3.038002,52.150024,79.410034,288.03
19/05/2023 22:00,12.729996,1007,0,1.35,2.310001,53.669983,73.209961,170.32
19/05/2023 23:00,11.529999,1007,0,0.819,1.971001,82.5,70.079956,122.22
20/05/2023 00:00,10.520004,1008,0,0.797,1.983,108.800049,73.709961,98.03
20/05/2023 01:00,9.300003,1008,0,0.737,1.325001,58.669983,58.609985,64.85
20/05/2023 02:00,8.259995,1008,0,0.157,0.561,0,46.549988,49.61
20/05/2023 03:00,7.486,1008,0,0.259,0.699,211.600098,319.100098,54.44
20/05/2023 04:00,8.070007,1007,0,0.419,0.919,97.400024,60.02002,68.02
20/05/2023 05:00,8.300003,1007,0,1.25,1.792999,3.866001,347.299805,114.04
20/05/2023 06:00,8.600006,1007,0,1.305,1.614,22.950012,5.459999,168.40
20/05/2023 07:00,9.589996,1007,0,1.673,2.227001,25.140015,19.549988,224.13
20/05/2023 08:00,10.460007,1007,0,1.841,2.288002,31.48999,8.350006,376.63
20/05/2023 09:00,12.550003,1007,0,2.053001,2.741001,2.134998,357.899902,598.07
20/05/2023 10:00,14.25,1007,0,2.257,3.366001,46.73999,42.27002,765.08
20/05/2023 11:00,15.580002,1006,0,1.533001,3.018002,58.97998,64.130005,933.04
20/05/2023 12:00,16.25,1005,0,2.744999,3.723999,43.789978,33.169983,1021.05
20/05/2023 13:00,17.089996,1005,0,2.136002,3.951,33.159973,42.140015,1102.41
20/05/2023 14:00,18.119995,1004,0,2.908001,4.329002,64.319946,55.919983,1150.43
20/05/2023 15:00,18.160004,1003,0,3.370998,4.819,43.619995,34.909973,1150.30
20/05/2023 16:00,17.880005,1003,0,2.435001,4.329002,49.869995,47.720032,1087.06
20/05/2023 17:00,17.579987,1002,0,2.389,3.686001,61.150024,78.599976,963.98
20/05/2023 18:00,17.110016,1002,0,2.103001,3.049,97.199951,97.800049,764.18
20/05/2023 19:00,16.079987,1002,0,1.601999,3.139,78.459961,74.23999,506.76
20/05/2023 20:00,14.559998,1002,0,0.848,1.952999,58.47998,73.25,265.05
20/05/2023 21:00,13.050003,1003,0,0.452,1.070999,84.199951,62.960022,161.72
20/05/2023 22:00,11.119995,1003,0,0.328,0.697001,140.5,82.5,99.48
20/05/2023 23:00,10.460007,1003,0,0.489,1.209,297.399902,336,59.17
21/05/2023 00:00,9.25,1003,0,0.415,0.395,182.100098,206.100098,44.61
21/05/2023 01:00,8.720001,1002,0,0.519,1.027,234.699951,260.100098,41.95
21/05/2023 02:00,8.229996,1002,0,0.914,1.413,237,256.299805,43.64
21/05/2023 03:00,8.020004,1002,0,0.985,1.35,220.5,233.100098,48.67
21/05/2023 04:00,7.729004,1001,0,0.817,1.198,223,234.5,46.41
21/05/2023 05:00,8.169998,1001,0,0.307,0.425,160.100098,188.199951,49.23
21/05/2023 06:00,9.820007,1001,0,0.459,0.74,257.799805,228.300049,89.59
21/05/2023 07:00,11.410004,1002,0,1.1,1.490999,350.600098,342.799805,201.74
21/05/2023 08:00,12.869995,1002,0,0.937,1.291,51.859985,29.589996,350.48
21/05/2023 09:00,14.779999,1001,0,2.030998,2.938999,30.869995,28.339996,543.63
21/05/2023 10:00,16.149994,1001,0,1.967001,2.943001,14.770004,20.640015,771.99
21/05/2023 11:00,16.76001,1001,0,2.527,3.174999,44.450012,31.279999,1001.91
21/05/2023 12:00,17.579987,1000,0,2.522999,3.154999,49.200012,54.030029,1219.11
21/05/2023 13:00,18.790009,1000,0,1.766001,2.089001,27.929993,7.394997,1376.56
21/05/2023 14:00,19.399994,1000,0,2.255001,3.674,49.720032,39.02002,1400.07
21/05/2023 15:00,19.579987,999,0,2.092999,2.816002,56.179993,45.570007,1378.04
21/05/2023 16:00,19,999,0,2.948002,4.455002,35.02002,42.090027,1304.73
21/05/2023 17:00,19.01001,999,0,2.987,4.653999,50.380005,45.98999,1132.86
21/05/2023 18:00,18.369995,999,0,2.296001,4.321999,54.349976,58.150024,849.13
21/05/2023 19:00,17.149994,999,0,2.247002,3.561001,59.280029,57.169983,506.01
21/05/2023 20:00,15.680008,1000,0,1.556999,2.677002,43.720032,47.47998,313.53
21/05/2023 21:00,14.320007,1000,0,1.209,2.181,39.599976,27.649994,231.67
21/05/2023 22:00,13.270004,1000,0,1.063999,2.258999,38.619995,31.140015,125.57
21/05/2023 23:00,11.669998,1000,0,0.691,1.092001,232.899902,268.200195,120.23
22/05/2023 00:00,11.449997,1000,0,0.819,1.665001,307.600098,326.600098,146.88
22/05/2023 01:00,10.5,999,0,0.691,0.989,220,226.699951,156.29
22/05/2023 02:00,10.369995,999,0,1.226999,1.552999,216,232.100098,151.36
22/05/2023 03:00,9.960007,999,0,1.580999,1.908001,225,227.899902,156.04
22/05/2023 04:00,10.399994,998,0,0.69,0.765,228,251.399902,159.69
22/05/2023 05:00,10.729996,998,0,0.587,0.787,70.680054,25.070007,189.77
22/05/2023 06:00,12.470001,998,0,1.212,1.951,344.299805,314.799805,247.16
22/05/2023 07:00,13.850006,999,0,2.309002,3.219002,0.803,338.299805,344.77
22/05/2023 08:00,15.100006,999,0,2.313,3.957001,353.799805,341,496.91
22/05/2023 09:00,15.960007,1000,0,1.747,2.924999,359.200195,353,718.10
22/05/2023 10:00,16.779999,1000,0,2.153,2.713001,7.240997,1.667999,838.61
22/05/2023 11:00,18.350006,999,0,2.465,4.085999,19.140015,14.130005,990.81
22/05/2023 12:00,19.579987,999,0,2.98,4.511002,358.5,343.100098,1140.89
22/05/2023 13:00,20.25,998,0,3.275002,5.271004,8.589996,358,1269.12
22/05/2023 14:00,21.059998,998,0,2.677002,4.136002,16.26001,7.297997,1399.33
22/05/2023 15:00,21.070007,998,0,3.52,4.918999,26.779999,16.299988,1287.91
22/05/2023 16:00,20.209991,999,0,3.355999,4.962997,17.160004,6.865997,1140.63
22/05/2023 17:00,19.519989,999,0,2.729,3.543999,6.633003,353.5,910.47
22/05/2023 18:00,18.76001,999,0,2.738998,4.390999,36.76001,36.22998,718.87
22/05/2023 19:00,17.73999,1001,0,2.352001,4.182999,30.429993,29.850006,560.64
22/05/2023 20:00,16.399994,1002,0,2.636002,3.898998,35.349976,28.640015,443.50
22/05/2023 21:00,14.800003,1003,0,2.769001,4.408997,33.799988,30.230011,452.26
22/05/2023 22:00,13.779999,1004,0,2.653,3.438999,22.980011,14.300003,379.10
22/05/2023 23:00,12.930008,1004,0,1.809,2.604,12.360001,8.610001,327.84
23/05/2023 00:00,12.509995,1004,0,1.603001,2.120998,20.720001,12.789993,289.30
23/05/2023 01:00,12.339996,1004,0,0.681,1.247,17.950012,15.070007,234.22
23/05/2023 02:00,12.020004,1004,0,0.922,1.702,339.399902,323.799805,194.09
23/05/2023 03:00,11.639999,1004,0,1.33,1.881001,12.509995,355.399902,134.98
23/05/2023 04:00,11.210007,1005,0,0.547,0.924,16.730011,9.320007,117.89
23/05/2023 05:00,11.080002,1005,0,0.676,0.765,354,359.899902,108.51
23/05/2023 06:00,11.440002,1005,0,0.906,1.145,16.75,0.356,128.16
23/05/2023 07:00,12.210007,1005,0,1.149,1.357,2.828999,357.100098,206.97
23/05/2023 08:00,13.279999,1005,0,1.181,1.315001,46.970032,45.710022,336.89
23/05/2023 09:00,14.210007,1005,0,0.431,0.571,0,154,528.60
23/05/2023 10:00,15.979996,1005,0,1.363001,1.656,207.399902,202,705.64
23/05/2023 11:00,16.769989,1004,0,1.323999,1.447001,35.450012,16.470001,881.46
23/05/2023 12:00,17.269989,1004,0,0.798,1.011999,343.600098,342.600098,1117.45
23/05/2023 13:00,17.950012,1003,0,1.099001,1.67,347.100098,331.600098,1363.76
23/05/2023 14:00,18.470001,1003,0,0.873,1.096001,167.5,208.5,1505.33
23/05/2023 15:00,18.390015,1003,0,0.851,1.646,278.5,273.799805,1530.59
23/05/2023 16:00,19.059998,1002,0,2.309002,3.632999,303.100098,293.5,1117.10
23/05/2023 17:00,19,1002,0,3.345001,5.564003,311,300.700195,830.79
23/05/2023 18:00,18.26001,1002,0,2.273998,3.763,304.700195,289.600098,677.86
23/05/2023 19:00,16.790009,1002,0,1.906,3.429001,291.600098,293.700195,530.00
23/05/2023 20:00,14.759995,1003,0,1.325001,2.272999,312.799805,293.5,418.46
23/05/2023 21:00,13.699997,1003,0,0.563,1.094,281.700195,284.200195,372.44
23/05/2023 22:00,13.050003,1003,0,0.811,1.705,294.799805,276.899902,335.32
23/05/2023 23:00,12.449997,1003,0,0.826,1.525,307.5,278.899902,315.19
24/05/2023 00:00,11.949997,1003,0,1.031,1.539,227.699951,269.200195,317.14
24/05/2023 01:00,11.539993,1003,0,1.066999,1.905001,259.700195,262.399902,334.61
24/05/2023 02:00,11.440002,1003,0,0.853,1.174,310.700195,275.700195,310.90
24/05/2023 03:00,11.259995,1002,0,0.735,1.708,265.100098,254,302.98
24/05/2023 04:00,10.770004,1002,0,1.239,2.005001,296.600098,292.600098,314.42
24/05/2023 05:00,11.009995,1002,0,1.125999,1.743999,310.299805,309.299805,345.29
24/05/2023 06:00,11.889999,1003,0,1.18,1.58,318.399902,292.399902,424.29
24/05/2023 07:00,13.119995,1003,0,1.740999,2.165001,303.299805,288.200195,503.07
24/05/2023 08:00,14.880005,1003,0,1.563,2.368999,340,313.600098,577.15
24/05/2023 09:00,16.299988,1003,0,1.844,2.963001,332.600098,327.700195,688.68
24/05/2023 10:00,17.610016,1003,0,1.877001,3.32,312.799805,307.600098,752.51
24/05/2023 11:00,18.380005,1002,0,2.458,4.750999,343.600098,330.700195,846.99
24/05/2023 12:00,19.029999,1002,0,2.546001,3.334999,332.899902,322.799805,927.05
24/05/2023 13:00,19.119995,1003,0,1.688999,2.988998,332.700195,323.5,961.86
24/05/2023 14:00,19.75,1003,0,1.934,3.115002,329.399902,313.5,983.01
24/05/2023 15:00,20.579987,1002,0,1.448999,2.526001,321.899902,332.399902,989.12
24/05/2023 16:00,20.600006,1002,0,2.443001,3.351002,324.799805,319.299805,972.31
24/05/2023 17:00,20.329987,1002,0,2.25,3.347,334.799805,331.100098,984.13
24/05/2023 18:00,19.600006,1002,0,2.063999,3.174,315.5,309.600098,906.74
24/05/2023 19:00,18.649994,1003,0,1.836,3.102001,309.399902,307.100098,347.26
24/05/2023 20:00,17.230011,1003,0,1.437,1.847,296.5,295,192.14
24/05/2023 21:00,16.619995,1004,0,1.093,1.884001,4.178001,354.899902,124.14
24/05/2023 22:00,14.919998,1005,0,1.798,3.637001,63.109985,62.880005,89.62
24/05/2023 23:00,14.509995,1006,0,0.752,1.073999,123.099976,124.099976,96.11
25/05/2023 00:00,14.770004,1006,0,0.373,0.435,0,81.800049,82.21
25/05/2023 01:00,14.889999,1006,0,0.611,0.88,0,54.090027,75.49
25/05/2023 02:00,15,1006,0,1.240999,1.767,33.599976,17.899994,85.40
25/05/2023 03:00,14.210007,1006,0,1.868,3.073002,43.960022,53.570007,81.85
25/05/2023 04:00,13.389999,1007,0,1.57,2.807999,43.309998,42.220032,98.94
25/05/2023 05:00,12.559998,1007,0,1.544001,1.976999,31.829987,18.140015,130.17
25/05/2023 06:00,13.360001,1008,0,1.371,1.726999,11.860001,6.962997,229.10
25/05/2023 07:00,14,1008,0,1.356001,2.102001,60,50.859985,352.88
25/05/2023 08:00,14.960007,1009,0,1.409,2.465,58.390015,64.609985,468.79
25/05/2023 09:00,15.539993,1009,0,1.269001,2.549999,79.359985,71.930054,635.07
25/05/2023 10:00,16.769989,1009,0,1.629999,2.917,83.099976,64.459961,754.47
25/05/2023 11:00,17.070007,1009,0,1.629,2.902,98.599976,101.199951,936.21
25/05/2023 12:00,18.100006,1009,0,2.271999,3.134998,103.699951,88.800049,1126.10
25/05/2023 13:00,18.140015,1009,0,2.207001,4.179001,71.109985,75.300049,1091.28
25/05/2023 14:00,18.190002,1009,0,1.997999,2.981998,87.900024,81.400024,1139.57
25/05/2023 15:00,18.170013,1009,0,1.542999,2.370998,107.199951,96.300049,1068.74
25/05/2023 16:00,17.929993,1009,0,1.687,3.047001,68.709961,79.219971,893.43
25/05/2023 17:00,17.480011,1009,0,1.611,2.326,142.800049,122.5,764.47
25/05/2023 18:00,16.860016,1009,0,1.709,3.139,112.599976,121.699951,569.80
25/05/2023 19:00,16.579987,1009,0,1.469,2.785999,133.699951,128.899902,454.63
25/05/2023 20:00,15.990005,1009,0,1.193001,2.320999,133,128.399902,282.17
25/05/2023 21:00,15.490005,1010,0,1.179001,2.148998,134.300049,140,240.94
25/05/2023 22:00,14.830002,1010,0,1.451,2.163002,150.300049,139.399902,211.44
25/05/2023 23:00,14.289993,1010,0,0.523,0.789,212.800049,179.300049,221.80
26/05/2023 00:00,13.830002,1010,0,0.737,1.371,158.5,160.100098,216.57
26/05/2023 01:00,12.360001,1010,0,0.797,1.437,160.100098,153.899902,215.35
26/05/2023 02:00,11.680008,1010,0,0.753,1.563,147.600098,140.899902,208.19
26/05/2023 03:00,11.130005,1010,0,0.921,1.461,139.600098,149.899902,214.56
26/05/2023 04:00,10.539993,1010,0,0.749,0.655,120.099976,164.399902,211.94
26/05/2023 05:00,11.020004,1010,0,0.417,1.079,239.300049,242.399902,202.44
26/05/2023 06:00,13.070007,1011,0,1.431999,1.981001,210.199951,206.5,209.03
26/05/2023 07:00,13.860001,1011,0,2.27,2.591,226,206,237.81
26/05/2023 08:00,15.149994,1011,0,2.563,3.213001,204.899902,190.5,297.26
26/05/2023 09:00,16.600006,1011,0,2.055,2.561001,209.800049,187.800049,389.60
26/05/2023 10:00,18.01001,1011,0,1.597,1.922001,178.899902,175.5,444.45
26/05/2023 11:00,18.589996,1011,0,1.757999,2.417999,152.600098,147.600098,585.31
26/05/2023 12:00,19.190002,1010,0,1.867001,2.952999,181.300049,171.699951,844.48
26/05/2023 13:00,19.799988,1010,0,1.778999,2.550999,133,120.400024,1075.27
26/05/2023 14:00,20.459991,1009,0,1.732,2.278999,91.699951,83,1259.88
26/05/2023 15:00,21.179993,1009,0,2.295002,3.27,148.300049,119,1495.41
26/05/2023 16:00,20.360016,1009,0,2.202999,3.247002,141.100098,119.199951,1406.77
26/05/2023 17:00,19.140015,1009,0,2.006001,2.920002,126.900024,131.699951,1220.53
26/05/2023 18:00,19.029999,1009,0,2.098999,3.34,120.900024,115,894.79
26/05/2023 19:00,17.929993,1009,0,2.009998,3.140999,117.300049,122.599976,530.12
26/05/2023 20:00,16.209991,1009,0,1.849001,3.049,134.699951,122.400024,328.66
26/05/2023 21:00,14.740005,1009,0,1.068001,1.733,168.100098,137.100098,243.41
26/05/2023 22:00,13.360001,1009,0,0.653,1.165001,209.600098,190.600098,203.02
26/05/2023 23:00,12.699997,1009,0,0.829,1.516001,198.899902,193.899902,185.41
27/05/2023 00:00,12.070007,1009,0,0.224,0.695,247.600098,221.800049,161.43
27/05/2023 01:00,11.220001,1009,0,0.427,0.875,192.899902,208.899902,128.25
27/05/2023 02:00,10.830002,1008,0,0.573,1.080999,0,199.199951,105.77
27/05/2023 03:00,10.460007,1007,0,0.616,0.636,317.899902,284,92.80
27/05/2023 04:00,9.850006,1007,0,0.375,0.843,262.100098,223.600098,91.12
27/05/2023 05:00,10.75,1007,0,0.457,0.419,349.5,272.100098,105.50
27/05/2023 06:00,12.759995,1007,0,2.159,2.547001,216.899902,220.899902,146.83
27/05/2023 07:00,14.470001,1007,0,1.848,2.269001,195.699951,199.899902,231.30
27/05/2023 08:00,14.930008,1006,0,2.632,3.528999,227.199951,207.399902,332.05
27/05/2023 09:00,16.350006,1006,0,2.395,3.021,190.199951,183.5,423.06
27/05/2023 10:00,17.549988,1005,0,2.323002,2.623001,230.5,215.300049,520.47
27/05/2023 11:00,18.970001,1004,0,1.636,2.187,179.800049,164.5,644.96
27/05/2023 12:00,19.410004,1003,0,1.253,1.653,236.699951,232,797.13
27/05/2023 13:00,20.579987,1002,0,1.780001,1.825001,150.199951,141.300049,1009.03
27/05/2023 14:00,21.579987,1001,0,1.957001,2.354,243.199951,252.600098,1200.11
27/05/2023 15:00,22.709991,1000,0,1.754999,2.613998,309.5,320.5,1297.95
27/05/2023 16:00,22.390015,1000,0,1.851999,2.248001,134.5,120,1387.44
27/05/2023 17:00,22.570007,1000,0,1.531,2.057999,4.561996,352.100098,1320.44
27/05/2023 18:00,22.179993,999,0,2.381001,3.362,10.639999,0.954,991.04
27/05/2023 19:00,20.399994,1000,0,2.418999,4.129997,318.200195,307.700195,411.30
27/05/2023 20:00,18.670013,1000,0,1.936001,3.137001,298.799805,305.5,273.06
27/05/2023 21:00,17.290009,1001,0,0.747,1.681,319.200195,300.399902,232.56
27/05/2023 22:00,15.5,1001,0,0.625,1.612,277,278.399902,234.58
27/05/2023 23:00,14.690002,1000,0,1.125,1.188999,223.399902,241.699951,210.60
28/05/2023 00:00,14.210007,1000,0,0.646,0.983,232.699951,252.399902,191.47
28/05/2023 01:00,14.330002,1000,0,0.999,1.167,251.399902,295.600098,184.07
28/05/2023 02:00,14.270004,1000,0,0.951,1.948,317.5,314.700195,188.77
28/05/2023 03:00,13.930008,1000,0,1.452999,2.353001,313.5,307.5,206.91
28/05/2023 04:00,14.050003,1001,0,1.132999,2.174,335.399902,329.600098,222.91
28/05/2023 05:00,13.440002,1001,0,1.868999,2.806999,6.479004,349.700195,296.24
28/05/2023 06:00,13.350006,1001,0,1.768,2.466,11.100006,353.200195,371.56
28/05/2023 07:00,13.830002,1002,0,2.341,3.584999,21.309998,5.908997,441.21
28/05/2023 08:00,14.270004,1002,0,2.320999,3.583,12.930008,353.5,523.77
28/05/2023 09:00,14.559998,1003,0,3.063,4.205002,18.480011,2.34,665.29
28/05/2023 10:00,15.270004,1003,0,2.625,3.674999,4.291,11.639999,825.07
28/05/2023 11:00,15.339996,1003,0,3.096001,4.093002,34.169983,22.75,842.56
28/05/2023 12:00,15.759995,1003,0,3.247002,4.538002,36.830017,29.709991,870.92
28/05/2023 13:00,15.690002,1003,0,3.318001,4.065002,31.410004,25.470001,910.59
28/05/2023 14:00,15,1003,0,3.622002,5.108002,40.950012,30.709991,953.62
28/05/2023 15:00,15.139999,1004,0,3.965,5.336998,43.070007,37.320007,980.88
28/05/2023 16:00,14.520004,1004,0,3.002998,4.676003,39.950012,44.530029,945.67
28/05/2023 17:00,14.5,1004,0,2.723,4.716003,47.679993,50.549988,878.81
28/05/2023 18:00,14.229996,1005,0,1.945,4.007004,56.169983,57.23999,813.02
28/05/2023 19:00,13.490005,1005,0,2.027,4.053001,75.060059,68.290039,727.69
28/05/2023 20:00,12.710007,1006,0,2.098999,4.167,59.909973,64.690063,659.59
28/05/2023 21:00,11.559998,1006,0,1.684999,3.105999,58.309998,55.869995,611.23
28/05/2023 22:00,10.940002,1006,0,1.218,2.237,79.030029,69.089966,497.87
28/05/2023 23:00,10.240005,1007,0,0.781,1.763,70.77002,69.23999,406.33
29/05/2023 00:00,8.710007,1007,0,0.248,0.727,135.199951,27.399994,320.92
29/05/2023 01:00,8.009995,1007,0,0.123,1.159,0,25.940002,231.41
29/05/2023 02:00,7.729004,1007,0,0.162,0.861,0,14.839996,189.54
29/05/2023 03:00,7.556,1007,0,0.527,1.410999,36.210022,13.889999,187.10
29/05/2023 04:00,7.903,1007,0,1.051001,1.757,24.320007,19.350006,206.22
29/05/2023 05:00,8.029999,1008,0,1.24,1.855,33.450012,13.809998,336.57
29/05/2023 06:00,9.479996,1008,0,1.284,1.643,16.209991,16.839996,646.23
29/05/2023 07:00,10.789993,1008,0,2.842999,4.123001,23.269989,32.72998,775.04
29/05/2023 08:00,11.619995,1008,0,2.254002,4.392998,63.909973,58.330017,858.59
29/05/2023 09:00,12.389999,1009,0,2.199001,3.014,40.220032,48.190002,921.03
29/05/2023 10:00,12.649994,1009,0,3.265999,4.053001,34.23999,32.72998,875.00
29/05/2023 11:00,14.529999,1008,0,2.355,4.364998,66.680054,65.869995,935.53
29/05/2023 12:00,15,1008,0,3.126999,4.285004,36.409973,28.730011,961.05
29/05/2023 13:00,16.170013,1008,0,3.088001,4.868004,43.73999,42.909973,964.50
29/05/2023 14:00,16.220001,1008,0,2.421001,4.382004,58.48999,55.22998,948.99
29/05/2023 15:00,16.799988,1008,0,2.720001,4.139,49.659973,52.609985,931.39
29/05/2023 16:00,17,1008,0,2.622002,3.946999,35.380005,38.72998,902.03
29/05/2023 17:00,16.579987,1008,0,2.724998,4.598,53.970032,50.200012,850.76
29/05/2023 18:00,15.899994,1008,0,2.292,3.493,64.23999,53.26001,788.70
29/05/2023 19:00,14.850006,1008,0,2.629002,4.392998,58.780029,55.220032,682.02
29/05/2023 20:00,13.369995,1009,0,1.34,3.011002,58.5,71.98999,505.56
29/05/2023 21:00,11.770004,1009,0,1.219999,2.449001,66.369995,68.77002,364.71
29/05/2023 22:00,10.589996,1010,0,1.295,2.493,74.619995,68.910034,246.46
29/05/2023 23:00,9.680008,1009,0,0.633,1.455999,0,75.73999,191.32
30/05/2023 00:00,8.589996,1010,0,0.321,0.477,132,56.309998,159.89
30/05/2023 01:00,8.270004,1010,0,0.212,0.847,31.769989,8.789993,144.67
30/05/2023 02:00,7.326004,1010,0,0.185,0.759,200.5,37.130005,132.32
30/05/2023 03:00,8.630005,1010,0,1.202999,1.598,32.710022,30.429993,127.63
30/05/2023 04:00,9.320007,1011,0,1.386,1.849001,45.440002,26.440002,164.62
30/05/2023 05:00,9.809998,1011,0,2.191002,2.827999,37.400024,32.450012,255.84
30/05/2023 06:00,10.350006,1011,0,2.153,2.963001,41.75,26.730011,468.76
30/05/2023 07:00,11.350006,1011,0,2.610001,3.651001,42.359985,38.429993,675.05
30/05/2023 08:00,11.930008,1011,0,2.756001,4.504997,39.27002,20.5,724.48
30/05/2023 09:00,11.850006,1011,0,2.583,3.766998,37.289978,27,787.71
30/05/2023 10:00,11.610001,1011,0,2.632999,4.091003,36.320007,25.23999,722.95
30/05/2023 11:00,12.110001,1011,0,2.209,3.177002,43.070007,33.710022,768.55
30/05/2023 12:00,12.479996,1011,0,2.931999,3.979,32.280029,24.170013,829.90
30/05/2023 13:00,13.190002,1010,0,2.473,3.424999,32.309998,32.169983,867.97
30/05/2023 14:00,14.529999,1010,0,2.713001,3.652,23.029999,20.860016,889.98
30/05/2023 15:00,15.360001,1010,0,2.715,3.413002,35.809998,40.220032,896.45
30/05/2023 16:00,16.450012,1009,0,2.834,4.511002,56.039978,47.840027,881.61
30/05/2023 17:00,16.610016,1009,0,2.375,3.786999,44.039978,38.72998,846.44
30/05/2023 18:00,15.610001,1009,0,2.998001,4.281998,42.400024,37.450012,795.97
30/05/2023 19:00,14.330002,1009,0,2.280998,4.046997,55.640015,67.920044,745.99
30/05/2023 20:00,13.419998,1009,0,1.929001,3.685001,48.130005,45.840027,689.51
30/05/2023 21:00,12.350006,1009,0,2.068001,3.748001,66.180054,53.210022,641.00
30/05/2023 22:00,11.470001,1009,0,2.898998,4.386002,47.070007,45.309998,451.86
30/05/2023 23:00,11.220001,1009,0,2.813,4.25,48.940002,36.02002,471.31
31/05/2023 00:00,10.930008,1009,0,2.884998,4.158997,37.830017,39.470032,491.08
31/05/2023 01:00,10.720001,1009,0,2.216999,3.785999,35.76001,31.660004,518.56
31/05/2023 02:00,10.210007,1009,0,2.969002,3.966,29.880005,29.480011,571.45
31/05/2023 03:00,10.180008,1009,0,2.368999,3.851002,44.72998,42.590027,593.07
31/05/2023 04:00,9.800003,1009,0,2.179001,3.435001,46.349976,43.840027,600.36
31/05/2023 05:00,9.600006,1009,0,3.063,3.911999,35.299988,34.900024,604.01
31/05/2023 06:00,9.880005,1009,0,2.223,4.262001,58.140015,46.48999,605.86
31/05/2023 07:00,10.070007,1009,0,2.494999,4.677002,57.570007,37.369995,625.31
31/05/2023 08:00,10.350006,1009,0,2.971001,4.229004,50.73999,49.289978,633.84
31/05/2023 09:00,10.960007,1009,0,2.373001,4.818001,50.429993,48.349976,661.86
31/05/2023 10:00,11.360001,1008,0,2.471001,4.799004,57.630005,55.849976,619.01
31/05/2023 11:00,11.449997,1008,0,3.106998,4.036003,45.309998,43.179993,640.17
31/05/2023 12:00,11.820007,1008,0,3.171001,4.355003,38.679993,35.690002,667.01
31/05/2023 13:00,12.139999,1008,0,2.532001,4.093002,45.609985,36.780029,689.55
31/05/2023 14:00,12.669998,1008,0,2.883999,4.146004,35.73999,24.890015,699.87
31/05/2023 15:00,12.699997,1007,0,2.715,4.273003,44.220032,34.119995,693.28
31/05/2023 16:00,12.970001,1007,0,2.610001,4.235001,56.080017,47.52002,699.38
31/05/2023 17:00,13.139999,1007,0,1.867001,3.790001,54.080017,56.470032,673.76
31/05/2023 18:00,12.889999,1006,0,2.248001,3.460999,41.590027,48.940002,642.77
31/05/2023 19:00,12.380005,1006,0,2.886002,3.960999,34.090027,34.47998,588.50
31/05/2023 20:00,11.990005,1006,0,2.299999,3.924999,49.099976,44.659973,537.18
31/05/2023 21:00,11.430008,1006,0,2.403,4.217003,49.150024,43.299988,496.78
31/05/2023 22:00,10.970001,1006,0,2.299,3.290001,53.099976,41.940002,460.40
31/05/2023 23:00,10.610001,1006,0,2.751999,4.206001,43.070007,45.01001,451.23
01/06/2023 00:00,10.440002,1006,0,2.692001,3.895,53.849976,54.380005,424.24
01/06/2023 01:00,10.399994,1006,0,2.243,3.173,47.039978,38.640015,429.43
01/06/2023 02:00,10.149994,1006,0,2.064999,3.122002,37.289978,39.22998,417.67
01/06/2023 03:00,10.020004,1006,0,1.948999,3.07,43.26001,37.909973,410.69
01/06/2023 04:00,10.029999,1006,0,2.587002,3.848999,40.960022,29.730011,410.64
01/06/2023 05:00,10.180008,1005,0,1.891001,3.081001,50.530029,48.130005,455.82
01/06/2023 06:00,10.369995,1005,0,2.303001,3.57,34.820007,39.090027,468.60
01/06/2023 07:00,10.550003,1005,0,3.441002,4.418999,25.179993,20.440002,498.85
01/06/2023 08:00,11.110001,1006,0,3.145,4.302002,31.880005,32.640015,558.65
01/06/2023 09:00,11.630005,1006,0,2.401001,3.889,41.929993,50.299988,620.99
01/06/2023 10:00,12.199997,1005,0,2.292999,4.278,53.470032,46.330017,660.79
01/06/2023 11:00,13.149994,1005,0,2.417999,3.144001,35.340027,27.910004,725.34
01/06/2023 12:00,13.869995,1005,0,1.893,3.077,25.619995,12.199997,768.62
01/06/2023 13:00,13.729996,1005,0,2.500999,4.313004,43.630005,41.099976,804.43
01/06/2023 14:00,14.470001,1004,0,3.134998,4.819,35.26001,36.780029,835.09
01/06/2023 15:00,14.479996,1004,0,3.653999,4.762001,38.109985,36.72998,854.27
01/06/2023 16:00,13.779999,1004,0,3.264999,4.668999,26.26001,22.01001,856.41
01/06/2023 17:00,13.070007,1004,0,4.149002,5.642998,38.880005,31.940002,830.24
01/06/2023 18:00,12.710007,1004,0,3.150002,5.341003,37.02002,29.309998,789.66
01/06/2023 19:00,12.5,1004,0,2.737,4.445,33.98999,31.730011,746.18
01/06/2023 20:00,12.169998,1004,0,2.75,4.285004,37.51001,36.150024,715.66
01/06/2023 21:00,11.619995,1005,0,3.134998,5.153,38.940002,33,711.16
01/06/2023 22:00,11.089996,1005,0,2.780998,3.494999,25.869995,20.369995,678.26
01/06/2023 23:00,10.820007,1005,0,3.525002,4.618004,36.599976,29.820007,654.50
02/06/2023 00:00,10.75,1005,0,2.971001,4.408997,27.5,28.630005,648.70
02/06/2023 01:00,10.550003,1004,0,2.735001,3.514999,41.119995,33.900024,643.74
02/06/2023 02:00,10.449997,1004,0,2.618,3.632999,27.339996,23.670013,638.83
02/06/2023 03:00,9.770004,1004,0,1.535999,3.519001,44.809998,47.22998,633.00
02/06/2023 04:00,9.539993,1005,0,2.300999,4.013,34.789978,34.530029,635.80
02/06/2023 05:00,9.570007,1005,0,2.772999,3.615002,32.970032,33.700012,623.21
02/06/2023 06:00,9.710007,1005,0,3.112999,4.233002,35.190002,28.730011,630.67
02/06/2023 07:00,10.139999,1005,0,2.640999,3.325001,34.210022,35.929993,659.36
02/06/2023 08:00,10.589996,1005,0,3.124001,5.000999,41.919983,30.970001,703.85
02/06/2023 09:00,11.680008,1004,0,2.969002,4.705002,39.630005,24.209991,760.89
02/06/2023 10:00,13.449997,1004,0,2.992001,4.685997,31.329987,28.51001,749.81
02/06/2023 11:00,14.720001,1004,0,2.722,4.315002,54.359985,48.820007,859.61
02/06/2023 12:00,15.949997,1003,0,2.881001,3.791,41.450012,36.039978,915.40
02/06/2023 13:00,16.480011,1004,0,3.182999,4.528,51.98999,44.559998,949.06
02/06/2023 14:00,17.540009,1003,0,3.691002,4.394997,34.080017,38.440002,953.23
02/06/2023 15:00,17.820007,1003,0,2.799999,4.681999,46.429993,36.940002,941.47
02/06/2023 16:00,17.570007,1003,0,3.506001,4.516998,41.23999,42.289978,909.87
02/06/2023 17:00,17.160004,1002,0,2.448002,3.990002,52.710022,58.52002,838.44
02/06/2023 18:00,16.23999,1003,0,2.859001,4.622002,58.679993,62.440002,738.12
02/06/2023 19:00,15.279999,1003,0,1.921,4.019997,46.720032,53.570007,627.15
02/06/2023 20:00,13.169998,1003,0,1.337,2.737,73.98999,73.589966,512.43
02/06/2023 21:00,11.820007,1003,0,1.882,3.583,48.549988,55.070007,402.30
02/06/2023 22:00,10.699997,1003,0,1.874001,3.067001,51.909973,48.75,322.76
02/06/2023 23:00,9.770004,1004,0,0.67,1.733,57.77002,43.539978,296.12
03/06/2023 00:00,8.919998,1003,0,0.464,1.271999,59.830017,29.450012,277.86
03/06/2023 01:00,8.369995,1003,0,0.333,1.040001,96.5,15.199997,251.51
03/06/2023 02:00,8.830002,1003,0,0.683,1.393,60.25,38.080017,233.77
03/06/2023 03:00,8.960007,1003,0,1.304001,1.903,48.880005,42.429993,222.01
03/06/2023 04:00,8.830002,1003,0,1.973,2.415001,34.590027,31.959991,227.40
03/06/2023 05:00,9.259995,1003,0,1.615,2.827,43.309998,37.179993,257.78
03/06/2023 06:00,9.380005,1003,0,2.144001,2.948002,36.630005,34.640015,385.17
03/06/2023 07:00,9.880005,1003,0,1.959,2.299,5.336998,357.100098,420.54
03/06/2023 08:00,11.059998,1004,0,2.068001,2.693001,16.670013,21.140015,477.46
03/06/2023 09:00,12.720001,1003,0,1.629,2.118999,25.160004,37.919983,553.78
03/06/2023 10:00,13.809998,1003,0,2.460999,3.112999,42.869995,31.089996,618.56
03/06/2023 11:00,15.289993,1003,0,2.309002,3.285999,42.679993,32.470032,743.68
03/06/2023 12:00,16.5,1003,0,2.109001,3.295002,40.590027,36.289978,839.41
03/06/2023 13:00,17.910004,1003,0,2.413002,4.296997,56.559998,50.830017,912.02
03/06/2023 14:00,18.869995,1002,0,3.008999,3.68,53.049988,55.52002,965.37
03/06/2023 15:00,18.529999,1002,0,3.032001,4.111,38.179993,28.769989,1000.40
03/06/2023 16:00,19.01001,1002,0,2.637001,4.282997,37.530029,45.429993,963.18
03/06/2023 17:00,18.959991,1002,0,1.934999,2.790001,60.099976,56.830017,892.87
03/06/2023 18:00,18.149994,1002,0,2.313999,3.925999,46.929993,46.820007,783.28
03/06/2023 19:00,16.480011,1002,0,2.687,4.163002,50.109985,52.690002,644.43
03/06/2023 20:00,14.830002,1002,0,1.585001,2.778999,68.599976,64.660034,455.48
03/06/2023 21:00,12.710007,1003,0,1.139999,2.533001,64.609985,82.599976,329.05
03/06/2023 22:00,11.419998,1003,0,1.027,1.674999,56.059998,60.210022,248.88
03/06/2023 23:00,10.289993,1003,0,0.319,0.738,129.699951,48.549988,206.66
04/06/2023 00:00,9.839996,1003,0,0.738,1.48,49.970032,26.75,180.16
04/06/2023 01:00,8.690002,1003,0,0.231,0.641,0,324.299805,145.75
04/06/2023 02:00,8.559998,1003,0,0.507,1.035,265.899902,313,128.48
04/06/2023 03:00,8.100006,1004,0,0.207,0.537,222.899902,324.200195,135.54
04/06/2023 04:00,9.350006,1003,0,1.091,1.486,30.610016,14.759995,173.79
04/06/2023 05:00,9.570007,1004,0,1.878,2.702999,30.089996,17.799988,229.55
04/06/2023 06:00,10.020004,1004,0,1.951,2.528999,14.960007,5.275002,352.62
04/06/2023 07:00,10.360001,1004,0,2.584,3.952,35.47998,27.940002,414.81
04/06/2023 08:00,11.330002,1004,0,2.618999,3.055,28.850006,23.600006,492.78
04/06/2023 09:00,13.279999,1004,0,1.896,2.833,37.640015,44.159973,594.36
04/06/2023 10:00,13.180008,1004,0,3.165001,4.231003,30.450012,25.519989,658.93
04/06/2023 11:00,14.110001,1004,0,3.041,4.471001,30.679993,28.200012,770.31
04/06/2023 12:00,15.270004,1004,0,2.443001,3.570999,47.190002,48.659973,828.01
04/06/2023 13:00,16.399994,1004,0,2.272999,3.478001,31.029999,36.76001,881.70
04/06/2023 14:00,16.959991,1003,0,2.541,3.132999,43.539978,46.059998,922.22
04/06/2023 15:00,17.940002,1003,0,2.048,3.178001,35.27002,39.409973,948.16
04/06/2023 16:00,17.880005,1003,0,2.681,4.479004,54.320007,52.289978,957.28
04/06/2023 17:00,17.910004,1003,0,2.393002,3.335999,40.77002,41.030029,913.45
04/06/2023 18:00,16.230011,1003,0,2.991001,4.456001,49.169983,52.080017,830.84
04/06/2023 19:00,15.360001,1003,0,2.146999,3.708,40.26001,48.119995,669.17
04/06/2023 20:00,14.229996,1003,0,1.580999,2.825001,60.720032,58.580017,470.42
04/06/2023 21:00,13.589996,1004,0,1.313,2.541,61.340027,58.950012,360.05
04/06/2023 22:00,12.259995,1004,0,0.909,1.819,67.599976,70.48999,256.39
04/06/2023 23:00,11.259995,1004,0,0.979,1.634001,62.929993,67.469971,221.90
05/06/2023 00:00,11.029999,1005,0,1.386999,2.435001,72.660034,67.910034,236.44
05/06/2023 01:00,11.149994,1004,0,1.157,1.781,81.599976,77.890015,215.01
05/06/2023 02:00,11.039993,1004,0,2.325001,3.120998,36.51001,28.519989,189.25
05/06/2023 03:00,11.050003,1004,0,2.170002,3.140999,35.679993,24.149994,153.59
05/06/2023 04:00,10.940002,1004,0,2.153,2.785,42.869995,35.130005,188.21
05/06/2023 05:00,10.800003,1004,0,2.474998,3.678001,41.460022,27.940002,343.83
05/06/2023 06:00,11.020004,1004,0,1.912001,3.151001,41.609985,31.220001,579.94
05/06/2023 07:00,11.119995,1004,0,3.278999,4.422997,39.609985,33.27002,621.00
05/06/2023 08:00,11.869995,1004,0,3.035999,4.083,33.27002,20.75,667.91
05/06/2023 09:00,13.339996,1004,0,2.965,4.415001,43.72998,37.929993,742.21
05/06/2023 10:00,14.570007,1004,0,2.367001,3.963001,36.5,42.549988,806.50
05/06/2023 11:00,14.360001,1004,0,2.552002,3.934002,45.73999,43.859985,892.46
05/06/2023 12:00,14.940002,1004,0,2.612999,3.332001,55.030029,47.840027,944.41
05/06/2023 13:00,16.360016,1003,0,2.785,3.915001,45.700012,53.630005,991.03
05/06/2023 14:00,16.799988,1003,0,2.761002,3.966,45.75,48.070007,1003.78
05/06/2023 15:00,17.230011,1002,0,3.125,5.058998,48.349976,51.23999,994.98
05/06/2023 16:00,16.809998,1002,0,2.804001,4.516998,49.280029,53.400024,974.77
05/06/2023 17:00,16.5,1002,0,2.637001,4.334,68.160034,52.409973,928.42
05/06/2023 18:00,15.380005,1002,0,1.934,4.333,59.890015,55.059998,848.83
05/06/2023 19:00,14.039993,1002,0,2.181,3.993,54.609985,60.099976,751.61
05/06/2023 20:00,12.389999,1003,0,1.587999,3.325001,102.900024,80.300049,679.42
05/06/2023 21:00,11.419998,1003,0,1.785999,2.922001,74.390015,78.560059,645.56
05/06/2023 22:00,10.960007,1003,0,1.475,2.785,75.819946,72.060059,555.69
05/06/2023 23:00,10.869995,1003,0,1.521,3.076,70.25,76.709961,540.32
06/06/2023 00:00,10.660004,1004,0,1.989,3.112999,58.02002,41.030029,484.64
06/06/2023 01:00,10.660004,1004,0,1.677,2.834999,59.220032,50.590027,447.74
06/06/2023 02:00,10.729996,1003,0,2.009998,2.629002,48.289978,37.880005,396.61
06/06/2023 03:00,10.339996,1003,0,2.303001,3.445999,59.570007,45.470032,390.95
06/06/2023 04:00,10.279999,1003,0,1.649,2.943001,56.320007,55.470032,411.33
06/06/2023 05:00,10.300003,1003,0,2.488998,3.285,20.420013,20.019989,433.35
06/06/2023 06:00,10.289993,1003,0,2.465,3.459,22.5,23.059998,451.71
06/06/2023 07:00,10.779999,1003,0,1.627001,2.264999,38.380005,29.209991,493.44
06/06/2023 08:00,11.169998,1003,0,1.879,2.638,20.299988,26.309998,552.39
06/06/2023 09:00,11.369995,1003,0,2.381001,3.594002,41.77002,45.109985,632.81
06/06/2023 10:00,11.910004,1003,0,2.146,3.213001,45.780029,49.289978,642.92
06/06/2023 11:00,12.320007,1003,0,2.608002,3.210999,38.75,30.730011,685.03
06/06/2023 12:00,12.490005,1003,0,2.286999,3.285,43.970032,33.299988,695.45
06/06/2023 13:00,13.080002,1003,0,2.255001,3.291,49.970032,41.099976,761.73
06/06/2023 14:00,13.009995,1002,0,2.827,4.904999,61.700012,47.48999,821.94
06/06/2023 15:00,13.190002,1002,0,2.131001,3.812,58.400024,44.47998,844.57
06/06/2023 16:00,13.399994,1002,0,2.57,4.393997,45.289978,42.299988,868.08
06/06/2023 17:00,13.289993,1002,0,2.153999,2.785999,34.440002,38.48999,879.97
06/06/2023 18:00,13.490005,1001,0,2.533001,4.247002,55.340027,60.700012,813.08
06/06/2023 19:00,12.770004,1001,0,1.622999,3.035,47.440002,61.140015,761.65
06/06/2023 20:00,12.25,1002,0,1.903,3.557999,61.549988,62.929993,694.39
06/06/2023 21:00,11.789993,1002,0,2.195999,3.832001,53.340027,53.73999,659.66
06/06/2023 22:00,11.210007,1002,0,2.055,3.452999,54.299988,59.929993,584.32
06/06/2023 23:00,11.020004,1002,0,1.659,3,68.5,65.969971,595.32
07/06/2023 00:00,10.690002,1002,0,2.445999,3.949001,48.039978,41.780029,621.52
07/06/2023 01:00,10.660004,1002,0,2.408001,3.780998,43.48999,35.900024,614.63
07/06/2023 02:00,9.729996,1002,0,2.021,3.111,43.48999,36.619995,600.59
07/06/2023 03:00,9.860001,1001,0,1.660999,2.421001,53.169983,43.130005,588.51
07/06/2023 04:00,10.25,1001,0,1.372999,2.347,53.929993,43.299988,600.21
07/06/2023 05:00,10.270004,1001,0,1.892,3.131001,52.580017,48.159973,632.57
07/06/2023 06:00,10.5,1001,0,1.381001,2.146999,64.380005,58.150024,651.48
07/06/2023 07:00,10.899994,1001,0,2.216,3.227001,47.690002,49.090027,652.03
07/06/2023 08:00,11.240005,1002,0,2.004002,3.229,56.470032,44.650024,675.07
07/06/2023 09:00,11.789993,1001,0,1.554001,3.257,70.910034,66.47998,733.26
07/06/2023 10:00,12.270004,1001,0,1.644001,3.438,66.569946,70.329956,701.10
07/06/2023 11:00,12.619995,1001,0,2.257,3.556,75.359985,69.390015,780.68
07/06/2023 12:00,13.119995,1001,0,2.092999,4.348999,66.829956,67.27002,826.76
07/06/2023 13:00,13.660004,1001,0,2.295002,4.183998,71.98999,68.97998,850.31
07/06/2023 14:00,14.119995,1000,0,2.278999,4.139999,68.780029,66.839966,889.94
07/06/2023 15:00,14.369995,1000,0,2.595001,3.664001,50.700012,66.290039,892.23
07/06/2023 16:00,14.490005,999,0,1.829,3.484001,57.23999,65.400024,891.86
07/06/2023 17:00,13.910004,1000,0,1.769001,2.957001,70.849976,64.859985,878.10
07/06/2023 18:00,13.529999,1000,0,1.556999,2.804001,67.199951,67.190063,810.69
07/06/2023 19:00,12.880005,1000,0,1.889,3.146,51.419983,53.320007,741.57
07/06/2023 20:00,12.339996,1000,0,2.011002,3.266998,54.179993,77,684.14
07/06/2023 21:00,11.720001,1000,0,1.598,3.559002,66.77002,66.709961,622.85
07/06/2023 22:00,11.190002,1000,0,1.358999,2.599998,61.859985,62.169983,616.62
07/06/2023 23:00,10.869995,1000,0,1.139,2.356998,83.599976,67.300049,579.15
08/06/2023 00:00,10.639999,1000,0,1.471001,2.993999,68.940063,68.180054,524.36
08/06/2023 01:00,10.169998,999,0,1.606001,2.757999,71.420044,63.280029,493.56
08/06/2023 02:00,10.119995,999,0,1.479,2.615002,54.970032,55.809998,496.34
08/06/2023 03:00,9.960007,999,0,1.775,2.817001,58.299988,45.619995,485.38
08/06/2023 04:00,10.020004,999,0,1.242001,2.626999,64.400024,54.349976,516.43
08/06/2023 05:00,9.860001,999,0,1.608999,2.813,59.710022,58.52002,560.17
08/06/2023 06:00,9.910004,998,0,1.686001,3.499001,65.030029,68.430054,574.77
08/06/2023 07:00,10.25,998,0,2.299,4.081001,51.330017,47.220032,598.73
08/06/2023 08:00,10.490005,999,0,1.756001,3.358002,78.670044,84,632.15
08/06/2023 09:00,11.180008,998,0,1.794001,3.344002,85,74.930054,663.93
08/06/2023 10:00,11.880005,998,0,3.071999,3.927002,50.5,56.450012,675.99
08/06/2023 11:00,13.089996,998,0,2.493,4.201004,59.859985,59.789978,709.03
08/06/2023 12:00,14.279999,997,0,2.398998,4.348999,48.130005,63.179993,742.57
08/06/2023 13:00,15.570007,997,0,2.188999,4.004997,93.300049,76.98999,757.02
08/06/2023 14:00,15.949997,996,0,2.713001,4.305,38.140015,42.409973,771.47
08/06/2023 15:00,16.880005,996,0,2.765999,4.356003,51.849976,50.98999,780.37
08/06/2023 16:00,16.540009,995,0,3.458,4.973,43.25,37.030029,776.13
08/06/2023 17:00,16.230011,995,0,3.069,4.670998,48.809998,52.299988,753.36
08/06/2023 18:00,14.979996,994,0,3.330002,4.681,45.609985,46.599976,690.50
08/06/2023 19:00,13.919998,995,0,2.271999,4.359001,59.470032,55.559998,625.21
08/06/2023 20:00,12.520004,995,0,2.202999,4.023003,49.400024,68.719971,565.83
08/06/2023 21:00,11.680008,996,0,2.845001,4.691002,69.030029,60.47998,512.59
08/06/2023 22:00,11.380005,996,0,1.393,2.705002,86,69.380005,466.26
08/06/2023 23:00,11.070007,996,0,2.219002,3.980999,57.02002,54.900024,463.99
09/06/2023 00:00,10.960007,996,0,1.952999,3.182999,60.429993,56.369995,445.45
09/06/2023 01:00,10.869995,995,0,1.832001,3.002998,49.51001,55.210022,424.53
09/06/2023 02:00,10.789993,995,0,2.084999,3.172001,53.090027,42.900024,393.31
09/06/2023 03:00,10.649994,995,0,2.530998,3.918999,42.150024,47.98999,378.08
09/06/2023 04:00,10.490005,994,0,2.487999,3.500999,40.460022,47.48999,380.02
09/06/2023 05:00,10.520004,994,0,2.250999,3.493,56.780029,57.849976,391.56
09/06/2023 06:00,10.690002,994,0,3.117001,4.156998,50.789978,41.599976,409.80
09/06/2023 07:00,11.119995,995,0,2.438,4.147003,44.679993,43.349976,430.16
09/06/2023 08:00,11.940002,994,0,2.789001,3.955002,42.090027,40.5,458.58
09/06/2023 09:00,12.869995,994,0,2.818001,4.170998,49.27002,51,505.03
09/06/2023 10:00,13.949997,994,0,2.922001,4.835999,60.099976,53.5,514.67
09/06/2023 11:00,15.460007,993,0,2.631001,4.514999,60.109985,54.659973,578.24
09/06/2023 12:00,16.380005,993,0,3.935001,5.264,41.960022,37.409973,613.53
09/06/2023 13:00,17.320007,993,0,3.083,5.106003,41.48999,46.970032,635.65
09/06/2023 14:00,17.820007,992,0,3.699001,5.237999,47.030029,40.880005,638.60
09/06/2023 15:00,18.209991,992,0,3.105,4.879997,54.75,43.349976,621.79
09/06/2023 16:00,18.269989,992,0,3.761002,4.552002,34.859985,35.950012,596.16
09/06/2023 17:00,17.799988,991,0,3.689999,4.664001,51.549988,43.650024,561.33
09/06/2023 18:00,17.160004,992,0,2.777,3.743,47.890015,51.890015,516.68
09/06/2023 19:00,15.809998,992,0,1.959,4.116997,57.440002,64.819946,464.87
09/06/2023 20:00,14.360001,993,0,2.729,3.737999,33.200012,30.630005,398.00
09/06/2023 21:00,12.800003,993,0,2.733002,3.884998,37.080017,29.76001,328.60
09/06/2023 22:00,11.830002,993,0,1.948,2.842999,30.079987,27.23999,266.96
09/06/2023 23:00,11.309998,994,0,2.964001,4.334999,20.390015,11.770004,257.30
10/06/2023 00:00,11.080002,993,0,2.124001,2.945,25.75,15.139999,248.58
10/06/2023 01:00,10.949997,993,0,2.193001,2.978001,359.899902,352.200195,237.88
10/06/2023 02:00,10.710007,993,0,2.229,3.747002,357.600098,359.600098,223.08
10/06/2023 03:00,10.410004,992,0,2.296001,3.184002,4.243004,348.600098,214.90
10/06/2023 04:00,10.470001,992,0,1.943001,2.730999,18.429993,3.397999,212.26
10/06/2023 05:00,10.479996,992,0,2.113998,2.875,358.700195,342.399902,221.57
10/06/2023 06:00,11.029999,992,0,2.067001,2.856998,0.946,359,250.43
10/06/2023 07:00,12.229996,992,0,1.888,2.93,13.740005,355.399902,293.36
10/06/2023 08:00,14.380005,992,0,2.263,3.295002,15.539993,5.197998,342.81
10/06/2023 09:00,16.410004,992,0,2.625999,3.492001,28.070007,19.220001,408.13
10/06/2023 10:00,18.279999,991,0,2.66,3.395,24.700012,23.220001,433.62
10/06/2023 11:00,20.679993,991,0,2.319,3.189999,27.48999,30.809998,521.31
10/06/2023 12:00,22.890015,990,0,2.013,3.154999,47.940002,49.200012,601.80
10/06/2023 13:00,25.220001,990,0,2.118999,3.479,75.01001,74.579956,702.08
10/06/2023 14:00,27.179993,989,0,2.313999,4.959,56.090027,61.929993,800.17
10/06/2023 15:00,28.399994,989,0,1.996,2.953999,81,67.76001,932.99
10/06/2023 16:00,28.829987,988,0,2.269001,3.674999,103.800049,97.5,846.95
10/06/2023 17:00,27.220001,988,0,2.693001,6.078003,89.099976,70.839966,671.96
10/06/2023 18:00,26.209991,988,0,2.288002,4.196999,59.25,64.930054,542.39
10/06/2023 19:00,24.070007,989,0,1.820999,3.048,63.559998,80.800049,442.46
10/06/2023 20:00,21.970001,990,0,2.249001,3.056,59.140015,64.150024,348.81
10/06/2023 21:00,20.480011,991,0,1.136999,2.279999,68.459961,63.549988,273.80
10/06/2023 22:00,19.179993,992,0,0.736,1.365999,41.710022,40.650024,168.23
10/06/2023 23:00,17.920013,992,0,0.96,2.005001,38.76001,28.730011,115.08
11/06/2023 00:00,16.380005,992,0,1.805,2.814999,23.720001,29.769989,83.12
11/06/2023 01:00,15.410004,991,0,1.495001,2.209,20.279999,17.809998,85.21
11/06/2023 02:00,14.610001,991,0,0.975,1.615,22.269989,0.023,87.17
11/06/2023 03:00,14.130005,991,0,1.339001,1.785999,9.910004,0.172,91.98
11/06/2023 04:00,13.809998,991,0,1.229,1.903,8.339996,5.233002,82.39
11/06/2023 05:00,13.680008,991,0,1.645,1.989,16.470001,3.931,88.54
11/06/2023 06:00,13.919998,991,0,1.177,1.889,3.242001,355.899902,126.60
11/06/2023 07:00,15.369995,991,0,1.332001,1.634001,26.480011,8.800003,200.72
11/06/2023 08:00,17.230011,991,0,1.405001,2.159,29.799988,23.179993,278.54
11/06/2023 09:00,18.690002,990,0,1.211,1.657,356.399902,8.419998,363.81
11/06/2023 10:00,20.549988,990,0,1.872,2.584,26.450012,21.200012,398.33
11/06/2023 11:00,22.959991,990,0,1.68,1.961,59.47998,58.559998,475.92
11/06/2023 12:00,24.529999,990,0,1.976,2.495998,50.640015,41.76001,567.82
11/06/2023 13:00,26.390015,990,0,1.33,1.947001,82.900024,83.5,656.04
11/06/2023 14:00,27.850006,989,0,1.527,2.243999,135.399902,112.5,708.02
11/06/2023 15:00,28.820007,989,0,2.758999,3.778999,108.400024,98.900024,714.53
11/06/2023 16:00,28.23999,989,0,1.957001,3.499001,84.5,87.699951,718.41
11/06/2023 17:00,27.329987,988,0,1.791,3.672001,63.369995,59.929993,688.10
11/06/2023 18:00,27.649994,988,0,1.929001,3.951,63.169983,66.380005,662.22
11/06/2023 19:00,25.929993,989,0,1.297001,2.931,55.210022,63.970032,265.89
11/06/2023 20:00,24.380005,990,0,1.240999,1.847,9.440002,1.395,95.65
11/06/2023 21:00,23.200012,990,0,1.312,1.848,43.669983,27.390015,65.23
11/06/2023 22:00,21.700012,991,0,1.049,1.645,2.330002,347.200195,23.01
11/06/2023 23:00,20.459991,991,0,1.403,1.979,10.669998,6.501999,42.86
12/06/2023 00:00,19.839996,991,0,1.077999,1.934,8.399994,357.399902,59.37
12/06/2023 01:00,18.76001,991,0,1.410999,1.844999,43.119995,21.98999,69.37
12/06/2023 02:00,17.48999,991,0,0.501,1.021,71.839966,30.559998,63.97
12/06/2023 03:00,16.76001,991,0,0.186,0.493,0,359.399902,57.86
12/06/2023 04:00,16.839996,991,0,0.793,1.285999,350.399902,342.200195,60.47
12/06/2023 05:00,17,991,0,0.831,1.417999,352.5,347.899902,79.29
12/06/2023 06:00,17.730011,991,0,1.341,2.187,346.600098,341.100098,126.73
12/06/2023 07:00,19.25,991,0,1.421,2.327,340.600098,333.200195,195.79
12/06/2023 08:00,21.320007,991,0,1.389,2.000999,8.720001,0.767,273.61
12/06/2023 09:00,22.790009,991,0,2.200001,2.820999,38.97998,38.909973,378.84
12/06/2023 10:00,24.660004,991,0,2.407001,3.187,34.119995,20.459991,565.13
12/06/2023 11:00,25.950012,990,0,2.881001,3.872002,32.659973,21.940002,782.72
12/06/2023 12:00,27.369995,990,0,2.201,2.913002,31.809998,32.400024,958.41
12/06/2023 13:00,28.100006,989,0,2.457001,3.445999,68.190063,79.130005,918.37
12/06/2023 14:00,28.049988,989,0,2.264999,3.545002,69.359985,77.550049,954.76
12/06/2023 15:00,29.100006,989,0,2.803001,3.493,94.099976,87.099976,1005.34
12/06/2023 16:00,28.720001,988,0,2.314999,5.171997,52.619995,73.02002,865.04
12/06/2023 17:00,27.220001,989,0,2.316002,4.281998,92.400024,71.550049,739.96
12/06/2023 18:00,22.220001,990,0,4.521004,5.621002,203.199951,204.300049,715.37
12/06/2023 19:00,20.890015,991,0,1.409,1.775,247.100098,226.600098,524.95
12/06/2023 20:00,20.940002,991,0,0.458,0.553,206.100098,188.300049,247.60
12/06/2023 21:00,20.549988,992,0,0.414,0.988,0,41.75,200.16
12/06/2023 22:00,20.410004,992,0,0.503,0.887,113.900024,89.400024,194.67
12/06/2023 23:00,19.860016,992,0,0.57,0.807,246,229.800049,182.71
13/06/2023 00:00,19.220001,992,0,0.509,1.297001,75.199951,36.960022,122.34
13/06/2023 01:00,17.73999,992,0,0.449,1.458,65.050049,35.130005,107.33
13/06/2023 02:00,16.309998,992,0,0.249,0.754,0,342,117.70
13/06/2023 03:00,15.699997,992,0,0.5,1.368999,342.5,333.100098,110.75
13/06/2023 04:00,15.410004,992,0,1.039,2.049999,345.899902,341.200195,118.47
13/06/2023 05:00,15.960007,992,0,1.208,1.808001,351.5,326.799805,159.94
13/06/2023 06:00,16.959991,993,0,1.462999,2.096001,358.600098,344.700195,255.66
13/06/2023 07:00,18.450012,992,0,1.948999,2.941002,14.5,359.799805,320.49
13/06/2023 08:00,20.360016,992,0,2.543999,3.542999,22.220001,11.479996,400.42
13/06/2023 09:00,22.220001,992,0,2.741001,3.963001,33.030029,27.059998,536.44
13/06/2023 10:00,23.600006,992,0,2.946999,4.490997,36.349976,37.429993,615.88
13/06/2023 11:00,24.600006,992,0,2.844002,4.500999,45.090027,54.280029,764.37
13/06/2023 12:00,26.269989,992,0,2.025002,3.48,74.329956,76.329956,1029.44
13/06/2023 13:00,26.869995,992,0,2.626999,4.972,57.099976,72.959961,1402.14
13/06/2023 14:00,27.360016,991,0,2.736,4.731003,77.709961,81.199951,1408.17
13/06/2023 15:00,27.23999,992,0,2.73,5.417,68.5,71.130005,1357.76
13/06/2023 16:00,26.950012,992,0,2.750999,4.766998,78.27002,81.800049,1234.28
13/06/2023 17:00,26.390015,992,0,2.481998,5.288002,92.699951,81.699951,1012.93
13/06/2023 18:00,25.559998,992,0,1.993,4.764999,84.199951,69.47998,778.64
13/06/2023 19:00,24.110016,993,0,2.193001,4.260002,73.48999,72.690063,525.76
13/06/2023 20:00,21.679993,994,0,1.860001,2.93,51.02002,65.959961,369.70
13/06/2023 21:00,19.610016,994,0,1.136999,2.792,76.880005,67.880005,284.98
13/06/2023 22:00,17.950012,995,0,0.589,1.754999,73.52002,49.47998,259.49
13/06/2023 23:00,16.720001,995,0,0.91,1.990999,109.599976,89,234.44
14/06/2023 00:00,15.110001,996,0,0.543,1.639,95.800049,55.570007,237.83
14/06/2023 01:00,13.680008,996,0,0.176,0.845,284.799805,4.807999,236.01
14/06/2023 02:00,12.660004,995,0,0.281,0.538,190.5,328.200195,219.71
14/06/2023 03:00,12.710007,995,0,0.83,1.360001,5.835999,348.600098,206.74
14/06/2023 04:00,12.440002,996,0,0.907,1.481001,349.399902,352.700195,205.91
14/06/2023 05:00,13.160004,995,0,1.121,1.726999,346.799805,346.5,253.60
14/06/2023 06:00,14.070007,996,0,1.615,2.080002,8.479996,17.720001,342.66
14/06/2023 07:00,15.399994,996,0,2.320999,3.101002,32.25,25.589996,435.29
14/06/2023 08:00,17.089996,996,0,2.617001,3.543999,29.279999,29.690002,546.24
14/06/2023 09:00,19.070007,996,0,2.087002,4.098,55,56.359985,714.97
14/06/2023 10:00,21.51001,996,0,2.491001,4.201004,77.069946,69.440063,801.48
14/06/2023 11:00,22.540009,996,0,2.648998,4.656998,83.800049,77.109985,996.98
14/06/2023 12:00,23.309998,995,0,2.727001,4.296997,59.450012,53.190002,1150.53
14/06/2023 13:00,23.709991,995,0,2.103001,3.508999,69.280029,75.849976,1254.85
14/06/2023 14:00,23.720001,995,0,2.277,3.921001,59.470032,65.940063,1291.87
14/06/2023 15:00,23.790009,995,0,2.304001,4.164001,70.819946,66.459961,1262.96
14/06/2023 16:00,23.540009,995,0,2.514999,3.783001,62.200012,65.079956,1164.72
14/06/2023 17:00,22.980011,995,0,3.104,5.123001,48.780029,52.02002,988.69
14/06/2023 18:00,22.350006,996,0,2.025002,3.651001,50.409973,61.659973,780.21
14/06/2023 19:00,21.130005,996,0,2.623001,4.371002,51.909973,56.820007,605.71
14/06/2023 20:00,19.790009,997,0,2.139,3.757,56.940002,53.099976,447.79
14/06/2023 21:00,17.880005,997,0,1.906,3.564999,44.190002,49.599976,324.92
14/06/2023 22:00,16.450012,998,0,1.045,2.499001,59.150024,59.590027,252.03
14/06/2023 23:00,15.479996,998,0,1.305,1.636,20.390015,26.089996,202.97
15/06/2023 00:00,14.559998,998,0,1.437,2.021,30.910004,14.160004,172.39
15/06/2023 01:00,13.770004,998,0,1.582001,2.238998,33.970032,28.779999,133.23
15/06/2023 02:00,13.419998,998,0,1.264,1.916,10.130005,7.095001,100.38
15/06/2023 03:00,13.180008,998,0,1.141001,1.516001,342.5,347.799805,84.01
15/06/2023 04:00,13.100006,999,0,1.291,1.910999,342.100098,347.299805,80.82
15/06/2023 05:00,12.740005,999,0,0.966,1.556,0,351.399902,113.59
15/06/2023 06:00,13.149994,999,0,1.294001,1.868999,10.389999,5.519997,201.04
15/06/2023 07:00,13.690002,999,0,1.570999,2.254002,26.690002,3.556999,266.82
15/06/2023 08:00,15.330002,999,0,1.535,1.85,48.820007,43.880005,347.41
15/06/2023 09:00,17.890015,999,0,1.77,2.257999,15.940002,10.809998,511.90
15/06/2023 10:00,20,999,0,2.345001,3.230999,44.909973,45.150024,682.22
15/06/2023 11:00,21.790009,998,0,2.112999,3.171001,103.699951,91.599976,904.60
15/06/2023 12:00,22.709991,998,0,2.418999,3.014,60.919983,57.549988,1137.76
15/06/2023 13:00,23.640015,997,0,2.105999,3.320999,80.400024,74.709961,1335.49
15/06/2023 14:00,24.440002,997,0,2.424,3.848,81,71.050049,1466.05
15/06/2023 15:00,24.100006,997,0,2.561001,4.223999,58.570007,61.039978,1516.11
15/06/2023 16:00,24.670013,996,0,2.351002,3.603001,61.25,70.780029,1479.75
15/06/2023 17:00,24.01001,996,0,1.607,3.618999,68.300049,77.73999,1298.83
15/06/2023 18:00,23.769989,996,0,2.042,3.230999,70.859985,72.359985,915.15
15/06/2023 19:00,23,997,0,1.698,3.191002,64.349976,72.5,545.53
15/06/2023 20:00,21.450012,997,0,1.747,3.286999,91.099976,76.290039,362.58
15/06/2023 21:00,19.579987,998,0,1.236,2.021999,59.460022,73.699951,266.42
15/06/2023 22:00,18.029999,998,0,0.923,1.823999,73,66.199951,236.42
15/06/2023 23:00,17.290009,998,0,0.761,1.674999,59.179993,63.48999,217.14
16/06/2023 00:00,15.839996,998,0,0.3,0.565,154.5,96,153.70
16/06/2023 01:00,14.919998,998,0,0.341,0.827,120.900024,93.400024,94.85
16/06/2023 02:00,14.410004,998,0,0.188,0.382,0,202.199951,62.94
16/06/2023 03:00,13.289993,997,0,0.301,1.111,0,228.800049,47.99
16/06/2023 04:00,12.949997,997,0,0.386,1.048,225.5,239.800049,48.12
16/06/2023 05:00,14,997,0,0.531,0.688,223.699951,248.800049,65.70
16/06/2023 06:00,15.440002,997,0,0.333,0.301,0,314.600098,111.51
16/06/2023 07:00,16.690002,997,0,0.959,1.357,69.72998,48.830017,197.18
16/06/2023 08:00,18.630005,997,0,1.299,1.525,101.699951,103.300049,303.46
16/06/2023 09:00,20.75,997,0,1.216,1.393,162,126.5,479.53
16/06/2023 10:00,22.540009,997,0,1.416,2.132,88.199951,83.800049,734.80
16/06/2023 11:00,23.660004,996,0,2.073002,2.465,156.5,124.300049,1470.04
16/06/2023 12:00,24.5,996,0,1.565001,1.996,172.399902,148.300049,1677.20
16/06/2023 13:00,24.690002,995,0,1.651001,2.187,69.02002,61.929993,1749.06
16/06/2023 14:00,25.140015,995,0,2.022999,2.166,171,153.399902,1864.67
16/06/2023 15:00,26.559998,994,0,1.426001,2.118,196,164.199951,1961.16
16/06/2023 16:00,26.100006,994,0,1.471001,2.088001,137.800049,112.699951,1931.94
16/06/2023 17:00,24.950012,993,0,1.349001,2.432999,85.199951,79.26001,1839.21
16/06/2023 18:00,24.309998,993,0,1.877001,2.786999,100,101.300049,1080.28
16/06/2023 19:00,23.25,993,0,2.157001,3.424,129,124,577.38
16/06/2023 20:00,21.649994,993,0,1.710001,2.414001,121.900024,120.5,380.08
16/06/2023 21:00,20.450012,993,0,1.34,2.262001,118.900024,111.5,252.82
16/06/2023 22:00,19.179993,993,0,0.335,0.74,97.300049,153.199951,186.23
16/06/2023 23:00,18.170013,993,0,0.435,0.937,176,164.399902,187.39
17/06/2023 00:00,17.079987,993,0,0.558,1.174999,146.899902,125.900024,170.61
17/06/2023 01:00,15.720001,993,0,0.459,1.525,132.5,116.599976,131.28
17/06/2023 02:00,14.669998,992,0,0.466,0.833,158.699951,210.100098,94.50
17/06/2023 03:00,13.550003,991,0,0.667,1.039,125.900024,114.800049,76.43
17/06/2023 04:00,13.399994,991,0,0.725,1.452,132.600098,140.5,75.48
17/06/2023 05:00,14.320007,991,0,0.271,0.551,264.299805,245.399902,97.65
17/06/2023 06:00,15.649994,991,0,0.356,0.322,273,245.399902,163.89
17/06/2023 07:00,16.970001,991,0,1.257,1.725,106.400024,103.699951,232.78
17/06/2023 08:00,17.350006,991,0,1.427,1.777,120.300049,118.900024,312.35
17/06/2023 09:00,18,991,0,1.423,2.368,138.800049,128.100098,393.76
17/06/2023 10:00,18.899994,991,0,1.743,2.661999,138.699951,133.600098,504.48
17/06/2023 11:00,19.51001,990,0,1.35,2.123001,181,148.199951,663.29
17/06/2023 12:00,20.200012,990,0,0.632,0.823,148.199951,85.300049,743.32
17/06/2023 13:00,20.779999,990,0,1.551001,2.575001,98.400024,106.199951,822.97
17/06/2023 14:00,21.059998,989,0,1.705999,2.66,111.099976,113.5,900.26
17/06/2023 15:00,22.690002,989,0,1.976999,2.868999,118.800049,113.5,929.75
17/06/2023 16:00,22.690002,988,0,2.217999,3.081001,108.699951,102.699951,986.12
17/06/2023 17:00,21.98999,988,0,1.899,3.095001,112.300049,106.099976,944.06
17/06/2023 18:00,21.899994,987,0,2.023998,3.095001,123.599976,117,858.14
17/06/2023 19:00,21.420013,987,0,1.356001,2.833,85,94.099976,597.37
17/06/2023 20:00,20.470001,987,0,1.274,2.242001,81.199951,60.830017,323.90
17/06/2023 21:00,19.339996,988,0,1.02,1.896999,49.890015,62.169983,240.48
17/06/2023 22:00,18.019989,988,0,0.749,1.842001,50.669983,78.839966,232.42
17/06/2023 23:00,17.26001,988,0,0.598,1.514,60.97998,72.890015,217.67
18/06/2023 00:00,16.959991,987,0,0.86,1.269001,46.359985,42.190002,201.77
18/06/2023 01:00,16.279999,986,0,0.772,1.371,46.549988,42.5,164.32
18/06/2023 02:00,15.330002,986,0,0.679,1.135,53.98999,26.329987,107.05
18/06/2023 03:00,14.619995,986,0,0.98,1.433001,34.02002,18.649994,86.86
18/06/2023 04:00,13.809998,986,0,1.503,2.557999,27.950012,22.190002,124.99
18/06/2023 05:00,13.180008,986,0,0.823,1.686001,26.51001,37.659973,175.07
18/06/2023 06:00,13,986,0,1.058001,1.739,15.059998,9.220001,236.39
18/06/2023 07:00,13.5,986,0,1.245001,1.589001,340,325.200195,289.52
18/06/2023 08:00,14.779999,985,0,0.609,0.755,1.021999,1.856001,330.72
18/06/2023 09:00,16.850006,985,0,0.851,1.146999,41.25,40.900024,385.88
18/06/2023 10:00,18.519989,984,0,1.447001,1.966,44.190002,23.48999,496.29
18/06/2023 11:00,20.100006,984,0,1.655001,2.314999,55.900024,57.450012,649.19
18/06/2023 12:00,21.570007,983,0,1.891001,2.459,41.51001,45.950012,789.89
18/06/2023 13:00,22.610016,982,0,1.639999,2.68,99.599976,87.5,852.60
18/06/2023 14:00,22.839996,981,0,1.403999,2.368999,0,80.5,925.65
18/06/2023 15:00,23.190002,981,0,1.603001,2.353001,53.590027,60.789978,946.66
18/06/2023 16:00,22.320007,980,0,0.752,1.471001,36.799988,50.720032,592.99
18/06/2023 17:00,21.709991,980,0,1.67,2.564999,26.290009,23.200012,474.87
18/06/2023 18:00,16.619995,981,0.6,3.377998,4.079002,213,208.600098,340.12
18/06/2023 19:00,16.480011,980,0,0.721,0.942,227.699951,249.399902,85.81
18/06/2023 20:00,16.440002,980,0,0.503,1.139999,251.300049,251.300049,60.07
18/06/2023 21:00,16.470001,980,0,0.682,1.419001,107.099976,95,42.24
18/06/2023 22:00,16.350006,980,0.4,0.405,0.48,93.900024,164,89.10
18/06/2023 23:00,16.320007,980,0,0.564,0.747,183.199951,168.699951,184.67
19/06/2023 00:00,16.070007,979,0,1.483999,2.529999,232.699951,222.300049,280.07
19/06/2023 01:00,15.809998,979,0,1.127001,1.462999,233.5,232.800049,333.76
19/06/2023 02:00,15.699997,979,0,1.056999,2.035,221.300049,229.800049,374.00
19/06/2023 03:00,16.140015,979,0,2.307999,3.259998,224.300049,222.800049,360.12
19/06/2023 04:00,15.5,980,0,1.818001,2.368999,221.5,222.100098,321.33
19/06/2023 05:00,15.919998,980,0,1.187,1.608,218.300049,211.300049,347.03
19/06/2023 06:00,16.559998,981,0,2.177002,2.791,234.600098,225.699951,460.91
19/06/2023 07:00,17.779999,981,0,2.653,3.485001,223.399902,217.600098,658.00
19/06/2023 08:00,18.899994,981,0,3.724998,4.681,219.399902,217.899902,808.44
19/06/2023 09:00,20.079987,981,0,3.851002,4.792,225.199951,208.5,1001.12
19/06/2023 10:00,20.980011,982,0,4.595001,6.305,212.800049,201.300049,1010.68
19/06/2023 11:00,21.230011,982,0,4.557999,5.499001,224.600098,214.100098,1232.81
19/06/2023 12:00,22.029999,982,0,3.382999,4.328003,218.199951,199,1457.72
19/06/2023 13:00,22.850006,982,0,3.286999,4.082001,206.699951,187.300049,1514.30
19/06/2023 14:00,23.820007,982,0,3.953999,4.794998,211.399902,206.300049,1426.97
19/06/2023 15:00,24.320007,982,0,3.184002,4.276001,223.600098,220.800049,1479.35
19/06/2023 16:00,24.170013,981,0,3.351002,4.141998,213.699951,201.100098,1421.57
19/06/2023 17:00,24.959991,981,0,3.062,3.896,209.199951,203.899902,1318.06
19/06/2023 18:00,24.670013,981,0,2.956001,3.873001,215.899902,209.199951,1203.47
19/06/2023 19:00,22.040009,982,0,1.149,1.524,289.5,279.899902,612.49
19/06/2023 20:00,21.679993,982,0,0.408,0.741,333.399902,357.799805,111.18
19/06/2023 21:00,20.459991,983,0,0.613,0.951,118.5,98.900024,64.47
19/06/2023 22:00,19.799988,983,0,0.617,0.901,123,105.800049,46.28
19/06/2023 23:00,19.200012,983,0,0.38,0.603,202.399902,100,34.30
20/06/2023 00:00,17.700012,983,0,0.501,1.215,253.800049,237.300049,27.28
20/06/2023 01:00,16.790009,983,0,0.651,1.278,222.5,234.300049,23.08
20/06/2023 02:00,16.309998,982,0,1.002001,1.323,225.300049,243.100098,16.45
20/06/2023 03:00,15.449997,982,0,0.971,1.273001,232.5,244.600098,13.67
20/06/2023 04:00,15.229996,982,0,0.833,1.32,239.699951,233.600098,16.05
20/06/2023 05:00,15.720001,982,0,0.387,0.567,0,259.600098,27.17
20/06/2023 06:00,16.480011,982,0,0.557,0.593,265,276.200195,61.23
20/06/2023 07:00,16.73999,982,0,0.483,0.655,338.200195,332.700195,115.62
20/06/2023 08:00,16.23999,982,0,1.323999,1.833,29.329987,22.209991,146.50
20/06/2023 09:00,16.089996,981,0,1.476,2.059002,22.98999,25.459991,209.69
20/06/2023 10:00,16.25,980,0,1.715,2.472,2.249001,358.100098,292.73
20/06/2023 11:00,16,980,0,1.603001,2.118999,357.899902,349.399902,347.77
20/06/2023 12:00,15.960007,979,0,1.17,1.452,0.363,351.700195,321.23
20/06/2023 13:00,15.860001,979,0,1.356001,2.008999,327.200195,320.5,272.50
20/06/2023 14:00,15.930008,979,0,1.591,2.095001,320.100098,298.700195,380.03
20/06/2023 15:00,17.320007,979,0,1.211,2.078999,336.899902,319.5,613.44
20/06/2023 16:00,18.51001,979,0,1.757999,2.629002,15.990005,357.299805,651.24
20/06/2023 17:00,18.880005,980,0,0.665,0.838,311.5,294.299805,636.14
20/06/2023 18:00,20.700012,980,0,1.556999,1.907,245.899902,257.299805,670.31
20/06/2023 19:00,19.26001,980,0,0.767,1.698999,271,259.700195,616.92
20/06/2023 20:00,19.690002,981,0,1.009001,1.445,240.199951,241.399902,474.34
20/06/2023 21:00,18.220001,982,0,1.684999,2.589001,215.800049,213.100098,272.41
20/06/2023 22:00,17.380005,982,0,0.767,1.315001,261.799805,228.300049,172.92
20/06/2023 23:00,17.089996,983,0,1.487,2.167999,227.5,223.699951,189.40
21/06/2023 00:00,16.899994,983,0,2.370998,3.215,229.199951,224.600098,192.12
21/06/2023 01:00,16.570007,983,0,2.083,3.151001,218.699951,211.199951,156.15
21/06/2023 02:00,15.899994,984,0,1.549,3.497002,238.399902,229,217.97
21/06/2023 03:00,15.630005,984,0,0.953,1.131001,178.300049,213.800049,251.31
21/06/2023 04:00,15.570007,985,0,1.101,1.514999,240.600098,244.600098,250.59
21/06/2023 05:00,16.619995,986,0,1.943001,3.057999,230.199951,226.399902,320.44
21/06/2023 06:00,17.420013,986,0,2.280998,3.429001,227.300049,236.199951,426.64
21/06/2023 07:00,18.709991,987,0,2.137001,3.191002,229.399902,236.899902,533.56
21/06/2023 08:00,19.619995,987,0,3.391998,4.413002,236.600098,241,704.22
21/06/2023 09:00,20.670013,988,0,1.702999,2.651001,223.199951,223.100098,840.23
21/06/2023 10:00,20.690002,989,0,2.764999,3.800999,224.399902,225.600098,1210.77
21/06/2023 11:00,22.160004,989,0,2.619999,3.645,217.800049,219.699951,1398.78
21/06/2023 12:00,23.049988,989,0,3.813,5.331001,203.399902,196.100098,1410.92
21/06/2023 13:00,17.309998,990,0,1.225,2.391998,237.800049,270.5,1363.31
21/06/2023 14:00,20.329987,990,0,0.928,1.415001,282.200195,265.799805,1209.39
21/06/2023 15:00,23,990,0,1.657,2.973,279.600098,272.200195,1095.77
21/06/2023 16:00,22.570007,990,0,1.789,2.577,240,236.600098,1134.36
21/06/2023 17:00,23.799988,991,0,2.039001,2.637001,229.5,226,1013.37
21/06/2023 18:00,22.140015,991,0,2.495998,3.995998,219.100098,207.199951,651.48
21/06/2023 19:00,21.170013,992,0,1.297001,2.030998,235.699951,232.5,397.91
21/06/2023 20:00,20.809998,992,0,0.788,0.984,314.299805,282.5,50.95
21/06/2023 21:00,19.579987,993,0,0.905,1.209,247.800049,248.100098,21.50
21/06/2023 22:00,17.910004,993,0,0.48,0.873,0,261.5,37.24
21/06/2023 23:00,17.079987,993,0,0.671,1.275,229.899902,252.600098,26.54
22/06/2023 00:00,16.619995,994,0,0.553,1.254999,235.300049,251.899902,29.98
22/06/2023 01:00,15.990005,994,0,1.110001,1.561001,233.800049,222.800049,32.97
22/06/2023 02:00,15.960007,994,0,0.759,1.042999,220.399902,229.399902,33.74
22/06/2023 03:00,15.960007,994,0,0.71,1.106001,238.5,252.800049,38.27
22/06/2023 04:00,15.919998,994,0,0.807,0.967,221.300049,230.600098,41.31
22/06/2023 05:00,16.089996,994,0,0.269,0.308,165.199951,266,53.59
22/06/2023 06:00,16.790009,995,0,0.527,0.938,1.924,352.799805,98.43
22/06/2023 07:00,17.820007,995,0,1.266001,1.753,6.834999,358.799805,190.25
22/06/2023 08:00,19.26001,995,0,0.907,1.312,14.149994,358.600098,381.08
22/06/2023 09:00,20.019989,995,0,1.211,1.844,49.460022,30.76001,587.29
22/06/2023 10:00,20.369995,995,0,2.007,2.422001,43.039978,40.049988,725.75
22/06/2023 11:00,21.700012,995,0,1.551001,2.264999,52.950012,40.419983,867.88
22/06/2023 12:00,21.850006,995,0,1.407,1.573,22.970001,17.200012,825.49
22/06/2023 13:00,23.110016,995,0,1.542999,2.599998,329,314,1054.36
22/06/2023 14:00,23.339996,995,0,1.889999,3.243999,337.799805,331.200195,1164.11
22/06/2023 15:00,22.980011,995,0,0.953,1.269001,291.299805,294.700195,1284.20
22/06/2023 16:00,23.269989,995,0,1.747,2.243,219.399902,209.100098,1298.94
22/06/2023 17:00,23.98999,995,0,0.693,0.861,144.800049,82,1091.87
22/06/2023 18:00,24.450012,995,0,1.776001,2.626999,35.159973,25.76001,831.66
22/06/2023 19:00,24.049988,995,0,0.977,1.914,328.200195,330.299805,298.52
22/06/2023 20:00,20.700012,996,0,2.151001,3.056,112,116.199951,151.64
22/06/2023 21:00,19.959991,997,0,1.097,1.592001,45.059998,55.140015,103.90
22/06/2023 22:00,19,997,0,0.812,1.284,93.900024,77.690063,75.07
22/06/2023 23:00,17.209991,998,0,1.526001,2.427002,119,112.900024,47.94
23/06/2023 00:00,16.160004,998,0,0.731,1.412001,136.100098,123.400024,35.87
23/06/2023 01:00,15.75,997,0,0.795,1.291,121.400024,128.300049,27.50
23/06/2023 02:00,15.339996,998,0,0.843,1.344999,219.5,222.800049,21.27
23/06/2023 03:00,14.990005,997,0,0.875,1.757999,127.800049,128.5,22.10
23/06/2023 04:00,14.789993,998,0,0.761,0.959,121.199951,128.600098,26.35
23/06/2023 05:00,15.539993,998,0,0.298,0.237,0,301.799805,36.98
23/06/2023 06:00,16.029999,998,0,0.66,0.945,75.030029,53.26001,83.74
23/06/2023 07:00,16.600006,998,0,0.767,0.993,30.380005,31.200012,179.43
23/06/2023 08:00,17.579987,999,0,0.505,0.527,261.5,249.800049,297.91
23/06/2023 09:00,19.190002,998,0,0.384,0.464,143.199951,316.600098,440.12
23/06/2023 10:00,20.980011,998,0,1.847,3.199001,226.600098,239.5,817.97
23/06/2023 11:00,21.679993,998,0,2.166,2.803001,232.199951,242.300049,1078.38
23/06/2023 12:00,22.410004,998,0,3.139,4.030998,225.399902,235.800049,1149.66
23/06/2023 13:00,23.360016,998,0,2.860001,3.909,229.600098,238.600098,1413.20
23/06/2023 14:00,23.209991,998,0,3.151001,4.873001,214.399902,216.600098,1486.29
23/06/2023 15:00,22.98999,998,0,3.730999,4.721001,218.100098,222.399902,1333.25
23/06/2023 16:00,22.200012,998,0,2.846001,3.719002,223.899902,225.399902,1000.35
23/06/2023 17:00,21.519989,998,0,2.952999,3.597,228.300049,228.399902,806.40
23/06/2023 18:00,19.040009,999,0,3.917,4.864998,220.600098,215.199951,729.36
23/06/2023 19:00,19.26001,998,0,2.377998,2.834,216.300049,204.699951,683.81
23/06/2023 20:00,19.23999,998,0,3.348999,3.471001,200.800049,190.699951,650.94
23/06/2023 21:00,19.100006,998,0,1.975,2.618999,210.600098,207.699951,643.43
23/06/2023 22:00,19.040009,998,0,2.699001,3.549,215.100098,202,737.98
23/06/2023 23:00,19.309998,997,0,2.334999,3.028,214.600098,203,679.22
24/06/2023 00:00,19.119995,997,0,2.893002,3.514,220,202.199951,676.63
24/06/2023 01:00,19.130005,997,0,2.201,2.709,199.5,188.100098,732.53
24/06/2023 02:00,19.170013,997,0,2.966999,3.744999,212.800049,204.600098,789.46
24/06/2023 03:00,18.529999,997,0,3.243,4.167,212.100098,198.100098,724.31
24/06/2023 04:00,18.649994,997,0,2.980999,3.550999,227.699951,209.600098,667.89
24/06/2023 05:00,18.829987,997,0,2.234001,2.897999,221.399902,201.199951,608.94
24/06/2023 06:00,19.480011,997,0,2.506001,3.265999,232.800049,212.699951,597.11
24/06/2023 07:00,20.390015,997,0,3.18,4.547997,212.899902,205.800049,643.56
24/06/2023 08:00,21.700012,998,0,3.701,4.834999,214.100098,211.899902,670.16
24/06/2023 09:00,22.730011,998,0,3.283001,4.327003,225.399902,220.199951,749.87
24/06/2023 10:00,22.73999,998,0,2.719002,4.168999,215.600098,207.199951,855.77
24/06/2023 11:00,23.75,997,0,2.817001,3.570999,229.5,223.699951,921.18
24/06/2023 12:00,24.309998,997,0,2.783001,3.504002,221.5,218.699951,1120.46
24/06/2023 13:00,25.75,997,0,3.083,4.231003,234.199951,232.800049,1197.18
24/06/2023 14:00,25.600006,997,0,2.071999,3.223,243.100098,234.199951,1266.82
24/06/2023 15:00,26.619995,996,0,1.794001,4.041,263.799805,262.600098,1237.29
24/06/2023 16:00,27.179993,996,0,2.002998,3.112999,249.800049,240.699951,1210.82
24/06/2023 17:00,26.140015,996,0,2.589001,2.959999,219,217.300049,1094.28
24/06/2023 18:00,25.540009,995,0,2.512001,3.462002,223.699951,215,918.93
24/06/2023 19:00,25.25,995,0,2.105999,2.612999,223.800049,227.699951,291.80
24/06/2023 20:00,24.320007,994,0,1.08,1.531,190.300049,188.399902,138.79
24/06/2023 21:00,22.429993,994,0,0.557,1.915001,143.100098,142,132.06
24/06/2023 22:00,22.019989,993,0,1.419001,2.556,187.800049,176.5,147.41
24/06/2023 23:00,20.5,993,0,0.215,0.439,322.600098,230.100098,156.00
25/06/2023 00:00,20.610016,993,0,1.021999,1.898001,189.300049,173.199951,194.21
25/06/2023 01:00,21.079987,992,0,1.593,2.421001,205.399902,186.800049,240.05
25/06/2023 02:00,20.390015,992,0,0.432,0.967,118.5,125.699951,259.61
25/06/2023 03:00,19.130005,991,0,0.353,0.605,319.799805,289,256.93
25/06/2023 04:00,18.140015,990,0,0.23,0.97,0,161.199951,287.43
25/06/2023 05:00,19.720001,990,0,0.707,1.207001,238.100098,208,356.40
25/06/2023 06:00,20.570007,989,0,1.885,2.555,187.800049,181,395.04
25/06/2023 07:00,21.890015,989,0,2.223999,2.869999,175.899902,169.199951,434.50
25/06/2023 08:00,23.149994,988,0,2.367001,3.545002,188.600098,164.100098,525.87
25/06/2023 09:00,24.549988,987,0,2.634998,3.889999,174.800049,152.199951,652.12
25/06/2023 10:00,25.730011,986,0,3.493,4.749001,173.699951,155.699951,790.31
25/06/2023 11:00,27.420013,985,0,3.055,4.184998,168.199951,162.899902,1472.25
25/06/2023 12:00,28.019989,984,0,3.275002,4.425003,208.600098,191.5,2063.03
25/06/2023 13:00,27.899994,984,0,3.284,4.860001,195.100098,187.300049,2143.48
25/06/2023 14:00,27.600006,983,0,3.963001,4.801003,217.100098,205.399902,1836.73
25/06/2023 15:00,28.01001,981,0,4.039001,5.334999,225.300049,218.5,1140.57
25/06/2023 16:00,23.610016,982,0,2.073002,4.834999,249.199951,262.600098,793.92
25/06/2023 17:00,21.179993,983,0,2.209999,3.055,291.600098,280,615.85
25/06/2023 18:00,20.869995,984,0,2.071999,2.631001,283.5,285.600098,577.18
25/06/2023 19:00,20.959991,984,0,1.294001,1.905001,245.399902,281.700195,667.44
25/06/2023 20:00,19.660004,985,0,1.941999,3.097,259.299805,260.899902,674.77
25/06/2023 21:00,18.429993,986,0,1.959,4.136002,248.100098,257.200195,596.21
25/06/2023 22:00,17.140015,987,0,1.271999,3.120998,271.100098,267.399902,586.41
25/06/2023 23:00,16.160004,987,0,1.221001,2.339001,267.100098,251.600098,599.58
26/06/2023 00:00,15.610001,988,0,2.042999,4.502998,251.100098,246.300049,619.60
26/06/2023 01:00,15.130005,988,0,2.000999,3.988998,263.299805,260.899902,644.59
26/06/2023 02:00,14.559998,989,0,1.129999,2.398998,318.600098,281.5,654.07
26/06/2023 03:00,14.350006,989,0,0.927,2.314999,282.100098,268.200195,655.94
26/06/2023 04:00,14.550003,989,0,2.030998,3.920002,245,262.399902,662.24
26/06/2023 05:00,14.850006,990,0,1.413,2.789001,257.100098,264.200195,702.91
26/06/2023 06:00,15.970001,991,0,1.460001,3.103001,248.600098,248.5,731.95
26/06/2023 07:00,16.880005,991,0,1.757,2.639,257.399902,280,861.36
26/06/2023 08:00,17.019989,992,0,1.745001,3.658001,267,260.200195,1049.78
26/06/2023 09:00,17.170013,992,0,2.154999,3.875,265.600098,257.200195,1277.84
26/06/2023 10:00,18.630005,993,0,1.820999,4.249001,255.600098,261.100098,1564.54
26/06/2023 11:00,19.040009,993,0,1.908001,4.457001,262.399902,255.800049,1478.05
26/06/2023 12:00,19.950012,993,0,3.008999,4.736,247.399902,255,1467.25
26/06/2023 13:00,18.709991,994,0,2.312,4.076004,263.700195,257.399902,1432.22
26/06/2023 14:00,20.149994,994,0,2.275002,4.457001,251.100098,253.100098,1352.48
26/06/2023 15:00,20.390015,994,0,2.691002,4.934998,250.199951,248.399902,1273.73
26/06/2023 16:00,19.130005,994,0,3.012001,6.085999,231.199951,240,1259.77
26/06/2023 17:00,20.089996,994,0,1.483,3.297001,269.399902,259.899902,1175.37
26/06/2023 18:00,19.76001,994,0,1.416,2.847,245.600098,255.300049,1122.94
26/06/2023 19:00,18.720001,995,0,1.931999,3.125999,255.899902,262.299805,1016.43
26/06/2023 20:00,17.619995,996,0,1.372999,2.951,252.399902,248.600098,891.00
26/06/2023 21:00,16.920013,996,0,1.044001,2.106998,256.399902,263.600098,640.46
26/06/2023 22:00,16.369995,996,0,1.187,2.596001,236.699951,239.100098,475.98
26/06/2023 23:00,15.5,996,0,1.552,2.382999,235.199951,219.199951,460.31
27/06/2023 00:00,15.440002,996,0,1.091,1.733999,268,265.200195,410.25
27/06/2023 01:00,14.940002,996,0,1.01,2.053001,261.399902,250.300049,351.45
27/06/2023 02:00,14.869995,996,0,1.186001,1.746,230.199951,228.199951,295.08
27/06/2023 03:00,14.610001,996,0,0.893,1.596001,242.899902,231,256.69
27/06/2023 04:00,15.039993,995,0,0.942,1.519001,255.300049,248.899902,176.81
27/06/2023 05:00,15.309998,995,0,0.595,1.622,231.699951,260.399902,195.35
27/06/2023 06:00,15.630005,995,0,1.612,1.973,232.800049,231.600098,298.97
27/06/2023 07:00,15.309998,996,0,1.969999,3.101002,226.600098,234.600098,380.61
27/06/2023 08:00,15.470001,996,0,2.331001,3.255001,221.300049,213,518.94
27/06/2023 09:00,15.240005,995,0,2.764,3.766998,223.899902,207,657.90
27/06/2023 10:00,15.889999,995,0,2.229,2.986,212.5,183.100098,600.28
27/06/2023 11:00,16.5,995,0,2.494999,3.045002,212.600098,204.199951,804.53
27/06/2023 12:00,16.860016,994,0,2.530998,3.856998,196.399902,193.699951,819.17
27/06/2023 13:00,17.209991,994,0,2.550999,3.280998,212.800049,200.399902,806.70
27/06/2023 14:00,17.299988,993,0,2.381001,3.236,211.600098,200,784.35
27/06/2023 15:00,18.100006,992,0,2.304001,3.324001,200.399902,192.399902,767.05
27/06/2023 16:00,18.720001,992,0,2.695,3.27,222.699951,208.300049,755.02
27/06/2023 17:00,18.549988,991,0,2.552002,3.131001,207.300049,194.600098,769.46
27/06/2023 18:00,18.850006,991,0,2.323002,3.432999,167.899902,173.100098,750.97
27/06/2023 19:00,19.040009,991,0,2.007,2.583,201,189.899902,706.94
27/06/2023 20:00,19.23999,991,0,1.893,2.652,228.100098,218.399902,635.72
27/06/2023 21:00,19.100006,991,0,2.900002,4.179001,218,212.699951,554.27
27/06/2023 22:00,19.049988,991,0,2.059002,2.564999,233.699951,215.399902,554.43
27/06/2023 23:00,18.730011,990,0,3.126999,4.653,231.300049,217.300049,488.60
28/06/2023 00:00,18.720001,990,0,2.702999,3.407001,217.800049,209.899902,465.38
28/06/2023 01:00,18.48999,990,0,3.325001,4.663002,233.5,229.5,439.80
28/06/2023 02:00,18.380005,990,0,1.176001,1.669001,219.899902,210.100098,402.80
28/06/2023 03:00,18.640015,989,0,2.77,4.167,238.5,239.199951,392.04
28/06/2023 04:00,18.459991,990,0,2.780998,3.41,219.199951,217.5,385.54
28/06/2023 05:00,18.209991,990,0,2.061001,3.701,245.300049,235.800049,398.15
28/06/2023 06:00,18.769989,989,0,2.580002,3.237,226.100098,226.199951,430.98
28/06/2023 07:00,19.600006,990,0,2.355999,3.25,229.300049,229.800049,421.32
28/06/2023 08:00,20,990,0,1.287001,1.731001,240.699951,223.399902,465.70
28/06/2023 09:00,20.869995,990,0,1.806999,2.480999,225.899902,218.300049,532.79
28/06/2023 10:00,22.140015,989,0,2.497002,4.010002,225.199951,220.100098,718.03
28/06/2023 11:00,23.420013,989,0,2.800999,3.765999,224.300049,222,902.13
28/06/2023 12:00,23.450012,989,0,2.591,4.088997,226.699951,216.5,916.09
28/06/2023 13:00,22.649994,989,0,2.477001,3.844002,222.699951,220.5,849.10
28/06/2023 14:00,22.290009,989,0,3.738998,4.611,214.600098,209.300049,766.04
28/06/2023 15:00,22,989,0,4.516998,5.920998,218.5,207.100098,715.64
28/06/2023 16:00,20.839996,988,0,2.929001,3.759998,204.199951,201.199951,726.51
28/06/2023 17:00,18.070007,989,0,1.475,3.089001,274.100098,274,634.83
28/06/2023 18:00,18.230011,989,0,1.455,1.871,259.100098,252.800049,537.48
28/06/2023 19:00,17.980011,989,0,0.804,1.461,283.100098,282.799805,479.83
28/06/2023 20:00,17.019989,990,0,1.651001,2.952999,287.700195,277.299805,460.90
28/06/2023 21:00,15.809998,990,0,0.594,0.954,285,268.5,415.85
28/06/2023 22:00,15.960007,991,0,1.535999,1.833,306.200195,287.700195,454.59
28/06/2023 23:00,15.660004,991,0,0.966,1.763,313.299805,281.299805,439.89
29/06/2023 00:00,15.25,991,0,1.603001,2.106998,302.200195,287.399902,402.57
29/06/2023 01:00,15.259995,991,0,0.965,2.435001,280.600098,282.799805,377.27
29/06/2023 02:00,14.889999,991,0,1.705999,3.333,308.200195,304.899902,342.76
29/06/2023 03:00,14.649994,991,0,1.591,2.629002,307.799805,301.299805,315.50
29/06/2023 04:00,13.860001,991,0,0.855,1.747,284.600098,281.700195,300.06
29/06/2023 05:00,13.680008,991,0,0.961,1.945,288.100098,284.700195,326.71
29/06/2023 06:00,13.889999,991,0,1.184999,2.460999,304.100098,290.5,386.34
29/06/2023 07:00,15.899994,991,0,1.413,2.109001,305.299805,292.100098,525.26
29/06/2023 08:00,17.279999,992,0,2.117001,3.581001,0,295.899902,808.81
29/06/2023 09:00,17.779999,992,0,3.455002,5.257004,314.600098,303,1195.44
29/06/2023 10:00,17.420013,992,0,3.095001,5.920998,311.899902,305.299805,1202.21
29/06/2023 11:00,17.540009,992,0,3.226002,4.511002,315.5,298.5,1375.16
29/06/2023 12:00,18.160004,992,0,3.514999,4.938004,312.5,291.299805,1520.82
29/06/2023 13:00,18.899994,992,0,2.757,4.229004,289.5,274.399902,1546.87
29/06/2023 14:00,18.899994,992,0,2.063,3.785,326,294.700195,1638.18
29/06/2023 15:00,19.019989,991,0,1.763,2.716999,286.899902,269.600098,1629.02
29/06/2023 16:00,18.929993,991,0,2.584,5.100998,312.899902,307.200195,1548.65
29/06/2023 17:00,19.420013,991,0,1.878,3.342999,259.200195,274.799805,1472.63
29/06/2023 18:00,19,991,0,1.613001,2.889,272.299805,275.600098,1295.64
29/06/2023 19:00,17.76001,991,0,2.345001,3.569,303.899902,297,1036.17
29/06/2023 20:00,16.579987,991,0,1.410999,2.223999,290,287.299805,699.88
29/06/2023 21:00,15.270004,991,0,0.829,1.507,0,268.399902,348.20
29/06/2023 22:00,14.039993,990,0,0.88,1.906,215.100098,256.799805,297.21
29/06/2023 23:00,13.440002,990,0,1.039,1.511,221.100098,246.5,215.32
30/06/2023 00:00,13.330002,990,0,0.346,0.745,0,233,161.74
30/06/2023 01:00,13.5,989,0,0.725,1.43,149.399902,177,179.19
30/06/2023 02:00,13.690002,988,0,1.117001,2.039001,243.100098,232.199951,193.01
30/06/2023 03:00,12.839996,987,0,2.084,2.888,218.899902,211.100098,212.35
30/06/2023 04:00,12.710007,987,0,1.934999,2.890999,219.5,219.899902,235.97
30/06/2023 05:00,12.940002,986,0,1.716,2.894001,215.800049,206,294.91
30/06/2023 06:00,13.300003,985,0,2.803001,3.569,217.399902,206.600098,345.25
30/06/2023 07:00,13.610001,985,0,2.549,3.469002,226,224.899902,449.38
30/06/2023 08:00,14.210007,985,0,2.730999,3.609001,219.399902,208.199951,588.96
30/06/2023 09:00,14.930008,983,0,3.309002,4.363998,210.300049,202,690.34
30/06/2023 10:00,15.259995,983,0,4.380997,5.850998,204.800049,196.699951,615.07
30/06/2023 11:00,16.559998,982,0,4.025002,4.858002,216.5,193.699951,669.26
30/06/2023 12:00,16.820007,981,0,4.572998,5.640999,221.699951,209.100098,671.54
30/06/2023 13:00,18.220001,980,0,4.028,5.216003,217.800049,211.5,731.20
30/06/2023 14:00,18.360016,979,0,3.550999,5.217003,218.899902,210.300049,761.85
30/06/2023 15:00,18.049988,978,0,3.528999,4.32,216.600098,210.5,814.76
30/06/2023 16:00,17.890015,978,0,2.763,3.423,223.399902,225.600098,874.32
30/06/2023 17:00,18.440002,977,0,3.514999,4.667,227.5,232.699951,859.65
30/06/2023 18:00,18.329987,976,0,3.291,5.153999,224.100098,219,834.58
30/06/2023 19:00,17.670013,976,0,2.977001,4.445,219.5,212.100098,779.86
30/06/2023 20:00,17.700012,975,0,2.144001,3.148998,223.300049,226.699951,716.36
30/06/2023 21:00,17.549988,975,0,2.118999,2.738998,232.600098,222,702.69
30/06/2023 22:00,17.269989,975,0,1.212,1.788,241.300049,235.100098,714.77
30/06/2023 23:00,17.220001,974,0,1.379,2.653,231.800049,243,747.87
01/07/2023 00:00,17.25,974,0,1.360001,3.305,236.399902,258.700195,748.00
01/07/2023 01:00,16.920013,974,0,1.475,2.455002,293.299805,260.899902,721.04
01/07/2023 02:00,16.860016,974,0,1.982,3.710999,239.5,247.199951,741.90
01/07/2023 03:00,16.269989,974,0,1.712,3.146999,243.899902,256.299805,768.82
01/07/2023 04:00,16.040009,974,0,1.827,3.005001,240.800049,267.200195,793.87
01/07/2023 05:00,15.710007,974,0,1.239,2.670002,267.600098,276.600098,842.45
01/07/2023 06:00,15.770004,974,0,1.635,3.636002,276.799805,274.5,907.47
01/07/2023 07:00,16.049988,974,0,1.278999,4.014,244.600098,257.799805,957.87
01/07/2023 08:00,16.350006,975,0,2.257,3.943001,279.899902,271.600098,1064.04
01/07/2023 09:00,16.519989,975,0,2.129002,4.112999,310.700195,275.5,1222.48
01/07/2023 10:00,16.799988,975,0,2.455002,4.764,276.200195,263.299805,1285.12
01/07/2023 11:00,17.610016,975,0,2.688999,5.899002,266.700195,270.100098,1298.39
01/07/2023 12:00,18.200012,976,0,2.979,4.856003,250.800049,259.600098,1357.60
01/07/2023 13:00,18.899994,976,0,2.438999,5.013,248.5,250.100098,1510.55
01/07/2023 14:00,17.51001,977,0,3.299999,6.606003,251.800049,267.899902,1701.97
01/07/2023 15:00,18.029999,977,0,2.710999,6.057999,269,258.700195,1755.87
01/07/2023 16:00,17.369995,978,0,3.407001,4.766998,287.399902,270.600098,1678.86
01/07/2023 17:00,17.670013,978,0,2.016998,4.776001,266.5,271.799805,1660.76
01/07/2023 18:00,17.910004,978,0,2.535,4.523003,274.100098,273.100098,1585.31
01/07/2023 19:00,17.25,979,0,1.938,3.583,282.299805,276.200195,1497.29
01/07/2023 20:00,16.339996,980,0,1.577999,2.540001,263.5,277.5,1387.21
01/07/2023 21:00,15.410004,980,0,1.987,3.580002,245.800049,260.399902,1299.08
01/07/2023 22:00,14.759995,981,0,1.657,3.685001,271.299805,259.399902,1402.45
01/07/2023 23:00,14.180008,981,0,1.399,2.530998,251.800049,250.5,1291.85
02/07/2023 00:00,14.119995,981,0,1.74,3.416,257.600098,262.100098,1227.94
02/07/2023 01:00,13.930008,981,0,1.688999,2.959,260,263.100098,1180.80
02/07/2023 02:00,13.539993,981,0,0.811,2.132,268,262.899902,1107.85
02/07/2023 03:00,13.910004,981,0,1.591,2.934002,277.399902,269.600098,1048.87
02/07/2023 04:00,13.740005,982,0,1.042999,2.342999,269.200195,273.799805,1028.20
02/07/2023 05:00,13.990005,982,0,0.897,2.290001,249.300049,273.600098,1031.41
02/07/2023 06:00,14.229996,982,0,1.493999,3.212002,261.100098,269.299805,1022.18
02/07/2023 07:00,13.800003,982,0,1.973,2.483002,227.300049,215.699951,1130.18
02/07/2023 08:00,13.759995,983,0,3.038002,4.558998,231.699951,227.199951,1276.43
02/07/2023 09:00,13.919998,983,0,1.816999,3.147999,264.899902,249.199951,1462.28
02/07/2023 10:00,15.289993,982,0,2.189999,3.390999,246.300049,242.5,1639.82
02/07/2023 11:00,16.549988,982,0,2.244999,4.509003,238.899902,250.5,1730.43
02/07/2023 12:00,16.140015,982,0,3.045002,4.916,255.5,251,1814.68
02/07/2023 13:00,16.809998,982,0,2.762001,4.760002,243.5,247.300049,1807.24
02/07/2023 14:00,17,982,0,2.063,4.040001,272.600098,265.200195,1864.63
02/07/2023 15:00,17.100006,982,0,2.105999,3.245998,250.5,255.899902,1971.84
02/07/2023 16:00,17.440002,982,0,2.271,4.945,250.699951,257.899902,1841.75
02/07/2023 17:00,17.059998,982,0,2.133999,3.706001,232.100098,241.5,1445.25
02/07/2023 18:00,17.860016,982,0,1.877001,3.835999,253.899902,254.699951,1325.96
02/07/2023 19:00,13.949997,982,0,2.347,3.335999,234.699951,231.300049,1244.88
02/07/2023 20:00,14.470001,982,0,1.282,2.373001,238.300049,238.600098,1138.22
02/07/2023 21:00,13.470001,982,0,1.396999,2.888,254.199951,264.600098,997.83
02/07/2023 22:00,13.009995,982,0,1.273001,3.064999,249.300049,245.399902,938.96
02/07/2023 23:00,13.119995,982,0,1.546,3.227001,266.899902,248.199951,891.24
03/07/2023 00:00,11.940002,982,0,1.610001,2.828999,223.5,228.800049,840.63
03/07/2023 01:00,11.529999,982,0,1.660999,2.778999,200.800049,207.199951,830.92
03/07/2023 02:00,11.740005,982,0,1.138,2.250999,269.200195,269.799805,769.52
03/07/2023 03:00,11.559998,981,0,1.504,2.563,238.899902,238.699951,716.88
03/07/2023 04:00,11.259995,981,0,1.267,1.797001,235.699951,247.300049,706.95
03/07/2023 05:00,11.350006,980,0,3.120998,3.513,222.100098,216.300049,788.23
03/07/2023 06:00,11.440002,980,0,2.918999,3.992001,227.899902,226.300049,884.90
03/07/2023 07:00,13.220001,980,0,2.407001,3.663002,229.600098,234.899902,1017.61
03/07/2023 08:00,15.089996,980,0,2.625,3.574001,234.199951,242.5,1136.15
03/07/2023 09:00,16.100006,980,0,3.348999,5.042999,234.199951,229.300049,1308.09
03/07/2023 10:00,14.490005,980,0,2.431,3.645,237.699951,229.399902,1005.61
03/07/2023 11:00,12.710007,979,0,3.393002,4.414001,215.100098,212.100098,980.17
03/07/2023 12:00,12.139999,979,0,1.243,1.763,205.399902,193.600098,1116.60
03/07/2023 13:00,13.660004,979,0,2.625999,3.897999,306.5,289,1127.15
03/07/2023 14:00,15.550003,979,0,2.555,4.439003,286.299805,281.299805,1361.32
03/07/2023 15:00,15.589996,980,0,1.667999,3.212002,248.399902,252.899902,1487.45
03/07/2023 16:00,15.839996,980,0,2.063,4.43,262.299805,259.700195,1369.82
03/07/2023 17:00,17.23999,980,0,2.285999,3.547001,279.799805,279.399902,1307.82
03/07/2023 18:00,16.920013,980,0,1.556,2.917,274,276.100098,1326.62
03/07/2023 19:00,16.130005,980,0,1.761,3.095001,262.399902,277.399902,1296.17
03/07/2023 20:00,14.5,980,0,2.083,3.353001,237.199951,236.399902,1121.36
03/07/2023 21:00,12.800003,981,0,1.927,3.305,226.600098,230.699951,993.03
03/07/2023 22:00,12.899994,981,0,3.366001,4.873001,228.300049,229.5,758.88
03/07/2023 23:00,12.139999,981,0,3.168999,4.320999,228.699951,229.399902,883.03
04/07/2023 00:00,12.080002,981,0,2.290001,4.288002,232.899902,228,885.94
04/07/2023 01:00,11.630005,981,0,2.070999,3.286999,221.699951,233.199951,786.21
04/07/2023 02:00,11.770004,981,0,2.967999,4.448997,229.399902,227.100098,766.64
04/07/2023 03:00,11.229996,981,0,2.339001,3.289001,223.899902,211.800049,740.68
04/07/2023 04:00,11.039993,981,0,2.847,4.167999,212,213.800049,693.92
04/07/2023 05:00,11.690002,981,0,1.519001,1.990999,226.899902,212.600098,719.20
04/07/2023 06:00,13.369995,981,0,2.089001,2.373001,227.699951,230.100098,762.91
04/07/2023 07:00,14.369995,981,0,2.221001,3.882,254.300049,250.100098,844.42
04/07/2023 08:00,14.979996,982,0,2.272999,3.951,230.600098,245.5,1032.56
04/07/2023 09:00,15.970001,982,0,2.854,3.573002,230.800049,239.100098,1283.83
04/07/2023 10:00,17.130005,982,0,2.316002,3.991001,249.199951,235.600098,2035.03
04/07/2023 11:00,17.110016,982,0,2.952999,3.948002,225,235.300049,1886.64
04/07/2023 12:00,18.160004,982,0,2.553001,3.515999,237.100098,236.199951,1755.19
04/07/2023 13:00,18.059998,981,0,1.787001,3.417,259.600098,245.600098,1711.85
04/07/2023 14:00,18.880005,981,0,2.944,4.118004,236.399902,233,1550.22
04/07/2023 15:00,16.899994,980,0,2.638,3.360001,212.800049,209.199951,1398.11
04/07/2023 16:00,17.959991,980,0,3.554001,4.364998,206.199951,191.100098,1144.65
04/07/2023 17:00,17.209991,979,0,2.463001,3.987,181.899902,172.899902,1069.00
04/07/2023 18:00,13.820007,979,0,3.879002,5.358002,206.399902,192.600098,545.64
04/07/2023 19:00,13.160004,979,0.2,2.768002,4.113998,224.699951,221.800049,485.21
04/07/2023 20:00,12.990005,979,0,1.269001,1.483,42.450012,8.960007,223.08
04/07/2023 21:00,13.089996,979,0,1.212999,2.119999,235,244,89.89
04/07/2023 22:00,13.059998,979,0,1.070999,1.858999,259,267.600098,157.34
04/07/2023 23:00,12.949997,979,0,0.705,1.549999,276.799805,271.200195,227.27
05/07/2023 00:00,12.589996,979,0,0.452,1.1,256.700195,269.899902,311.40
05/07/2023 01:00,11.630005,978,0,0.802,1.454,278.299805,267.5,300.90
05/07/2023 02:00,11.279999,979,0,1.073,1.749001,234.899902,261.200195,286.02
05/07/2023 03:00,11.259995,978,0,0.767,1.322001,262,259.100098,285.42
05/07/2023 04:00,12.139999,979,0,1.146,1.59,339,291.200195,299.43
05/07/2023 05:00,12.449997,979,0,0.781,1.566999,237.899902,268.399902,405.97
05/07/2023 06:00,13.190002,980,0,1.474001,2.626999,260.899902,260.200195,566.69
05/07/2023 07:00,14.369995,980,0,1.566999,2.827999,290.299805,281.700195,683.91
05/07/2023 08:00,15.740005,981,0,1.684999,3.127998,268.700195,268.799805,873.31
05/07/2023 09:00,14.199997,982,0,1.410999,2.546001,307.100098,299,1067.57
05/07/2023 10:00,16.209991,982,0,1.304001,2.719002,278.100098,274.5,1267.36
05/07/2023 11:00,16.200012,983,0,2.224998,4.068001,258.899902,257.299805,1312.84
05/07/2023 12:00,15.619995,984,0,2.095001,4.013,250.800049,251.899902,1248.26
05/07/2023 13:00,17.119995,984,0,1.343,3.917,286.299805,243.600098,1316.62
05/07/2023 14:00,16.890015,984,0,2.195999,3.737999,252.399902,251.800049,1397.51
05/07/2023 15:00,17.769989,984,0,1.879,3.139999,258.600098,255.199951,1455.43
05/07/2023 16:00,17.029999,984,0,2.063,3.837002,241,240.699951,1293.92
05/07/2023 17:00,17.059998,985,0,2.694,3.252998,234.699951,237.600098,1287.14
05/07/2023 18:00,17.98999,985,0,1.568001,2.709,254,259,1191.48
05/07/2023 19:00,17.100006,985,0,1.875999,3.519001,254.5,261,1004.68
05/07/2023 20:00,14.190002,986,0,1.202999,2.186001,251.899902,248.5,813.64
05/07/2023 21:00,13.820007,986,0,0.548,0.699,122.900024,119.800049,426.21
05/07/2023 22:00,14.320007,987,0,1.839001,2.393002,215,219.5,425.55
05/07/2023 23:00,14.130005,987,0,1.08,1.993,215.899902,196.300049,481.00
06/07/2023 00:00,14.210007,987,0,1.129999,2.035,239.399902,218.5,431.93
06/07/2023 01:00,14.5,987,0,2.179001,4.027,240.300049,225.5,416.06
06/07/2023 02:00,13.729996,986,0,2.091999,2.945,225.5,232.800049,372.63
06/07/2023 03:00,13.320007,986,0,1.641001,2.545002,226.300049,228,345.76
06/07/2023 04:00,13.160004,987,0,1.187,2.129002,233.800049,229.399902,328.87
06/07/2023 05:00,13.210007,987,0,2.591999,3.598999,219.199951,214.199951,360.59
06/07/2023 06:00,13.440002,987,0,2.641998,3.691002,218.699951,210.300049,426.37
06/07/2023 07:00,15.259995,987,0,2.845001,3.331001,221.600098,222.800049,609.13
06/07/2023 08:00,16.640015,988,0,2.692001,3.734001,223.899902,222.100098,902.10
06/07/2023 09:00,18.160004,987,0,2.341999,3.056999,222.199951,222.199951,1189.02
06/07/2023 10:00,18.160004,988,0,2.153,3.250999,246.800049,247.100098,1563.57
06/07/2023 11:00,19.040009,988,0,3.299,4.571999,223.100098,225.300049,1622.14
06/07/2023 12:00,18.600006,988,0,3.331001,4.181,223.199951,209.600098,1575.47
06/07/2023 13:00,18.329987,988,0,3.673,4.850998,213.800049,206.899902,1450.45
06/07/2023 14:00,18.829987,988,0,3.390999,4.614998,200.699951,192.199951,1366.72
06/07/2023 15:00,20.299988,987,0,3.441002,5.112,208.199951,195.300049,1393.87
06/07/2023 16:00,20.579987,987,0,2.651001,4.710999,185.5,186.100098,1412.43
06/07/2023 17:00,20.459991,986,0,3.741001,4.972,207.199951,197,1449.25
06/07/2023 18:00,20.470001,986,0,3.413002,4.554001,210.100098,194.800049,1501.27
06/07/2023 19:00,20.01001,986,0,2.389,3.388,196.5,180.5,1341.00
06/07/2023 20:00,19.600006,987,0,2.519001,3.462002,202.199951,193.699951,1108.79
06/07/2023 21:00,18.619995,987,0,2.764999,3.449001,189.800049,172.399902,934.74
06/07/2023 22:00,17.880005,987,0,2.418999,4.123001,187.199951,166.300049,856.65
06/07/2023 23:00,16.570007,988,0,2.421001,3.269001,198.199951,176.600098,715.53
07/07/2023 00:00,15.930008,988,0,2.43,3.370998,193.600098,176.899902,598.43
07/07/2023 01:00,15.479996,988,0,2.710999,3.98,214.300049,189.300049,568.44
07/07/2023 02:00,14.720001,988,0,2.346001,3.444,209.199951,191.300049,553.22
07/07/2023 03:00,14.009995,988,0,1.099001,2.02,182.899902,172.399902,530.55
07/07/2023 04:00,13.960007,988,0,2.696999,3.625,224.5,214.699951,479.84
07/07/2023 05:00,14.479996,989,0,2.212002,3.084999,200.800049,189.100098,454.47
07/07/2023 06:00,15.759995,989,0,2.597,3.457001,201.300049,196.300049,487.56
07/07/2023 07:00,17.179993,990,0,2.797001,3.784,210.300049,205.899902,535.22
07/07/2023 08:00,18.230011,990,0,3.407001,4.838997,211.699951,194.300049,602.92
07/07/2023 09:00,20.26001,990,0,2.929001,4.382004,187.800049,174.300049,767.41
07/07/2023 10:00,21.470001,990,0,3.661999,4.835999,195.300049,186.300049,1114.46
07/07/2023 11:00,22.230011,990,0,3.617001,5.357002,193.399902,181.600098,1294.49
07/07/2023 12:00,23.329987,990,0,3.059002,3.488998,193.300049,183.800049,1433.36
07/07/2023 13:00,24.600006,990,0,3.436001,4.650002,201.600098,181,1526.19
07/07/2023 14:00,25.149994,989,0,2.991001,4.754997,144.199951,147.600098,1582.06
07/07/2023 15:00,26.079987,989,0,2.209999,3.894001,138.600098,135.600098,1643.99
07/07/2023 16:00,27.440002,988,0,2.417999,4.046997,188.399902,174.399902,1822.06
07/07/2023 17:00,27.450012,988,0,4.011002,6.136002,180.899902,170.600098,1963.41
07/07/2023 18:00,27.709991,988,0,2.769001,4.350998,208.399902,184.199951,1335.27
07/07/2023 19:00,26.970001,988,0,1.919001,3.227001,171.300049,163.100098,645.29
07/07/2023 20:00,25.23999,988,0,0.699,1.631001,124.699951,115.599976,258.48
07/07/2023 21:00,23.360016,988,0,1.277,2.320999,106,115.199951,268.68
07/07/2023 22:00,22.079987,988,0,1.409,1.907,114.800049,128.899902,417.15
07/07/2023 23:00,21.089996,989,0,1.865,2.91,151.399902,140.100098,401.66
08/07/2023 00:00,20.619995,989,0,1.759001,2.561001,158.199951,141,369.69
08/07/2023 01:00,19.429993,988,0,0.639,1.289,0,164.199951,336.82
08/07/2023 02:00,18.350006,988,0,0.495,0.925,81,83.900024,313.98
08/07/2023 03:00,17.190002,988,0,0.417,1.191,69.599976,72.319946,321.14
08/07/2023 04:00,16.5,987,0,0.33,0.841,87.699951,45.720032,336.23
08/07/2023 05:00,16.880005,987,0,0.549,0.699,0,31.880005,375.87
08/07/2023 06:00,18.51001,987,0,0.636,1.127001,107.900024,124.400024,432.87
08/07/2023 07:00,19.5,988,0,1.042999,1.438,103.400024,107.300049,525.17
08/07/2023 08:00,21.820007,988,0,1.451,2.067001,92.5,93.599976,558.35
08/07/2023 09:00,22.25,987,0,0.973,1.979,99.800049,110.199951,597.58
08/07/2023 10:00,22.5,988,0,1.948,2.735001,163.600098,147.699951,871.13
08/07/2023 11:00,22.149994,990,0,3.205002,5.612999,122.800049,114.5,956.68
08/07/2023 12:00,21.880005,990,0,1.455,2.217999,174.100098,156,871.86
08/07/2023 13:00,20.970001,991,0,1.118999,1.684,117.900024,118,620.46
08/07/2023 14:00,20.360016,990,0,1.558001,1.636999,154.899902,132.600098,821.43
08/07/2023 15:00,21.339996,991,0,1.606001,2.634998,125.599976,124.599976,883.10
08/07/2023 16:00,21.25,990,0.2,1.358999,2.042,148.699951,134.699951,983.81
08/07/2023 17:00,21.399994,990,0,1.948999,2.870998,161.800049,151,696.69
08/07/2023 18:00,23.01001,990,0,1.891001,2.710999,138.600098,132.600098,675.43
08/07/2023 19:00,21.820007,990,0,1.381001,2.910999,157.100098,130.800049,586.48
08/07/2023 20:00,20.98999,990,0,0.616,1.336,116,111,303.80
08/07/2023 21:00,17.779999,991,0,2.070999,3.008999,223,211.600098,311.08
08/07/2023 22:00,17.600006,991,0,0.884,1.452999,116.599976,124.300049,187.76
08/07/2023 23:00,17.730011,991,0,0.652,1.327999,94.300049,88.5,282.45
09/07/2023 00:00,17.730011,991,0,0.777,1.688999,159,165.5,322.44
09/07/2023 01:00,17.25,991,0,0.781,1.469999,153.199951,164.699951,265.03
09/07/2023 02:00,16.600006,991,0,0.411,0.944,14.119995,27.970001,265.50
09/07/2023 03:00,16.399994,991,0,1.441,2.306999,208.699951,203.399902,242.68
09/07/2023 04:00,16.149994,991,0,0.965,1.625,205.100098,203.800049,205.12
09/07/2023 05:00,16.299988,992,0,0.361,0.472,188.300049,230.399902,203.32
09/07/2023 06:00,16.600006,992,0,0.883,1.105,212.199951,208.899902,207.02
09/07/2023 07:00,17.420013,993,0,0.854,1.365,281.200195,267.600098,299.94
09/07/2023 08:00,18.76001,993,0,1.173,1.423,208.199951,178.300049,518.58
09/07/2023 09:00,17.899994,993,0,1.153,1.733,226.699951,224.399902,745.23
09/07/2023 10:00,18.450012,993,0,1.271999,1.773001,230.600098,222.800049,802.01
09/07/2023 11:00,20.320007,993,0,2.316002,3.073002,210.199951,200.800049,974.20
09/07/2023 12:00,21.290009,993,0,2.022999,3.103001,193.800049,187.100098,1188.20
09/07/2023 13:00,22.23999,993,0,2.341,3.463001,197.699951,176.5,1261.94
09/07/2023 14:00,23.209991,992,0,2.752998,3.401001,224.5,198,1318.61
09/07/2023 15:00,23.860016,992,0,1.931,2.542999,189.199951,177.800049,1398.50
09/07/2023 16:00,24.369995,991,0,2.631001,3.577,184.899902,175.899902,933.64
09/07/2023 17:00,22.130005,991,0,2.980999,4.306,214.100098,209,645.11
09/07/2023 18:00,16.23999,992,0,0.59,0.737,0,349.200195,638.73
09/07/2023 19:00,17.519989,992,0,0.781,1.042,194.5,180.5,675.99
09/07/2023 20:00,17.549988,992,0,0.934,1.291,209.300049,187.399902,494.20
09/07/2023 21:00,15.860001,993,0,0.551,1.240999,243.699951,241.899902,373.95
09/07/2023 22:00,15.610001,993,0,0.515,0.773,169.100098,172.800049,93.92
09/07/2023 23:00,14.899994,993,0,0.652,0.963,139.800049,159.699951,175.65
10/07/2023 00:00,14.320007,994,0,0.611,1.151001,222.5,216.600098,184.34
10/07/2023 01:00,14.380005,993,0,1.110001,1.867001,235,226.600098,165.71
10/07/2023 02:00,13.979996,993,0,0.979,1.357,248.399902,237,166.60
10/07/2023 03:00,12.940002,994,0,0.331,0.766,66.910034,79.75,186.22
10/07/2023 04:00,12.229996,994,0,0.362,0.506,160.5,225.199951,182.19
10/07/2023 05:00,12.869995,994,0,0.455,0.61,48.830017,13.430008,217.09
10/07/2023 06:00,15.089996,994,0,0.309,0.437,247.100098,255.600098,329.96
10/07/2023 07:00,16.5,994,0,2.293999,2.606998,220.899902,208.300049,465.09
10/07/2023 08:00,17.600006,994,0,2.751999,3.595001,219.199951,213.899902,666.44
10/07/2023 09:00,18.850006,993,0,2.445999,3.618999,205.399902,198.199951,876.52
10/07/2023 10:00,18.790009,993,0,3.132,3.997002,216,200.699951,1064.18
10/07/2023 11:00,19.440002,992,0,2.356998,2.913002,205.899902,189.199951,1138.81
10/07/2023 12:00,19.029999,992,0,3.084999,4.288002,191.800049,185.199951,936.69
10/07/2023 13:00,18.130005,992,0,2.532001,3.436001,203.399902,179.199951,966.75
10/07/2023 14:00,19.619995,990,0,2.944,4.292999,174.699951,160.600098,1060.91
10/07/2023 15:00,20.649994,989,0,2.938999,4.362999,181.899902,161.899902,1204.73
10/07/2023 16:00,18.929993,988,0,3.639,6.055,197.399902,178.600098,1351.80
10/07/2023 17:00,17.140015,988,0,3.393002,4.231003,195,183.699951,1216.54
10/07/2023 18:00,17.730011,986,0,4.175003,5.732002,185.199951,174.300049,1059.11
10/07/2023 19:00,17.619995,986,0,3.535999,4.348,205.800049,188,1159.94
10/07/2023 20:00,17.929993,986,0,3.624001,4.320999,207,200.699951,1237.31
10/07/2023 21:00,17.390015,986,0,4.231003,5.311996,219.399902,206.600098,1114.82
10/07/2023 22:00,17.070007,985,0,3.493,4.446999,206.699951,180.800049,911.19
10/07/2023 23:00,16.190002,985,0,3.367001,3.664001,202.800049,192.899902,827.10
11/07/2023 00:00,15.259995,984,0,1.820999,2.664001,216.699951,202.600098,746.93
11/07/2023 01:00,15.25,983,0,1.011,1.521,182.800049,174.399902,511.76
11/07/2023 02:00,15.080002,981,0,1.077,1.726999,130.100098,129.399902,535.39
11/07/2023 03:00,14.690002,980,0,0.794,1.417999,117.5,119.300049,466.26
11/07/2023 04:00,14.770004,979,0,0.289,0.606,264.299805,243.800049,554.38
11/07/2023 05:00,15.309998,979,0,2.153999,3.376999,223.5,218.699951,596.98
11/07/2023 06:00,16.019989,979,0,2.891998,4.172997,219.600098,208,655.63
11/07/2023 07:00,16.850006,979,0,1.584,2.903,236.399902,248.800049,766.77
11/07/2023 08:00,17,980,0,1.393,2.367001,237.199951,253.100098,857.00
11/07/2023 09:00,17.929993,980,0,2.964001,4.561996,236.800049,221.199951,956.23
11/07/2023 10:00,18.619995,980,0,3.041,4.147003,230.100098,225.300049,1106.86
11/07/2023 11:00,18.570007,980,0,3.397999,4.498001,225,226.100098,1291.80
11/07/2023 12:00,18.570007,980,0,3.873001,4.691002,210.399902,206.899902,1143.98
11/07/2023 13:00,18.339996,979,0,2.884998,3.407001,214.199951,198.600098,1103.35
11/07/2023 14:00,16.589996,979,0,3.233002,3.985001,216.100098,217.100098,692.01
11/07/2023 15:00,17.5,979,0,3.742001,5.245003,207.800049,197.199951,787.17
11/07/2023 16:00,17.059998,979,0,1.434999,2.474998,281.799805,269.200195,983.31
11/07/2023 17:00,16.839996,978,0,1.688999,2.513,235.300049,237.800049,712.74
11/07/2023 18:00,16.850006,978,0,1.416,2.064999,240.5,224.100098,651.16
11/07/2023 19:00,16.269989,978,0,0.874,1.288,218.800049,243.300049,547.25
11/07/2023 20:00,16.820007,979,0,1.187,2.028999,303.5,272.799805,445.67
11/07/2023 21:00,15.389999,979,0,0.873,1.547001,242.399902,254,339.80
11/07/2023 22:00,14.419998,979,0,0.759,1.115,252.800049,224.600098,422.79
11/07/2023 23:00,14.360001,980,0,1.348,1.759001,226.100098,245.699951,469.43
12/07/2023 00:00,13.559998,980,0,0.406,0.567,0,172.100098,425.43
12/07/2023 01:00,13.809998,980,0,1.631001,2.372002,213.100098,223.899902,383.39
12/07/2023 02:00,13.580002,980,0,1.635,2.273998,209.699951,219.699951,416.52
12/07/2023 03:00,13.470001,980,0,1.191,2.028,223.399902,230.600098,473.62
12/07/2023 04:00,12.880005,980,0,0.567,0.927,86.900024,115.900024,518.35
12/07/2023 05:00,12.899994,980,0,0.391,0.563,59.909973,167.300049,612.34
12/07/2023 06:00,13.149994,980,0,2.255001,3.319,165.399902,169.399902,715.76
12/07/2023 07:00,15.509995,980,0,2.776001,4.240997,213.5,203.5,808.44
12/07/2023 08:00,16.23999,981,0,3.074001,4.278999,219.399902,213.100098,917.05
12/07/2023 09:00,16.98999,981,0,3.132999,4.154999,229,223.399902,1043.61
12/07/2023 10:00,17.290009,981,0,2.688,3.757999,220,217.800049,1414.99
12/07/2023 11:00,18.140015,981,0,4.190002,5.683998,220,211.100098,1623.83
12/07/2023 12:00,16.369995,982,0,4.537003,6.086998,232.800049,231.5,1554.73
12/07/2023 13:00,18.019989,981,0,3.431,5.872002,236.5,243.699951,1368.57
12/07/2023 14:00,19.279999,981,0,2.679001,4.469002,245,241.199951,1468.43
12/07/2023 15:00,18.940002,982,0,2.401001,4.050003,247.300049,252.199951,1387.39
12/07/2023 16:00,18.73999,983,0,1.665001,3.423,270.799805,277.600098,1359.38
12/07/2023 17:00,19.809998,983,0,2.119999,5.210999,0,251.899902,1242.19
12/07/2023 18:00,18.399994,983,0,1.912001,4.189003,251,261.5,1095.04
12/07/2023 19:00,17.75,984,0,1.735001,2.527,255.300049,262.399902,983.37
12/07/2023 20:00,17.029999,984,0,1.42,2.494999,297.399902,259.700195,933.19
12/07/2023 21:00,16,985,0,0.915,1.747,281.899902,259.200195,798.68
12/07/2023 22:00,15.149994,985,0,1.427999,2.405998,234.100098,223.399902,616.63
12/07/2023 23:00,14.119995,986,0,0.572001,0.787,355.200195,282.899902,556.45
13/07/2023 00:00,14.919998,986,0,2.306999,3.491001,219.600098,227.600098,496.25
13/07/2023 01:00,14.699997,986,0,1.509001,2.393002,230.399902,241.199951,453.57
13/07/2023 02:00,14.770004,986,0,1.683001,2.626999,230,239.5,359.64
13/07/2023 03:00,14.220001,986,0,1.277,1.785,238.199951,246.199951,332.27
13/07/2023 04:00,14.029999,986,0,1.037001,1.514,208.699951,242.800049,309.44
13/07/2023 05:00,14.089996,987,0,0.294,0.651,289.799805,237,313.02
13/07/2023 06:00,15.789993,987,0,0.867,1.202999,237,244.399902,376.46
13/07/2023 07:00,16.200012,988,0,1.181,2.288002,272.5,248.600098,533.53
13/07/2023 08:00,16.549988,988,0,1.657,3.098999,275.799805,250.699951,746.88
13/07/2023 09:00,17.76001,989,0,1.767,2.674999,242.800049,246.5,901.05
13/07/2023 10:00,18.950012,989,0,1.679001,3.066002,262.100098,256.600098,1161.87
13/07/2023 11:00,19.649994,989,0,2.903,3.671001,232.899902,240,1096.38
13/07/2023 12:00,20.299988,989,0,2.564999,3.085999,233.699951,218.899902,1070.93
13/07/2023 13:00,20.619995,988,0,2.132999,3.431999,238.399902,251.699951,1127.45
13/07/2023 14:00,20.950012,988,0,2.078999,3.103001,223.5,234.800049,1137.58
13/07/2023 15:00,21.299988,988,0,1.929001,2.654999,244.600098,235.5,1080.94
13/07/2023 16:00,21.549988,988,0,1.771,3.173,275.100098,267.899902,1088.69
13/07/2023 17:00,21.190002,988,0,1.422001,2.347,279.700195,269.799805,983.66
13/07/2023 18:00,21.130005,988,0,1.592001,1.961,244.800049,267.399902,875.40
13/07/2023 19:00,18.51001,989,0,0.879,2.193001,290.600098,286.799805,774.88
13/07/2023 20:00,18.079987,989,0,1.459,2.216999,305.5,290.200195,334.30
13/07/2023 21:00,17.230011,989,0,0.793,1.371,309.5,297.799805,88.10
13/07/2023 22:00,16.5,989,0,0.772,0.942,219.899902,220.699951,55.93
13/07/2023 23:00,15.600006,989,0,1.056,1.739,213.300049,205.5,44.99
14/07/2023 00:00,14.5,989,0,0.405,0.24,79.530029,202.300049,54.22
14/07/2023 01:00,14.430008,988,0,1.215,2.094002,202.800049,199,97.60
14/07/2023 02:00,14.130005,988,0,0.833,1.849001,186.800049,185.5,152.48
14/07/2023 03:00,13.419998,987,0,0.916,2.028,187.300049,176.399902,196.92
14/07/2023 04:00,13.180008,986,0,0.709,1.546,95.699951,114.5,206.03
14/07/2023 05:00,13.449997,986,0,0.787,1.611,92.699951,98.400024,236.08
14/07/2023 06:00,14.389999,985,0,0.743,1.611,130.300049,132.100098,314.10
14/07/2023 07:00,15.860001,985,0,1.618,2.284,204.399902,190.100098,417.29
14/07/2023 08:00,16.309998,984,0,2.615002,3.494999,182.600098,171.199951,506.71
14/07/2023 09:00,15.680008,983,0,2.071999,3.606998,177.199951,155.600098,499.15
14/07/2023 10:00,15.589996,983,0,2.368999,3.821999,155.899902,145.300049,501.56
14/07/2023 11:00,15.490005,981,0,1.725,2.509998,128.800049,121.699951,643.17
14/07/2023 12:00,15.380005,980,0,2.233002,3.806,119.900024,124.800049,706.86
14/07/2023 13:00,15.350006,978,0,2.330002,3.792999,124.800049,117.900024,816.75
14/07/2023 14:00,15.009995,976,0,2.527,3.884998,118.400024,123.699951,865.19
14/07/2023 15:00,14.729996,975,0,1.795,3.966999,136,136.699951,948.46
14/07/2023 16:00,14.75,973,0,2.397999,3.480999,116.900024,111.5,1047.26
14/07/2023 17:00,15.110001,970,0,1.962,3.325001,124,125.800049,1053.90
14/07/2023 18:00,15.710007,969,0,10.910004,4.732002,0,151,955.31
14/07/2023 19:00,15.880005,968,0,3.184002,3.960999,139.899902,136.399902,778.04
14/07/2023 20:00,16.329987,968,0,1.903,2.837002,169.399902,161.300049,736.33
14/07/2023 21:00,16.899994,968,0,2.144001,2.616001,158.699951,213.399902,824.92
14/07/2023 22:00,16.920013,968,0,2.757999,3.592999,213.300049,200.899902,913.73
14/07/2023 23:00,16.089996,968,0,2.924999,3.710999,224.300049,210.300049,829.44
15/07/2023 00:00,15.660004,968,0,3.457001,4.822998,214,204.300049,742.54
15/07/2023 01:00,15.199997,968,0,3.358002,4.576004,202,185.199951,700.82
15/07/2023 02:00,15.130005,968,0,3.243,4.999001,205.5,192.699951,752.51
15/07/2023 03:00,14.990005,967,0,2.916,4.315002,195,192.600098,765.82
15/07/2023 04:00,14.979996,967,0,2.164001,3.785,196.699951,180,777.61
15/07/2023 05:00,15.360001,966,0,3.250999,4.969002,190.800049,182.699951,790.46
15/07/2023 06:00,15.850006,966,0,3.166,4.215004,189,177.699951,824.57
15/07/2023 07:00,16.290009,966,0,3.097,5.175003,185,173.300049,881.41
15/07/2023 08:00,16.720001,966,0,3.363998,5.459,193.800049,174.899902,1014.84
15/07/2023 09:00,18.309998,965,0,4.235001,5.171997,213.699951,192.300049,1179.58
15/07/2023 10:00,19.790009,965,0,4.378998,5.488998,214.199951,206.899902,1266.05
15/07/2023 11:00,18.079987,964,0,3.036999,4.366997,218.899902,206,1640.33
15/07/2023 12:00,18.369995,964,0,4.220001,5.795998,219.600098,211.399902,1173.44
15/07/2023 13:00,15.960007,964,0,2.834,4.278999,216.699951,207.100098,1347.69
15/07/2023 14:00,19.920013,963,0,3.945,6.100998,201.399902,187.699951,1462.68
15/07/2023 15:00,18.559998,963,0,4.926003,6.516998,218.300049,210.899902,1608.32
15/07/2023 16:00,16.529999,963,0,2.115002,3.897999,228.699951,231.800049,1444.23
15/07/2023 17:00,15.820007,964,0,1.497999,2.030998,217.800049,210.300049,1477.17
15/07/2023 18:00,15.360001,964,0,3.511002,4.528999,211.699951,201.399902,1339.29
15/07/2023 19:00,15.979996,964,0,2.701,3.640999,213.100098,200.699951,1232.83
15/07/2023 20:00,15.509995,965,0,3.862,5.400002,219,204.399902,1171.39
15/07/2023 21:00,15.509995,965,0,4.497002,5.958,216.899902,205.199951,1125.47
15/07/2023 22:00,15.639999,965,0,5.007004,6.167999,218.399902,212.5,1134.46
15/07/2023 23:00,15.470001,966,0,4.748001,6.215004,214.5,218.399902,1146.87
16/07/2023 00:00,14.740005,966,0,5.991997,7.535004,216.899902,219.800049,1106.21
16/07/2023 01:00,15.029999,967,0,5.345001,7.053001,227.100098,217.199951,1059.46
16/07/2023 02:00,14.680008,968,0,4.670998,6.458,229.399902,225.699951,1033.03
16/07/2023 03:00,14.360001,969,0,3.752998,5.713997,220.899902,224.100098,1009.57
16/07/2023 04:00,15,970,0,3.988998,6.258003,236.899902,239.199951,1007.50
16/07/2023 05:00,15.100006,971,0,3.688,4.734001,220.899902,231.100098,1016.04
16/07/2023 06:00,15.020004,973,0,4.107002,5.987,229.5,243.600098,1038.08
16/07/2023 07:00,15.080002,974,0,3.547001,7.115997,248.399902,236.100098,1023.02
16/07/2023 08:00,16.100006,975,0,4.07,7.055,233.899902,246.5,1025.32
16/07/2023 09:00,17.200012,976,0,4.335999,6.724998,233.5,239.5,1149.03
16/07/2023 10:00,17.779999,977,0,5.225998,8,239.600098,233.600098,1571.82
16/07/2023 11:00,18.100006,978,0,3.844002,4.862999,226.800049,228.699951,1776.91
16/07/2023 12:00,18.100006,979,0,2.255001,3.896999,281.700195,270.100098,1494.30
16/07/2023 13:00,17.220001,980,0,1.907,4.026001,237.899902,255.199951,1167.29
16/07/2023 14:00,19.170013,980,0,2.061001,3.337002,242.899902,247.199951,1402.86
16/07/2023 15:00,16.570007,980,0,1.579,2.795002,269.799805,262.799805,1315.91
16/07/2023 16:00,18.869995,980,0,2.32,3.257999,235.399902,220.5,1084.91
16/07/2023 17:00,15.419998,981,0,1.197001,2.692001,261.799805,261.600098,893.32
16/07/2023 18:00,15.289993,982,0,1.483,2.262001,236.399902,231.100098,1102.18
16/07/2023 19:00,15.309998,982,0,1.155001,1.625999,190.399902,180.699951,896.45
16/07/2023 20:00,15.639999,983,0,1.788,2.451,210.800049,205.5,834.08
16/07/2023 21:00,14.809998,983,0,2.332001,3.195,215.800049,227.100098,728.84
16/07/2023 22:00,13.729996,984,0,2.092999,3.167,211.5,206.899902,495.60
16/07/2023 23:00,12.839996,984,0,1.709,3.030998,184.399902,177.899902,618.76
17/07/2023 00:00,12.699997,984,0,1.401001,1.874001,155.699951,154.800049,620.08
17/07/2023 01:00,12.440002,985,0,1.822001,3.018002,161.899902,165.399902,584.60
17/07/2023 02:00,12.070007,985,0,1.219,2.258999,151.399902,152.800049,545.53
17/07/2023 03:00,11.919998,985,0,1.820999,2.811001,186.399902,180.300049,516.04
17/07/2023 04:00,12.289993,986,0,1.733,2.528999,221.300049,214.300049,456.01
17/07/2023 05:00,12.529999,986,0,2.275002,3.251999,201.600098,186.699951,427.49
17/07/2023 06:00,13.039993,987,0,1.045,1.372999,210.100098,195.5,466.59
17/07/2023 07:00,14.660004,987,0,1.507,2.089001,182.199951,160,617.37
17/07/2023 08:00,15.660004,988,0,2.237,3.387001,225.600098,221.600098,823.57
17/07/2023 09:00,17.529999,988,0,2.568001,4.203003,227.399902,225.899902,981.10
17/07/2023 10:00,16.290009,989,0,2.445999,3.48,245.199951,267,1166.12
17/07/2023 11:00,13.509995,990,0,1.996,2.383999,220,205.899902,1295.66
17/07/2023 12:00,15.649994,990,0.2,1.622,2.159,248.899902,252.899902,1165.85
17/07/2023 13:00,17.700012,991,0,1.448999,1.936001,279,294.5,1050.82
17/07/2023 14:00,18.110016,991,0,1.997,3.353001,238.899902,239.600098,1181.05
17/07/2023 15:00,17.579987,992,0,2.104,2.817001,236.600098,237.100098,1382.74
17/07/2023 16:00,18.619995,992,0,1.933001,2.952,285.899902,272.399902,1011.87
17/07/2023 17:00,18.820007,992,0,2.311001,3.118999,321,288.600098,1028.07
17/07/2023 18:00,18.630005,993,0,1.737,2.980999,247.699951,252,920.39
17/07/2023 19:00,18.440002,994,0,1.221001,2.362999,267.799805,274.600098,782.74
17/07/2023 20:00,16.850006,994,0,0.805,0.901,295.600098,289.5,511.83
17/07/2023 21:00,15.25,995,0,0.523,1.153,317.799805,305.100098,298.88
17/07/2023 22:00,14.25,995,0,0.615,1.117001,310.299805,313.100098,193.50
17/07/2023 23:00,13.820007,996,0,0.411,0.619,0,242.699951,224.39
18/07/2023 00:00,12.740005,995,0,0.385,1.112,201.5,244,137.07
18/07/2023 01:00,12.160004,995,0,0.609,1.191999,240.600098,243.800049,61.49
18/07/2023 02:00,11.940002,995,0,0.525,1.069,299.399902,261.200195,43.53
18/07/2023 03:00,11.559998,994,0,0.405,0.893,299.299805,253.300049,56.41
18/07/2023 04:00,12.149994,994,0,0.737,1.473,235.800049,236.199951,75.12
18/07/2023 05:00,12.430008,994,0,0.472,0.707,278.200195,248.199951,99.06
18/07/2023 06:00,13.240005,994,0,1.305,1.492001,235,232.199951,143.93
18/07/2023 07:00,15.059998,994,0,1.395,2.063,209.5,214.800049,201.74
18/07/2023 08:00,14.830002,994,0,1.698,2.716,216,198,288.18
18/07/2023 09:00,15.479996,993,0,2.202999,3.033001,211.899902,196.199951,441.57
18/07/2023 10:00,16.860016,993,0,2.327,3.16,225.899902,210.100098,729.98
18/07/2023 11:00,16.820007,993,0,2.499001,3.455002,209.199951,205.800049,839.22
18/07/2023 12:00,15.979996,992,0,2.196999,3.095001,226,215,799.10
18/07/2023 13:00,14.270004,992,0,2.052002,3.070999,216.600098,204.399902,682.53
18/07/2023 14:00,13.619995,992,0,2.075001,2.855999,210.699951,202.899902,555.55
18/07/2023 15:00,14.430008,991,0,1.547001,1.961,211.100098,184.100098,476.80
18/07/2023 16:00,15.669998,991,0,1.306999,1.933001,233.600098,199.699951,501.12
18/07/2023 17:00,16.200012,990,0,1.135,1.434999,220.5,213.699951,470.70
18/07/2023 18:00,16.290009,989,0,1.910999,3.047001,175.899902,168.399902,279.03
18/07/2023 19:00,15.889999,989,0,1.903999,2.439999,209.600098,196.899902,224.11
18/07/2023 20:00,15.419998,989,0,0.611,1.135,166.800049,171.699951,155.42
18/07/2023 21:00,15.649994,989,0,0.943,1.785999,202.600098,184.300049,124.03
18/07/2023 22:00,15,989,0,0.911,1.645,161.100098,167.100098,149.29
18/07/2023 23:00,14.800003,988,0,0.58,1.556,0,144.300049,128.83
19/07/2023 00:00,14.610001,988,0,0.461,1.115,114.199951,137.199951,112.71
19/07/2023 01:00,14.949997,988,0,1.701,2.417,212.399902,200.100098,95.45
19/07/2023 02:00,14.820007,988,0,1.531,1.972,204.199951,200.5,91.35
19/07/2023 03:00,14.729996,987,0,0.557,0.89,242.600098,224.199951,87.72
19/07/2023 04:00,14.649994,987,0,0.864,1.357,205.399902,204,94.86
19/07/2023 05:00,14.770004,987,0,0.82,1.174999,219.5,206.199951,163.70
19/07/2023 06:00,14.199997,988,0,0.258,0.525,276.100098,269,258.25
19/07/2023 07:00,13.869995,988,0,2.383999,3.368,8.289993,347.200195,330.79
19/07/2023 08:00,13.660004,989,0,1.732,3.445,337,332.100098,423.83
19/07/2023 09:00,14.449997,989,0,1.360001,2.360001,348.100098,336.399902,595.21
19/07/2023 10:00,17.049988,989,0,1.771,2.618999,7.489998,354.399902,673.27
19/07/2023 11:00,18.130005,990,0,1.531,2.341,5.308998,324.5,958.98
19/07/2023 12:00,18.190002,990,0,1.195,1.872999,304.700195,290.299805,1239.84
19/07/2023 13:00,18.059998,990,0,1.500999,3.230999,314.5,304.799805,1376.52
19/07/2023 14:00,18.220001,990,0,2.369999,3.396999,20.420013,5.278,1052.95
19/07/2023 15:00,18.940002,990,0,1.613001,3.036999,327.5,330.899902,1007.15
19/07/2023 16:00,18.519989,990,0,1.156,1.875,328.700195,325.299805,842.63
19/07/2023 17:00,19.410004,990,0,1.357,2.715,331.100098,314.399902,840.79
19/07/2023 18:00,19.73999,990,0,2.254002,3.688999,320.399902,313.700195,820.96
19/07/2023 19:00,18.700012,991,0,2.155998,4.127998,321,315.200195,748.03
19/07/2023 20:00,16.820007,991,0,1.410999,2.288002,292.700195,280,499.70
19/07/2023 21:00,15.240005,991,0,0.452,1.145,281.100098,273.5,268.50
19/07/2023 22:00,14.220001,992,0,0.613,1.232,239.5,269.399902,172.97
19/07/2023 23:00,13.130005,992,0,0.457,1.034,201.600098,222.699951,157.58
20/07/2023 00:00,13.240005,992,0,0.753,1.614,231.199951,258.100098,145.02
20/07/2023 01:00,12.539993,991,0,0.529,0.946,191.699951,248.800049,143.10
20/07/2023 02:00,12.440002,991,0,0.748,1.041,211.399902,230.800049,147.64
20/07/2023 03:00,12.440002,991,0,0.785,1.577999,232.399902,239.699951,151.42
20/07/2023 04:00,13.100006,991,0,0.813,1.988001,253.300049,261.799805,167.05
20/07/2023 05:00,13.419998,990,0,0.303,0.606,260.100098,257,225.57
20/07/2023 06:00,14.229996,991,0,0.636,1.120001,320.700195,266.299805,367.75
20/07/2023 07:00,14.660004,991,0,0.741,1.229,302.5,280.399902,553.18
20/07/2023 08:00,15.259995,991,0,0.828,1.357,245.600098,255.800049,716.68
20/07/2023 09:00,16.040009,991,0,1.424999,2.272999,225.199951,243.5,933.32
20/07/2023 10:00,16.029999,991,0,1.405001,2.283001,286.5,275.100098,1073.55
20/07/2023 11:00,17.360016,991,0,1.323,2.409,257.100098,260.299805,1399.46
20/07/2023 12:00,18.079987,990,0,1.473,2.283001,273.299805,262.799805,1471.69
20/07/2023 13:00,19.470001,989,0,1.783001,3.877998,278.899902,279.399902,1494.55
20/07/2023 14:00,19.649994,989,0,2.038002,3.084999,246,248.399902,1395.00
20/07/2023 15:00,19.980011,989,0,1.739,3.295002,277.899902,259.299805,1309.57
20/07/2023 16:00,18.110016,989,0,1.879,3.480999,311.600098,283.200195,1165.12
20/07/2023 17:00,18.339996,989,0,1.343,3.021,274.299805,276.5,1085.17
20/07/2023 18:00,17.709991,988,0,2.331001,3.674999,315.200195,300.700195,924.91
20/07/2023 19:00,16.470001,988,0,1.427,2.174999,288.200195,277.799805,817.33
20/07/2023 20:00,15.729996,989,0,1.457001,2.278999,297.600098,297.700195,656.07
20/07/2023 21:00,14.990005,989,0,0.809,2.451,285.399902,275.600098,492.72
20/07/2023 22:00,13.520004,989,0,0.823,1.941,281.799805,271.100098,388.37
20/07/2023 23:00,12.940002,988,0,0.973,2.185001,241.199951,254.5,342.07
21/07/2023 00:00,12.630005,988,0,0.677,1.598,264.100098,277.299805,355.62
21/07/2023 01:00,12.509995,988,0,1.221001,2.152,238.300049,260.299805,341.13
21/07/2023 02:00,12.5,987,0,0.695,1.452999,228.600098,240,328.73
21/07/2023 03:00,12.970001,987,0,0.413,1.007,240.399902,266.600098,327.73
21/07/2023 04:00,13.169998,987,0,0.749,1.103001,288,269.100098,384.48
21/07/2023 05:00,12.809998,986,0,0.999,2.077,249.300049,254.399902,449.11
21/07/2023 06:00,13.350006,986,0,0.911,2.18,267.700195,272,543.31
21/07/2023 07:00,14,986,0,1.059999,2.181,289.799805,281,633.16
21/07/2023 08:00,14.430008,986,0,0.857,2.311001,266.700195,266,665.26
21/07/2023 09:00,15.320007,987,0,1.316999,2.021,270.399902,273.299805,772.52
21/07/2023 10:00,13.369995,987,0,0.669,1.231001,268.600098,257.299805,658.14
21/07/2023 11:00,15.649994,987,0,0.909,1.212999,295.799805,284.700195,782.55
21/07/2023 12:00,15.529999,987,0,2.595001,4.280998,300.5,292.600098,851.83
21/07/2023 13:00,14.229996,987,0,1.497,2.234001,0,279.799805,1036.85
21/07/2023 14:00,15.880005,987,0,1.316999,3.014999,266,257.700195,1182.77
21/07/2023 15:00,17.570007,986,0,1.343,2.965,263.899902,277.600098,1073.78
21/07/2023 16:00,18.670013,986,0,1.917,3.286999,292.899902,271.700195,992.75
21/07/2023 17:00,18.170013,986,0,1.863001,3.645,248.899902,254.899902,943.78
21/07/2023 18:00,18.059998,986,0,1.924999,3.390999,247.800049,258.399902,866.45
21/07/2023 19:00,16.51001,987,0,1.112,1.934999,268.700195,267.299805,772.83
21/07/2023 20:00,15.839996,987,0,0.909,1.469999,289.799805,287,642.77
21/07/2023 21:00,15.539993,987,0,0.725,1.638,265.899902,267.700195,488.70
21/07/2023 22:00,14.869995,987,0,1.132999,1.827999,292.899902,281.700195,285.51
21/07/2023 23:00,13.399994,987,0,1.485001,2.085999,217.600098,213.600098,316.02
22/07/2023 00:00,13.520004,986,0,0.367,1.02,0,227,331.64
22/07/2023 01:00,13.410004,986,0,1.847,2.455002,205.800049,195,374.04
22/07/2023 02:00,13.210007,984,0,2.278999,3.018002,207.300049,199.199951,427.62
22/07/2023 03:00,13.190002,984,0,1.927,2.839001,216.899902,210.600098,477.45
22/07/2023 04:00,13.100006,983,0,1.701,2.215,212.100098,194,525.74
22/07/2023 05:00,13.149994,982,0,2.584999,3.494999,199,187.800049,572.12
22/07/2023 06:00,13.149994,982,0,2.067001,3.295002,204.899902,194.899902,585.34
22/07/2023 07:00,13.839996,981,0,2.797001,3.365002,215.399902,195.600098,583.75
22/07/2023 08:00,13.860001,980,0,3.033001,4.196999,198.800049,194,638.36
22/07/2023 09:00,13.789993,980,0,3.264999,3.873001,212.399902,208.699951,674.73
22/07/2023 10:00,14.110001,980,0,3.063,4.123001,204.399902,197.5,657.47
22/07/2023 11:00,15.180008,979,0,3.599998,4.309998,212.800049,202.300049,721.04
22/07/2023 12:00,15.759995,978,0,2.882,3.931999,196.199951,191,745.02
22/07/2023 13:00,16.170013,978,0,3.952,5.793999,210.300049,198.399902,757.26
22/07/2023 14:00,16.429993,977,0,3.695999,4.055,211.399902,203.899902,697.57
22/07/2023 15:00,17.110016,976,0,2.691002,3.674999,205.399902,199.899902,642.19
22/07/2023 16:00,17.049988,975,0,3.534,4.355003,202.800049,199.5,574.85
22/07/2023 17:00,17.209991,975,0,1.721001,3.067001,190.399902,173.800049,523.61
22/07/2023 18:00,17.450012,974,0,2.104,2.839001,202,191.899902,524.13
22/07/2023 19:00,17,973,0,1.448999,2.103001,197.300049,179.600098,494.01
22/07/2023 20:00,16.820007,973,0,1.173,1.809,158.699951,153.300049,451.42
22/07/2023 21:00,16.98999,972,0,1.056,1.802999,183.399902,163.5,460.03
22/07/2023 22:00,16.860016,971,0,2.150002,3.584999,181,171.100098,465.16
22/07/2023 23:00,16.549988,971,0,2.036999,2.944,187.199951,180.5,564.06
23/07/2023 00:00,16.049988,970,0,1.344999,2.181,181.899902,165.100098,587.97
23/07/2023 01:00,15.930008,969,0,1.509001,1.837,197,172.300049,589.96
23/07/2023 02:00,16.01001,968,0,1.339001,2.146999,227.699951,206.800049,616.76
23/07/2023 03:00,16.019989,968,0,1.792,2.873001,217.5,210.399902,630.58
23/07/2023 04:00,16.329987,968,0,1.65,3.013,220.800049,230.899902,592.46
23/07/2023 05:00,16.320007,968,0,2.112999,3.025002,216.399902,212.199951,561.34
23/07/2023 06:00,16.809998,969,0,1.704,2.643002,221.300049,211.300049,593.93
23/07/2023 07:00,17.130005,969,0,2.726002,3.617001,218.199951,202,641.65
23/07/2023 08:00,18.320007,970,0,2.432999,3.437,235.699951,236.800049,666.26
23/07/2023 09:00,18.920013,970,0,2.283001,3.682999,253.899902,252.600098,713.88
23/07/2023 10:00,18.26001,971,0,1.948,2.931,219.399902,234.5,669.45
23/07/2023 11:00,18.360016,972,0,2.022999,4.112999,233.899902,244.600098,648.75
23/07/2023 12:00,18.570007,972,0,1.737,3.502998,299.600098,270.799805,561.91
23/07/2023 13:00,18.410004,973,0,2.390999,3.723,310.899902,306,570.77
23/07/2023 14:00,17.019989,974,0,1.673,2.519001,342.100098,336.700195,570.53
23/07/2023 15:00,16.48999,974,0.2,1.208,1.764,345.899902,341.899902,494.35
23/07/2023 16:00,16.200012,974,0,0.871,1.436001,335.700195,323.799805,435.83
23/07/2023 17:00,15.789993,975,0,1.855,2.920002,354.700195,349.5,529.87
23/07/2023 18:00,15.419998,975,0,2.609001,3.307999,11.710007,2.226002,586.53
23/07/2023 19:00,14.470001,976,0,2.943001,3.828999,22.299988,10.729996,611.06
23/07/2023 20:00,13.369995,977,0.2,2.660999,3.799,14,3.627998,662.92
23/07/2023 21:00,13.130005,977,0,1.111,2.414001,325.600098,330.5,724.48
23/07/2023 22:00,12.570007,978,0,2.587002,3.318001,2.417,354.600098,869.91
23/07/2023 23:00,12.199997,978,0,2.061001,3.375999,24.48999,13.410004,777.42
24/07/2023 00:00,11.899994,978,0.2,2.370998,3.483002,9.690002,0.867,739.73
24/07/2023 01:00,11.710007,978,0,2.331001,3.188,7.976997,359.299805,726.49
24/07/2023 02:00,11.610001,978,0,2.062,3.043999,11.490005,12.160004,714.79
24/07/2023 03:00,11.580002,978,0.2,0.934,1.388,15.889999,8.869995,660.15
24/07/2023 04:00,11.970001,978,0,1.458,2.463001,335.5,331.899902,598.90
24/07/2023 05:00,12.100006,978,0,1.715,2.862999,358.799805,341,580.42
24/07/2023 06:00,11.880005,979,0,2.278,3.856998,356.5,348.600098,580.35
24/07/2023 07:00,11.930008,979,0,2.522999,3.574001,358,337.700195,541.71
24/07/2023 08:00,12.220001,980,0,1.933001,2.905998,359.899902,332.399902,627.24
24/07/2023 09:00,13.419998,980,0,2.543999,4.609001,0.303,341.700195,810.17
24/07/2023 10:00,14.75,981,0,2.539001,3.886002,340.700195,342.600098,957.34
24/07/2023 11:00,15.630005,981,0,3.304001,4.716003,14.639999,356.399902,907.91
24/07/2023 12:00,16,981,0,2.707001,4.294998,21.619995,2.629002,1034.96
24/07/2023 13:00,16.690002,981,0,2.401001,3.779999,7.788002,356.100098,1177.52
24/07/2023 14:00,17.140015,981,0,2.507,3.407001,353.799805,341.100098,1172.85
24/07/2023 15:00,17.380005,981,0,1.847,2.543999,355.899902,330.700195,1233.18
24/07/2023 16:00,17.720001,981,0,2.101002,3.233002,15.430008,8.360001,1235.64
24/07/2023 17:00,17.640015,981,0,1.323,2.824001,338.600098,332.399902,1129.73
24/07/2023 18:00,17.410004,981,0,1.775,2.341,5.607002,357.200195,945.10
24/07/2023 19:00,17.029999,982,0,0.923,1.440001,348.299805,321.100098,609.35
24/07/2023 20:00,16.559998,982,0,1.181,2.008999,313.899902,307.600098,230.89
24/07/2023 21:00,15.380005,983,0,2.028999,2.955002,330,318.799805,137.88
24/07/2023 22:00,14.699997,983,0,0.371,0.721,271.5,279.299805,130.04
24/07/2023 23:00,13.75,983,0,0.368,1.127001,192.800049,138.199951,121.25
25/07/2023 00:00,12.860001,983,0,0.382,0.805,315.399902,299.299805,111.07
25/07/2023 01:00,12.100006,983,0,0.461,0.915,178.399902,178.199951,120.27
25/07/2023 02:00,11.490005,983,0,0.865,1.208,210.600098,229.399902,139.55
25/07/2023 03:00,11.610001,982,0,0.436,1.052999,219.399902,243.5,190.31
25/07/2023 04:00,11.300003,982,0,0.63,1.179001,275.600098,249.300049,226.08
25/07/2023 05:00,11.350006,983,0,0.759,1.15,180.5,210,238.83
25/07/2023 06:00,12.839996,983,0,0.589,0.591,216.600098,278,357.54
25/07/2023 07:00,13.440002,983,0,0.964,1.163,254.399902,254,567.60
25/07/2023 08:00,13.869995,983,0,1.424,2.367001,263.5,264.700195,774.95
25/07/2023 09:00,15.300003,983,0,1.403999,2.226002,313.899902,300.200195,940.78
25/07/2023 10:00,16.309998,983,0,1.681,2.630001,282.5,295.799805,1410.82
25/07/2023 11:00,17.149994,983,0,1.459,2.34,330,318,1165.57
25/07/2023 12:00,17.48999,983,0,1.142,2.513,304.600098,297.399902,1101.35
25/07/2023 13:00,18.869995,983,0,1.437,2.493999,0,314.600098,1147.43
25/07/2023 14:00,17.290009,984,0,2.695,4.473,300.799805,295,1279.37
25/07/2023 15:00,17.970001,984,0,1.614,2.514,284.5,295,1276.18
25/07/2023 16:00,18.899994,984,0,1.688999,3.818001,274,269.799805,1271.80
25/07/2023 17:00,17.950012,984,0,1.651001,3.189999,253.899902,260.399902,1049.49
25/07/2023 18:00,17.75,984,0,1.483,2.647999,273.399902,260.200195,971.04
25/07/2023 19:00,16.459991,985,0,2.174999,3.545002,313.700195,301.299805,823.98
25/07/2023 20:00,15.399994,985,0,1.306,2.130001,286.299805,279.200195,690.53
25/07/2023 21:00,14.479996,986,0,0.855,2.059002,256.899902,254,549.83
25/07/2023 22:00,13.910004,986,0,1.089001,1.42,257.299805,252,417.03
25/07/2023 23:00,13.830002,986,0,1.169001,2.014,7.745003,349.200195,392.05
26/07/2023 00:00,13.050003,986,0,0.671,1.896999,283.399902,283.200195,369.20
26/07/2023 01:00,12.740005,986,0,0.799,1.218,42.75,14.039993,323.90
26/07/2023 02:00,12.059998,986,0,0.467,0.891,177.600098,251,270.45
26/07/2023 03:00,13.070007,985,0,1.174999,1.684999,224.399902,236.199951,228.14
26/07/2023 04:00,12.800003,985,0,1.215,2.151001,230.199951,227.300049,194.31
26/07/2023 05:00,12.410004,985,0,0.694,1.111,141.899902,172,171.71
26/07/2023 06:00,15.399994,985,0,0.899,1.181,200.100098,184,229.64
26/07/2023 07:00,16.649994,985,0,1.82,2.631001,235.899902,228,315.73
26/07/2023 08:00,17.75,985,0,1.875,3.084999,239.800049,238.399902,415.71
26/07/2023 09:00,18.459991,985,0,1.879,2.507,291.700195,278,725.66
26/07/2023 10:00,19.970001,984,0,2.477001,3.597,240.600098,235.399902,1090.61
26/07/2023 11:00,20.529999,984,0,2.797001,3.575001,223.699951,212.399902,1328.86
26/07/2023 12:00,20.959991,984,0,3.088001,3.990002,221.5,211.5,1543.06
26/07/2023 13:00,21.26001,983,0,3.653,4.729004,216.899902,214.100098,1680.96
26/07/2023 14:00,20.829987,983,0,3.846001,5.038002,201.100098,197.199951,1729.88
26/07/2023 15:00,20.769989,982,0,3.648998,4.921997,210.399902,197,1443.35
26/07/2023 16:00,19.559998,982,0,4.138,5.161003,221.100098,211.899902,883.51
26/07/2023 17:00,16.890015,981,0,1.912001,3.102001,195.399902,187.899902,716.53
26/07/2023 18:00,15.600006,980,0,2.793999,3.535,209.699951,187,622.04
26/07/2023 19:00,14.729996,980,0,2.446999,3.536999,177.300049,172.600098,621.26
26/07/2023 20:00,14.360001,978,0,1.983,3.042,181,163.399902,602.55
26/07/2023 21:00,14.470001,977,0,1.289,2.104,162.899902,154.800049,548.55
26/07/2023 22:00,14.729996,976,0,1.063999,1.905001,167.399902,157.5,495.44
26/07/2023 23:00,15,974,0,1.17,1.722,157.899902,157.5,458.41
27/07/2023 00:00,15.360001,973,0,0.935,1.440001,207.600098,180.399902,449.71
27/07/2023 01:00,15.660004,972,0,1.188,2.129002,177.100098,178.5,451.06
27/07/2023 02:00,15.660004,971,0,1.062,1.746,183.600098,167,435.54
27/07/2023 03:00,15.880005,971,0,1.422001,2.434002,182.399902,182.100098,416.86
27/07/2023 04:00,16.179993,970,0,1.065001,1.622999,197.5,195.800049,384.21
27/07/2023 05:00,16.459991,970,0,1.830999,2.625999,208.199951,195.300049,395.32
27/07/2023 06:00,17.450012,970,0,0.92,1.913,248.699951,241.899902,427.32
27/07/2023 07:00,18.970001,971,0,1.766001,2.525002,225.399902,219.899902,445.20
27/07/2023 08:00,20.029999,971,0,1.688999,3.263,238.399902,258.100098,488.23
27/07/2023 09:00,21.140015,971,0,1.382,2.994999,254.600098,246.5,546.35
27/07/2023 10:00,20.51001,972,0,1.950001,2.632999,234.5,233.699951,636.37
27/07/2023 11:00,19.570007,972,0,1.285,2.491001,253.699951,269.299805,711.85
27/07/2023 12:00,20.51001,972,0,2.049,3.16,225.800049,245.800049,754.02
27/07/2023 13:00,20.040009,972,0,2.589001,4.179001,246.300049,242.699951,818.56
27/07/2023 14:00,21.269989,973,0,2.258999,3.384998,250.300049,248,846.48
27/07/2023 15:00,20.98999,973,0,1.531,2.747002,276.5,273.899902,820.67
27/07/2023 16:00,20.779999,974,0,1.941,2.973,249.5,257.200195,791.59
27/07/2023 17:00,20.320007,974,0,1.733999,2.997002,256.799805,257.799805,802.41
27/07/2023 18:00,19.899994,974,0,2.063,3.792,242.399902,267,749.06
27/07/2023 19:00,19.350006,975,0,0.993,2.035,249.600098,259.700195,644.91
27/07/2023 20:00,18.839996,975,0,1.153999,2.258999,275.899902,267.700195,487.11
27/07/2023 21:00,17.579987,976,0,0.483,1.273001,253.300049,269,351.71
27/07/2023 22:00,16.410004,976,0,0.745,1.183001,217.399902,260,183.65
27/07/2023 23:00,16.190002,976,0,0.439,1.382,0,255.800049,142.51
28/07/2023 00:00,15.570007,976,0,0.653,0.741,135.600098,218.199951,104.21
28/07/2023 01:00,14.720001,976,0,0.477,0.763,0,267,68.63
28/07/2023 02:00,14.710007,976,0,0.629,0.875,40.340027,85.5,72.31
28/07/2023 03:00,13.910004,976,0,0.145,0.701,200.199951,276.200195,98.99
28/07/2023 04:00,13.789993,976,0,0.579,1.326,159.899902,152.199951,109.68
28/07/2023 05:00,13.930008,976,0,0.497,1.040001,277.899902,250,125.22
28/07/2023 06:00,15.199997,976,0,1.635,2.769001,219.5,222.399902,210.36
28/07/2023 07:00,16.880005,976,0,2.456001,3.271,214.5,211.800049,305.53
28/07/2023 08:00,17.769989,977,0,2.470001,2.823002,226.199951,221.699951,486.89
28/07/2023 09:00,19.360016,977,0,3.019001,4.058998,225.300049,219.399902,687.94
28/07/2023 10:00,18.350006,977,0,2.646,3.882999,224,212.399902,907.34
28/07/2023 11:00,18.380005,977,0,3.736,4.539001,237.399902,213,1061.95
28/07/2023 12:00,20.309998,977,0,2.105999,3.312,226.699951,225.100098,1221.24
28/07/2023 13:00,21.380005,976,0,2.495998,3.313,227.600098,218.5,1262.39
28/07/2023 14:00,21.700012,976,0,3.353001,4.605003,223.199951,214.899902,1416.78
28/07/2023 15:00,22.299988,976,0,2.047001,2.715,224.699951,221.300049,1449.26
28/07/2023 16:00,22.130005,975,0,2.021999,3.556999,251.600098,225.699951,1380.42
28/07/2023 17:00,22.130005,975,0,2.373001,3.013,204.300049,205,1067.05
28/07/2023 18:00,21.630005,975,0,2.795002,3.466,204,195.5,949.85
28/07/2023 19:00,20.809998,975,0,3.299999,4.459999,232.399902,212.5,857.15
28/07/2023 20:00,19.390015,975,0,2.257,3.235001,218.600098,213.600098,817.46
28/07/2023 21:00,18.929993,975,0,2.545002,3.027,214.300049,222,770.75
28/07/2023 22:00,17.98999,975,0,3.160999,3.723999,210.899902,220.100098,646.88
28/07/2023 23:00,17.309998,975,0,1.882,2.678001,218.300049,212.199951,686.36
29/07/2023 00:00,16.920013,975,0,2.387001,2.827,220.800049,211.100098,733.73
29/07/2023 01:00,16.660004,975,0,2.435001,3.500999,212.699951,205.600098,712.37
29/07/2023 02:00,16.230011,975,0,2.201,2.749001,224.899902,216.300049,703.05
29/07/2023 03:00,15.559998,974,0,1.225,1.532,217.399902,213.699951,669.67
29/07/2023 04:00,15.139999,974,0,2.429001,3.172001,225.5,208.699951,627.24
29/07/2023 05:00,14.960007,974,0,1.355,1.851,213,202.600098,638.97
29/07/2023 06:00,15.190002,974,0,1.728001,2.785,218.600098,203.899902,743.74
29/07/2023 07:00,16.019989,974,0,2.314999,3.362999,217.300049,207.199951,788.81
29/07/2023 08:00,16.970001,974,0,3.088001,3.834,211.600098,220.800049,817.43
29/07/2023 09:00,17.76001,974,0,2.983002,4.837997,232.399902,215,996.92
29/07/2023 10:00,19.540009,974,0,3.744999,5.370003,225.300049,224.199951,1647.42
29/07/2023 11:00,18.899994,975,0,4.122002,5.805,218.600098,215.199951,1612.32
29/07/2023 12:00,19.470001,975,0,3.441002,4.668999,240.600098,249.5,1531.60
29/07/2023 13:00,20.670013,975,0,3.389,5.751999,246.899902,245,1474.46
29/07/2023 14:00,21.049988,975,0,3.639,5.768997,238.600098,236.5,1574.52
29/07/2023 15:00,21.549988,975,0,3.974998,5.904999,219.800049,226.600098,1543.07
29/07/2023 16:00,20.820007,976,0,3.163002,4.910004,237.600098,246.699951,1428.29
29/07/2023 17:00,21.51001,975,0,2.951,4.868004,239.399902,242.600098,1340.28
29/07/2023 18:00,21.329987,976,0,3.365002,5.372002,243.300049,238.699951,1255.70
29/07/2023 19:00,19.350006,976,0,2.883999,4.701004,241.699951,233.399902,1113.39
29/07/2023 20:00,17.850006,977,0,3.113998,5.195,235.100098,227.199951,1020.93
29/07/2023 21:00,16.769989,977,0,2.848999,3.620998,228.199951,222.100098,915.96
29/07/2023 22:00,15.930008,977,0,3.314999,4.606003,224.5,228.399902,886.31
29/07/2023 23:00,15.369995,977,0,3.439999,4.810997,218.5,219.199951,801.75
30/07/2023 00:00,14.830002,977,0,2.743,4.271004,235.899902,232.199951,806.31
30/07/2023 01:00,14.889999,977,0,4.819,6.028,218.5,209.5,854.02
30/07/2023 02:00,14.639999,977,0,3.703999,4.814003,211.699951,199.199951,928.40
30/07/2023 03:00,14.979996,977,0,3.755001,4.471001,221.699951,214.300049,933.29
30/07/2023 04:00,14.779999,977,0,3.356998,4.115997,206.699951,207.300049,932.43
30/07/2023 05:00,14.630005,977,0,3.716999,4.979004,215.600098,204.800049,1010.85
30/07/2023 06:00,15.080002,978,0,2.511002,3.827,209.199951,204.5,1083.71
30/07/2023 07:00,15.190002,979,0,3.123001,3.716999,219.600098,227.699951,1077.84
30/07/2023 08:00,15.529999,979,0,2.166,4.030998,241,232.199951,1134.48
30/07/2023 09:00,15.990005,979,0,2.241001,3.474998,245,234.199951,1225.57
30/07/2023 10:00,16.220001,980,0,1.825001,3.047001,231.699951,227.399902,1598.67
30/07/2023 11:00,18.320007,980,0,3.030998,4.250999,219.199951,223.800049,1287.96
30/07/2023 12:00,18.470001,980,0,2.304001,4.671997,235.600098,245.100098,1298.54
30/07/2023 13:00,18.720001,980,0,2.937,5.295998,240.600098,236.399902,1246.02
30/07/2023 14:00,18.910004,980,0,3.112999,4.480003,239.300049,230.800049,1201.01
30/07/2023 15:00,18.690002,980,0,3.123001,4.545998,222.600098,231.600098,1188.99
30/07/2023 16:00,18.630005,980,0,2.888,4.482002,224.800049,228.699951,1118.39
30/07/2023 17:00,16.820007,980,0,3.242001,5.116997,234.600098,242.399902,911.54
30/07/2023 18:00,15.539993,980,0,2.250999,3.189999,229.600098,221.5,724.34
30/07/2023 19:00,14.690002,980,0,2.417,3.414001,221.800049,212.899902,589.02
30/07/2023 20:00,15.080002,979,0,2.653999,3.266998,221.300049,206.199951,550.95
30/07/2023 21:00,15.619995,979,0,2.445,3.235001,209.300049,199.600098,659.23
30/07/2023 22:00,16.200012,978,0,2.778,3.728001,219.899902,204,654.82
30/07/2023 23:00,15.800003,977,0,2.25,3.123001,202.100098,192.600098,671.22
31/07/2023 00:00,15.850006,976,0,2.023998,2.856998,218.199951,197.199951,707.52
31/07/2023 01:00,16.529999,975,0,3.396,5.241997,226.100098,213.300049,691.53
31/07/2023 02:00,16.399994,974,0,3.271,5.196999,222.100098,212,612.74
31/07/2023 03:00,16.579987,974,0,1.587,2.299,211.600098,206.800049,507.64
31/07/2023 04:00,16.910004,974,0,1.193001,2.354,200.600098,199,557.26
31/07/2023 05:00,17.320007,974,0,2.171001,3.103001,217.5,213.100098,645.06
31/07/2023 06:00,17.029999,974,0,2.362999,4.014,219,216.100098,695.87
31/07/2023 07:00,17.809998,973,0,2.349998,3.570999,230,231.800049,718.14
31/07/2023 08:00,18.079987,973,0,2.755001,3.101002,224.399902,238.800049,722.16
31/07/2023 09:00,17.940002,973,0,2.512001,3.625999,221.800049,225.800049,740.75
31/07/2023 10:00,17.920013,973,0,2.310001,3.145,226.899902,229.5,652.66
31/07/2023 11:00,17.610016,972,0,2.258999,3.835999,222.800049,222.300049,762.38
31/07/2023 12:00,17.529999,973,0,2.535,3.77,238.600098,241.300049,675.83
31/07/2023 13:00,17.220001,972,0,3.306999,4.336998,228.399902,230.100098,717.01
31/07/2023 14:00,16.670013,972,0,3.346001,4.002998,228.100098,235.300049,736.18
31/07/2023 15:00,17.200012,971,0,2.608002,4.133003,230,226,701.27
31/07/2023 16:00,15.570007,971,0,1.764,2.766998,259,257.100098,688.63
31/07/2023 17:00,16.390015,970,0,2.004002,3.07,238,241.699951,739.48
31/07/2023 18:00,17.230011,970,0,2.299,3.053001,245.5,240,809.49
31/07/2023 19:00,16.440002,970,0,1.309,2.346001,225.600098,241,908.81
31/07/2023 20:00,16.160004,969,0,2.391998,3.673,223.600098,229,819.65
31/07/2023 21:00,16.149994,969,0,2.299999,3.622002,243.199951,240.5,808.56
31/07/2023 22:00,16.170013,969,0,2.146999,3.542999,244.899902,248.5,805.03
31/07/2023 23:00,15.949997,969,0,1.599001,3.494999,246.800049,244.399902,803.72
01/08/2023 00:00,15.720001,969,0,1.447001,2.592999,272.899902,266.200195,791.36
01/08/2023 01:00,15.380005,969,0,1.408001,3.195999,244.699951,255.300049,772.17
01/08/2023 02:00,15.520004,969,0,1.334,2.744999,272.5,253.199951,795.88
01/08/2023 03:00,14.850006,969,0,1.027,2.187,267.299805,269.600098,821.80
01/08/2023 04:00,15.199997,969,0,1.313999,2.157001,276.5,258.799805,830.81
01/08/2023 05:00,15.020004,969,0,1.329,2.706001,250.300049,254.300049,829.92
01/08/2023 06:00,14.979996,970,0,1.57,2.688999,244.300049,266.5,814.59
01/08/2023 07:00,15.350006,970,0,2.126999,4.203003,251.5,262.600098,760.65
01/08/2023 08:00,15.770004,970,0,1.487,2.799,261.799805,264.799805,785.09
01/08/2023 09:00,16.600006,971,0,2.163002,4.348,300.700195,282.700195,775.53
01/08/2023 10:00,16.079987,971,0,2.164001,2.988998,243.100098,233.600098,859.02
01/08/2023 11:00,17.160004,972,0,1.84,3.049,264.200195,262.899902,814.43
01/08/2023 12:00,17.170013,972,0,1.625,3.449001,253.100098,254.199951,865.73
01/08/2023 13:00,18.130005,972,0,1.59,2.705002,264.600098,260.399902,828.60
01/08/2023 14:00,18.079987,972,0,1.527,2.203999,258.899902,264,882.67
01/08/2023 15:00,18.529999,972,0,1.217001,3.139,265.399902,257.100098,949.15
01/08/2023 16:00,18.540009,972,0,1.629,2.758999,282.299805,256.200195,954.15
01/08/2023 17:00,19.01001,971,0,3.112999,4.124001,225.699951,234,1011.82
01/08/2023 18:00,17.540009,971,0,2.314999,2.730999,226,242.399902,904.86
01/08/2023 19:00,17.25,970,0,0.913,1.308001,232.199951,227.600098,283.16
01/08/2023 20:00,17.019989,969,0,0.913,1.649,187.199951,170.800049,69.68
01/08/2023 21:00,15.839996,969,0,0.518,1.371,152.5,159,76.53
01/08/2023 22:00,14.779999,967,0,0.593,1.372999,93.900024,95.300049,140.51
01/08/2023 23:00,15.020004,966,0,0.396,0.904,34.820007,30.160004,200.28
02/08/2023 00:00,14.800003,965,0,0.897,1.801001,105.400024,117,246.19
02/08/2023 01:00,14.979996,963,0,0.871,1.964001,127.199951,120.699951,270.72
02/08/2023 02:00,14.470001,961,0,0.811,1.521999,107.800049,119.300049,208.35
02/08/2023 03:00,13.550003,960,0,0.856,1.437,59.869995,62.140015,236.53
02/08/2023 04:00,13.389999,958,0,1.542,2.920002,50.570007,66.02002,306.77
02/08/2023 05:00,13.240005,956,0.2,1.027,2.477001,66.810059,59.73999,381.34
02/08/2023 06:00,13.520004,955,0,1.107,1.997999,49.070007,53.960022,419.03
02/08/2023 07:00,13.800003,954,0,0.863,1.431,50.369995,56.289978,405.93
02/08/2023 08:00,14.360001,953,0,0.709,1.229,12.339996,7.176003,321.72
02/08/2023 09:00,14.919998,953,0,0.892,1.101,8.190002,4.577003,285.93
02/08/2023 10:00,15.350006,953,0,0.647,0.942,284.600098,302,403.64
02/08/2023 11:00,16.399994,953,0,1.370001,2.027,334.600098,323.299805,619.83
02/08/2023 12:00,17.170013,953,0,1.938999,2.789001,349.299805,337.299805,655.31
02/08/2023 13:00,16.850006,953,0,2.216999,3.325001,356.799805,350,586.00
02/08/2023 14:00,16.860016,954,0,1.733999,2.755001,352.100098,336.899902,628.38
02/08/2023 15:00,15.449997,955,0,2.297001,3.597,3.229,341.200195,577.88
02/08/2023 16:00,15.399994,955,0,2.154999,4.015999,346.100098,341.5,550.06
02/08/2023 17:00,15.149994,957,0,2.668999,4.315002,352,340.600098,658.01
02/08/2023 18:00,15.259995,958,0,2.370998,3.773998,358.200195,344.899902,728.02
02/08/2023 19:00,15.180008,959,0,3.084999,4.760002,352,343.899902,727.12
02/08/2023 20:00,15.410004,961,0,2.944,5.294998,354.5,345.700195,714.36
02/08/2023 21:00,15.25,963,0,2.977001,4.439003,355.399902,347.700195,732.94
02/08/2023 22:00,15.029999,965,0,3.263,4.772003,2.917,341.700195,744.66
02/08/2023 23:00,14.580002,966,0,1.690001,3.612999,331.899902,323.700195,781.57
03/08/2023 00:00,14.369995,967,0,2.116001,4.220001,347.100098,334,772.90
03/08/2023 01:00,14.169998,969,0,1.943001,3.300999,300.700195,304,710.85
03/08/2023 02:00,13.820007,970,0,1.49,2.810001,310.899902,303.799805,615.33
03/08/2023 03:00,13.720001,971,0,1.754,2.487999,305.700195,291.700195,532.90
03/08/2023 04:00,13.100006,972,0,1.351,3.449001,305.700195,311.5,508.02
03/08/2023 05:00,12.910004,973,0,1.448,2.039001,310.899902,287.799805,487.28
03/08/2023 06:00,13.240005,974,0,1.631001,3,312.5,301.799805,548.53
03/08/2023 07:00,15.339996,975,0,1.542999,2.813,329,307.299805,623.43
03/08/2023 08:00,16.570007,976,0,2.132,3.577,328.600098,322.600098,759.57
03/08/2023 09:00,16.980011,977,0,2.557999,4.041,316.899902,314.899902,930.51
03/08/2023 10:00,18.399994,977,0,2.778999,4.803001,327.899902,314.299805,1471.42
03/08/2023 11:00,19.420013,978,0,2.766998,4.399002,338.600098,328.299805,989.98
03/08/2023 12:00,20.329987,978,0,2.025002,3.047001,325.399902,302,1008.17
03/08/2023 13:00,20.329987,979,0,3.288002,4.724998,24.089996,20.769989,1014.75
03/08/2023 14:00,20.570007,980,0,1.687,2.27,0.582,343,1016.45
03/08/2023 15:00,21.779999,980,0,1.681,2.648998,322.799805,313.899902,960.70
03/08/2023 16:00,20.299988,981,0,2.210999,3.817001,304.600098,312.899902,992.14
03/08/2023 17:00,19.209991,982,0,2.173,3.797001,308.299805,304.299805,855.30
03/08/2023 18:00,18.829987,983,0,1.528999,2.266998,278,271.5,640.16
03/08/2023 19:00,18.410004,984,0,2.298,3.370998,300.200195,288.700195,468.68
03/08/2023 20:00,16.450012,985,0,0.324,0.816,267.399902,291.899902,332.74
03/08/2023 21:00,16.160004,986,0,0.933,1.712999,268.799805,281.700195,299.35
03/08/2023 22:00,15.570007,986,0,1.033001,1.886999,264.100098,273.700195,277.18
03/08/2023 23:00,15.860001,987,0,0.419,1.749001,0,278.399902,263.66
04/08/2023 00:00,15.940002,987,0,0.687,1.575001,293.299805,264.299805,281.94
04/08/2023 01:00,15.440002,988,0,0.459,0.803,134,39.940002,271.51
04/08/2023 02:00,15.649994,988,0,0.589,0.995,272.399902,295,255.29
04/08/2023 03:00,15.470001,989,0,0.831,1.431,282.899902,272.5,254.07
04/08/2023 04:00,15.210007,989,0,0.87,1.408001,238.800049,253.600098,272.64
04/08/2023 05:00,15.380005,989,0,0.657,0.831,257,269.700195,278.93
04/08/2023 06:00,15.220001,990,0,0.862,1.711,289.200195,277.700195,311.49
04/08/2023 07:00,15.25,991,0,1.526001,2.491001,266.700195,275.399902,380.43
04/08/2023 08:00,15.580002,991,0,1.171,1.969999,285,270,422.52
04/08/2023 09:00,14.100006,992,0,2.404999,3.047001,20.970001,10.050003,341.72
04/08/2023 10:00,14.419998,993,0,0.83,1.684999,322,317.200195,559.38
04/08/2023 11:00,15.070007,993,0,0.774,0.965,274.899902,287.200195,637.68
04/08/2023 12:00,14.75,993,0,0.953,1.42,316,292.799805,725.81
04/08/2023 13:00,17.369995,993,0,0.901,1.135,277.100098,275.100098,719.40
04/08/2023 14:00,18.149994,993,0,1.493999,2.759998,255.199951,248.399902,890.80
04/08/2023 15:00,18.76001,993,0,1.645,3.168999,283.5,265.5,813.41
04/08/2023 16:00,18.690002,993,0,1.572001,2.737,265.899902,271.700195,820.89
04/08/2023 17:00,19.040009,993,0,1.544001,2.813,242.800049,275.100098,843.95
04/08/2023 18:00,17.519989,992,0,1.702999,2.701,301.399902,286.5,795.04
04/08/2023 19:00,16.679993,993,0,1.292999,2.071999,264.100098,274.899902,670.32
04/08/2023 20:00,15.720001,993,0,1.372999,1.899,287.100098,273.200195,420.44
04/08/2023 21:00,14.759995,992,0,0.771,1.341,305.600098,301.700195,279.93
04/08/2023 22:00,14.320007,992,0,0.631,1.364,258.5,263.200195,216.99
04/08/2023 23:00,14.009995,991,0,0.331,0.926,244.600098,233.5,197.36
05/08/2023 00:00,13.740005,990,0,0.738,1.291,232.899902,251.699951,126.62
05/08/2023 01:00,13.880005,989,0,0.387,0.633,0,231,73.33
05/08/2023 02:00,13.289993,987,0,0.278,0.377,116.900024,154.600098,63.33
05/08/2023 03:00,12.830002,986,0,0.257,0.613,0,200.600098,40.41
05/08/2023 04:00,12.430008,985,0,0.311,0.283,82.699951,144.5,32.93
05/08/2023 05:00,12.430008,984,0,0.247,0.227,213.100098,258.799805,50.79
05/08/2023 06:00,12,983,0,0.295,0.498,85.900024,101.900024,131.26
05/08/2023 07:00,12.070007,982,0,0.53,0.963,111.800049,95.800049,326.80
05/08/2023 08:00,12.270004,981,0,1.287001,1.952,121.099976,106.099976,506.23
05/08/2023 09:00,11.930008,980,0.2,1.344,2.445,94.400024,92.300049,542.70
05/08/2023 10:00,12.059998,980,0,1.527,2.152,96,76.650024,495.08
05/08/2023 11:00,12.240005,979,0,1.997,3.27,69.660034,69.329956,539.48
05/08/2023 12:00,13.350006,979,0,1.503,2.165001,68.73999,62.650024,547.69
05/08/2023 13:00,13.539993,979,0,1.750999,2.944,51.960022,51.650024,537.58
05/08/2023 14:00,13.800003,980,0,1.235001,2.778,341.600098,330.100098,636.08
05/08/2023 15:00,15.089996,980,0,1.938999,2.780998,42.840027,34.929993,699.46
05/08/2023 16:00,14.570007,981,0,0.731,1.458,41.369995,30.880005,673.72
05/08/2023 17:00,13.690002,981,0,0.85,1.596001,6.049004,0.243,656.06
05/08/2023 18:00,13.139999,982,0,1.608999,2.872002,339.299805,325.899902,648.51
05/08/2023 19:00,12.669998,984,0,3.060001,5.330002,8.5,348.5,705.63
05/08/2023 20:00,12.330002,985,0,1.669001,2.929001,319.200195,312.200195,741.91
05/08/2023 21:00,12.389999,986,0,2.206001,3.971001,331.399902,323.899902,716.39
05/08/2023 22:00,12.139999,987,0,2.191002,3.666,329.5,318,753.53
05/08/2023 23:00,12.009995,988,0,2.366001,3.702999,313,309,589.97
06/08/2023 00:00,11.669998,988,0,2.112,3.48,317.5,298.100098,530.36
06/08/2023 01:00,11.589996,988,0,2.292999,2.948002,304,301.299805,495.52
06/08/2023 02:00,10.669998,989,0,0.906,1.659,268.700195,273.700195,432.28
06/08/2023 03:00,10.610001,989,0,0.883,1.853001,251.199951,277,387.39
06/08/2023 04:00,10.889999,989,0,1.653999,2.125,300.299805,292,359.17
06/08/2023 05:00,11.449997,989,0,1.490999,2.916,299.899902,298,341.25
06/08/2023 06:00,12.190002,990,0,1.639,2.552002,321.5,301.5,434.32
06/08/2023 07:00,13.490005,990,0,2.25,3.255001,317.799805,305,612.63
06/08/2023 08:00,13.880005,991,0,2.521,4.181999,320,320.100098,764.53
06/08/2023 09:00,14.680008,991,0,2.019001,3.208,340.399902,320.100098,963.32
06/08/2023 10:00,16.200012,992,0,2.062,3.075001,4.973999,351.100098,1112.80
06/08/2023 11:00,16.829987,992,0,1.677,3.036999,304.299805,316.200195,1322.79
06/08/2023 12:00,17.019989,992,0,1.865,2.724998,322.200195,309,1250.64
06/08/2023 13:00,17.089996,992,0,2.511002,3.721001,344.799805,332,1408.55
06/08/2023 14:00,16.98999,992,0,2.226002,3.625999,16.230011,358,1466.62
06/08/2023 15:00,16.549988,992,0,1.763,3.013,353.200195,343.899902,1371.57
06/08/2023 16:00,15.380005,993,0.2,1.063,1.931,4.232002,341.5,1308.40
06/08/2023 17:00,16.350006,993,0,1.351,2.735001,337.899902,314.399902,753.67
06/08/2023 18:00,16.450012,993,0,2.644001,3.499001,316.100098,299.100098,773.39
06/08/2023 19:00,16.200012,994,0,1.927999,3.155998,320.799805,299,665.38
06/08/2023 20:00,15.369995,994,0,1.243999,2.367001,285.799805,290.600098,537.97
06/08/2023 21:00,14.229996,994,0,0.369,1.007,266.100098,287.700195,390.99
06/08/2023 22:00,13.820007,995,0,0.805,2.182999,260.399902,269.700195,278.62
06/08/2023 23:00,13.080002,995,0,0.743,1.718,252.5,265,295.48
07/08/2023 00:00,12.570007,994,0,0.349,1.215,246.800049,268.899902,294.08
07/08/2023 01:00,12.059998,994,0,0.544,1.611,233.899902,261.899902,275.17
07/08/2023 02:00,11.839996,994,0,0.921,1.563,232.199951,266.899902,272.25
07/08/2023 03:00,12.339996,994,0,0.957,1.861,235.399902,251.899902,292.63
07/08/2023 04:00,12.410004,994,0,0.718,2.035999,249.399902,266,334.11
07/08/2023 05:00,12.919998,994,0,0.804,1.726999,262.600098,259.299805,341.82
07/08/2023 06:00,13.669998,994,0,0.701,1.316999,271.5,252.899902,406.77
07/08/2023 07:00,15.449997,994,0,1.195999,2.127998,266.200195,265.200195,565.98
07/08/2023 08:00,16.040009,994,0,1.767,2.792999,283.100098,269.5,761.96
07/08/2023 09:00,17.480011,994,0,1.521,3.018002,254,266.600098,978.06
07/08/2023 10:00,17.019989,994,0,1.846001,3.064999,293.399902,295.100098,1295.71
07/08/2023 11:00,18.290009,993,0,2.077999,3.665001,273.299805,260.100098,1323.99
07/08/2023 12:00,17.809998,993,0,1.603001,3.474998,268.899902,260.299805,1416.83
07/08/2023 13:00,17.670013,993,0,1.907,3.174,280.5,269.299805,1469.76
07/08/2023 14:00,17.429993,993,0,2.120998,3.959999,293.100098,276.299805,1505.35
07/08/2023 15:00,18.450012,993,0,1.874001,3.663002,268.200195,261.600098,1457.13
07/08/2023 16:00,18.209991,993,0,1.857,3.598999,281.299805,286.899902,1343.14
07/08/2023 17:00,17.440002,992,0,1.857,3.043999,260.700195,263.600098,1191.36
07/08/2023 18:00,17.790009,992,0,1.933001,2.668999,250.100098,254.399902,1061.60
07/08/2023 19:00,16.570007,992,0,1.636999,2.772999,250.800049,249.600098,844.92
07/08/2023 20:00,15,992,0,0.771,1.98,243.800049,262.799805,632.45
07/08/2023 21:00,13.960007,991,0,0.671,1.431,244.100098,263.100098,594.96
07/08/2023 22:00,13.729996,990,0,1.233,2.811001,259.600098,254.100098,574.03
07/08/2023 23:00,13.820007,990,0,0.881,1.221001,21.279999,357.100098,536.07
08/08/2023 00:00,13.619995,990,0,1.503,2.667999,300.200195,286.399902,539.30
08/08/2023 01:00,13.279999,989,0,1.497,3.347,260.600098,259.200195,513.56
08/08/2023 02:00,13.100006,989,0,1.677,2.842999,269.399902,275.799805,534.16
08/08/2023 03:00,13.149994,989,0,1.085001,2.202,276.5,264.100098,501.90
08/08/2023 04:00,12.869995,989,0,0.919,1.579,260.899902,276.5,486.36
08/08/2023 05:00,13.300003,988,0,1.083,2.290001,260.600098,264.600098,487.88
08/08/2023 06:00,13.520004,988,0,0.955,2.514999,249.300049,257.200195,489.39
08/08/2023 07:00,14.669998,988,0,0.751,2.087002,252.100098,266.700195,610.24
08/08/2023 08:00,15.180008,988,0,1.257,2.32,259.5,251.100098,772.70
08/08/2023 09:00,16.980011,988,0,1.066,2.002998,262.200195,268.200195,924.82
08/08/2023 10:00,17.720001,987,0,1.937,2.140999,266.700195,267.100098,1006.72
08/08/2023 11:00,19.049988,987,0,1.975,3.192001,279.600098,272.5,1186.36
08/08/2023 12:00,19.190002,987,0,3.320999,4.621002,223.399902,227.600098,1281.09
08/08/2023 13:00,18.809998,987,0,1.357,2.305,262.5,257.200195,1471.30
08/08/2023 14:00,19.700012,986,0,1.781,3.047001,246.5,258.600098,1478.49
08/08/2023 15:00,20.209991,986,0,1.826,2.833,262.899902,259.600098,1343.79
08/08/2023 16:00,20.070007,986,0,2.019001,3.542,251.199951,256.100098,1265.47
08/08/2023 17:00,20.440002,986,0,1.597,2.519001,286.5,281.700195,1137.35
08/08/2023 18:00,18.25,987,0,2.334999,4.296997,319.600098,311.399902,987.24
08/08/2023 19:00,17.01001,987,0,1.532,2.827,296.899902,283.799805,749.30
08/08/2023 20:00,15.710007,987,0,1.768,2.639,297.100098,287.299805,505.37
08/08/2023 21:00,14.490005,987,0,1.047001,2.202999,273,264,403.80
08/08/2023 22:00,13.729996,988,0,1.087,2.473,260.299805,271.200195,353.13
08/08/2023 23:00,13.110001,988,0,1.155001,2.280998,239.199951,267.299805,317.66
09/08/2023 00:00,12.979996,988,0,1.179001,2.540001,239.800049,248.800049,315.96
09/08/2023 01:00,13,989,0,0.725,1.371,174.800049,255.600098,311.86
09/08/2023 02:00,13.080002,989,0,0.845,1.960001,243.600098,250.199951,306.35
09/08/2023 03:00,12.710007,989,0,0.483,1.358,232.800049,240.800049,311.24
09/08/2023 04:00,13.210007,989,0,0.847,1.566999,238.600098,240.800049,281.54
09/08/2023 05:00,13.580002,990,0,1.305,2.429001,252.399902,263.399902,273.45
09/08/2023 06:00,13.789993,990,0,0.708,1.346001,327.399902,326.399902,378.40
09/08/2023 07:00,15.270004,990,0,1.438,2.223,257.600098,265.600098,540.42
09/08/2023 08:00,16.940002,991,0,1.834,2.841999,251.5,257.700195,659.72
09/08/2023 09:00,17.720001,992,0,2.284,4.336998,314.600098,299.5,853.30
09/08/2023 10:00,18.470001,992,0,1.257,2.143002,282.799805,276.100098,1008.69
09/08/2023 11:00,19.25,993,0,1.921,2.550999,291.700195,275.100098,1159.85
09/08/2023 12:00,19.390015,993,0,1.466,2.244999,292,293,1198.17
09/08/2023 13:00,20.209991,993,0,1.611,2.280998,281.299805,275.5,1179.03
09/08/2023 14:00,20.940002,993,0,1.517,2.620998,251.199951,246.899902,1164.64
09/08/2023 15:00,21.899994,993,0,1.711,2.528,240.300049,249.699951,1091.45
09/08/2023 16:00,21.75,993,0,1.198999,2.435001,285.399902,270.5,1028.68
09/08/2023 17:00,21.950012,993,0,1.104,1.753,290.200195,263.899902,954.70
09/08/2023 18:00,21.75,993,0,1.283001,2.516998,254,260.700195,713.66
09/08/2023 19:00,21.730011,993,0,1.320999,2.199001,246.5,240,137.99
09/08/2023 20:00,20.73999,994,0,0.506,0.552,0,201.899902,32.50
09/08/2023 21:00,19.75,994,0,0.569,0.819,190.199951,209.199951,21.83
09/08/2023 22:00,19.459991,994,0,0.792,1.343,221.899902,247.399902,17.21
09/08/2023 23:00,18.380005,995,0,0.713,1.728001,260.899902,251.5,16.53
10/08/2023 00:00,17.26001,995,0,1.098,1.738001,225.699951,236.199951,15.74
10/08/2023 01:00,17.230011,995,0,0.917,1.394001,228.800049,239.5,15.21
10/08/2023 02:00,16.399994,994,0,0.33,0.733,269.700195,265.799805,16.78
10/08/2023 03:00,15.979996,994,0,0.701,1.02,213.699951,231.800049,19.95
10/08/2023 04:00,15.559998,994,0,0.462,0.581,257.100098,281.799805,23.03
10/08/2023 05:00,15.119995,994,0,0.249,0.275,0,25.899994,29.65
10/08/2023 06:00,16.350006,994,0,0.401,0.471,222.300049,229.800049,53.44
10/08/2023 07:00,19.209991,994,0,0.507,0.703,47.950012,41.530029,133.68
10/08/2023 08:00,22.410004,994,0,1.827999,2.266998,220.5,203.100098,310.46
10/08/2023 09:00,23.48999,994,0,2.559002,3.856998,191.5,180.399902,672.24
10/08/2023 10:00,24.790009,993,0,2.227001,3.335999,185.300049,171.399902,878.61
10/08/2023 11:00,24.839996,993,0,2.380001,3.452999,188.399902,171.800049,984.79
10/08/2023 12:00,25.440002,993,0,2.319,3.516998,198.699951,184.399902,1109.51
10/08/2023 13:00,26.529999,992,0,2.105,3.424999,184.5,168,1156.45
10/08/2023 14:00,26.839996,992,0,2.633999,4.039001,176.600098,158.800049,1128.23
10/08/2023 15:00,27.350006,991,0,3.414001,4.653,166.100098,152,1133.60
10/08/2023 16:00,27.940002,991,0,2.288002,3.663002,172.399902,166.300049,1119.64
10/08/2023 17:00,28.25,991,0,2.403,3.922001,205.399902,182.899902,1127.29
10/08/2023 18:00,27.390015,990,0,2.103001,3.744999,186.399902,168.199951,990.28
10/08/2023 19:00,25.670013,990,0,1.371,2.374001,194.899902,178.899902,350.93
10/08/2023 20:00,24.140015,990,0,1.052999,2.145,171.100098,164.100098,336.18
10/08/2023 21:00,23.360016,990,0,1.766001,2.612999,204.199951,182.399902,526.24
10/08/2023 22:00,22.380005,990,0,1.907,2.706001,191.199951,177.5,512.10
10/08/2023 23:00,21.850006,990,0,2.581001,3.312,206.199951,181.600098,472.88
11/08/2023 00:00,21.149994,989,0,3.188999,4.462997,208,199.800049,451.73
11/08/2023 01:00,20.320007,989,0,2.493,2.73,213.800049,194.699951,468.08
11/08/2023 02:00,19.720001,988,0,3.323002,4.203003,212.800049,198.600098,502.61
11/08/2023 03:00,19.459991,988,0,4.231003,5.249001,221.800049,212.800049,539.70
11/08/2023 04:00,19.029999,988,0,2.126999,2.904999,219.600098,200.300049,600.99
11/08/2023 05:00,19.160004,988,0,3.341999,4.209999,219.899902,217.100098,682.48
11/08/2023 06:00,19.26001,989,0,2.740002,3.824001,209.600098,205.199951,734.80
11/08/2023 07:00,19.76001,989,0,2.446999,2.868,232.399902,236.300049,813.28
11/08/2023 08:00,20.48999,989,0,2.606998,3.559002,222.899902,226.899902,823.94
11/08/2023 09:00,20.570007,990,0,3.075001,5.166,240.399902,238,908.84
11/08/2023 10:00,21.360016,990,0,2.883999,5.051003,236.100098,233.300049,1175.78
11/08/2023 11:00,21.850006,990,0,2.987999,3.727001,224.399902,220.5,1362.83
11/08/2023 12:00,22.299988,990,0,3.894001,5.969002,222.199951,212.899902,1661.44
11/08/2023 13:00,22.779999,989,0,3.358002,4.217003,221.100098,200.199951,1802.75
11/08/2023 14:00,23.529999,989,0,3.092999,4.736,220,213.199951,1851.54
11/08/2023 15:00,24.640015,988,0,3.671001,5.211998,227.800049,213.699951,1955.34
11/08/2023 16:00,23.899994,988,0,3.965,5.380997,221.899902,226.399902,1998.60
11/08/2023 17:00,23.470001,988,0,5.489998,6.903999,211.899902,208,1915.96
11/08/2023 18:00,23.420013,988,0,2.827,3.331001,225.699951,224.100098,1489.54
11/08/2023 19:00,21.779999,988,0,2.527,4.373001,233.199951,227.699951,1073.82
11/08/2023 20:00,20.339996,988,0,1.795,2.429001,211.600098,203.699951,782.03
11/08/2023 21:00,18.839996,988,0,1.659,2.696999,228.800049,222.800049,766.63
11/08/2023 22:00,17.610016,988,0,2.291,3.154999,207.300049,204.5,624.51
11/08/2023 23:00,16.869995,988,0,1.457001,1.965,212.300049,206.300049,560.38
12/08/2023 00:00,16.190002,987,0,1.344,1.999001,250.899902,235.199951,528.74
12/08/2023 01:00,15.949997,987,0,1.403,2.389,204.699951,193.5,524.40
12/08/2023 02:00,16.190002,986,0,2.545002,3.786999,200.699951,194.300049,560.69
12/08/2023 03:00,15.979996,986,0,2.264999,3.223999,201.600098,195.899902,604.70
12/08/2023 04:00,15.770004,985,0,2.073002,3.222,201.800049,190.600098,657.68
12/08/2023 05:00,15.289993,985,0,1.131001,1.688,0,180.300049,630.03
12/08/2023 06:00,16.040009,984,0,3.512001,4.326004,204.800049,200,659.79
12/08/2023 07:00,16.459991,984,0,4.097,5.313004,217.199951,199.5,771.87
12/08/2023 08:00,16.5,983,0,4.146004,5.626999,211.800049,190,890.36
12/08/2023 09:00,17.380005,983,0,3.909,5.540001,199.199951,189,1016.09
12/08/2023 10:00,18.399994,983,0,4.188004,5.596001,201.899902,197,1083.25
12/08/2023 11:00,20.230011,983,0,4.889,6.953003,207.199951,203.100098,882.49
12/08/2023 12:00,20.890015,982,0,5.403,7.612,224.199951,204.699951,1256.12
12/08/2023 13:00,20.470001,983,0,4.383003,6.095001,216.899902,207.300049,1251.53
12/08/2023 14:00,21.48999,982,0,4.866997,5.927002,221.300049,218.699951,1104.50
12/08/2023 15:00,21.320007,982,0,4.466003,5.791,237.699951,222.100098,1183.77
12/08/2023 16:00,19.839996,982,0,4.723,5.389,218.300049,218,1361.60
12/08/2023 17:00,19.279999,982,0,4.047997,5.973999,227.399902,227,1101.46
12/08/2023 18:00,20.480011,982,0,4.137001,7.521004,233.699951,224.699951,1067.59
12/08/2023 19:00,19.339996,982,0,3.360001,5.703003,228.800049,226,1016.83
12/08/2023 20:00,18.290009,983,0,2.664001,3.326,224.600098,229,955.63
12/08/2023 21:00,17.98999,984,0,2.853001,3.951,218.699951,213.800049,902.14
12/08/2023 22:00,17.110016,984,0,2.434002,3.688,221.899902,216.100098,753.14
12/08/2023 23:00,16.549988,984,0,2.43,3.449001,224,220.300049,684.32
13/08/2023 00:00,16.519989,984,0,3.574001,4.957001,219.899902,213.699951,665.69
13/08/2023 01:00,15.930008,984,0,2.583,3.625,222.800049,213.199951,665.48
13/08/2023 02:00,15.800003,984,0,2.189999,3.167999,222.199951,221.199951,678.72
13/08/2023 03:00,15.550003,984,0,2.101002,2.932999,203.399902,192.699951,705.41
13/08/2023 04:00,15.119995,984,0,1.868999,2.827999,192.399902,191.199951,761.52
13/08/2023 05:00,15.25,984,0,1.705,2.552002,207.800049,196.5,800.30
13/08/2023 06:00,15.470001,984,0,0.828,1.151001,111.199951,131.800049,799.97
13/08/2023 07:00,16.130005,984,0,1.959,2.613998,183.800049,172.199951,755.54
13/08/2023 08:00,17.23999,984,0,2.449001,3.219002,203,193.899902,788.08
13/08/2023 09:00,18.140015,984,0,3.471001,4.733002,216.199951,206.300049,917.03
13/08/2023 10:00,17.200012,984,0,2.243,3.611,240,225.800049,997.20
13/08/2023 11:00,18.970001,984,0,3.309002,4.137001,219.100098,209.199951,1059.54
13/08/2023 12:00,16.799988,984,0,2.927002,3.882999,229.800049,223.699951,1121.65
13/08/2023 13:00,19.709991,984,0,3.087002,4.481003,244,236.5,1228.27
13/08/2023 14:00,20.130005,984,0,3.047001,5.556999,249.5,233.300049,1397.56
13/08/2023 15:00,20.070007,984,0,4.869003,6.630997,231.899902,229.100098,1358.20
13/08/2023 16:00,19.339996,984,0,2.423,3.541,233.899902,244.399902,1328.44
13/08/2023 17:00,18.920013,984,0,2.908001,3.348999,220.399902,207.600098,1330.38
13/08/2023 18:00,18.529999,984,0,3.110001,3.847,219.600098,206.899902,1285.17
13/08/2023 19:00,17.76001,984,0,1.987,2.980999,216.899902,212.399902,1054.45
13/08/2023 20:00,17.200012,985,0,2.219002,2.747002,209.399902,211.199951,572.72
13/08/2023 21:00,16.369995,985,0,1.519001,2.005001,208.899902,199.600098,388.88
13/08/2023 22:00,16.429993,985,0,1.209,1.674999,222.100098,203.699951,310.62
13/08/2023 23:00,16.48999,984,0,1.475,2.257,205.399902,188.199951,319.44
14/08/2023 00:00,16.360016,984,0,1.302999,1.952999,185,183.100098,396.79
14/08/2023 01:00,15.289993,984,0,1.537001,2.192001,204.399902,198.699951,430.32
14/08/2023 02:00,14.839996,983,0,0.991,1.489,196.699951,177.399902,547.73
14/08/2023 03:00,14.940002,982,0,1.947001,2.895,180.800049,165.800049,599.96
14/08/2023 04:00,14.779999,981,0,1.555,2.387001,169.399902,156.5,555.93
14/08/2023 05:00,14.710007,981,0,1.667999,2.632,181.800049,164.199951,491.86
14/08/2023 06:00,15.169998,981,0,1.888,2.805,212.300049,193.899902,469.93
14/08/2023 07:00,15.759995,981,0,1.021999,1.285,170.100098,172.399902,526.96
14/08/2023 08:00,16.410004,980,0,1.405001,2.789001,172.399902,160.199951,596.66
14/08/2023 09:00,16.769989,980,0,1.664,2.93,176.800049,159.800049,645.55
14/08/2023 10:00,17.399994,980,0,2.376999,3.881001,183.800049,166.800049,666.80
14/08/2023 11:00,17.440002,979,0,2.331001,3.889,176.600098,160.899902,818.90
14/08/2023 12:00,18.079987,979,0,2.074001,3.413002,172.800049,161.899902,786.80
14/08/2023 13:00,18.869995,978,0,2.913002,4.668999,175.699951,168.800049,855.17
14/08/2023 14:00,19.700012,978,0,3.137001,4.773003,175.899902,164.300049,927.62
14/08/2023 15:00,20.269989,977,0,2.830002,4.530998,179.5,163.899902,1015.11
14/08/2023 16:00,20.790009,977,0,2.738998,3.870998,168.300049,164.5,1080.72
14/08/2023 17:00,19.390015,977,0,3.067001,4.272003,193.399902,179.399902,767.60
14/08/2023 18:00,17.899994,978,0,2.403,3.866001,223.899902,227.5,718.56
14/08/2023 19:00,17.790009,979,0,1.854,2.913002,235,241.100098,708.20
14/08/2023 20:00,16.730011,980,0,2.356998,3.670002,238.899902,232.100098,744.44
14/08/2023 21:00,16.589996,982,0,2.685001,4.364998,230.100098,242.300049,807.08
14/08/2023 22:00,16.5,982,0,2.095001,3.993,233.300049,239.399902,792.16
14/08/2023 23:00,16.619995,983,0,1.108,2.139999,244.800049,255.800049,749.44
15/08/2023 00:00,16.079987,983,0,1.717001,2.799,250.699951,252.899902,646.98
15/08/2023 01:00,15.889999,984,0,1.559,2.528,242.699951,244.800049,573.00
15/08/2023 02:00,15.589996,984,0,0.935,1.687,257.100098,255.300049,511.75
15/08/2023 03:00,15.229996,984,0,0.688,1.395,227.899902,254.300049,433.21
15/08/2023 04:00,15.479996,984,0,1.857,2.923,249.399902,240.5,378.10
15/08/2023 05:00,15.220001,985,0,1.704,2.795002,237.600098,252.800049,352.55
15/08/2023 06:00,15.339996,986,0,0.626,1.004,252.800049,252.399902,380.64
15/08/2023 07:00,17.75,987,0,1.499001,2.486,242.5,250.5,458.37
15/08/2023 08:00,17.200012,988,0,1.254999,2.500999,242.199951,255.5,604.49
15/08/2023 09:00,18.920013,988,0,1.646,2.556999,0,280.600098,775.02
15/08/2023 10:00,19.640015,989,0,1.646999,2.821999,265.899902,275.700195,858.93
15/08/2023 11:00,20.339996,989,0,1.871,3.241001,255.199951,248.100098,960.05
15/08/2023 12:00,19.290009,990,0,2.470001,3.789001,288.899902,273.100098,1043.46
15/08/2023 13:00,20.519989,990,0,2.036999,2.784,287.700195,288.399902,1081.02
15/08/2023 14:00,21.429993,990,0,1.945,3.429001,252.800049,255.699951,1099.82
15/08/2023 15:00,20.670013,991,0,2.247002,3.798,285.299805,279.100098,1045.06
15/08/2023 16:00,20.130005,991,0,1.764999,2.665001,293.299805,258.100098,938.16
15/08/2023 17:00,20.130005,992,0,1.252001,2.075001,251,265.899902,806.32
15/08/2023 18:00,19.920013,992,0,1.287001,1.931999,298.600098,289.799805,636.46
15/08/2023 19:00,18.779999,993,0,1.211,2.208,287.799805,283.600098,454.75
15/08/2023 20:00,17.440002,994,0,0.761,1.934999,236.199951,264.799805,282.38
15/08/2023 21:00,16.209991,994,0,0.69,1.122999,276.700195,272.700195,251.46
15/08/2023 22:00,15.149994,995,0,0.777,1.533001,310.700195,300.399902,211.78
15/08/2023 23:00,14.210007,995,0,0.667,1.539,222.399902,246.800049,140.13
16/08/2023 00:00,14.320007,996,0,0.975,1.73,268.299805,248.800049,97.48
16/08/2023 01:00,13.630005,996,0,0.805,1.717001,235.600098,247.199951,73.54
16/08/2023 02:00,13.070007,996,0,0.479,1.17,255.300049,270.700195,68.58
16/08/2023 03:00,12.779999,996,0,0.372,0.944,212,238.699951,66.18
16/08/2023 04:00,12.850006,996,0,0.345,0.685,167.399902,238.399902,63.05
16/08/2023 05:00,12.839996,996,0,0.405,0.577,140.100098,129.300049,56.65
16/08/2023 06:00,13.880005,997,0,0.364,0.279,50.320007,168.5,66.72
16/08/2023 07:00,16.179993,997,0,0.647,0.839,307.299805,300.5,107.07
16/08/2023 08:00,17.589996,997,0,0.991,1.533001,344.700195,347.899902,223.50
16/08/2023 09:00,18.230011,998,0,1.379999,1.978001,31.820007,36.190002,436.76
16/08/2023 10:00,18.769989,998,0,1.504999,1.913,11.440002,355.5,655.21
16/08/2023 11:00,18.890015,998,0,0.568,1.247999,59.679993,66.930054,808.51
16/08/2023 12:00,19.730011,998,0,0.791,1.075001,61.090027,50.869995,976.08
16/08/2023 13:00,20.799988,998,0,1.181999,1.181999,247.300049,237.800049,1079.08
16/08/2023 14:00,21.049988,998,0,1.389,2.124001,331.700195,329.899902,1216.46
16/08/2023 15:00,21.809998,998,0,1.073,1.092001,231,239.100098,1191.17
16/08/2023 16:00,22.070007,998,0,2.027,2.567001,15.25,5.894997,1197.75
16/08/2023 17:00,22.75,997,0,1.27,1.627001,323.200195,321.600098,977.91
16/08/2023 18:00,22.019989,997,0,1.483,1.948999,13.930008,359.700195,583.16
16/08/2023 19:00,20.880005,997,0,1.919001,2.577999,22.079987,13.399994,214.61
16/08/2023 20:00,19.540009,998,0,0.914,2.050999,82.300049,73.130005,201.36
16/08/2023 21:00,18.23999,998,0,0.667,1.167999,86.900024,71.349976,198.52
16/08/2023 22:00,16.970001,999,0,0.186,1.210001,0,58.210022,204.05
16/08/2023 23:00,16.690002,999,0,0.608,1.261,54.169983,37.409973,172.96
17/08/2023 00:00,16.299988,999,0,0.985,1.604,38.890015,34.52002,139.47
17/08/2023 01:00,15.639999,999,0,0.671,1.108999,334.5,335.799805,117.18
17/08/2023 02:00,15.809998,999,0,1.131001,1.497999,21.019989,18.850006,134.97
17/08/2023 03:00,16.070007,999,0,1.051001,1.665001,32.309998,32.940002,188.65
17/08/2023 04:00,16.019989,999,0,1.277,2.048,44.840027,40.789978,231.17
17/08/2023 05:00,15.979996,999,0,1.169001,2.144001,44.840027,44.039978,301.40
17/08/2023 06:00,16.190002,999,0,1.305,2.521,57.799988,61.460022,381.90
17/08/2023 07:00,16.51001,999,0,1.514999,2.481998,73.660034,83.199951,446.24
17/08/2023 08:00,16.940002,999,0,1.827,2.873001,92.699951,96.800049,518.13
17/08/2023 09:00,17.209991,999,0,1.927999,3.220001,87.699951,95,657.74
17/08/2023 10:00,17.98999,999,0,1.257,3.508999,76.829956,88.699951,754.36
17/08/2023 11:00,18.480011,999,0,2.224998,4.238998,81.599976,83.699951,870.22
17/08/2023 12:00,19.209991,999,0,1.919001,4.301003,68.560059,72.800049,986.48
17/08/2023 13:00,20.029999,998,0,2.488998,4.833,66.410034,71.849976,1033.57
17/08/2023 14:00,21.540009,997,0,2.098,4.379997,58.98999,78.76001,1016.02
17/08/2023 15:00,21.480011,996,0,2.938,5.903999,51.070007,67.430054,1021.36
17/08/2023 16:00,21.019989,996,0,3.02,4.426003,70.790039,79.719971,970.92
17/08/2023 17:00,20.390015,996,0,2.497002,5.100998,78.319946,74.180054,880.20
17/08/2023 18:00,18.679993,996,0,2.571999,3.969002,91.900024,73.310059,774.32
17/08/2023 19:00,17.429993,997,0,2.138,3.473999,93.300049,86.300049,696.32
17/08/2023 20:00,16.429993,997,0,1.490999,2.993,51.289978,67.859985,624.21
17/08/2023 21:00,16.040009,997,0,1.694,2.931,64.26001,67.449951,572.84
17/08/2023 22:00,15.889999,997,0,1.511,3.155998,69.030029,61.690002,587.75
17/08/2023 23:00,15.680008,997,0,1.577999,3.606998,63.970032,66.369995,575.67
18/08/2023 00:00,15.610001,996,0,1.585001,2.599998,59.130005,60.890015,578.42
18/08/2023 01:00,15.559998,996,0,1.375999,2.497002,65.699951,65.619995,565.51
18/08/2023 02:00,15.550003,995,0,1.988001,3.477001,67.050049,60.039978,543.07
18/08/2023 03:00,15.399994,994,0,1.267,2.757,68.670044,58.080017,523.03
18/08/2023 04:00,15.130005,994,0,1.589001,2.514999,67.050049,69.77002,501.05
18/08/2023 05:00,15.139999,993,0,1.924999,2.997002,53.73999,54.349976,496.96
18/08/2023 06:00,15.100006,993,0,1.804001,2.862999,54.039978,54.720032,509.24
18/08/2023 07:00,14.910004,992,0,1.667999,3.530998,50.190002,63.359985,514.07
18/08/2023 08:00,15.479996,992,0,1.441,2.785999,72.560059,65.47998,516.84
18/08/2023 09:00,15.940002,992,0,1.565001,2.262001,72.26001,62.940002,569.40
18/08/2023 10:00,15.979996,992,0,1.629,3.163002,67.660034,73.300049,609.88
18/08/2023 11:00,16.799988,991,0,1.076,1.927999,96,77.420044,653.96
18/08/2023 12:00,17.589996,990,0,1.122,2.383999,76.290039,70.550049,635.94
18/08/2023 13:00,18.420013,989,0,1.796,3.470001,59.98999,71.569946,640.20
18/08/2023 14:00,18.559998,989,0,1.886999,3.918999,102.400024,95.699951,672.96
18/08/2023 15:00,18.959991,988,0,2.292999,3.842999,63.400024,76.930054,696.63
18/08/2023 16:00,18.950012,987,0,2.022999,4.392998,95.300049,77.930054,686.75
18/08/2023 17:00,18.869995,986,0,1.535,3.184002,102.099976,82.599976,690.49
18/08/2023 18:00,18.619995,985,0,1.583,3.195,57.289978,76.599976,684.08
18/08/2023 19:00,18.420013,985,0,1.593,2.751999,63.220032,79.099976,678.91
18/08/2023 20:00,17.950012,984,0,1.332001,3.303001,77.76001,72.73999,631.68
18/08/2023 21:00,16.860016,984,0,1.312,3.023998,88.800049,88.599976,610.78
18/08/2023 22:00,16.350006,983,0,0.973,1.889,69.880005,69.819946,494.31
18/08/2023 23:00,16.610016,981,0,0.945,1.903,96.599976,106,489.96
19/08/2023 00:00,16.910004,980,0,1.469999,2.741001,78.660034,96.099976,523.52
19/08/2023 01:00,17.290009,979,0,1.809,2.853001,140,127.300049,671.46
19/08/2023 02:00,17.98999,978,0,2.518002,3.838001,150.5,138.699951,820.61
19/08/2023 03:00,18.429993,978,0,2.165001,3.045002,184.5,175.5,857.27
19/08/2023 04:00,18.110016,978,0,3.118999,4.894997,188.5,184.600098,889.90
19/08/2023 05:00,17.440002,979,0,2.574001,3.896,204,192.5,955.64
19/08/2023 06:00,17.440002,979,0,2.513,4.184998,196.699951,168.699951,982.99
19/08/2023 07:00,18.299988,980,0,3.236,5.237,208.899902,184.399902,998.57
19/08/2023 08:00,19.470001,981,0,3.587002,4.233002,207.399902,193.699951,985.06
19/08/2023 09:00,20.369995,982,0,4.795998,6.331001,216.600098,204,1093.59
19/08/2023 10:00,20.540009,983,0,5.303001,6.649002,216.899902,204.600098,1284.00
19/08/2023 11:00,21,984,0,3.582001,5.740997,221.699951,224.399902,1375.63
19/08/2023 12:00,22.019989,984,0,4.152,6.153,226.199951,213.800049,1253.66
19/08/2023 13:00,22.190002,985,0,4.240997,5.129997,219.100098,214,1229.75
19/08/2023 14:00,22.690002,985,0,4.333,5.762001,216.300049,207.100098,1217.16
19/08/2023 15:00,23.119995,986,0,4.513,6.635002,209.300049,214.699951,1272.00
19/08/2023 16:00,23.339996,986,0,4.671997,5.632004,221.199951,214.600098,1330.92
19/08/2023 17:00,22.220001,987,0,4.953003,5.894997,221.100098,215.100098,1347.42
19/08/2023 18:00,21.410004,988,0,3.809002,5.525002,224.800049,222.5,1317.09
19/08/2023 19:00,20.320007,989,0,1.302999,2.360001,223.300049,213.899902,1123.21
19/08/2023 20:00,19.200012,990,0,2.313,3.256001,225.899902,204.5,841.51
19/08/2023 21:00,18.230011,991,0,3.018002,4.035004,218,218.100098,694.77
19/08/2023 22:00,17.420013,991,0,1.047001,1.681,220,230.600098,581.12
19/08/2023 23:00,17.200012,991,0,2.654999,4.100998,219.100098,221.5,534.66
20/08/2023 00:00,16.25,992,0,1.173,2.243,223.699951,239.5,505.98
20/08/2023 01:00,15.970001,993,0,1.929001,2.796001,209.199951,205.100098,494.56
20/08/2023 02:00,15.919998,993,0,1.563,2.309002,212.300049,209.800049,439.13
20/08/2023 03:00,15.580002,993,0,2.045002,2.729,203.800049,189.600098,404.96
20/08/2023 04:00,15.089996,993,0,2.401001,4.137001,201.699951,188.699951,382.05
20/08/2023 05:00,15.190002,993,0,2.545002,3.480999,208.100098,192,386.45
20/08/2023 06:00,15.589996,994,0,2.459,3.797001,222.899902,201.800049,419.39
20/08/2023 07:00,16.73999,994,0,4.237,5.918999,216.5,200.699951,473.04
20/08/2023 08:00,18.190002,995,0,4.820999,5.313004,216.300049,213.699951,597.93
20/08/2023 09:00,19.390015,995,0,3.727001,5.567001,224.300049,215.600098,800.62
20/08/2023 10:00,19.98999,995,0,3.424,4.791,232.100098,225,875.75
20/08/2023 11:00,20.75,995,0,4.911003,5.535004,213.399902,200.300049,994.88
20/08/2023 12:00,22.279999,995,0,3.381001,3.957001,220.699951,211.300049,1082.55
20/08/2023 13:00,22.279999,995,0,4.077003,4.447998,218.800049,200.300049,1132.72
20/08/2023 14:00,21.959991,996,0,5.016998,6.732002,213.800049,206.5,1132.44
20/08/2023 15:00,23.190002,995,0,3.666,5.249001,227.699951,230,1090.57
20/08/2023 16:00,23.679993,995,0,2.988998,4.049004,220.600098,224.199951,1121.46
20/08/2023 17:00,23.519989,995,0,2.418999,3.323002,237.699951,223.5,1131.05
20/08/2023 18:00,23.23999,995,0,1.945,2.942001,239.199951,233.800049,1021.68
20/08/2023 19:00,21.820007,996,0,1.806999,2.549,209.699951,205.399902,283.52
20/08/2023 20:00,20.070007,997,0,1.958,2.508999,223,218.399902,146.96
20/08/2023 21:00,18.690002,997,0,0.989,1.612,217.100098,212.699951,152.42
20/08/2023 22:00,17.610016,997,0,1.438999,2.220001,213.300049,203.600098,161.22
20/08/2023 23:00,16.640015,997,0,1.035,1.599001,225.800049,240.100098,211.79
21/08/2023 00:00,16.700012,997,0,1.612,2.389,226.300049,237.100098,218.69
21/08/2023 01:00,16.670013,997,0,1.239,2.846001,233.600098,232.300049,227.97
21/08/2023 02:00,15.690002,997,0,1.391001,2.266998,205,190.399902,257.07
21/08/2023 03:00,15.270004,997,0,1.330999,2.145,229.300049,215.300049,257.12
21/08/2023 04:00,14.149994,997,0,0.589,0.971,91.800049,118.400024,216.44
21/08/2023 05:00,14.360001,997,0,2.913002,4.380997,217,202.399902,197.40
21/08/2023 06:00,14.479996,998,0,1.437,2.455002,163.899902,157,242.53
21/08/2023 07:00,16.149994,998,0,2.375,2.782001,211.199951,193.600098,349.90
21/08/2023 08:00,17.980011,998,0,1.59,2.493,176.300049,158.199951,459.54
21/08/2023 09:00,19.179993,998,0,1.474001,2.817001,164.300049,150.399902,624.52
21/08/2023 10:00,19.160004,998,0,2.791,4.072998,212.300049,206.300049,835.61
21/08/2023 11:00,20.5,997,0,3.153,4.253998,218.899902,219.100098,1110.46
21/08/2023 12:00,22.040009,997,0,4.229004,5.922997,219,210.699951,1257.83
21/08/2023 13:00,22.369995,996,0,4.971001,7.125999,216.300049,201.100098,1052.70
21/08/2023 14:00,22.73999,995,0,5.708,7.429001,214.100098,206.5,1085.34
21/08/2023 15:00,22.860016,995,0,4.435997,6.223999,221.899902,205.600098,1052.07
21/08/2023 16:00,22.869995,994,0,3.956001,4.942001,215.899902,213.100098,1111.36
21/08/2023 17:00,22.290009,994,0,4.403999,4.996002,213.300049,204.899902,1097.52
21/08/2023 18:00,21.110016,994,0,3.778,4.827003,217.399902,202.899902,1062.02
21/08/2023 19:00,20.470001,994,0,3.672001,5.023003,221.399902,203.100098,942.62
21/08/2023 20:00,18.720001,995,0,3.02,3.884998,224.5,215.100098,800.40
21/08/2023 21:00,18.049988,994,0,3.278999,3.438999,219.699951,204.800049,684.38
21/08/2023 22:00,17.690002,994,0,2.997002,3.345001,220.899902,216.5,612.39
21/08/2023 23:00,17.619995,993,0,3.147999,4.125,227.800049,223.199951,613.08
22/08/2023 00:00,17.649994,993,0,3.847,4.610001,223.300049,211.800049,597.17
22/08/2023 01:00,17.929993,992,0,3.648998,4.899002,215.399902,208.100098,606.38
22/08/2023 02:00,17.73999,992,0,3.255001,3.634998,219.5,216.899902,583.85
22/08/2023 03:00,17.360016,992,0,2.688999,3.771,227.100098,217.899902,592.07
22/08/2023 04:00,17.079987,992,0,2.460999,3.913002,223.300049,223.699951,628.14
22/08/2023 05:00,16.910004,992,0,3.087002,4.233002,222.800049,210,671.71
22/08/2023 06:00,16.559998,992,0,2.778,4.403,216.899902,216.699951,686.92
22/08/2023 07:00,17.470001,992,0,2.286999,3.605,235.600098,222.800049,704.51
22/08/2023 08:00,18.25,993,0,1.802999,3.056999,251,239.199951,774.51
22/08/2023 09:00,19.019989,993,0,3.365002,4.550003,231.399902,224.600098,872.75
22/08/2023 10:00,19.390015,993,0,2.999001,4.199997,242.100098,226.800049,965.79
22/08/2023 11:00,20.23999,993,0,3.938999,5.354004,222.699951,223.399902,1062.37
22/08/2023 12:00,20.399994,993,0,4.139,4.906998,217.100098,213.100098,1104.80
22/08/2023 13:00,21.48999,993,0,3.179001,4.385002,232.800049,229.399902,1142.96
22/08/2023 14:00,21.540009,993,0,3.949001,4.163002,228.600098,216.800049,1185.74
22/08/2023 15:00,20.339996,994,0,1.910999,3.723,260.200195,263.299805,1095.79
22/08/2023 16:00,21.119995,993,0,3.005001,4.524002,215.199951,221.600098,1126.28
22/08/2023 17:00,21.890015,994,0,3.18,5.731003,241.699951,237.5,1105.38
22/08/2023 18:00,21.299988,994,0,2.006001,2.749001,243.5,237.800049,1052.76
22/08/2023 19:00,19.029999,994,0,1.941,2.75,231.100098,234.699951,805.38
22/08/2023 20:00,17.980011,995,0,1.291,2.027,249.699951,255.199951,459.34
22/08/2023 21:00,17.299988,995,0,0.755,1.232,228.600098,232.5,430.80
22/08/2023 22:00,16.820007,995,0,2.062,2.854,223.899902,214.800049,337.27
22/08/2023 23:00,16.420013,995,0,1.660999,2.105999,219.899902,219.899902,355.33
23/08/2023 00:00,15.990005,995,0,1.65,2.463001,221.699951,221.5,287.87
23/08/2023 01:00,15.330002,995,0,1.096001,1.607,251.5,230.399902,249.83
23/08/2023 02:00,15.660004,995,0,1.506001,2.434002,230.600098,233.199951,224.27
23/08/2023 03:00,15.639999,995,0,1.285,2.293999,227.100098,241,188.92
23/08/2023 04:00,15.729996,995,0,0.73,1.152,241.800049,253.600098,130.60
23/08/2023 05:00,15.5,995,0,0.509,0.697001,276,261,107.86
23/08/2023 06:00,15.699997,995,0,0.824,1.030001,264.799805,228.899902,142.02
23/08/2023 07:00,16.119995,995,0,1.531,1.967001,219.199951,211.199951,236.12
23/08/2023 08:00,15.889999,995,0,1.872999,2.514999,226.699951,213.199951,216.06
23/08/2023 09:00,16.51001,996,0,1.263,1.493,213.300049,209.5,253.61
23/08/2023 10:00,18.360016,995,0,2.103001,2.702,226.199951,210.800049,626.98
23/08/2023 11:00,18.809998,995,0,1.701,2.348999,205.100098,205.300049,808.87
23/08/2023 12:00,19.450012,995,0,1.395,1.923,229.100098,224.699951,1029.76
23/08/2023 13:00,20.350006,994,0,2.018002,3.064999,220.300049,208.399902,1014.50
23/08/2023 14:00,21.200012,994,0,2.567001,3.187,219.199951,212.100098,1032.86
23/08/2023 15:00,21.059998,993,0,1.948999,2.597,214.800049,214,896.52
23/08/2023 16:00,21.589996,993,0,2.160999,2.751999,209.899902,192.100098,944.12
23/08/2023 17:00,21.209991,993,0,2.112999,3.177002,185,175.899902,789.24
23/08/2023 18:00,20.980011,992,0,1.519001,2.095001,188.100098,180.300049,508.07
23/08/2023 19:00,20.440002,992,0,0.92,1.579,0,162,232.56
23/08/2023 20:00,19.980011,992,0,0.669,0.851,201.600098,181.300049,123.64
23/08/2023 21:00,19.579987,992,0,0.721,1.174,175.300049,177.100098,141.55
23/08/2023 22:00,19.329987,991,0,1.007,1.409,210.300049,202.199951,196.16
23/08/2023 23:00,18.600006,991,0,0.673,0.859,107.599976,108.099976,121.67
24/08/2023 00:00,17.459991,990,0,0.597,0.889,93.300049,145,85.49
24/08/2023 01:00,17.839996,990,0,1.742001,2.422001,209.100098,214.800049,90.81
24/08/2023 02:00,18.130005,989,0,2.123001,2.983002,215.399902,202,73.96
24/08/2023 03:00,17.709991,988,0,1.690001,2.852001,193.899902,190.899902,59.72
24/08/2023 04:00,17.610016,988,0,1.471001,2.201,210.100098,212.300049,64.76
24/08/2023 05:00,17.619995,988,0,2.056999,2.764,206,199.300049,126.42
24/08/2023 06:00,17.470001,987,0,1.726999,2.519001,220.300049,215.5,184.63
24/08/2023 07:00,18.179993,987,0,1.208,1.795,209.199951,206.600098,273.30
24/08/2023 08:00,19.630005,986,0,1.438999,1.933001,208.800049,197.800049,330.13
24/08/2023 09:00,19.579987,986,0,0.932,2.506001,282.700195,262.799805,447.81
24/08/2023 10:00,20.100006,986,0,1.417,2.271,308.100098,305.200195,415.64
24/08/2023 11:00,19.899994,985,0,2.019001,2.300999,0,288,503.06
24/08/2023 12:00,18.549988,985,0,1.565001,2.383999,333.799805,319.100098,680.98
24/08/2023 13:00,18.440002,985,0,2.07,3.217999,312.799805,290.399902,827.42
24/08/2023 14:00,18.869995,985,0,1.610001,2.598999,258.799805,272.399902,811.33
24/08/2023 15:00,19.470001,984,0,1.52,2.526001,234.800049,253.5,898.23
24/08/2023 16:00,20.029999,984,0,2.045002,3.713001,254.699951,251.600098,934.14
24/08/2023 17:00,19.670013,984,0,1.75,3.599998,281.299805,284.100098,828.82
24/08/2023 18:00,17.899994,984,0,1.955,2.743,307.200195,291.899902,682.36
24/08/2023 19:00,16.700012,984,0,1.355,2.148998,262.899902,271.899902,540.75
24/08/2023 20:00,14.809998,985,0,1.215,2.056999,257.200195,263,447.49
24/08/2023 21:00,13.820007,985,0,1.264,2.028,245.699951,248.5,404.20
24/08/2023 22:00,12.839996,985,0,0.873,1.759001,304.399902,283.100098,355.71
24/08/2023 23:00,12.600006,985,0,0.564,1.209,215.300049,248.199951,293.62
25/08/2023 00:00,12.110001,984,0,0.4,0.777,208.5,280.299805,234.61
25/08/2023 01:00,12.25,984,0,1.139,1.999001,233.600098,259.200195,235.30
25/08/2023 02:00,12,984,0,0.683,1.187,296.200195,264.399902,246.17
25/08/2023 03:00,11.960007,983,0,0.805,1.881001,249.600098,245.800049,233.46
25/08/2023 04:00,11.899994,983,0,0.596,0.982,330.200195,292.899902,191.58
25/08/2023 05:00,11.610001,982,0,1.229,1.721001,214.600098,234.300049,173.00
25/08/2023 06:00,12,982,0,1.302999,2.164001,216.899902,207.399902,216.77
25/08/2023 07:00,13.949997,982,0,0.825,1.105,258,246.800049,310.23
25/08/2023 08:00,15.680008,982,0,1.408001,2.597,296.700195,263.899902,513.16
25/08/2023 09:00,16.130005,982,0,1.531,2.381001,255.5,247.699951,625.19
25/08/2023 10:00,17.019989,982,0,2.018002,2.999001,229.899902,242.100098,714.53
25/08/2023 11:00,18.01001,982,0,1.372,2.250999,273.299805,254.100098,788.23
25/08/2023 12:00,17.709991,982,0,2.705002,3.698002,226.300049,230.100098,867.98
25/08/2023 13:00,17.790009,981,0,2.233002,3.456001,235.800049,228.899902,1029.97
25/08/2023 14:00,16.850006,981,0,2.788002,3.750999,220.5,204.399902,948.92
25/08/2023 15:00,17.119995,981,0,2.845001,3.957001,216.899902,208.100098,673.28
25/08/2023 16:00,16.820007,980,0,1.753,2.535,237.800049,239.899902,581.68
25/08/2023 17:00,15.479996,980,0,1.787001,2.008999,230.199951,219.399902,540.51
25/08/2023 18:00,15.559998,980,0,1.297001,2.145,244.5,253.399902,515.01
25/08/2023 19:00,15.490005,980,0,1.801001,2.398998,247,238.300049,378.15
25/08/2023 20:00,14.880005,980,0,2.097,2.668999,224.300049,219.5,239.96
25/08/2023 21:00,14.020004,980,0,1.047001,2.27,228.399902,238.5,253.82
25/08/2023 22:00,13.330002,980,0,1.207001,1.844999,219.5,217.399902,130.54
25/08/2023 23:00,12.309998,980,0,0.494,1.032,233.699951,231.399902,140.40
26/08/2023 00:00,12.259995,980,0,1.233999,2.27,222.199951,215.800049,199.48
26/08/2023 01:00,12.660004,979,0,0.885,1.221001,224,223.699951,227.45
26/08/2023 02:00,12.410004,979,0,1.579,2.049999,213.100098,213.199951,191.36
26/08/2023 03:00,12.009995,979,0,1.815001,2.734001,229.199951,223.899902,195.53
26/08/2023 04:00,11.789993,978,0,1.336,2.026001,233.600098,226.5,195.16
26/08/2023 05:00,11.669998,979,0,1.287001,1.662001,214.5,203.699951,169.88
26/08/2023 06:00,11.820007,979,0,1.764999,2.499001,228.199951,220.100098,180.74
26/08/2023 07:00,13.589996,979,0,1.739,2.207001,231.199951,222.100098,272.92
26/08/2023 08:00,14.360001,979,0,1.079,1.906,279.200195,255,372.68
26/08/2023 09:00,15.139999,979,0,1.148001,1.548,248.300049,237.600098,525.45
26/08/2023 10:00,16.059998,980,0,1.447001,2.395,324.799805,327,917.98
26/08/2023 11:00,14.520004,980,0,1.375,2.160999,24.589996,9.320007,999.26
26/08/2023 12:00,15.619995,980,0,1.037001,1.342001,114.699951,106.099976,837.12
26/08/2023 13:00,16.579987,980,0,0.621,0.789,173.899902,151.600098,706.58
26/08/2023 14:00,15.589996,980,0,0.59,1.184,177.699951,169.699951,818.87
26/08/2023 15:00,17.209991,980,0,2.171001,2.598999,226.399902,205.600098,920.96
26/08/2023 16:00,16.600006,980,0,0.696,1.117001,238.899902,231.300049,783.29
26/08/2023 17:00,15.029999,981,0,1.146999,2.295002,235.800049,240.899902,491.84
26/08/2023 18:00,15.229996,981,0,0.668,0.941,296.399902,276.799805,463.87
26/08/2023 19:00,14.410004,981,0,0.615,1.124001,210.699951,242.899902,333.04
26/08/2023 20:00,13.360001,982,0,0.785,1.077999,225.100098,268.299805,221.77
26/08/2023 21:00,12.509995,982,0,1.382999,1.607,213.600098,224.5,210.24
26/08/2023 22:00,12.039993,982,0,1.257,1.136999,211.899902,229.399902,153.93
26/08/2023 23:00,11.75,982,0,1.296,2.111,226.100098,232.300049,148.75
27/08/2023 00:00,11.690002,982,0,1.173,1.993999,234.5,246.899902,124.13
27/08/2023 01:00,11.240005,982,0,1.112,1.653,231.5,235.800049,119.48
27/08/2023 02:00,10.539993,982,0,0.654,1.634001,213.300049,253.600098,127.63
27/08/2023 03:00,10.800003,981,0,0.619,1.541,224,251.300049,131.77
27/08/2023 04:00,10.490005,981,0,1.061001,1.868999,234.800049,238.899902,158.36
27/08/2023 05:00,10.600006,981,0,0.584,1.177,234.300049,240.199951,179.52
27/08/2023 06:00,11,982,0,0.276,0.791,258.700195,246.199951,245.77
27/08/2023 07:00,13.800003,981,0,1.065001,1.754,228,245.399902,339.21
27/08/2023 08:00,15.309998,982,0,0.943,2.07,264.299805,250.600098,461.75
27/08/2023 09:00,15.479996,982,0,1.079,1.754999,239.600098,264.799805,672.27
27/08/2023 10:00,16.480011,982,0,1.395,1.837,263.799805,281.5,813.41
27/08/2023 11:00,17.75,982,0,2.407001,4.777,256.899902,261.299805,862.73
27/08/2023 12:00,16.950012,982,0,2.833,4.735001,282.600098,278.200195,714.03
27/08/2023 13:00,17.410004,983,0,2.227001,4.689003,267,267.200195,775.25
27/08/2023 14:00,16.769989,983,0,2.027,3.291,278.200195,279.700195,824.89
27/08/2023 15:00,17.350006,983,0,2.242001,3.145,259.600098,254.5,839.61
27/08/2023 16:00,16.290009,984,0,2.028,3.587002,265,265.299805,864.36
27/08/2023 17:00,16.160004,984,0,1.746,3.221001,301.899902,286.899902,845.61
27/08/2023 18:00,15.610001,985,0,1.604,2.763,320.700195,285.200195,796.30
27/08/2023 19:00,15.059998,985,0,1.391001,3.166,275.600098,283.399902,714.34
27/08/2023 20:00,14.419998,985,0,1.975,3.126999,300.5,297.600098,613.81
27/08/2023 21:00,14.490005,986,0,1.969,2.550999,316.299805,294.399902,506.15
27/08/2023 22:00,14.119995,986,0,0.94,1.955999,278.600098,291.299805,378.72
27/08/2023 23:00,13.430008,987,0,0.707,1.496,261.899902,273.299805,286.04
28/08/2023 00:00,13.059998,987,0,0.781,1.577,252.899902,270.5,264.80
28/08/2023 01:00,12.770004,987,0,0.806,1.76,230.5,256.600098,281.90
28/08/2023 02:00,12.380005,987,0,0.393,1.735001,170.199951,260.5,261.21
28/08/2023 03:00,11.470001,987,0,0.533,1.202999,236.899902,240.300049,216.69
28/08/2023 04:00,11.440002,987,0,0.281,0.903,81,258.700195,238.78
28/08/2023 05:00,12.169998,987,0,0.33,0.509,240.699951,240.699951,303.32
28/08/2023 06:00,13.380005,988,0,0.501,1.25,267.700195,263.100098,400.32
28/08/2023 07:00,14.130005,988,0,0.601,1.653,265.799805,263.799805,522.36
28/08/2023 08:00,15.610001,988,0,1.709,2.618,301.700195,288.5,672.36
28/08/2023 09:00,16.170013,989,0,1.955,3.583,303.399902,301.399902,866.26
28/08/2023 10:00,16.619995,989,0,2.778999,4.903,316.200195,309.899902,1070.17
28/08/2023 11:00,17.079987,989,0,1.801001,2.608002,298.299805,281,1178.26
28/08/2023 12:00,17.130005,989,0,2.750999,3.910999,314,299.899902,1260.92
28/08/2023 13:00,17.799988,989,0,1.976,3.555,352.399902,330.399902,1267.85
28/08/2023 14:00,16.98999,989,0,1.469,2.493999,280.5,274.100098,1217.95
28/08/2023 15:00,17.079987,989,0,1.195,2.157001,269.700195,273.799805,1148.95
28/08/2023 16:00,16.410004,989,0,1.485001,2.101002,307.5,290.299805,945.31
28/08/2023 17:00,16.600006,989,0,1.209,2.091,282.200195,262.799805,796.17
28/08/2023 18:00,15.880005,989,0,1.542,2.528999,280.299805,271.399902,690.54
28/08/2023 19:00,15.369995,989,0,1.094999,2.181,281.5,265,593.56
28/08/2023 20:00,14.589996,989,0,0.986,1.636999,246.699951,240.800049,524.42
28/08/2023 21:00,14.559998,989,0,1.559,2.708,236.100098,234.300049,469.48
28/08/2023 22:00,14.639999,989,0,1.007,2.014999,249.800049,252.300049,303.65
28/08/2023 23:00,14.570007,988,0,0.717,1.777,242.399902,242.300049,278.81
29/08/2023 00:00,14.520004,988,0,0.985,2.122002,282.799805,259,243.57
29/08/2023 01:00,14.539993,987,0,1.275,2.088001,251.399902,255.5,238.99
29/08/2023 02:00,14.410004,987,0,1.216,1.993,233,236.800049,230.07
29/08/2023 03:00,14.059998,987,0,1.225,1.51,213.399902,213.699951,209.05
29/08/2023 04:00,13.770004,986,0,2.242001,3.167,203.100098,207,218.90
29/08/2023 05:00,13.75,986,0,2.174999,3.118,215.399902,204.699951,212.66
29/08/2023 06:00,13.699997,985,0,3.175999,4.528999,216.300049,215.800049,236.13
29/08/2023 07:00,14.059998,985,0,3.122002,4.026001,221.699951,216.100098,346.98
29/08/2023 08:00,14.789993,985,0,2.606998,3.594002,210.600098,208.199951,455.30
29/08/2023 09:00,15.75,985,0,2.145,2.921001,223.899902,220.5,541.03
29/08/2023 10:00,17.190002,984,0,2.559002,4.517998,230.100098,229.899902,611.92
29/08/2023 11:00,17.679993,984,0,2.615002,3.223,226.300049,234.399902,676.91
29/08/2023 12:00,17.899994,983,0,1.263,1.271,243.899902,235.399902,701.06
29/08/2023 13:00,17.940002,983,0,1.924999,2.494999,237.600098,245.199951,924.05
29/08/2023 14:00,17.440002,983,0,1.599001,2.655998,257,257.399902,853.07
29/08/2023 15:00,19,982,0,2.435001,3.473999,245.399902,244.600098,821.56
29/08/2023 16:00,17.910004,982,0,1.799,3.557999,258.899902,257.5,849.81
29/08/2023 17:00,16.980011,982,0,2.365002,3.970001,298.100098,285.299805,920.03
29/08/2023 18:00,16.959991,982,0,1.187,2.677002,282,270.799805,926.75
29/08/2023 19:00,15.080002,982,0,1.344999,2.193001,274.899902,268,749.82
29/08/2023 20:00,14.100006,982,0,0.874,1.915001,267.799805,262.700195,668.87
29/08/2023 21:00,13.729996,982,0,0.847,1.990999,262.5,248.199951,613.60
29/08/2023 22:00,13.240005,981,0,1.375,2.637001,218.399902,235.5,605.47
29/08/2023 23:00,12.75,981,0,0.79,1.014999,202.899902,250.800049,538.69
30/08/2023 00:00,13.690002,980,0,1.632,3.547001,244.5,260.399902,514.73
30/08/2023 01:00,12.949997,980,0,0.641,1.584,253.899902,278.799805,490.55
30/08/2023 02:00,12.699997,980,0,1.129999,2.736,255.800049,266.299805,506.71
30/08/2023 03:00,12.869995,980,0,0.871,1.635,251.600098,252.600098,500.81
30/08/2023 04:00,12.240005,979,0,0.919,1.671,249.199951,258,491.41
30/08/2023 05:00,12.009995,979,0,0.573,1.683001,259.899902,248.5,476.42
30/08/2023 06:00,12.470001,980,0,1.330999,2.195,233.300049,243.5,499.75
30/08/2023 07:00,13.699997,979,0,1.406,2.715,278.100098,280.399902,624.49
30/08/2023 08:00,14.050003,980,0,1.079,1.965,258.399902,278.799805,732.55
30/08/2023 09:00,14.479996,980,0,1.26,2.828999,255,254,923.34
30/08/2023 10:00,15.339996,980,0,2.650002,3.866001,304.5,298.600098,1239.10
30/08/2023 11:00,17.170013,980,0,2.709999,4.249001,314.899902,296.399902,1259.97
30/08/2023 12:00,17.149994,980,0,3.046001,6.223,304.5,307,1260.60
30/08/2023 13:00,18.079987,980,0,2.181,3.691002,285.5,285,1362.46
30/08/2023 14:00,17.079987,980,0,1.791,2.660999,290.600098,278.200195,1469.10
30/08/2023 15:00,18.730011,980,0,2.785,4.137001,286.5,290.200195,1558.52
30/08/2023 16:00,18.279999,981,0,2.164001,4.337997,316.200195,297.399902,1570.31
30/08/2023 17:00,17.630005,981,0,2.740002,3.651001,314.899902,296.799805,1251.99
30/08/2023 18:00,17.579987,981,0,1.531,3.102001,298.299805,284.399902,870.62
30/08/2023 19:00,15.610001,982,0,0.99,2.085999,288.100098,279.299805,407.29
30/08/2023 20:00,14.119995,982,0,0.949,2.077,249.5,264,323.62
30/08/2023 21:00,13.399994,982,0,0.735,2.365002,231.600098,263.799805,246.52
30/08/2023 22:00,12.809998,983,0,0.757,1.433001,233.199951,261.5,225.80
30/08/2023 23:00,12.449997,983,0,0.54,1.202,165.699951,237.399902,164.69
31/08/2023 00:00,12.380005,983,0,1.098,1.896999,213.399902,230.800049,115.63
31/08/2023 01:00,11.919998,982,0,0.563,1.163,0,246.100098,76.13
31/08/2023 02:00,11.600006,982,0,0.805,1.267,225.699951,255.800049,64.27
31/08/2023 03:00,10.460007,982,0,0.387,0.587,136.100098,49.679993,53.61
31/08/2023 04:00,10.610001,982,0,0.597,0.803,250.699951,253.399902,44.51
31/08/2023 05:00,9.930008,982,0,0.429,0.867,193.100098,241.100098,30.82
31/08/2023 06:00,10.600006,982,0,0.415,0.665,352.5,266.299805,25.67
31/08/2023 07:00,10.869995,983,0,0.545,0.867,96.199951,85.800049,40.64
31/08/2023 08:00,12.899994,983,0,0.275,0.384,115.900024,90.5,188.51
31/08/2023 09:00,16.290009,983,0,1.598,2.416,164.800049,150.899902,582.37
31/08/2023 10:00,16.880005,983,0,2.181,2.803001,209,196.300049,870.72
31/08/2023 11:00,18.059998,982,0,1.681,2.769001,172.399902,156.399902,1140.10
31/08/2023 12:00,18.339996,982,0,2.738998,3.449001,145.800049,154.5,1129.79
31/08/2023 13:00,18.959991,982,0,1.889,2.666,178.399902,153.5,1058.52
31/08/2023 14:00,19.089996,981,0,1.924999,2.924,186.899902,164.899902,1104.60
31/08/2023 15:00,18.5,981,0,2.134998,3.306999,196.5,182.300049,1185.23
31/08/2023 16:00,16.110016,982,0,2.839001,3.559002,221.600098,199,1076.53
31/08/2023 17:00,16.190002,982,0,1.68,2.379002,196.100098,182.100098,702.20
31/08/2023 18:00,15.800003,982,0,1.391001,2.326,189.600098,168.800049,489.42
31/08/2023 19:00,15.059998,982,0,1.882999,2.390999,225,207.399902,371.08
31/08/2023 20:00,14.860001,982,0,1.414,2.379002,157.600098,142.300049,283.32
31/08/2023 21:00,14.410004,982,0,0.841,1.459,136.800049,124.699951,263.85
31/08/2023 22:00,14.130005,982,0,0.887,1.391001,100.099976,111,191.83
31/08/2023 23:00,13.490005,983,0,1.083,1.587,112.900024,99.099976,171.57
01/09/2023 00:00,13.460007,982,0,0.548,1.072001,0,86.099976,202.26
01/09/2023 01:00,13.399994,982,0,0.491,1.040001,104.599976,108.400024,216.30
01/09/2023 02:00,13.570007,982,0,0.523,1.105,82.800049,93.599976,169.38
01/09/2023 03:00,13.539993,982,0,0.611,1.283001,93.199951,91.699951,137.99
01/09/2023 04:00,13.539993,982,0,0.861,1.504999,96.699951,76.630005,115.20
01/09/2023 05:00,13.619995,982,0,0.609,0.945,54.890015,71.160034,104.27
01/09/2023 06:00,13.839996,983,0,0.742,1.042,47.549988,42.460022,111.80
01/09/2023 07:00,14.039993,983,0,0.693,1.188,79.859985,65.859985,133.40
01/09/2023 08:00,14.460007,984,0,0.815,1.372999,59.22998,63.460022,177.87
01/09/2023 09:00,15.149994,985,0,1.002001,1.306,88,79,270.66
01/09/2023 10:00,15.5,985,0,1.26,1.903,56.090027,61.559998,351.08
01/09/2023 11:00,16.440002,986,0,1.183001,1.673,60.970032,67.719971,530.53
01/09/2023 12:00,17.959991,986,0,1.027,1.235001,108.5,102.300049,668.70
01/09/2023 13:00,17.980011,986,0,1.237,1.518,61.359985,73.670044,672.97
01/09/2023 14:00,18.369995,986,0,0.907,1.222,69.550049,62.070007,744.41
01/09/2023 15:00,18.869995,987,0,0.7,1.138,46.570007,34.72998,702.45
01/09/2023 16:00,18.73999,987,0,1.726,2.647999,4.092003,355.700195,668.16
01/09/2023 17:00,18.350006,988,0,2.067001,2.700001,27.869995,16.079987,502.73
01/09/2023 18:00,18.160004,989,0,1.687,2.562,49.02002,41.23999,376.00
01/09/2023 19:00,17.649994,990,0,1.562,2.436001,34.799988,32.299988,340.04
01/09/2023 20:00,16.920013,991,0,1.528999,2.444,29.579987,33.789978,353.43
01/09/2023 21:00,16.48999,991,0,1.591,2.478001,25.179993,23.48999,317.13
01/09/2023 22:00,16.230011,992,0,1.181999,1.714001,18.640015,22.140015,233.11
01/09/2023 23:00,16.089996,992,0,0.857,1.952999,54.76001,56.159973,255.07
02/09/2023 00:00,15.910004,993,0,1.917,2.596001,31.799988,28.640015,248.40
02/09/2023 01:00,15.680008,994,0,1.729,2.632,30.459991,28.73999,244.22
02/09/2023 02:00,15.690002,994,0,1.118999,1.528999,27.890015,14.190002,232.41
02/09/2023 03:00,15.680008,994,0,1.089001,1.388,25.299988,14.240005,231.81
02/09/2023 04:00,15.419998,994,0,0.951,1.452999,42.48999,31.850006,223.17
02/09/2023 05:00,15.320007,995,0,0.917,1.273001,50.049988,38.359985,202.71
02/09/2023 06:00,15.279999,996,0,1.157,1.825001,40.780029,25.670013,195.14
02/09/2023 07:00,15.470001,997,0,1.259001,1.657,37.419983,29.100006,200.35
02/09/2023 08:00,16.130005,998,0,0.839,1.037001,2.449001,358.200195,275.35
02/09/2023 09:00,17.549988,999,0,0.808,1.049,99.5,93.5,393.28
02/09/2023 10:00,18.320007,999,0,1.193001,1.379,71.709961,79.940063,671.45
02/09/2023 11:00,19.660004,999,0,1.098,1.330999,68,56.869995,707.16
02/09/2023 12:00,21.089996,999,0,1.398001,1.773001,129.100098,125.099976,727.99
02/09/2023 13:00,21.380005,999,0,1.395,1.250999,33.01001,36.75,841.08
02/09/2023 14:00,22.75,999,0,1.612,2.043999,182,159.800049,908.54
02/09/2023 15:00,22.040009,999,0,0.94,1.371,126.5,129.300049,909.01
02/09/2023 16:00,22.790009,999,0,1.17,1.511,1.846001,8.720001,553.12
02/09/2023 17:00,23.970001,1000,0,1.033001,1.228001,196.800049,187.699951,244.09
02/09/2023 18:00,22.360016,1000,0,0.96,1.417999,160.600098,147.600098,77.22
02/09/2023 19:00,20.209991,1001,0,0.487,1.344999,179.699951,186.399902,64.71
02/09/2023 20:00,18.790009,1001,0,0.886,1.712999,238.100098,237.100098,58.39
02/09/2023 21:00,17.339996,1002,0,0.773,1.08,180.399902,190.399902,54.60
02/09/2023 22:00,15.869995,1003,0,0.303,0.957,235,262.200195,46.81
02/09/2023 23:00,15.800003,1003,0,0.348,0.913,344.200195,245.699951,51.45
03/09/2023 00:00,14.889999,1003,0,0.575,0.988,31.399994,323.600098,57.57
03/09/2023 01:00,14.690002,1003,0,0.498,1.204,281.899902,267.299805,62.97
03/09/2023 02:00,14.570007,1003,0,0.221,1.134001,0,269.600098,66.22
03/09/2023 03:00,14.479996,1003,0,0.473,0.985,314.600098,271.700195,55.09
03/09/2023 04:00,14.639999,1003,0,0.504,0.985,320.299805,274.700195,52.84
03/09/2023 05:00,13.580002,1003,0,0.337,0.579,58.25,279,51.90
03/09/2023 06:00,12.75,1003,0,0.231,0.235,81.699951,88.199951,52.49
03/09/2023 07:00,13.960007,1003,0,0.449,0.739,130.199951,171.899902,69.38
03/09/2023 08:00,16.429993,1004,0,0.395,0.53,125.900024,134.600098,133.07
03/09/2023 09:00,18.880005,1004,0,0.559,0.555,28.019989,356,313.18
03/09/2023 10:00,21.820007,1004,0,2.108002,3.215,232.600098,229.300049,720.36
03/09/2023 11:00,22.940002,1004,0,2.284,2.654999,231.300049,232.800049,932.16
03/09/2023 12:00,23.610016,1004,0,2.771,4.023003,235.100098,223.600098,1036.17
03/09/2023 13:00,24.450012,1004,0,1.776001,2.403999,241.899902,247.300049,1105.78
03/09/2023 14:00,24.98999,1003,0,1.711,2.554001,0,229.699951,1117.18
03/09/2023 15:00,25.720001,1003,0,2.584999,3.116001,228.5,227.199951,1104.66
03/09/2023 16:00,26.170013,1003,0,2.146999,2.913002,221.899902,209.699951,1072.11
03/09/2023 17:00,25.459991,1002,0,1.104,1.702999,239.899902,262.399902,911.85
03/09/2023 18:00,24.190002,1002,0,0.479,1.007,256.600098,277.799805,82.30
03/09/2023 19:00,21.549988,1002,0,0.289,0.477,173.800049,197,20.65
03/09/2023 20:00,19.679993,1003,0,0.557,1.037001,242.800049,257.399902,14.85
03/09/2023 21:00,18.179993,1003,0,0.808,1.749001,242.5,241.800049,14.91
03/09/2023 22:00,16.690002,1003,0,0.914,1.721001,224.699951,245.399902,18.22
03/09/2023 23:00,15.75,1003,0,0.699,1.673,264.200195,254.899902,18.46
04/09/2023 00:00,15.360001,1003,0,0.437,1.054001,221.100098,241.5,17.12
04/09/2023 01:00,14.860001,1003,0,1.079,1.540001,232.800049,235.699951,16.87
04/09/2023 02:00,14.449997,1003,0,0.655,1.622,262.299805,247.199951,22.41
04/09/2023 03:00,13.970001,1002,0,0.565,1.396999,233,244.5,25.91
04/09/2023 04:00,13.619995,1002,0,0.583,0.96,217.399902,221.100098,26.24
04/09/2023 05:00,13.110001,1002,0,0.273,0.962,230.300049,254.699951,31.80
04/09/2023 06:00,13.089996,1002,0,0.663,1.632,224.100098,246.5,32.04
04/09/2023 07:00,14.610001,1002,0,0.189,0.227,196.699951,171.800049,52.98
04/09/2023 08:00,18.059998,1002,0,0.389,0.279,232.800049,296.5,131.15
04/09/2023 09:00,19.940002,1001,0,0.929,1.097,30.380005,32.619995,283.94
04/09/2023 10:00,23.369995,1001,0,1.687,2.235001,210,188.399902,450.94
04/09/2023 11:00,24.290009,1000,0,2.034,2.632999,182.699951,166.5,561.66
04/09/2023 12:00,25.529999,1000,0,1.759001,2.532001,167.699951,159,645.94
04/09/2023 13:00,26.470001,999,0,1.809,2.546001,195.300049,171.800049,707.20
04/09/2023 14:00,27.290009,998,0,1.292999,1.816,166.600098,152.800049,758.32
04/09/2023 15:00,27.76001,998,0,1.669001,1.813999,165.699951,134.399902,787.14
04/09/2023 16:00,28.23999,997,0,1.671,2.653,151.899902,133.600098,775.41
04/09/2023 17:00,27.779999,997,0,0.959,1.591,125.599976,112.199951,548.41
04/09/2023 18:00,26.709991,997,0,0.999,1.642,102,102.300049,137.77
04/09/2023 19:00,24.519989,997,0,0.592,1.410999,117.900024,96.699951,99.35
04/09/2023 20:00,22.869995,997,0,0.896,2.152,110.199951,124.900024,101.65
04/09/2023 21:00,21.670013,997,0,0.44,0.953,93.099976,109.300049,96.60
04/09/2023 22:00,19.369995,997,0,0.261,0.333,217.699951,209,68.00
04/09/2023 23:00,18.440002,998,0,0.583,1.454,244.100098,239,46.31
05/09/2023 00:00,17.549988,998,0,0.724,1.74,243,242.600098,31.70
05/09/2023 01:00,16.48999,997,0,0.53,1.215,226,233.5,23.92
05/09/2023 02:00,15.720001,997,0,0.459,0.937,182.199951,238.199951,28.33
05/09/2023 03:00,15.309998,996,0,1.042999,1.551001,231.399902,237.100098,36.87
05/09/2023 04:00,14.309998,996,0,0.171,0.823,0,250.899902,45.49
05/09/2023 05:00,13.589996,996,0,0.428,1.253,217.199951,228.5,41.54
05/09/2023 06:00,13.869995,996,0,0.605,1.267,246.100098,240.699951,46.83
05/09/2023 07:00,15.339996,996,0,0.435,0.52,220.199951,246.899902,96.61
05/09/2023 08:00,17.98999,996,0,0.766,1.069,24.709991,30.880005,193.28
05/09/2023 09:00,19.640015,997,0,1.421,1.929001,14.470001,14.5,312.13
05/09/2023 10:00,21.160004,996,0,2.163002,3.549999,43.950012,47.599976,390.90
05/09/2023 11:00,22.869995,996,0,2.648998,4.490997,35.22998,34.890015,513.49
05/09/2023 12:00,24.860016,995,0,2.423,4.477997,50.580017,56.330017,626.16
05/09/2023 13:00,25.190002,995,0,2.898998,4.918999,56.76001,58.76001,699.14
05/09/2023 14:00,25.980011,994,0,2.198002,4.862999,61.690002,58.960022,708.67
05/09/2023 15:00,26.070007,994,0,2.695,4.987999,52.869995,59.619995,666.61
05/09/2023 16:00,25.670013,994,0,3.118,5.738998,52.890015,53.75,599.05
05/09/2023 17:00,24.829987,994,0,2.569,4.296997,63.869995,46.179993,519.13
05/09/2023 18:00,23.5,994,0,1.410999,3.174999,55.190002,54.869995,417.99
05/09/2023 19:00,21.899994,994,0,1.957001,3.081001,49,52.070007,310.14
05/09/2023 20:00,20.059998,995,0,0.847,1.855,42.27002,42.419983,235.35
05/09/2023 21:00,18.869995,995,0,0.425,1.460001,43.02002,36.700012,192.04
05/09/2023 22:00,17.779999,996,0,1.437,2.738998,33.200012,24.75,137.71
05/09/2023 23:00,16.570007,996,0,0.687,1.398001,345.899902,340.200195,109.92
06/09/2023 00:00,16.110016,996,0,0.873,1.6,354.5,345.600098,97.06
06/09/2023 01:00,15.979996,996,0,0.97,1.719,351.799805,342.600098,90.18
06/09/2023 02:00,15.889999,996,0,1.483,2.083,356.600098,352.600098,89.10
06/09/2023 03:00,15.869995,995,0,1.349001,2.553001,348.899902,331,87.86
06/09/2023 04:00,15.889999,995,0,0.925,2.014999,329.399902,324.899902,91.29
06/09/2023 05:00,15.669998,996,0,1.296,2.098999,11.710007,353,90.61
06/09/2023 06:00,15.770004,995,0,1.141001,1.676001,14.279999,357.700195,90.19
06/09/2023 07:00,15.809998,996,0,0.947001,1.357,324,325,97.65
06/09/2023 08:00,16.25,996,0,0.897,1.063999,7.301003,358.5,126.46
06/09/2023 09:00,17.100006,997,0,0.849,0.972,290.299805,303.600098,186.69
06/09/2023 10:00,19.130005,996,0,1.056,1.049,40.909973,37.369995,222.84
06/09/2023 11:00,20.790009,996,0,1.007,1.046,107.599976,111.900024,298.34
06/09/2023 12:00,22.769989,996,0,1.497,1.658001,35.169983,47.400024,359.48
06/09/2023 13:00,25.149994,995,0,1.246,1.561001,115.900024,93.5,428.75
06/09/2023 14:00,27.420013,995,0,1.605,1.901001,191.300049,166.699951,492.14
06/09/2023 15:00,27.410004,994,0,1.136999,1.280001,137.800049,128.100098,544.16
06/09/2023 16:00,27.269989,994,0,1.35,2.157001,118.900024,111.400024,476.16
06/09/2023 17:00,27.630005,994,0,1.191999,2.163002,132.399902,134.699951,256.05
06/09/2023 18:00,26.089996,995,0,0.853,1.646999,116,116.5,60.09
06/09/2023 19:00,24.570007,995,0,0.923,1.843,0,122.400024,47.66
06/09/2023 20:00,22.850006,995,0,0.293,0.669,0,134.899902,52.68
06/09/2023 21:00,22.420013,995,0,0.507,1.299999,230.399902,232.600098,55.62
06/09/2023 22:00,20.730011,996,0,0.449,0.995,202.800049,229.199951,58.77
06/09/2023 23:00,20.149994,996,0,0.569,0.738,157.899902,194.899902,46.10
07/09/2023 00:00,20,996,0,0.679,1.114,241.399902,236.5,35.73
07/09/2023 01:00,19.519989,996,0,0.783,1.395,246.899902,238.399902,26.69
07/09/2023 02:00,18.980011,996,0,0.606,1.201,233,233.800049,25.24
07/09/2023 03:00,18.640015,995,0,0.343,0.865,248.5,239.800049,31.01
07/09/2023 04:00,18.480011,995,0,0.374,0.773,0,28.399994,36.51
07/09/2023 05:00,18.130005,995,0,0.726,1.937,74.410034,70.109985,42.06
07/09/2023 06:00,17.76001,996,0,0.392,0.433,106,58.47998,55.71
07/09/2023 07:00,18.779999,996,0,0.384,0.514,327.100098,345.799805,95.60
07/09/2023 08:00,20.100006,995,0,0.786,0.979,349.700195,348.200195,158.34
07/09/2023 09:00,21.170013,995,0,1.493999,1.717001,34.460022,33.51001,224.63
07/09/2023 10:00,22.440002,995,0,1.971001,2.331001,47.570007,43.580017,311.96
07/09/2023 11:00,23.959991,995,0,1.857,2.620998,36,38.950012,404.10
07/09/2023 12:00,24.950012,994,0,1.854,2.223999,37.01001,30.860016,523.19
07/09/2023 13:00,26.100006,994,0,1.983,3.054001,42.409973,46.570007,624.65
07/09/2023 14:00,27.619995,993,0,1.188999,1.74,47.940002,37.080017,693.78
07/09/2023 15:00,28.119995,992,0,2.117001,3.153,41.23999,38.179993,716.81
07/09/2023 16:00,27.929993,992,0,2.087002,3.341,36.140015,38.539978,676.95
07/09/2023 17:00,27.450012,991,0,1.570999,2.748001,42.070007,45.970032,478.24
07/09/2023 18:00,26.309998,991,0,1.163,1.982,45.27002,50.630005,295.08
07/09/2023 19:00,23.929993,992,0,1.117001,2.658001,67.099976,72.410034,222.40
07/09/2023 20:00,21.040009,993,0,0.258,0.757,0,49.590027,136.00
07/09/2023 21:00,20.450012,993,0,0.337,0.812,100.199951,41.75,54.32
07/09/2023 22:00,19.25,993,0,0.286,0.843,0,21.220001,61.45
07/09/2023 23:00,18.73999,993,0,1.083,2.275002,340.700195,332.5,61.26
08/09/2023 00:00,17.869995,993,0,0.533,0.765,223.699951,236.899902,56.51
08/09/2023 01:00,16.940002,992,0,0.287,0.477,210.800049,252.100098,54.20
08/09/2023 02:00,16.630005,992,0,0.388,0.823,226.399902,281.299805,50.37
08/09/2023 03:00,16.809998,991,0,0.718,1.229,232.399902,244.5,48.39
08/09/2023 04:00,16.410004,991,0,0.718,1.127001,216.800049,227.699951,48.71
08/09/2023 05:00,16.160004,991,0,0.772,1.554001,243,251.800049,47.02
08/09/2023 06:00,16.140015,992,0,0.367,1.118999,248.100098,248.899902,44.33
08/09/2023 07:00,17.390015,992,0,0.677,0.646,224.399902,236.100098,55.02
08/09/2023 08:00,19.26001,992,0,0.488,0.366,184.5,186.100098,82.50
08/09/2023 09:00,20.269989,992,0,0.789,1.031,77.949951,61.76001,120.25
08/09/2023 10:00,21.950012,992,0,0.751,1.004999,39.299988,36.549988,186.26
08/09/2023 11:00,23.929993,992,0,1.075001,1.065001,25.029999,56.840027,247.31
08/09/2023 12:00,25.579987,992,0,0.837,1.041,73.420044,90.300049,343.77
08/09/2023 13:00,26.279999,992,0,1.072001,1.431,88.400024,91.5,476.71
08/09/2023 14:00,27.380005,991,0,1.219999,1.632999,104.599976,116.599976,618.74
08/09/2023 15:00,28.73999,990,0,1.247,1.778999,144.699951,135.600098,730.60
08/09/2023 16:00,29.279999,990,0,1.457001,1.905001,242.199951,256.399902,778.58
08/09/2023 17:00,28.360016,990,0,0.932,1.447001,263.600098,260.299805,743.56
08/09/2023 18:00,26.709991,990,0,0.515,1.174,273.100098,263.600098,81.88
08/09/2023 19:00,25.390015,991,0,0.349,0.903,0,280.399902,29.27
08/09/2023 20:00,24.5,991,0,0.409,0.587,32.970032,321.299805,24.70
08/09/2023 21:00,23.679993,991,0,0.441,1.009001,269.899902,261.100098,22.55
08/09/2023 22:00,23.119995,991,0,0.482,1.131001,236.100098,233.5,23.17
08/09/2023 23:00,22.559998,991,0,0.616,1.063999,235.5,243.100098,23.35
09/09/2023 00:00,21.429993,991,0,0.334,0.401,217,232.5,20.06
09/09/2023 01:00,21.070007,990,0,0.622,0.793,210.899902,230.5,19.21
09/09/2023 02:00,20.660004,990,0,0.513,0.849,239.5,255.699951,20.47
09/09/2023 03:00,20.079987,990,0,0.729,1.306,215.5,238.399902,21.34
09/09/2023 04:00,20.049988,990,0,0.516,1.000999,228.5,250.100098,22.33
09/09/2023 05:00,19.48999,990,0,0.555,1.09,217.699951,245.5,21.68
09/09/2023 06:00,19.200012,990,0,0.678,1.216,234,241.899902,20.74
09/09/2023 07:00,20.190002,990,0,0.43,0.917,261.399902,261.799805,25.58
09/09/2023 08:00,22.850006,991,0,0.388,0.271,0,136.399902,47.01
09/09/2023 09:00,23.630005,991,0,0.757,1.233999,79.609985,83.800049,164.81
09/09/2023 10:00,25.769989,991,0,0.681,0.648,102.300049,96.699951,516.38
09/09/2023 11:00,27.220001,991,0,0.937,0.85,86.900024,245.600098,724.76
09/09/2023 12:00,27.73999,990,0,0.809,0.791,80.699951,52.159973,911.36
09/09/2023 13:00,27.929993,990,0,0.91,1.271,278.100098,288.299805,1021.43
09/09/2023 14:00,29.769989,990,0,0.832,0.937,331.100098,310.399902,1089.24
09/09/2023 15:00,29.209991,990,0,1.865999,2.709,29.070007,18.269989,980.51
09/09/2023 16:00,30.160004,989,0,1.684999,2.417999,233.399902,209.600098,343.07
09/09/2023 17:00,29.429993,990,0,1.59,2.321999,222.600098,208.5,285.35
09/09/2023 18:00,27.309998,990,0,0.438,1.042999,258.200195,284.299805,127.03
09/09/2023 19:00,25.880005,991,0,0.725,1.214001,333.700195,305.200195,49.96
09/09/2023 20:00,24.929993,991,0,0.785,1.290001,26.170013,16.799988,36.49
09/09/2023 21:00,23.420013,992,0,0.224,1.122,0,7.684998,32.31
09/09/2023 22:00,22.5,992,0,0.238,0.715,0,304.100098,50.29
09/09/2023 23:00,21.5,992,0,0.555,0.713,0,103.5,50.23
10/09/2023 00:00,20.880005,992,0,0.401,1.017,239.5,245.699951,40.11
10/09/2023 01:00,20.399994,992,0,0.599,0.988,0,267.200195,31.48
10/09/2023 02:00,19.959991,991,0,1.058001,1.631001,225.300049,236.300049,32.77
10/09/2023 03:00,19.390015,991,0,0.787,1.555,253.5,254.899902,32.68
10/09/2023 04:00,18.610016,991,0,1.004,1.604,225.199951,242.100098,31.59
10/09/2023 05:00,18.48999,991,0,0.867,1.531,247,242.300049,33.84
10/09/2023 06:00,17.980011,991,0,0.309,0.993,237,236.699951,36.44
10/09/2023 07:00,19.119995,992,0,0.59,0.696,244.199951,259,55.27
10/09/2023 08:00,20.779999,992,0,0.647,0.782,48.98999,0.567,132.63
10/09/2023 09:00,20.799988,992,0,0.863,1.131001,32.119995,31.890015,228.17
10/09/2023 10:00,21.019989,992,0,0.597,0.666,356.799805,355.899902,305.18
10/09/2023 11:00,21.019989,991,0,0.655,0.757,3.827999,23.320007,359.04
10/09/2023 12:00,21.860016,990,0,0.875,1.007,21.450012,29.179993,461.43
10/09/2023 13:00,23.230011,989,0,0.503,0.807,173.399902,109.699951,527.20
10/09/2023 14:00,23.970001,988,0,0.715,1.281,96.900024,115.800049,674.86
10/09/2023 15:00,24.019989,988,0,1.003,1.181999,226.399902,211.5,548.89
10/09/2023 16:00,23.890015,987,0,0.579,0.875,50.210022,63.01001,365.16
10/09/2023 17:00,23.769989,986,0,0.459,0.714,105.599976,125,302.58
10/09/2023 18:00,23.130005,986,0,0.455,1.149,138.100098,111.199951,275.28
10/09/2023 19:00,22.200012,986,0,0.362,1.037001,205,210.899902,80.05
10/09/2023 20:00,22.049988,986,0,0.246,0.502,0,246.100098,68.39
10/09/2023 21:00,21.570007,986,0,0.527,0.629,172.5,223.399902,147.56
10/09/2023 22:00,21.200012,985,0,1.5,2.071999,218.5,218.600098,46.75
10/09/2023 23:00,20.660004,985,0,1.269001,1.778,211.199951,215.399902,157.20
11/09/2023 00:00,20.880005,985,0,1.698999,2.729,222,221.399902,297.91
11/09/2023 01:00,20.679993,984,0,2.611,4.003998,220,214.5,318.65
11/09/2023 02:00,20.429993,984,0,2.325001,3.042999,219.699951,209.300049,347.55
11/09/2023 03:00,19.829987,984,0,1.410999,2.195999,201.5,193.5,383.31
11/09/2023 04:00,19.76001,984,0,1.500999,1.997,229.5,246.399902,471.37
11/09/2023 05:00,19.529999,984,0,0.69,0.936,209.300049,222.100098,558.18
11/09/2023 06:00,19.23999,984,0,3.223,3.916,221.399902,222.300049,576.19
11/09/2023 07:00,19.140015,984,0,3.859001,5.569,228,226.300049,611.25
11/09/2023 08:00,19.730011,985,0,1.785,2.416,207.5,202.800049,591.33
11/09/2023 09:00,21.700012,985,0,2.485001,3.250999,224.800049,227.100098,559.23
11/09/2023 10:00,22.399994,985,0,2.969002,3.896,209.399902,212.199951,713.89
11/09/2023 11:00,22.049988,985,0,2.118999,3.210999,229.899902,225.699951,675.86
11/09/2023 12:00,22.049988,985,0,2.261002,2.882999,225.5,217.600098,897.48
11/09/2023 13:00,21.940002,985,0,3.814999,4.417999,213.100098,206.899902,788.16
11/09/2023 14:00,22.230011,985,0,1.951,2.937,251.600098,259.399902,669.14
11/09/2023 15:00,20.829987,985,0,1.261,1.945,276.100098,266,509.10
11/09/2023 16:00,21.339996,985,0,0.814,1.188,310.899902,278.799805,508.89
11/09/2023 17:00,20.880005,985,0,0.961,1.825001,296.700195,266.399902,478.78
11/09/2023 18:00,18.600006,986,0,0.585,0.919,232.399902,256.799805,437.05
11/09/2023 19:00,18.470001,986,0,0.52,0.803,291.200195,268.299805,367.82
11/09/2023 20:00,18.140015,987,0,0.861,1.639999,346.399902,329.5,322.18
11/09/2023 21:00,17.26001,987,0,0.482,0.951,289.299805,291.899902,268.91
11/09/2023 22:00,17,987,0,0.625,0.975,0.538,334.799805,187.05
11/09/2023 23:00,16.329987,987,0,1.039,1.519001,34.22998,35.169983,159.63
12/09/2023 00:00,15.619995,987,0,0.783,1.535,75.280029,55.23999,97.52
12/09/2023 01:00,15.410004,987,0.2,1.142,1.698999,39.440002,34.400024,82.57
12/09/2023 02:00,15.240005,987,0,0.833,1.113001,28.299988,32.570007,119.61
12/09/2023 03:00,15.039993,987,0,1.577999,2.342999,36.530029,27.279999,176.52
12/09/2023 04:00,14.419998,987,0,0.986,1.830999,0.589,352.600098,297.83
12/09/2023 05:00,13.680008,987,0,2.277,3.159,359.799805,353.100098,355.91
12/09/2023 06:00,13.580002,988,0,1.333,2.276001,21.790009,5.237,381.78
12/09/2023 07:00,13.710007,988,0.2,0.881,1.342001,0,358.200195,437.43
12/09/2023 08:00,13.710007,989,0,1.982,2.640999,21.779999,23.220001,455.37
12/09/2023 09:00,14.190002,989,0,1.521,2.184002,30.049988,23.01001,452.89
12/09/2023 10:00,14.110001,989,0,2.289001,3.494999,21.459991,23.76001,466.04
12/09/2023 11:00,14.350006,990,0,2.168999,3.288002,359.799805,2.358002,532.99
12/09/2023 12:00,14.389999,990,0,3.581001,5.653999,35.140015,25.059998,574.59
12/09/2023 13:00,14.529999,990,0,2.564999,4.170998,36.570007,43.210022,632.41
12/09/2023 14:00,14.259995,991,0,3.313,4.666,14.779999,8.190002,670.30
12/09/2023 15:00,14.309998,991,0,2.441002,3.506001,30.029999,15.009995,716.09
12/09/2023 16:00,14.320007,991,0,2.809002,4.115997,22.029999,11.460007,768.64
12/09/2023 17:00,14.160004,992,0,3.755001,5.301003,18.559998,11.940002,811.23
12/09/2023 18:00,13.800003,993,0,2.311001,3.623001,13.490005,356.600098,786.58
12/09/2023 19:00,13.350006,994,0,2.411999,3.533001,26.769989,10.979996,729.84
12/09/2023 20:00,12.889999,995,0,1.655001,2.832001,13.080002,347.5,689.41
12/09/2023 21:00,12.550003,995,0,1.08,2.445,7.859001,337.200195,677.95
12/09/2023 22:00,12.240005,995,0,1.565001,2.719002,2.345001,334.399902,620.78
12/09/2023 23:00,11.740005,995,0,1.996,3.341,4.754997,338.399902,525.34
13/09/2023 00:00,11.330002,996,0,1.759001,2.793999,8.470001,350.600098,425.92
13/09/2023 01:00,10.979996,996,0,1.069,1.547001,32.409973,11.509995,368.00
13/09/2023 02:00,10.449997,997,0,0.901,0.825,110.199951,87.699951,354.65
13/09/2023 03:00,10.169998,997,0,0.686,0.961,0,64.060059,329.87
13/09/2023 04:00,10.320007,997,0,1.468,2.323002,354.5,340.799805,304.45
13/09/2023 05:00,10.130005,998,0,1.037001,1.257999,16.76001,348,274.01
13/09/2023 06:00,9.990005,998,0,0.746,0.79,303.5,287.100098,249.41
13/09/2023 07:00,10.5,999,0,0.497,0.511,61.280029,350.100098,296.10
13/09/2023 08:00,11.880005,1000,0,1.561001,1.790001,19.76001,354.100098,425.68
13/09/2023 09:00,13.240005,1000,0,1.08,1.476999,357.799805,353.700195,657.68
13/09/2023 10:00,14.610001,1000,0,1.231001,1.711,28.709991,21.920013,791.38
13/09/2023 11:00,15.699997,1000,0,1.603001,2.514,72.98999,58.869995,913.09
13/09/2023 12:00,16.559998,1000,0,1.434999,1.879999,117.900024,106.699951,1036.74
13/09/2023 13:00,17.670013,999,0,1.495001,2.014999,152.300049,138.100098,1088.32
13/09/2023 14:00,17.440002,999,0,1.398001,1.646999,58.609985,61.400024,1074.11
13/09/2023 15:00,19.059998,998,0,1.937,2.640999,191.199951,173,1073.43
13/09/2023 16:00,17.399994,998,0,1.549999,2.435001,122.199951,109.800049,1073.51
13/09/2023 17:00,17.48999,998,0,1.191999,2.417,152.899902,138.5,516.19
13/09/2023 18:00,16.579987,997,0,1.032,2.115002,149.100098,148.199951,307.10
13/09/2023 19:00,15.770004,997,0,1.127001,2.355999,154.699951,149.800049,195.23
13/09/2023 20:00,15.25,997,0,0.877,1.709,161.300049,151.899902,220.26
13/09/2023 21:00,15.100006,997,0,1.67,3.59,183.899902,164.399902,289.70
13/09/2023 22:00,14.960007,997,0,2.545002,3.809002,186.5,172.899902,402.42
13/09/2023 23:00,14.779999,996,0,2.167999,3.014,207.199951,185.300049,454.93
14/09/2023 00:00,14.529999,996,0,1.999001,2.639999,202.699951,172.800049,530.34
14/09/2023 01:00,14.059998,995,0,1.4,2.275002,185.100098,173.5,550.38
14/09/2023 02:00,13.979996,994,0,1.532,2.388,136.600098,140.199951,536.43
14/09/2023 03:00,14.809998,994,0,1.488001,1.91,221.399902,211.199951,543.57
14/09/2023 04:00,14.580002,994,0,2.639,3.763,218.100098,213.5,546.73
14/09/2023 05:00,13.75,994,0,2.354,3.163002,218.300049,211.5,543.14
14/09/2023 06:00,13.759995,993,0,3.428001,4.428001,221.800049,213,504.49
14/09/2023 07:00,14.180008,994,0,2.686001,3.780998,218.100098,210.5,495.04
14/09/2023 08:00,14.800003,994,0,0.837,1.007,193.800049,184.800049,477.84
14/09/2023 09:00,15.190002,995,0,2.521,3.401001,223.300049,217,470.62
14/09/2023 10:00,15.850006,995,0,1.915001,2.363998,212.800049,208.899902,412.73
14/09/2023 11:00,16.910004,995,0,1.906,2.716,215.399902,211.699951,428.28
14/09/2023 12:00,17.369995,995,0,2.042999,2.644001,217.100098,201.100098,482.66
14/09/2023 13:00,17.660004,995,0,1.495001,2.127998,222.100098,210.5,524.45
14/09/2023 14:00,17.690002,994,0,1.422001,2.052002,215.899902,218.199951,617.40
14/09/2023 15:00,18.190002,994,0,2.021,3.508999,175.699951,168.699951,603.96
14/09/2023 16:00,19.459991,993,0,2.376999,3.163002,198.399902,194.399902,530.10
14/09/2023 17:00,18.029999,993,0,2.560001,3.785999,184.699951,177.199951,439.82
14/09/2023 18:00,17.519989,993,0,1.886999,2.970001,210.600098,201.5,283.28
14/09/2023 19:00,17.130005,993,0,1.944,2.851002,214.5,201.399902,128.57
14/09/2023 20:00,16.600006,993,0,0.62,1.215,67.410034,57.669983,94.98
14/09/2023 21:00,16.459991,993,0,0.54,0.981,150.100098,165.699951,96.20
14/09/2023 22:00,16.130005,993,0,0.753,1.305,121.800049,111.599976,92.68
14/09/2023 23:00,16.070007,992,0,0.387,0.935,0,60.470032,90.26
15/09/2023 00:00,15.800003,992,0,0.627,1.205999,126.5,133.600098,135.55
15/09/2023 01:00,15.710007,991,0,0.901,1.472,108.400024,115.800049,186.04
15/09/2023 02:00,15.740005,991,0,1.017,2.007999,124.900024,121.400024,241.68
15/09/2023 03:00,16.299988,991,0,1.516001,2.354,188.5,167.5,258.19
15/09/2023 04:00,16.420013,990,0,1.271,2.299,205,182.899902,284.11
15/09/2023 05:00,16.420013,990,0,1.233,1.778999,184.5,183.699951,268.96
15/09/2023 06:00,15.940002,990,0,0.545,0.714,0,70.01001,256.94
15/09/2023 07:00,16.01001,990,0,1.146,1.594,211.199951,197.899902,256.12
15/09/2023 08:00,17.570007,990,0,1.429001,1.823,201.100098,191.399902,282.24
15/09/2023 09:00,18.149994,990,0,1.992001,2.764,217.5,196.699951,365.96
15/09/2023 10:00,19.660004,990,0,1.907,2.309002,184.199951,178,548.69
15/09/2023 11:00,20.559998,989,0,2.097,3.019001,144,140.300049,761.16
15/09/2023 12:00,20.700012,989,0,1.906,2.742001,146.600098,148.800049,832.10
15/09/2023 13:00,21.610016,989,0,2.57,3.722,187,162.100098,932.49
15/09/2023 14:00,21.459991,988,0,1.707001,2.261002,141.300049,143,1001.35
15/09/2023 15:00,21.959991,988,0,2.016998,2.896,145,139.899902,1127.11
15/09/2023 16:00,21.660004,988,0,2.310001,2.779999,196.699951,182.600098,1174.46
15/09/2023 17:00,22.170013,987,0,1.063999,1.315001,218,207.5,588.86
15/09/2023 18:00,20.140015,987,0,0.361,0.575,0,207.600098,29.52
15/09/2023 19:00,17.660004,988,0,0.204,0.659,201.899902,1.944,39.29
15/09/2023 20:00,17.220001,988,0,0.82,1.528,244.5,241.899902,61.99
15/09/2023 21:00,16.730011,989,0,0.837,1.559,329.100098,317.200195,65.51
15/09/2023 22:00,16.089996,989,0,1.044001,1.636999,346.100098,343.600098,58.21
15/09/2023 23:00,15.720001,989,0,0.925,1.782,307,310.5,76.75
16/09/2023 00:00,15.5,988,0,1.653999,2.375,14.570007,5.108002,83.40
16/09/2023 01:00,15.460007,988,0,1.861,3.148998,6.294998,355.200195,97.12
16/09/2023 02:00,15.199997,989,0,1.710001,3.059002,355.799805,347.799805,131.59
16/09/2023 03:00,15.020004,989,0,1.743999,2.497002,0.774,347.100098,187.87
16/09/2023 04:00,14.380005,989,0,1.882999,3.132999,351.399902,349.399902,213.25
16/09/2023 05:00,13.580002,989,0,2.368999,3.727001,1.829,350.5,242.48
16/09/2023 06:00,13.330002,990,0,1.933001,3.007999,11.149994,359.700195,273.17
16/09/2023 07:00,13.279999,991,0,1.790001,2.568001,6.286003,2.303001,307.18
16/09/2023 08:00,13.289993,991,0,1.712999,2.574001,8.619995,351.100098,343.41
16/09/2023 09:00,13.850006,992,0,1.504,2.116001,2.749001,347.100098,354.62
16/09/2023 10:00,14.190002,992,0,2.618999,3.943001,0.639,353.100098,356.18
16/09/2023 11:00,15.300003,992,0,1.974001,2.768002,10.680008,5.167,439.52
16/09/2023 12:00,16.040009,992,0,2.413002,4.065002,1.181,355.700195,542.50
16/09/2023 13:00,16.720001,992,0,2.332001,3.415001,358.600098,354.600098,669.58
16/09/2023 14:00,17.519989,992,0,3.028,4.504997,355.299805,355.299805,755.30
16/09/2023 15:00,16.730011,992,0,3.589001,4.873001,12.119995,359.799805,765.11
16/09/2023 16:00,16.730011,992,0,2.757999,3.851002,23.429993,16.299988,743.43
16/09/2023 17:00,16.329987,992,0,3.050999,4.337997,11.169998,6.862999,684.71
16/09/2023 18:00,15.940002,993,0,3.331001,4.554001,19.059998,15.990005,622.87
16/09/2023 19:00,15.839996,993,0,2.077999,3.262001,26.519989,12.320007,562.18
16/09/2023 20:00,15.580002,994,0,2.215,3.164001,24.070007,16.149994,527.40
16/09/2023 21:00,15.410004,993,0,1.917,3.129002,37.929993,21.850006,479.09
16/09/2023 22:00,15.320007,993,0,1.921,3.237,35.030029,25.950012,391.22
16/09/2023 23:00,15.149994,993,0,1.489,2.427002,3.418999,358.600098,401.98
17/09/2023 00:00,14.809998,993,0,1.605,2.238998,8.330002,8.940002,437.08
17/09/2023 01:00,14.770004,993,0,1.833,2.277,28.399994,8.330002,439.53
17/09/2023 02:00,14.869995,992,0,1.309,1.952999,32.330017,25.950012,448.46
17/09/2023 03:00,14.889999,991,0,2.120998,2.877998,30.890015,24.399994,460.21
17/09/2023 04:00,14.899994,991,0,1.895,2.617001,30.549988,28.559998,457.26
17/09/2023 05:00,14.960007,991,0,1.507,2.646999,49.97998,34.419983,476.48
17/09/2023 06:00,15.009995,991,0,1.566999,2.318001,41.840027,43.109985,485.86
17/09/2023 07:00,15.119995,990,0,1.243999,2.02,43.390015,45.97998,532.83
17/09/2023 08:00,15.589996,990,0,1.853001,3.519001,54.609985,56.179993,622.85
17/09/2023 09:00,16.170013,989,0,1.903999,3.811001,65.859985,76.920044,883.81
17/09/2023 10:00,17.290009,989,0,1.843,3.021,88.900024,79.160034,828.82
17/09/2023 11:00,18.769989,988,0,2.193001,4.168999,84.800049,77.02002,831.84
17/09/2023 12:00,19.279999,987,0,2.187,3.508999,67.670044,77.690063,903.77
17/09/2023 13:00,19.670013,986,0,1.617001,2.734001,84.300049,79.079956,947.71
17/09/2023 14:00,19.360016,985,0,2.132999,3.528999,103.699951,89.300049,804.52
17/09/2023 15:00,19.339996,984,0,1.951,3.983002,90.099976,90.699951,711.46
17/09/2023 16:00,18.950012,983,0,1.93,3.646,87.199951,85.599976,617.84
17/09/2023 17:00,18.130005,982,0,1.66,3.363998,79.150024,75.310059,563.64
17/09/2023 18:00,17.5,982,0,1.105,2.417,56.309998,81.699951,534.74
17/09/2023 19:00,16.420013,980,0,1.33,2.254002,78.119995,76.670044,528.90
17/09/2023 20:00,16.309998,979,0,1.131001,1.728001,108.099976,99.900024,518.69
17/09/2023 21:00,16.350006,978,0,0.581,1.035,142.899902,126.199951,418.27
17/09/2023 22:00,16.559998,978,0,0.895,1.872,136,130.100098,301.92
17/09/2023 23:00,16.679993,976,0,1.389,2.492001,127.5,122.800049,314.30
18/09/2023 00:00,16.73999,975,0,0.668,1.413,186.300049,175.300049,228.65
18/09/2023 01:00,16.73999,974,0,0.524,1.136,108.800049,113.699951,263.18
18/09/2023 02:00,16.940002,972,0,1.155001,1.917,215.699951,192.199951,256.29
18/09/2023 03:00,16.850006,971,0,0.747,1.247,112.699951,112.199951,274.26
18/09/2023 04:00,16.709991,970,0,0.407,0.457,96.199951,128.600098,315.66
18/09/2023 05:00,16.700012,969,0,1.212999,2.111,155.100098,163,384.24
18/09/2023 06:00,16.579987,969,0,2.466999,3.487,205.100098,201.5,423.95
18/09/2023 07:00,16.290009,969,0,2.827999,4.140999,214.100098,209.399902,541.09
18/09/2023 08:00,16.579987,968,0,3.591,4.584,214.800049,201.300049,688.95
18/09/2023 09:00,17.459991,968,0,2.609001,4.219002,220.699951,207,777.45
18/09/2023 10:00,18.320007,967,0,5.082001,7.265999,220.399902,214.100098,883.57
18/09/2023 11:00,17.190002,968,0,3.469002,4.376999,225.800049,233.600098,723.93
18/09/2023 12:00,12.669998,968,0,1.337,1.715,250.699951,252.100098,672.04
18/09/2023 13:00,14.419998,968,0,1.105,2.195999,239.699951,250.199951,711.32
18/09/2023 14:00,15.699997,969,0,2.859001,5.041,274.899902,267.200195,955.90
18/09/2023 15:00,16.360016,970,0,2.653,4.931999,274.700195,265.899902,1037.56
18/09/2023 16:00,16.089996,971,0,2.716999,5.595001,243.300049,246.600098,1231.49
18/09/2023 17:00,16.070007,971,0,1.474001,2.654999,253.100098,268.399902,1174.58
18/09/2023 18:00,14.490005,972,0,3.008999,4.074997,227.300049,229,1139.14
18/09/2023 19:00,13.470001,972,0,2.681,3.984001,229.100098,228.399902,1109.78
18/09/2023 20:00,13.300003,973,0,2.591999,3.792999,218.100098,224.899902,1034.26
18/09/2023 21:00,11.990005,974,0,1.903999,2.936001,192.199951,183.600098,1053.37
18/09/2023 22:00,11.839996,974,0,1.240999,2.266998,222,252.699951,1003.58
18/09/2023 23:00,11.800003,974,0,2.120998,3.133999,221.399902,230.699951,1049.45
19/09/2023 00:00,11.309998,975,0,2.263,3.375999,215.899902,202.300049,1088.53
19/09/2023 01:00,11.589996,974,0,3.043999,4.114998,217.899902,209.100098,1047.34
19/09/2023 02:00,11.860001,974,0,3.758999,4.899002,219.600098,207.300049,1073.23
19/09/2023 03:00,11.910004,974,0,2.946999,4.702003,203.5,189.399902,928.27
19/09/2023 04:00,11.410004,973,0,2.689999,4.328003,186.100098,174.600098,747.36
19/09/2023 05:00,11.800003,972,0,2.716999,3.818001,197.899902,189.5,672.01
19/09/2023 06:00,12.740005,969,0,3.261002,4.154999,199.100098,179.300049,935.74
19/09/2023 07:00,14.369995,967,0,4.951004,7.642998,213.199951,197.100098,1195.03
19/09/2023 08:00,14.600006,967,0,6.638,8.270004,208.600098,198.5,1338.08
19/09/2023 09:00,15.410004,966,0,5.996002,9.210007,209.600098,206.100098,1298.32
19/09/2023 10:00,16.730011,966,0,4.698997,6.725998,212.899902,203,1272.56
19/09/2023 11:00,18.799988,966,0,5.199997,6.307999,219.5,208.800049,1212.41
19/09/2023 12:00,19.480011,967,0,4.609001,6.459999,218.600098,210.699951,1189.53
19/09/2023 13:00,19.309998,967,0,5.806,6.942001,220.300049,217.199951,1115.68
19/09/2023 14:00,20.049988,967,0,5.957001,8.009995,222,212.699951,1096.32
19/09/2023 15:00,19.75,968,0,4.519997,6.959,222.199951,220.199951,1089.56
19/09/2023 16:00,18.980011,968,0,5.390999,6.237,223.5,220.699951,1126.18
19/09/2023 17:00,18.820007,968,0,5.259003,7.574997,226.199951,221.5,1281.79
19/09/2023 18:00,18.470001,968,0,4.085999,4.431,225.5,217.800049,1308.60
19/09/2023 19:00,17.98999,968,0,5.294998,7.841003,228.800049,226,1299.94
19/09/2023 20:00,17.850006,968,0,5.115997,6.331001,207.600098,216.199951,1258.30
19/09/2023 21:00,17.649994,968,0,5.102997,7.844002,231.399902,215.399902,1299.18
19/09/2023 22:00,17.309998,968,0,5.442001,6.465004,218.5,205.600098,1463.35
19/09/2023 23:00,17.869995,967,0,4.336998,5.796997,205,194.5,1390.55
20/09/2023 00:00,18.100006,967,0,5.009003,6.387001,211.199951,194.100098,1254.26
20/09/2023 01:00,17.869995,967,0,3.056999,4.551003,191.600098,179.699951,1300.38
20/09/2023 02:00,17.980011,966,0,3.585999,5.885002,200.100098,197.300049,1373.43
20/09/2023 03:00,17.540009,964,0,4.229004,6.642998,196.100098,184.100098,1375.93
20/09/2023 04:00,17.75,964,0,4.023003,5.460999,202.100098,185.399902,1322.68
20/09/2023 05:00,17.660004,963,0,5.209,6.988998,212.5,187.600098,1259.05
20/09/2023 06:00,17.190002,963,0,5.446999,7.750999,206.800049,188.899902,1239.51
20/09/2023 07:00,16.5,963,0,4.314003,5.677002,199.800049,187.600098,1207.87
20/09/2023 08:00,16.329987,963,0,4.773003,6.737999,191.899902,185.699951,1198.02
20/09/2023 09:00,16.420013,962,0,5.668999,7.595001,197.899902,192.199951,1228.19
20/09/2023 10:00,16.540009,961,0,4.236,4.834999,181.800049,190.800049,1191.04
20/09/2023 11:00,17.380005,960,0,5.690002,7.584999,196.100098,184.300049,1207.55
20/09/2023 12:00,17.290009,960,0,4.676003,5.723,200.100098,186.600098,1102.66
20/09/2023 13:00,16.190002,961,0,3.673,4.732002,207.899902,202.800049,998.21
20/09/2023 14:00,15.529999,961,0,3.764999,5.683998,229.600098,221,984.94
20/09/2023 15:00,15.559998,962,0,2.854,3.494999,217.800049,204.5,1053.80
20/09/2023 16:00,15.639999,961,0,3.547001,4.572998,211.5,194.399902,1129.53
20/09/2023 17:00,15.570007,961,0,4.163002,6.030998,214.300049,212.699951,1101.93
20/09/2023 18:00,15.630005,961,0,2.488998,3.317001,210,197,916.48
20/09/2023 19:00,15.009995,962,0,1.228001,1.684,214.199951,200.800049,790.58
20/09/2023 20:00,14.440002,962,0,1.700001,2.591,225.199951,217.300049,889.46
20/09/2023 21:00,14.070007,962,0,2.795002,3.991001,222.300049,219.899902,896.22
20/09/2023 22:00,12.979996,962,0,2.013,3.146999,230.199951,229.100098,600.52
20/09/2023 23:00,12.649994,962,0,1.868999,2.983002,229.100098,228.800049,599.16
21/09/2023 00:00,12.050003,963,0,2.715,3.890999,223.399902,219.899902,546.14
21/09/2023 01:00,11.380005,962,0,3.008999,4.064003,223.600098,222.300049,540.42
21/09/2023 02:00,11.119995,963,0,3.334999,4.133003,220.100098,207.899902,442.63
21/09/2023 03:00,10.729996,963,0,1.424999,2.389999,220.5,185.5,354.20
21/09/2023 04:00,9.619995,963,0,1.132,1.771,121.800049,110,358.54
21/09/2023 05:00,9.320007,963,0,1.343,2.848,124.300049,122.599976,348.47
21/09/2023 06:00,9.369995,964,0,1.914,2.715,203.199951,189.800049,298.68
21/09/2023 07:00,9.770004,964,0,1.103001,1.698,256.899902,229.399902,315.51
21/09/2023 08:00,11.029999,964,0,2.834999,3.988998,211.399902,190.899902,469.97
21/09/2023 09:00,12.830002,965,0,3.23,4.431,217.199951,202.800049,691.11
21/09/2023 10:00,14.720001,965,0,3.383999,4.277,211.800049,208.600098,816.55
21/09/2023 11:00,16,964,0,3.48,4.135002,218.899902,203.100098,928.43
21/09/2023 12:00,16.769989,964,0,2.942001,3.688999,224.399902,206.600098,988.22
21/09/2023 13:00,16.920013,964,0,2.525002,3.576,197.800049,183.199951,1024.50
21/09/2023 14:00,13.649994,965,0,2.491001,4.126999,178.399902,176.300049,1102.48
21/09/2023 15:00,16.720001,964,0,1.467001,1.785,234.300049,219.800049,905.48
21/09/2023 16:00,16.329987,964,0,2.139,3.056999,223,214.199951,797.02
21/09/2023 17:00,17.149994,964,0,2.235001,2.698002,227.800049,219.899902,509.35
21/09/2023 18:00,14.949997,965,0,0.656,1.652,266.299805,272.5,183.08
21/09/2023 19:00,13.509995,966,0,0.977,1.774,228.899902,243.699951,68.37
21/09/2023 20:00,12.720001,966,0,0.797,1.105,318,295,59.44
21/09/2023 21:00,11.899994,966,0,0.725,1.289,254.100098,268.100098,51.25
21/09/2023 22:00,11.610001,967,0,0.929,1.531,230.699951,259.700195,56.93
21/09/2023 23:00,10.610001,967,0,0.469,1.056999,326.899902,285.700195,54.98
22/09/2023 00:00,9.889999,967,0,0.395,0.753,18.019989,329.799805,59.27
22/09/2023 01:00,8.850006,967,0,0.757,0.877,111.599976,66.599976,81.97
22/09/2023 02:00,8.880005,967,0,0.431,1.004,242.300049,238.800049,107.87
22/09/2023 03:00,8.800003,967,0,0.741,1.166,185.5,270,107.28
22/09/2023 04:00,9.690002,967,0,0.54,1.007,0,256.700195,133.87
22/09/2023 05:00,9.360001,968,0,0.719,1.576,241.899902,260,194.97
22/09/2023 06:00,10.240005,968,0,1.455,2.064999,223.399902,220.600098,251.32
22/09/2023 07:00,11.039993,968,0,1.789,2.660999,234.699951,227.600098,376.89
22/09/2023 08:00,12.470001,969,0,2.568001,3.159,229.699951,230.300049,518.14
22/09/2023 09:00,14.020004,969,0,1.603001,3.363998,252.5,255.399902,711.73
22/09/2023 10:00,14.539993,970,0,1.969999,3.333,257.700195,250.800049,812.92
22/09/2023 11:00,14.610001,971,0,1.51,2.327999,266.200195,268.799805,1071.03
22/09/2023 12:00,14.779999,971,0,2.312,3.223999,236.800049,238.899902,1189.88
22/09/2023 13:00,14.490005,972,0,1.440001,2.959999,267.700195,260.399902,1135.43
22/09/2023 14:00,14.690002,972,0,1.033001,2.653,268.799805,271.5,773.67
22/09/2023 15:00,14.630005,973,0,1.341,3.139,277.899902,256.100098,724.53
22/09/2023 16:00,15.199997,973,0,2.594002,4.237999,246.699951,253.199951,688.86
22/09/2023 17:00,14.210007,974,0,1.155001,2.692001,266.299805,271.600098,726.47
22/09/2023 18:00,13.350006,975,0,1.041,2.580002,262.299805,269.299805,702.66
22/09/2023 19:00,13.080002,976,0,1.415001,2.896999,253.199951,271.100098,633.70
22/09/2023 20:00,13.080002,977,0,1.028999,2.352001,262.100098,269.700195,557.31
22/09/2023 21:00,12.949997,978,0,1.129999,2.455002,284.200195,254.5,503.65
22/09/2023 22:00,12.580002,979,0,1.447001,3.025002,259,275.600098,396.97
22/09/2023 23:00,11.960007,979,0,1.17,2.695,255.800049,260.799805,335.40
23/09/2023 00:00,11.610001,980,0,0.917,2.247002,263.600098,269.200195,339.56
23/09/2023 01:00,11.680008,981,0,0.92,1.709,274.799805,270.799805,326.26
23/09/2023 02:00,11.779999,982,0,0.936,1.579,243.699951,260.600098,296.72
23/09/2023 03:00,10.910004,982,0,0.79,1.783001,240.699951,268.799805,264.78
23/09/2023 04:00,11.020004,983,0,0.571,1.222,247.899902,265.700195,236.95
23/09/2023 05:00,11.600006,984,0,0.976,1.917,263.5,260,214.78
23/09/2023 06:00,11.759995,985,0,0.745,1.35,312.100098,305.899902,153.02
23/09/2023 07:00,12.020004,986,0,0.401,0.473,99.099976,147.100098,130.73
23/09/2023 08:00,12.720001,987,0,1.02,1.441,266.100098,270.5,252.57
23/09/2023 09:00,14.029999,988,0,1.519001,2.161999,237.5,252.199951,452.50
23/09/2023 10:00,14.779999,989,0,1.358,2.158001,250.199951,262.600098,583.14
23/09/2023 11:00,15.430008,989,0,1.301001,2.295002,280.799805,264.899902,868.65
23/09/2023 12:00,15.860001,989,0,2.776001,4.018997,230.699951,227.199951,1059.63
23/09/2023 13:00,15.839996,990,0,1.502001,2.834,232.300049,246,1207.88
23/09/2023 14:00,15.960007,990,0,2.624001,3.410999,223.699951,218.199951,1246.03
23/09/2023 15:00,15.490005,990,0,2.221001,3.238998,221.899902,220.699951,1269.39
23/09/2023 16:00,16.299988,990,0,2.390999,3.205002,227.300049,216.100098,1324.82
23/09/2023 17:00,15.869995,990,0,2.145,2.817001,217.5,200.399902,1253.88
23/09/2023 18:00,14.029999,991,0,1.327,2.778999,178.699951,184.600098,812.07
23/09/2023 19:00,12.869995,991,0,0.899,1.497999,209.300049,191.800049,530.05
23/09/2023 20:00,11.509995,991,0,0.922,1.257,210.199951,212.399902,453.97
23/09/2023 21:00,11.100006,991,0,0.513,0.585,40.809998,343.899902,509.53
23/09/2023 22:00,11.440002,991,0,0.783,1.409,107.599976,124.400024,627.87
23/09/2023 23:00,12.919998,990,0,2.519001,3.09,213.800049,202.199951,611.44
24/09/2023 00:00,12.509995,990,0,2.317001,3.577,177.199951,156,646.66
24/09/2023 01:00,12.350006,989,0,1.391001,2.174999,147.899902,144.899902,726.96
24/09/2023 02:00,12.449997,988,0,1.757,2.363998,167.800049,173.699951,780.56
24/09/2023 03:00,13.059998,988,0,3.052002,4.416,207.5,192.800049,784.80
24/09/2023 04:00,13.399994,988,0,3.077999,3.805,218.699951,193.399902,755.33
24/09/2023 05:00,13.630005,987,0,3.355999,4.962997,204.899902,190.199951,734.13
24/09/2023 06:00,15.139999,988,0,3.088001,4.500999,210.300049,190.199951,711.05
24/09/2023 07:00,15.270004,988,0,4.039001,5.827003,207,194,723.23
24/09/2023 08:00,15.839996,988,0,3.688999,4.424004,217.800049,198.800049,760.62
24/09/2023 09:00,16.549988,988,0,4.128998,5.795998,200.399902,190.300049,810.21
24/09/2023 10:00,17.339996,988,0,3.606998,4.903,192.899902,187,827.17
24/09/2023 11:00,17.850006,988,0,3.763,5.878998,186.399902,174.300049,885.10
24/09/2023 12:00,19.339996,987,0,4.014999,6.249001,181.600098,179.600098,953.33
24/09/2023 13:00,19.700012,986,0,3.791,5.932999,0,178.899902,1126.55
24/09/2023 14:00,20.100006,986,0,4.838997,7.441002,174.300049,175.600098,1379.61
24/09/2023 15:00,19.980011,985,0,4.347,6.102997,203.399902,187.600098,1433.41
24/09/2023 16:00,19.75,985,0,5.056999,6.941002,202.399902,187,1455.73
24/09/2023 17:00,19.399994,985,0,4.125999,6.761002,185.899902,181.100098,1428.41
24/09/2023 18:00,18.899994,984,0,3.955002,5.774002,196.300049,176.800049,1419.35
24/09/2023 19:00,18.230011,984,0,4.971001,7.768997,181.699951,180.899902,1406.67
24/09/2023 20:00,18.110016,984,0,5.663002,7.574997,190.100098,164.899902,1349.60
24/09/2023 21:00,17.549988,983,0,4.863998,6.871002,184.899902,181.800049,1247.46
24/09/2023 22:00,16.730011,983,0,4.080002,6.396004,202.600098,176.800049,1225.60
24/09/2023 23:00,16.339996,983,0,4.982002,6.815002,202.899902,188.699951,1099.90
25/09/2023 00:00,16.76001,983,0,4.153,5.993004,199.600098,197.800049,1083.02
25/09/2023 01:00,16.640015,984,0,3.048,4.511002,202.899902,204.399902,1004.83
25/09/2023 02:00,15.880005,985,0,2.194,3.355,226,214.699951,899.73
25/09/2023 03:00,15.320007,986,0,2.103001,2.853001,204.899902,193.399902,826.14
25/09/2023 04:00,14.899994,986,0,3.087002,3.596001,212,200.600098,727.45
25/09/2023 05:00,14.360001,988,0,1.165001,1.475,229.699951,217,668.58
25/09/2023 06:00,13.979996,988,0,1.403999,2.207001,240.899902,228.800049,624.98
25/09/2023 07:00,14.720001,988,0,3.890999,4.902,214.899902,202.699951,689.91
25/09/2023 08:00,15.720001,989,0,3.220001,5.451004,223.600098,199.699951,850.00
25/09/2023 09:00,16.929993,990,0,2.689999,3.903,226.5,211.399902,963.30
25/09/2023 10:00,17.700012,991,0,4.841003,5.612999,215,211.100098,1333.60
25/09/2023 11:00,18.619995,991,0,3.823002,5.462997,228.5,222.600098,1423.26
25/09/2023 12:00,18.019989,992,0,4.767998,5.705002,219.100098,212.5,1465.16
25/09/2023 13:00,18.01001,992,0,3.639,4.959,209.100098,202,1532.94
25/09/2023 14:00,19.48999,992,0,3.106998,4.774002,227.600098,218.800049,1526.84
25/09/2023 15:00,19.119995,992,0,2.563,4.184998,213.5,203,1496.25
25/09/2023 16:00,19.880005,992,0,2.063,2.831001,218.199951,219,1344.20
25/09/2023 17:00,18.660004,993,0,1.901001,2.563999,207.5,197.300049,1043.62
25/09/2023 18:00,17.600006,993,0,1.204,2.222,171.600098,168.399902,690.46
25/09/2023 19:00,16.709991,993,0,1.371,2.574001,184,168.100098,525.42
25/09/2023 20:00,16.459991,994,0,1.83,2.59,201.100098,185.300049,408.53
25/09/2023 21:00,15.789993,994,0,2.337002,3.553001,202.199951,194.300049,360.19
25/09/2023 22:00,14.940002,993,0,1.889,2.998001,194.699951,181.699951,301.44
25/09/2023 23:00,14.229996,993,0,1.309,2.272999,200.899902,191.5,289.97
26/09/2023 00:00,12.680008,993,0,0.771,1.697001,182.699951,204.100098,285.23
26/09/2023 01:00,11.399994,992,0,0.387,0.377,95.199951,285.799805,289.86
26/09/2023 02:00,12.070007,992,0,1.158001,2.116001,197.5,198.899902,309.31
26/09/2023 03:00,13.190002,991,0,2.195,3.436001,207,196.699951,372.71
26/09/2023 04:00,13.110001,991,0,1.864,2.823002,191,188.5,427.24
26/09/2023 05:00,12.199997,990,0,1.372,2.841,156,147.899902,437.73
26/09/2023 06:00,12.029999,990,0,1.649,2.469002,167.100098,156.399902,423.66
26/09/2023 07:00,12.160004,989,0,0.66,1.693001,137.899902,131.600098,420.98
26/09/2023 08:00,12.960007,989,0,1.291,1.479,189.800049,164,437.86
26/09/2023 09:00,13.059998,988,0,1.306,1.896999,168.300049,161.699951,540.32
26/09/2023 10:00,13.529999,987,0,0.572001,1.118999,185,167.100098,481.32
26/09/2023 11:00,16.269989,987,0,2.159,2.417999,201.699951,190.699951,581.57
26/09/2023 12:00,17.839996,986,0,4.021004,4.817001,212.899902,193.899902,1006.47
26/09/2023 13:00,19.600006,986,0,4.067001,5.195,210.199951,191.600098,1233.47
26/09/2023 14:00,19.220001,986,0,3.466999,4.625,196.899902,184.5,1203.22
26/09/2023 15:00,19.470001,986,0,4.167999,5.459999,212.899902,202.699951,958.49
26/09/2023 16:00,19.440002,987,0,3.569,5.219002,232.300049,224.399902,1140.95
26/09/2023 17:00,18.799988,988,0,2.167,3.837002,237.600098,239.100098,1105.53
26/09/2023 18:00,16.779999,989,0,1.712999,2.583,230.300049,234.600098,841.77
26/09/2023 19:00,15.779999,990,0,1.585001,2.514,226.100098,214.800049,640.76
26/09/2023 20:00,14.830002,990,0,0.577,1.219,205.199951,230.100098,665.49
26/09/2023 21:00,14.639999,990,0,1.219,1.858,227.600098,226.5,591.45
26/09/2023 22:00,14.360001,991,0,1.056999,1.987,229.699951,208.300049,513.47
26/09/2023 23:00,14.009995,991,0,3.244999,4.848999,223.399902,205.699951,438.28
27/09/2023 00:00,13.639999,992,0,2.699001,4.167,214.600098,207.600098,404.76
27/09/2023 01:00,13.169998,992,0,2.303001,3.452999,217.100098,215.199951,361.98
27/09/2023 02:00,12.860001,992,0,1.149,2.154999,157.899902,160.800049,270.72
27/09/2023 03:00,12.619995,991,0,0.549,0.931,107.699951,178.800049,185.73
27/09/2023 04:00,12.149994,991,0,0.869,1.527,87.199951,113,145.21
27/09/2023 05:00,11.860001,991,0,0.718,0.921,211.899902,172.899902,113.44
27/09/2023 06:00,11.970001,991,0,0.542,0.585,101,150.699951,97.36
27/09/2023 07:00,11.680008,990,0,0.705,1.009001,54.340027,73.23999,173.18
27/09/2023 08:00,12.940002,991,0,0.559,0.808,173.800049,173.600098,314.60
27/09/2023 09:00,14.050003,990,0,1.139,1.341,144.5,118.400024,502.97
27/09/2023 10:00,16.23999,989,0,2.030998,3.258999,144.699951,149.800049,633.50
27/09/2023 11:00,17.299988,988,0,2.265999,3.653,141.300049,131,832.86
27/09/2023 12:00,16.880005,986,0,1.725,3.556999,161.399902,141.199951,930.71
27/09/2023 13:00,17.190002,984,0,1.864,3.299999,145.899902,129.800049,993.91
27/09/2023 14:00,17.970001,983,0,2.384998,3.914001,153.399902,142.300049,1028.06
27/09/2023 15:00,17.799988,980,0,2.384998,4.333,119.5,118.199951,1051.85
27/09/2023 16:00,17.950012,977,0,2.229,3.846001,126.099976,119.300049,1169.14
27/09/2023 17:00,18.660004,976,0,3.146999,5.634003,155.300049,142.600098,1336.87
27/09/2023 18:00,18.679993,975,0,3.292999,5.57,155.699951,147.600098,1388.31
27/09/2023 19:00,18.540009,974,0,4.736,7.752998,186.300049,160.300049,1352.82
27/09/2023 20:00,17.869995,973,0,4.929001,6.936996,197.399902,182.300049,1438.87
27/09/2023 21:00,17.170013,973,0,4.345001,6.896004,187.5,184.600098,1492.57
27/09/2023 22:00,16.980011,973,0,4.824997,7.063004,195.5,192.600098,1448.62
27/09/2023 23:00,16.720001,975,0,3.360001,5.238998,198,178.600098,1338.27
28/09/2023 00:00,16.390015,976,0,4.376999,5.963997,212.399902,199.600098,1179.43
28/09/2023 01:00,15.320007,977,0,3.555,4.313004,212,195.600098,1131.52
28/09/2023 02:00,15.589996,977,0,4.607002,6.217003,208.5,201.100098,1146.19
28/09/2023 03:00,15.860001,979,0,3.014,4.024002,217.199951,204.800049,1158.88
28/09/2023 04:00,15.600006,980,0,3.153,4.803001,222.100098,208.600098,1099.31
28/09/2023 05:00,15.479996,981,0,1.907,2.799999,197.699951,178.100098,1036.68
28/09/2023 06:00,15.529999,981,0,4.329002,5.932999,235.899902,224.100098,948.53
28/09/2023 07:00,15.020004,982,0,4.238998,6.139999,223.699951,219.399902,923.67
28/09/2023 08:00,14.789993,983,0,4.720001,6.918999,223.300049,216.600098,970.54
28/09/2023 09:00,15.220001,984,0,4.715004,6.301003,225,216.300049,1021.60
28/09/2023 10:00,15.029999,985,0,5.625999,7.82,220.800049,219.800049,1054.45
28/09/2023 11:00,15.220001,985,0,2.625999,3.751999,212,195.600098,1036.22
28/09/2023 12:00,15.550003,985,0,4.611,5.332001,203.600098,197.100098,1132.95
28/09/2023 13:00,16.329987,985,0,3.619999,4.791,219.699951,206.300049,1198.27
28/09/2023 14:00,16.48999,985,0,2.535999,3.861,191.100098,184.100098,1296.81
28/09/2023 15:00,16.339996,985,0,3.002998,4.084999,205,195.100098,1100.68
28/09/2023 16:00,16.160004,984,0,2.160999,3.368,192.399902,181.300049,944.67
28/09/2023 17:00,15.869995,984,0,2.570999,3.230999,196.199951,184.699951,825.40
28/09/2023 18:00,15.610001,983,0,2.528999,3.901001,176.600098,172,669.54
28/09/2023 19:00,14.770004,983,0,1.460001,2.873001,160.5,152.600098,685.10
28/09/2023 20:00,14.180008,983,0,1.712,2.952,182.800049,161.600098,691.13
28/09/2023 21:00,14.070007,982,0,2.092999,3.875999,173.800049,161.300049,640.64
28/09/2023 22:00,14.320007,982,0,2.423,3.473,205.399902,190,507.54
28/09/2023 23:00,14.289993,982,0,1.808001,2.799999,210.600098,194.699951,429.58
29/09/2023 00:00,14.130005,982,0,1.356001,2.193001,191.600098,189.399902,335.79
29/09/2023 01:00,14.100006,982,0,2.639,3.686001,216.399902,216.199951,309.49
29/09/2023 02:00,13.850006,982,0,1.539,2.436001,202.399902,217.5,346.91
29/09/2023 03:00,13.539993,982,0,1.872999,2.480999,228.600098,215.699951,476.45
29/09/2023 04:00,13.029999,984,0,0.634,1.541,256.399902,269.799805,618.53
29/09/2023 05:00,12.720001,985,0,0.584,1.459,254.699951,272.799805,635.46
29/09/2023 06:00,12.930008,986,0,0.679,1.552,261.899902,266.799805,563.72
29/09/2023 07:00,13.449997,987,0,0.927,1.545,232.800049,243.5,584.58
29/09/2023 08:00,14.350006,989,0,2.209,3.549999,275.299805,263.899902,691.83
29/09/2023 09:00,15.220001,989,0,2.295002,4.972,254.699951,252.699951,784.83
29/09/2023 10:00,15.649994,991,0,2.098999,4.432999,257,261.700195,1044.62
29/09/2023 11:00,16.649994,992,0,2.994999,6.105003,255.399902,254.399902,1186.82
29/09/2023 12:00,17.459991,993,0,2.748001,5.105003,245.699951,251.300049,1330.99
29/09/2023 13:00,18.220001,993,0,1.499001,2.945,262.5,280.299805,1386.72
29/09/2023 14:00,17.709991,994,0,2.050999,4.397003,272.100098,258.299805,1385.26
29/09/2023 15:00,18.820007,995,0,1.455999,2.591,256,279.700195,1269.16
29/09/2023 16:00,17.709991,995,0,1.011,2.705002,275.600098,268.799805,1190.20
29/09/2023 17:00,17.070007,996,0,1.681,3.175999,251.300049,254.199951,1001.11
29/09/2023 18:00,15.130005,997,0,0.838,1.329,319.200195,277.700195,718.15
29/09/2023 19:00,13.180008,998,0,0.724,1.055,133.800049,154.899902,646.60
29/09/2023 20:00,12.5,999,0,1.194,2.299999,176.899902,182.100098,502.50
29/09/2023 21:00,12.520004,999,0,1.452999,2.167,209.100098,213.600098,431.20
29/09/2023 22:00,12.139999,999,0,1.135,1.976999,256.399902,245.5,386.74
29/09/2023 23:00,11.949997,1000,0,0.933,1.191999,156.800049,197.600098,340.62
30/09/2023 00:00,12.309998,1000,0,1.657,2.847,192,189.800049,263.89
30/09/2023 01:00,12.570007,1000,0,2.195,3.220001,215.399902,203.699951,188.44
30/09/2023 02:00,12.009995,1000,0,2.651001,3.797001,224.5,215.699951,171.46
30/09/2023 03:00,11.509995,1000,0,1.151001,2.007999,215.100098,199,174.98
30/09/2023 04:00,10.229996,1000,0,0.626,1.358999,222.600098,238.800049,151.79
30/09/2023 05:00,10.309998,1000,0,1.045,1.507,214.800049,223.600098,118.91
30/09/2023 06:00,9.559998,1000,0,0.829,1.028999,111.800049,82.800049,82.75
30/09/2023 07:00,9.940002,1001,0,0.678,1.188999,238.5,229.300049,84.56
30/09/2023 08:00,11.490005,1001,0,0.909,0.96,57.039978,77.119995,164.39
30/09/2023 09:00,14.059998,1000,0,1.776001,2.597,230.199951,213.699951,282.67
30/09/2023 10:00,14.820007,1001,0,1.877001,2.973999,220.199951,206.600098,420.29
30/09/2023 11:00,15.300003,1000,0,2.106998,3.007999,190.699951,180.5,596.99
30/09/2023 12:00,15.619995,999,0,1.756001,2.625999,200.899902,186.800049,600.85
30/09/2023 13:00,15.350006,999,0,1.990999,3.092999,172.699951,171.5,638.52
30/09/2023 14:00,15.190002,998,0,1.386999,2.576,179.800049,167.899902,678.45
30/09/2023 15:00,12.880005,998,0,1.983,2.596001,211.100098,204.699951,734.75
30/09/2023 16:00,11.680008,997,0,0.399,0.411,0,189.600098,556.03
30/09/2023 17:00,11.850006,997,0,0.713,1.546,66.949951,73.430054,417.16
30/09/2023 18:00,11.710007,996,0,1.365,2.848,137.199951,119.300049,467.66
30/09/2023 19:00,11.809998,995,0.2,1.326,2.227001,113.900024,110.300049,548.90
30/09/2023 20:00,12.430008,994,0,1.211,2.367001,167.899902,142.300049,604.74
30/09/2023 21:00,13.279999,994,0,1.360001,2.542999,184,162.899902,613.81
30/09/2023 22:00,14.070007,993,0,2.012001,2.990002,208.5,193.300049,622.36
30/09/2023 23:00,14.639999,992,0,2.729,3.719002,202,190.600098,662.23
01/10/2023 00:00,15.190002,992,0,1.812,2.768002,187.800049,179,627.18
01/10/2023 01:00,15.759995,992,0,1.165001,1.886999,203,185,644.90
01/10/2023 02:00,16.200012,992,0,2.557999,3.374001,197.300049,182.600098,652.03
01/10/2023 03:00,16.570007,991,0,1.493999,3.048,199.300049,185,661.37
01/10/2023 04:00,17.029999,991,0,1.938999,3.098,176.699951,171.5,667.58
01/10/2023 05:00,17.519989,991,0,2.168999,3.493,190.100098,181.899902,690.71
01/10/2023 06:00,17.880005,991,0,2.103001,3.591,194.899902,191.800049,737.47
01/10/2023 07:00,18.170013,992,0,1.677999,2.636002,203.100098,191.899902,749.25
01/10/2023 08:00,18.059998,992,0,2.175999,3.026001,194,178.5,760.04
01/10/2023 09:00,18.309998,992,0,1.209,2.021,167.600098,163.5,740.04
01/10/2023 10:00,18.769989,992,0,2.083,2.674,213.5,203.399902,691.52
01/10/2023 11:00,18.589996,992,0,3.132999,3.651001,211.100098,199.100098,718.67
01/10/2023 12:00,18.570007,992,0,2.428001,3.407001,206.300049,192.600098,732.45
01/10/2023 13:00,19.209991,992,0,2.612,3.178001,219.699951,213.199951,669.07
01/10/2023 14:00,18.709991,992,0,2.368,3.220001,217.199951,211.199951,599.13
01/10/2023 15:00,19.110016,992,0,1.763,2.693001,228.300049,231.800049,541.78
01/10/2023 16:00,19.369995,991,0,3.404999,4.642998,224.5,220.699951,543.16
01/10/2023 17:00,19.200012,991,0,2.729,3.876999,224.199951,222.699951,506.18
01/10/2023 18:00,18.380005,992,0,1.957001,2.827999,218.800049,214.800049,409.47
01/10/2023 19:00,17.779999,992,0,0.964,2.249001,265.600098,241.600098,359.72
01/10/2023 20:00,16.610016,992,0,0.782,1.125,60.549988,86.599976,427.74
01/10/2023 21:00,16.399994,993,0,0.794,0.993,139,107.300049,474.68
01/10/2023 22:00,15.899994,993,0,0.877,1.167999,125.800049,105.699951,425.53
01/10/2023 23:00,16.170013,993,0,0.749,0.774,34.409973,310.799805,372.75
02/10/2023 00:00,15.350006,993,0,0.529,0.759,19.390015,305.799805,327.82
02/10/2023 01:00,15.169998,993,0,1.246,1.739,194.199951,201.100098,283.99
02/10/2023 02:00,14.210007,993,0,0.367,1.021,208.699951,223.800049,266.01
02/10/2023 03:00,13.649994,993,0,1.019001,1.891001,231.399902,248.5,270.46
02/10/2023 04:00,13.240005,992,0,0.563,1.354,225.399902,246.899902,280.26
02/10/2023 05:00,13.210007,992,0,0.622,1.103001,196.600098,220.600098,283.86
02/10/2023 06:00,13.440002,992,0,0.607,1.240999,272.5,256.5,261.87
02/10/2023 07:00,13.240005,993,0,0.564,0.873,124.199951,173.899902,244.35
02/10/2023 08:00,14.039993,993,0,1.275,1.990999,237.199951,226.100098,270.49
02/10/2023 09:00,14.619995,993,0,2.098,3.365002,233.699951,224.899902,305.33
02/10/2023 10:00,15.440002,993,0,1.597,2.751999,240,240.699951,447.71
02/10/2023 11:00,16.049988,992,0,0.605,0.862,217.800049,218.5,518.39
02/10/2023 12:00,17.170013,992,0,0.788,0.858,235.100098,170,669.80
02/10/2023 13:00,16.929993,992,0,0.785,1.055,230,211,675.38
02/10/2023 14:00,15.570007,991,0,1.219999,1.906,153,161.100098,584.93
02/10/2023 15:00,16.079987,990,0,1.232,1.889999,211.699951,198.399902,543.80
02/10/2023 16:00,15.639999,989,0,0.682,1.190001,208.800049,203.100098,191.27
02/10/2023 17:00,15.320007,988,0,0.321,0.587,344.399902,348.100098,201.84
02/10/2023 18:00,13.960007,987,0,1.452999,2.339001,358.200195,343.100098,84.93
02/10/2023 19:00,13.020004,988,0,0.706,0.716,204.199951,262.200195,353.72
02/10/2023 20:00,11.930008,987,0,1.217001,1.965,323.899902,309.600098,512.73
02/10/2023 21:00,11.710007,987,0,0.613,0.844,338.5,0.034,525.44
02/10/2023 22:00,11.460007,986,0,0.722,1.427,0.979,349.200195,366.91
02/10/2023 23:00,11.289993,985,0,1.375,1.950001,345.200195,310.600098,333.54
03/10/2023 00:00,11.160004,985,0,1.250999,1.881001,4.471001,358.399902,341.92
03/10/2023 01:00,10.940002,985,0,0.781,1.537001,294.200195,287.899902,383.84
03/10/2023 02:00,10.669998,985,0,0.443,0.684,252.300049,267.399902,432.17
03/10/2023 03:00,10.839996,985,0,0.762,0.989,239.399902,231.399902,471.90
03/10/2023 04:00,11.229996,985,0,0.949,1.681,253.300049,253.699951,479.30
03/10/2023 05:00,11.440002,985,0,0.989,1.684,269.799805,267.200195,537.98
03/10/2023 06:00,11.880005,986,0,2.483002,3.620998,223.5,220.300049,544.21
03/10/2023 07:00,11.869995,986,0,2.025002,2.966999,222.5,218.600098,586.44
03/10/2023 08:00,12.610001,988,0,2.196999,3.283001,234.899902,237.300049,731.86
03/10/2023 09:00,12.160004,989,0,1.549999,3.615002,241.399902,252.899902,911.19
03/10/2023 10:00,13.649994,990,0,1.901001,3.286999,263.299805,263.200195,1263.36
03/10/2023 11:00,14.029999,990,0,1.835001,3.285,265.700195,273.600098,1415.37
03/10/2023 12:00,15.820007,990,0,2.591,4.743004,260.600098,252.800049,1431.17
03/10/2023 13:00,15.470001,991,0,2.192001,3.870998,232.600098,249.199951,1208.57
03/10/2023 14:00,15.009995,992,0,2.115002,3.286999,233.600098,247.600098,1155.68
03/10/2023 15:00,15.869995,993,0,1.912001,3.280998,243.300049,243.899902,1152.26
03/10/2023 16:00,15.75,994,0,1.705,4.257004,245.100098,249.699951,1198.70
03/10/2023 17:00,14.600006,995,0,2.025002,3.238998,261.100098,257.299805,1066.41
03/10/2023 18:00,14.130005,996,0,2.231998,4.077003,241.600098,240.699951,954.66
03/10/2023 19:00,12.919998,997,0,1.413,2.554001,227.199951,240.5,917.31
03/10/2023 20:00,13.350006,998,0,2.479,3.345001,217.5,225.600098,946.25
03/10/2023 21:00,13.110001,998,0,1.115999,2.411999,235.5,234.800049,867.77
03/10/2023 22:00,12.470001,999,0,1.610001,2.691002,235.5,234.5,644.12
03/10/2023 23:00,12.330002,999,0,1.945999,2.784,218.899902,221,577.08
04/10/2023 00:00,11.979996,999,0,2.214001,3.375,229.100098,225.399902,596.93
04/10/2023 01:00,12.070007,999,0,3.347,4.329002,217.699951,217.899902,568.73
04/10/2023 02:00,11.889999,999,0,2.803001,4.069,223.5,219.600098,547.96
04/10/2023 03:00,12.330002,998,0,3.242001,4.800003,219,211.800049,633.91
04/10/2023 04:00,12.259995,998,0,1.327,1.917,197.399902,199.100098,678.58
04/10/2023 05:00,11.889999,998,0,1.235001,1.931,190.800049,197.100098,692.33
04/10/2023 06:00,12.180008,998,0,2.769001,3.527,213.800049,210.5,715.87
04/10/2023 07:00,12.089996,998,0,1.531,1.867001,218.399902,220.300049,731.84
04/10/2023 08:00,12.520004,998,0,2.387001,3.319,211.699951,202.199951,782.86
04/10/2023 09:00,13.050003,998,0,2.613998,4.053001,216,208.600098,865.64
04/10/2023 10:00,14.399994,998,0,4.154999,5.278999,223.699951,212.300049,1105.82
04/10/2023 11:00,15.520004,998,0,3.653,4.541,226,222.699951,1164.09
04/10/2023 12:00,16.130005,998,0,2.932999,4.365997,229.800049,223.5,1264.09
04/10/2023 13:00,16.23999,997,0,4.527,5.866997,216.899902,226.300049,1326.55
04/10/2023 14:00,17.329987,997,0,3.187,5.962997,230.100098,232.800049,1372.14
04/10/2023 15:00,17.670013,996,0,4.085999,7.042999,235.300049,242.699951,1342.84
04/10/2023 16:00,17.140015,996,0,3.545002,5.009003,234.100098,242.399902,1329.09
04/10/2023 17:00,15.960007,996,0,3.195,4.522003,236.399902,224,1234.28
04/10/2023 18:00,14.919998,996,0,3.122002,4.800003,232.300049,229.5,1058.78
04/10/2023 19:00,14.850006,996,0,2.821999,3.820999,227.100098,233.600098,896.21
04/10/2023 20:00,14.479996,996,0,2.252998,2.965,221.899902,220,775.48
04/10/2023 21:00,14.240005,996,0,2.283001,3.139,242.899902,247.300049,733.08
04/10/2023 22:00,14.430008,996,0,2.664001,4.072998,230,217.699951,705.94
04/10/2023 23:00,14.220001,996,0,2.834,4.505997,230.300049,225.699951,687.91
05/10/2023 00:00,14.070007,996,0,1.916,3.679001,242.300049,239.199951,652.18
05/10/2023 01:00,14.479996,996,0,1.639,3.682999,227.199951,237.899902,646.46
05/10/2023 02:00,14.210007,996,0,2.042,2.890999,206.699951,204.899902,649.57
05/10/2023 03:00,13.940002,995,0,2.637001,3.681999,220.800049,214.800049,626.92
05/10/2023 04:00,13.880005,996,0,2.474998,3.479,228.300049,225.300049,631.78
05/10/2023 05:00,14.020004,996,0,3.146999,4.044998,214.100098,211,611.24
05/10/2023 06:00,14.130005,996,0,3.555,4.305,222.800049,215.199951,569.63
05/10/2023 07:00,14.009995,996,0,2.855,3.446999,212.600098,206.899902,582.91
05/10/2023 08:00,14.330002,997,0,2.153,3.495998,226,216.5,623.82
05/10/2023 09:00,15.490005,997,0,1.712999,2.181999,224.100098,208.699951,656.16
05/10/2023 10:00,15.649994,997,0,2.893002,3.205002,221.5,210.899902,633.85
05/10/2023 11:00,15.919998,998,0,2.257,3.720001,223.300049,215.899902,761.88
05/10/2023 12:00,16.119995,997,0,2.573002,3.403,227.600098,219.100098,786.12
05/10/2023 13:00,16.190002,996,0,3.338001,4.007004,214.199951,207.100098,796.60
05/10/2023 14:00,16.48999,996,0,3.384998,4.973,216.899902,208.899902,877.53
05/10/2023 15:00,16.209991,995,0,4.032997,5.378998,219.899902,211.899902,937.51
05/10/2023 16:00,16.390015,994,0,4.156998,5.263,213.800049,215.300049,914.45
05/10/2023 17:00,16.079987,993,0,4.170998,6.658997,218.699951,214.199951,850.16
05/10/2023 18:00,15.759995,993,0,4.954002,5.955002,216.399902,211.100098,817.39
05/10/2023 19:00,15.770004,993,0,5.5,5.849998,234,229,813.05
05/10/2023 20:00,14.729996,993,0,4.581001,6.369003,217.600098,208.800049,817.45
05/10/2023 21:00,14.460007,993,0,4.519997,5.639999,217.399902,213.399902,823.65
05/10/2023 22:00,14.740005,993,0,3.859001,6.638,236.600098,227.300049,791.63
05/10/2023 23:00,15.270004,993,0,5.890999,7.789001,225.199951,220.199951,807.14
06/10/2023 00:00,14.979996,993,0,4.223,5.876999,216.399902,205.600098,816.08
06/10/2023 01:00,15.509995,992,0,5.669998,7.093002,226.800049,217.199951,817.67
06/10/2023 02:00,16.100006,992,0,4.496002,5.458,217.699951,207.199951,822.75
06/10/2023 03:00,16.649994,991,0,2.844002,4.305,215.100098,207.100098,805.41
06/10/2023 04:00,17.029999,991,0,3.521,5.319,215.399902,226.100098,813.52
06/10/2023 05:00,17.399994,991,0,5.127998,6.669998,229.800049,226.800049,835.03
06/10/2023 06:00,17.320007,991,0,4.871002,5.517998,226.100098,228.600098,833.38
06/10/2023 07:00,17.149994,991,0,4.188004,5.915001,220.899902,215.100098,830.88
06/10/2023 08:00,17.570007,992,0,4.661003,6.701004,222.899902,218.600098,837.47
06/10/2023 09:00,18.220001,993,0,4.189003,6.647003,231.600098,224.300049,825.04
06/10/2023 10:00,19.070007,993,0,3.778999,5.986,237.899902,237.899902,880.28
06/10/2023 11:00,19.149994,992,0,3.527,5.903999,234.5,237.5,965.10
06/10/2023 12:00,20.179993,992,0,3.460999,7.701004,252.899902,236.800049,1005.79
06/10/2023 13:00,21.459991,992,0,5.176003,8.050003,237,236.600098,1001.57
06/10/2023 14:00,20.839996,992,0,3.924999,5.979004,231.899902,242,1010.80
06/10/2023 15:00,21.360016,992,0,3.223999,5.252998,240.600098,237.399902,971.54
06/10/2023 16:00,19.709991,992,0,4.594002,7.215004,239.100098,238.899902,859.61
06/10/2023 17:00,19.5,992,0,5.337997,8.119995,241.300049,242.899902,790.58
06/10/2023 18:00,19.269989,993,0,4.738998,7.359001,239.100098,238.100098,749.55
06/10/2023 19:00,19.220001,994,0,3.566002,5.375,235.399902,236.699951,750.64
06/10/2023 20:00,19.160004,993,0,4.029999,5.795998,238.5,232.399902,777.16
06/10/2023 21:00,19.149994,993,0,2.951,5.710999,267.799805,245,774.93
06/10/2023 22:00,18.820007,993,0,3.351002,6.438004,244.800049,236.800049,810.54
06/10/2023 23:00,18.279999,994,0,2.521,3.643002,240.100098,235.100098,809.69
07/10/2023 00:00,18.170013,993,0,3.43,5.061996,235.800049,221.699951,728.46
07/10/2023 01:00,18.100006,993,0,3.638,5.205002,222.100098,224.800049,649.65
07/10/2023 02:00,17.5,993,0,4.495003,5.203003,218.100098,227.300049,696.91
07/10/2023 03:00,16.970001,993,0,2.041,3.393002,225.699951,231.699951,667.86
07/10/2023 04:00,16.640015,993,0,3.514999,5.090004,231.100098,228.199951,657.80
07/10/2023 05:00,16.519989,993,0,1.738001,2.653,241.100098,254.100098,623.46
07/10/2023 06:00,16.390015,993,0,1.132999,1.551001,260.899902,285.299805,581.42
07/10/2023 07:00,16.279999,993,0,1.320999,2.141998,265.200195,256,559.87
07/10/2023 08:00,16.690002,994,0,1.306,2.136002,249.399902,242.899902,552.49
07/10/2023 09:00,17.160004,994,0,1.065001,1.361,196.699951,186.800049,506.55
07/10/2023 10:00,17.480011,994,0,1.339001,1.636,180.899902,173.800049,427.97
07/10/2023 11:00,17.959991,994,0,2.393002,2.988998,209.199951,209.699951,492.64
07/10/2023 12:00,19.100006,994,0,1.983,2.889,213.399902,205.699951,624.79
07/10/2023 13:00,20.890015,994,0,1.646,2.284,173.800049,158.800049,742.20
07/10/2023 14:00,23.640015,994,0,2.785,4.093002,224.899902,221.100098,657.92
07/10/2023 15:00,23.940002,995,0,2.235001,2.400002,230.199951,210.5,778.98
07/10/2023 16:00,23.690002,995,0,1.562,2.070999,233.699951,238.300049,638.66
07/10/2023 17:00,21.420013,996,0,1.288,1.659,266.299805,248.5,519.75
07/10/2023 18:00,20.98999,996,0,1.792999,3.152,248.399902,245.5,434.87
07/10/2023 19:00,20.519989,996,0,1.202999,2.091,287.600098,283.200195,395.23
07/10/2023 20:00,21.040009,997,0,1.254,2.952999,291.700195,267.799805,384.11
07/10/2023 21:00,21.100006,997,0,2.800999,3.493,225.899902,232.100098,324.84
07/10/2023 22:00,19.860016,998,0,0.76,1.219999,51.200012,67.420044,115.05
07/10/2023 23:00,17.720001,999,0,1.702999,3.167,49.830017,43.73999,51.38
08/10/2023 00:00,16.670013,999,0,0.81,1.490999,21.730011,25.420013,45.12
08/10/2023 01:00,16.070007,1001,0,1.224001,1.929001,0.274,357.399902,55.93
08/10/2023 02:00,15.529999,1000,0,1.309,2.025002,29.519989,20.119995,53.49
08/10/2023 03:00,14.570007,1000,0,0.239,0.805,39.01001,6.807999,62.98
08/10/2023 04:00,14.570007,1001,0,1.120001,1.990999,27.470001,19.910004,62.90
08/10/2023 05:00,14.199997,1001,0,0.759,1.246,23.269989,29.799988,57.65
08/10/2023 06:00,14.059998,1000,0,0.603,1.021,53.080017,48.210022,60.28
08/10/2023 07:00,14.220001,1000,0,0.387,0.535,130.399902,162,73.49
08/10/2023 08:00,14.830002,1001,0,0.543,0.971,0,142.600098,117.96
08/10/2023 09:00,15.139999,1001,0,0.924,1.166,111.599976,113.800049,179.97
08/10/2023 10:00,15.880005,1000,0,1.316999,1.782,114.599976,125.900024,282.26
08/10/2023 11:00,17.110016,1000,0,0.904,1.125,162.800049,157.800049,401.74
08/10/2023 12:00,19.220001,999,0,1.636999,1.791,218.699951,191.100098,466.78
08/10/2023 13:00,20.559998,999,0,0.601,0.834,178.699951,139.800049,482.39
08/10/2023 14:00,21.679993,998,0,1.733999,2.137001,225,209.600098,449.13
08/10/2023 15:00,22.390015,997,0,2.210999,2.806999,221.399902,217.300049,423.15
08/10/2023 16:00,22.76001,996,0,2.424999,2.938999,214.5,212.5,365.48
08/10/2023 17:00,21.079987,996,0,1.433001,1.851,214.600098,211.100098,309.00
08/10/2023 18:00,20,996,0,0.573,0.773,82.900024,262,269.32
08/10/2023 19:00,20.140015,996,0,0.402,0.817,76.72998,25.540009,248.64
08/10/2023 20:00,20.25,996,0,0.617,1.316,0,278.899902,290.98
08/10/2023 21:00,19.959991,996,0,1.608999,2.389,234.600098,247.699951,289.79
08/10/2023 22:00,18.5,996,0,0.45,0.529,0,331.600098,237.16
08/10/2023 23:00,19.860016,996,0,1.121,2.078999,299.5,294.399902,269.98
09/10/2023 00:00,19.619995,995,0,1.327999,2.495998,253.899902,251.600098,322.85
09/10/2023 01:00,19.899994,995,0,2.601002,4.794998,257.200195,266,325.63
09/10/2023 02:00,19.519989,995,0,2.089001,4.098999,290.399902,288.899902,330.31
09/10/2023 03:00,19.220001,994,0,1.651001,2.883999,295.399902,266.700195,301.19
09/10/2023 04:00,18.980011,995,0,1.205,2.653999,216,258.5,297.57
09/10/2023 05:00,18.640015,995,0,1.171,2.173,269.399902,266.899902,313.82
09/10/2023 06:00,18.200012,996,0,0.977,2.103001,236.100098,248.399902,306.62
09/10/2023 07:00,18.369995,996,0,1.066999,2.237,248.699951,255.600098,302.11
09/10/2023 08:00,18.399994,996,0,0.919,1.948999,271,267.299805,306.65
09/10/2023 09:00,19.110016,996,0,0.965,1.673,232.899902,246.800049,315.57
09/10/2023 10:00,21.01001,997,0,1.105,1.816999,67.25,68.940063,270.79
09/10/2023 11:00,21.660004,997,0,1.070999,1.747999,112.099976,103.699951,334.85
09/10/2023 12:00,22.420013,997,0,1.132999,1.362,73.27002,70.390015,381.84
09/10/2023 13:00,22.649994,996,0,1.368999,1.622999,48.48999,60.090027,369.10
09/10/2023 14:00,22.769989,996,0,1.325001,1.615,69.650024,87.099976,355.05
09/10/2023 15:00,23.160004,995,0,0.811,1.379,66.209961,50.669983,392.33
09/10/2023 16:00,22.76001,995,0,1.58,2.011002,216.199951,211.300049,381.94
09/10/2023 17:00,20.709991,995,0,0.605,0.906,342.5,326.299805,186.96
09/10/2023 18:00,18.809998,995,0,0.415,0.943,226,232.300049,47.87
09/10/2023 19:00,17.670013,995,0,0.201,0.651,255.899902,254.699951,36.66
09/10/2023 20:00,16.720001,995,0,0.184,0.486,38.22998,263.399902,50.33
09/10/2023 21:00,16.140015,994,0,0.473,0.883,63.580017,12.039993,63.03
09/10/2023 22:00,16.040009,994,0,0.535,0.555,58.650024,341.799805,85.06
09/10/2023 23:00,15.270004,993,0,0.487,0.603,251.600098,223.5,112.52
10/10/2023 00:00,15.229996,993,0,0.593,0.549,99.900024,102.5,109.76
10/10/2023 01:00,15.149994,992,0,0.765,1.232,92.300049,123,105.91
10/10/2023 02:00,14.910004,992,0,0.34,0.638,98.900024,41.359985,127.44
10/10/2023 03:00,15.160004,991,0,0.787,1.222,135.199951,122.300049,186.00
10/10/2023 04:00,16.269989,991,0,1.042999,1.545,279.799805,292.700195,225.31
10/10/2023 05:00,16.350006,990,0,0.601,1.266001,190.199951,177.600098,146.80
10/10/2023 06:00,15.960007,989,0,0.584,1.163,104.800049,120.099976,77.34
10/10/2023 07:00,15.660004,989,0,1.224001,2.077,229.300049,233.199951,78.15
10/10/2023 08:00,16.799988,989,0,0.517,0.46,105.5,9.210007,133.24
10/10/2023 09:00,18.450012,989,0,1.292,2.111,247.800049,229.199951,213.32
10/10/2023 10:00,20.369995,988,0,2.661999,3.438,205.100098,195.399902,277.31
10/10/2023 11:00,20.899994,988,0,1.454,1.903999,216.199951,208.5,371.99
10/10/2023 12:00,21.829987,987,0,3.167999,4.511002,207.800049,219.899902,507.09
10/10/2023 13:00,22.5,986,0,3.445999,5.649002,239.600098,233.399902,554.59
10/10/2023 14:00,23,986,0,3.075001,3.716999,210.600098,209.699951,625.80
10/10/2023 15:00,21.860016,985,0,3.202999,4.451004,225.5,215.199951,713.98
10/10/2023 16:00,20.190002,985,0,3.314999,4.079002,213.800049,199,694.99
10/10/2023 17:00,19.630005,984,0,3.196999,4.157997,226,226.100098,683.38
10/10/2023 18:00,19.220001,984,0,3.448002,4.112,211.5,197.600098,722.79
10/10/2023 19:00,19.059998,984,0,3.432999,3.810001,218.100098,212.899902,713.61
10/10/2023 20:00,18.200012,984,0,2.879002,4.789001,226,214.300049,727.81
10/10/2023 21:00,17.970001,984,0,2.224998,3.98,226.399902,233.300049,786.49
10/10/2023 22:00,17.619995,984,0,1.863001,2.429001,223.5,236,869.07
10/10/2023 23:00,18.079987,983,0,2.550999,3.395,226.5,224.399902,885.02
11/10/2023 00:00,18.140015,982,0,2.716,3.479,227.600098,225.699951,905.66
11/10/2023 01:00,17.850006,982,0,1.952,2.658001,237.600098,234,936.15
11/10/2023 02:00,18,982,0,3.131001,5.899002,238.600098,241.600098,985.23
11/10/2023 03:00,17.860016,982,0,2.252998,4.397003,245.899902,238.699951,962.32
11/10/2023 04:00,17.299988,981,0,2.092999,3.052002,222.600098,235.5,871.90
11/10/2023 05:00,17.269989,981,0,2.695999,3.938999,242.800049,241,844.09
11/10/2023 06:00,16.350006,981,0,2.272999,3.249001,229.5,225.399902,852.42
11/10/2023 07:00,16.920013,981,0,2.803001,3.652,230.100098,226.5,816.75
11/10/2023 08:00,17.089996,981,0,2.201,3.624001,226.600098,235.199951,809.96
11/10/2023 09:00,17.380005,982,0,1.612,2.931,276.299805,252.600098,789.88
11/10/2023 10:00,17.970001,982,0,1.659,3.039001,237.5,240.600098,599.91
11/10/2023 11:00,15.479996,983,0,1.731001,3,267.399902,278.600098,525.76
11/10/2023 12:00,14.479996,983,0,1.086,2.248001,271,261.799805,456.34
11/10/2023 13:00,13.410004,982,0,1.264,2.237,297.600098,292.5,384.03
11/10/2023 14:00,13.529999,983,0,0.243,0.327,230.100098,202.899902,411.68
11/10/2023 15:00,12.930008,983,0,1.816999,2.629002,8.600006,358.5,449.99
11/10/2023 16:00,12.139999,983,0,1.624001,2.163002,314.200195,292.799805,475.55
11/10/2023 17:00,11.360001,984,0,2.518002,4.279999,314,321.600098,532.79
11/10/2023 18:00,10.669998,984,0,1.450001,2.025002,295.799805,292.5,541.99
11/10/2023 19:00,10.960007,985,0,1.055,1.761,292.799805,284.799805,525.16
11/10/2023 20:00,11.149994,986,0,0.829,1.490999,283.100098,291.5,511.02
11/10/2023 21:00,10.990005,986,0,0.98,1.684999,303.600098,286,464.10
11/10/2023 22:00,10.410004,987,0,0.802,1.146999,338.100098,310.100098,481.80
11/10/2023 23:00,9.789993,986,0,0.629,1.587,273.799805,272.899902,352.35
12/10/2023 00:00,9.020004,986,0,0.476,0.857,155.800049,226.100098,198.36
12/10/2023 01:00,8.570007,987,0,0.839,1.438999,227.399902,254.399902,95.58
12/10/2023 02:00,8.059998,987,0,0.907,1.031,217.600098,244.100098,85.64
12/10/2023 03:00,7.477997,987,0,0.625,0.804,205.800049,236.800049,62.13
12/10/2023 04:00,7.389999,987,0,0.388,0.892,260.700195,265.100098,48.64
12/10/2023 05:00,7.07,987,0,0.93,1.374001,225.399902,247.300049,42.00
12/10/2023 06:00,6.967003,987,0,0.742,1.174999,230.399902,244.699951,37.45
12/10/2023 07:00,6.951004,988,0,0.937,1.177,230.5,240.899902,37.44
12/10/2023 08:00,7.373001,988,0,0.433,0.655,295.899902,268.200195,74.40
12/10/2023 09:00,9.669998,988,0,0.836,1.139999,0,21.980011,200.40
12/10/2023 10:00,10.649994,988,0,1.042999,1.112,155.300049,138.300049,397.99
12/10/2023 11:00,11.669998,988,0,0.997,1.226999,137.800049,136.199951,507.82
12/10/2023 12:00,12.630005,987,0,1.959,2.527,183,171.399902,583.68
12/10/2023 13:00,13.039993,987,0,2.129002,2.805,221.100098,197.800049,593.92
12/10/2023 14:00,13.300003,986,0,1.940001,2.724998,227.699951,220.699951,598.72
12/10/2023 15:00,13.220001,985,0,2.403,3.127998,204.800049,204,585.50
12/10/2023 16:00,12.600006,985,0,1.776001,2.861,226.199951,226.899902,524.19
12/10/2023 17:00,12.300003,985,0,1.269001,1.525,215.800049,225.199951,386.78
12/10/2023 18:00,11.899994,984,0,1.732,2.552002,215.199951,205.600098,290.38
12/10/2023 19:00,11.889999,984,0,1.677999,2.105999,218,207.5,291.93
12/10/2023 20:00,12.029999,983,0,0.773,1.436001,189.199951,169.800049,300.09
12/10/2023 21:00,12.240005,982,0,2.153,3.023998,206.300049,194.899902,306.55
12/10/2023 22:00,12.160004,981,0,1.004999,1.438,211.699951,180.899902,303.13
12/10/2023 23:00,11.979996,979,0,1.073999,1.870001,168.699951,164.199951,301.59
13/10/2023 00:00,11.869995,978,0,1.306999,1.862,212.300049,191.100098,303.88
13/10/2023 01:00,12,976,0,1.364,1.943001,188,176.5,275.29
13/10/2023 02:00,11.970001,974,0,0.624,1.179001,0,161.899902,285.80
13/10/2023 03:00,11.910004,972,0,0.508,1.01,82.099976,100.599976,266.77
13/10/2023 04:00,11.949997,970,0,0.337,0.743,103.599976,102.699951,240.70
13/10/2023 05:00,12.039993,968,0,0.225,0.251,76.530029,51.190002,304.69
13/10/2023 06:00,12.169998,967,0,0.399,0.525,211.800049,231,335.80
13/10/2023 07:00,12.350006,966,0,0.72,1.023001,229.600098,231.699951,377.35
13/10/2023 08:00,13.520004,966,0,0.833,1.285,300.899902,266.700195,406.40
13/10/2023 09:00,14.570007,966,0,1.409,2.799,239,230.699951,439.47
13/10/2023 10:00,15.289993,967,0,0.981,1.931999,273.100098,263.600098,406.02
13/10/2023 11:00,15.539993,967,0,1.141001,2.341,243.5,267.600098,538.49
13/10/2023 12:00,15.240005,968,0,2.285,3.965,258.200195,261.899902,643.02
13/10/2023 13:00,13.059998,968,0,2.923,4.368004,302.700195,296.600098,690.48
13/10/2023 14:00,11.690002,969,0,1.315001,2.249001,287,274.799805,791.19
13/10/2023 15:00,11.800003,969,0,2.27,3.146,292,279.5,896.61
13/10/2023 16:00,11.880005,970,0,3.070999,4.768997,308.299805,297.899902,1019.96
13/10/2023 17:00,11.300003,971,0,1.614,2.539001,292.200195,290.600098,1129.95
13/10/2023 18:00,10.539993,972,0,1.202999,1.937,303,269.299805,1097.72
13/10/2023 19:00,10.289993,973,0,1.190001,2.504002,300.600098,281.700195,995.91
13/10/2023 20:00,9.940002,974,0,1.075001,2.538002,265.700195,263.600098,893.31
13/10/2023 21:00,9.839996,976,0,1.471001,2.938,261.600098,271.5,841.94
13/10/2023 22:00,9.490005,977,0,1.325001,2.495998,0,270.700195,970.48
13/10/2023 23:00,9.330002,978,0,1.089001,2.813,254.5,260,1016.11
14/10/2023 00:00,9.009995,980,0,1.287001,2.581001,269.600098,272.899902,943.59
14/10/2023 01:00,8.970001,981,0,1.645,2.763,243.300049,252.399902,835.08
14/10/2023 02:00,8.869995,982,0,0.892,2.362999,268.700195,264.399902,794.53
14/10/2023 03:00,9.119995,983,0,1.055,2.428001,284.299805,286.399902,776.15
14/10/2023 04:00,8.270004,984,0,1.093,2.299,256.399902,270.600098,723.70
14/10/2023 05:00,8.149994,984,0,1.080999,2.255001,231.199951,251.600098,695.33
14/10/2023 06:00,7.957001,985,0,1.149,1.964001,261,278.100098,675.53
14/10/2023 07:00,7.678001,987,0,1.004999,1.795,261.299805,257.5,674.50
14/10/2023 08:00,8.940002,988,0,0.927,2.273998,275.100098,275.100098,833.26
14/10/2023 09:00,9.649994,989,0,2.277,3.441002,306.799805,293.200195,1021.92
14/10/2023 10:00,10.850006,990,0,2.688999,3.668999,305.600098,291.700195,1322.17
14/10/2023 11:00,11.449997,991,0,3.831001,6.268997,326.5,313,1209.40
14/10/2023 12:00,12.009995,991,0,2.573002,4.833,314.200195,308.200195,1057.89
14/10/2023 13:00,11.020004,992,0,1.805,3.541,262.799805,263,1121.46
14/10/2023 14:00,10.839996,992,0,2.238998,4.099998,265.200195,260.200195,1134.11
14/10/2023 15:00,8.539993,993,0,2.164001,3.882,245,242.199951,1113.23
14/10/2023 16:00,9.210007,993,0,2.112999,3.974998,257.100098,258.200195,958.48
14/10/2023 17:00,8.449997,993,0,1.679001,2.465,272.399902,274.200195,831.45
14/10/2023 18:00,7.841003,994,0,1.694,3.145,272.100098,269.799805,725.32
14/10/2023 19:00,7.507004,995,0,1.385,3.193001,286.799805,277.799805,678.38
14/10/2023 20:00,6.952003,995,0,1.429001,2.935001,260.399902,263.299805,632.06
14/10/2023 21:00,6.378998,996,0,0.87,1.894001,248.5,271.299805,580.64
14/10/2023 22:00,5.459,997,0,0.511,0.937,179.399902,230.300049,656.85
14/10/2023 23:00,6.364998,998,0,1.448999,2.132999,317.399902,284.299805,526.86
15/10/2023 00:00,4.713997,998,0,0.563,1.407,230.899902,270,423.87
15/10/2023 01:00,4.928001,999,0,0.739,1.809,262,271.5,426.87
15/10/2023 02:00,4.061996,999,0,0.571,1.769001,277.100098,297,443.21
15/10/2023 03:00,3.643002,1000,0,0.458,1.253,265.200195,286.299805,431.86
15/10/2023 04:00,4.028,1000,0,0.58,1.690001,297.299805,300.100098,447.83
15/10/2023 05:00,3.487,1001,0,0.791,2.25,288.600098,295.299805,444.53
15/10/2023 06:00,3.290001,1001,0,1.016001,2.053001,301.899902,288.700195,416.67
15/10/2023 07:00,3.310001,1001,0,0.893,2.070999,282.299805,286.200195,360.78
15/10/2023 08:00,4.981003,1002,0,1.923,2.898998,307.899902,298,377.50
15/10/2023 09:00,7.293999,1002,0,1.231001,1.761,318.700195,305.700195,434.76
15/10/2023 10:00,8.619995,1003,0,1.113001,1.849001,279.399902,276.5,585.37
15/10/2023 11:00,9.850006,1003,0,2.170002,3.797001,308.100098,304.5,833.12
15/10/2023 12:00,10.460007,1003,0,2.132,3.605,329.200195,316.5,1005.68
15/10/2023 13:00,11.080002,1002,0,2.326,3.618999,316.700195,289.700195,1171.49
15/10/2023 14:00,11.5,1002,0,1.820999,3.337002,276.299805,287.200195,1233.96
15/10/2023 15:00,11.399994,1002,0,2.147999,3.778999,313.799805,304.700195,1185.51
15/10/2023 16:00,11.440002,1002,0,1.973,2.920002,301.100098,289.399902,1113.04
15/10/2023 17:00,10.059998,1002,0,1.122999,1.945,285.600098,292.5,803.20
15/10/2023 18:00,8.979996,1002,0,1.187,2.057999,299.600098,291,396.64
15/10/2023 19:00,7.875999,1002,0,0.377,1.033001,329.799805,272.600098,161.12
15/10/2023 20:00,7.139999,1002,0,0.473,1.073,265.299805,282.899902,94.03
15/10/2023 21:00,6.231003,1002,0,0.54,0.933,213.199951,258,63.53
15/10/2023 22:00,6.031998,1002,0,0.395,0.959,229,263.799805,69.17
15/10/2023 23:00,5.779999,1002,0,0.671,1.117001,201.699951,242.300049,56.67
16/10/2023 00:00,5.551003,1002,0,0.503,0.346,66.97998,295.100098,49.95
16/10/2023 01:00,4.371002,1001,0,0.324,0.501,96,304.200195,39.88
16/10/2023 02:00,4.364998,1001,0,0.336,1.136999,0,252.399902,30.57
16/10/2023 03:00,4.010002,1001,0,0.309,1.083,268.799805,260.600098,23.11
16/10/2023 04:00,3.616001,1001,0,0.399,1.319,226.100098,248,18.29
16/10/2023 05:00,3.629002,1000,0,0.529,1.485001,241.699951,253.100098,16.87
16/10/2023 06:00,3.515999,1000,0,0.581,1.489,248.600098,253.399902,16.79
16/10/2023 07:00,3.786999,1000,0,0.813,1.967001,242.399902,246.899902,18.97
16/10/2023 08:00,4.666,1000,0,0.481,0.807,0,237.899902,28.13
16/10/2023 09:00,6.582001,1000,0,0.595,0.401,298,283,136.55
16/10/2023 10:00,8.020004,1000,0,0.606,0.667,47.099976,36.380005,228.99
16/10/2023 11:00,9.059998,1000,0,0.762,1.013,88.800049,85.300049,327.33
16/10/2023 12:00,9.509995,999,0,1.240999,1.607,128.600098,97.800049,428.13
16/10/2023 13:00,10.369995,998,0,1.211,1.535,43.679993,44.590027,515.55
16/10/2023 14:00,10.919998,998,0,1.021999,1.541,88.199951,91.400024,583.88
16/10/2023 15:00,11.050003,997,0,1.403,2.074001,50.340027,53.840027,582.06
16/10/2023 16:00,11.130005,997,0,1.389999,2.573002,57.940002,65.72998,500.04
16/10/2023 17:00,9.710007,997,0,1.108999,2.153999,65.310059,59.970032,283.33
16/10/2023 18:00,8.110001,997,0,0.259,1.077999,126.300049,79.130005,204.79
16/10/2023 19:00,6.447998,997,0,0.237,0.443,164.100098,302.799805,211.07
16/10/2023 20:00,5.719002,997,0,0.543,0.681,166.699951,216.899902,174.96
16/10/2023 21:00,5.114998,997,0,0.703,1.524,249.699951,237.100098,154.85
16/10/2023 22:00,4.974998,997,0,0.831,1.559999,229.600098,226.699951,143.27
16/10/2023 23:00,4.494003,997,0,0.575,1.305,239.300049,239.600098,151.89
17/10/2023 00:00,4.592003,996,0,0.803,1.733,242.699951,235.899902,148.45
17/10/2023 01:00,5.016998,996,0,0.784,1.59,234.899902,233.699951,155.55
17/10/2023 02:00,5.380997,995,0,0.615,1.156,246.100098,238.100098,167.26
17/10/2023 03:00,5.254997,995,0,0.279,0.375,174.199951,220.199951,170.58
17/10/2023 04:00,5.273003,994,0,0.153,0.708,0,265.399902,188.12
17/10/2023 05:00,5.918999,994,0,0.515,0.649,110.900024,74.880005,204.78
17/10/2023 06:00,5.880997,994,0,0.293,0.682,0,25.970001,198.28
17/10/2023 07:00,6.193001,994,0,0.519,0.749,0,68.51001,217.00
17/10/2023 08:00,6.581001,995,0,1,1.111,58.460022,45.98999,333.12
17/10/2023 09:00,6.962997,995,0,0.687,0.756,83.099976,34.970032,627.40
17/10/2023 10:00,7.664001,994,0,1.264999,1.367001,8.899994,1.886999,854.71
17/10/2023 11:00,11.710007,993,0,1.783001,3.390999,91.099976,94.599976,913.98
17/10/2023 12:00,13.320007,992,0,2.576,4.894997,107.900024,99.099976,977.69
17/10/2023 13:00,13.820007,991,0,2.174999,4.539001,98.300049,96.900024,980.06
17/10/2023 14:00,13.860001,990,0,2.615002,4.763,67.890015,77.790039,968.80
17/10/2023 15:00,14.070007,990,0,2.195,4.692001,98.599976,98.800049,937.62
17/10/2023 16:00,13.229996,989,0,2.356998,5.157997,88.900024,87.599976,893.40
17/10/2023 17:00,11.820007,989,0,1.5,2.716,76.880005,81,807.23
17/10/2023 18:00,10.639999,989,0,1.547001,2.915001,62.710022,66.839966,732.09
17/10/2023 19:00,10.080002,988,0,1.693001,2.541,57.590027,69.280029,728.07
17/10/2023 20:00,9.720001,988,0,0.942,2.792999,70.930054,72.380005,757.51
17/10/2023 21:00,9.550003,987,0,1.017,1.865999,60.47998,68.930054,786.90
17/10/2023 22:00,8.440002,986,0,0.235,1.267,0,52.27002,749.74
17/10/2023 23:00,9.169998,985,0,1.285,2.338001,50.919983,66.660034,696.79
18/10/2023 00:00,9.699997,984,0,1.271999,2.542999,71.140015,66.690063,677.28
18/10/2023 01:00,9.820007,984,0,1.205,2.521999,73.130005,69.569946,703.58
18/10/2023 02:00,9.669998,983,0,1.302,2.667,74.069946,79.319946,687.65
18/10/2023 03:00,9.910004,981,0,1.407,2.207001,63.970032,72.420044,650.03
18/10/2023 04:00,9.899994,980,0,1.424999,2.594002,48.780029,71.920044,624.11
18/10/2023 05:00,9.820007,979,0,1.66,2.967999,61.799988,62.970032,625.18
18/10/2023 06:00,9.399994,978,0,0.738,1.573999,51,44.929993,631.48
18/10/2023 07:00,9.160004,977,0,0.426,1.033001,30.51001,36.52002,646.01
18/10/2023 08:00,9.619995,976,0,0.499,1.212999,0,44.659973,651.07
18/10/2023 09:00,11.449997,975,0,1.613001,2.452999,56.440002,58.070007,664.82
18/10/2023 10:00,13.350006,974,0,1.955,4.049004,79.76001,74.030029,679.30
18/10/2023 11:00,14.839996,972,0,2.263,4.335999,72.589966,78.300049,715.86
18/10/2023 12:00,15.919998,970,0,2.837002,5.195,60.460022,81.099976,772.35
18/10/2023 13:00,16.079987,968,0,2.957001,5.623001,69.349976,65.800049,792.40
18/10/2023 14:00,15.110001,967,0,2.738998,5.649002,65.380005,76.670044,743.02
18/10/2023 15:00,14.449997,965,0,2.533001,5.110001,78.849976,63.599976,725.19
18/10/2023 16:00,13.970001,963,0,3.112,5.721001,64.089966,65.459961,714.52
18/10/2023 17:00,13.430008,962,0,3.137001,6.135002,59.210022,61.059998,719.56
18/10/2023 18:00,13.309998,961,0,2.410999,4.051003,57.400024,62.02002,773.40
18/10/2023 19:00,13.229996,959,0,3.387001,4.955002,50.619995,62.320007,796.40
18/10/2023 20:00,12.660004,957,0,3.790001,6.445999,60.880005,63.059998,821.80
18/10/2023 21:00,12.369995,955,0,2.483002,5.224998,73.150024,65.109985,835.88
18/10/2023 22:00,12.089996,953,0,2.877998,5.590004,61.780029,52.559998,760.33
18/10/2023 23:00,11.919998,952,0.2,2.249001,4.654999,49.220032,49.030029,762.60
19/10/2023 00:00,11.910004,950,0,2.799,3.679001,42.609985,34.590027,644.52
19/10/2023 01:00,12.050003,949,0,1.716,2.179001,13.619995,9.430008,423.73
19/10/2023 02:00,12.139999,948,0,0.813,1.077,234.300049,252.899902,369.17
19/10/2023 03:00,12.139999,948,0,1.929001,2.93,213.699951,204.100098,474.29
19/10/2023 04:00,12.75,948,0,2.831001,3.939999,217.800049,210.600098,605.03
19/10/2023 05:00,13.270004,949,0,3.070999,3.879002,230.399902,206,595.51
19/10/2023 06:00,13.430008,949,0,2.402,3.068001,197.600098,186.100098,558.79
19/10/2023 07:00,13.680008,950,0,1.802,2.848999,195.899902,173.899902,559.48
19/10/2023 08:00,13.800003,950,0,1.554001,3.028999,133.899902,143.5,589.44
19/10/2023 09:00,14.389999,950,0,1.525,2.755001,128.199951,134.199951,699.75
19/10/2023 10:00,15.930008,950,0,2.049,3.653999,178.5,158.399902,597.06
19/10/2023 11:00,16.670013,951,0,2.542,3.761002,172.300049,144.300049,659.43
19/10/2023 12:00,17.179993,950,0,2.460999,3.792999,165.600098,158.5,617.87
19/10/2023 13:00,17.029999,950,0,1.503,2.451,155.300049,148.100098,714.94
19/10/2023 14:00,18.209991,950,0,1.601,2.380001,128.699951,124.099976,733.53
19/10/2023 15:00,17.839996,950,0,1.698,2.626999,129.300049,116,698.84
19/10/2023 16:00,17.230011,950,0,1.087,1.816999,104.5,95.300049,699.06
19/10/2023 17:00,16.860016,950,0,1.476,2.442001,99.400024,108.900024,594.73
19/10/2023 18:00,16.329987,951,0,1.778999,2.949001,121.599976,111,471.07
19/10/2023 19:00,16.070007,951,0,1.625999,2.571999,113.699951,110.400024,470.22
19/10/2023 20:00,15.740005,951,0,1.334,2.567001,92.5,85.400024,381.69
19/10/2023 21:00,15.449997,951,0,1.295,2.396999,111.400024,94.199951,347.13
19/10/2023 22:00,15.259995,951,0,1.171,2.678001,103.900024,87.400024,367.05
19/10/2023 23:00,14.899994,950,0.2,1.129,2.359001,100,87.5,350.28
20/10/2023 00:00,14.690002,950,0,1.329,2.420002,87.800049,77.619995,403.26
20/10/2023 01:00,14.5,950,0.2,1.209,1.971001,77.709961,74.219971,408.34
20/10/2023 02:00,14.570007,950,0,1.267,2.494999,63.309998,68.849976,369.19
20/10/2023 03:00,14.270004,949,0,1.197001,2.556,58.099976,64.219971,410.96
20/10/2023 04:00,14.009995,948,0.4,2.083,3.138,43.880005,36.849976,543.15
20/10/2023 05:00,13.729996,947,0.2,3.716,6.250999,54.049988,59.570007,678.31
20/10/2023 06:00,12.930008,947,0.2,4.245003,7.701004,51.330017,52.809998,711.83
20/10/2023 07:00,12.639999,947,0,3.903,6.855003,55.830017,54.190002,732.04
20/10/2023 08:00,12.380005,947,0.2,4.729004,7.521004,54.090027,49.859985,794.85
20/10/2023 09:00,11.990005,946,0,3.530998,7.712997,43.099976,49.98999,841.07
20/10/2023 10:00,11.830002,946,0,4.443001,8.779999,67.699951,62.179993,1128.87
20/10/2023 11:00,11.630005,947,0,3.528999,7.425003,64.849976,65,1103.22
20/10/2023 12:00,11.550003,947,0.2,2.702999,4.313004,59.169983,60.820007,1115.56
20/10/2023 13:00,11.419998,947,0,2.82,6.717003,58.330017,56.179993,1090.54
20/10/2023 14:00,11.350006,947,0.2,3.625,5.997002,63.98999,60.929993,1054.43
20/10/2023 15:00,11.039993,947,0,3.791,5.731003,54.859985,50.960022,1028.53
20/10/2023 16:00,10.699997,947,0,3.741001,6.398003,42.97998,44.880005,964.73
20/10/2023 17:00,10.559998,947,0,3.192001,5.507004,52.169983,46.900024,923.56
20/10/2023 18:00,10.490005,947,0,2.872002,4.740997,36.549988,31.630005,900.19
20/10/2023 19:00,10.289993,947,0,3.601002,5.366997,35.179993,35,803.65
20/10/2023 20:00,10.25,947,0.2,2.487999,4.153,31.839996,28.230011,753.48
20/10/2023 21:00,10.149994,947,0,2.695999,4.025002,24.839996,13.830002,760.37
20/10/2023 22:00,10.029999,947,0,3.306999,5.194,31.5,27.570007,628.15
20/10/2023 23:00,9.75,947,0,3.278,4.390999,13.860001,5.122002,597.90
21/10/2023 00:00,9.5,947,0,2.719002,4.264999,5.077003,0.314,576.59
21/10/2023 01:00,9.360001,947,0,2.453999,3.671001,9.940002,0.617,495.60
21/10/2023 02:00,9.139999,947,0,2.515999,3.653,346.899902,343.799805,434.69
21/10/2023 03:00,8.930008,947,0,1.681,3.005001,338.299805,329.799805,400.48
21/10/2023 04:00,8.729996,947,0,1.913,2.992001,311.899902,313,346.77
21/10/2023 05:00,8.630005,947,0,1.059,2.282001,310.100098,298.899902,298.84
21/10/2023 06:00,8.680008,948,0,0.427,0.723,258.200195,282.200195,296.49
21/10/2023 07:00,8.639999,949,0,1.393,2.030998,310.600098,299.200195,288.87
21/10/2023 08:00,8.669998,950,0,0.672,1.165001,230.199951,245.899902,261.23
21/10/2023 09:00,8.990005,951,0,0.573,0.96,239.199951,266.200195,277.98
21/10/2023 10:00,9.369995,952,0,0.781,1.455999,246,259.100098,327.78
21/10/2023 11:00,10.180008,953,0,0.635,1.082001,301.899902,283.600098,398.63
21/10/2023 12:00,10.770004,953,0,0.963,1.773001,254.5,259.799805,570.65
21/10/2023 13:00,11.070007,954,0,1.052,1.771,258.899902,254.699951,585.98
21/10/2023 14:00,11.649994,955,0,1.403999,2.823002,262.799805,266,607.09
21/10/2023 15:00,11.740005,956,0,1.155001,1.951,279.600098,268.600098,669.82
21/10/2023 16:00,11.919998,957,0,0.984,1.705999,256.700195,258,698.11
21/10/2023 17:00,11.029999,958,0,1.861,2.719002,280.600098,287.899902,531.59
21/10/2023 18:00,9.699997,959,0,0.563,1.289,241.199951,259.299805,476.67
21/10/2023 19:00,9.330002,960,0,1.281,2.868999,255.100098,253.5,445.15
21/10/2023 20:00,8.270004,961,0,1.091,1.688,224.899902,249.199951,434.31
21/10/2023 21:00,7.768997,962,0,0.78,1.290001,223.199951,246.899902,396.90
21/10/2023 22:00,7.445999,963,0,0.615,1.327,242.5,247.699951,304.42
21/10/2023 23:00,6.639999,964,0,1.139,2.271,208.899902,218.199951,325.04
22/10/2023 00:00,7.786003,965,0,2.035,3.064999,214.800049,212.100098,387.56
22/10/2023 01:00,8.419998,966,0,1.785,2.716999,237.5,230.800049,375.98
22/10/2023 02:00,8.339996,967,0,1.410999,2.257999,222.5,216.100098,367.90
22/10/2023 03:00,7.976997,968,0,1.872999,2.52,218.300049,218.5,340.93
22/10/2023 04:00,7.275002,969,0,1.577999,2.511002,227.399902,220,296.67
22/10/2023 05:00,7.174004,970,0,0.899,1.533001,203.199951,205.899902,265.02
22/10/2023 06:00,7.426003,971,0,1.871,2.577,222.899902,216.100098,235.81
22/10/2023 07:00,7.753998,973,0,1.666,3.035,226.699951,220.399902,223.29
22/10/2023 08:00,8.389999,973,0,1.674999,2.803001,238.100098,233.800049,248.39
22/10/2023 09:00,10.380005,974,0,0.773,1.333,0,262.299805,367.07
22/10/2023 10:00,11.479996,975,0,2.056,3.043999,234.100098,238.899902,495.64
22/10/2023 11:00,12.169998,976,0,1.649,3.125,275.399902,259.799805,902.41
22/10/2023 12:00,12.029999,976,0,2.473999,3.905998,232.199951,236,967.32
22/10/2023 13:00,12.649994,977,0,2.424999,3.202999,220.899902,235,939.13
22/10/2023 14:00,13.720001,977,0,2.455002,3.353001,231.199951,233.300049,940.65
22/10/2023 15:00,14.509995,978,0,1.815001,2.257999,222.399902,231.199951,857.13
22/10/2023 16:00,12.600006,979,0,2.361,3.376999,210.100098,202.100098,475.26
22/10/2023 17:00,11.680008,980,0,1.216,2.027,215.800049,192.199951,69.98
22/10/2023 18:00,11.630005,980,0,1.166,1.896,180,178.5,38.37
22/10/2023 19:00,11.190002,981,0,0.819,1.028999,177.300049,167.699951,36.72
22/10/2023 20:00,10.369995,981,0,0.265,0.312,0,257.5,43.37
22/10/2023 21:00,10.259995,982,0,0.472,0.81,0,113.900024,50.10
22/10/2023 22:00,9.300003,982,0,0.519,0.642,140.199951,196.600098,41.30
22/10/2023 23:00,9.630005,983,0,0.816,1.528999,240,227.800049,41.83
23/10/2023 00:00,9.770004,983,0,0.531,0.691,325.600098,318,31.89
23/10/2023 01:00,8.580002,983,0,0.248,0.567,252.300049,207.5,25.51
23/10/2023 02:00,7.772003,983,0,0.466,0.653,128.100098,207.5,27.60
23/10/2023 03:00,7.271004,984,0,0.597,0.789,52.080017,47.98999,30.41
23/10/2023 04:00,7.239998,983,0,0.227,0.199,26.799988,277.200195,25.40
23/10/2023 05:00,7.882004,983,0,0.119,0.595,0,274.399902,24.70
23/10/2023 06:00,7.558998,983,0,0.77,0.747,49.409973,49.220032,36.58
23/10/2023 07:00,7.028999,984,0,1.34,1.934,48.700012,49.940002,60.59
23/10/2023 08:00,7.148003,984,0,0.591,0.785,84.099976,63.530029,103.48
23/10/2023 09:00,7.500999,984,0,0.797,0.885,33.599976,39.330017,164.88
23/10/2023 10:00,7.907997,984,0,1.388,1.719999,37.77002,23.269989,238.47
23/10/2023 11:00,8.350006,984,0,1.047001,1.535,48.23999,37.97998,357.09
23/10/2023 12:00,9.350006,983,0,1.433001,1.551001,20.380005,19.279999,445.38
23/10/2023 13:00,10.330002,982,0,1.556,2.214001,54.609985,53.169983,585.50
23/10/2023 14:00,10.660004,981,0,1.019001,1.044001,0,75.300049,679.44
23/10/2023 15:00,11.220001,981,0,1.195999,1.927,75.420044,78.800049,602.15
23/10/2023 16:00,11.330002,980,0,1.117001,1.566999,44.140015,37.859985,538.25
23/10/2023 17:00,11.240005,980,0,1.223,2.137001,47.580017,31.980011,466.95
23/10/2023 18:00,11.339996,979,0,1.423,3.004002,54.559998,63.73999,390.20
23/10/2023 19:00,11.100006,979,0,0.729,1.710001,71.699951,77.079956,400.48
23/10/2023 20:00,10.979996,979,0,0.527,1.587,0,78.920044,436.95
23/10/2023 21:00,11,978,0,0.635,1.351999,78.530029,78.560059,439.37
23/10/2023 22:00,11.029999,978,0,0.66,1.143,77.140015,80.900024,357.10
23/10/2023 23:00,10.710007,977,0,0.399,0.833,61.799988,83.099976,354.54
24/10/2023 00:00,10.800003,977,0,0.791,1.285,49.720032,64.800049,314.78
24/10/2023 01:00,10.770004,976,0,0.849,1.451,43,42.77002,252.67
24/10/2023 02:00,10.600006,975,0,0.501,0.833,23.380005,32.559998,172.91
24/10/2023 03:00,10.710007,975,0,0.57,1.107,110.599976,114.099976,113.69
24/10/2023 04:00,10.240005,974,0,0.433,1.289,0,45,110.31
24/10/2023 05:00,10.160004,974,0,0.365,0.64,63.440002,350,100.37
24/10/2023 06:00,10.100006,974,0,0.558,0.96,160.100098,130.600098,103.03
24/10/2023 07:00,9.949997,973,0,0.926,1.372999,46.830017,30.549988,96.99
24/10/2023 08:00,9.880005,973,0,0.885,1.392,34.789978,21.410004,115.82
24/10/2023 09:00,10.050003,973,0,0.561,0.859,317.600098,315.799805,139.28
24/10/2023 10:00,10.380005,973,0,0.621,0.881,313,318.700195,150.74
24/10/2023 11:00,10.559998,973,0,0.905,1.377001,349.899902,351.200195,178.84
24/10/2023 12:00,10.75,972,0.2,0.657,0.949,25.600006,20.170013,248.67
24/10/2023 13:00,10.75,972,0,0.64,0.727,358.5,342.299805,268.25
24/10/2023 14:00,10.75,972,0,0.652,1.145,324.299805,322.5,299.93
24/10/2023 15:00,10.520004,972,0,1.561001,2.363998,358.799805,354.899902,220.68
24/10/2023 16:00,10.210007,972,0,1.208,1.65,0.193,353.399902,220.90
24/10/2023 17:00,10.360001,972,0,0.375,0.659,329.100098,335.700195,68.34
24/10/2023 18:00,10.259995,972,0,0.706,1.392,5.428001,355.5,50.33
24/10/2023 19:00,9.869995,972,0,0.492,0.823,294.200195,301.399902,44.61
24/10/2023 20:00,10.080002,972,0,0.727,1.092001,337.799805,330.799805,37.82
24/10/2023 21:00,9.970001,972,0,0.375,0.832,16.730011,2.494999,44.40
24/10/2023 22:00,9.610001,972,0,0.673,1.160999,348.600098,341.5,65.31
24/10/2023 23:00,9.509995,971,0,0.43,0.606,257.600098,284.899902,74.50
25/10/2023 00:00,9.630005,971,0,1.092001,1.757,1.822001,3.279999,90.45
25/10/2023 01:00,9.25,971,0,0.754,1.169001,330.899902,346.200195,90.70
25/10/2023 02:00,8.860001,971,0,0.757,1.287001,357.899902,342.700195,98.46
25/10/2023 03:00,8.130005,970,0,0.523,0.822001,234.800049,261.5,98.72
25/10/2023 04:00,7.561996,969,0,0.522,1.225,234.199951,263,102.65
25/10/2023 05:00,8.119995,969,0,0.903,1.585001,237.5,265.899902,112.25
25/10/2023 06:00,7.436996,969,0,0.284,1.094,240.800049,261.799805,102.60
25/10/2023 07:00,7.334,968,0,1.173,2.043999,224.699951,238.5,106.05
25/10/2023 08:00,7.916,968,0,0.649,1.269001,237.100098,253.199951,108.06
25/10/2023 09:00,9.350006,968,0,0.705,1.320999,258.5,261,159.67
25/10/2023 10:00,11.029999,967,0,0.983,1.399,272.100098,266.200195,270.57
25/10/2023 11:00,12.119995,967,0,1.377001,2.000999,309.399902,293.5,393.87
25/10/2023 12:00,12.110001,967,0,1.68,2.875,319.799805,308.899902,578.57
25/10/2023 13:00,12.399994,967,0,1.718,2.335999,301.200195,300.399902,635.62
25/10/2023 14:00,13.430008,966,0,1.901001,2.771,346.700195,337.899902,665.24
25/10/2023 15:00,13.270004,966,0,1.327999,1.999001,341.5,306.799805,648.03
25/10/2023 16:00,12.820007,966,0,1.651001,3.106998,312.799805,304.100098,544.00
25/10/2023 17:00,11.550003,966,0,0.767,1.702999,238.100098,258.200195,387.98
25/10/2023 18:00,10.559998,966,0,0.883,1.974001,273.899902,261.799805,307.22
25/10/2023 19:00,9.5,966,0,0.775,2.193001,256.799805,259.600098,294.74
25/10/2023 20:00,8.740005,965,0,0.428,1.139999,248.699951,249.899902,161.60
25/10/2023 21:00,7.800003,965,0,0.471,1.07,190.300049,236.100098,104.89
25/10/2023 22:00,7.564003,965,0,0.762,1.177999,212.600098,225.5,103.90
25/10/2023 23:00,7.161003,965,0,0.96,1.153999,192.899902,226,120.63
26/10/2023 00:00,6.975998,965,0,0.559,0.863,228.899902,270.700195,112.47
26/10/2023 01:00,6.726997,964,0,0.485,0.431,0,165.199951,127.72
26/10/2023 02:00,7.211998,964,0,0.343,0.636,0,264.200195,142.08
26/10/2023 03:00,7.459999,963,0,0.433,1.169001,86.599976,96.099976,161.01
26/10/2023 04:00,7.596001,962,0,0.657,0.983,43.309998,50.849976,196.47
26/10/2023 05:00,7.704002,962,0,0.702,1.139999,30.290009,27.220001,250.85
26/10/2023 06:00,7.844002,961,0,0.702,1.042,45.919983,42.679993,303.99
26/10/2023 07:00,7.919998,961,0,0.839,1.347,70.819946,74.839966,319.36
26/10/2023 08:00,8.380005,961,0,0.863,1.394001,115.400024,110.900024,287.77
26/10/2023 09:00,8.860001,961,0,0.588,0.941,90,115.599976,325.41
26/10/2023 10:00,9.279999,961,0.2,1.014999,1.476999,125.400024,122.5,215.86
26/10/2023 11:00,9.860001,960,0,0.944,1.546,114.699951,111.599976,225.49
26/10/2023 12:00,10.320007,959,0,0.971,1.530001,107.199951,108.300049,192.74
26/10/2023 13:00,10.630005,959,0,0.871,1.353001,115.800049,128.800049,249.74
26/10/2023 14:00,10.949997,959,0,0.764,1.115,86.900024,103.199951,294.92
26/10/2023 15:00,11.470001,958,0,1.129,1.733,125.800049,113.900024,292.11
26/10/2023 16:00,11.800003,958,0,1.051001,1.569,141.100098,140.5,136.40
26/10/2023 17:00,11.210007,958,0,0.658,1.302,191.199951,174.800049,82.72
26/10/2023 18:00,10.940002,959,0,1.552999,2.465,213.399902,209.699951,87.53
26/10/2023 19:00,9.860001,959,0,0.369,0.46,299.5,255.399902,75.73
26/10/2023 20:00,8.25,959,0,0.468,0.741,210,237.199951,46.45
26/10/2023 21:00,7.349998,959,0,0.349,0.57,130,242.699951,41.23
26/10/2023 22:00,6.985001,959,0,0.351,0.304,166.800049,146.199951,35.66
26/10/2023 23:00,6.484001,959,0,0.528,0.464,139.199951,215.600098,39.63
27/10/2023 00:00,6.195,959,0,0.387,0.367,157.800049,7.652,46.90
27/10/2023 01:00,6.593002,959,0,0.493,0.527,233.100098,243.399902,49.72
27/10/2023 02:00,6.801003,958,0,0.463,0.637,0,252.5,46.61
27/10/2023 03:00,6.877998,958,0,0.662,0.731,237.100098,233.399902,51.73
27/10/2023 04:00,7.096001,958,0,0.218,0.411,0,275.899902,50.79
27/10/2023 05:00,7.416,958,0,0.265,0.205,133.699951,144.300049,46.62
27/10/2023 06:00,7.556,958,0,0.232,0.247,0,112.400024,41.78
27/10/2023 07:00,7.837997,958,0,0.332,0.437,253.699951,266.600098,58.05
27/10/2023 08:00,7.899002,959,0,0.355,0.43,255.399902,224.600098,84.48
27/10/2023 09:00,8.350006,959,0,0.444,0.459,0,35.27002,140.53
27/10/2023 10:00,8.789993,959,0,0.673,1.128,0,78.859985,104.38
27/10/2023 11:00,9.449997,959,0,0.723,1.243999,89.5,107.099976,188.10
27/10/2023 12:00,9.850006,959,0,1.257,1.691,142.600098,133.800049,223.91
27/10/2023 13:00,10.949997,959,0,1.527,2.201,157.800049,168.199951,295.89
27/10/2023 14:00,10.690002,959,0,1.726999,2.438,191.5,188.600098,366.84
27/10/2023 15:00,10.710007,959,0,0.628,1.233999,167.5,150.199951,452.20
27/10/2023 16:00,10.25,959,0,1.139,1.653,178.100098,171.199951,340.53
27/10/2023 17:00,9.789993,959,0,0.713,1.256001,160.699951,144.300049,237.91
27/10/2023 18:00,9.600006,959,0,0.507,1.245001,116.900024,131.899902,186.58
27/10/2023 19:00,9.410004,959,0,0.771,1.327,77.190063,65.109985,153.14
27/10/2023 20:00,9.220001,959,0,0.755,1.711,52.539978,67.310059,141.82
27/10/2023 21:00,9.259995,959,0,0.952,1.33,111.199951,98.400024,137.16
27/10/2023 22:00,9.320007,959,0,0.782,1.371,112.300049,107.400024,172.09
27/10/2023 23:00,9.380005,959,0,0.866,1.636,123.099976,116.900024,125.63
28/10/2023 00:00,9.210007,959,0,0.759,1.179001,118.800049,123.300049,127.86
28/10/2023 01:00,8.940002,958,0,1.082001,1.419001,100.199951,98.300049,147.80
28/10/2023 02:00,7.865997,958,0,0.853,1.219,174,166.300049,144.54
28/10/2023 03:00,7.914001,957,0,0.575,1.225,95.199951,92.099976,138.34
28/10/2023 04:00,7.697998,957,0,0.983,1.716,87.699951,81,167.76
28/10/2023 05:00,7.276001,957,0,1.077999,2.006001,89.699951,88.099976,203.66
28/10/2023 06:00,7.021004,957,0,0.621,0.912,98.099976,99.400024,243.68
28/10/2023 07:00,7.025002,957,0,0.778,1.055,97.400024,98.5,255.73
28/10/2023 08:00,7.447998,958,0,0.856,1.023001,79.410034,105.800049,258.76
28/10/2023 09:00,7.857002,957,0,0.642,0.954,0,118.599976,288.22
28/10/2023 10:00,8.430008,958,0,0.827,1.225,68.459961,73.209961,298.23
28/10/2023 11:00,9.360001,958,0,0.811,1.382999,105.099976,104.099976,386.55
28/10/2023 12:00,9.759995,957,0,1.209,1.778999,113.900024,116.5,475.73
28/10/2023 13:00,10.309998,957,0,1.360001,2.181,102.599976,91.900024,580.57
28/10/2023 14:00,11.139999,957,0,1.108999,1.282,86,86.599976,693.74
28/10/2023 15:00,11.610001,956,0,1.205,1.795,45.789978,87.800049,619.39
28/10/2023 16:00,11.649994,955,0,1.093,1.775,71.459961,64.199951,440.72
28/10/2023 17:00,11.020004,955,0,0.63,1.497,0,94.800049,404.45
28/10/2023 18:00,11.009995,954,0,0.917,1.715,79.77002,79.050049,407.82
28/10/2023 19:00,10.910004,953,0,0.918,1.733,80.699951,88.199951,485.09
28/10/2023 20:00,10.880005,952,0.4,1.114,2.171001,98.900024,95.199951,532.85
28/10/2023 21:00,10.479996,951,0,1.99,3.189999,50.450012,54.309998,553.47
28/10/2023 22:00,10.820007,950,0,1.068001,2.195,84.800049,86.300049,397.71
28/10/2023 23:00,11.149994,949,0,1.406,1.917,145,136.600098,344.30
29/10/2023 00:00,11.070007,949,0,0.327,0.343,262.899902,166.699951,223.85
29/10/2023 01:00,11.059998,949,0,0.384,0.643,114.5,148,147.93
29/10/2023 02:00,10.580002,948,0,0.513,0.742,161.899902,161.100098,251.36
29/10/2023 03:00,10.729996,948,0,2.574001,3.584,224,214.5,428.84
29/10/2023 04:00,10.570007,949,0,2.845001,3.928001,223.800049,224.100098,538.30
29/10/2023 05:00,10.190002,950,0,1.075001,1.575001,230.399902,231.600098,513.93
29/10/2023 06:00,9.699997,951,0,1.163,2.042999,203.100098,223,479.27
29/10/2023 07:00,9.460007,952,0,1.677,2.5,203.100098,205.399902,467.79
29/10/2023 08:00,9.680008,953,0,2.302002,2.841,215.100098,212.100098,463.83
29/10/2023 09:00,10.899994,953,0,2.960999,3.643002,227.199951,218,444.32
29/10/2023 10:00,11.449997,954,0,3.195,4.153,222.300049,219.699951,421.79
29/10/2023 11:00,11.869995,954,0,3.098999,4.341003,215.199951,208.5,527.07
29/10/2023 12:00,13.279999,954,0,2.286999,3.078999,222.199951,206.600098,668.80
29/10/2023 13:00,14.330002,954,0,2.409,3.783001,221.300049,220.600098,761.37
29/10/2023 14:00,14.300003,954,0,2.421001,3.085999,217.800049,209.100098,912.61
29/10/2023 15:00,14.389999,955,0,2.705002,3.278,217,201.5,847.78
29/10/2023 16:00,13.020004,955,0,1.335001,2.049999,189.800049,184.300049,605.62
29/10/2023 17:00,11.889999,956,0,1.247999,2.063,190.699951,189.300049,392.86
29/10/2023 18:00,10.889999,957,0,0.692,1.171,177.600098,189.600098,364.00
29/10/2023 19:00,10.729996,957,0,1.313,1.975,186.100098,176.600098,426.06
29/10/2023 20:00,10.559998,958,0,0.863,1.603001,242.600098,221.399902,434.68
29/10/2023 21:00,9.779999,959,0,0.725,0.739,49,47.799988,456.81
29/10/2023 22:00,8.979996,960,0,0.851,1.804001,107.099976,115.699951,462.38
29/10/2023 23:00,8.039993,960,0,0.576,0.8,55.559998,74.050049,290.86
30/10/2023 00:00,7.474998,961,0,0.66,1.165001,64.650024,39.22998,177.15
30/10/2023 01:00,7.334,961,0,0.349,0.601,19.290009,348.899902,180.23
30/10/2023 02:00,7.792,961,0,0.418,0.982,137.699951,127.900024,287.10
30/10/2023 03:00,8.009995,961,0,0.342,0.694,42.900024,52.090027,327.77
30/10/2023 04:00,8.139999,962,0,0.442,0.601,20.399994,27.23999,220.49
30/10/2023 05:00,8.289993,962,0,0.352,0.662,6.453003,23.589996,165.52
30/10/2023 06:00,8.410004,963,0,0.469,0.834,36.539978,50.679993,96.29
30/10/2023 07:00,8.710007,963,0,0.787,1.421,51.630005,33.640015,142.80
30/10/2023 08:00,8.490005,964,0,0.84,1.184999,19.850006,19.079987,180.63
30/10/2023 09:00,8.619995,965,0,1.221001,1.863001,30.850006,29.209991,181.31
30/10/2023 10:00,8.899994,966,0,1.403,1.712999,34.940002,31.350006,241.65
30/10/2023 11:00,9.449997,966,0,1.395,1.931,8.539993,16.679993,287.56
30/10/2023 12:00,9.619995,966,0,1.683001,2.351002,38.780029,42.710022,284.74
30/10/2023 13:00,9.930008,966,0,1.738001,2.602001,59.720032,48.580017,396.11
30/10/2023 14:00,9.910004,965,0,2.189999,3.152,44.77002,39.830017,351.91
30/10/2023 15:00,9.759995,966,0,3.325001,4.309998,44.470032,32.710022,290.38
30/10/2023 16:00,9.259995,966,0,1.610001,2.679001,28.070007,31.480011,322.13
30/10/2023 17:00,9.050003,966,0,1.805,2.533001,19,33.880005,315.67
30/10/2023 18:00,8.619995,967,0,1.997,3.133999,28.640015,15,300.60
30/10/2023 19:00,8.449997,968,0,1.792999,2.625999,28.600006,28.100006,283.63
30/10/2023 20:00,8.580002,968,0,0.682,1.16,12.029999,2.210999,288.06
30/10/2023 21:00,8.460007,969,0,1.121,1.813,4.829002,353.600098,301.15
30/10/2023 22:00,8.190002,969,0,0.807,1.389999,3.438,10.410004,336.30
30/10/2023 23:00,8.199997,969,0,1.056,1.374001,14.039993,8.009995,346.77
31/10/2023 00:00,8.220001,970,0,0.833,1.427999,26.25,15.669998,338.35
