osmid,osmid_original,y,x,street_count,LSOA,LSOA_Lon,LSOA_Lat,PWC_Distance,NodeID,lon,lat,osmid_Old,NodeID_New,ref,highway,geometry
0,318443,53.426879099999994,-1.4162355999999994,3,E01007852,-1.4194783156197548,53.42046419037579,0.007187925297149907,0,-1.4162356,53.4268791,1,0,,,POINT (-1.4162355999999994 53.426879099999994)
1,"[21754346, 21754348, 21754275, 705632304, 246897925, 705632330, 149827552, 149827548, 860685929, 21754350, 21754352, 148866610, 148866611, 21754354, 251834056, 21754358, 860685931]",53.413268760965785,-1.4015760762228784,0,E01007913,-1.3989273652315835,53.41431725648242,0.0028486861469473623,1,,,2,1,,,POINT (-1.4015760762228784 53.413268760965785)
2,318473,53.4493954,-1.4444759999999999,3,E01008135,-1.462530718758868,53.44530526247508,0.01851221473607552,2,-1.444476,53.4493954,3,2,35,motorway_junction,POINT (-1.4444759999999999 53.4493954)
3,"[261994607, 261994286, 33205084, 33205086, 1562857116]",53.45576227458879,-1.4467362829971904,0,E01008135,-1.462530718758868,53.44530526247508,0.018942367945324935,3,,,5,3,,,POINT (-1.4467362829971904 53.45576227458879)
4,318446,53.4259088,-1.4152296,3,E01007852,-1.4194783156197548,53.42046419037579,0.006906182619770681,4,-1.4152296,53.4259088,6,4,34,motorway_junction,POINT (-1.4152296 53.4259088)
5,"[21754470, 21754478, 21754468, 1234855122, 1234855129, 1234855142, 21754476, 148863791, 148863789, 21754480]",53.42189187358523,-1.4112807154613123,0,E01007852,-1.4194783156197548,53.42046419037579,0.008320993192174865,5,,,8,5,,,POINT (-1.4112807154613123 53.42189187358523)
6,1590900275,53.4497359,-1.4443261000000014,3,E01008135,-1.462530718758868,53.44530526247508,0.018736026607393368,6,-1.4443261,53.4497359,10,6,,,POINT (-1.4443261000000014 53.4497359)
7,"[33205095, 33205094, 33205092, 33205093]",53.45596348885193,-1.4441830612121387,0,E01008135,-1.462530718758868,53.44530526247508,0.021218725856002298,7,,,11,7,,,POINT (-1.4441830612121387 53.45596348885193)
8,"[415047, 1744693992, 25966034, 29031283, 25966038]",53.48277432386066,-1.5608020005415026,0,E01008143,-1.5731865031074546,53.477596397664385,0.013423368560094759,8,,,12,8,,,POINT (-1.5608020005415026 53.48277432386066)
9,"[25920147, 25920160, 1347645836]",53.481448270061115,-1.5625543316309014,0,E01008143,-1.5731865031074546,53.477596397664385,0.011308403568476016,9,,,13,9,,,POINT (-1.5625543316309014 53.481448270061115)
10,1283417184,53.4822447,-1.5721262000000003,3,E01008144,-1.5921036556059867,53.480551700185764,0.020049064338771,10,-1.5721262,53.4822447,14,10,,,POINT (-1.5721262000000003 53.4822447)
11,"[21026828, 130915814, 21026875, 21026878, 1234169804, 483160708, 130915788, 250720604, 250720607, 21026879, 250720610, 130915763, 26821733, 26821734, 250720606, 250720592, 26841927, 130915803, 906150418, 192551504, 250720608, 130915746, 130915741, 1277052016, 130915749, 130915753, 130915755, 130915785, 1300337554, 1234169808, 130915798, 250720601]",53.40459764136094,-1.4961650458532068,0,E01008093,-1.4987266637384804,53.404365837638544,0.0025720845934512084,11,,,15,11,,,POINT (-1.4961650458532068 53.40459764136094)
12,"[2273087090, 250720897, 8936023366, 8936023363]",53.407529400426796,-1.4968037868222261,0,E01008091,-1.5009902284989043,53.4132121184609,0.007058298532035348,12,,,16,12,,,POINT (-1.4968037868222261 53.407529400426796)
13,"[1744738487, 21026882, 250720899, 69365105, 1395200885, 8936023346, 250720903, 250720901, 1395200731]",53.40934663342382,-1.497772313807649,0,E01008091,-1.5009902284989043,53.4132121184609,0.005029607294018566,13,,,17,13,,,POINT (-1.497772313807649 53.40934663342382)
14,"[21026832, 1758645507, 1758645493, 1759989656]",53.40273576957355,-1.4933144239814116,0,E01008093,-1.4987266637384804,53.404365837638544,0.005652385433115703,14,,,18,14,,,POINT (-1.4933144239814116 53.40273576957355)
15,"[21026848, 70685213, 69473096, 70685220, 1758628488, 1016051470, 21026851, 1587308240, 138162907, 70706318, 8975291246, 21026853, 1755258611, 4530560727, 1587308153, 21026856, 287317730, 1758628322, 21026857, 21026861, 1741202466, 1741202391, 250717101, 8936027737, 21026988, 26762501, 145361891, 145361885, 26755779, 240816816, 4530560726, 158728504, 21027001, 26755777, 26755776, 21027018, 8872068186, 1886433111, 21754337, 21027020, 1886433453, 21027024, 8872068187, 11070268406, 163474362, 21027032, 8872068184, 26783014, 1757365984, 21027034, 1885317911, 1885317665, 21027038, 3100805565, 8872068185, 21027059, 21027066, 3099633038, 26787477, 1886498507, 26885868, 1198112596, 21710795, 21027080, 21027119, 21027124, 9004954754, 26786632, 21027125, 26783674, 247257851, 26786629, 21027126, 715083019, 26786633, 21027134, 21027135, 21027147, 1813828889, 21027152, 26786636, 1783630535, 21027156, 21027149, 162917874, 21754481, 8872068183, 715082511, 21710783, 12214657319, 163474368, 309570102, 12237638883, 163474377, 961570012, 21710790, 26870188, 21710791, 26870189, 5195744518, 1848408926, 1849169622, 21710798, 26787659, 1849169395, 21710799, 4293776729, 829390369, 69559153, 21912215, 829390353, 21710801, 69559150, 21710800, 69744313, 69559147, 1846803331, 331793470, 21710802, 11173126602, 255290793, 69648247, 69648236, 69648244, 490708187, 70930167, 21710803, 331790068, 21710804, 1846803330, 833483956, 11183280513, 21710815, 2137163577, 1195739783, 2137163607, 8920333466, 1757578672, 384879749, 21710822, 2720121479, 1196564835, 69559113, 2541971240, 148857030, 21710825, 8972901006, 247217462, 906771915, 27145417, 21710828, 74122542, 69731972, 69657320, 74122529, 74122526, 74122549, 21710833, 26786769, 74122604, 74122580, 74122598, 1898716360, 74265751, 1898716356, 10878723907, 21710836, 2720121471, 21710840, 2720121476, 8996868032, 21754492, 21710841, 163013735, 1757334229, 163013743, 163013741, 162950891, 255174972, 162963630, 162950916, 69559085, 21710842, 26928582, 21710860, 26870186, 1194438442, 1194438294, 151296729, 21710861, 1815651122, 70733160, 1111087976, 9533604914, 1014466803, 138163016, 26819353, 21754243, 248800762, 316233999, 21754245, 26787767, 26787766, 11174100632, 1886433090, 21754341, 26787762, 1014144079, 11174100628, 634109693, 26829490, 21754347, 69559179, 943841820, 1770702662, 11174824627, 69559163, 943841374, 21754353, 1230601766, 26755763, 1591380976, 21754357, 1359777589, 21754361, 12132503326, 138162862, 26755739, 26755816, 12132503312, 148348305, 26755741, 26755814, 854090283, 21754369, 26756272, 26761938, 26755766, 21754371, 26756269, 26761939, 11256209086, 11256209090, 21754380, 26756667, 2652349518, 2652349525, 21754406, 1229107719, 1756324765, 1784883121, 1784883158, 21754465, 26786785, 70897016, 21912223, 9045466964, 70916622, 1200106933, 21754477, 8872068182, 1080088536, 25319810, 21754479, 1189457390, 26787637, 21754490, 27145411, 330605828, 162926325, 162950900, 74122563, 162950904, 21754497, 26886664, 163037007, 69559075, 1200613752, 21912213, 21912221, 11149307347, 74122546, 255290792, 11189653359, 25316773, 8872068180, 25316774, 26872572, 25374193, 243767590, 2096503046, 25316786, 9121190979, 25319814, 145391750, 25316789, 2720107613, 25316791, 26822003, 2390418700, 25316793, 1166340269, 149827701, 149887748, 149887751, 26822012, 27146701, 1757331253, 25316864, 2270924464, 1783084885, 7688401335, 1783084501, 26822007, 3209998994, 25374181, 8872068181, 1765122318, 25967477, 138162822, 25967480, 26761415, 240224229, 11194361294, 26787950, 240224222, 11194361296, 158728869, 25967488, 9045027648, 70719310, 25967489, 127838643, 240224261, 1839761339, 2720048234, 384879720, 25967494, 26787964, 26872176, 27003387, 384879739, 9790438293, 10724162944, 1204399351, 71200155, 26755702, 26755709, 289529666, 3216668462, 26755716, 3216668464, 243524595, 1231536150, 10133423829, 26756137, 26755751, 1304224084, 1304224086, 26756019, 26756020, 26756802, 26755759, 26755761, 26756263, 26755764, 26755772, 26755773, 240224197, 26755834, 26755775, 26755781, 8872068189, 240224194, 26755830, 11198118146, 26755784, 26755780, 26762590, 26756681, 26755827, 240224264, 26756680, 11198730834, 26755802, 1231144921, 8872068191, 1231389526, 26755818, 148348330, 26755817, 1233398743, 1244658594, 26760808, 26760804, 26760813, 1758628302, 1359761397, 148348326, 12132503317, 26756676, 11179658675, 240224285, 1230601670, 829396930, 26763854, 4530560728, 11195020935, 240224274, 1232588039, 2781304531, 163456149, 26777082, 145400451, 1755277811, 145400452, 145361770, 26777102, 221787471, 221787489, 1587308084, 26783671, 26783672, 1232627222, 250639143, 1232627220, 715086701, 26786628, 1319869770, 715083329, 54182387, 26786635, 715082975, 26822124, 715083305, 158740307, 715086565, 3212231032, 163013715, 54182375, 3212231037, 2122941518, 163013718, 163013696, 26787761, 1770659109, 756643713, 756644028, 26787765, 1849169787, 26787764, 1198112632, 634109694, 158728494, 3402892042, 1015964116, 26788726, 158728498, 158728503, 158728499, 1229176043, 26812705, 11069345155, 1886467202, 26812742, 3824562498, 26819549, 74122538, 74122531, 26829491, 11173126558, 69559190, 255290853, 8149005115, 26872112, 1245901954, 1246637737, 11237301706, 26872113, 9524967914, 70989990, 26872126, 9525057536, 1128069467, 1181382130, 26872130, 1122288885, 9524967900, 26872133, 221814122, 221813999, 221814116, 221846544, 26872154, 145361768, 26872162, 1228018261, 6557858818, 26872170, 11208498391, 384879735, 1204282836, 26872171, 9790438292, 1204282858, 2156646162, 384879753, 26872175, 384879758, 27003390, 26872179, 384879754, 9790438291, 1170817502, 1839795546, 27003394, 1757343472, 1510034630, 979559924, 2912540466, 11193436902, 27003391, 11755504891, 1757623345, 12157230370, 1808208947, 12198827431, 69571195, 12157230363, 27145393, 27145394, 2780969924, 4423944150, 1909126316, 2780969927, 27145396, 1195987464, 1195987381, 70841671, 474381695, 27145419, 1195987440, 1234828895, 1234828894, 69361061, 1234869463, 534858071, 70706309, 69361280, 9249761605, 8773058766, 138162910, 69361682, 69501409, 70685197, 1015964131, 69501413, 70685297, 823580077, 8773058767, 69361849, 1331049843, 69361930, 69479361, 9419325183, 69361995, 9419325181, 69362028, 131414161, 69362115, 8773058733, 131414178, 3216668463, 70701934, 1758628429, 69559069, 158731037, 69559158, 11173126598, 69559171, 828317874, 1757623343, 69571200, 69648205, 521622885, 521626650, 69731968, 1304224007, 70733156, 148870456, 474381694, 1195987387, 2790139176, 9533623425, 70735371, 1815651785, 1345936814, 12232032124, 74122590, 74122578, 1079393450, 74122554, 74122558, 2745462875, 74155803, 7688748861, 163270239, 7688748867, 7688748870, 74122573, 1898716231, 1014137921, 6540554464, 1120221994, 138162876, 8773058765, 145361432, 277026584, 473609166, 1756324821, 1756324769, 145361470, 145361715, 221814004, 1231144935, 1587308135, 11700514722, 145361494, 1229107721, 1784882974, 145361642, 1784882987, 277026604, 1229107727, 2840836558, 145361565, 277026587, 277026591, 145361623, 1181276737, 1181277114, 1232427063, 160206323, 145361651, 145361666, 1505095659, 1339991261, 1339991106, 1340002141, 222081807, 1339996966, 1340000986, 1755229239, 12386359919, 2652349539, 1755277805, 1757537171, 8872068188, 145361954, 7832329523, 224600009, 1232426937, 1232427066, 148356736, 1233398777, 8688812210, 12132503318, 3590480699, 148857029, 148857040, 2084745387, 255290815, 1860616486, 149827391, 1264765491, 1313524384, 224685784, 1838721821, 1300337382, 158731057, 2720107610, 159082478, 2720107609, 277026603, 1741202469, 162950910, 162950914, 793061926, 11349950489, 1079392905, 1886433310, 163474372, 8920349534, 1206776445, 175926842, 1230683507, 11219567157, 221787516, 11211243084, 221787625, 3127580313, 221787526, 221787612, 332639951, 2084745446, 221846534, 221814023, 221814058, 221846580, 221814068, 221814106, 221846645, 221814078, 1756350525, 222043729, 222081518, 222043735, 222081542, 222081671, 222081688, 1345267260, 222043740, 1340002134, 1340005137, 1340007470, 1340000989, 224587565, 243525644, 246714477, 768582893, 246714486, 1207018472, 2155006238, 1756324793, 277026600, 1784883136, 1784883139, 1849169736, 1195805532, 473609212, 534873721, 1734284993, 1757331250, 1815584559, 7964702850, 7964702843, 1204282849, 9527368293, 1860616915, 6540554460, 1784897037, 1232427238, 5018804561, 1587308206, 3590480698, 8920333507, 1952229831, 4881766298, 4881766299, 1757623367, 1893006846]",53.38329936714168,-1.473147031942589,0,E01033262,-1.4700765367910062,53.3882908020442,0.005860235734337246,15,,,19,15,,,POINT (-1.473147031942589 53.38329936714168)
16,"[160300565, 69450092, 69450057, 69465612, 69450048, 69450069, 69450063, 69451994, 69450077, 69451998, 9419325110, 69450081, 69452001, 69452005, 741096298, 3216668473, 1758628621, 686571393, 160301219, 160301224, 160301221, 160301226, 1758628612]",53.40010277076532,-1.4920570076054673,0,E01008161,-1.4984196156415095,53.39947970147763,0.006393042808989494,16,,,20,16,,,POINT (-1.4920570076054673 53.40010277076532)
17,21027048,53.37603790000001,-1.4823887000000002,3,E01008114,-1.4804557125952382,53.37673359629965,0.0020543694040546815,17,-1.4823887,53.3760379,21,17,,,POINT (-1.4823887000000002 53.37603790000001)
18,11120754310,53.3784077,-1.4840754000000005,3,E01008115,-1.4859486493681218,53.377328306745135,0.0021619789531377538,18,-1.4840754,53.3784077,22,18,,,POINT (-1.4840754000000005 53.3784077)
19,"[249001158, 21027161, 249001159, 26784345, 1508549405, 1508549458, 2584432422, 1508549430, 2584432421]",53.367521437909275,-1.4752619795113553,0,E01008109,-1.4739162634666747,53.367935472364024,0.0014079688216116198,19,,,23,19,,,POINT (-1.4752619795113553 53.367521437909275)
20,"[26784335, 715084549]",53.367420500214315,-1.4806500501539714,0,E01008107,-1.4818395894543646,53.36821022654762,0.0014278205169735174,20,,,24,20,,,POINT (-1.4806500501539714 53.367420500214315)
21,"[1084065399, 21027178, 263938130, 248729032, 7656822874, 263938126, 21027182, 249341085, 1508445275, 360055067, 1811961433, 1080551368, 51248758, 361194016, 1798052960, 26822125, 158740317, 1080551265, 158740310, 263938123, 6567692167, 1799628447, 1321360309, 11764691193, 1514371633, 916225836, 263938125, 361194118, 1797921384, 3400990506, 1799628455]",53.364582019816375,-1.4709002319551443,0,E01008108,-1.4707632798814914,53.36765442437024,0.0030754553505244328,21,,,25,21,,,POINT (-1.4709002319551443 53.364582019816375)
22,"[21027191, 248729028, 250638820, 1798052939]",53.35973315280961,-1.4755976516461589,0,E01007981,-1.4772987813819358,53.35476160301031,0.00525453611509811,22,,,26,22,,,POINT (-1.4755976516461589 53.35973315280961)
23,"[1808492249, 1801478939, 1808492284, 1808492271, 1808492240, 250638853, 1808492287, 1251568039, 1808492328, 1808492332, 1801478813, 1808492331, 2793492525, 2793492524]",53.35655409743934,-1.4773862463758278,0,E01007981,-1.4772987813819358,53.35476160301031,0.001794627093094915,23,,,27,23,,,POINT (-1.4773862463758278 53.35655409743934)
24,21027208,53.3545676,-1.4806982000000004,3,E01007981,-1.4772987813819358,53.35476160301031,0.0034049499421943577,24,-1.4806982,53.3545676,28,24,,,POINT (-1.4806982000000004 53.3545676)
25,339875358,53.3520108,-1.4786164999999996,3,E01007981,-1.4772987813819358,53.35476160301031,0.003050131072251094,25,-1.4786165,53.3520108,29,25,,,POINT (-1.4786164999999996 53.3520108)
26,21027257,53.3501973,-1.4811871000000012,2,E01007983,-1.4805148428013228,53.351404448426955,0.0013817152622294928,26,-1.4811871,53.3501973,30,26,,,POINT (-1.4811871000000012 53.3501973)
27,360850916,53.3509427,-1.471286300000001,4,E01007985,-1.4746995591501646,53.35079642069274,0.0034163921996624184,27,-1.4712863,53.3509427,31,27,,,POINT (-1.471286300000001 53.3509427)
28,"[339875413, 246708447]",53.348517250028685,-1.47696799989755,0,E01007985,-1.4746995591501646,53.35079642069274,0.003215655818068757,28,,,32,28,,,POINT (-1.47696799989755 53.348517250028685)
29,21027248,53.34889939999999,-1.4805734999999998,2,E01007986,-1.4785286387757082,53.346364073733646,0.0032571976764510964,29,-1.4805735,53.3488994,33,29,,,POINT (-1.4805734999999998 53.34889939999999)
30,21027231,53.3434736,-1.478103,3,E01007831,-1.4830000202328553,53.34076177563439,0.00559774941837528,30,-1.478103,53.3434736,34,30,,,POINT (-1.478103 53.3434736)
31,"[1810664021, 1540884793, 265657370, 364816128, 1230896698, 1230872414]",53.3389675262007,-1.4816649418826602,0,E01007831,-1.4830000202328553,53.34076177563439,0.002236462660423656,31,,,35,31,,,POINT (-1.4816649418826602 53.3389675262007)
32,"[21027236, 21027237, 364493161, 2453048478, 26971066, 2453048474, 364493170, 26971069, 21027241, 21027242]",53.3463457527347,-1.4794986782004458,0,E01007986,-1.4785286387757082,53.346364073733646,0.000970212422383729,32,,,36,32,,,POINT (-1.4794986782004458 53.3463457527347)
33,"[21710746, 1261198342, 26770081, 150588120, 21718486]",53.380910736151534,-1.5048529409969822,0,E01007962,-1.5065383796939333,53.38186364256797,0.0019361648276081558,33,,,37,33,,,POINT (-1.5048529409969822 53.380910736151534)
34,21736834,53.3852715,-1.5081682000000003,3,E01007960,-1.5112964882928697,53.383868262983114,0.0034285947221666356,34,-1.5081682,53.3852715,38,34,,,POINT (-1.5081682000000003 53.3852715)
35,"[1231127218, 12390688774, 22032514, 22032512]",53.379710123350186,-1.5188129976897216,0,E01007951,-1.5131493521793047,53.37990029857144,0.005666837485092101,35,,,39,35,,,POINT (-1.5188129976897216 53.379710123350186)
36,21710753,53.3798225,-1.501524099999999,3,E01007867,-1.50056247754758,53.37849981554407,0.0016353017797860357,36,-1.5015241,53.3798225,40,36,,,POINT (-1.501524099999999 53.3798225)
37,21718503,53.38276489999999,-1.498481000000001,3,E01007866,-1.4989955157014858,53.38171795339869,0.0011665434381378033,37,-1.498481,53.3827649,41,37,,,POINT (-1.498481000000001 53.38276489999999)
38,"[7237498435, 21718515, 1591678079, 7237498430]",53.3774565408286,-1.5012675899182428,0,E01007867,-1.50056247754758,53.37849981554407,0.0012592083176355662,38,,,42,38,,,POINT (-1.5012675899182428 53.3774565408286)
39,"[21710774, 9002101817, 9002101822, 26865553, 89318709, 26870190, 26865470, 8149005102, 879671039, 76792372, 879670141, 1210633795, 26865558, 9002101826]",53.380182759735284,-1.4927605860539856,0,E01007866,-1.4989955157014858,53.38171795339869,0.0064211499977374275,39,,,43,39,,,POINT (-1.4927605860539856 53.380182759735284)
40,21718496,53.3853583,-1.4941180999999992,4,E01008067,-1.4950509993668013,53.3847605612806,0.0011079678719383929,40,-1.4941181,53.3853583,44,40,,,POINT (-1.4941180999999992 53.3853583)
41,248800291,53.3800921,-1.4960730999999998,3,E01007866,-1.4989955157014858,53.38171795339869,0.003344235758186245,41,-1.4960731,53.3800921,45,41,,,POINT (-1.4960730999999998 53.3800921)
42,"[21740881, 330605953]",53.37480190004285,-1.496155150175652,0,E01007860,-1.4953795168305166,53.373746932127816,0.001309413757309741,42,,,46,42,,,POINT (-1.496155150175652 53.37480190004285)
43,21712598,53.37688159999999,-1.5141213000000013,3,E01007868,-1.5077132526662853,53.3779783502145,0.006501225397118254,43,-1.5141213,53.3768816,47,43,,,POINT (-1.5141213000000013 53.37688159999999)
44,57926597,53.3745843,-1.510006900000001,3,E01007862,-1.5096417874430759,53.372416261967324,0.002198566826449497,44,-1.5100069,53.3745843,48,44,,,POINT (-1.510006900000001 53.3745843)
45,21951936,53.376625,-1.5037586999999986,4,E01007868,-1.5077132526662853,53.3779783502145,0.0041797181236914414,45,-1.5037587,53.376625,49,45,,,POINT (-1.5037586999999986 53.376625)
46,35631677,53.370428200000006,-1.524472000000001,4,E01007858,-1.5235113095592026,53.370889821206184,0.0010658425123061845,46,-1.524472,53.3704282,50,46,,traffic_signals,POINT (-1.524472000000001 53.370428200000006)
47,"[21718476, 197781078, 1014398665, 75784516]",53.3872778594135,-1.4972276065475185,0,E01008066,-1.4972594995964867,53.38604381486717,0.0012344566047042724,47,,,51,47,,,POINT (-1.4972276065475185 53.3872778594135)
48,26788715,53.38974939999999,-1.4854995000000002,4,E01008065,-1.4855298585545458,53.38765287859552,0.002096741195590396,48,-1.4854995,53.3897494,52,48,,,POINT (-1.4854995000000002 53.38974939999999)
49,"[1014466202, 1014465757]",53.38390535000518,-1.4899800999901838,0,E01008067,-1.4950509993668013,53.3847605612806,0.005142509777665805,49,,,53,49,,,POINT (-1.4899800999901838 53.38390535000518)
50,"[1015964271, 1015964415]",53.39161395024483,-1.4883271988854152,0,E01008072,-1.4885721943891614,53.390235292635325,0.0014002569768110078,50,,,54,50,,,POINT (-1.4883271988854152 53.39161395024483)
51,"[1070573491, 1591678033]",53.376520350006764,-1.4970336999685638,0,E01007860,-1.4953795168305166,53.373746932127816,0.0032292674998321206,51,,,55,51,,,POINT (-1.4970336999685638 53.376520350006764)
52,"[75991860, 75991861]",53.38965230013031,-1.5048005504394164,0,E01008154,-1.5060978425307545,53.3931097693506,0.0036928390405658413,52,,,56,52,,,POINT (-1.5048005504394164 53.38965230013031)
53,"[21740786, 25316815, 366451407, 26784872, 265008130, 26784871, 692117973, 692117985, 22032418, 25316820, 26836063, 679402039, 679402043]",53.367540310261376,-1.5022213235543447,0,E01007863,-1.5022914803792948,53.36989559458908,0.002356328976273106,53,,,57,53,,,POINT (-1.5022213235543447 53.367540310261376)
54,21740794,53.37227359999999,-1.5004026000000001,3,E01007863,-1.5022914803792948,53.36989559458908,0.0030369028337504118,54,-1.5004026,53.3722736,58,54,,,POINT (-1.5004026000000001 53.37227359999999)
55,1591678034,53.376495699999985,-1.4996973000000002,3,E01007867,-1.50056247754758,53.37849981554407,0.0021828905842509864,55,-1.4996973,53.3764957,59,55,,,POINT (-1.4996973000000002 53.376495699999985)
56,"[21754258, 4460326774, 469481897, 4555960054, 4555960056, 1317844282, 4555960060, 4460326772, 4460326775]",53.41788040506758,-1.3964371925374344,0,E01007913,-1.3989273652315835,53.41431725648242,0.0043470665841001685,56,,,60,56,,,POINT (-1.3964371925374344 53.41788040506758)
57,"[1506291388, 1506291457]",53.416033700216964,-1.4000444491642139,0,E01007913,-1.3989273652315835,53.41431725648242,0.0020479393561327356,57,,,61,57,,,POINT (-1.4000444491642139 53.416033700216964)
58,21754291,53.40976149999999,-1.4077792000000013,3,E01007913,-1.3989273652315835,53.41431725648242,0.00995539531582955,58,-1.4077792,53.4097615,62,58,,,POINT (-1.4077792000000013 53.40976149999999)
59,"[1209920946, 2161315497, 2161315554, 2161315548, 2161315569]",53.40857122486866,-1.410340551093834,0,E01007913,-1.3989273652315835,53.41431725648242,0.01277801591925033,59,,,63,59,,,POINT (-1.410340551093834 53.40857122486866)
60,"[2161916432, 21754370, 21754366, 21754368, 21754389, 27145553, 21754394, 2161916442, 27145569, 976215777, 21754437, 3239631593, 4555960047, 8914076489, 976215847, 3239649994, 2161916503, 21754451, 8914076480, 976215865, 976215752, 976215809, 8914076491, 8914076490, 7549524668, 976215830, 976243062, 976215874, 1313187983, 976215869, 1028031027, 1028030974, 7549524655]",53.412124979911525,-1.4071765820408262,0,E01007913,-1.3989273652315835,53.41431725648242,0.008535552385709327,60,,,64,60,,,POINT (-1.4071765820408262 53.412124979911525)
61,"[8431247951, 243535265, 1225766975, 2161315472, 11519480776, 2161315458, 309229879, 8431247945, 8412456116, 8431247947, 1225767185, 2161315302, 2161315259, 8431247946, 8431247954, 2161315125, 8431247942, 5464524033, 8431247943, 8431247944, 8431247949, 8412493130]",53.40737659676687,-1.413383513552556,0,E01007913,-1.3989273652315835,53.41431725648242,0.016035990195961337,61,,,65,61,,,POINT (-1.413383513552556 53.40737659676687)
62,"[21754304, 2131570175, 1028003452, 7044558357, 3255856776, 8914076448, 243641818, 243641827, 243641834, 243641829, 243641825, 243641822, 243641823, 243641830, 243641831, 7549524591, 976215764, 976215827, 7549524595, 976215825, 243641854, 1515072028, 1169060839, 8914076437, 3255856790, 8914076449, 1515071829, 1169059359, 976215747, 1016763188, 1028003428, 1016763898, 7549524640, 1028003047, 976215813, 7549524629, 976215881, 7549524625, 1016762925, 7549524599, 7549522983, 7549524635, 1016763885, 7549524600, 1169059362, 1515071813, 3255856789, 7044558358, 8914076452, 8914076455, 7549263601]",53.4170625328809,-1.4103721574667156,0,E01007913,-1.3989273652315835,53.41431725648242,0.011769443988964975,62,,,66,62,,,POINT (-1.4103721574667156 53.4170625328809)
63,"[21754319, 283816463, 8917264759, 283816486, 243648471, 1170614975, 8917264763, 8917264758, 1170615018]",53.409075369527066,-1.4222408515593188,0,E01033269,-1.4601666164977376,53.39233091491445,0.041457694176570754,63,,,67,63,,,POINT (-1.4222408515593188 53.409075369527066)
64,"[288938798, 1262423154, 21754436, 288938794, 27238706, 21754438, 1262423110, 27145556, 27145557, 1262400844, 27238707]",53.405333988855915,-1.428511542193358,0,E01033269,-1.4601666164977376,53.39233091491445,0.03422168407812393,64,,,68,64,,,POINT (-1.428511542193358 53.405333988855915)
65,"[1296443620, 8901321744]",53.408931150019995,-1.402751850004857,0,E01007913,-1.3989273652315835,53.41431725648242,0.0066058176333872905,65,,,69,65,,,POINT (-1.402751850004857 53.408931150019995)
66,"[12063831745, 148348313]",53.393734850002055,-1.478554450002011,0,E01033270,-1.4639493545341087,53.3899707568703,0.015082347653169825,66,,,70,66,,,POINT (-1.478554450002011 53.393734850002055)
67,"[21754411, 2712488865, 1313524476, 1264760523, 222043785, 27088293, 1094431830, 563290542, 222043668, 3106179859, 8917264577, 140893592, 8917264572, 145419500, 140893605, 222043696, 8917264567, 276829892, 3106179854, 145419401, 8917264571, 8917264561, 8917264558, 243531296, 149900798, 8917264653, 221993378, 149900802, 149900808, 149900805, 1199559192, 243531299, 243531321, 243531294, 276829887, 8917264645, 243531301, 243531318, 222043793, 222043584, 222043771, 222043594, 222043649, 3331759175, 222043715, 1784824757, 3331759180, 8917264604, 222043655, 1094445828, 3106179867, 8917264522, 8917264527, 222043719, 8917264600, 3106179858, 1094445980, 222043748, 222043757, 8917264620, 276829894, 8917264623, 243531328, 243531326, 745738322, 243531308, 1199559179, 276829893, 276829899, 276829896, 276829908, 8917264584, 8917264581, 3106179868, 3106179861, 1264760209, 8917264650]",53.39425979115492,-1.4460925520712151,0,E01033269,-1.4601666164977376,53.39233091491445,0.014205627512818814,67,,,71,67,,,POINT (-1.4460925520712151 53.39425979115492)
68,"[21754432, 1262396457, 8917264715, 8917264696, 8917264700, 1262413182, 8917264710, 1262413303, 243533415, 276829867, 243533416, 276829870, 276829874, 8917264704]",53.401498165191725,-1.431994042932575,0,E01033269,-1.4601666164977376,53.39233091491445,0.02962654854907414,68,,,72,68,,,POINT (-1.431994042932575 53.401498165191725)
69,21766133,53.38651949999999,-1.5218146999999997,3,E01007961,-1.5203456587411261,53.38146591830003,0.005262772103989396,69,-1.5218147,53.3865195,73,69,,,POINT (-1.5218146999999997 53.38651949999999)
70,24940286,53.3889743,-1.5228513000000006,3,E01007961,-1.5203456587411261,53.38146591830003,0.007915430112800381,70,-1.5228513,53.3889743,74,70,,,POINT (-1.5228513000000006 53.3889743)
71,21766131,53.385494399999985,-1.5233322000000007,3,E01007961,-1.5203456587411261,53.38146591830003,0.005014787482829042,71,-1.5233322,53.3854944,75,71,,,POINT (-1.5233322000000007 53.385494399999985)
72,21766127,53.38387659999999,-1.5238417000000004,3,E01007961,-1.5203456587411261,53.38146591830003,0.004246609323015323,72,-1.5238417,53.3838766,76,72,,,POINT (-1.5238417000000004 53.38387659999999)
73,26842656,53.3850895,-1.5290866999999992,3,E01007961,-1.5203456587411261,53.38146591830003,0.009462354179890189,73,-1.5290867,53.3850895,77,73,,,POINT (-1.5290866999999992 53.3850895)
74,"[196575324, 26842564, 26842563, 250636007, 26842586, 26842575, 26842565, 1199433810, 26842587]",53.393009631106324,-1.519758815352437,0,E01008152,-1.519457291421914,53.39313359255433,0.0003260109220093398,74,,,78,74,,,POINT (-1.519758815352437 53.393009631106324)
75,"[26842599, 26842596]",53.38506410008545,-1.5391705986715887,0,E01008158,-1.5319528910569713,53.39006865785716,0.00878298933737516,75,,,79,75,,,POINT (-1.5391705986715887 53.38506410008545)
76,"[22032415, 267795223, 255421900, 267795220]",53.36665296916791,-1.506174970063637,0,E01007935,-1.5097271776972483,53.36595139264995,0.003620827071656534,76,,,80,76,,,POINT (-1.506174970063637 53.36665296916791)
77,267795224,53.368558699999994,-1.5147240000000004,3,E01007934,-1.5160327069057726,53.36473231904457,0.004043996164847475,77,-1.514724,53.3685587,81,77,,,POINT (-1.5147240000000004 53.368558699999994)
78,22032436,53.366182699999996,-1.5535468000000006,3,E01007959,-1.5508132727837698,53.36464719474183,0.003135274699249634,78,-1.5535468,53.3661827,82,78,,,POINT (-1.5535468000000006 53.366182699999996)
79,"[22033010, 22033014]",53.36335015000147,-1.5533403500227414,0,E01007959,-1.5508132727837698,53.36464719474183,0.0028405007358228225,79,,,83,79,,,POINT (-1.5533403500227414 53.36335015000147)
80,22032449,53.3640087,-1.5452220000000008,4,E01007958,-1.5451422514380688,53.36625931876992,0.002252031234385874,80,-1.545222,53.3640087,84,80,,,POINT (-1.5452220000000008 53.3640087)
81,246711595,53.373678600000005,-1.5557568000000006,3,E01007953,-1.5415663697631756,53.376217781955695,0.014415816151377495,81,-1.5557568,53.3736786,85,81,,,POINT (-1.5557568000000006 53.373678600000005)
82,251986934,53.367873,-1.5289684999999997,3,E01007865,-1.5260038988354223,53.367274383745674,0.0030244340768088357,82,-1.5289685,53.367873,86,82,,,POINT (-1.5289684999999997 53.367873)
83,247102389,53.3624433,-1.5446881,3,E01007958,-1.5451422514380688,53.36625931876992,0.0038429484489209556,83,-1.5446881,53.3624433,87,83,,,POINT (-1.5446881 53.3624433)
84,22032534,53.372698599999985,-1.5635250000000003,4,E01007956,-1.566194203264992,53.37076389333389,0.0032966249337382098,84,-1.563525,53.3726986,88,84,,,POINT (-1.5635250000000003 53.372698599999985)
85,"[22032498, 253708566]",53.376904650071154,-1.5325177500421177,0,E01007953,-1.5415663697631756,53.376217781955695,0.009074651875656327,85,,,89,85,,,POINT (-1.5325177500421177 53.376904650071154)
86,35631674,53.3683124,-1.5249574000000004,4,E01007865,-1.5260038988354223,53.367274383745674,0.0014739869595039473,86,-1.5249574,53.3683124,90,86,,traffic_signals,POINT (-1.5249574000000004 53.3683124)
87,22033021,53.36152959999999,-1.549079,3,E01007959,-1.5508132727837698,53.36464719474183,0.003567506000389263,87,-1.549079,53.3615296,91,87,,,POINT (-1.549079 53.36152959999999)
88,"[253248355, 26842647]",53.38055415154904,-1.5328869466832271,0,E01007961,-1.5203456587411261,53.38146591830003,0.01257438753398729,88,,,92,88,,,POINT (-1.5328869466832271 53.38055415154904)
89,"[22032560, 26842601]",53.380778251711114,-1.5635725501111608,0,E01007956,-1.566194203264992,53.37076389333389,0.010351832638065609,89,,,93,89,,,POINT (-1.5635725501111608 53.380778251711114)
90,"[1059031244, 730791152, 730791150]",53.37092880458258,-1.5848083290232604,0,E01007956,-1.566194203264992,53.37076389333389,0.01861485625688731,90,,,94,90,,,POINT (-1.5848083290232604 53.37092880458258)
91,22032986,53.3700512,-1.5626586,3,E01007956,-1.566194203264992,53.37076389333389,0.00360671904029006,91,-1.5626586,53.3700512,95,91,,,POINT (-1.5626586 53.3700512)
92,22032566,53.37984289999999,-1.5672764999999993,3,E01008158,-1.5319528910569713,53.39006865785716,0.03677395100493306,92,-1.5672765,53.3798429,96,92,,,POINT (-1.5672764999999993 53.37984289999999)
93,39607534,53.3693177,-1.5941807000000008,3,E01007956,-1.566194203264992,53.37076389333389,0.028023837614744612,93,-1.5941807,53.3693177,97,93,,,POINT (-1.5941807000000008 53.3693177)
94,22032974,53.36580209999999,-1.5741931000000013,3,E01007956,-1.566194203264992,53.37076389333389,0.009412849837615275,94,-1.5741931,53.3658021,98,94,,,POINT (-1.5741931000000013 53.36580209999999)
95,"[322198560, 246711779, 322198562]",53.36527708925233,-1.5625306903920932,0,E01007956,-1.566194203264992,53.37076389333389,0.006597449931547668,95,,,99,95,,,POINT (-1.5625306903920932 53.36527708925233)
96,26842600,53.3819582,-1.5634241000000009,4,E01008158,-1.5319528910569713,53.39006865785716,0.03249948490343327,96,-1.5634241,53.3819582,100,96,,,POINT (-1.5634241000000009 53.3819582)
97,944715849,53.38064899999999,-1.5962432,3,E01008129,-1.5585252765762743,53.39708084141175,0.04114179334422594,97,-1.5962432,53.380649,101,97,,,POINT (-1.5962432 53.38064899999999)
98,"[278355857, 253244896, 1214994734, 1214994519]",53.38450625225561,-1.5485402031265427,0,E01008158,-1.5319528910569713,53.39006865785716,0.017495121542002647,98,,,102,98,,,POINT (-1.5485402031265427 53.38450625225561)
99,257533972,53.3901251,-1.5746534000000003,3,E01008129,-1.5585252765762743,53.39708084141175,0.017564131170031826,99,-1.5746534,53.3901251,103,99,,,POINT (-1.5746534000000003 53.3901251)
100,22032611,53.389987799999986,-1.6406531000000004,3,E01008128,-1.5556293212159684,53.42857758449353,0.09337137905146917,100,-1.6406531,53.3899878,104,100,,,POINT (-1.6406531000000004 53.389987799999986)
101,257533950,53.388831399999994,-1.5908518,3,E01008129,-1.5585252765762743,53.39708084141175,0.03336251489727014,101,-1.5908518,53.3888314,105,101,,,POINT (-1.5908518 53.388831399999994)
102,257533957,53.3987603,-1.5813448000000003,3,E01008129,-1.5585252765762743,53.39708084141175,0.02288124189015135,102,-1.5813448,53.3987603,106,102,,,POINT (-1.5813448000000003 53.3987603)
103,"[22032902, 22032904]",53.349600750903406,-1.5648563505179058,0,E01007956,-1.566194203264992,53.37076389333389,0.02120538722838423,103,,,107,103,,,POINT (-1.5648563505179058 53.349600750903406)
104,"[22032932, 772837809]",53.354335800184565,-1.5738915489431664,0,E01007956,-1.566194203264992,53.37076389333389,0.01814197825519924,104,,,108,104,,,POINT (-1.5738915489431664 53.354335800184565)
105,22032906,53.3506572,-1.5555594999999995,3,E01007939,-1.5293811263690873,53.35630289822916,0.02678023813289189,105,-1.5555595,53.3506572,109,105,,,POINT (-1.5555594999999995 53.3506572)
106,36419647,53.3434157,-1.562883700000001,3,E01007926,-1.5445304663107986,53.33020437780726,0.02261371753893591,106,-1.5628837,53.3434157,110,106,,,POINT (-1.562883700000001 53.3434157)
107,"[257170157, 257170166]",53.35826470027371,-1.5696304982401652,0,E01007956,-1.566194203264992,53.37076389333389,0.012962945279219464,107,,,111,107,,,POINT (-1.5696304982401652 53.35826470027371)
108,"[1296208346, 1296197028, 22032916]",53.35637986909755,-1.5492255089633336,0,E01007939,-1.5293811263690873,53.35630289822916,0.019844531868033692,108,,,112,108,,,POINT (-1.5492255089633336 53.35637986909755)
109,297937704,53.352860500000006,-1.5361179000000005,3,E01007939,-1.5293811263690873,53.35630289822916,0.007565330430476554,109,-1.5361179,53.3528605,113,109,,,POINT (-1.5361179000000005 53.352860500000006)
110,35631014,53.3355141,-1.545385699999999,4,E01007926,-1.5445304663107986,53.33020437780726,0.005378157159024119,110,-1.5453857,53.3355141,114,110,,,POINT (-1.545385699999999 53.3355141)
111,22033230,53.3333277,-1.5670319000000001,3,E01007926,-1.5445304663107986,53.33020437780726,0.022717166627666315,111,-1.5670319,53.3333277,115,111,,,POINT (-1.5670319000000001 53.3333277)
112,36235931,53.3538517,-1.5370467000000008,3,E01007939,-1.5293811263690873,53.35630289822916,0.008047943330415704,112,-1.5370467,53.3538517,116,112,,,POINT (-1.5370467000000008 53.3538517)
113,35631457,53.3544206,-1.5276418000000003,4,E01007927,-1.5239433049249531,53.3488761341138,0.00666483066426566,113,-1.5276418,53.3544206,117,113,,,POINT (-1.5276418000000003 53.3544206)
114,36235798,53.3647759,-1.5260996999999996,3,E01007865,-1.5260038988354223,53.367274383745674,0.0025003197576589616,114,-1.5260997,53.3647759,118,114,,,POINT (-1.5260996999999996 53.3647759)
115,36235985,53.358056299999994,-1.5529986000000007,3,E01007956,-1.566194203264992,53.37076389333389,0.018319576246913785,115,-1.5529986,53.3580563,119,115,,,POINT (-1.5529986000000007 53.358056299999994)
116,772837557,53.3566789,-1.5779546000000007,3,E01007956,-1.566194203264992,53.37076389333389,0.018349222560655482,116,-1.5779546,53.3566789,120,116,,,POINT (-1.5779546000000007 53.3566789)
117,772837621,53.3560255,-1.5735912999999997,3,E01007956,-1.566194203264992,53.37076389333389,0.01649052085809888,117,-1.5735913,53.3560255,121,117,,,POINT (-1.5735912999999997 53.3560255)
118,635103984,53.35967839999999,-1.5609265999999995,3,E01007956,-1.566194203264992,53.37076389333389,0.012273377962607131,118,-1.5609266,53.3596784,122,118,,,POINT (-1.5609265999999995 53.35967839999999)
119,22032962,53.3659991,-1.5846910000000005,3,E01007956,-1.566194203264992,53.37076389333389,0.019100647763121186,119,-1.584691,53.3659991,123,119,,,POINT (-1.5846910000000005 53.3659991)
120,"[1429479795, 1429479827, 1429479804]",53.36441983817401,-1.56697182638454,0,E01007956,-1.566194203264992,53.37076389333389,0.0063915360898332,120,,,124,120,,,POINT (-1.56697182638454 53.36441983817401)
121,246711782,53.36328759999999,-1.5578061,3,E01007956,-1.566194203264992,53.37076389333389,0.011236335630377833,121,-1.5578061,53.3632876,125,121,,,POINT (-1.5578061 53.36328759999999)
122,257170174,53.36156249999999,-1.5618758999999995,3,E01007956,-1.566194203264992,53.37076389333389,0.01016431908065555,122,-1.5618759,53.3615625,126,122,,,POINT (-1.5618758999999995 53.36156249999999)
123,36235990,53.35971949999999,-1.5527300000000004,3,E01007956,-1.566194203264992,53.37076389333389,0.017414459327659202,123,-1.55273,53.3597195,127,123,,,POINT (-1.5527300000000004 53.35971949999999)
124,635104016,53.3604658,-1.559135600000001,3,E01007956,-1.566194203264992,53.37076389333389,0.012484975224885422,124,-1.5591356,53.3604658,128,124,,,POINT (-1.559135600000001 53.3604658)
125,309239983,53.333756300000005,-1.5498140999999996,3,E01007926,-1.5445304663107986,53.33020437780726,0.006366548219004125,125,-1.5498141,53.3337563,129,125,,,POINT (-1.5498140999999996 53.333756300000005)
126,"[1352705040, 257591102, 370034053]",53.32999733095956,-1.5702060024576443,0,E01007926,-1.5445304663107986,53.33020437780726,0.025676370943439907,126,,,130,126,,,POINT (-1.5702060024576443 53.32999733095956)
127,293384706,53.3334544,-1.548018899999999,3,E01007926,-1.5445304663107986,53.33020437780726,0.0047677892001685256,127,-1.5480189,53.3334544,131,127,,,POINT (-1.548018899999999 53.3334544)
128,22033260,53.3216586,-1.5867141999999996,3,E01007956,-1.566194203264992,53.37076389333389,0.053220297814009894,128,-1.5867142,53.3216586,132,128,,,POINT (-1.5867141999999996 53.3216586)
129,29880024,53.3183741,-1.6016047999999998,3,E01007956,-1.566194203264992,53.37076389333389,0.063234490641554,129,-1.6016048,53.3183741,133,129,,,POINT (-1.6016047999999998 53.3183741)
130,22033268,53.3115399,-1.5990924,3,E01007956,-1.566194203264992,53.37076389333389,0.06774786147789187,130,-1.5990924,53.3115399,134,130,,,POINT (-1.5990924 53.3115399)
131,"[192506823, 24940327, 24940329, 1106487556, 1106485466, 192534398, 24940331, 192534402]",53.40008725922912,-1.5114716244364934,0,E01007996,-1.5144381031884537,53.40171593411328,0.0033841657855553904,131,,,135,131,,,POINT (-1.5114716244364934 53.40008725922912)
132,196654374,53.3983482,-1.5136878000000016,3,E01008160,-1.5046050972306093,53.399114260268036,0.009114951340043403,132,-1.5136878,53.3983482,136,132,,,POINT (-1.5136878000000016 53.3983482)
133,"[24940333, 89277682, 1106485644, 24940335, 24940337, 3841860958, 1737677065]",53.400567238742646,-1.5085488659465902,0,E01007996,-1.5144381031884537,53.40171593411328,0.0060002180248272105,133,,,137,133,,,POINT (-1.5085488659465902 53.400567238742646)
134,"[192534358, 24941641, 3194980805, 194214787, 3194980803, 1737711326, 3194980802, 192534360, 1395191535, 24941643, 194206221, 148309522, 194225279, 89277718, 89277716, 8773058794, 3194980800]",53.40258424939847,-1.5015197450756,0,E01007995,-1.5056564418211513,53.40313509501368,0.004173211096559819,134,,,138,134,,,POINT (-1.5015197450756 53.40258424939847)
135,"[1351619617, 24941658, 33791832, 24941661, 25340650, 149916428, 149916437, 8773058850, 149916439, 25340647, 69372694]",53.4111177252824,-1.5043139524995388,0,E01008091,-1.5009902284989043,53.4132121184609,0.003928565134819933,135,,,139,135,,,POINT (-1.5043139524995388 53.4111177252824)
136,194203371,53.4074711,-1.5094634000000007,3,E01007991,-1.5134274783306372,53.40939719226471,0.004407238185485926,136,-1.5094634,53.4074711,140,136,,,POINT (-1.5094634000000007 53.4074711)
137,256523211,53.4103289,-1.5148026999999997,3,E01007991,-1.5134274783306372,53.40939719226471,0.0016611182811241546,137,-1.5148027,53.4103289,141,137,,,POINT (-1.5148026999999997 53.4103289)
138,"[24941711, 24941712, 246900087]",53.46347545560326,-1.503356296932697,0,E01007893,-1.489170873238815,53.46153987246081,0.014316868633757841,138,,,142,138,,,POINT (-1.503356296932697 53.46347545560326)
139,267584594,53.456820099999995,-1.4957691000000002,3,E01008135,-1.462530718758868,53.44530526247508,0.03517643345701985,139,-1.4957691,53.4568201,143,139,,,POINT (-1.4957691000000002 53.456820099999995)
140,265666001,53.461282700000005,-1.4923375999999988,4,E01007893,-1.489170873238815,53.46153987246081,0.003177152192546968,140,-1.4923376,53.4612827,144,140,,,POINT (-1.4923375999999988 53.461282700000005)
141,312605026,53.4554834,-1.4943617,3,E01008135,-1.462530718758868,53.44530526247508,0.033418645248564846,141,-1.4943617,53.4554834,145,141,,,POINT (-1.4943617 53.4554834)
142,"[24941731, 248227299]",53.44330260000411,-1.4954416000655881,0,E01008134,-1.5002272548452997,53.44244135672351,0.004862533460959261,142,,,146,142,,,POINT (-1.4954416000655881 53.44330260000411)
143,248227252,53.442305,-1.5028166000000012,4,E01008134,-1.5002272548452997,53.44244135672351,0.0025929329891491762,143,-1.5028166,53.442305,147,143,,,POINT (-1.5028166000000012 53.442305)
144,312604988,53.449501399999995,-1.4778309000000005,3,E01008135,-1.462530718758868,53.44530526247508,0.0158651541479918,144,-1.4778309,53.4495014,148,144,,,POINT (-1.4778309000000005 53.449501399999995)
145,24941742,53.43727620000001,-1.4943413000000014,4,E01008137,-1.4920655428749892,53.44000874075388,0.003556100316873369,145,-1.4943413,53.4372762,149,145,,,POINT (-1.4943413000000014 53.43727620000001)
146,160315295,53.4385851,-1.5105314000000003,3,E01008141,-1.5016591723835957,53.43855507640258,0.008872278416150526,146,-1.5105314,53.4385851,150,146,,,POINT (-1.5105314000000003 53.4385851)
147,160315283,53.43670430000001,-1.4991306999999998,4,E01008141,-1.5016591723835957,53.43855507640258,0.0031334559015473427,147,-1.4991307,53.4367043,151,147,,,POINT (-1.4991306999999998 53.43670430000001)
148,265665964,53.4441043,-1.5038976999999998,3,E01008134,-1.5002272548452997,53.44244135672351,0.00402958409447827,148,-1.5038977,53.4441043,152,148,,,POINT (-1.5038976999999998 53.4441043)
149,206343551,53.4413573,-1.480778,3,E01008137,-1.4920655428749892,53.44000874075388,0.011367815805818218,149,-1.480778,53.4413573,153,149,,,POINT (-1.480778 53.4413573)
150,"[24941753, 8963754991, 27238290, 281349412, 552277889]",53.43067506863008,-1.4917297423862814,0,E01008116,-1.4880232989308286,53.42982079491226,0.0038036175771793057,150,,,154,150,,,POINT (-1.4917297423862814 53.43067506863008)
151,298922710,53.4369021,-1.5038546999999993,3,E01008141,-1.5016591723835957,53.43855507640258,0.0027482126012895107,151,-1.5038547,53.4369021,155,151,,,POINT (-1.5038546999999993 53.4369021)
152,1558432605,53.4282532,-1.4993162000000002,3,E01008086,-1.4989342832617585,53.427490521138715,0.0008529592255204991,152,-1.4993162,53.4282532,156,152,,,POINT (-1.4993162000000002 53.4282532)
153,"[160304090, 281351658, 246695089]",53.44259939417479,-1.4702126602870578,0,E01008135,-1.462530718758868,53.44530526247508,0.008144565605422743,153,,,157,153,,,POINT (-1.4702126602870578 53.44259939417479)
154,"[24941766, 27238303]",53.42069225000537,-1.4936369999709833,0,E01008088,-1.4954583059417765,53.4221110211468,0.0023086937845898997,154,,,158,154,,,POINT (-1.4936369999709833 53.42069225000537)
155,"[276304988, 8963755041, 275451011]",53.42345745380861,-1.492576297107654,0,E01008088,-1.4954583059417765,53.4221110211468,0.0031810149060881245,155,,,159,155,,,POINT (-1.492576297107654 53.42345745380861)
156,"[260060385, 260059167, 260059169, 260060387, 246695210, 260059170, 260060376, 260060375, 260059168, 260277397, 260060378, 260060386, 260060381]",53.419893013437544,-1.487188489922695,0,E01008090,-1.4896557131490709,53.42038311745817,0.002515430857686977,156,,,160,156,,,POINT (-1.487188489922695 53.419893013437544)
157,"[8963755102, 24941771, 27238308, 8963755093, 27238309, 8963755112, 24941776, 8963755123, 8963755143, 8963755141, 3199083175, 265661711, 8715402931, 26821405, 8963755101, 1461903367, 1441118197, 1234889059, 8963755119, 8715402918, 149916446, 3199083174, 8715402941, 3199083171, 8715402923, 262065572, 1744738509, 262065664, 8715402924]",53.41705697421372,-1.499858087084763,0,E01008089,-1.5098346801158087,53.41768791317347,0.009996524019779636,157,,,161,157,,,POINT (-1.499858087084763 53.41705697421372)
158,"[160302064, 160302225]",53.42774280005507,-1.4923695499692706,0,E01008088,-1.4954583059417765,53.4221110211468,0.006423188237111792,158,,,162,158,,,POINT (-1.4923695499692706 53.42774280005507)
159,"[25274595, 246928245, 726552034, 726547234, 726552028, 726551478, 726551288, 726551863]",53.444402668580274,-1.5524659196777404,0,E01008136,-1.5541134418636282,53.44900594903558,0.004889224918450664,159,,,163,159,,,POINT (-1.5524659196777404 53.444402668580274)
160,"[249677394, 2847884757, 88884493, 2847831550, 2847884758, 244046702]",53.43670318996742,-1.5393571433316178,0,E01008140,-1.538970196824769,53.435277834174045,0.0014769450690068737,160,,,164,160,,,POINT (-1.5393571433316178 53.43670318996742)
161,392505012,53.4472751,-1.552713300000001,3,E01008136,-1.5541134418636282,53.44900594903558,0.002226260456967744,161,-1.5527133,53.4472751,165,161,,,POINT (-1.552713300000001 53.4472751)
162,1182939069,53.4394646,-1.5449824999999997,3,E01008128,-1.5556293212159684,53.42857758449353,0.015227669179585563,162,-1.5449825,53.4394646,166,162,,,POINT (-1.5449824999999997 53.4394646)
163,"[249162158, 569654891, 246927689]",53.450086635191454,-1.5530305720618955,0,E01008136,-1.5541134418636282,53.44900594903558,0.0015298658683038262,163,,,167,163,,,POINT (-1.5530305720618955 53.450086635191454)
164,25316740,53.376130999999994,-1.3996779000000013,3,E01007910,-1.3992525935123685,53.373735315895516,0.002433143632608519,164,-1.3996779,53.376131,168,164,,,POINT (-1.3996779000000013 53.376130999999994)
165,25316742,53.37512599999999,-1.4025329000000009,3,E01007910,-1.3992525935123685,53.373735315895516,0.003562921965363012,165,-1.4025329,53.375126,169,165,,motorway_junction,POINT (-1.4025329000000009 53.37512599999999)
166,"[26935292, 1119478473, 1119478262, 26935270, 26935285, 1817631866, 26935627, 1817632154, 1119478410, 1817632160]",53.37444072452476,-1.4072481409419153,0,E01007910,-1.3992525935123685,53.373735315895516,0.008026604514509497,166,,,170,166,,,POINT (-1.4072481409419153 53.37444072452476)
167,1735804892,53.3745691,-1.4115323000000002,3,E01008017,-1.4145242346134825,53.37224730686643,0.0037871356044471643,167,-1.4115323,53.3745691,171,167,,,POINT (-1.4115323000000002 53.3745691)
168,1735805001,53.3771259,-1.4204427999999993,3,E01008017,-1.4145242346134825,53.37224730686643,0.007670077391881723,168,-1.4204428,53.3771259,172,168,,,POINT (-1.4204427999999993 53.3771259)
169,25316753,53.37813460000001,-1.4236013,3,E01008018,-1.4250497531697874,53.374042237030196,0.00434113478962763,169,-1.4236013,53.3781346,173,169,,motorway_junction,POINT (-1.4236013 53.37813460000001)
170,322852181,53.3784327,-1.4268961999999996,3,E01008015,-1.4315247063476009,53.37512591919666,0.005688397866806325,170,-1.4268962,53.3784327,174,170,,,POINT (-1.4268961999999996 53.3784327)
171,"[1735805036, 25316756]",53.38005315046898,-1.4297066491482766,0,E01008015,-1.4315247063476009,53.37512591919666,0.00525194630503139,171,,,175,171,,,POINT (-1.4297066491482766 53.38005315046898)
172,"[322852172, 322852206, 145426132, 145426089, 145426090, 145426096, 145426117, 145426091, 7837070678, 7837070638, 7837070628, 322852322, 322852324, 322852326, 7837070655]",53.381083653699456,-1.4257550150581868,0,E01007883,-1.4243845008415745,53.388143397359755,0.007191542933687818,172,,,176,172,,,POINT (-1.4257550150581868 53.381083653699456)
173,"[705241860, 26872539, 705241538, 705241522, 705241537]",53.38198738708857,-1.4362515742804092,0,E01008015,-1.4315247063476009,53.37512591919666,0.00833204789267978,173,,,177,173,,,POINT (-1.4362515742804092 53.38198738708857)
174,7836998484,53.3845746,-1.4390352000000006,3,E01008015,-1.4315247063476009,53.37512591919666,0.01207000761499743,174,-1.4390352,53.3845746,178,174,,motorway_junction,POINT (-1.4390352000000006 53.3845746)
175,726647489,53.3845498,-1.4458944000000007,3,E01007885,-1.4493077464362458,53.38221986304513,0.0041327400241863614,175,-1.4458944,53.3845498,179,175,,,POINT (-1.4458944000000007 53.3845498)
176,26784577,53.367454299999984,-1.499197900000001,2,E01008047,-1.4961792746758118,53.366896432415984,0.003069741860340033,176,-1.4991979,53.3674543,180,176,,,POINT (-1.499197900000001 53.367454299999984)
177,"[25316869, 5018804558, 1791422595, 1791423646, 1111087924, 140867013, 140893523, 140893530, 221931391, 221931608, 221931261, 221931490, 221931503, 221879262, 221879241, 221879248, 1756350508, 252952930, 1756350503, 1111088015, 1111087911, 221931593, 221931036, 1843680160, 221931141, 221931208, 1791424155, 3266151735, 1791423870, 1791422252, 768584794, 1111087806, 1791422855, 11253982530, 3400859163, 1514369855, 1791424211, 1734303180, 1756350495, 1791469198, 1791422591]",53.38628245043425,-1.4563570550345923,0,E01033268,-1.4564502019095455,53.38256014529266,0.003723470411786206,177,,,181,177,,,POINT (-1.4563570550345923 53.38628245043425)
178,25316890,53.38022999999999,-1.4298869999999997,3,E01008015,-1.4315247063476009,53.37512591919666,0.005360384587689994,178,-1.429887,53.38023,182,178,,motorway_junction,POINT (-1.4298869999999997 53.38022999999999)
179,322852193,53.378202000000016,-1.4233424,3,E01008016,-1.4189194785115453,53.37885457893558,0.00447080459874896,179,-1.4233424,53.378202,183,179,,,POINT (-1.4233424 53.378202000000016)
180,25316895,53.377102099999995,-1.4198527000000007,3,E01008016,-1.4189194785115453,53.37885457893558,0.001985468399688508,180,-1.4198527,53.3771021,184,180,,motorway_junction,POINT (-1.4198527000000007 53.377102099999995)
181,"[26892959, 26892960, 26892954, 26892955, 26892962, 1117478127, 26892966, 26892967]",53.37545280489363,-1.4150441716784798,0,E01008017,-1.4145242346134825,53.37224730686643,0.003247391592330243,181,,,185,181,,,POINT (-1.4150441716784798 53.37545280489363)
182,1232530542,53.374675499999995,-1.4113576000000003,3,E01008017,-1.4145242346134825,53.37224730686643,0.003990450684978559,182,-1.4113576,53.3746755,186,182,,motorway_junction,POINT (-1.4113576000000003 53.374675499999995)
183,25316903,53.3752351,-1.4026988,3,E01007910,-1.3992525935123685,53.373735315895516,0.0037584160913141876,183,-1.4026988,53.3752351,187,183,,,POINT (-1.4026988 53.3752351)
184,1319951567,53.37601620000001,-1.4003352000000004,3,E01007910,-1.3992525935123685,53.373735315895516,0.002524771099557393,184,-1.4003352,53.3760162,188,184,,motorway_junction,POINT (-1.4003352000000004 53.37601620000001)
185,"[27005479, 1321497668, 1321497622, 27005488, 27005490, 27005491, 669130820, 669130829]",53.37807719857677,-1.3963408075238524,0,E01007910,-1.3992525935123685,53.373735315895516,0.005227852605102885,185,,,190,185,,,POINT (-1.3963408075238524 53.37807719857677)
186,"[25340398, 708117740, 26556610, 1708810262, 8150007859, 26556607]",53.48931411934454,-1.6166545707587332,0,E01008149,-1.6134665305033111,53.48524880474209,0.005166273655845368,186,,,191,186,,,POINT (-1.6166545707587332 53.48931411934454)
187,25340399,53.48674929999999,-1.6134991,3,E01008149,-1.6134665305033111,53.48524880474209,0.0015008486902808882,187,-1.6134991,53.4867493,192,187,,,POINT (-1.6134991 53.48674929999999)
188,2862332034,53.4884199,-1.619225,3,E01008149,-1.6134665305033111,53.48524880474209,0.006573873749852592,188,-1.619225,53.4884199,193,188,,,POINT (-1.619225 53.4884199)
189,1708344133,53.4838889,-1.5998874,3,E01008144,-1.5921036556059867,53.480551700185764,0.008468977470241085,189,-1.5998874,53.4838889,194,189,,,POINT (-1.5998874 53.4838889)
190,"[1286137540, 246931075, 1286137635]",53.485227272580666,-1.6257352121604356,0,E01008149,-1.6134665305033111,53.48524880474209,0.012268700552130129,190,,,195,190,,,POINT (-1.6257352121604356 53.485227272580666)
191,"[2873511807, 2873511818]",53.48289320018487,-1.596830051934331,0,E01008144,-1.5921036556059867,53.480551700185764,0.005274603729039229,191,,,196,191,,,POINT (-1.596830051934331 53.48289320018487)
192,25340413,53.478905499999996,-1.5735256000000009,3,E01008143,-1.5731865031074546,53.477596397664385,0.0013523075196326447,192,-1.5735256,53.4789055,197,192,,,POINT (-1.5735256000000009 53.478905499999996)
193,"[25340415, 25920161]",53.47769580074217,-1.567000499846556,0,E01008143,-1.5731865031074546,53.477596397664385,0.006186801864915283,193,,,198,193,,,POINT (-1.567000499846556 53.47769580074217)
194,25920163,53.4811074,-1.5855781000000013,3,E01008144,-1.5921036556059867,53.480551700185764,0.00654917386014184,194,-1.5855781,53.4811074,199,194,,,POINT (-1.5855781000000013 53.4811074)
195,1707817988,53.47957470000001,-1.5791582999999991,3,E01008143,-1.5731865031074546,53.477596397664385,0.006290948915459191,195,-1.5791583,53.4795747,200,195,,,POINT (-1.5791582999999991 53.47957470000001)
196,247488437,53.47587759999999,-1.5774412,3,E01008143,-1.5731865031074546,53.477596397664385,0.004588759206859963,196,-1.5774412,53.4758776,201,196,,,POINT (-1.5774412 53.47587759999999)
197,361444594,53.48035599999999,-1.5815780999999998,3,E01008144,-1.5921036556059867,53.480551700185764,0.010527374761896966,197,-1.5815781,53.480356,202,197,,,POINT (-1.5815780999999998 53.48035599999999)
198,"[2873511834, 2873511835, 361445384, 1707818343, 1707818277]",53.482342378787685,-1.5896110035374846,0,E01008144,-1.5921036556059867,53.480551700185764,0.0030691764677166027,198,,,203,198,,,POINT (-1.5896110035374846 53.482342378787685)
199,522705237,53.4771313,-1.5776750000000004,3,E01008143,-1.5731865031074546,53.477596397664385,0.004512529245534346,199,-1.577675,53.4771313,204,199,,,POINT (-1.5776750000000004 53.4771313)
200,361438161,53.4717538,-1.5834935,3,E01008142,-1.5828984034136906,53.477546740140596,0.00582342643291265,200,-1.5834935,53.4717538,205,200,,,POINT (-1.5834935 53.4717538)
201,25920153,53.478891499999996,-1.5658439000000002,3,E01008143,-1.5731865031074546,53.477596397664385,0.007455944638563599,201,-1.5658439,53.4788915,206,201,,,POINT (-1.5658439000000002 53.478891499999996)
202,"[392496120, 1744684004]",53.457524450000754,-1.554072400014232,0,E01008147,-1.5779396888439712,53.472266827673046,0.028053256059050853,202,,,207,202,,,POINT (-1.554072400014232 53.457524450000754)
203,5609898767,53.42246779999999,-1.5209502999999998,3,E01033280,-1.5313218794702415,53.43007408284501,0.012861772794830263,203,-1.5209503,53.4224678,208,203,,,POINT (-1.5209502999999998 53.42246779999999)
204,320049759,53.42623699999999,-1.5382342999999998,3,E01008126,-1.5398796273921318,53.42707328770832,0.0018456650179221404,204,-1.5382343,53.426237,209,204,,,POINT (-1.5382342999999998 53.42623699999999)
205,"[1732249018, 1732249023, 1732248903]",53.432802402879545,-1.534567382891289,0,E01008140,-1.538970196824769,53.435277834174045,0.0050509930337146,205,,,210,205,,,POINT (-1.534567382891289 53.432802402879545)
206,"[9010987027, 550308927, 9010987028, 8715472620, 8715472622]",53.410195084054,-1.5015028852714327,0,E01008093,-1.4987266637384804,53.404365837638544,0.006456587316235244,206,,,211,206,,,POINT (-1.5015028852714327 53.410195084054)
207,"[149827725, 26711971, 726643816, 726643814, 726643823, 726643826, 3070040347, 3070040349, 251230334]",53.37834689285258,-1.4541237515976644,0,E01007879,-1.4536529801574924,53.37663353473912,0.0017768572744739262,207,,,212,207,,,POINT (-1.4541237515976644 53.37834689285258)
208,"[4265357537, 3358645887, 4265357540, 4265357529, 4265357545, 6831220549, 4265357547, 4265357536]",53.48333739620336,-1.5774875631954257,0,E01008144,-1.5921036556059867,53.480551700185764,0.01487918881043289,208,,,213,208,,,POINT (-1.5774875631954257 53.48333739620336)
209,708112366,53.463746,-1.5765621,3,E01008147,-1.5779396888439712,53.472266827673046,0.008631468893344395,209,-1.5765621,53.463746,214,209,,,POINT (-1.5765621 53.463746)
210,"[252347963, 361444591, 2873511858]",53.48044753375295,-1.5857842329063074,0,E01008144,-1.5921036556059867,53.480551700185764,0.006320281156953855,210,,,215,210,,,POINT (-1.5857842329063074 53.48044753375295)
211,"[558558004, 361438401]",53.47896320001414,-1.60015415007238,0,E01008145,-1.5982031057990775,53.477758740391295,0.002292879573692575,211,,,216,211,,,POINT (-1.60015415007238 53.47896320001414)
212,"[361438143, 705092788]",53.480268900589714,-1.5955135994039815,0,E01008144,-1.5921036556059867,53.480551700185764,0.0034216505252596683,212,,,217,212,,,POINT (-1.5955135994039815 53.480268900589714)
213,"[26621448, 360443749, 3110139831, 313766383, 521250679]",53.3223556838771,-1.4730213588274592,0,E01008082,-1.465291646517944,53.323983994411854,0.007899357415984356,213,,,218,213,,,POINT (-1.4730213588274592 53.3223556838771)
214,26621473,53.3327568,-1.4874433,3,E01007823,-1.4856726464677963,53.32783154461365,0.005233866119021749,214,-1.4874433,53.3327568,219,214,,,POINT (-1.4874433 53.3327568)
215,"[26885290, 9029581013, 265657276, 9029581004, 312400024, 312400005]",53.32701400785611,-1.4881699523214365,0,E01007823,-1.4856726464677963,53.32783154461365,0.002627718188193348,215,,,220,215,,,POINT (-1.4881699523214365 53.32701400785611)
216,"[1869123546, 1869123590, 1869123752, 1869123641]",53.33580477532658,-1.4932281209878537,0,E01007834,-1.4874556790957045,53.336600182158165,0.0058269852776518865,216,,,221,216,,,POINT (-1.4932281209878537 53.33580477532658)
217,"[1408351503, 1408351480, 26884673, 7606175734, 1408367734, 1408351689, 1376348074]",53.326413525198994,-1.4779292946558322,0,E01008080,-1.4791574389567106,53.328087738151496,0.0020763736258446698,217,,,222,217,,,POINT (-1.4779292946558322 53.326413525198994)
218,"[26621499, 26929860, 345765599, 335830239, 345765604, 53875648, 47782786, 1809789366]",53.34528849247885,-1.4953208685416957,0,E01007829,-1.4855361041389743,53.34792604516503,0.010134016902943525,218,,,223,218,,,POINT (-1.4953208685416957 53.34528849247885)
219,26929864,53.345735499999996,-1.4905786000000003,3,E01007829,-1.4855361041389743,53.34792604516503,0.005497749778635924,219,-1.4905786,53.3457355,224,219,,,POINT (-1.4905786000000003 53.345735499999996)
220,"[26621524, 863380946, 7366485116]",53.3572725119057,-1.5103253662428977,0,E01008044,-1.5031810731671698,53.35563070078712,0.007330516168796837,220,,,225,220,,,POINT (-1.5103253662428977 53.3572725119057)
221,35631531,53.356649,-1.5211921999999989,3,E01007928,-1.518310350206601,53.35401049995553,0.003907267679130341,221,-1.5211922,53.356649,226,221,,,POINT (-1.5211921999999989 53.356649)
222,"[1160277101, 2161935579, 333094816]",53.35427932142125,-1.4859587796917384,0,E01008045,-1.489293507055319,53.355059426251366,0.0034247584054031568,222,,,227,222,,,POINT (-1.4859587796917384 53.35427932142125)
223,35631088,53.3545114,-1.5135641000000006,4,E01007928,-1.518310350206601,53.35401049995553,0.004772608498317551,223,-1.5135641,53.3545114,228,223,,,POINT (-1.5135641000000006 53.3545114)
224,35631529,53.3590188,-1.5213791000000005,3,E01007938,-1.519241333390105,53.36024796856421,0.0024659483850276733,224,-1.5213791,53.3590188,229,224,,,POINT (-1.5213791000000005 53.3590188)
225,"[26621528, 26621529, 2722324298, 27145850, 2722324288]",53.36050278019481,-1.507961000065598,0,E01008050,-1.5047001015645491,53.364714361864415,0.0053264321260974665,225,,,230,225,,,POINT (-1.507961000065598 53.36050278019481)
226,267795353,53.36439959999999,-1.507991500000001,3,E01007936,-1.510137380445074,53.36197942076418,0.0032345123926249752,226,-1.5079915,53.3643996,231,226,,,POINT (-1.507991500000001 53.36439959999999)
227,39588388,53.36463289999999,-1.5202413000000001,3,E01007934,-1.5160327069057726,53.36473231904457,0.004209767211996582,227,-1.5202413,53.3646329,232,227,,,POINT (-1.5202413000000001 53.36463289999999)
228,"[26621543, 961571848]",53.374857400055184,-1.5016490507656286,0,E01007859,-1.5036508243922906,53.37435946477298,0.0020627741509103253,228,,,233,228,,,POINT (-1.5016490507656286 53.374857400055184)
229,"[26707121, 26904467]",53.36235180004857,-1.4276379999424191,0,E01008013,-1.4260576713100759,53.36474540061873,0.0028682333021683207,229,,,234,229,,,POINT (-1.4276379999424191 53.36235180004857)
230,"[715062512, 26707335, 26707334, 26904481, 715063991, 26904480, 715063989]",53.36869361301121,-1.4191901548050752,0,E01008011,-1.4170017322227668,53.36825673369439,0.0022316041172717976,230,,,235,230,,,POINT (-1.4191901548050752 53.36869361301121)
231,"[2636424614, 27003819, 27042081, 26707277, 27042082, 26904469, 1131338676, 1131338735, 26708556, 1268958081, 1268957897, 26708566, 27003816, 26708568, 1731092851, 1731092844, 2636424489, 1268695609, 1131338363, 1268957805, 27003815, 3845948981]",53.36004289184819,-1.4282902669688808,0,E01008098,-1.4335516678294458,53.360868689347164,0.005325812663328332,231,,,236,231,,,POINT (-1.4282902669688808 53.36004289184819)
232,"[26707249, 2725191226, 2725191230]",53.366583685283416,-1.438071266417255,0,E01008097,-1.4395861557807037,53.36343141878027,0.0034973810044558063,232,,,237,232,,,POINT (-1.438071266417255 53.366583685283416)
233,"[71224186, 7580840895, 7580840898, 908870549, 908870555, 7580840903, 7580840901]",53.36667059603844,-1.4414628003155838,0,E01008097,-1.4395861557807037,53.36343141878027,0.00374353629875765,233,,,238,233,,,POINT (-1.4414628003155838 53.36667059603844)
234,"[3076227206, 26711888, 3076227211, 26711891]",53.37280656282002,-1.4447391241633205,0,E01007881,-1.4412318671154807,53.372373009221505,0.0035339525636891196,234,,,239,234,,,POINT (-1.4447391241633205 53.37280656282002)
235,"[26707357, 26893353]",53.372839750032774,-1.41780414993899,0,E01008017,-1.4145242346134825,53.37224730686643,0.00333299166633373,235,,,240,235,,,POINT (-1.41780414993899 53.372839750032774)
236,"[895065968, 26707378]",53.37558940007539,-1.4283113497047297,0,E01008015,-1.4315247063476009,53.37512591919666,0.0032466098378510565,236,,,241,236,,,POINT (-1.4283113497047297 53.37558940007539)
237,"[1234818553, 1234818551]",53.36467240000117,-1.411020600022253,0,E01008009,-1.410874599962404,53.364227393277986,0.0004683449595692442,237,,,242,237,,,POINT (-1.411020600022253 53.36467240000117)
238,26872537,53.3797343,-1.4344046000000006,3,E01008015,-1.4315247063476009,53.37512591919666,0.005434239696380923,238,-1.4344046,53.3797343,243,238,,,POINT (-1.4344046000000006 53.3797343)
239,26707496,53.3615997,-1.406643499999999,3,E01008009,-1.410874599962404,53.364227393277986,0.004980660483814437,239,-1.4066435,53.3615997,244,239,,,POINT (-1.406643499999999 53.3615997)
240,26785689,53.359838100000005,-1.4138681999999994,3,E01008004,-1.4150195065339892,53.35909625420886,0.0013696137824358414,240,-1.4138682,53.3598381,245,240,,,POINT (-1.4138681999999994 53.359838100000005)
241,26785698,53.36318119999999,-1.404317300000001,3,E01008008,-1.4061785597100651,53.36577781215266,0.0031947898803587386,241,-1.4043173,53.3631812,246,241,,,POINT (-1.404317300000001 53.36318119999999)
242,360030158,53.358564300000005,-1.4091856999999994,3,E01007963,-1.4018060090718867,53.36139056576457,0.00790238042405519,242,-1.4091857,53.3585643,247,242,,,POINT (-1.4091856999999994 53.358564300000005)
243,26708557,53.3589268,-1.421328200000001,4,E01008004,-1.4150195065339892,53.35909625420886,0.006310968861988425,243,-1.4213282,53.3589268,248,243,,,POINT (-1.421328200000001 53.3589268)
244,"[385557248, 385557225]",53.3584169500079,-1.3741449498304859,0,E01007970,-1.3715615751969417,53.3568613344277,0.0030155868965436503,244,,,249,244,,,POINT (-1.3741449498304859 53.3584169500079)
245,513158608,53.36832710000001,-1.3962562000000005,3,E01007910,-1.3992525935123685,53.373735315895516,0.006182812729935626,245,-1.3962562,53.3683271,250,245,,,POINT (-1.3962562000000005 53.36832710000001)
246,705234448,53.3582628,-1.4193530000000008,3,E01008000,-1.4210769912826469,53.35740792571651,0.0019243066240116993,246,-1.419353,53.3582628,251,246,,,POINT (-1.4193530000000008 53.3582628)
247,26708563,53.355444899999995,-1.4109740000000004,4,E01008004,-1.4150195065339892,53.35909625420886,0.005449633994597965,247,-1.410974,53.3554449,252,247,,,POINT (-1.4109740000000004 53.355444899999995)
248,693589917,53.353551,-1.4075563000000009,3,E01007839,-1.4040135964857285,53.35082832931776,0.004468073839362272,248,-1.4075563,53.353551,253,248,,,POINT (-1.4075563000000009 53.353551)
249,246906974,53.3519676,-1.4194167000000006,3,E01008001,-1.4150672821022117,53.354111530476736,0.004849110633783338,249,-1.4194167,53.3519676,254,249,,,POINT (-1.4194167000000006 53.3519676)
250,26785695,53.3556233,-1.3956343000000004,3,E01007963,-1.4018060090718867,53.36139056576457,0.008446972668787968,250,-1.3956343,53.3556233,255,250,,,POINT (-1.3956343000000004 53.3556233)
251,693589395,53.351371900000004,-1.411316,3,E01007839,-1.4040135964857285,53.35082832931776,0.007322606514884902,251,-1.411316,53.3513719,256,251,,,POINT (-1.411316 53.351371900000004)
252,"[26784665, 26784666]",53.35183990079626,-1.404950496863701,0,E01007839,-1.4040135964857285,53.35082832931776,0.0013787890246009155,252,,,257,252,,,POINT (-1.404950496863701 53.35183990079626)
253,"[26904443, 26708658]",53.35070665003194,-1.4241963500404173,0,E01008005,-1.4221863580817247,53.34999404110611,0.002132575709132684,253,,,258,253,,,POINT (-1.4241963500404173 53.35070665003194)
254,26710398,53.347323900000006,-1.431986000000001,3,E01008007,-1.435661311506973,53.344364018479055,0.004718984349551656,254,-1.431986,53.3473239,259,254,,,POINT (-1.431986000000001 53.347323900000006)
255,709132556,53.3474143,-1.4246404000000001,3,E01008006,-1.4271012556526947,53.347330461578906,0.002462283376106634,255,-1.4246404,53.3474143,260,255,,,POINT (-1.4246404000000001 53.3474143)
256,"[2884472257, 26904445, 1347902676, 26892068, 1347902748, 26892073, 26904444, 655289030, 1354114505, 655289034, 26917852, 487099955, 2159379652]",53.345003673989495,-1.4260548729465081,0,E01008006,-1.4271012556526947,53.347330461578906,0.002551246215879949,256,,,261,256,,,POINT (-1.4260548729465081 53.345003673989495)
257,26710414,53.352996199999986,-1.4447936000000003,3,E01007979,-1.4451292482440212,53.352217591404305,0.0008478744535630986,257,-1.4447936,53.3529962,262,257,,,POINT (-1.4447936000000003 53.352996199999986)
258,"[246708422, 1155515803, 5366999855, 26710426, 3051129145, 1105563799, 3052188131]",53.356516318065495,-1.4508905110501935,0,E01007977,-1.4541382948339356,53.35640394149704,0.0032497273730384708,258,,,263,258,,,POINT (-1.4508905110501935 53.356516318065495)
259,"[1347920736, 3313270261, 26892057, 7618216254]",53.34268935930721,-1.4304035378296478,0,E01008006,-1.4271012556526947,53.347330461578906,0.00569604229905144,259,,,264,259,,,POINT (-1.4304035378296478 53.34268935930721)
260,"[475003867, 1561366498, 1554901854]",53.35943398085989,-1.4514076790950756,0,E01008096,-1.4555178717152686,53.3645718206418,0.00657959580822853,260,,,265,260,,,POINT (-1.4514076790950756 53.35943398085989)
261,26788029,53.35954490000001,-1.4636381999999994,3,E01007976,-1.461615881584266,53.3571412662826,0.003141214227339004,261,-1.4636382,53.3595449,266,261,,,POINT (-1.4636381999999994 53.35954490000001)
262,695732238,53.3695754,-1.445366100000001,3,E01007882,-1.4476594751111738,53.3736846092016,0.004705865453136066,262,-1.4453661,53.3695754,267,262,,,POINT (-1.445366100000001 53.3695754)
263,726640590,53.37625409999999,-1.4511083999999999,3,E01007879,-1.4536529801574924,53.37663353473912,0.0025727143057785516,263,-1.4511084,53.3762541,268,263,,,POINT (-1.4511083999999999 53.37625409999999)
264,"[26711997, 3011052888, 1082810421]",53.36449527535577,-1.4590089463686278,0,E01008096,-1.4555178717152686,53.3645718206418,0.0034919137183126426,264,,,269,264,,,POINT (-1.4590089463686278 53.36449527535577)
265,"[3233858904, 1094807215, 1094806711]",53.367559805094814,-1.462565540563588,0,E01008096,-1.4555178717152686,53.3645718206418,0.007654912624388806,265,,,270,265,,,POINT (-1.462565540563588 53.367559805094814)
266,"[1094807021, 1094911449, 360075859]",53.36947430842182,-1.4607857302316796,0,E01008096,-1.4555178717152686,53.3645718206418,0.007196160072023821,266,,,271,266,,,POINT (-1.4607857302316796 53.36947430842182)
267,6514524822,53.39453019999999,-1.4826926000000007,3,E01008072,-1.4885721943891614,53.390235292635325,0.007281199039456904,267,-1.4826926,53.3945302,272,267,,,POINT (-1.4826926000000007 53.39453019999999)
268,"[415776355, 243525646]",53.39806795024499,-1.483582598565835,0,E01008072,-1.4885721943891614,53.390235292635325,0.009286904312549724,268,,,273,268,,,POINT (-1.483582598565835 53.39806795024499)
269,"[148348322, 148368194, 148348347, 148348337]",53.39506760406829,-1.4734696387979354,0,E01033270,-1.4639493545341087,53.3899707568703,0.010798780663747367,269,,,274,269,,,POINT (-1.4734696387979354 53.39506760406829)
270,"[26780296, 27088267]",53.37835820004344,-1.4123771999266175,0,E01008014,-1.4131521147642345,53.38183434864794,0.003561474712273759,270,,,275,270,,,POINT (-1.4123771999266175 53.37835820004344)
271,1221826868,53.3809774,-1.4111638000000004,3,E01008014,-1.4131521147642345,53.38183434864794,0.0021651227648529655,271,-1.4111638,53.3809774,276,271,,,POINT (-1.4111638000000004 53.3809774)
272,"[27088270, 322852289, 8901324005, 27088274, 1207085056, 2270918311, 322607640, 27088275, 2270918309, 1207080199, 322694945, 1207080265, 322616207, 27088276, 27088277, 322616204, 322616206, 276830002, 149827437, 8901323954, 8901323969, 8901323972, 149827668, 149827678, 277033931, 8901323961, 246893851, 2270918306, 2270918304]",53.386039128486175,-1.4100936911079271,0,E01007906,-1.4156519602865256,53.38811646659002,0.005933775346223105,272,,,277,272,,,POINT (-1.4100936911079271 53.386039128486175)
273,"[818846429, 27045846, 260098123, 26783910, 26785577, 26785184, 260098124, 1885338788]",53.372388049677944,-1.4847826997396116,0,E01008104,-1.4892087719489207,53.3750661484027,0.005173231870075632,273,,,278,273,,,POINT (-1.4847826997396116 53.372388049677944)
274,"[26783668, 26785578, 26783682, 26848098, 3099633036, 715086016, 1116035112, 26783911]",53.3705139670417,-1.4834950049553277,0,E01033272,-1.4823323638004373,53.37226129963601,0.0020987867090698797,274,,,279,274,,,POINT (-1.4834950049553277 53.3705139670417)
275,242767619,53.371986099999994,-1.4806451000000012,3,E01033271,-1.479319854336245,53.37159175053893,0.001382674063814927,275,-1.4806451,53.3719861,280,275,,,POINT (-1.4806451000000012 53.371986099999994)
276,"[26784410, 26784413, 26784406, 26784415]",53.3671723525226,-1.4888401917405785,0,E01008111,-1.487076590235668,53.36789349088986,0.0019053427022083758,276,,,281,276,,,POINT (-1.4888401917405785 53.3671723525226)
277,26836878,53.3653946,-1.4810114000000008,3,E01008105,-1.4778333332155573,53.368600227316136,0.0045139954559487595,277,-1.4810114,53.3653946,282,277,,,POINT (-1.4810114000000008 53.3653946)
278,"[265227176, 1117586667, 1534384352, 1545584463, 4530544328, 4530544327, 265227872, 1117587335, 4530544329]",53.3618741977298,-1.4861976969944781,0,E01008052,-1.491058643381947,53.35979368209291,0.005287470576482183,278,,,283,278,,,POINT (-1.4861976969944781 53.3618741977298)
279,1545584412,53.3647538,-1.4979401000000008,4,E01008049,-1.4925383403979726,53.364891546619155,0.005403515608303931,279,-1.4979401,53.3647538,284,279,,,POINT (-1.4979401000000008 53.3647538)
280,"[26836899, 1967241643]",53.360441050107305,-1.4934317012581626,0,E01008052,-1.491058643381947,53.35979368209291,0.0024597741827097775,280,,,285,280,,,POINT (-1.4934317012581626 53.360441050107305)
281,"[26916301, 1459759908, 26916295, 26916296, 26935658, 26916297, 1133841912, 10577153136, 1133841903, 26916298, 26916339, 26916299, 26916300]",53.35588225416518,-1.3887521109971637,0,E01007966,-1.387077513901492,53.358740100394584,0.0033123346002099994,281,,,286,281,,,POINT (-1.3887521109971637 53.35588225416518)
282,26917843,53.3420925,-1.411201799999999,3,E01007843,-1.41590691315982,53.346146164622,0.006210498105173173,282,-1.4112018,53.3420925,287,282,,,POINT (-1.411201799999999 53.3420925)
283,246904489,53.34466439999999,-1.3948438,3,E01033278,-1.3908100096509712,53.34469860765048,0.004033935391558664,283,-1.3948438,53.3446644,288,283,,,POINT (-1.3948438 53.34466439999999)
284,2159379562,53.3411748,-1.4123612000000008,3,E01007836,-1.4198436821043727,53.339884604871266,0.007592900757448376,284,-1.4123612,53.3411748,289,284,,,POINT (-1.4123612000000008 53.3411748)
285,"[7014535421, 1637030813, 7562632784, 7014535426, 1637057687, 7014535478]",53.34122536579666,-1.3895301704824725,0,E01033278,-1.3908100096509712,53.34469860765048,0.003701539851513033,285,,,290,285,,,POINT (-1.3895301704824725 53.34122536579666)
286,"[246904492, 1671857416, 246904493]",53.34485537612283,-1.390357315961174,0,E01033278,-1.3908100096509712,53.34469860765048,0.0004790698599427672,286,,,291,286,,,POINT (-1.390357315961174 53.34485537612283)
287,26784676,53.3330538,-1.378878500000001,3,E01008021,-1.3779316627929235,53.33194721356469,0.001456377092487597,287,-1.3788785,53.3330538,292,287,,,POINT (-1.378878500000001 53.3330538)
288,"[26784687, 726587467]",53.326172500240496,-1.363284798493793,0,E01008025,-1.3651639458807538,53.32411104673127,0.002789405935433093,288,,,293,288,,,POINT (-1.363284798493793 53.326172500240496)
289,"[345872861, 726586358, 389678930, 345872859]",53.32329311866002,-1.364217579350862,0,E01008025,-1.3651639458807538,53.32411104673127,0.0012508460891084302,289,,,294,289,,,POINT (-1.364217579350862 53.32329311866002)
290,3675721099,53.32672199999999,-1.3579338000000014,3,E01008024,-1.3641675806505233,53.328831537913345,0.006581046376275799,290,-1.3579338,53.326722,295,290,,,POINT (-1.3579338000000014 53.32672199999999)
291,389694831,53.324551899999996,-1.3618194000000001,3,E01008025,-1.3651639458807538,53.32411104673127,0.003373475767368505,291,-1.3618194,53.3245519,296,291,,,POINT (-1.3618194000000001 53.324551899999996)
292,246707626,53.333850899999995,-1.358149599999999,3,E01008020,-1.3559410929609423,53.33441489653695,0.0022793848808955147,292,-1.3581496,53.3338509,297,292,,,POINT (-1.358149599999999 53.333850899999995)
293,513240672,53.327597999999995,-1.3487965999999991,4,E01008019,-1.3484019891358745,53.329053101284245,0.0015076596039862874,293,-1.3487966,53.327598,298,293,,,POINT (-1.3487965999999991 53.327597999999995)
294,26784692,53.321908099999995,-1.3583597,3,E01008025,-1.3651639458807538,53.32411104673127,0.007151974294315649,294,-1.3583597,53.3219081,299,294,,,POINT (-1.3583597 53.321908099999995)
295,26784794,53.31879979999999,-1.3561404000000012,3,E01008025,-1.3651639458807538,53.32411104673127,0.010470612307905802,295,-1.3561404,53.3187998,300,295,,,POINT (-1.3561404000000012 53.31879979999999)
296,553078235,53.319181199999996,-1.3536839000000014,3,E01032585,-1.3548117847871939,53.32194518545237,0.0029852537034710594,296,-1.3536839,53.3191812,301,296,,,POINT (-1.3536839000000014 53.319181199999996)
297,26917344,53.3189782,-1.3473207,3,E01008023,-1.3435442081381415,53.32045950999071,0.00405662052345035,297,-1.3473207,53.3189782,302,297,,,POINT (-1.3473207 53.3189782)
298,"[3332662034, 3332662067, 3332662047]",53.32418153289558,-1.353721772501737,0,E01008027,-1.3523304725403675,53.32529600796964,0.0017826301560364282,298,,,303,298,,,POINT (-1.353721772501737 53.32418153289558)
299,246907529,53.3472062,-1.379683700000001,3,E01033279,-1.3823731983775946,53.3475750440927,0.0027146726299505427,299,-1.3796837,53.3472062,304,299,,,POINT (-1.379683700000001 53.3472062)
300,"[387012188, 385600853, 385600835, 387012187, 385557291, 385600831, 385600825, 385600832, 385557900]",53.35891717579124,-1.3703658666732366,0,E01007964,-1.3702736959884863,53.360568576267106,0.0016539706668540718,300,,,305,300,,,POINT (-1.3703658666732366 53.35891717579124)
301,"[8818511824, 1504563814, 513157784, 8818511817]",53.375887230298474,-1.3938911594074297,0,E01007909,-1.3909806756519705,53.37632679768702,0.002943490305719709,301,,,306,301,,,POINT (-1.3938911594074297 53.375887230298474)
302,"[705088358, 1504563823, 705088375, 705088341]",53.370475049065476,-1.3905479083788503,0,E01007912,-1.3935495051762605,53.37176988566347,0.00326897310324259,302,,,307,302,,,POINT (-1.3905479083788503 53.370475049065476)
303,"[26785732, 281849494, 385600818]",53.358380312198456,-1.3666534008216722,0,E01007969,-1.362348441594314,53.357380095042444,0.004419627621010341,303,,,308,303,,,POINT (-1.3666534008216722 53.358380312198456)
304,"[385557459, 246707363]",53.36255940030907,-1.3564047002410808,0,E01007974,-1.3531696484364555,53.36306490245215,0.003274307956694538,304,,,309,304,,,POINT (-1.3564047002410808 53.36255940030907)
305,"[372811213, 372811249, 981836162, 57931580, 372811215, 372923058, 372811279, 372811256, 372811243]",53.35356772252304,-1.348771526130107,0,E01008028,-1.3411126239757896,53.35084841856211,0.008127324051699808,305,,,310,305,,,POINT (-1.348771526130107 53.35356772252304)
306,"[443862616, 1541597718, 246707347]",53.37020492427261,-1.3709204842055152,0,E01007911,-1.3770145498616253,53.373165339567116,0.006775078961673167,306,,,311,306,,,POINT (-1.3709204842055152 53.37020492427261)
307,1540492612,53.364001099999996,-1.4684064999999995,3,E01007975,-1.4664017806796659,53.359988256354924,0.004485734463069382,307,-1.4684065,53.3640011,312,307,,,POINT (-1.4684064999999995 53.364001099999996)
308,248806382,53.3628516,-1.4693348000000004,3,E01007978,-1.4720119738818656,53.3574103531167,0.006064192249489887,308,-1.4693348,53.3628516,313,308,,,POINT (-1.4693348000000004 53.3628516)
309,246708633,53.35600959999999,-1.4641278999999998,3,E01007976,-1.461615881584266,53.3571412662826,0.002755159722442337,309,-1.4641279,53.3560096,314,309,,,POINT (-1.4641278999999998 53.35600959999999)
310,246708546,53.353213999999994,-1.4648905000000008,3,E01007984,-1.4650809219974408,53.35028652007659,0.0029336665180459878,310,-1.4648905,53.353214,315,310,,,POINT (-1.4648905000000008 53.353213999999994)
311,162867938,53.3870551,-1.4830910000000004,4,E01008065,-1.4855298585545458,53.38765287859552,0.002511049640756388,311,-1.483091,53.3870551,316,311,,,POINT (-1.4830910000000004 53.3870551)
312,265661724,53.420246099999986,-1.4985998999999997,3,E01008089,-1.5098346801158087,53.41768791317347,0.01152235236789854,312,-1.4985999,53.4202461,317,312,,,POINT (-1.4985998999999997 53.420246099999986)
313,26821419,53.4243347,-1.5008485999999992,3,E01008087,-1.4993745514739334,53.42287864358892,0.0020719361306384605,313,-1.5008486,53.4243347,318,313,,,POINT (-1.5008485999999992 53.4243347)
314,304149658,53.42607679999999,-1.5051110000000003,3,E01008086,-1.4989342832617585,53.427490521138715,0.006336437257839142,314,-1.505111,53.4260768,319,314,,,POINT (-1.5051110000000003 53.42607679999999)
315,304149669,53.4248629,-1.5076492999999997,3,E01008089,-1.5098346801158087,53.41768791317347,0.0075004214689250994,315,-1.5076493,53.4248629,320,315,,,POINT (-1.5076492999999997 53.4248629)
316,264164539,53.431045000000005,-1.5024604000000006,3,E01008141,-1.5016591723835957,53.43855507640258,0.0075526957615084,316,-1.5024604,53.431045,321,316,,,POINT (-1.5024604000000006 53.431045000000005)
317,160315309,53.4374579,-1.5150406999999992,3,E01033280,-1.5313218794702415,53.43007408284501,0.01787729176135218,317,-1.5150407,53.4374579,322,317,,,POINT (-1.5150406999999992 53.4374579)
318,250639337,53.40529239999999,-1.491779100000001,3,E01008093,-1.4987266637384804,53.404365837638544,0.0070090769513478516,318,-1.4917791,53.4052924,323,318,,,POINT (-1.491779100000001 53.40529239999999)
319,"[26822119, 3308083660, 360075866, 360075865, 1838721769, 1173073283, 3064091147]",53.371789636083534,-1.4622764212685464,0,E01033273,-1.467043074801205,53.371070590105624,0.004820582228191497,319,,,324,319,,,POINT (-1.4622764212685464 53.371789636083534)
320,1173003087,53.3713906,-1.4684908999999997,4,E01033273,-1.467043074801205,53.371070590105624,0.0014827690780301263,320,-1.4684909,53.3713906,325,320,,mini_roundabout,POINT (-1.4684908999999997 53.3713906)
321,26836902,53.360220699999985,-1.4916401000000012,3,E01008052,-1.491058643381947,53.35979368209291,0.0007214125668779192,321,-1.4916401,53.3602207,326,321,,,POINT (-1.4916401000000012 53.360220699999985)
322,1419527714,53.36011089999999,-1.489110600000001,3,E01008052,-1.491058643381947,53.35979368209291,0.001973702160541248,322,-1.4891106,53.3601109,327,322,,,POINT (-1.489110600000001 53.36011089999999)
323,50781400,53.35972129999998,-1.4874084000000003,3,E01008052,-1.491058643381947,53.35979368209291,0.0036509609577236877,323,-1.4874084,53.3597213,328,323,,,POINT (-1.4874084000000003 53.35972129999998)
324,26841830,53.40750099999999,-1.6386475000000007,3,E01008128,-1.5556293212159684,53.42857758449353,0.08565185591994062,324,-1.6386475,53.407501,329,324,,,POINT (-1.6386475000000007 53.40750099999999)
325,245475215,53.408490099999995,-1.6360412000000015,3,E01008128,-1.5556293212159684,53.42857758449353,0.0828829130934452,325,-1.6360412,53.4084901,330,325,,,POINT (-1.6360412000000015 53.408490099999995)
326,262157526,53.422478099999985,-1.6165281000000011,3,E01008128,-1.5556293212159684,53.42857758449353,0.061203471866171595,326,-1.6165281,53.4224781,331,326,,,POINT (-1.6165281000000011 53.422478099999985)
327,26841846,53.4097403,-1.6136260000000002,3,E01008128,-1.5556293212159684,53.42857758449353,0.06097916067861444,327,-1.613626,53.4097403,332,327,,,POINT (-1.6136260000000002 53.4097403)
328,245475343,53.415355000000005,-1.6151700000000004,3,E01008128,-1.5556293212159684,53.42857758449353,0.060991222079507953,328,-1.61517,53.415355,333,328,,,POINT (-1.6151700000000004 53.415355000000005)
329,282960370,53.4236575,-1.6458622000000007,3,E01008128,-1.5556293212159684,53.42857758449353,0.09036691676203887,329,-1.6458622,53.4236575,334,329,,,POINT (-1.6458622000000007 53.4236575)
330,"[1738413568, 245550896, 245551800]",53.42327899874141,-1.6096758732845253,0,E01008128,-1.5556293212159684,53.42857758449353,0.05430566086028072,330,,,335,330,,,POINT (-1.6096758732845253 53.42327899874141)
331,26841850,53.408374999999985,-1.6107582999999994,3,E01008128,-1.5556293212159684,53.42857758449353,0.05871412710743911,331,-1.6107583,53.408375,336,331,,,POINT (-1.6107582999999994 53.408374999999985)
332,"[207561435, 2121332367, 2121345795]",53.416776471634094,-1.606085591500427,0,E01008128,-1.5556293212159684,53.42857758449353,0.051817964797351186,332,,,337,332,,,POINT (-1.606085591500427 53.416776471634094)
333,772840520,53.414417199999995,-1.5947619000000006,3,E01008128,-1.5556293212159684,53.42857758449353,0.0416158048257271,333,-1.5947619,53.4144172,338,333,,,POINT (-1.5947619000000006 53.414417199999995)
334,26841862,53.407674099999994,-1.5818783000000007,3,E01008129,-1.5585252765762743,53.39708084141175,0.025643338911823608,334,-1.5818783,53.4076741,339,334,,,POINT (-1.5818783000000007 53.407674099999994)
335,1706008167,53.41078939999999,-1.586124600000001,3,E01008129,-1.5585252765762743,53.39708084141175,0.030816346831103555,335,-1.5861246,53.4107894,340,335,,,POINT (-1.586124600000001 53.41078939999999)
336,26841874,53.40298839999999,-1.5807316,3,E01008129,-1.5585252765762743,53.39708084141175,0.022978686830902588,336,-1.5807316,53.4029884,341,336,,,POINT (-1.5807316 53.40298839999999)
337,246923537,53.410804899999995,-1.5837303,3,E01008129,-1.5585252765762743,53.39708084141175,0.02869918099744916,337,-1.5837303,53.4108049,342,337,,,POINT (-1.5837303 53.410804899999995)
338,26841881,53.39918459999999,-1.5756485999999996,3,E01008129,-1.5585252765762743,53.39708084141175,0.01725207249205569,338,-1.5756486,53.3991846,343,338,,,POINT (-1.5756485999999996 53.39918459999999)
339,"[262155412, 88884570, 245797234]",53.41323139023152,-1.5730529038450398,0,E01008129,-1.5585252765762743,53.39708084141175,0.02172307946033575,339,,,344,339,,,POINT (-1.5730529038450398 53.41323139023152)
340,772926591,53.3974246,-1.574254999999999,3,E01008129,-1.5585252765762743,53.39708084141175,0.015733479238677663,340,-1.574255,53.3974246,345,340,,,POINT (-1.574254999999999 53.3974246)
341,772926714,53.3956252,-1.5708806999999994,3,E01008129,-1.5585252765762743,53.39708084141175,0.012440875367077622,341,-1.5708807,53.3956252,346,341,,,POINT (-1.5708806999999994 53.3956252)
342,247487327,53.3995265,-1.5655834000000002,3,E01008129,-1.5585252765762743,53.39708084141175,0.007469829462231938,342,-1.5655834,53.3995265,347,342,,,POINT (-1.5655834000000002 53.3995265)
343,26841887,53.39386869999999,-1.555994300000001,3,E01008129,-1.5585252765762743,53.39708084141175,0.004089461441160152,343,-1.5559943,53.3938687,348,343,,,POINT (-1.555994300000001 53.39386869999999)
344,247487422,53.3944344,-1.5492858999999994,3,E01008132,-1.5467377572749534,53.39618916592157,0.0030939028405404987,344,-1.5492859,53.3944344,349,344,,,POINT (-1.5492858999999994 53.3944344)
345,"[26841910, 26841912, 255950189, 255950184, 26842624, 26842621]",53.39265187057946,-1.5400824943820823,0,E01008133,-1.5401543927643144,53.39217874763911,0.0004785547973417039,345,,,350,345,,,POINT (-1.5400824943820823 53.39265187057946)
346,"[250637444, 250637442]",53.39620260083231,-1.5517887519200215,0,E01008129,-1.5585252765762743,53.39708084141175,0.0067935315528578205,346,,,351,346,,,POINT (-1.5517887519200215 53.39620260083231)
347,"[26841903, 253246176, 252272107, 253246175, 207544077, 255948140, 253263876, 26841915, 253263962, 253246198, 250635994, 952933409, 250635993, 253267003, 253263975, 253263900, 253263972, 253263957, 250635990, 253263880, 253263953, 253246200, 1217969665, 253267007, 253263926, 1191399742, 1191399729, 253263937, 253706734]",53.39120353397568,-1.5328067987206813,0,E01008133,-1.5401543927643144,53.39217874763911,0.007412029406267558,347,,,352,347,,,POINT (-1.5328067987206813 53.39120353397568)
348,"[196586233, 196586238]",53.39174625001569,-1.5267717502968658,0,E01008158,-1.5319528910569713,53.39006865785716,0.005445965022510589,348,,,353,348,,,POINT (-1.5267717502968658 53.39174625001569)
349,"[26842569, 26842562, 250635562]",53.39544615267749,-1.517289135888642,0,E01008152,-1.519457291421914,53.39313359255433,0.003169989391104196,349,,,354,349,,,POINT (-1.517289135888642 53.39544615267749)
350,250635976,53.39486829999999,-1.5247439999999997,3,E01007998,-1.5270539611875986,53.39396103008229,0.002481745231041051,350,-1.524744,53.3948683,355,350,,,POINT (-1.5247439999999997 53.39486829999999)
351,"[253263851, 253263844]",53.39012110004189,-1.5277071006910359,0,E01008158,-1.5319528910569713,53.39006865785716,0.004246114225289925,351,,,356,351,,,POINT (-1.5277071006910359 53.39012110004189)
352,"[26842593, 207544075]",53.38793185177332,-1.533045054399626,0,E01008158,-1.5319528910569713,53.39006865785716,0.0023997418625704993,352,,,357,352,,,POINT (-1.533045054399626 53.38793185177332)
353,26842641,53.381701799999995,-1.532222900000001,3,E01007961,-1.5203456587411261,53.38146591830003,0.011879583330145806,353,-1.5322229,53.3817018,358,353,,,POINT (-1.532222900000001 53.381701799999995)
354,1170817965,53.3826252,-1.4680527000000008,3,E01033264,-1.4668308347945282,53.383936961691006,0.0017926721156795898,354,-1.4680527,53.3826252,359,354,,,POINT (-1.4680527000000008 53.3826252)
355,26872552,53.3843631,-1.4510483000000014,3,E01007885,-1.4493077464362458,53.38221986304513,0.0027609765216362117,355,-1.4510483,53.3843631,360,355,,,POINT (-1.4510483000000014 53.3843631)
356,"[1843679543, 145422101, 3388622839, 1791423994, 3388622833]",53.38450078087223,-1.4535051807493837,0,E01007885,-1.4493077464362458,53.38221986304513,0.0047771373171693315,356,,,361,356,,,POINT (-1.4535051807493837 53.38450078087223)
357,1775340606,53.3841979,-1.4490578000000003,3,E01007885,-1.4493077464362458,53.38221986304513,0.001993766138696159,357,-1.4490578,53.3841979,362,357,,,POINT (-1.4490578000000003 53.3841979)
358,726647426,53.38359709999999,-1.4459443999999992,3,E01007885,-1.4493077464362458,53.38221986304513,0.003634402410311306,358,-1.4459444,53.3835971,363,358,,,POINT (-1.4459443999999992 53.38359709999999)
359,"[26884017, 1510749403, 1543675234, 26884020, 391498188, 1510749447, 265658579]",53.32002264054421,-1.4635460203318993,0,E01008081,-1.4608314057404452,53.32327621835662,0.004237322381119048,359,,,364,359,,,POINT (-1.4635460203318993 53.32002264054421)
360,360492813,53.3212626,-1.4645933000000002,3,E01008081,-1.4608314057404452,53.32327621835662,0.004266908401429708,360,-1.4645933,53.3212626,365,360,,,POINT (-1.4645933000000002 53.3212626)
361,"[1417288285, 26884682, 9029623130, 26884685, 1445897258, 26884683, 9029623140, 1445897088, 309353924]",53.32480391697733,-1.488148404278226,0,E01007823,-1.4856726464677963,53.32783154461365,0.00391099806189146,361,,,366,361,,,POINT (-1.488148404278226 53.32480391697733)
362,26891228,53.31817439999998,-1.5043016000000002,3,E01007917,-1.5007762079930589,53.320265775779895,0.004099053726818921,362,-1.5043016,53.3181744,367,362,,,POINT (-1.5043016000000002 53.31817439999998)
363,309786900,53.3268973,-1.5168957000000005,3,E01007920,-1.5283737920936438,53.32657641237333,0.011482576669855797,363,-1.5168957,53.3268973,368,363,,,POINT (-1.5168957000000005 53.3268973)
364,246901785,53.3170888,-1.5112403999999993,3,E01007917,-1.5007762079930589,53.320265775779895,0.010935835105933258,364,-1.5112404,53.3170888,369,364,,,POINT (-1.5112403999999993 53.3170888)
365,"[12456454576, 12456454581]",53.31889580013229,-1.5026816002097592,0,E01007917,-1.5007762079930589,53.320265775779895,0.0023467749731269157,365,,,370,365,,,POINT (-1.5026816002097592 53.31889580013229)
366,27345518,53.3281693,-1.5161207000000014,3,E01007920,-1.5283737920936438,53.32657641237333,0.012356195079656017,366,-1.5161207,53.3281693,371,366,,,POINT (-1.5161207000000014 53.3281693)
367,27354165,53.32208070000001,-1.5232800000000002,3,E01007918,-1.5247634778158203,53.32274118959352,0.0016238697402134559,367,-1.52328,53.3220807,372,367,,,POINT (-1.5232800000000002 53.32208070000001)
368,292015624,53.3188646,-1.520973400000001,3,E01007915,-1.5183755320319416,53.31753456180708,0.002918547511020675,368,-1.5209734,53.3188646,373,368,,,POINT (-1.520973400000001 53.3188646)
369,"[26891596, 1379447543, 4531620957, 1379447426, 26891601, 26891602, 26891606, 26910519, 26891608, 26891609]",53.33049500342486,-1.4631123638835641,0,E01008079,-1.4643871290405732,53.33126938047002,0.0014915381368228234,369,,,374,369,,,POINT (-1.4631123638835641 53.33049500342486)
370,"[26891815, 1350525672, 26891813, 1350525610, 26891817, 26891819, 26891823, 1350525641, 1350525600, 1350525543, 1350525659]",53.337598368711305,-1.4429512533884632,0,E01008077,-1.4468032929694834,53.33904832332613,0.004115893258917811,370,,,375,370,,,POINT (-1.4429512533884632 53.337598368711305)
371,"[1936043185, 1936042588, 26891620]",53.32722455109412,-1.4697583294743017,0,E01008079,-1.4643871290405732,53.33126938047002,0.00672387081816926,371,,,376,371,,,POINT (-1.4697583294743017 53.32722455109412)
372,"[1591359409, 1591359391, 1591359387, 1591359405, 1591359410, 1591359384, 1591359400, 1591359407]",53.326710659511235,-1.4735498090389232,0,E01008079,-1.4643871290405732,53.33126938047002,0.010234092120565244,372,,,377,372,,,POINT (-1.4735498090389232 53.326710659511235)
373,26935638,53.372795199999985,-1.4056041,3,E01007910,-1.3992525935123685,53.373735315895516,0.006420704989284865,373,-1.4056041,53.3727952,378,373,,,POINT (-1.4056041 53.372795199999985)
374,"[26916351, 26916769, 981835430, 26916772, 981835427, 26916777, 26916773, 26916774, 955003688, 26916775, 26916776]",53.349609146221205,-1.3578362068663552,0,E01008029,-1.3669960952482465,53.34812943118902,0.009278637386231577,374,,,379,374,,,POINT (-1.3578362068663552 53.349609146221205)
375,607974915,53.34759759999999,-1.3770627000000002,3,E01008031,-1.373945946123876,53.34630807466719,0.003372985370304377,375,-1.3770627,53.3475976,380,375,,,POINT (-1.3770627000000002 53.34759759999999)
376,"[246707573, 726398269]",53.345464100145094,-1.3624152008739812,0,E01008033,-1.3698706136828112,53.3430946149629,0.007822892059762698,376,,,381,376,,,POINT (-1.3624152008739812 53.345464100145094)
377,"[8988327572, 26916779, 981834971, 8988327541, 26916834, 26916780, 8988327548, 726398937, 8988327547, 726398692, 1234994790, 8988327644, 372852062, 8988327700, 1234994920, 8988327697, 726399137, 726399133, 981834734, 726399434, 981835378, 8988327610, 1234994918, 1234994860, 8988327709, 1234994882, 1234994821, 1234994886, 1234994851, 8988327708, 1234994856, 1234994861, 1234994855, 1234994915]",53.34434071704256,-1.3541683466061352,0,E01008034,-1.3478857142213903,53.34738086167384,0.00697953788305028,377,,,382,377,,,POINT (-1.3541683466061352 53.34434071704256)
378,"[26916837, 26916839, 26916840, 26916841, 2277553470, 26916842, 26916963, 26916843, 26916844, 26917746, 26916845, 26916846]",53.34394470746427,-1.3503701929314,0,E01008034,-1.3478857142213903,53.34738086167384,0.0042402582719055495,378,,,383,378,,,POINT (-1.3503701929314 53.34394470746427)
379,"[26916966, 26916968, 26916969, 26916967, 26917068, 26916970, 26916971, 26917166, 26916972, 981834761, 26916974, 3683614590]",53.3424759647006,-1.3472562037659634,0,E01008037,-1.3540551122946958,53.338998935147636,0.007636418774152865,379,,,384,379,,,POINT (-1.3472562037659634 53.3424759647006)
380,"[26917077, 26917078]",53.34275375074198,-1.3424560491389768,0,E01008030,-1.3373020040665662,53.34298643516141,0.005159294781991547,380,,,385,380,,,POINT (-1.3424560491389768 53.34275375074198)
381,"[26917179, 9045535013, 9045535016, 2159379560, 9045535004, 281627134, 9045535006, 9045554222, 9045554220]",53.33487030007823,-1.344826677475704,0,E01008019,-1.3484019891358745,53.329053101284245,0.006828078446831412,381,,,386,381,,,POINT (-1.344826677475704 53.33487030007823)
382,"[246707812, 372811224, 246707811, 252439395, 252439397, 372811218, 252439396]",53.352122791646096,-1.3454393248028673,0,E01008028,-1.3411126239757896,53.35084841856211,0.004510473013357527,382,,,387,382,,,POINT (-1.3454393248028673 53.352122791646096)
383,26917085,53.343406699999996,-1.3369161000000005,3,E01008030,-1.3373020040665662,53.34298643516141,0.0005705650560208298,383,-1.3369161,53.3434067,388,383,,,POINT (-1.3369161000000005 53.343406699999996)
384,246708061,53.3387635,-1.3399656000000004,3,E01008030,-1.3373020040665662,53.34298643516141,0.00499278726505178,384,-1.3399656,53.3387635,389,384,,,POINT (-1.3399656000000004 53.3387635)
385,372825323,53.3442439,-1.3354657000000012,3,E01008030,-1.3373020040665662,53.34298643516141,0.002225585416287132,385,-1.3354657,53.3442439,390,385,,,POINT (-1.3354657000000012 53.3442439)
386,246707620,53.3349803,-1.3409920000000008,3,E01008039,-1.346953576748505,53.3379000949802,0.006638192529199782,386,-1.340992,53.3349803,391,386,,,POINT (-1.3409920000000008 53.3349803)
387,252433104,53.35028220000001,-1.3364434000000005,3,E01008030,-1.3373020040665662,53.34298643516141,0.007346113633970385,387,-1.3364434,53.3502822,392,387,,,POINT (-1.3364434000000005 53.35028220000001)
388,"[26917185, 9045534979, 7562907606, 9045534976, 691476082, 7562907608, 7562907602]",53.33147343429821,-1.344134233625469,0,E01008041,-1.3360356505164261,53.33657650021569,0.009572268807980289,388,,,393,388,,,POINT (-1.344134233625469 53.33147343429821)
389,"[26917188, 26917189, 26917190, 246685749, 26917192, 26917193, 26917264, 1240046516, 26917265, 544981420, 26917196, 26917197, 726588583, 1240046714, 26917271, 726588581, 246707607, 26917273, 26917274, 1241241958, 1241242008, 726412308, 1797561190, 26917276, 26917338, 1241241968, 26917280, 1241241946, 1241242026, 726920547, 1241241964]",53.32567888236609,-1.345049395273431,0,E01008023,-1.3435442081381415,53.32045950999071,0.005432074769837855,389,,,394,389,,,POINT (-1.345049395273431 53.32567888236609)
390,"[726414030, 726414255, 705213095]",53.3274882768308,-1.33984166615582,0,E01008019,-1.3484019891358745,53.329053101284245,0.0087021724352574,390,,,395,390,,,POINT (-1.33984166615582 53.3274882768308)
391,26917342,53.3204692,-1.3465715000000007,3,E01008023,-1.3435442081381415,53.32045950999071,0.0030273073701154126,391,-1.3465715,53.3204692,396,391,,traffic_signals,POINT (-1.3465715000000007 53.3204692)
392,694855874,53.31955510000001,-1.3413649,3,E01008023,-1.3435442081381415,53.32045950999071,0.002359521432889606,392,-1.3413649,53.3195551,397,392,,,POINT (-1.3413649 53.31955510000001)
393,"[26917820, 1223597622, 1223597632, 1217719438, 26917822, 1223597630, 1217719437, 1217719449, 1217719433, 1217719474, 1223104757]",53.34310441532078,-1.3796938294121888,0,E01008038,-1.3823471907889215,53.34097064727526,0.0034048924605057833,393,,,398,393,,,POINT (-1.3796938294121888 53.34310441532078)
394,691478355,53.3416829,-1.371407600000001,3,E01008033,-1.3698706136828112,53.3430946149629,0.002086927424635961,394,-1.3714076,53.3416829,399,394,,,POINT (-1.371407600000001 53.3416829)
395,"[1816985203, 1816995615, 981835239, 246708024, 12247142364, 12247142363, 553082740, 4507977994, 553082941, 981835242, 1816988120, 1816988124, 8988327533, 981835236, 8988327531]",53.34321457343505,-1.3636328449410944,0,E01008033,-1.3698706136828112,53.3430946149629,0.006238922095216359,395,,,400,395,,,POINT (-1.3636328449410944 53.34321457343505)
396,"[981835784, 734816636, 981835781, 981835774]",53.33993720004799,-1.3721813724439913,0,E01008040,-1.3671281053662505,53.33951196732196,0.00507112719523639,396,,,401,396,,,POINT (-1.3721813724439913 53.33993720004799)
397,26971091,53.3508323,-1.4887251000000006,3,E01008046,-1.4881547157894444,53.35248183232826,0.0017453638731280573,397,-1.4887251,53.3508323,402,397,,,POINT (-1.4887251000000006 53.3508323)
398,"[1457855984, 2447964929, 9007046571, 345765580, 345765581, 1457855981, 1198396268, 345765584, 1457855983, 1199320974]",53.34955873138178,-1.490724265040235,0,E01007929,-1.5003156727886129,53.34708717477849,0.009904730922085015,398,,,403,398,,,POINT (-1.490724265040235 53.34955873138178)
399,26971087,53.3529084,-1.486389900000001,4,E01008046,-1.4881547157894444,53.35248183232826,0.001815636183062024,399,-1.4863899,53.3529084,404,399,,,POINT (-1.486389900000001 53.3529084)
400,"[333098729, 333098736, 333104247, 333104255, 333104258, 333104263, 333104268, 333104281]",53.35080577064058,-1.4857807361572875,0,E01008046,-1.4881547157894444,53.35248183232826,0.002906021692075321,400,,,405,400,,,POINT (-1.4857807361572875 53.35080577064058)
401,1012201452,53.382317999999984,-1.4005149000000006,3,E01007908,-1.3982657913458463,53.38102326705501,0.002595153779069105,401,-1.4005149,53.382318,406,401,,,POINT (-1.4005149000000006 53.382317999999984)
402,"[11865810426, 11865810427]",53.37348485000892,-1.3904090500254114,0,E01007912,-1.3935495051762605,53.37176988566347,0.0035782064306954333,402,,,407,402,,,POINT (-1.3904090500254114 53.37348485000892)
403,27088281,53.3868546,-1.4155071000000001,3,E01007906,-1.4156519602865256,53.38811646659002,0.0012701542400915331,403,-1.4155071,53.3868546,408,403,,,POINT (-1.4155071000000001 53.3868546)
404,"[27088284, 322613592, 322613585]",53.389261501479666,-1.4254776602245656,0,E01007883,-1.4243845008415745,53.388143397359755,0.0015636989031085884,404,,,409,404,,,POINT (-1.4254776602245656 53.389261501479666)
405,322607676,53.390296000000006,-1.4231500999999995,3,E01007905,-1.422259948377159,53.389699566183964,0.0010714957809328867,405,-1.4231501,53.390296,410,405,,,POINT (-1.4231500999999995 53.390296000000006)
406,"[322607887, 322607894]",53.391609500222025,-1.4260947515943825,0,E01007905,-1.422259948377159,53.389699566183964,0.00428410594460155,406,,,411,406,,,POINT (-1.4260947515943825 53.391609500222025)
407,"[276829914, 246894843, 276835769]",53.39177042049142,-1.420071816454904,0,E01007905,-1.422259948377159,53.389699566183964,0.0030126995986814445,407,,,412,407,,,POINT (-1.420071816454904 53.39177042049142)
408,"[27088286, 27088287, 322607922, 276835823, 1181227334, 322607957, 276835785, 27088289, 7545493474, 9013875469, 7545493469, 5863247886, 7545493478, 27088290, 8917264439, 221993415, 222008879, 8917264436, 221993290, 221993410, 221962504, 221981323, 276835806, 1094388238, 149827194, 276832686, 7580754256, 276832729, 221993386, 276832685, 222008885, 276832727, 221993304, 221993391, 221981347, 221981386, 276835805, 243776093, 221981475, 221981393, 221981410, 8917262415, 8917264418, 221993267, 221993270, 221993274, 221993395, 222008890, 1177443724, 222008907, 222008925, 222008899, 9013875467, 8917264435]",53.392012980775256,-1.4346385562565966,0,E01033269,-1.4601666164977376,53.39233091491445,0.025530039988064822,408,,,413,408,,,POINT (-1.4346385562565966 53.392012980775256)
409,224808520,53.3896996,-1.4342571999999998,3,E01007883,-1.4243845008415745,53.388143397359755,0.00999459630651886,409,-1.4342572,53.3896996,414,409,,,POINT (-1.4342571999999998 53.3896996)
410,27145421,53.38045199999999,-1.4684620999999995,3,E01033264,-1.4668308347945282,53.383936961691006,0.0038478544876821914,410,-1.4684621,53.380452,415,410,,,POINT (-1.4684620999999995 53.38045199999999)
411,331781254,53.379876,-1.4668967999999993,3,E01033264,-1.4668308347945282,53.383936961691006,0.004061497416486773,411,-1.4668968,53.379876,416,411,,,POINT (-1.4668967999999993 53.379876)
412,"[27239070, 2161377371, 8912063696, 2288479857, 1225717485, 27239072, 27239079, 8912079522, 1775399521, 27239084, 27239080, 1225717737, 3241141824, 8912079532, 2161377467, 8912079524, 149827217, 276830041, 276832541, 1225716443, 243641773, 1209920930, 243775742, 1209920989, 7702869247, 243775747, 727710020, 2161314298, 243775748, 243775770, 243775763, 243775764, 1209920949, 2276187117, 243775765, 2161314591, 1209920965, 243775769, 8912063692, 2161377504, 1209920936, 1225716684, 1225717931, 1225716811, 1225717620, 2161377298, 8976651495, 1775399524]",53.40369946078439,-1.4191342714403017,0,E01007904,-1.4159273133099897,53.393587844785664,0.010607985603083661,412,,,417,412,,,POINT (-1.4191342714403017 53.40369946078439)
413,"[27145560, 7549367299, 976215722, 7549367332, 726561974, 243532527, 976215781, 27145561, 839984733, 7556224358, 976215870, 726562132, 7556224354, 243532529, 7549367293, 1167177500, 7549367310, 7549367306, 7549367291, 246898340, 246898339, 3239631572, 976215859, 8914076477, 7549367325, 726562008, 246898337, 246898338, 283398975, 283398989, 1367227852, 726562079, 7556224346, 976215786]",53.4123358648109,-1.4187172890090287,0,E01007854,-1.4230224102258684,53.41385413218328,0.004564997755281526,413,,,418,413,,,POINT (-1.4187172890090287 53.4123358648109)
414,"[27145661, 727710411, 243775761, 727710401, 2140147762]",53.40119703124014,-1.416836511656418,0,E01007904,-1.4159273133099897,53.393587844785664,0.007663312608271501,414,,,419,414,,,POINT (-1.416836511656418 53.40119703124014)
415,"[276835746, 27145666, 27145668, 2270918325, 149827641, 149827631, 27145669, 149827645, 8901321780, 4483650784, 6884593331, 149827406, 149827697, 149827648, 149827634, 1262345436, 1262345489, 726572646, 276835744, 276835743, 276829950, 276835741, 276835745, 1262355559, 726572610, 1262355527]",53.39674808082154,-1.4128422340289943,0,E01007904,-1.4159273133099897,53.393587844785664,0.004416424568864223,415,,,420,415,,,POINT (-1.4128422340289943 53.39674808082154)
416,"[1262365519, 27145676, 1241087301, 8912063684, 243775803, 2136277620, 149827591, 560714841, 2134770632, 11865769813, 860684001, 149827611, 1262365498, 149827614, 149827695, 8912063686, 8912063685, 1262365431, 1308000353, 1262365569, 11868049438]",53.39967211924491,-1.4097284865023068,0,E01007904,-1.4159273133099897,53.393587844785664,0.008685841898578562,416,,,421,416,,,POINT (-1.4097284865023068 53.39967211924491)
417,"[27145686, 1308050576, 27145687, 560715133, 839971596, 839971698, 8929130034, 1365346624, 705088452, 705088453, 1559914612, 705088465, 705088466, 839971574, 839971691]",53.39914126767306,-1.4053519906922531,0,E01007904,-1.4159273133099897,53.393587844785664,0.01194478774342412,417,,,422,417,,,POINT (-1.4053519906922531 53.39914126767306)
418,"[1308050536, 839971297, 27145694, 839971330, 839971325, 560715485, 839971289, 1308050609, 1308050583, 8929130072]",53.396305805612144,-1.4000345584546683,0,E01007902,-1.4113386792884668,53.3907940221448,0.01257628342619438,418,,,423,418,,,POINT (-1.4000345584546683 53.396305805612144)
419,"[27145699, 839970711, 839970707, 27145703, 839970731, 839970729, 703586255, 703586260, 705088456, 1308093832, 705088457, 839970719]",53.39578720228291,-1.3878221380159228,0,E01007903,-1.3914896227332931,53.41078473557933,0.015439444586164797,419,,,424,419,,,POINT (-1.3878221380159228 53.39578720228291)
420,"[1308105210, 560715006, 560715005, 1308153752, 560715008, 839970878, 560715007, 1308105091, 1308105324, 3609472990]",53.39651801116895,-1.3832095993464715,0,E01007903,-1.3914896227332931,53.41078473557933,0.01649539974319928,420,,,425,420,,,POINT (-1.3832095993464715 53.39651801116895)
421,"[27145722, 1308105230, 5975535215, 1308105266, 8929130217, 2134770589, 8929130220]",53.39308426114227,-1.3767484664201786,0,E01007903,-1.3914896227332931,53.41078473557933,0.023034940519666272,421,,,426,421,,,POINT (-1.3767484664201786 53.39308426114227)
422,"[27145728, 2134770575, 1308156610, 27145730, 27145731, 8929130237, 243772529, 243772534]",53.39128441012655,-1.3800301930239018,0,E01007902,-1.4113386792884668,53.3907940221448,0.03131232652728149,422,,,427,422,,,POINT (-1.3800301930239018 53.39128441012655)
423,"[8963822038, 8963822028, 8963822034, 8963822018, 1594053850, 253873083, 1558432158, 1563065626, 1558432461, 4530534439, 253873084, 1558432290, 8963816696, 253873086, 1558432526, 253873118, 1563088089, 8963822035, 8963816706, 1563088106, 8963822033, 8963822027]",53.42843595369968,-1.4863116583052853,0,E01008118,-1.4863732986064389,53.42468595910532,0.0037505011644437206,423,,,428,423,,,POINT (-1.4863116583052853 53.42843595369968)
424,27238639,53.4123254,-1.4943848000000008,3,E01008092,-1.490786249227846,53.41527572762357,0.00465338594425466,424,-1.4943848,53.4123254,429,424,,,POINT (-1.4943848000000008 53.4123254)
425,1395215615,53.4142678,-1.4891552000000008,3,E01008092,-1.490786249227846,53.41527572762357,0.001917352257156886,425,-1.4891552,53.4142678,430,425,,,POINT (-1.4891552000000008 53.4142678)
426,260059119,53.4132652,-1.4966422,3,E01008091,-1.5009902284989043,53.4132121184609,0.0043483525014743,426,-1.4966422,53.4132652,431,426,,,POINT (-1.4966422 53.4132652)
427,"[250721342, 149827289, 149827291, 2273087091, 1736711538]",53.41152780732395,-1.4978816850184222,0,E01008091,-1.5009902284989043,53.4132121184609,0.003535526350643614,427,,,432,427,,,POINT (-1.4978816850184222 53.41152780732395)
428,246695208,53.41655049999999,-1.4881070999999997,3,E01008092,-1.490786249227846,53.41527572762357,0.002966965654800963,428,-1.4881071,53.4165505,433,428,,,POINT (-1.4881070999999997 53.41655049999999)
429,"[149827279, 27238658, 149827273, 149827276, 149827257, 149827259, 1390271773, 1390271782, 149827265, 1393980306, 1071792021, 149827271]",53.41284207924145,-1.473632757539305,0,E01008094,-1.4794781149345455,53.411006520202505,0.006126783827061781,429,,,434,429,,,POINT (-1.473632757539305 53.41284207924145)
430,250721344,53.4105454,-1.4951241999999993,3,E01008092,-1.490786249227846,53.41527572762357,0.006418240906042937,430,-1.4951242,53.4105454,435,430,,,POINT (-1.4951241999999993 53.4105454)
431,1391738503,53.41322319999999,-1.4712858999999998,3,E01007945,-1.47143607891947,53.415433206914834,0.0022151036705938707,431,-1.4712859,53.4132232,436,431,,,POINT (-1.4712858999999998 53.41322319999999)
432,"[246696308, 11867901645]",53.41548160083588,-1.4610085521456329,0,E01007947,-1.4566732284239716,53.41483934850535,0.004382638455048336,432,,,437,432,,,POINT (-1.4610085521456329 53.41548160083588)
433,240305089,53.4116434,-1.4647703000000007,3,E01007943,-1.4707739741690395,53.409964908555914,0.006233894212759134,433,-1.4647703,53.4116434,438,433,,,POINT (-1.4647703000000007 53.4116434)
434,"[27238683, 278864772, 6415170279, 1377234759, 149827348, 160324352]",53.40763553175255,-1.4515349058824076,0,E01007942,-1.451752795776383,53.408921212893496,0.0013040138044088936,434,,,439,434,,,POINT (-1.4515349058824076 53.40763553175255)
435,"[288957916, 288957913]",53.40767675003316,-1.4471274504978822,0,E01007877,-1.4443855067347016,53.405881774082,0.0032772235605312526,435,,,440,435,,,POINT (-1.4471274504978822 53.40767675003316)
436,"[243532517, 278859224]",53.40968010045951,-1.4478215515842858,0,E01007942,-1.451752795776383,53.408921212893496,0.0040038220784331885,436,,,441,436,,,POINT (-1.4478215515842858 53.40968010045951)
437,"[27238686, 243531386, 8980729468, 27238687, 27238689, 27238694, 4507961604, 27238692, 1377215469]",53.407748562625116,-1.4445547257590472,0,E01007944,-1.445624125718674,53.409295598705825,0.0018806745887218021,437,,,442,437,,,POINT (-1.4445547257590472 53.407748562625116)
438,"[27238700, 705633758]",53.40643220027955,-1.4354537503720193,0,E01007877,-1.4443855067347016,53.405881774082,0.008948700504613584,438,,,443,438,,,POINT (-1.4354537503720193 53.40643220027955)
439,"[27238702, 283257631]",53.40562930016602,-1.4338784014283958,0,E01007877,-1.4443855067347016,53.405881774082,0.010510138200615972,439,,,444,439,,,POINT (-1.4338784014283958 53.40562930016602)
440,705633773,53.4055113,-1.4341148000000001,3,E01007877,-1.4443855067347016,53.405881774082,0.010277386237544902,440,-1.4341148,53.4055113,445,440,,,POINT (-1.4341148000000001 53.4055113)
441,246897322,53.409965799999995,-1.4270757000000005,3,E01007855,-1.4323439590023253,53.40915742191113,0.0053299182029506835,441,-1.4270757,53.4099658,446,441,,,POINT (-1.4270757000000005 53.409965799999995)
442,"[243531266, 288957796]",53.40428160090935,-1.4365599464938497,0,E01007877,-1.4443855067347016,53.405881774082,0.007987486918027671,442,,,447,442,,,POINT (-1.4365599464938497 53.40428160090935)
443,27239092,53.402875,-1.4238865999999994,3,E01007904,-1.4159273133099897,53.393587844785664,0.012231169060599933,443,-1.4238866,53.402875,448,443,,,POINT (-1.4238865999999994 53.402875)
444,243533413,53.40191169999999,-1.425338900000001,3,E01007904,-1.4159273133099897,53.393587844785664,0.012564415213323854,444,-1.4253389,53.4019117,449,444,,,POINT (-1.425338900000001 53.40191169999999)
445,"[243534557, 149827200, 276832638, 1181251512, 149827205, 276832634, 246894833, 5863295974, 265293123, 1181277204, 243534574, 149827206, 7580754252, 8917264466, 149827210, 276829920, 1209404021, 149827213, 243776097, 248725729, 1775399515, 243533374, 243534558, 243534598, 243534559, 243534567, 243534568, 243644689, 243644691, 243534575, 246894832, 3593658228, 276832716, 276832724]",53.39691441553321,-1.427958968329462,0,E01033269,-1.4601666164977376,53.39233091491445,0.032532154531379795,445,,,450,445,,,POINT (-1.427958968329462 53.39691441553321)
446,"[36235548, 27345546]",53.327574450144255,-1.539227300168482,0,E01007926,-1.5445304663107986,53.33020437780726,0.005919467091357994,446,,,451,446,,,POINT (-1.539227300168482 53.327574450144255)
447,"[1330851991, 1809710400, 35634137, 1809710442, 928403607, 1809710416, 1328834928]",53.335950684882576,-1.5102561706267554,0,E01007932,-1.505721085445341,53.341581023908006,0.007229641425683957,447,,,452,447,,,POINT (-1.5102561706267554 53.335950684882576)
448,36235539,53.3349562,-1.5376899,3,E01007926,-1.5445304663107986,53.33020437780726,0.008329055264784075,448,-1.5376899,53.3349562,453,448,,,POINT (-1.5376899 53.3349562)
449,36235552,53.3264094,-1.5395961999999999,3,E01007921,-1.5415707468571995,53.32435350022681,0.00285053664573488,449,-1.5395962,53.3264094,454,449,,,POINT (-1.5395961999999999 53.3264094)
450,247259393,53.333105100000004,-1.5456945000000004,3,E01007926,-1.5445304663107986,53.33020437780726,0.003125566135761273,450,-1.5456945,53.3331051,455,450,,,POINT (-1.5456945000000004 53.333105100000004)
451,293384655,53.324962299999996,-1.5498337000000009,3,E01007926,-1.5445304663107986,53.33020437780726,0.007456786660462398,451,-1.5498337,53.3249623,456,451,,,POINT (-1.5498337000000009 53.324962299999996)
452,27348164,53.3252545,-1.5402591,3,E01007921,-1.5415707468571995,53.32435350022681,0.001591294463411281,452,-1.5402591,53.3252545,457,452,,,POINT (-1.5402591 53.3252545)
453,36063401,53.317059799999996,-1.5419035999999993,3,E01007923,-1.5328583886284202,53.318583837100704,0.009172706135098251,453,-1.5419036,53.3170598,458,453,,,POINT (-1.5419035999999993 53.317059799999996)
454,"[36063407, 36062965]",53.3141060500671,-1.5413598499799424,0,E01007925,-1.5370980494820834,53.313293473654824,0.004338573948815888,454,,,459,454,,,POINT (-1.5413598499799424 53.3141060500671)
455,317637406,53.3163348,-1.5494659000000002,3,E01007926,-1.5445304663107986,53.33020437780726,0.014721538447194557,455,-1.5494659,53.3163348,460,455,,,POINT (-1.5494659000000002 53.3163348)
456,"[36061932, 43785441]",53.3159453000016,-1.5317665999810548,0,E01007923,-1.5328583886284202,53.318583837100704,0.002855500039197105,456,,,461,456,,,POINT (-1.5317665999810548 53.3159453000016)
457,292015658,53.31451920000001,-1.5258133999999997,3,E01007924,-1.5282998420833847,53.31403838472511,0.0025325042078136783,457,-1.5258134,53.3145192,462,457,,,POINT (-1.5258133999999997 53.31451920000001)
458,309353572,53.3149755,-1.5346890000000004,3,E01007925,-1.5370980494820834,53.313293473654824,0.0029381511249428637,458,-1.534689,53.3149755,463,458,,,POINT (-1.5346890000000004 53.3149755)
459,"[32433081, 708107281, 708107299, 1667316471, 32433082]",53.4672818323081,-1.5929035899148152,0,E01008147,-1.5779396888439712,53.472266827673046,0.015772397219399062,459,,,464,459,,,POINT (-1.5929035899148152 53.4672818323081)
460,"[2870578882, 2870578883]",53.47174490112505,-1.5996954017356744,0,E01008148,-1.5972129692701844,53.474289702355,0.0035550645909299575,460,,,465,460,,,POINT (-1.5996954017356744 53.47174490112505)
461,361438324,53.47387539999999,-1.6072830999999994,3,E01008147,-1.5779396888439712,53.472266827673046,0.029387468131889048,461,-1.6072831,53.4738754,466,461,,,POINT (-1.6072830999999994 53.47387539999999)
462,246927728,53.4649345,-1.5952922999999999,3,E01008147,-1.5779396888439712,53.472266827673046,0.018838156572161747,462,-1.5952923,53.4649345,467,462,,,POINT (-1.5952922999999999 53.4649345)
463,392499660,53.462267499999996,-1.5889653000000006,3,E01008147,-1.5779396888439712,53.472266827673046,0.014884577766158808,463,-1.5889653,53.4622675,468,463,,,POINT (-1.5889653000000006 53.462267499999996)
464,246928837,53.4618685,-1.6191928,3,E01008128,-1.5556293212159684,53.42857758449353,0.07175375175129829,464,-1.6191928,53.4618685,469,464,,,POINT (-1.6191928 53.4618685)
465,32433099,53.442860499999995,-1.6283533,3,E01008128,-1.5556293212159684,53.42857758449353,0.07411328332724998,465,-1.6283533,53.4428605,470,465,,,POINT (-1.6283533 53.442860499999995)
466,245571282,53.4395115,-1.6185228000000003,3,E01008128,-1.5556293212159684,53.42857758449353,0.06383682465364382,466,-1.6185228,53.4395115,471,466,,,POINT (-1.6185228000000003 53.4395115)
467,32433145,53.4301149,-1.6330565999999986,3,E01008128,-1.5556293212159684,53.42857758449353,0.07744253894899475,467,-1.6330566,53.4301149,472,467,,,POINT (-1.6330565999999986 53.4301149)
468,790308456,53.44957129999999,-1.6325010000000006,3,E01008128,-1.5556293212159684,53.42857758449353,0.07968683134522266,468,-1.632501,53.4495713,473,468,,,POINT (-1.6325010000000006 53.44957129999999)
469,245571287,53.444818,-1.6148611000000006,4,E01008128,-1.5556293212159684,53.42857758449353,0.06141786966138699,469,-1.6148611,53.444818,474,469,,,POINT (-1.6148611000000006 53.444818)
470,245548656,53.4258655,-1.603292500000001,3,E01008128,-1.5556293212159684,53.42857758449353,0.04774027664455466,470,-1.6032925,53.4258655,475,470,,,POINT (-1.603292500000001 53.4258655)
471,4232516626,53.45641979999999,-1.6352653000000015,3,E01008128,-1.5556293212159684,53.42857758449353,0.08436277663282127,471,-1.6352653,53.4564198,476,471,,,POINT (-1.6352653000000015 53.45641979999999)
472,33791803,53.42840469999999,-1.539015600000001,3,E01008126,-1.5398796273921318,53.42707328770832,0.0015871994281756508,472,-1.5390156,53.4284047,477,472,,,POINT (-1.539015600000001 53.42840469999999)
473,88884511,53.43317139999999,-1.5458343000000017,3,E01008140,-1.538970196824769,53.435277834174045,0.007180040203912742,473,-1.5458343,53.4331714,478,473,,,POINT (-1.5458343000000017 53.43317139999999)
474,"[33791809, 708117627, 256523176]",53.42378646395265,-1.5384641713024985,0,E01008128,-1.5556293212159684,53.42857758449353,0.017821257183182535,474,,,479,474,,,POINT (-1.5384641713024985 53.42378646395265)
475,2847884768,53.434180399999995,-1.5448228000000013,3,E01008140,-1.538970196824769,53.435277834174045,0.0059546054187559535,475,-1.5448228,53.4341804,480,475,,,POINT (-1.5448228000000013 53.434180399999995)
476,88884513,53.423588499999994,-1.541482400000001,3,E01008128,-1.5556293212159684,53.42857758449353,0.015000878106777726,476,-1.5414824,53.4235885,481,476,,,POINT (-1.541482400000001 53.423588499999994)
477,"[35331904, 313998162, 1676834732, 3336961909, 3336961908, 1676834728, 246900109, 313998946, 270187887, 3336961912, 3336961920, 3336961921, 270188331, 1676834733, 313998163, 3336961906, 1676834739, 3336961914, 1758590248, 3336961924, 3336961925]",53.4617598745791,-1.4662707142246245,0,E01007894,-1.465210312162921,53.46368039087101,0.0021938175311450956,477,,,482,477,,,POINT (-1.4662707142246245 53.4617598745791)
478,270188632,53.46475909999999,-1.4648884000000002,3,E01007894,-1.465210312162921,53.46368039087101,0.0011257179156443176,478,-1.4648884,53.4647591,483,478,,,POINT (-1.4648884000000002 53.46475909999999)
479,35332409,53.4671925,-1.4640589000000002,3,E01007894,-1.465210312162921,53.46368039087101,0.003696033076538115,479,-1.4640589,53.4671925,484,479,,,POINT (-1.4640589000000002 53.4671925)
480,270188620,53.463567,-1.4688948999999998,3,E01007889,-1.4727925409784939,53.46956779973407,0.007155501564929342,480,-1.4688949,53.463567,485,480,,,POINT (-1.4688948999999998 53.463567)
481,"[35331988, 11645391486, 10674345307, 10674345313, 10674345308, 10674345309, 11645391485]",53.456634319044625,-1.4530678700961046,0,E01008135,-1.462530718758868,53.44530526247508,0.01476120007215824,481,,,486,481,,,POINT (-1.4530678700961046 53.456634319044625)
482,862237664,53.4566154,-1.4492876000000001,3,E01008135,-1.462530718758868,53.44530526247508,0.01741549325439839,482,-1.4492876,53.4566154,487,482,,,POINT (-1.4492876000000001 53.4566154)
483,"[265666043, 267592593, 206343593, 267593180, 267593195, 267593182, 265666047, 265666049, 265666050, 1477543779, 265666088, 1477543370, 1477543587]",53.471760251426424,-1.4734810992864793,0,E01007889,-1.4727925409784939,53.46956779973407,0.002298033282350937,483,,,488,483,,,POINT (-1.4734810992864793 53.471760251426424)
484,550666738,53.4723398,-1.4584397000000004,3,E01007894,-1.465210312162921,53.46368039087101,0.010992113332926374,484,-1.4584397,53.4723398,489,484,,,POINT (-1.4584397000000004 53.4723398)
485,7786841480,53.475216999999994,-1.4655547999999998,2,E01007889,-1.4727925409784939,53.46956779973407,0.00918141373190062,485,-1.4655548,53.475217,490,485,,,POINT (-1.4655547999999998 53.475216999999994)
486,293384682,53.335959200000005,-1.5432076,3,E01007926,-1.5445304663107986,53.33020437780726,0.005904909291956937,486,-1.5432076,53.3359592,491,486,,,POINT (-1.5432076 53.335959200000005)
487,"[36235527, 36235500, 36235524]",53.33952046320626,-1.5343382975714652,0,E01007926,-1.5445304663107986,53.33020437780726,0.013808321794211813,487,,,492,487,,,POINT (-1.5343382975714652 53.33952046320626)
488,35631460,53.35040029999999,-1.521003200000001,3,E01007927,-1.5239433049249531,53.3488761341138,0.003311691202146582,488,-1.5210032,53.3504003,493,488,,,POINT (-1.521003200000001 53.35040029999999)
489,"[348421626, 48756899, 945132120, 8253109069, 8253109066]",53.34695746193694,-1.522394193410935,0,E01007927,-1.5239433049249531,53.3488761341138,0.0024659783869963024,489,,,494,489,,,POINT (-1.522394193410935 53.34695746193694)
490,1221456332,53.362217,-1.5256716,3,E01007939,-1.5293811263690873,53.35630289822916,0.006981202306109077,490,-1.5256716,53.362217,495,490,,,POINT (-1.5256716 53.362217)
491,1819193885,53.343609399999984,-1.5002962999999994,3,E01007932,-1.505721085445341,53.341581023908006,0.005791597939994475,491,-1.5002963,53.3436094,496,491,,,POINT (-1.5002962999999994 53.343609399999984)
492,35825456,53.33989220000001,-1.5189684,3,E01007933,-1.5243383766608918,53.34163863604714,0.005646829925301359,492,-1.5189684,53.3398922,497,492,,,POINT (-1.5189684 53.33989220000001)
493,"[35634214, 1809852558, 9006906652, 1132458506, 1782680435, 9006906647, 35634215, 1782680448, 1818739856, 248729026, 9006906648, 1785159574, 1785158910, 1785159412, 250638808, 250638805, 250638813, 1811102786, 1785159649]",53.35828347885694,-1.4805804367105766,0,E01008042,-1.4852008933843388,53.35754594178158,0.004678950823811172,493,,,498,493,,,POINT (-1.4805804367105766 53.35828347885694)
494,47778722,53.34043479999998,-1.5317565000000004,3,E01007933,-1.5243383766608918,53.34163863604714,0.007515169665591775,494,-1.5317565,53.3404348,499,494,,,POINT (-1.5317565000000004 53.34043479999998)
495,391290204,53.313701,-1.5462102000000006,3,E01007926,-1.5445304663107986,53.33020437780726,0.016588640219012504,495,-1.5462102,53.313701,500,495,,,POINT (-1.5462102000000006 53.313701)
496,292015043,53.31437180000001,-1.5503478999999993,3,E01007926,-1.5445304663107986,53.33020437780726,0.01686751477696639,496,-1.5503479,53.3143718,501,496,,,POINT (-1.5503478999999993 53.31437180000001)
497,730947518,53.32572309999999,-1.5532896000000003,3,E01007926,-1.5445304663107986,53.33020437780726,0.009838916290486107,497,-1.5532896,53.3257231,502,497,,,POINT (-1.5532896000000003 53.32572309999999)
498,"[635103996, 635104006]",53.358033250020526,-1.5578551499482796,0,E01007956,-1.566194203264992,53.37076389333389,0.015218708532296702,498,,,503,498,,,POINT (-1.5578551499482796 53.358033250020526)
499,50507008,53.36385129999999,-1.4765669000000003,3,E01008112,-1.4769737818921675,53.36345428260646,0.0005684854307245678,499,-1.4765669,53.3638513,504,499,,,POINT (-1.4765669000000003 53.36385129999999)
500,"[248805162, 250639138]",53.36491325004603,-1.4749759005325427,0,E01008112,-1.4769737818921675,53.36345428260646,0.0024738868035655993,500,,,505,500,,,POINT (-1.4749759005325427 53.36491325004603)
501,256819073,53.36086159999999,-1.4791449999999997,3,E01008112,-1.4769737818921675,53.36345428260646,0.0033817438060310787,501,-1.479145,53.3608616,506,501,,,POINT (-1.4791449999999997 53.36086159999999)
502,"[6567692165, 260097827]",53.36916330000779,-1.4646060499727713,0,E01008099,-1.4644880625205632,53.36417276927907,0.004991925279205147,502,,,507,502,,,POINT (-1.4646060499727713 53.36916330000779)
503,"[69362378, 9419325170, 686571656]",53.39758775444995,-1.490336116458765,0,E01008161,-1.4984196156415095,53.39947970147763,0.00830195293849456,503,,,508,503,,,POINT (-1.490336116458765 53.39758775444995)
504,69363595,53.4006495,-1.4970230000000002,3,E01008093,-1.4987266637384804,53.404365837638544,0.004088231350776155,504,-1.497023,53.4006495,509,504,,,POINT (-1.4970230000000002 53.4006495)
505,76791927,53.39593609999999,-1.4996435000000008,3,E01008153,-1.501282624096351,53.39539089887859,0.0017274177450829868,505,-1.4996435,53.3959361,510,505,,,POINT (-1.4996435000000008 53.39593609999999)
506,"[248816029, 1783084845, 1783084855, 1952229790, 1783084790, 7017742920, 1952229758, 11633766535]",53.37955783931344,-1.4632769169930904,0,E01033268,-1.4564502019095455,53.38256014529266,0.007457739605586445,506,,,511,506,,,POINT (-1.4632769169930904 53.37955783931344)
507,75991912,53.39509429999999,-1.5029610000000015,3,E01008153,-1.501282624096351,53.39539089887859,0.0017043815795564235,507,-1.502961,53.3950943,512,507,,,POINT (-1.5029610000000015 53.39509429999999)
508,131414192,53.394126400000005,-1.5043260999999999,3,E01008154,-1.5060978425307545,53.3931097693506,0.0020426966178497463,508,-1.5043261,53.3941264,513,508,,,POINT (-1.5043260999999999 53.394126400000005)
509,76792446,53.3832607,-1.4879872999999995,3,E01008068,-1.4833121009706067,53.383701625131,0.00469594515892043,509,-1.4879873,53.3832607,514,509,,,POINT (-1.4879872999999995 53.3832607)
510,175989808,53.386541499999986,-1.4852697,3,E01008067,-1.4950509993668013,53.3847605612806,0.009942110441211391,510,-1.4852697,53.3865415,515,510,,,POINT (-1.4852697 53.386541499999986)
511,176102086,53.3866476,-1.4814395999999994,3,E01008065,-1.4855298585545458,53.38765287859552,0.004211982917538094,511,-1.4814396,53.3866476,516,511,,,POINT (-1.4814395999999994 53.3866476)
512,2847986425,53.436374499999985,-1.5524068999999996,3,E01008128,-1.5556293212159684,53.42857758449353,0.008436580462967356,512,-1.5524069,53.4363745,517,512,,,POINT (-1.5524068999999996 53.436374499999985)
513,257577934,53.41675089999999,-1.5417585000000005,3,E01008128,-1.5556293212159684,53.42857758449353,0.018228278780921047,513,-1.5417585,53.4167509,518,513,,,POINT (-1.5417585000000005 53.41675089999999)
514,708117414,53.4239202,-1.5511564999999992,3,E01008128,-1.5556293212159684,53.42857758449353,0.006457349297554374,514,-1.5511565,53.4239202,519,514,,,POINT (-1.5511564999999992 53.4239202)
515,257577933,53.41366120000001,-1.5422001,3,E01008130,-1.5353545427180646,53.40600217471894,0.010272405889378522,515,-1.5422001,53.4136612,520,515,,,POINT (-1.5422001 53.41366120000001)
516,708117421,53.42427020000001,-1.5614519,3,E01008128,-1.5556293212159684,53.42857758449353,0.007242650403778397,516,-1.5614519,53.4242702,521,516,,,POINT (-1.5614519 53.42427020000001)
517,88884548,53.4057035,-1.5438018000000004,3,E01008130,-1.5353545427180646,53.40600217471894,0.00845253584286664,517,-1.5438018,53.4057035,522,517,,,POINT (-1.5438018000000004 53.4057035)
518,247487337,53.40666559999998,-1.5475710000000011,3,E01008130,-1.5353545427180646,53.40600217471894,0.012234457962038824,518,-1.547571,53.4066656,523,518,,,POINT (-1.5475710000000011 53.40666559999998)
519,88884576,53.4047464,-1.5387229,3,E01008130,-1.5353545427180646,53.40600217471894,0.003594829748889491,519,-1.5387229,53.4047464,524,519,,,POINT (-1.5387229 53.4047464)
520,"[1652969606, 441386877, 1652969500]",53.4183208529249,-1.5655642457009573,0,E01008128,-1.5556293212159684,53.42857758449353,0.014279470122991038,520,,,525,520,,,POINT (-1.5655642457009573 53.4183208529249)
521,247487417,53.3999022,-1.552975799999999,3,E01008129,-1.5585252765762743,53.39708084141175,0.006225492314195482,521,-1.5529758,53.3999022,526,521,,,POINT (-1.552975799999999 53.3999022)
522,944516634,53.40993859999999,-1.5600582999999995,3,E01008129,-1.5585252765762743,53.39708084141175,0.012948826847684903,522,-1.5600583,53.4099386,527,522,,,POINT (-1.5600582999999995 53.40993859999999)
523,"[207494179, 207532679]",53.408050603033594,-1.5194850991008264,0,E01007991,-1.5134274783306372,53.40939719226471,0.006205487245397677,523,,,528,523,,,POINT (-1.5194850991008264 53.408050603033594)
524,"[88884592, 1438182909]",53.40134715097316,-1.519427603990462,0,E01007996,-1.5144381031884537,53.40171593411328,0.005003110957961651,524,,,529,524,,,POINT (-1.519427603990462 53.40134715097316)
525,"[88884555, 245554531, 245554547, 245554527, 1194309431, 1194309556, 1194309540, 245551818, 245551821, 1194313288, 1194313245]",53.422824741706556,-1.6059236465847495,0,E01008128,-1.5556293212159684,53.42857758449353,0.05062227142703568,525,,,530,525,,,POINT (-1.6059236465847495 53.422824741706556)
526,"[89053210, 207561958, 772929492, 772929458]",53.42798952107484,-1.5968563135407816,0,E01008128,-1.5556293212159684,53.42857758449353,0.04123118619121462,526,,,531,526,,,POINT (-1.5968563135407816 53.42798952107484)
527,5654225626,53.4189848,-1.5865807000000012,3,E01008128,-1.5556293212159684,53.42857758449353,0.03240384796551179,527,-1.5865807,53.4189848,532,527,,,POINT (-1.5865807000000012 53.4189848)
528,88884573,53.41296309999999,-1.5707928000000009,3,E01008129,-1.5585252765762743,53.39708084141175,0.020068339961632802,528,-1.5707928,53.4129631,533,528,,,POINT (-1.5707928000000009 53.41296309999999)
529,5654225675,53.4173554,-1.5838858999999994,3,E01008129,-1.5585252765762743,53.39708084141175,0.032468737985766244,529,-1.5838859,53.4173554,534,529,,,POINT (-1.5838858999999994 53.4173554)
530,772985324,53.41143459999999,-1.5657082,3,E01008129,-1.5585252765762743,53.39708084141175,0.016050693895307565,530,-1.5657082,53.4114346,535,530,,,POINT (-1.5657082 53.41143459999999)
531,790307547,53.4159838,-1.5719581999999999,3,E01008129,-1.5585252765762743,53.39708084141175,0.023189766602895213,531,-1.5719582,53.4159838,536,531,,,POINT (-1.5719581999999999 53.4159838)
532,790307634,53.4145518,-1.5650401999999994,3,E01008129,-1.5585252765762743,53.39708084141175,0.018646142260781328,532,-1.5650402,53.4145518,537,532,,,POINT (-1.5650401999999994 53.4145518)
533,790307549,53.4177121,-1.5721218000000006,4,E01008129,-1.5585252765762743,53.39708084141175,0.02470858717424527,533,-1.5721218,53.4177121,538,533,,,POINT (-1.5721218000000006 53.4177121)
534,207502297,53.400905599999994,-1.5141512999999995,3,E01007996,-1.5144381031884537,53.40171593411328,0.0008595914401881975,534,-1.5141513,53.4009056,539,534,,,POINT (-1.5141512999999995 53.400905599999994)
535,245548646,53.4345787,-1.5967891999999995,3,E01008128,-1.5556293212159684,53.42857758449353,0.04159505990905864,535,-1.5967892,53.4345787,540,535,,,POINT (-1.5967891999999995 53.4345787)
536,245548645,53.437663699999995,-1.5958450000000008,3,E01008128,-1.5556293212159684,53.42857758449353,0.04122933803806848,536,-1.595845,53.4376637,541,536,,,POINT (-1.5958450000000008 53.437663699999995)
537,"[140893472, 221931806, 140893484, 140893491, 276835811]",53.38736533524306,-1.4480421608727085,0,E01007885,-1.4493077464362458,53.38221986304513,0.0052988292063734675,537,,,542,537,,,POINT (-1.4480421608727085 53.38736533524306)
538,"[768585241, 1170815543, 221931307, 1093062769]",53.38839553052287,-1.4501681345586712,0,E01007885,-1.4493077464362458,53.38221986304513,0.0062353136662755635,538,,,543,538,,,POINT (-1.4501681345586712 53.38839553052287)
539,248493635,53.38972129999999,-1.440317,4,E01033269,-1.4601666164977376,53.39233091491445,0.02002042369953743,539,-1.440317,53.3897213,544,539,,,POINT (-1.440317 53.38972129999999)
540,276835800,53.38841759999999,-1.4387114999999997,3,E01007883,-1.4243845008415745,53.388143397359755,0.014329622883154926,540,-1.4387115,53.3884176,545,540,,,POINT (-1.4387114999999997 53.38841759999999)
541,"[145361419, 148348414, 148348429, 148348395, 1784817180]",53.39876559005304,-1.4672939879672815,0,E01007870,-1.4665330139327937,53.399410905585306,0.0009977542870618394,541,,,546,541,,,POINT (-1.4672939879672815 53.39876559005304)
542,"[145361707, 149845392, 1071509496]",53.400572903436824,-1.4649384092068096,0,E01007870,-1.4665330139327937,53.399410905585306,0.0019730694967649417,542,,,547,542,,,POINT (-1.4649384092068096 53.400572903436824)
543,145361708,53.397827899999996,-1.4649944,3,E01007870,-1.4665330139327937,53.399410905585306,0.0022075415097541316,543,-1.4649944,53.3978279,548,543,,,POINT (-1.4649944 53.397827899999996)
544,"[149864109, 240242529]",53.39638955007954,-1.4684331504128092,0,E01007870,-1.4665330139327937,53.399410905585306,0.003569188666196594,544,,,549,544,,,POINT (-1.4684331504128092 53.39638955007954)
545,"[8917264555, 1856412460]",53.38989640003624,-1.4548932997601443,0,E01033269,-1.4601666164977376,53.39233091491445,0.005808160819675161,545,,,550,545,,,POINT (-1.4548932997601443 53.38989640003624)
546,"[145426067, 145426075, 8874143794, 1080593764, 2823150228, 1080593843, 2823150212, 2725155871, 895062295, 895061889, 895062316, 895062483]",53.384064503530205,-1.439241289681393,0,E01008015,-1.4315247063476009,53.37512591919666,0.01180863871219728,546,,,551,546,,,POINT (-1.439241289681393 53.384064503530205)
547,322852161,53.38267849999999,-1.4297890999999998,3,E01008015,-1.4315247063476009,53.37512591919666,0.007749439088394275,547,-1.4297891,53.3826785,552,547,,,POINT (-1.4297890999999998 53.38267849999999)
548,322607945,53.387051099999994,-1.4359486000000004,3,E01007883,-1.4243845008415745,53.388143397359755,0.011615571568718482,548,-1.4359486,53.3870511,553,548,,,POINT (-1.4359486000000004 53.387051099999994)
549,"[322852164, 322852167]",53.384050050167325,-1.4335383488232691,0,E01008015,-1.4315247063476009,53.37512591919666,0.009148490017557461,549,,,554,549,,,POINT (-1.4335383488232691 53.384050050167325)
550,"[322607937, 322607947, 322607941, 276835819, 276835799]",53.38825134096767,-1.435287739787848,0,E01007883,-1.4243845008415745,53.388143397359755,0.010903773261675333,550,,,555,550,,,POINT (-1.435287739787848 53.38825134096767)
551,322852298,53.38537059999999,-1.4253043999999995,3,E01007883,-1.4243845008415745,53.388143397359755,0.002921407136968076,551,-1.4253044,53.3853706,556,551,,,POINT (-1.4253043999999995 53.38537059999999)
552,243525685,53.3957029,-1.4778461999999999,3,E01033270,-1.4639493545341087,53.3899707568703,0.015032623814966468,552,-1.4778462,53.3957029,557,552,,,POINT (-1.4778461999999999 53.3957029)
553,1300337432,53.39916999999999,-1.4797898999999997,3,E01033270,-1.4639493545341087,53.3899707568703,0.018317995382036427,553,-1.4797899,53.39917,558,553,,,POINT (-1.4797898999999997 53.39916999999999)
554,"[148368201, 243525748, 1071509280]",53.396018834235306,-1.4764399974654632,0,E01033270,-1.4639493545341087,53.3899707568703,0.013877874500503436,554,,,559,554,,,POINT (-1.4764399974654632 53.396018834235306)
555,276832648,53.39730879999999,-1.4253217999999994,3,E01033269,-1.4601666164977376,53.39233091491445,0.035198587708683546,555,-1.4253218,53.3973088,560,555,,,POINT (-1.4253217999999994 53.39730879999999)
556,"[275451071, 1463172760, 1459398772, 275451065, 275451062, 1463172739, 9863611979, 1463172463, 275451142, 1459398690, 10759465799, 1459398704]",53.41804857846289,-1.4811445048115626,0,E01008124,-1.484638396093961,53.41679535327946,0.0037118525904988662,556,,,561,556,,,POINT (-1.4811445048115626 53.41804857846289)
557,"[149845377, 149845378, 8567028502, 1382340814]",53.40897338115576,-1.46131392791586,0,E01007941,-1.4644767527686722,53.412654012257114,0.004852886394076947,557,,,562,557,,,POINT (-1.46131392791586 53.40897338115576)
558,149845321,53.4034647,-1.4594595000000004,3,E01007869,-1.4590799174204523,53.40113417464808,0.00236123513243596,558,-1.4594595,53.4034647,563,558,,,POINT (-1.4594595000000004 53.4034647)
559,160322648,53.4126341,-1.4529353999999997,3,E01007942,-1.451752795776383,53.408921212893496,0.0038966759443591625,559,-1.4529354,53.4126341,564,559,,,POINT (-1.4529353999999997 53.4126341)
560,"[149827381, 8917264686, 8917264683, 8917264685, 1262396261, 1262396437, 276829878, 276829872, 276829873, 5437178731, 1262396456, 1262396398, 1262396323, 276829879, 2784383853, 8917264679, 2784383854, 276829880, 1262396262, 1262396369, 8917264688, 1262396410]",53.400067940824314,-1.4363119125041834,0,E01007877,-1.4443855067347016,53.405881774082,0.009949049248405503,560,,,565,560,,,POINT (-1.4363119125041834 53.400067940824314)
561,"[149827385, 243531280]",53.40178330004054,-1.4393726501493813,0,E01007877,-1.4443855067347016,53.405881774082,0.006475045993155231,561,,,566,561,,,POINT (-1.4393726501493813 53.40178330004054)
562,"[243531282, 243531284]",53.400816150295206,-1.441297749162078,0,E01007873,-1.4514743084064339,53.40264047909131,0.01033878782112199,562,,,567,562,,,POINT (-1.441297749162078 53.400816150295206)
563,"[243531275, 243531260, 243531269, 288957799]",53.404300941550346,-1.4401190516454436,0,E01007873,-1.4514743084064339,53.40264047909131,0.011476018111081987,563,,,568,563,,,POINT (-1.4401190516454436 53.404300941550346)
564,"[149827433, 8482853281, 149827474, 8482853274]",53.38993793689161,-1.409660245587231,0,E01007902,-1.4113386792884668,53.3907940221448,0.0018841501134925053,564,,,569,564,,,POINT (-1.409660245587231 53.38993793689161)
565,"[1767806065, 8475589188, 8901323920, 562939027, 276835712, 8901323923, 1258036375, 276835714, 8034557692, 8034557691, 745737108, 702166736, 745737105, 8034557693]",53.392950772611144,-1.4099741649993656,0,E01007902,-1.4113386792884668,53.3907940221448,0.002552150430367124,565,,,570,565,,,POINT (-1.4099741649993656 53.392950772611144)
566,"[149827512, 1308014876, 8901321755, 1308014776, 8901321749]",53.403197019799784,-1.4075007056723494,0,E01007913,-1.3989273652315835,53.41431725648242,0.014041432626022187,566,,,571,566,,,POINT (-1.4075007056723494 53.403197019799784)
567,1258073940,53.39475269999999,-1.4068402,3,E01007902,-1.4113386792884668,53.3907940221448,0.005992282225494393,567,-1.4068402,53.3947527,572,567,,,POINT (-1.4068402 53.39475269999999)
568,702166651,53.38852839999999,-1.4012916000000004,3,E01007902,-1.4113386792884668,53.3907940221448,0.010299361433203886,568,-1.4012916,53.3885284,573,568,,,POINT (-1.4012916000000004 53.38852839999999)
569,243531291,53.399363199999996,-1.4411092,3,E01033269,-1.4601666164977376,53.39233091491445,0.020313496919356175,569,-1.4411092,53.3993632,574,569,,,POINT (-1.4411092 53.399363199999996)
570,160305865,53.444889599999996,-1.4676436000000006,3,E01008135,-1.462530718758868,53.44530526247508,0.005129749494771233,570,-1.4676436,53.4448896,575,570,,,POINT (-1.4676436000000006 53.444889599999996)
571,"[160306520, 282328467]",53.445780750406016,-1.4626791519915483,0,E01008135,-1.462530718758868,53.44530526247508,0.0004981176538011032,571,,,576,571,,,POINT (-1.4626791519915483 53.445780750406016)
572,"[248227298, 160310173]",53.44696305011338,-1.4655636003343693,0,E01008135,-1.462530718758868,53.44530526247508,0.003456389807981492,572,,,577,572,,,POINT (-1.4655636003343693 53.44696305011338)
573,"[8983629483, 7403572373, 160307917, 1649625296, 160307919, 8983629496]",53.44237421555748,-1.4588467712203046,0,E01008135,-1.462530718758868,53.44530526247508,0.004707707032099072,573,,,578,573,,,POINT (-1.4588467712203046 53.44237421555748)
574,246695094,53.439095699999996,-1.4641809000000006,3,E01008138,-1.4653058030026063,53.44085427319772,0.0020875790900009546,574,-1.4641809,53.4390957,579,574,,,POINT (-1.4641809000000006 53.439095699999996)
575,245535400,53.451814899999995,-1.4587093000000009,3,E01007891,-1.464093368173119,53.457185239510856,0.007604520797172854,575,-1.4587093,53.4518149,580,575,,,POINT (-1.4587093000000009 53.451814899999995)
576,313846123,53.45957489999999,-1.4655319000000002,3,E01007891,-1.464093368173119,53.457185239510856,0.002789238439130387,576,-1.4655319,53.4595749,581,576,,,POINT (-1.4655319000000002 53.45957489999999)
577,257666110,53.44387639999999,-1.4563684000000006,3,E01008135,-1.462530718758868,53.44530526247508,0.0063258059137624376,577,-1.4563684,53.4438764,582,577,,,POINT (-1.4563684000000006 53.44387639999999)
578,"[278086189, 257666118, 278086190]",53.44367897698213,-1.4458987513628108,0,E01008135,-1.462530718758868,53.44530526247508,0.01671128792068718,578,,,583,578,,,POINT (-1.4458987513628108 53.44367897698213)
579,160322597,53.43624909999999,-1.4584815000000007,3,E01008058,-1.4613752832829396,53.43548704246369,0.0029924427107736345,579,-1.4584815,53.4362491,584,579,,,POINT (-1.4584815000000007 53.43624909999999)
580,246696665,53.441048800000004,-1.4538459000000004,3,E01008135,-1.462530718758868,53.44530526247508,0.009671791440895798,580,-1.4538459,53.4410488,585,580,,,POINT (-1.4538459000000004 53.441048800000004)
581,246695095,53.4382757,-1.4629573999999992,3,E01008139,-1.4620289439566712,53.43868098989665,0.0010130599808128454,581,-1.4629574,53.4382757,586,581,,,POINT (-1.4629573999999992 53.4382757)
582,246683133,53.4281869,-1.4575277999999996,4,E01008060,-1.4535969009247054,53.42779919441748,0.00394997255166012,582,-1.4575278,53.4281869,587,582,,,POINT (-1.4575277999999996 53.4281869)
583,"[312632316, 313977602]",53.4585618001344,-1.4841244991728577,0,E01007897,-1.4833399094126791,53.459428945398265,0.0011694109630176182,583,,,588,583,,,POINT (-1.4841244991728577 53.4585618001344)
584,246686700,53.4308713,-1.4782514000000015,3,E01008119,-1.4740503017665376,53.42938452873419,0.004456424033240055,584,-1.4782514,53.4308713,589,584,,,POINT (-1.4782514000000015 53.4308713)
585,"[305646272, 305646271, 246697276, 281351394]",53.437434886067294,-1.4478262942698223,0,E01008055,-1.444247633498559,53.436515079066076,0.003694977379533995,585,,,590,585,,,POINT (-1.4478262942698223 53.437434886067294)
586,"[246683126, 253873075, 253873067, 253873070]",53.42734194284285,-1.4788152113664876,0,E01033277,-1.4660777174248723,53.42655111507837,0.012762020234499155,586,,,591,586,,,POINT (-1.4788152113664876 53.42734194284285)
587,257665100,53.423414400000006,-1.4555617000000012,2,E01008061,-1.4575288628167606,53.42448392455222,0.002239109714920155,587,-1.4555617,53.4234144,592,587,,,POINT (-1.4555617000000012 53.423414400000006)
588,"[160322632, 267288981, 267288983]",53.418111394307346,-1.4565970530397685,0,E01007947,-1.4566732284239716,53.41483934850535,0.003272932388469755,588,,,593,588,,,POINT (-1.4565970530397685 53.418111394307346)
589,"[243532512, 279049923, 279049924]",53.419687931884084,-1.4554509929567505,0,E01008063,-1.4608496496522345,53.421645627193506,0.005742653135983884,589,,,594,589,,,POINT (-1.4554509929567505 53.419687931884084)
590,"[243532504, 243532503, 243532506, 246696475, 243532505]",53.41815552136585,-1.4478676348829207,0,E01008062,-1.4504989479319075,53.42155650113844,0.004300054857249405,590,,,595,590,,,POINT (-1.4478676348829207 53.41815552136585)
591,"[192628034, 705088359, 1504563819, 2725160845]",53.3714651697534,-1.3876414280382738,0,E01007909,-1.3909806756519705,53.37632679768702,0.00589796581802133,591,,,596,591,,,POINT (-1.3876414280382738 53.3714651697534)
592,"[3266151745, 3266151759, 3266151764]",53.40768969944625,-1.5121790621730942,0,E01007991,-1.5134274783306372,53.40939719226471,0.002115200848031052,592,,,597,592,,,POINT (-1.5121790621730942 53.40768969944625)
593,"[206343601, 650104365, 3727800803, 650104369, 745798080, 1787780618]",53.476460160981745,-1.4684069739759193,0,E01007889,-1.4727925409784939,53.46956779973407,0.008169323197333178,593,,,598,593,,,POINT (-1.4684069739759193 53.476460160981745)
594,"[265666029, 265666032, 278027421]",53.47377930617494,-1.471662783691852,0,E01007889,-1.4727925409784939,53.46956779973407,0.004360405718300753,594,,,599,594,,,POINT (-1.471662783691852 53.47377930617494)
595,207561978,53.4277665,-1.5850998,3,E01008128,-1.5556293212159684,53.42857758449353,0.029481637977149627,595,-1.5850998,53.4277665,600,595,,,POINT (-1.5850998 53.4277665)
596,245573292,53.436309599999994,-1.5883871000000005,3,E01008128,-1.5556293212159684,53.42857758449353,0.03365792825852241,596,-1.5883871,53.4363096,601,596,,,POINT (-1.5883871000000005 53.436309599999994)
597,207562013,53.42460979999999,-1.5698400999999997,3,E01008128,-1.5556293212159684,53.42857758449353,0.014754306064190176,597,-1.5698401,53.4246098,602,597,,,POINT (-1.5698400999999997 53.42460979999999)
598,245548642,53.4367015,-1.590315100000001,3,E01008128,-1.5556293212159684,53.42857758449353,0.035624447406394685,598,-1.5903151,53.4367015,603,598,,,POINT (-1.590315100000001 53.4367015)
599,245548631,53.43756450000001,-1.578043599999999,4,E01008128,-1.5556293212159684,53.42857758449353,0.02414880004738747,599,-1.5780436,53.4375645,604,599,,,POINT (-1.578043599999999 53.43756450000001)
600,"[790307497, 790307499]",53.420495351449475,-1.5701665957486777,0,E01008128,-1.5556293212159684,53.42857758449353,0.01663294447227555,600,,,605,600,,,POINT (-1.5701665957486777 53.420495351449475)
601,"[221981359, 221981375]",53.39351510112755,-1.4417365534800668,0,E01033269,-1.4601666164977376,53.39233091491445,0.0184680675714218,601,,,606,601,,,POINT (-1.4417365534800668 53.39351510112755)
602,"[221981423, 221981430]",53.39412755003124,-1.438288400411516,0,E01033269,-1.4601666164977376,53.39233091491445,0.021951861808472885,602,,,607,602,,,POINT (-1.438288400411516 53.39412755003124)
603,277027443,53.3964832,-1.4371938000000015,3,E01033269,-1.4601666164977376,53.39233091491445,0.023345058776331497,603,-1.4371938,53.3964832,608,603,,,POINT (-1.4371938000000015 53.3964832)
604,277027446,53.396326099999996,-1.434043299999999,3,E01033269,-1.4601666164977376,53.39233091491445,0.02642705372736009,604,-1.4340433,53.3963261,609,604,,,POINT (-1.434043299999999 53.396326099999996)
605,"[276832679, 276832680]",53.392577150228725,-1.4291741495969255,0,E01033269,-1.4601666164977376,53.39233091491445,0.030993445055816735,605,,,610,605,,,POINT (-1.4291741495969255 53.392577150228725)
606,"[243532493, 243531324, 243531785, 243532489]",53.39644023540865,-1.44933847432865,0,E01033269,-1.4601666164977376,53.39233091491445,0.011581674220853438,606,,,611,606,,,POINT (-1.44933847432865 53.39644023540865)
607,"[243532492, 243531322, 243532490, 243532494, 243532495]",53.39481236608783,-1.4513401903538972,0,E01033269,-1.4601666164977376,53.39233091491445,0.009168609403748631,607,,,612,607,,,POINT (-1.4513401903538972 53.39481236608783)
608,288957803,53.4040127,-1.4435664999999998,3,E01007877,-1.4443855067347016,53.405881774082,0.002040639594703476,608,-1.4435665,53.4040127,613,608,,,POINT (-1.4435664999999998 53.4040127)
609,267289048,53.4193181,-1.4464817999999993,2,E01007849,-1.4443481388641355,53.42287507867062,0.004147843669422413,609,-1.4464818,53.4193181,614,609,,,POINT (-1.4464817999999993 53.4193181)
610,"[243532571, 8983680273, 1501728060]",53.422216819252775,-1.4549050327116408,0,E01008061,-1.4575288628167606,53.42448392455222,0.003467600158511127,610,,,615,610,,,POINT (-1.4549050327116408 53.422216819252775)
611,243532562,53.4241295,-1.4430534,4,E01007849,-1.4443481388641355,53.42287507867062,0.0018027538927710856,611,-1.4430534,53.4241295,616,611,,,POINT (-1.4430534 53.4241295)
612,246697279,53.4242262,-1.4485644000000006,4,E01008059,-1.4484763610120615,53.428787504836556,0.004562154389692746,612,-1.4485644,53.4242262,617,612,,,POINT (-1.4485644000000006 53.4242262)
613,257665158,53.434216899999996,-1.4400717000000003,3,E01008055,-1.444247633498559,53.436515079066076,0.004766555108684454,613,-1.4400717,53.4342169,618,613,,,POINT (-1.4400717000000003 53.434216899999996)
614,"[283439338, 283439443]",53.42035145147189,-1.4218682020832047,0,E01007852,-1.4194783156197548,53.42046419037579,0.0023925441205198674,614,,,619,614,,,POINT (-1.4218682020832047 53.42035145147189)
615,246697260,53.4196053,-1.4479530000000007,2,E01008062,-1.4504989479319075,53.42155650113844,0.0032076528419750245,615,-1.447953,53.4196053,620,615,,,POINT (-1.4479530000000007 53.4196053)
616,265663067,53.43066730000001,-1.443643100000001,3,E01007857,-1.4427993703636666,53.428624956396156,0.0022097617734503274,616,-1.4436431,53.4306673,621,616,,,POINT (-1.443643100000001 53.43066730000001)
617,"[305646252, 243641872, 1617829188, 243641873, 243642198, 305646254]",53.43699785070712,-1.4379385637875812,0,E01008055,-1.444247633498559,53.436515079066076,0.006327513656672382,617,,,622,617,,,POINT (-1.4379385637875812 53.43699785070712)
618,257665153,53.435145299999995,-1.4441087000000012,3,E01008057,-1.4506500550683838,53.43445083367247,0.0065781159620932495,618,-1.4441087,53.4351453,623,618,,,POINT (-1.4441087000000012 53.435145299999995)
619,"[276829863, 276829864, 276829865]",53.399137687468084,-1.4330848725750207,0,E01007877,-1.4443855067347016,53.405881774082,0.013160054584496051,619,,,624,619,,,POINT (-1.4330848725750207 53.399137687468084)
620,1209403713,53.3984003,-1.4311179,3,E01007877,-1.4443855067347016,53.405881774082,0.01523160670797133,620,-1.4311179,53.3984003,625,620,,,POINT (-1.4311179 53.3984003)
621,"[243775745, 243775743]",53.406816850711834,-1.4161746975177587,0,E01007904,-1.4159273133099897,53.393587844785664,0.013231318783133841,621,,,626,621,,,POINT (-1.4161746975177587 53.406816850711834)
622,"[243535267, 243535268]",53.40929130058955,-1.4170249991128325,0,E01007854,-1.4230224102258684,53.41385413218328,0.007535806009413548,622,,,627,622,,,POINT (-1.4170249991128325 53.40929130058955)
623,243641865,53.4196703,-1.4161001999999998,3,E01007852,-1.4194783156197548,53.42046419037579,0.003470147989524564,623,-1.4161002,53.4196703,628,623,,,POINT (-1.4161001999999998 53.4196703)
624,283257626,53.41621690000001,-1.4164396000000006,3,E01007852,-1.4194783156197548,53.42046419037579,0.005222381463852866,624,-1.4164396,53.4162169,629,624,,,POINT (-1.4164396000000006 53.41621690000001)
625,243641866,53.42132599999999,-1.4169234000000002,3,E01007852,-1.4194783156197548,53.42046419037579,0.002696351173799728,625,-1.4169234,53.421326,630,625,,,POINT (-1.4169234000000002 53.42132599999999)
626,283260347,53.417068500000006,-1.4175703999999991,3,E01007854,-1.4230224102258684,53.41385413218328,0.006329026462586624,626,-1.4175704,53.4170685,631,626,,,POINT (-1.4175703999999991 53.417068500000006)
627,"[283439453, 283439447, 243641903]",53.422743289407165,-1.4179454521158477,0,E01007852,-1.4194783156197548,53.42046419037579,0.0027466275532791293,627,,,632,627,,,POINT (-1.4179454521158477 53.422743289407165)
628,243641868,53.438221,-1.4352187999999995,3,E01008135,-1.462530718758868,53.44530526247508,0.028215734637022597,628,-1.4352188,53.438221,633,628,,,POINT (-1.4352187999999995 53.438221)
629,"[243641893, 1515779452]",53.4286476500876,-1.4183826993309894,0,E01007852,-1.4194783156197548,53.42046419037579,0.008256475513620047,629,,,634,629,,,POINT (-1.4183826993309894 53.4286476500876)
630,"[243641896, 243641897]",53.426366050172085,-1.4170929482401668,0,E01007852,-1.4194783156197548,53.42046419037579,0.006365683513240226,630,,,635,630,,,POINT (-1.4170929482401668 53.426366050172085)
631,243641900,53.424102,-1.4156019999999996,3,E01007852,-1.4194783156197548,53.42046419037579,0.005315964789757516,631,-1.415602,53.424102,636,631,,,POINT (-1.4156019999999996 53.424102)
632,"[246697329, 305535158, 305646281]",53.437885739477885,-1.44498667125505,0,E01008055,-1.444247633498559,53.436515079066076,0.0015572047938592654,632,,,637,632,,,POINT (-1.44498667125505 53.437885739477885)
633,"[243772502, 8929130182, 243772512, 8929130162, 2134770603, 8929130164, 8929130180, 8929130172]",53.39666723079533,-1.3798761358599432,0,E01007903,-1.3914896227332931,53.41078473557933,0.018280509256682013,633,,,638,633,,,POINT (-1.3798761358599432 53.39666723079533)
634,243775798,53.3988584,-1.4162588000000005,3,E01007904,-1.4159273133099897,53.393587844785664,0.005280969200160038,634,-1.4162588,53.3988584,639,634,,,POINT (-1.4162588000000005 53.3988584)
635,276829937,53.398038099999994,-1.4180361000000015,3,E01007904,-1.4159273133099897,53.393587844785664,0.004924606865192243,635,-1.4180361,53.3980381,640,635,,,POINT (-1.4180361000000015 53.398038099999994)
636,"[248725727, 248725726]",53.39669330103058,-1.4193546971327435,0,E01007904,-1.4159273133099897,53.393587844785664,0.00462502090347379,636,,,641,636,,,POINT (-1.4193546971327435 53.39669330103058)
637,"[243775835, 243775838]",53.3749216500001,-1.3732178999972315,0,E01007911,-1.3770145498616253,53.373165339567116,0.0041832017079981906,637,,,642,637,,,POINT (-1.3732178999972315 53.3749216500001)
638,"[705090062, 246706965]",53.37192470017171,-1.373137751920528,0,E01007911,-1.3770145498616253,53.373165339567116,0.004070472747179188,638,,,643,638,,,POINT (-1.373137751920528 53.37192470017171)
639,"[243775844, 1504563754, 1504563742, 1504563808, 1504563786, 246707004, 246707005, 1504563802, 1504563795]",53.37256656210061,-1.3790642336202659,0,E01007911,-1.3770145498616253,53.373165339567116,0.0021353542949196455,639,,,644,639,,,POINT (-1.3790642336202659 53.37256656210061)
640,"[705090054, 705090033, 705090035, 705090050]",53.37201630258792,-1.3687717101058645,0,E01007911,-1.3770145498616253,53.373165339567116,0.008322541271673171,640,,,645,640,,,POINT (-1.3687717101058645 53.37201630258792)
641,"[243775845, 1504563771, 11865865345, 6318886220]",53.37189866187241,-1.3833463987864618,0,E01007911,-1.3770145498616253,53.373165339567116,0.006457304638099825,641,,,646,641,,,POINT (-1.3833463987864618 53.37189866187241)
642,"[245535405, 282328488, 282328490, 282328492, 10017029431, 282328494, 1710452784, 10017029430, 282328499]",53.454092055306866,-1.4559787541957558,0,E01008135,-1.462530718758868,53.44530526247508,0.010960655450518653,642,,,647,642,,,POINT (-1.4559787541957558 53.454092055306866)
643,245535410,53.45569379999999,-1.4555631000000004,3,E01007891,-1.464093368173119,53.457185239510856,0.008659668984428543,643,-1.4555631,53.4556938,648,643,,traffic_signals,POINT (-1.4555631000000004 53.45569379999999)
644,245548615,53.43867509999998,-1.5582772000000014,3,E01008128,-1.5556293212159684,53.42857758449353,0.010438921470067952,644,-1.5582772,53.4386751,649,644,,,POINT (-1.5582772000000014 53.43867509999998)
645,246928009,53.44066610000001,-1.5595884999999996,3,E01008128,-1.5556293212159684,53.42857758449353,0.012720349987091067,645,-1.5595885,53.4406661,650,645,,,POINT (-1.5595884999999996 53.44066610000001)
646,726547365,53.438572799999996,-1.5553431000000004,3,E01008128,-1.5556293212159684,53.42857758449353,0.009999312756648579,646,-1.5553431,53.4385728,651,646,,,POINT (-1.5553431000000004 53.438572799999996)
647,"[726547232, 1182939062, 726547245]",53.442211111960816,-1.5515577162249572,0,E01008136,-1.5541134418636282,53.44900594903558,0.0072595829365572125,647,,,652,647,,,POINT (-1.5515577162249572 53.442211111960816)
648,245573283,53.445321099999994,-1.5771241,3,E01008128,-1.5556293212159684,53.42857758449353,0.02724648282787778,648,-1.5771241,53.4453211,653,648,,,POINT (-1.5771241 53.445321099999994)
649,1746732422,53.4407325,-1.5848794999999998,4,E01008128,-1.5556293212159684,53.42857758449353,0.031675146879963596,649,-1.5848795,53.4407325,654,649,,,POINT (-1.5848794999999998 53.4407325)
650,245573261,53.444433399999994,-1.5912858,3,E01008128,-1.5556293212159684,53.42857758449353,0.03902295945531686,650,-1.5912858,53.4444334,655,650,,,POINT (-1.5912858 53.444433399999994)
651,246928813,53.450370199999995,-1.5953183000000002,4,E01008128,-1.5556293212159684,53.42857758449353,0.04527839581447376,651,-1.5953183,53.4503702,656,651,,,POINT (-1.5953183000000002 53.450370199999995)
652,246929968,53.45115059999999,-1.6111585999999998,3,E01008128,-1.5556293212159684,53.42857758449353,0.059941987215389236,652,-1.6111586,53.4511506,657,652,,,POINT (-1.6111585999999998 53.45115059999999)
653,790309033,53.45085129999999,-1.6135240999999998,3,E01008128,-1.5556293212159684,53.42857758449353,0.06203163558149094,653,-1.6135241,53.4508513,658,653,,,POINT (-1.6135240999999998 53.45085129999999)
654,246928819,53.4547273,-1.5921092999999993,3,E01008128,-1.5556293212159684,53.42857758449353,0.04488425640636951,654,-1.5921093,53.4547273,659,654,,,POINT (-1.5921092999999993 53.4547273)
655,5300735818,53.45697079999999,-1.582418400000001,3,E01008128,-1.5556293212159684,53.42857758449353,0.03903625787513241,655,-1.5824184,53.4569708,660,655,,,POINT (-1.582418400000001 53.45697079999999)
656,726548046,53.4515208,-1.5646545999999995,3,E01008128,-1.5556293212159684,53.42857758449353,0.024654549172629738,656,-1.5646546,53.4515208,661,656,,,POINT (-1.5646545999999995 53.4515208)
657,1563065533,53.426245099999996,-1.4858109999999995,3,E01008118,-1.4863732986064389,53.42468595910532,0.0016574377974093659,657,-1.485811,53.4262451,662,657,,,POINT (-1.4858109999999995 53.426245099999996)
658,257665634,53.43922460000001,-1.4500176,3,E01008055,-1.444247633498559,53.436515079066076,0.006374481713766028,658,-1.4500176,53.4392246,663,658,,,POINT (-1.4500176 53.43922460000001)
659,"[246707283, 8818645067, 8818645073, 8818645076, 8818645074, 1610672672, 1610672665]",53.36621024244238,-1.3527561078141364,0,E01007974,-1.3531696484364555,53.36306490245215,0.0031724091004194147,659,,,664,659,,,POINT (-1.3527561078141364 53.36621024244238)
660,705090027,53.36795699999999,-1.3652790999999993,3,E01007911,-1.3770145498616253,53.373165339567116,0.012839298442716375,660,-1.3652791,53.367957,665,660,,,POINT (-1.3652790999999993 53.36795699999999)
661,705090028,53.368550000000006,-1.3638196999999996,3,E01007911,-1.3770145498616253,53.373165339567116,0.013978748949409817,661,-1.3638197,53.36855,666,661,,,POINT (-1.3638196999999996 53.368550000000006)
662,246707571,53.34137069999999,-1.363404800000001,3,E01008037,-1.3540551122946958,53.338998935147636,0.00964582441793456,662,-1.3634048,53.3413707,667,662,,,POINT (-1.363404800000001 53.34137069999999)
663,374257041,53.341333,-1.3549678000000007,3,E01008037,-1.3540551122946958,53.338998935147636,0.0025061639177135463,663,-1.3549678,53.341333,668,663,,,POINT (-1.3549678000000007 53.341333)
664,281627580,53.3344355,-1.349775700000001,4,E01008039,-1.346953576748505,53.3379000949802,0.0044685342141986256,664,-1.3497757,53.3344355,669,664,,,POINT (-1.349775700000001 53.3344355)
665,2277388463,53.345593799999996,-1.3561466000000006,3,E01008034,-1.3478857142213903,53.34738086167384,0.008451971561318484,665,-1.3561466,53.3455938,670,665,,,POINT (-1.3561466000000006 53.345593799999996)
666,246708020,53.34434149999999,-1.3728839,3,E01008031,-1.373945946123876,53.34630807466719,0.0022350297293071593,666,-1.3728839,53.3443415,671,666,,,POINT (-1.3728839 53.34434149999999)
667,"[694855930, 691475543]",53.33131600000268,-1.3502869499531387,0,E01008022,-1.3513112937135614,53.3323365561014,0.0014459650376678647,667,,,672,667,,,POINT (-1.3502869499531387 53.33131600000268)
668,246707617,53.335167699999985,-1.328937000000001,3,E01008041,-1.3360356505164261,53.33657650021569,0.007237095909416411,668,-1.328937,53.3351677,673,668,,,POINT (-1.328937000000001 53.335167699999985)
669,"[246707804, 273186597]",53.33660780005012,-1.3284820001858673,0,E01008041,-1.3360356505164261,53.33657650021569,0.0075537151783733126,669,,,674,669,,,POINT (-1.3284820001858673 53.33660780005012)
670,246707806,53.3312764,-1.3310796000000005,3,E01008041,-1.3360356505164261,53.33657650021569,0.007256273080428003,670,-1.3310796,53.3312764,675,670,,,POINT (-1.3310796000000005 53.3312764)
671,"[246707809, 726413043, 726413128, 726413303]",53.328135113154744,-1.3336231416893738,0,E01008041,-1.3360356505164261,53.33657650021569,0.00877936298106802,671,,,676,671,,,POINT (-1.3336231416893738 53.328135113154744)
672,705212840,53.33153550000001,-1.338173499999999,3,E01008041,-1.3360356505164261,53.33657650021569,0.0054755897937128215,672,-1.3381735,53.3315355,677,672,,,POINT (-1.338173499999999 53.33153550000001)
673,246707622,53.33472239999999,-1.3478111000000002,3,E01008039,-1.346953576748505,53.3379000949802,0.0032913662078317947,673,-1.3478111,53.3347224,678,673,,,POINT (-1.3478111000000002 53.33472239999999)
674,281627565,53.334179999999996,-1.3458971999999996,3,E01008019,-1.3484019891358745,53.329053101284245,0.005706054596377468,674,-1.3458972,53.33418,679,674,,,POINT (-1.3458971999999996 53.334179999999996)
675,"[246708341, 246708442, 360910685]",53.34008915447946,-1.4701350678927547,0,E01007827,-1.4686129034214606,53.3427641551037,0.003077761039680419,675,,,680,675,,,POINT (-1.4701350678927547 53.34008915447946)
676,"[246708481, 246708344]",53.33980725043563,-1.4635823002178288,0,E01007827,-1.4686129034214606,53.3427641551037,0.005835259532225742,676,,,681,676,,,POINT (-1.4635823002178288 53.33980725043563)
677,246708348,53.33898599999999,-1.4548966000000005,3,E01008078,-1.4563444961745502,53.337283332603036,0.0022350569560876327,677,-1.4548966,53.338986,682,677,,,POINT (-1.4548966000000005 53.33898599999999)
678,"[1344373436, 360409034, 1344373546, 9029464606, 9029464612, 839929752, 839929754, 360409081, 360409085, 9029464611, 1344373337, 1344373393]",53.33836776808855,-1.4513561308757428,0,E01008078,-1.4563444961745502,53.337283332603036,0.005104878909101928,678,,,683,678,,,POINT (-1.4513561308757428 53.33836776808855)
679,246708818,53.33566929999999,-1.4568908,3,E01008078,-1.4563444961745502,53.337283332603036,0.0017039803735274131,679,-1.4568908,53.3356693,684,679,,,POINT (-1.4568908 53.33566929999999)
680,257170181,53.3620037,-1.5676639999999993,3,E01007956,-1.566194203264992,53.37076389333389,0.0088826397928361,680,-1.567664,53.3620037,685,680,,,POINT (-1.5676639999999993 53.3620037)
681,1292343864,53.3843229,-1.4063176000000002,3,E01007907,-1.405228948065718,53.38385721473738,0.0011840717029958925,681,-1.4063176,53.3843229,686,681,,,POINT (-1.4063176000000002 53.3843229)
682,246894845,53.39289999999999,-1.4224346000000005,3,E01007905,-1.422259948377159,53.389699566183964,0.003205195750679078,682,-1.4224346,53.3929,687,682,,,POINT (-1.4224346000000005 53.39289999999999)
683,246894838,53.38853279999999,-1.414577300000001,3,E01007906,-1.4156519602865256,53.38811646659002,0.0011524878479624427,683,-1.4145773,53.3885328,688,683,,,POINT (-1.414577300000001 53.38853279999999)
684,276829945,53.39476909999999,-1.4193288000000006,4,E01007905,-1.422259948377159,53.389699566183964,0.005855920416196953,684,-1.4193288,53.3947691,689,684,,,POINT (-1.4193288000000006 53.39476909999999)
685,246897932,53.4081914,-1.3900094000000003,3,E01007903,-1.3914896227332931,53.41078473557933,0.0029860423250786692,685,-1.3900094,53.4081914,690,685,,,POINT (-1.3900094000000003 53.4081914)
686,267587413,53.465215,-1.4907471,3,E01007888,-1.4877499832753962,53.465881678226836,0.0030703694434117885,686,-1.4907471,53.465215,691,686,,,POINT (-1.4907471 53.465215)
687,246900097,53.4611478,-1.4857593000000002,3,E01007897,-1.4833399094126791,53.459428945398265,0.0029678126551246496,687,-1.4857593,53.4611478,692,687,,,POINT (-1.4857593000000002 53.4611478)
688,270190995,53.4615179,-1.4840018000000013,3,E01007897,-1.4833399094126791,53.459428945398265,0.002191307937666272,688,-1.4840018,53.4615179,693,688,,,POINT (-1.4840018000000013 53.4615179)
689,270190947,53.46788209999998,-1.4742341000000005,3,E01007901,-1.4842884446633193,53.468855924701145,0.010101395010461799,689,-1.4742341,53.4678821,694,689,,,POINT (-1.4742341000000005 53.46788209999998)
690,1223105200,53.3430468,-1.383788000000001,3,E01033278,-1.3908100096509712,53.34469860765048,0.00721367368630585,690,-1.383788,53.3430468,695,690,,,POINT (-1.383788000000001 53.3430468)
691,708107134,53.4602699,-1.5900139999999996,3,E01008147,-1.5779396888439712,53.472266827673046,0.017021024160869282,691,-1.590014,53.4602699,696,691,,,POINT (-1.5900139999999996 53.4602699)
692,246929869,53.45781229999999,-1.6270223000000008,3,E01008128,-1.5556293212159684,53.42857758449353,0.07714678224269207,692,-1.6270223,53.4578123,697,692,,,POINT (-1.6270223000000008 53.45781229999999)
693,790308679,53.4585909,-1.6135079000000012,3,E01008128,-1.5556293212159684,53.42857758449353,0.06519761490844597,693,-1.6135079,53.4585909,698,693,,,POINT (-1.6135079000000012 53.4585909)
694,705092012,53.4761376,-1.6417172000000004,3,E01008128,-1.5556293212159684,53.42857758449353,0.0983518070424217,694,-1.6417172,53.4761376,699,694,,,POINT (-1.6417172000000004 53.4761376)
695,246930917,53.4922158,-1.6437452000000001,3,E01008128,-1.5556293212159684,53.42857758449353,0.1086932866681721,695,-1.6437452,53.4922158,700,695,,,POINT (-1.6437452000000001 53.4922158)
696,"[246931088, 1284976420, 1284976357]",53.490525519383745,-1.6425773081982984,0,E01008128,-1.5556293212159684,53.42857758449353,0.10675907023499932,696,,,701,696,,,POINT (-1.6425773081982984 53.490525519383745)
697,5900047819,53.4934249,-1.6735329000000003,3,E01008128,-1.5556293212159684,53.42857758449353,0.134560128635781,697,-1.6735329,53.4934249,702,697,,,POINT (-1.6735329000000003 53.4934249)
698,3052154841,53.493115799999984,-1.6760159000000003,3,E01008128,-1.5556293212159684,53.42857758449353,0.13659469100987398,698,-1.6760159,53.4931158,703,698,,,POINT (-1.6760159000000003 53.493115799999984)
699,11407902980,53.47447970000001,-1.6113924,3,E01008147,-1.5779396888439712,53.472266827673046,0.033525821207303866,699,-1.6113924,53.4744797,704,699,,,POINT (-1.6113924 53.47447970000001)
700,5907601933,53.482633199999995,-1.6489973999999998,3,E01008128,-1.5556293212159684,53.42857758449353,0.10788701360036122,700,-1.6489974,53.4826332,705,700,,,POINT (-1.6489973999999998 53.482633199999995)
701,256887622,53.40271429999999,-1.5668102999999998,3,E01008129,-1.5585252765762743,53.39708084141175,0.010018855663058882,701,-1.5668103,53.4027143,706,701,,,POINT (-1.5668102999999998 53.40271429999999)
702,"[705947017, 705947037]",53.47717990009009,-1.583294349805737,0,E01008142,-1.5828984034136906,53.477546740140596,0.0005397639928968719,702,,,707,702,,,POINT (-1.583294349805737 53.47717990009009)
703,361445173,53.473152400000004,-1.5908513000000004,3,E01008148,-1.5972129692701844,53.474289702355,0.006462529887738156,703,-1.5908513,53.4731524,708,703,,,POINT (-1.5908513000000004 53.473152400000004)
704,"[249156965, 322852212, 322852214, 322852317]",53.38297460441284,-1.4224897841897253,0,E01007883,-1.4243845008415745,53.388143397359755,0.005505122316434584,704,,,709,704,,,POINT (-1.4224897841897253 53.38297460441284)
705,"[1113616493, 322852261]",53.384468600041224,-1.4167750001588417,0,E01008014,-1.4131521147642345,53.38183434864794,0.004479350286086714,705,,,710,705,,,POINT (-1.4167750001588417 53.384468600041224)
706,"[1708233716, 361444519]",53.478910000564106,-1.5865741023030047,0,E01008144,-1.5921036556059867,53.480551700185764,0.005768113849281251,706,,,711,706,,,POINT (-1.5865741023030047 53.478910000564106)
707,257666120,53.4456516,-1.4454773000000012,3,E01008135,-1.462530718758868,53.44530526247508,0.017056935277079435,707,-1.4454773,53.4456516,712,707,,,POINT (-1.4454773000000012 53.4456516)
708,262065593,53.4212795,-1.5096833000000012,3,E01008089,-1.5098346801158087,53.41768791317347,0.003594775635831865,708,-1.5096833,53.4212795,713,708,,,POINT (-1.5096833000000012 53.4212795)
709,"[1236404503, 1540885272]",53.33518555040831,-1.480625547022628,0,E01007833,-1.473314740771431,53.3308915179836,0.008478596729824942,709,,,714,709,,,POINT (-1.480625547022628 53.33518555040831)
710,315604576,53.46900449999998,-1.4984737000000006,3,E01007892,-1.4975301872046023,53.47157219074988,0.0027355533593997313,710,-1.4984737,53.4690045,715,710,,,POINT (-1.4984737000000006 53.46900449999998)
711,267772259,53.4666155,-1.4900308999999996,3,E01007901,-1.4842884446633193,53.468855924701145,0.0061640324573497595,711,-1.4900309,53.4666155,716,711,,,POINT (-1.4900308999999996 53.4666155)
712,265666055,53.4749143,-1.4775521999999994,3,E01007889,-1.4727925409784939,53.46956779973407,0.007158171491001655,712,-1.4775522,53.4749143,717,712,,,POINT (-1.4775521999999994 53.4749143)
713,317289737,53.4705798,-1.4956653,3,E01007892,-1.4975301872046023,53.47157219074988,0.0021124970263492466,713,-1.4956653,53.4705798,718,713,,,POINT (-1.4956653 53.4705798)
714,270191834,53.471905899999996,-1.4993786000000007,3,E01007892,-1.4975301872046023,53.47157219074988,0.0018782948985200526,714,-1.4993786,53.4719059,719,714,,,POINT (-1.4993786000000007 53.471905899999996)
715,267772312,53.470246,-1.493634600000001,3,E01007892,-1.4975301872046023,53.47157219074988,0.0041151405290372174,715,-1.4936346,53.470246,720,715,,,POINT (-1.493634600000001 53.470246)
716,270191054,53.471546999999994,-1.4830031999999997,3,E01007898,-1.4890190022737062,53.47644242910129,0.007755972091367836,716,-1.4830032,53.471547,721,716,,,POINT (-1.4830031999999997 53.471546999999994)
717,"[267772325, 1289571823, 267773772]",53.474827387256916,-1.4937311614736808,0,E01007892,-1.4975301872046023,53.47157219074988,0.005002889245586985,717,,,722,717,,,POINT (-1.4937311614736808 53.474827387256916)
718,"[270187849, 270187439]",53.473721850024056,-1.4867003499599256,0,E01007900,-1.4902964591266616,53.471826356669105,0.0040650825573099745,718,,,723,718,,,POINT (-1.4867003499599256 53.473721850024056)
719,270191878,53.47323420000001,-1.498662400000001,3,E01007899,-1.4984393073902325,53.47425733614127,0.001047176143782489,719,-1.4986624,53.4732342,724,719,,,POINT (-1.498662400000001 53.47323420000001)
720,268204410,53.485574699999994,-1.4946904000000005,3,E01007898,-1.4890190022737062,53.47644242910129,0.010750029020298039,720,-1.4946904,53.4855747,725,720,,,POINT (-1.4946904000000005 53.485574699999994)
721,276835820,53.3870871,-1.4366908000000007,3,E01007883,-1.4243845008415745,53.388143397359755,0.012351549015766633,721,-1.4366908,53.3870871,726,721,,,POINT (-1.4366908000000007 53.3870871)
722,"[1710465842, 469479133, 469479147, 1710452916, 1710473577, 1710452878, 1710465650, 1710452710]",53.45397932807331,-1.4527098434179624,0,E01008135,-1.462530718758868,53.44530526247508,0.013103015166898668,722,,,727,722,,,POINT (-1.4527098434179624 53.45397932807331)
723,"[283260365, 283260366]",53.41558270017051,-1.420773400552011,0,E01007854,-1.4230224102258684,53.41385413218328,0.002836545751363164,723,,,728,723,,,POINT (-1.420773400552011 53.41558270017051)
724,283260357,53.417010100000006,-1.4211156999999999,3,E01007852,-1.4194783156197548,53.42046419037579,0.003822534229120336,724,-1.4211157,53.4170101,729,724,,,POINT (-1.4211156999999999 53.417010100000006)
725,1328823833,53.33507009999999,-1.501215200000001,3,E01007825,-1.498949927301662,53.33775808543931,0.0035152135240652965,725,-1.5012152,53.3350701,730,725,,,POINT (-1.501215200000001 53.33507009999999)
726,709121220,53.3221676,-1.4797245999999988,3,E01008083,-1.478635302607394,53.322186754185175,0.001089465783009235,726,-1.4797246,53.3221676,731,726,,,POINT (-1.4797245999999988 53.3221676)
727,"[1490077128, 1490077083, 1490077076, 1490076943]",53.32221625196712,-1.4842783969691038,0,E01007916,-1.4860168129339903,53.32217773988948,0.001738842502096258,727,,,732,727,,,POINT (-1.4842783969691038 53.32221625196712)
728,313766429,53.320386699999986,-1.4978746999999997,3,E01007917,-1.5007762079930589,53.320265775779895,0.0029040267389942188,728,-1.4978747,53.3203867,733,728,,,POINT (-1.4978746999999997 53.320386699999986)
729,1490076924,53.32121989999999,-1.4875246000000006,3,E01007916,-1.4860168129339903,53.32217773988948,0.0017863031910360328,729,-1.4875246,53.3212199,734,729,,,POINT (-1.4875246000000006 53.32121989999999)
730,"[322852218, 322852343, 322852346, 322852359]",53.385285733728416,-1.4227358569389847,0,E01007883,-1.4243845008415745,53.388143397359755,0.0032991314231814706,730,,,735,730,,,POINT (-1.4227358569389847 53.385285733728416)
731,322852310,53.383948000000004,-1.4245783999999997,3,E01007883,-1.4243845008415745,53.388143397359755,0.004199875699340103,731,-1.4245784,53.383948,736,731,,,POINT (-1.4245783999999997 53.383948000000004)
732,360427664,53.32829319999999,-1.4744766000000016,3,E01007833,-1.473314740771431,53.3308915179836,0.00284625599884026,732,-1.4744766,53.3282932,737,732,,,POINT (-1.4744766000000016 53.32829319999999)
733,"[361438136, 703584772, 361438212]",53.474809646942084,-1.5921577781733969,0,E01008145,-1.5982031057990775,53.477758740391295,0.00672630197612273,733,,,738,733,,,POINT (-1.5921577781733969 53.474809646942084)
734,361438246,53.47289589999999,-1.5951430000000006,3,E01008148,-1.5972129692701844,53.474289702355,0.0024954874843049197,734,-1.595143,53.4728959,739,734,,,POINT (-1.5951430000000006 53.47289589999999)
735,"[361438140, 558558225]",53.47667005121264,-1.597937800654059,0,E01008145,-1.5982031057990775,53.477758740391295,0.0011205493954688547,735,,,740,735,,,POINT (-1.597937800654059 53.47667005121264)
736,361444695,53.4788951,-1.5911467000000008,3,E01008144,-1.5921036556059867,53.480551700185764,0.001913135700177452,736,-1.5911467,53.4788951,741,736,,,POINT (-1.5911467000000008 53.4788951)
737,361438247,53.47539499999999,-1.5892882999999995,3,E01008142,-1.5828984034136906,53.477546740140596,0.006742459789749289,737,-1.5892883,53.475395,742,737,,,POINT (-1.5892882999999995 53.47539499999999)
738,"[705093027, 2873511812, 705093222, 705093033, 2873509584]",53.482033709726046,-1.5947845864637435,0,E01008144,-1.5921036556059867,53.480551700185764,0.003063289496858171,738,,,743,738,,,POINT (-1.5947845864637435 53.482033709726046)
739,"[361438248, 1707817691, 1707817714]",53.475841878457196,-1.5863248366174219,0,E01008142,-1.5828984034136906,53.477546740140596,0.0038271396445855887,739,,,744,739,,,POINT (-1.5863248366174219 53.475841878457196)
740,361444585,53.4776883,-1.5880399999999997,3,E01008142,-1.5828984034136906,53.477546740140596,0.0051435449497541155,740,-1.58804,53.4776883,745,740,,,POINT (-1.5880399999999997 53.4776883)
741,1707818365,53.48334579999999,-1.5875594999999996,3,E01008144,-1.5921036556059867,53.480551700185764,0.005334448794706616,741,-1.5875595,53.4833458,746,741,,,POINT (-1.5875594999999996 53.48334579999999)
742,361445388,53.4858148,-1.5943438999999993,3,E01008144,-1.5921036556059867,53.480551700185764,0.005720044982298765,742,-1.5943439,53.4858148,747,742,,,POINT (-1.5943438999999993 53.4858148)
743,1562882534,53.4780129,-1.4669226000000004,3,E01007889,-1.4727925409784939,53.46956779973407,0.010284742368801707,743,-1.4669226,53.4780129,748,743,,,POINT (-1.4669226000000004 53.4780129)
744,"[691478346, 727761911]",53.33887110001751,-1.3752026000615785,0,E01008040,-1.3671281053662505,53.33951196732196,0.008099887374944733,744,,,750,744,,,POINT (-1.3752026000615785 53.33887110001751)
745,1095207055,53.3674604,-1.4463206000000002,3,E01008095,-1.4521220875377325,53.36872377777987,0.005937455773741696,745,-1.4463206,53.3674604,751,745,,,POINT (-1.4463206000000002 53.3674604)
746,705090030,53.3706293,-1.3662007999999994,3,E01007911,-1.3770145498616253,53.373165339567116,0.011107145571918553,746,-1.3662008,53.3706293,752,746,,,POINT (-1.3662007999999994 53.3706293)
747,705090058,53.374411099999996,-1.3713264000000005,3,E01007911,-1.3770145498616253,53.373165339567116,0.005822968993945853,747,-1.3713264,53.3744111,753,747,,,POINT (-1.3713264000000005 53.374411099999996)
748,"[726414251, 726414246]",53.326011650805796,-1.339943800007754,0,E01008019,-1.3484019891358745,53.329053101284245,0.008988402769119426,748,,,754,748,,,POINT (-1.339943800007754 53.326011650805796)
749,2277388449,53.3472202,-1.355052200000001,3,E01008034,-1.3478857142213903,53.34738086167384,0.007168286447154364,749,-1.3550522,53.3472202,755,749,,,POINT (-1.355052200000001 53.3472202)
750,"[2439713210, 11733048636, 726401416, 8988327635, 8988327641, 1237656117, 11733048637]",53.343512814559276,-1.360572595188491,0,E01008033,-1.3698706136828112,53.3430946149629,0.009307418483292064,750,,,756,750,,,POINT (-1.360572595188491 53.343512814559276)
751,"[8914076478, 976215708, 976215725, 7556224321, 976215736]",53.41082830883502,-1.412547053211022,0,E01007913,-1.3989273652315835,53.41431725648242,0.014059468565473819,751,,,757,751,,,POINT (-1.412547053211022 53.41082830883502)
752,2430381067,53.3251,-1.3422575000000003,3,E01008019,-1.3484019891358745,53.329053101284245,0.0073062819891094866,752,-1.3422575,53.3251,758,752,,,POINT (-1.3422575000000003 53.3251)
753,1787780615,53.475772500000005,-1.4702514999999998,3,E01007889,-1.4727925409784939,53.46956779973407,0.006704863506765944,753,-1.4702515,53.4757725,759,753,,,POINT (-1.4702514999999998 53.475772500000005)
754,4109393464,53.417093,-1.4043286999999998,3,E01007913,-1.3989273652315835,53.41431725648242,0.006072822190374164,754,-1.4043287,53.417093,760,754,,,POINT (-1.4043286999999998 53.417093)
755,1734271617,53.3847086,-1.4491646000000005,3,E01007885,-1.4493077464362458,53.38221986304513,0.002492850282861663,755,-1.4491646,53.3847086,761,755,,motorway_junction,POINT (-1.4491646000000005 53.3847086)
756,1734271612,53.38466079999999,-1.4450436999999998,3,E01007885,-1.4493077464362458,53.38221986304513,0.004913274389661817,756,-1.4450437,53.3846608,762,756,,,POINT (-1.4450436999999998 53.38466079999999)
757,"[4737760357, 4737760331]",53.41353275008294,-1.4152151000182696,0,E01007913,-1.3989273652315835,53.41431725648242,0.016306616901498733,757,,,763,757,,,POINT (-1.4152151000182696 53.41353275008294)
