0,1,2,3
1.0,1.0,1898.0,159.0
1.0,3.0,160.0,2443.0
1.0,6.0,1898.0,1810.0
1.0,11.0,2690.0,333.0
1.0,12.0,704.0,3392.0
1.0,13.0,160.0,163.0
1.0,15.0,159.0,2028.0
1.0,16.0,1898.0,3241.0
1.0,18.0,160.0,439.0
1.0,20.0,2690.0,1619.0
1.0,27.0,2690.0,2463.0
1.0,37.0,1997.0,2581.0
1.0,43.0,2690.0,682.0
1.0,44.0,2832.0,1663.0
1.0,46.0,2690.0,1486.0
1.0,50.0,2690.0,89.0
1.0,73.0,704.0,401.0
1.0,86.0,1997.0,1559.0
1.0,88.0,2690.0,688.0
1.0,102.0,2690.0,3306.0
1.0,117.0,1898.0,137.0
1.0,122.0,160.0,569.0
1.0,123.0,2832.0,682.0
1.0,125.0,2832.0,720.0
1.0,128.0,1898.0,2020.0
1.0,142.0,1997.0,685.0
1.0,147.0,160.0,337.0
1.0,163.0,1898.0,201.0
1.0,171.0,2831.0,1543.0
1.0,172.0,2831.0,1223.0
1.0,182.0,2690.0,2598.0
1.0,185.0,704.0,687.0
1.0,200.0,2690.0,735.0
1.0,215.0,160.0,1464.0
1.0,218.0,1997.0,148.0
1.0,221.0,2831.0,165.0
1.0,227.0,2690.0,2184.0
1.0,236.0,1898.0,659.0
1.0,248.0,2690.0,2036.0
1.0,281.0,160.0,3391.0
1.0,310.0,704.0,693.0
2.0,2.0,3454.0,2613.0
2.0,3.0,3264.0,2443.0
2.0,5.0,2613.0,2011.0
2.0,6.0,200.0,2915.0
2.0,7.0,2041.0,3212.0
2.0,8.0,2744.0,2139.0
2.0,10.0,3475.0,613.0
2.0,11.0,2613.0,333.0
2.0,12.0,2613.0,635.0
2.0,14.0,972.0,1176.0
2.0,15.0,2743.0,2030.0
2.0,16.0,3144.0,3240.0
2.0,17.0,2041.0,548.0
2.0,18.0,3455.0,84.0
2.0,19.0,2613.0,256.0
2.0,21.0,3263.0,2100.0
2.0,22.0,2613.0,525.0
2.0,23.0,3430.0,295.0
2.0,24.0,3454.0,208.0
2.0,25.0,718.0,489.0
2.0,27.0,718.0,2463.0
2.0,28.0,972.0,2046.0
2.0,29.0,972.0,3524.0
2.0,37.0,2613.0,403.0
2.0,41.0,3430.0,356.0
2.0,43.0,2613.0,686.0
2.0,44.0,200.0,3592.0
2.0,45.0,3475.0,779.0
2.0,46.0,718.0,1511.0
2.0,47.0,3263.0,603.0
2.0,48.0,3144.0,2597.0
2.0,49.0,3455.0,2569.0
2.0,50.0,3143.0,89.0
2.0,53.0,979.0,909.0
2.0,54.0,2613.0,2542.0
2.0,55.0,3455.0,3845.0
2.0,56.0,2041.0,949.0
2.0,59.0,636.0,1260.0
2.0,61.0,2040.0,3464.0
2.0,62.0,200.0,197.0
2.0,66.0,2040.0,2138.0
2.0,67.0,2744.0,375.0
2.0,68.0,2040.0,440.0
2.0,70.0,2040.0,2193.0
2.0,72.0,2613.0,26.0
2.0,73.0,3263.0,401.0
2.0,74.0,2744.0,2055.0
2.0,78.0,200.0,86.0
2.0,79.0,3455.0,2239.0
2.0,81.0,718.0,948.0
2.0,82.0,2613.0,2577.0
2.0,86.0,3264.0,1559.0
2.0,87.0,2744.0,1447.0
2.0,88.0,979.0,688.0
2.0,89.0,3455.0,3903.0
2.0,91.0,2040.0,3283.0
2.0,95.0,3455.0,3231.0
2.0,96.0,3143.0,2195.0
2.0,98.0,2613.0,1419.0
2.0,100.0,2613.0,2082.0
2.0,101.0,2744.0,1660.0
2.0,102.0,3263.0,3306.0
2.0,103.0,3264.0,2468.0
2.0,106.0,3264.0,241.0
2.0,107.0,3144.0,3109.0
2.0,109.0,3455.0,2985.0
2.0,114.0,2613.0,2045.0
2.0,115.0,3143.0,83.0
2.0,116.0,2614.0,3352.0
2.0,117.0,2613.0,137.0
2.0,118.0,3143.0,352.0
2.0,121.0,3475.0,2966.0
2.0,122.0,3263.0,2009.0
2.0,125.0,2614.0,720.0
2.0,128.0,200.0,2021.0
2.0,129.0,3454.0,862.0
2.0,132.0,2040.0,3204.0
2.0,134.0,2613.0,473.0
2.0,135.0,3454.0,3947.0
2.0,136.0,3455.0,1832.0
2.0,137.0,3143.0,2928.0
2.0,139.0,979.0,2752.0
2.0,140.0,2040.0,2293.0
2.0,143.0,2743.0,2563.0
2.0,147.0,3430.0,337.0
2.0,151.0,200.0,86.0
2.0,152.0,2613.0,3424.0
2.0,153.0,200.0,559.0
2.0,154.0,3144.0,3580.0
2.0,157.0,2613.0,2246.0
2.0,162.0,3264.0,353.0
2.0,163.0,2744.0,2077.0
2.0,166.0,3454.0,3169.0
2.0,167.0,2743.0,53.0
2.0,171.0,2744.0,1543.0
2.0,172.0,2743.0,647.0
2.0,173.0,2041.0,470.0
2.0,174.0,2041.0,1905.0
2.0,177.0,3144.0,413.0
2.0,178.0,718.0,3740.0
2.0,182.0,3454.0,2008.0
2.0,185.0,3263.0,687.0
2.0,186.0,2744.0,2136.0
2.0,187.0,3455.0,2512.0
2.0,188.0,972.0,3422.0
2.0,189.0,3454.0,467.0
2.0,192.0,718.0,2288.0
2.0,194.0,3455.0,1415.0
2.0,195.0,200.0,187.0
2.0,196.0,2613.0,1211.0
2.0,197.0,2744.0,349.0
2.0,198.0,2614.0,826.0
2.0,205.0,3430.0,2717.0
2.0,206.0,2744.0,1892.0
2.0,208.0,2613.0,3628.0
2.0,209.0,2040.0,2134.0
2.0,210.0,718.0,256.0
2.0,213.0,3455.0,829.0
2.0,214.0,2614.0,1870.0
2.0,215.0,2744.0,149.0
2.0,218.0,2744.0,148.0
2.0,223.0,972.0,3874.0
2.0,224.0,636.0,1059.0
2.0,225.0,2744.0,84.0
2.0,227.0,2744.0,2184.0
2.0,235.0,2744.0,564.0
2.0,241.0,2613.0,261.0
2.0,243.0,2040.0,260.0
2.0,247.0,3263.0,3122.0
2.0,250.0,2744.0,1693.0
2.0,252.0,972.0,2200.0
2.0,256.0,636.0,2976.0
2.0,259.0,2613.0,2114.0
2.0,260.0,3454.0,944.0
2.0,261.0,2613.0,650.0
2.0,262.0,2613.0,2365.0
2.0,265.0,2613.0,3062.0
2.0,266.0,2613.0,2602.0
2.0,267.0,2041.0,3328.0
2.0,269.0,718.0,214.0
2.0,270.0,3454.0,2906.0
2.0,271.0,3264.0,340.0
2.0,275.0,3144.0,989.0
2.0,277.0,972.0,499.0
2.0,289.0,3143.0,2102.0
2.0,292.0,718.0,1594.0
2.0,295.0,3264.0,1419.0
2.0,298.0,2743.0,1265.0
2.0,305.0,3430.0,2359.0
2.0,307.0,718.0,248.0
2.0,311.0,3430.0,253.0
2.0,312.0,3264.0,251.0
2.0,313.0,2041.0,3377.0
2.0,316.0,2613.0,1868.0
2.0,317.0,2613.0,136.0
2.0,319.0,3430.0,3633.0
2.0,321.0,972.0,241.0
2.0,322.0,3455.0,3192.0
2.0,325.0,2743.0,1579.0
2.0,328.0,3455.0,2513.0
2.0,333.0,3263.0,256.0
2.0,336.0,2744.0,255.0
2.0,344.0,200.0,259.0
3.0,1.0,2443.0,1997.0
3.0,2.0,2443.0,718.0
3.0,3.0,2443.0,2443.0
3.0,5.0,2443.0,2010.0
3.0,6.0,2443.0,3195.0
3.0,7.0,2443.0,3589.0
3.0,11.0,2443.0,333.0
3.0,13.0,2443.0,1423.0
3.0,15.0,2443.0,2957.0
3.0,18.0,2443.0,31.0
3.0,20.0,2443.0,681.0
3.0,23.0,2443.0,866.0
3.0,24.0,2443.0,1491.0
3.0,27.0,2443.0,683.0
3.0,30.0,2443.0,3966.0
3.0,43.0,2443.0,686.0
3.0,44.0,2443.0,3593.0
3.0,46.0,2443.0,714.0
3.0,47.0,2443.0,1981.0
3.0,51.0,2443.0,2580.0
3.0,53.0,2443.0,2739.0
3.0,68.0,2443.0,440.0
3.0,70.0,2443.0,146.0
3.0,72.0,2443.0,34.0
3.0,73.0,2443.0,333.0
3.0,95.0,2443.0,3229.0
3.0,105.0,2443.0,2342.0
3.0,110.0,2443.0,2877.0
3.0,117.0,2443.0,137.0
3.0,122.0,2443.0,570.0
3.0,123.0,2443.0,682.0
3.0,125.0,2443.0,720.0
3.0,132.0,2443.0,3202.0
3.0,141.0,2443.0,238.0
3.0,147.0,2443.0,337.0
3.0,154.0,2443.0,3580.0
3.0,163.0,2443.0,2192.0
3.0,168.0,2443.0,2464.0
3.0,181.0,2443.0,2221.0
3.0,182.0,2443.0,2598.0
3.0,189.0,2443.0,1918.0
3.0,196.0,2443.0,436.0
3.0,198.0,2443.0,826.0
3.0,199.0,2443.0,1409.0
3.0,203.0,2443.0,1444.0
3.0,225.0,2443.0,84.0
3.0,234.0,2443.0,80.0
3.0,236.0,2443.0,1916.0
3.0,248.0,2443.0,692.0
3.0,275.0,2443.0,55.0
3.0,334.0,2443.0,149.0
4.0,4.0,314.0,283.0
4.0,5.0,1198.0,2011.0
4.0,6.0,1198.0,1812.0
4.0,7.0,1196.0,3941.0
4.0,8.0,3149.0,588.0
4.0,9.0,1198.0,2396.0
4.0,10.0,303.0,3927.0
4.0,11.0,303.0,333.0
4.0,13.0,1198.0,2366.0
4.0,14.0,3149.0,1744.0
4.0,15.0,893.0,3242.0
4.0,18.0,1197.0,3970.0
4.0,21.0,303.0,1207.0
4.0,23.0,284.0,12.0
4.0,24.0,1198.0,3704.0
4.0,29.0,1198.0,3524.0
4.0,30.0,3349.0,3966.0
4.0,33.0,283.0,3128.0
4.0,41.0,1198.0,3899.0
4.0,43.0,1198.0,682.0
4.0,44.0,303.0,85.0
4.0,45.0,892.0,779.0
4.0,48.0,1198.0,818.0
4.0,50.0,893.0,1999.0
4.0,52.0,1198.0,1842.0
4.0,53.0,3926.0,3118.0
4.0,54.0,1200.0,1655.0
4.0,56.0,1198.0,643.0
4.0,61.0,3349.0,623.0
4.0,62.0,303.0,3314.0
4.0,68.0,303.0,1642.0
4.0,70.0,1198.0,1706.0
4.0,72.0,1208.0,1212.0
4.0,73.0,304.0,333.0
4.0,77.0,3926.0,1725.0
4.0,78.0,1208.0,86.0
4.0,80.0,1198.0,1824.0
4.0,81.0,1198.0,1531.0
4.0,88.0,3351.0,688.0
4.0,89.0,3915.0,3903.0
4.0,91.0,1198.0,3282.0
4.0,95.0,314.0,3237.0
4.0,107.0,282.0,3176.0
4.0,115.0,303.0,830.0
4.0,116.0,2834.0,2830.0
4.0,121.0,285.0,2966.0
4.0,126.0,1200.0,2139.0
4.0,128.0,303.0,2017.0
4.0,129.0,1200.0,827.0
4.0,135.0,892.0,3910.0
4.0,141.0,303.0,237.0
4.0,143.0,1197.0,2564.0
4.0,148.0,304.0,3658.0
4.0,151.0,1198.0,86.0
4.0,160.0,303.0,3112.0
4.0,163.0,1196.0,2192.0
4.0,164.0,315.0,1712.0
4.0,170.0,304.0,2827.0
4.0,178.0,21.0,2477.0
4.0,187.0,1200.0,81.0
4.0,190.0,1198.0,3974.0
4.0,196.0,1208.0,2289.0
4.0,197.0,315.0,2578.0
4.0,198.0,21.0,826.0
4.0,200.0,304.0,744.0
4.0,213.0,1198.0,829.0
4.0,214.0,303.0,928.0
4.0,215.0,1198.0,149.0
4.0,223.0,1198.0,868.0
4.0,224.0,3351.0,3692.0
4.0,225.0,21.0,84.0
4.0,227.0,1198.0,2183.0
4.0,242.0,1198.0,193.0
4.0,243.0,996.0,3175.0
4.0,247.0,22.0,2532.0
4.0,274.0,1197.0,1634.0
4.0,316.0,1198.0,1867.0
4.0,320.0,1198.0,2037.0
4.0,339.0,1198.0,1497.0
5.0,2.0,2011.0,3455.0
5.0,4.0,2011.0,1198.0
5.0,5.0,54.0,52.0
5.0,7.0,54.0,3431.0
5.0,12.0,54.0,635.0
5.0,14.0,52.0,981.0
5.0,15.0,54.0,2956.0
5.0,16.0,52.0,2879.0
5.0,19.0,2010.0,256.0
5.0,20.0,54.0,699.0
5.0,23.0,52.0,2840.0
5.0,24.0,54.0,332.0
5.0,27.0,54.0,713.0
5.0,28.0,54.0,2046.0
5.0,37.0,54.0,403.0
5.0,41.0,2011.0,36.0
5.0,42.0,54.0,3191.0
5.0,43.0,54.0,682.0
5.0,46.0,52.0,1515.0
5.0,54.0,54.0,1005.0
5.0,55.0,52.0,690.0
5.0,62.0,54.0,3146.0
5.0,70.0,54.0,1598.0
5.0,72.0,2011.0,3635.0
5.0,73.0,2010.0,333.0
5.0,74.0,2011.0,2053.0
5.0,84.0,2010.0,2269.0
5.0,88.0,54.0,688.0
5.0,90.0,54.0,1412.0
5.0,91.0,54.0,3282.0
5.0,93.0,2010.0,2943.0
5.0,95.0,2011.0,3227.0
5.0,98.0,54.0,1419.0
5.0,99.0,54.0,234.0
5.0,110.0,2011.0,2877.0
5.0,114.0,2011.0,2044.0
5.0,122.0,54.0,2009.0
5.0,123.0,2011.0,682.0
5.0,125.0,52.0,720.0
5.0,128.0,54.0,2019.0
5.0,132.0,2011.0,3205.0
5.0,134.0,2011.0,471.0
5.0,135.0,2011.0,583.0
5.0,136.0,54.0,3864.0
5.0,139.0,2011.0,527.0
5.0,142.0,52.0,685.0
5.0,143.0,54.0,2564.0
5.0,147.0,54.0,87.0
5.0,171.0,2011.0,1543.0
5.0,173.0,2011.0,3975.0
5.0,175.0,2010.0,661.0
5.0,178.0,54.0,2483.0
5.0,183.0,52.0,1585.0
5.0,185.0,2011.0,1543.0
5.0,187.0,54.0,81.0
5.0,192.0,2011.0,2288.0
5.0,194.0,54.0,2566.0
5.0,200.0,54.0,3447.0
5.0,209.0,52.0,2134.0
5.0,210.0,54.0,256.0
5.0,218.0,2011.0,148.0
5.0,224.0,54.0,2518.0
5.0,225.0,54.0,84.0
5.0,236.0,52.0,1916.0
5.0,241.0,2011.0,261.0
5.0,243.0,2011.0,260.0
5.0,248.0,52.0,711.0
5.0,254.0,54.0,2979.0
5.0,275.0,2011.0,2783.0
5.0,278.0,2011.0,694.0
5.0,295.0,2011.0,1419.0
5.0,308.0,2011.0,542.0
5.0,314.0,52.0,1417.0
5.0,321.0,54.0,241.0
5.0,333.0,54.0,256.0
6.0,1.0,1104.0,1898.0
6.0,2.0,1113.0,3264.0
6.0,4.0,1811.0,1198.0
6.0,6.0,2619.0,3198.0
6.0,7.0,910.0,203.0
6.0,8.0,1108.0,2871.0
6.0,10.0,3408.0,1426.0
6.0,11.0,881.0,333.0
6.0,14.0,882.0,3759.0
6.0,17.0,1811.0,2314.0
6.0,18.0,1109.0,84.0
6.0,21.0,3042.0,3663.0
6.0,23.0,1115.0,2145.0
6.0,24.0,3408.0,1491.0
6.0,25.0,2130.0,3647.0
6.0,26.0,882.0,3473.0
6.0,29.0,3408.0,762.0
6.0,30.0,923.0,3966.0
6.0,31.0,1006.0,2922.0
6.0,33.0,883.0,3686.0
6.0,34.0,914.0,2105.0
6.0,37.0,3408.0,3307.0
6.0,38.0,1111.0,2194.0
6.0,41.0,108.0,2551.0
6.0,42.0,447.0,921.0
6.0,44.0,3503.0,85.0
6.0,45.0,1112.0,66.0
6.0,46.0,2729.0,3844.0
6.0,47.0,3408.0,1981.0
6.0,48.0,3877.0,2597.0
6.0,49.0,3503.0,172.0
6.0,50.0,2728.0,990.0
6.0,51.0,2929.0,2580.0
6.0,53.0,884.0,2819.0
6.0,54.0,3044.0,1001.0
6.0,55.0,449.0,3843.0
6.0,56.0,1106.0,3573.0
6.0,58.0,2728.0,1380.0
6.0,60.0,1188.0,641.0
6.0,61.0,1102.0,2675.0
6.0,62.0,1112.0,209.0
6.0,64.0,2619.0,1081.0
6.0,66.0,2619.0,3696.0
6.0,67.0,448.0,1420.0
6.0,68.0,1111.0,440.0
6.0,72.0,2915.0,3706.0
6.0,73.0,3198.0,401.0
6.0,74.0,447.0,2054.0
6.0,75.0,880.0,974.0
6.0,78.0,1106.0,86.0
6.0,81.0,1810.0,3359.0
6.0,83.0,1811.0,1726.0
6.0,85.0,1106.0,1373.0
6.0,88.0,1115.0,688.0
6.0,89.0,2712.0,3903.0
6.0,90.0,1104.0,1413.0
6.0,96.0,447.0,339.0
6.0,103.0,3201.0,2468.0
6.0,105.0,3944.0,2035.0
6.0,107.0,2711.0,3176.0
6.0,108.0,1812.0,1720.0
6.0,109.0,1113.0,1393.0
6.0,113.0,1113.0,1450.0
6.0,114.0,3042.0,3852.0
6.0,115.0,2620.0,2514.0
6.0,125.0,2620.0,720.0
6.0,126.0,882.0,2139.0
6.0,128.0,2620.0,580.0
6.0,132.0,3142.0,2006.0
6.0,134.0,911.0,2926.0
6.0,135.0,1103.0,788.0
6.0,137.0,1810.0,2928.0
6.0,140.0,1113.0,2191.0
6.0,143.0,2435.0,2563.0
6.0,144.0,3390.0,542.0
6.0,145.0,879.0,1716.0
6.0,152.0,3131.0,2178.0
6.0,156.0,1113.0,828.0
6.0,163.0,3878.0,345.0
6.0,166.0,2735.0,2203.0
6.0,171.0,3878.0,1543.0
6.0,173.0,3962.0,3976.0
6.0,178.0,922.0,2527.0
6.0,191.0,1810.0,137.0
6.0,192.0,2620.0,2288.0
6.0,193.0,1104.0,1944.0
6.0,194.0,889.0,1415.0
6.0,196.0,1102.0,3288.0
6.0,197.0,2620.0,399.0
6.0,198.0,3142.0,826.0
6.0,199.0,2620.0,1409.0
6.0,200.0,914.0,3872.0
6.0,201.0,3944.0,1389.0
6.0,205.0,1809.0,3014.0
6.0,214.0,3712.0,928.0
6.0,215.0,1812.0,149.0
6.0,216.0,1811.0,1606.0
6.0,223.0,1108.0,1215.0
6.0,224.0,1813.0,867.0
6.0,225.0,2774.0,84.0
6.0,228.0,923.0,1246.0
6.0,229.0,3645.0,2933.0
6.0,230.0,3408.0,1728.0
6.0,231.0,3503.0,3125.0
6.0,232.0,2124.0,1374.0
6.0,234.0,3503.0,80.0
6.0,235.0,2728.0,564.0
6.0,236.0,1811.0,659.0
6.0,240.0,1217.0,3811.0
6.0,241.0,2589.0,2559.0
6.0,243.0,3201.0,3432.0
6.0,244.0,1104.0,3025.0
6.0,248.0,883.0,2036.0
6.0,249.0,1105.0,1069.0
6.0,250.0,2435.0,1264.0
6.0,253.0,2620.0,2126.0
6.0,255.0,1813.0,1648.0
6.0,258.0,881.0,2129.0
6.0,261.0,2620.0,1434.0
6.0,263.0,3195.0,824.0
6.0,266.0,1111.0,2875.0
6.0,270.0,1006.0,2906.0
6.0,275.0,287.0,989.0
6.0,280.0,912.0,2419.0
6.0,282.0,1106.0,841.0
6.0,285.0,3196.0,1387.0
6.0,291.0,2711.0,942.0
6.0,292.0,880.0,63.0
6.0,297.0,2727.0,1210.0
6.0,303.0,1115.0,1403.0
6.0,308.0,882.0,542.0
6.0,309.0,1103.0,1379.0
6.0,316.0,3042.0,1867.0
6.0,317.0,3199.0,136.0
6.0,322.0,3197.0,3192.0
6.0,326.0,2130.0,3556.0
6.0,329.0,1006.0,424.0
6.0,330.0,1812.0,1094.0
6.0,333.0,3962.0,256.0
6.0,335.0,1113.0,341.0
7.0,2.0,973.0,3143.0
7.0,4.0,3141.0,893.0
7.0,5.0,3140.0,54.0
7.0,6.0,3210.0,3408.0
7.0,7.0,1121.0,1315.0
7.0,8.0,3111.0,575.0
7.0,10.0,973.0,1098.0
7.0,11.0,3494.0,333.0
7.0,12.0,3302.0,635.0
7.0,13.0,3250.0,2946.0
7.0,14.0,3174.0,2887.0
7.0,15.0,3268.0,712.0
7.0,16.0,3702.0,3240.0
7.0,18.0,3211.0,3289.0
7.0,21.0,870.0,890.0
7.0,22.0,2572.0,3363.0
7.0,23.0,3493.0,307.0
7.0,24.0,799.0,364.0
7.0,25.0,217.0,1492.0
7.0,26.0,3932.0,3470.0
7.0,27.0,3211.0,683.0
7.0,28.0,3210.0,3015.0
7.0,29.0,2575.0,2384.0
7.0,30.0,2574.0,3966.0
7.0,31.0,1122.0,3820.0
7.0,32.0,2897.0,1824.0
7.0,33.0,1126.0,1650.0
7.0,34.0,3215.0,2105.0
7.0,37.0,3215.0,402.0
7.0,38.0,1129.0,2210.0
7.0,41.0,3210.0,2287.0
7.0,42.0,3703.0,919.0
7.0,43.0,3218.0,686.0
7.0,44.0,3215.0,2534.0
7.0,45.0,3304.0,2459.0
7.0,46.0,392.0,1515.0
7.0,47.0,445.0,3596.0
7.0,48.0,3782.0,803.0
7.0,49.0,392.0,177.0
7.0,50.0,3681.0,381.0
7.0,52.0,3493.0,1841.0
7.0,53.0,1119.0,851.0
7.0,54.0,3589.0,2550.0
7.0,55.0,980.0,690.0
7.0,56.0,870.0,1026.0
7.0,58.0,3174.0,1380.0
7.0,61.0,1121.0,1325.0
7.0,62.0,2776.0,3296.0
7.0,64.0,3141.0,2826.0
7.0,65.0,3212.0,1445.0
7.0,66.0,870.0,3394.0
7.0,67.0,3268.0,375.0
7.0,68.0,973.0,346.0
7.0,70.0,3304.0,146.0
7.0,72.0,799.0,28.0
7.0,73.0,1130.0,333.0
7.0,74.0,2776.0,45.0
7.0,78.0,196.0,86.0
7.0,79.0,3311.0,2240.0
7.0,81.0,3702.0,1531.0
7.0,82.0,3251.0,1978.0
7.0,86.0,3111.0,1559.0
7.0,87.0,3494.0,3067.0
7.0,88.0,1122.0,688.0
7.0,89.0,3210.0,3903.0
7.0,91.0,1129.0,3283.0
7.0,94.0,3174.0,648.0
7.0,95.0,3212.0,3405.0
7.0,96.0,3212.0,2197.0
7.0,98.0,3186.0,1419.0
7.0,103.0,1127.0,2468.0
7.0,104.0,793.0,1448.0
7.0,106.0,1127.0,3396.0
7.0,107.0,793.0,3109.0
7.0,111.0,3589.0,1471.0
7.0,114.0,3268.0,1414.0
7.0,115.0,2570.0,3840.0
7.0,116.0,3168.0,2830.0
7.0,117.0,1120.0,137.0
7.0,118.0,3702.0,352.0
7.0,121.0,3141.0,2966.0
7.0,122.0,3931.0,2024.0
7.0,123.0,875.0,682.0
7.0,125.0,799.0,720.0
7.0,128.0,2570.0,2021.0
7.0,129.0,1128.0,1846.0
7.0,130.0,1129.0,601.0
7.0,131.0,1126.0,3956.0
7.0,132.0,1117.0,3203.0
7.0,133.0,1123.0,3821.0
7.0,134.0,195.0,476.0
7.0,135.0,3186.0,3908.0
7.0,137.0,3218.0,3680.0
7.0,138.0,3311.0,1710.0
7.0,139.0,196.0,2761.0
7.0,140.0,1123.0,3254.0
7.0,141.0,3157.0,237.0
7.0,143.0,1315.0,2564.0
7.0,144.0,3304.0,542.0
7.0,145.0,204.0,1716.0
7.0,146.0,2574.0,255.0
7.0,147.0,3702.0,337.0
7.0,149.0,1119.0,2049.0
7.0,151.0,3218.0,86.0
7.0,153.0,3211.0,2769.0
7.0,154.0,3250.0,1640.0
7.0,156.0,3681.0,829.0
7.0,157.0,204.0,2545.0
7.0,158.0,2777.0,249.0
7.0,160.0,3589.0,491.0
7.0,163.0,875.0,2077.0
7.0,164.0,1119.0,678.0
7.0,165.0,2600.0,254.0
7.0,166.0,3549.0,1965.0
7.0,172.0,2574.0,1739.0
7.0,177.0,1119.0,413.0
7.0,178.0,3702.0,2529.0
7.0,179.0,3703.0,385.0
7.0,181.0,3215.0,2221.0
7.0,182.0,1129.0,2008.0
7.0,183.0,3210.0,1585.0
7.0,184.0,3139.0,904.0
7.0,185.0,3702.0,703.0
7.0,187.0,1119.0,2512.0
7.0,192.0,204.0,2288.0
7.0,194.0,216.0,2596.0
7.0,195.0,3110.0,1724.0
7.0,196.0,1315.0,2409.0
7.0,197.0,195.0,2415.0
7.0,198.0,1128.0,826.0
7.0,199.0,217.0,1409.0
7.0,200.0,875.0,742.0
7.0,201.0,3268.0,1389.0
7.0,204.0,3549.0,1690.0
7.0,205.0,196.0,3244.0
7.0,207.0,3703.0,1257.0
7.0,208.0,2775.0,2453.0
7.0,209.0,3140.0,2134.0
7.0,212.0,793.0,354.0
7.0,214.0,1550.0,1869.0
7.0,217.0,2574.0,976.0
7.0,218.0,870.0,148.0
7.0,220.0,3494.0,1719.0
7.0,223.0,3157.0,783.0
7.0,224.0,1119.0,1027.0
7.0,225.0,3157.0,84.0
7.0,226.0,1129.0,1434.0
7.0,227.0,3941.0,2184.0
7.0,228.0,1119.0,1233.0
7.0,232.0,3311.0,1374.0
7.0,234.0,3302.0,3058.0
7.0,239.0,1127.0,3412.0
7.0,241.0,2575.0,2548.0
7.0,243.0,2386.0,2349.0
7.0,245.0,196.0,2122.0
7.0,247.0,800.0,2511.0
7.0,249.0,1550.0,1069.0
7.0,250.0,3703.0,1264.0
7.0,252.0,1550.0,259.0
7.0,253.0,3215.0,2126.0
7.0,257.0,1315.0,558.0
7.0,259.0,3220.0,2103.0
7.0,260.0,460.0,944.0
7.0,261.0,3304.0,650.0
7.0,263.0,3211.0,824.0
7.0,266.0,3782.0,1851.0
7.0,275.0,1122.0,55.0
7.0,277.0,3311.0,244.0
7.0,288.0,3549.0,1927.0
7.0,292.0,1123.0,3904.0
7.0,295.0,3357.0,1419.0
7.0,296.0,3681.0,2508.0
7.0,298.0,216.0,2981.0
7.0,313.0,3212.0,252.0
7.0,314.0,3187.0,1417.0
7.0,317.0,2386.0,136.0
7.0,321.0,980.0,241.0
7.0,322.0,980.0,3192.0
7.0,328.0,3220.0,3292.0
7.0,335.0,3357.0,3508.0
7.0,336.0,3210.0,255.0
7.0,339.0,3140.0,1499.0
7.0,344.0,217.0,259.0
8.0,2.0,3256.0,3264.0
8.0,6.0,191.0,1104.0
8.0,7.0,191.0,3110.0
8.0,8.0,191.0,2874.0
8.0,10.0,2874.0,453.0
8.0,11.0,588.0,333.0
8.0,14.0,192.0,1269.0
8.0,22.0,207.0,530.0
8.0,23.0,588.0,722.0
8.0,24.0,572.0,2284.0
8.0,25.0,573.0,1492.0
8.0,33.0,2139.0,1903.0
8.0,34.0,575.0,2105.0
8.0,38.0,2871.0,3953.0
8.0,41.0,191.0,357.0
8.0,42.0,191.0,3191.0
8.0,46.0,572.0,1486.0
8.0,47.0,575.0,1996.0
8.0,48.0,192.0,383.0
8.0,50.0,3258.0,2000.0
8.0,53.0,2871.0,3848.0
8.0,54.0,572.0,3949.0
8.0,61.0,575.0,2703.0
8.0,62.0,588.0,3868.0
8.0,63.0,192.0,2741.0
8.0,66.0,575.0,3952.0
8.0,68.0,207.0,346.0
8.0,74.0,2139.0,2038.0
8.0,81.0,571.0,1530.0
8.0,82.0,192.0,320.0
8.0,84.0,575.0,2269.0
8.0,95.0,2584.0,3229.0
8.0,96.0,2139.0,339.0
8.0,98.0,2584.0,1419.0
8.0,100.0,2874.0,2085.0
8.0,106.0,2871.0,3396.0
8.0,107.0,191.0,3108.0
8.0,109.0,3256.0,2988.0
8.0,110.0,2871.0,2877.0
8.0,113.0,573.0,2685.0
8.0,116.0,588.0,2830.0
8.0,121.0,2871.0,2966.0
8.0,126.0,191.0,2139.0
8.0,127.0,2871.0,2110.0
8.0,130.0,3256.0,599.0
8.0,131.0,3258.0,1691.0
8.0,133.0,3257.0,1019.0
8.0,134.0,575.0,2927.0
8.0,137.0,588.0,2928.0
8.0,140.0,3256.0,3832.0
8.0,143.0,191.0,2564.0
8.0,144.0,588.0,542.0
8.0,145.0,2871.0,1716.0
8.0,147.0,191.0,337.0
8.0,150.0,2874.0,2899.0
8.0,153.0,573.0,561.0
8.0,154.0,2871.0,3580.0
8.0,156.0,2583.0,828.0
8.0,160.0,2139.0,492.0
8.0,161.0,572.0,1404.0
8.0,162.0,3258.0,353.0
8.0,166.0,573.0,3655.0
8.0,170.0,573.0,2827.0
8.0,172.0,191.0,1247.0
8.0,178.0,571.0,92.0
8.0,181.0,588.0,2221.0
8.0,185.0,573.0,687.0
8.0,193.0,2874.0,1943.0
8.0,197.0,191.0,2415.0
8.0,201.0,192.0,1389.0
8.0,202.0,207.0,3433.0
8.0,209.0,588.0,2134.0
8.0,212.0,3257.0,354.0
8.0,223.0,207.0,868.0
8.0,225.0,207.0,84.0
8.0,230.0,2139.0,3886.0
8.0,237.0,2874.0,1674.0
8.0,243.0,2584.0,260.0
8.0,246.0,2874.0,1025.0
8.0,250.0,192.0,1693.0
8.0,252.0,572.0,2200.0
8.0,253.0,2139.0,1391.0
8.0,257.0,2583.0,3482.0
8.0,259.0,573.0,2113.0
8.0,265.0,192.0,1396.0
8.0,266.0,191.0,3602.0
8.0,267.0,575.0,3328.0
8.0,277.0,573.0,2277.0
8.0,285.0,2584.0,1256.0
8.0,289.0,3256.0,2102.0
8.0,296.0,575.0,2873.0
8.0,298.0,571.0,1620.0
8.0,306.0,3258.0,494.0
8.0,307.0,207.0,248.0
8.0,312.0,2871.0,351.0
8.0,313.0,588.0,498.0
8.0,320.0,573.0,352.0
8.0,325.0,191.0,1565.0
8.0,328.0,191.0,2513.0
8.0,336.0,575.0,255.0
9.0,9.0,1618.0,2265.0
9.0,10.0,3072.0,789.0
9.0,11.0,2624.0,333.0
9.0,18.0,1368.0,84.0
9.0,21.0,2320.0,1207.0
9.0,26.0,1367.0,3471.0
9.0,33.0,1093.0,2950.0
9.0,44.0,836.0,1663.0
9.0,45.0,2399.0,779.0
9.0,48.0,1457.0,383.0
9.0,53.0,1454.0,388.0
9.0,62.0,2266.0,1042.0
9.0,64.0,3413.0,1081.0
9.0,69.0,2264.0,213.0
9.0,70.0,1361.0,1598.0
9.0,81.0,1618.0,3795.0
9.0,111.0,1359.0,1507.0
9.0,115.0,1605.0,3840.0
9.0,117.0,2125.0,137.0
9.0,122.0,1355.0,2954.0
9.0,125.0,2629.0,720.0
9.0,133.0,2320.0,3092.0
9.0,137.0,2397.0,2928.0
9.0,147.0,2624.0,337.0
9.0,148.0,843.0,211.0
9.0,154.0,1354.0,3580.0
9.0,178.0,2266.0,3528.0
9.0,185.0,3413.0,687.0
9.0,187.0,1454.0,2512.0
9.0,188.0,1605.0,2070.0
9.0,191.0,3413.0,137.0
9.0,195.0,1093.0,638.0
9.0,197.0,1093.0,2415.0
9.0,198.0,3071.0,826.0
9.0,200.0,1371.0,2186.0
9.0,216.0,1454.0,1606.0
9.0,222.0,2266.0,180.0
9.0,223.0,2822.0,784.0
9.0,224.0,1090.0,1027.0
9.0,227.0,1092.0,1662.0
9.0,231.0,2264.0,2262.0
9.0,233.0,2320.0,1584.0
9.0,234.0,1359.0,80.0
9.0,236.0,1356.0,1916.0
9.0,238.0,2624.0,2398.0
9.0,239.0,3312.0,834.0
9.0,244.0,2396.0,3808.0
9.0,245.0,3413.0,2206.0
9.0,249.0,3072.0,1069.0
9.0,251.0,2125.0,1085.0
9.0,255.0,2634.0,3556.0
9.0,264.0,3120.0,1086.0
9.0,269.0,843.0,214.0
9.0,272.0,2633.0,2155.0
9.0,274.0,1356.0,1638.0
9.0,278.0,2264.0,1896.0
9.0,282.0,1456.0,1469.0
9.0,284.0,1454.0,2932.0
9.0,294.0,2266.0,3080.0
9.0,304.0,2266.0,675.0
9.0,311.0,2263.0,253.0
9.0,313.0,1352.0,3102.0
9.0,321.0,2321.0,241.0
9.0,325.0,1605.0,1088.0
9.0,326.0,2624.0,3556.0
9.0,329.0,1352.0,416.0
9.0,332.0,3071.0,1063.0
9.0,339.0,2634.0,1499.0
10.0,2.0,932.0,3454.0
10.0,4.0,925.0,3926.0
10.0,5.0,3280.0,2010.0
10.0,6.0,3879.0,2836.0
10.0,7.0,2094.0,870.0
10.0,8.0,3403.0,191.0
10.0,9.0,2658.0,1605.0
10.0,10.0,3928.0,3247.0
10.0,11.0,2005.0,333.0
10.0,12.0,453.0,3392.0
10.0,13.0,3445.0,1613.0
10.0,14.0,3280.0,886.0
10.0,15.0,453.0,2956.0
10.0,16.0,2658.0,3239.0
10.0,17.0,453.0,2140.0
10.0,20.0,794.0,1912.0
10.0,21.0,3247.0,3380.0
10.0,23.0,3247.0,308.0
10.0,24.0,757.0,3375.0
10.0,25.0,1095.0,206.0
10.0,26.0,1425.0,1606.0
10.0,27.0,2612.0,3660.0
10.0,29.0,3247.0,3272.0
10.0,30.0,789.0,3966.0
10.0,31.0,2142.0,1825.0
10.0,32.0,2676.0,1824.0
10.0,33.0,3929.0,1646.0
10.0,34.0,3927.0,2105.0
10.0,37.0,3879.0,3535.0
10.0,40.0,2659.0,1473.0
10.0,41.0,452.0,36.0
10.0,43.0,1037.0,686.0
10.0,44.0,3929.0,3057.0
10.0,45.0,2005.0,2417.0
10.0,46.0,3885.0,1482.0
10.0,47.0,2660.0,2547.0
10.0,48.0,790.0,804.0
10.0,49.0,2657.0,177.0
10.0,50.0,3310.0,441.0
10.0,53.0,3152.0,909.0
10.0,54.0,3403.0,359.0
10.0,55.0,453.0,3843.0
10.0,58.0,1427.0,3070.0
10.0,61.0,453.0,2705.0
10.0,62.0,2095.0,1040.0
10.0,64.0,2638.0,824.0
10.0,66.0,2660.0,3696.0
10.0,67.0,792.0,1420.0
10.0,68.0,789.0,346.0
10.0,70.0,2133.0,146.0
10.0,71.0,1465.0,1405.0
10.0,72.0,2658.0,3635.0
10.0,73.0,1426.0,336.0
10.0,74.0,2656.0,2038.0
10.0,75.0,3299.0,974.0
10.0,76.0,1099.0,1383.0
10.0,78.0,2716.0,86.0
10.0,79.0,932.0,2590.0
10.0,80.0,1097.0,1824.0
10.0,81.0,71.0,1537.0
10.0,82.0,452.0,320.0
10.0,86.0,1099.0,1559.0
10.0,90.0,469.0,2051.0
10.0,91.0,452.0,1668.0
10.0,93.0,794.0,463.0
10.0,94.0,2660.0,648.0
10.0,95.0,3399.0,2778.0
10.0,96.0,2452.0,339.0
10.0,98.0,3247.0,1419.0
10.0,101.0,3247.0,1660.0
10.0,102.0,3403.0,3306.0
10.0,105.0,3879.0,2035.0
10.0,106.0,2642.0,3396.0
10.0,115.0,3247.0,3840.0
10.0,116.0,2658.0,2830.0
10.0,117.0,613.0,137.0
10.0,119.0,2133.0,2141.0
10.0,120.0,2133.0,2858.0
10.0,121.0,614.0,2966.0
10.0,122.0,932.0,570.0
10.0,128.0,2639.0,2012.0
10.0,132.0,609.0,3205.0
10.0,133.0,3279.0,1019.0
10.0,134.0,2612.0,2927.0
10.0,135.0,1465.0,3173.0
10.0,138.0,1101.0,1710.0
10.0,140.0,3280.0,2466.0
10.0,141.0,452.0,237.0
10.0,142.0,3879.0,685.0
10.0,143.0,608.0,2563.0
10.0,145.0,319.0,1716.0
10.0,147.0,2132.0,337.0
10.0,151.0,3398.0,86.0
10.0,154.0,3403.0,3579.0
10.0,159.0,1098.0,1621.0
10.0,160.0,469.0,487.0
10.0,163.0,791.0,398.0
10.0,164.0,2660.0,3488.0
10.0,170.0,2132.0,2827.0
10.0,172.0,2005.0,950.0
10.0,175.0,2001.0,661.0
10.0,178.0,2639.0,112.0
10.0,179.0,3299.0,385.0
10.0,181.0,2658.0,2221.0
10.0,185.0,2095.0,703.0
10.0,188.0,3884.0,2070.0
10.0,190.0,3247.0,3974.0
10.0,195.0,3927.0,3800.0
10.0,196.0,792.0,2289.0
10.0,197.0,613.0,334.0
10.0,199.0,789.0,1409.0
10.0,200.0,790.0,736.0
10.0,202.0,3927.0,3433.0
10.0,213.0,3445.0,829.0
10.0,214.0,2094.0,928.0
10.0,216.0,2587.0,1606.0
10.0,223.0,2642.0,2521.0
10.0,224.0,2659.0,1057.0
10.0,225.0,3280.0,84.0
10.0,229.0,1101.0,2932.0
10.0,241.0,2132.0,261.0
10.0,243.0,3930.0,2352.0
10.0,244.0,3280.0,3025.0
10.0,247.0,2385.0,3873.0
10.0,252.0,1100.0,259.0
10.0,253.0,608.0,1391.0
10.0,255.0,3247.0,1904.0
10.0,256.0,3247.0,2976.0
10.0,258.0,2587.0,2129.0
10.0,259.0,1097.0,2112.0
10.0,260.0,2094.0,945.0
10.0,265.0,613.0,3699.0
10.0,269.0,3880.0,214.0
10.0,275.0,1099.0,55.0
10.0,277.0,3249.0,499.0
10.0,282.0,789.0,841.0
10.0,287.0,453.0,1385.0
10.0,292.0,792.0,1594.0
10.0,294.0,2639.0,184.0
10.0,301.0,3885.0,175.0
10.0,310.0,2641.0,693.0
10.0,311.0,2716.0,253.0
10.0,316.0,613.0,1868.0
10.0,317.0,3884.0,136.0
10.0,321.0,3279.0,241.0
10.0,322.0,452.0,3192.0
10.0,328.0,2642.0,2509.0
10.0,337.0,2002.0,3023.0
10.0,342.0,2002.0,1209.0
11.0,1.0,333.0,2690.0
11.0,2.0,333.0,3454.0
11.0,3.0,333.0,2443.0
11.0,5.0,333.0,54.0
11.0,6.0,333.0,1105.0
11.0,7.0,333.0,3268.0
11.0,10.0,333.0,3310.0
11.0,11.0,333.0,333.0
11.0,12.0,333.0,635.0
11.0,13.0,333.0,1937.0
11.0,14.0,333.0,877.0
11.0,15.0,333.0,2030.0
11.0,16.0,333.0,3241.0
11.0,18.0,333.0,84.0
11.0,20.0,333.0,1895.0
11.0,21.0,333.0,897.0
11.0,23.0,333.0,310.0
11.0,24.0,333.0,3189.0
11.0,26.0,333.0,3472.0
11.0,29.0,333.0,2169.0
11.0,30.0,333.0,3966.0
11.0,37.0,333.0,402.0
11.0,39.0,333.0,3026.0
11.0,40.0,333.0,1473.0
11.0,41.0,333.0,2551.0
11.0,42.0,333.0,888.0
11.0,43.0,333.0,686.0
11.0,44.0,333.0,2534.0
11.0,45.0,333.0,67.0
11.0,46.0,333.0,714.0
11.0,48.0,333.0,2597.0
11.0,50.0,333.0,2000.0
11.0,51.0,333.0,2580.0
11.0,53.0,333.0,852.0
11.0,54.0,333.0,355.0
11.0,55.0,333.0,691.0
11.0,56.0,333.0,2925.0
11.0,58.0,333.0,1380.0
11.0,61.0,333.0,623.0
11.0,62.0,333.0,1004.0
11.0,64.0,333.0,1081.0
11.0,68.0,333.0,594.0
11.0,70.0,333.0,1706.0
11.0,72.0,333.0,324.0
11.0,73.0,333.0,401.0
11.0,78.0,333.0,86.0
11.0,79.0,333.0,2239.0
11.0,81.0,333.0,3802.0
11.0,82.0,333.0,2691.0
11.0,88.0,333.0,688.0
11.0,89.0,333.0,3903.0
11.0,90.0,333.0,2719.0
11.0,91.0,333.0,3283.0
11.0,92.0,333.0,3020.0
11.0,94.0,333.0,646.0
11.0,95.0,333.0,3227.0
11.0,96.0,333.0,339.0
11.0,97.0,333.0,236.0
11.0,102.0,333.0,3306.0
11.0,103.0,333.0,239.0
11.0,104.0,333.0,1448.0
11.0,106.0,333.0,3396.0
11.0,108.0,333.0,1720.0
11.0,110.0,333.0,2877.0
11.0,113.0,333.0,2692.0
11.0,117.0,333.0,137.0
11.0,120.0,333.0,2858.0
11.0,121.0,333.0,2966.0
11.0,122.0,333.0,2032.0
11.0,123.0,333.0,682.0
11.0,125.0,333.0,720.0
11.0,127.0,333.0,2106.0
11.0,128.0,333.0,2021.0
11.0,130.0,333.0,1962.0
11.0,132.0,333.0,3183.0
11.0,134.0,333.0,475.0
11.0,137.0,333.0,2928.0
11.0,138.0,333.0,1704.0
11.0,140.0,333.0,3253.0
11.0,141.0,333.0,1708.0
11.0,143.0,333.0,2563.0
11.0,147.0,333.0,87.0
11.0,153.0,333.0,2768.0
11.0,154.0,333.0,1640.0
11.0,155.0,333.0,1023.0
11.0,156.0,333.0,829.0
11.0,163.0,333.0,398.0
11.0,164.0,333.0,3488.0
11.0,167.0,333.0,3372.0
11.0,168.0,333.0,2464.0
11.0,169.0,333.0,662.0
11.0,170.0,333.0,1718.0
11.0,171.0,333.0,1543.0
11.0,177.0,333.0,413.0
11.0,178.0,333.0,2439.0
11.0,185.0,333.0,687.0
11.0,187.0,333.0,81.0
11.0,188.0,333.0,2058.0
11.0,189.0,333.0,1918.0
11.0,196.0,333.0,322.0
11.0,197.0,333.0,348.0
11.0,199.0,333.0,2167.0
11.0,200.0,333.0,736.0
11.0,203.0,333.0,1444.0
11.0,205.0,333.0,2076.0
11.0,218.0,333.0,148.0
11.0,224.0,333.0,1027.0
11.0,225.0,333.0,84.0
11.0,226.0,333.0,1434.0
11.0,227.0,333.0,344.0
11.0,228.0,333.0,1246.0
11.0,233.0,333.0,412.0
11.0,234.0,333.0,80.0
11.0,235.0,333.0,2696.0
11.0,239.0,333.0,3409.0
11.0,241.0,333.0,3023.0
11.0,244.0,333.0,1591.0
11.0,248.0,333.0,2036.0
11.0,250.0,333.0,1264.0
11.0,262.0,333.0,2505.0
11.0,263.0,333.0,824.0
11.0,264.0,333.0,173.0
11.0,273.0,333.0,48.0
11.0,274.0,333.0,1632.0
11.0,275.0,333.0,317.0
11.0,276.0,333.0,2952.0
11.0,281.0,333.0,3391.0
11.0,284.0,333.0,2932.0
11.0,288.0,333.0,1927.0
11.0,290.0,333.0,1020.0
11.0,291.0,333.0,940.0
11.0,292.0,333.0,1594.0
11.0,295.0,333.0,1419.0
11.0,305.0,333.0,2359.0
11.0,311.0,333.0,253.0
11.0,312.0,333.0,351.0
11.0,313.0,333.0,3377.0
11.0,317.0,333.0,136.0
11.0,329.0,333.0,1077.0
11.0,334.0,333.0,149.0
11.0,341.0,333.0,1891.0
12.0,2.0,635.0,979.0
12.0,3.0,635.0,2443.0
12.0,5.0,3392.0,2010.0
12.0,7.0,635.0,1118.0
12.0,9.0,3392.0,1353.0
12.0,10.0,3392.0,2658.0
12.0,11.0,635.0,333.0
12.0,12.0,635.0,635.0
12.0,14.0,635.0,1172.0
12.0,15.0,635.0,3242.0
12.0,18.0,635.0,3839.0
12.0,21.0,3392.0,3133.0
12.0,22.0,3392.0,2755.0
12.0,23.0,3392.0,307.0
12.0,24.0,3392.0,3376.0
12.0,27.0,635.0,3660.0
12.0,28.0,3392.0,2046.0
12.0,29.0,3392.0,3275.0
12.0,37.0,635.0,2945.0
12.0,41.0,635.0,36.0
12.0,42.0,635.0,878.0
12.0,43.0,3392.0,686.0
12.0,45.0,3392.0,68.0
12.0,46.0,3392.0,1511.0
12.0,47.0,635.0,2547.0
12.0,50.0,635.0,3056.0
12.0,51.0,635.0,2580.0
12.0,54.0,635.0,359.0
12.0,55.0,3392.0,690.0
12.0,56.0,635.0,1826.0
12.0,62.0,3392.0,999.0
12.0,64.0,3392.0,1081.0
12.0,68.0,635.0,440.0
12.0,70.0,635.0,2193.0
12.0,72.0,3392.0,1517.0
12.0,73.0,635.0,3021.0
12.0,78.0,635.0,86.0
12.0,85.0,635.0,1586.0
12.0,88.0,635.0,688.0
12.0,89.0,635.0,3903.0
12.0,91.0,3392.0,3283.0
12.0,95.0,3392.0,2778.0
12.0,97.0,635.0,3594.0
12.0,102.0,635.0,3306.0
12.0,115.0,3392.0,83.0
12.0,119.0,635.0,2141.0
12.0,122.0,635.0,2954.0
12.0,123.0,3392.0,682.0
12.0,125.0,3392.0,720.0
12.0,128.0,3392.0,2023.0
12.0,130.0,3392.0,601.0
12.0,132.0,3392.0,2006.0
12.0,134.0,3392.0,473.0
12.0,135.0,635.0,3265.0
12.0,139.0,635.0,3825.0
12.0,141.0,635.0,238.0
12.0,142.0,635.0,685.0
12.0,143.0,635.0,393.0
12.0,147.0,635.0,87.0
12.0,154.0,635.0,3580.0
12.0,156.0,635.0,828.0
12.0,163.0,635.0,201.0
12.0,168.0,3392.0,1707.0
12.0,178.0,3392.0,92.0
12.0,182.0,635.0,2008.0
12.0,185.0,635.0,703.0
12.0,191.0,635.0,140.0
12.0,196.0,635.0,3288.0
12.0,197.0,3392.0,334.0
12.0,203.0,635.0,1444.0
12.0,205.0,3392.0,2718.0
12.0,206.0,3392.0,1892.0
12.0,215.0,635.0,1464.0
12.0,218.0,3392.0,148.0
12.0,225.0,3392.0,84.0
12.0,227.0,3392.0,344.0
12.0,234.0,635.0,3058.0
12.0,236.0,3392.0,1916.0
12.0,243.0,3392.0,2349.0
12.0,244.0,635.0,3025.0
12.0,245.0,3392.0,1452.0
12.0,248.0,3392.0,697.0
12.0,259.0,635.0,2101.0
12.0,262.0,635.0,2365.0
12.0,275.0,635.0,2783.0
12.0,276.0,635.0,464.0
12.0,278.0,635.0,694.0
12.0,310.0,3392.0,710.0
12.0,314.0,3392.0,2026.0
12.0,317.0,3392.0,136.0
12.0,334.0,3392.0,149.0
13.0,1.0,2947.0,159.0
13.0,2.0,1612.0,2041.0
13.0,7.0,2391.0,3218.0
13.0,10.0,169.0,3310.0
13.0,11.0,2948.0,333.0
13.0,12.0,429.0,3392.0
13.0,13.0,2367.0,2171.0
13.0,14.0,2947.0,2615.0
13.0,15.0,1610.0,712.0
13.0,20.0,2389.0,681.0
13.0,21.0,2946.0,3896.0
13.0,23.0,153.0,271.0
13.0,24.0,163.0,364.0
13.0,26.0,1937.0,3471.0
13.0,28.0,2947.0,2046.0
13.0,30.0,705.0,3966.0
13.0,37.0,1423.0,403.0
13.0,41.0,162.0,356.0
13.0,43.0,2946.0,686.0
13.0,44.0,2171.0,3593.0
13.0,45.0,1610.0,3270.0
13.0,50.0,2172.0,442.0
13.0,53.0,1613.0,855.0
13.0,55.0,1938.0,3843.0
13.0,56.0,1423.0,1026.0
13.0,62.0,1423.0,2407.0
13.0,68.0,163.0,346.0
13.0,70.0,2946.0,146.0
13.0,73.0,158.0,401.0
13.0,77.0,153.0,2966.0
13.0,78.0,2368.0,86.0
13.0,81.0,1938.0,1537.0
13.0,88.0,153.0,688.0
13.0,89.0,153.0,3903.0
13.0,98.0,164.0,1419.0
13.0,99.0,2174.0,234.0
13.0,103.0,2946.0,239.0
13.0,117.0,2946.0,137.0
13.0,122.0,2367.0,2031.0
13.0,123.0,157.0,682.0
13.0,125.0,2948.0,720.0
13.0,128.0,1937.0,2018.0
13.0,134.0,1424.0,3539.0
13.0,141.0,162.0,237.0
13.0,147.0,1937.0,87.0
13.0,151.0,1610.0,86.0
13.0,154.0,2366.0,3580.0
13.0,156.0,1613.0,829.0
13.0,168.0,1937.0,2464.0
13.0,171.0,1423.0,1543.0
13.0,172.0,2947.0,1883.0
13.0,175.0,164.0,702.0
13.0,178.0,162.0,3615.0
13.0,182.0,154.0,2598.0
13.0,183.0,1610.0,150.0
13.0,185.0,2947.0,1543.0
13.0,187.0,2947.0,81.0
13.0,190.0,705.0,2721.0
13.0,191.0,163.0,137.0
13.0,192.0,2947.0,2288.0
13.0,198.0,2533.0,826.0
13.0,200.0,2172.0,1067.0
13.0,205.0,2946.0,48.0
13.0,215.0,2948.0,1464.0
13.0,218.0,2367.0,148.0
13.0,221.0,1938.0,167.0
13.0,222.0,154.0,181.0
13.0,223.0,1612.0,2522.0
13.0,224.0,2174.0,867.0
13.0,225.0,2368.0,84.0
13.0,233.0,2947.0,1573.0
13.0,234.0,163.0,80.0
13.0,236.0,164.0,659.0
13.0,241.0,154.0,2560.0
13.0,243.0,705.0,260.0
13.0,248.0,164.0,692.0
13.0,251.0,153.0,1085.0
13.0,262.0,429.0,2682.0
13.0,273.0,1424.0,48.0
13.0,275.0,2172.0,82.0
13.0,284.0,2171.0,2932.0
13.0,295.0,164.0,1419.0
13.0,317.0,2948.0,136.0
13.0,325.0,153.0,1560.0
13.0,334.0,154.0,149.0
13.0,341.0,164.0,1891.0
14.0,2.0,952.0,972.0
14.0,3.0,1476.0,2443.0
14.0,4.0,1166.0,303.0
14.0,5.0,1173.0,54.0
14.0,6.0,899.0,1105.0
14.0,7.0,1145.0,196.0
14.0,8.0,3138.0,571.0
14.0,9.0,3778.0,1092.0
14.0,10.0,1132.0,612.0
14.0,11.0,2886.0,333.0
14.0,12.0,886.0,3392.0
14.0,14.0,1175.0,2884.0
14.0,15.0,1176.0,2027.0
14.0,18.0,2814.0,60.0
14.0,21.0,899.0,291.0
14.0,22.0,2883.0,528.0
14.0,23.0,3775.0,308.0
14.0,25.0,885.0,489.0
14.0,26.0,3136.0,3471.0
14.0,28.0,2881.0,3015.0
14.0,29.0,1742.0,2646.0
14.0,30.0,2885.0,3966.0
14.0,31.0,2890.0,645.0
14.0,33.0,2881.0,1671.0
14.0,34.0,1240.0,2105.0
14.0,39.0,2887.0,3029.0
14.0,40.0,3137.0,1676.0
14.0,41.0,1234.0,356.0
14.0,42.0,2651.0,3191.0
14.0,43.0,2895.0,682.0
14.0,44.0,1340.0,3592.0
14.0,45.0,3760.0,100.0
14.0,46.0,2881.0,1482.0
14.0,47.0,3763.0,1953.0
14.0,48.0,1817.0,806.0
14.0,49.0,117.0,3117.0
14.0,50.0,3136.0,441.0
14.0,52.0,2886.0,1351.0
14.0,53.0,1266.0,1528.0
14.0,54.0,2165.0,359.0
14.0,55.0,3135.0,3184.0
14.0,56.0,2883.0,1025.0
14.0,57.0,3440.0,2211.0
14.0,60.0,1183.0,1539.0
14.0,61.0,3761.0,1793.0
14.0,62.0,1158.0,821.0
14.0,64.0,2886.0,2826.0
14.0,65.0,3748.0,1445.0
14.0,66.0,3750.0,3696.0
14.0,67.0,1185.0,1420.0
14.0,68.0,1151.0,1054.0
14.0,72.0,1270.0,3190.0
14.0,73.0,885.0,333.0
14.0,74.0,3747.0,3499.0
14.0,75.0,2886.0,974.0
14.0,77.0,3560.0,2966.0
14.0,78.0,1143.0,86.0
14.0,79.0,2885.0,2818.0
14.0,81.0,1283.0,987.0
14.0,82.0,3745.0,1978.0
14.0,85.0,2554.0,3532.0
14.0,87.0,2882.0,1445.0
14.0,89.0,1182.0,3903.0
14.0,94.0,1179.0,646.0
14.0,95.0,952.0,1512.0
14.0,96.0,1181.0,2197.0
14.0,97.0,1136.0,236.0
14.0,98.0,1253.0,1419.0
14.0,101.0,2887.0,372.0
14.0,103.0,2883.0,239.0
14.0,106.0,3478.0,241.0
14.0,107.0,1251.0,3176.0
14.0,109.0,1242.0,2230.0
14.0,110.0,1144.0,2877.0
14.0,113.0,3767.0,1450.0
14.0,114.0,2992.0,2892.0
14.0,115.0,2883.0,83.0
14.0,116.0,3138.0,2830.0
14.0,117.0,2881.0,137.0
14.0,118.0,1175.0,352.0
14.0,120.0,2885.0,1436.0
14.0,121.0,1773.0,2966.0
14.0,122.0,3767.0,2009.0
14.0,124.0,2887.0,1303.0
14.0,125.0,2886.0,720.0
14.0,126.0,1802.0,2139.0
14.0,128.0,2887.0,579.0
14.0,129.0,1186.0,825.0
14.0,130.0,3136.0,1431.0
14.0,131.0,2864.0,1692.0
14.0,132.0,2554.0,2593.0
14.0,133.0,2882.0,3595.0
14.0,134.0,3764.0,2926.0
14.0,135.0,1164.0,1597.0
14.0,136.0,3767.0,3865.0
14.0,137.0,1874.0,2928.0
14.0,140.0,1476.0,2763.0
14.0,141.0,2131.0,238.0
14.0,143.0,2884.0,2563.0
14.0,146.0,1270.0,255.0
14.0,147.0,1186.0,337.0
14.0,149.0,2884.0,2049.0
14.0,151.0,2881.0,86.0
14.0,154.0,886.0,1640.0
14.0,156.0,1163.0,829.0
14.0,160.0,1150.0,2730.0
14.0,161.0,886.0,1404.0
14.0,162.0,2881.0,353.0
14.0,163.0,1141.0,398.0
14.0,164.0,3136.0,1715.0
14.0,165.0,2889.0,254.0
14.0,166.0,3752.0,967.0
14.0,168.0,3763.0,2464.0
14.0,170.0,1159.0,2827.0
14.0,172.0,886.0,3530.0
14.0,175.0,1131.0,661.0
14.0,176.0,2881.0,508.0
14.0,178.0,1184.0,2250.0
14.0,180.0,2881.0,186.0
14.0,181.0,2890.0,2221.0
14.0,182.0,2796.0,2598.0
14.0,184.0,1232.0,246.0
14.0,185.0,1143.0,687.0
14.0,186.0,2807.0,567.0
14.0,187.0,1185.0,81.0
14.0,188.0,2558.0,2068.0
14.0,189.0,1133.0,1897.0
14.0,190.0,984.0,151.0
14.0,191.0,1875.0,140.0
14.0,192.0,3137.0,2288.0
14.0,193.0,2882.0,1760.0
14.0,196.0,1753.0,1211.0
14.0,197.0,2615.0,348.0
14.0,198.0,3277.0,826.0
14.0,201.0,117.0,1389.0
14.0,203.0,1734.0,1444.0
14.0,204.0,1179.0,2968.0
14.0,205.0,886.0,3244.0
14.0,209.0,1142.0,2134.0
14.0,212.0,3137.0,354.0
14.0,214.0,885.0,2747.0
14.0,215.0,3752.0,149.0
14.0,220.0,1251.0,1703.0
14.0,223.0,886.0,14.0
14.0,224.0,2882.0,995.0
14.0,225.0,2615.0,84.0
14.0,226.0,1750.0,1434.0
14.0,227.0,1176.0,344.0
14.0,228.0,3382.0,1229.0
14.0,229.0,1232.0,2933.0
14.0,230.0,1255.0,1726.0
14.0,234.0,3768.0,3058.0
14.0,237.0,2556.0,3060.0
14.0,238.0,2710.0,1504.0
14.0,240.0,1136.0,637.0
14.0,241.0,1142.0,2559.0
14.0,242.0,1276.0,193.0
14.0,243.0,3763.0,2354.0
14.0,244.0,877.0,3024.0
14.0,247.0,1266.0,2511.0
14.0,249.0,1801.0,1069.0
14.0,250.0,1168.0,1264.0
14.0,253.0,3382.0,1391.0
14.0,257.0,3765.0,3479.0
14.0,258.0,1268.0,2129.0
14.0,259.0,2710.0,2102.0
14.0,261.0,2557.0,650.0
14.0,262.0,2881.0,2372.0
14.0,265.0,2813.0,1396.0
14.0,266.0,2885.0,2334.0
14.0,274.0,1254.0,1637.0
14.0,275.0,1249.0,317.0
14.0,276.0,1249.0,2953.0
14.0,278.0,885.0,1896.0
14.0,280.0,1242.0,2906.0
14.0,284.0,2887.0,2932.0
14.0,285.0,1182.0,1256.0
14.0,287.0,3138.0,1385.0
14.0,289.0,2883.0,2102.0
14.0,292.0,2887.0,761.0
14.0,293.0,1248.0,1264.0
14.0,297.0,3441.0,1210.0
14.0,298.0,1182.0,1620.0
14.0,304.0,984.0,675.0
14.0,307.0,1186.0,248.0
14.0,312.0,873.0,351.0
14.0,313.0,2555.0,3102.0
14.0,314.0,3757.0,1417.0
14.0,316.0,2889.0,1868.0
14.0,320.0,1253.0,352.0
14.0,322.0,1754.0,3192.0
14.0,326.0,2895.0,3556.0
14.0,327.0,886.0,1621.0
14.0,328.0,2864.0,831.0
14.0,329.0,1241.0,2650.0
14.0,330.0,2557.0,1094.0
14.0,332.0,3751.0,1063.0
14.0,334.0,3276.0,149.0
14.0,337.0,1235.0,3023.0
14.0,338.0,3276.0,1868.0
14.0,342.0,1272.0,1209.0
15.0,1.0,2029.0,160.0
15.0,2.0,717.0,2613.0
15.0,3.0,712.0,2443.0
15.0,5.0,717.0,52.0
15.0,6.0,2957.0,1102.0
15.0,7.0,3242.0,3188.0
15.0,10.0,712.0,1096.0
15.0,11.0,712.0,333.0
15.0,12.0,717.0,3392.0
15.0,13.0,2648.0,1937.0
15.0,15.0,2956.0,2028.0
15.0,16.0,717.0,2878.0
15.0,18.0,717.0,84.0
15.0,20.0,717.0,701.0
15.0,24.0,2956.0,358.0
15.0,27.0,2030.0,684.0
15.0,28.0,717.0,2046.0
15.0,41.0,2958.0,331.0
15.0,43.0,717.0,686.0
15.0,44.0,2957.0,3592.0
15.0,45.0,712.0,2458.0
15.0,46.0,2957.0,714.0
15.0,48.0,2030.0,32.0
15.0,50.0,2027.0,59.0
15.0,51.0,2647.0,2580.0
15.0,53.0,2956.0,853.0
15.0,54.0,2030.0,1655.0
15.0,55.0,2956.0,691.0
15.0,59.0,717.0,1260.0
15.0,60.0,2957.0,641.0
15.0,62.0,2956.0,209.0
15.0,68.0,712.0,1054.0
15.0,70.0,3242.0,1705.0
15.0,72.0,2957.0,2732.0
15.0,73.0,2958.0,401.0
15.0,74.0,717.0,1488.0
15.0,81.0,712.0,948.0
15.0,87.0,3242.0,2693.0
15.0,88.0,2957.0,688.0
15.0,90.0,2029.0,1412.0
15.0,91.0,3242.0,3284.0
15.0,95.0,2647.0,2778.0
15.0,101.0,2957.0,3013.0
15.0,102.0,3242.0,3306.0
15.0,103.0,2648.0,2468.0
15.0,110.0,2030.0,2877.0
15.0,114.0,717.0,3853.0
15.0,115.0,3242.0,83.0
15.0,117.0,2029.0,137.0
15.0,122.0,3371.0,2009.0
15.0,123.0,3242.0,682.0
15.0,125.0,2957.0,720.0
15.0,128.0,712.0,2023.0
15.0,132.0,2956.0,2006.0
15.0,133.0,712.0,1016.0
15.0,134.0,717.0,476.0
15.0,135.0,3242.0,788.0
15.0,140.0,717.0,3255.0
15.0,141.0,712.0,1708.0
15.0,142.0,2648.0,685.0
15.0,143.0,2958.0,2564.0
15.0,147.0,2030.0,87.0
15.0,154.0,717.0,3579.0
15.0,156.0,2030.0,828.0
15.0,158.0,712.0,2241.0
15.0,163.0,2030.0,398.0
15.0,167.0,717.0,3372.0
15.0,169.0,2956.0,662.0
15.0,171.0,2027.0,1543.0
15.0,175.0,717.0,661.0
15.0,182.0,2956.0,2598.0
15.0,184.0,2029.0,3407.0
15.0,185.0,2647.0,687.0
15.0,197.0,2029.0,334.0
15.0,201.0,2029.0,1389.0
15.0,203.0,2029.0,1444.0
15.0,205.0,3846.0,2717.0
15.0,206.0,2030.0,1892.0
15.0,210.0,3371.0,256.0
15.0,221.0,2030.0,165.0
15.0,223.0,2647.0,783.0
15.0,225.0,3371.0,84.0
15.0,227.0,2027.0,2184.0
15.0,228.0,2648.0,1233.0
15.0,229.0,712.0,2932.0
15.0,231.0,2029.0,2260.0
15.0,235.0,717.0,2695.0
15.0,236.0,3242.0,659.0
15.0,241.0,3242.0,2561.0
15.0,248.0,2957.0,692.0
15.0,276.0,2956.0,1919.0
15.0,278.0,3846.0,1896.0
15.0,281.0,3371.0,3391.0
15.0,295.0,3242.0,1419.0
15.0,310.0,712.0,693.0
15.0,311.0,2958.0,253.0
15.0,326.0,2647.0,3556.0
15.0,331.0,2029.0,578.0
15.0,334.0,2028.0,149.0
15.0,341.0,3242.0,1891.0
16.0,1.0,3240.0,1997.0
16.0,2.0,3239.0,3264.0
16.0,3.0,3241.0,2443.0
16.0,5.0,2878.0,52.0
16.0,7.0,2457.0,3311.0
16.0,8.0,3240.0,573.0
16.0,10.0,3261.0,3247.0
16.0,11.0,2457.0,333.0
16.0,15.0,689.0,2956.0
16.0,16.0,3261.0,3261.0
16.0,18.0,689.0,60.0
16.0,27.0,2878.0,684.0
16.0,29.0,2878.0,2383.0
16.0,37.0,3239.0,3306.0
16.0,43.0,3240.0,682.0
16.0,44.0,3261.0,56.0
16.0,47.0,3241.0,1806.0
16.0,48.0,3261.0,2540.0
16.0,49.0,3240.0,1080.0
16.0,50.0,3240.0,381.0
16.0,53.0,689.0,2739.0
16.0,54.0,3241.0,1657.0
16.0,62.0,3240.0,197.0
16.0,63.0,2457.0,2741.0
16.0,72.0,3240.0,40.0
16.0,78.0,3240.0,86.0
16.0,89.0,2878.0,3903.0
16.0,90.0,3240.0,1413.0
16.0,95.0,3239.0,3260.0
16.0,102.0,3239.0,3306.0
16.0,110.0,2457.0,2877.0
16.0,114.0,3239.0,1421.0
16.0,122.0,2457.0,2024.0
16.0,123.0,3241.0,682.0
16.0,125.0,3261.0,720.0
16.0,128.0,2879.0,2017.0
16.0,132.0,3261.0,2006.0
16.0,133.0,3240.0,3943.0
16.0,134.0,2879.0,2926.0
16.0,142.0,2878.0,685.0
16.0,163.0,2457.0,147.0
16.0,167.0,3261.0,50.0
16.0,168.0,689.0,708.0
16.0,169.0,3239.0,662.0
16.0,173.0,2457.0,3976.0
16.0,175.0,2457.0,661.0
16.0,178.0,2879.0,105.0
16.0,182.0,2879.0,2598.0
16.0,185.0,3240.0,1543.0
16.0,190.0,689.0,152.0
16.0,203.0,3240.0,1444.0
16.0,205.0,2879.0,2717.0
16.0,206.0,3239.0,1892.0
16.0,210.0,3261.0,256.0
16.0,221.0,689.0,165.0
16.0,236.0,2878.0,1916.0
16.0,248.0,2878.0,697.0
16.0,276.0,3240.0,2953.0
16.0,278.0,3261.0,696.0
16.0,314.0,689.0,2026.0
17.0,2.0,551.0,2743.0
17.0,6.0,3369.0,2130.0
17.0,7.0,3861.0,3453.0
17.0,8.0,552.0,2871.0
17.0,14.0,2140.0,3748.0
17.0,17.0,2140.0,2309.0
17.0,18.0,1375.0,30.0
17.0,21.0,1833.0,3948.0
17.0,22.0,2764.0,539.0
17.0,25.0,2147.0,1492.0
17.0,26.0,546.0,1606.0
17.0,33.0,552.0,2951.0
17.0,38.0,547.0,2213.0
17.0,40.0,2308.0,1677.0
17.0,41.0,3867.0,357.0
17.0,44.0,552.0,3592.0
17.0,48.0,2765.0,817.0
17.0,50.0,2140.0,441.0
17.0,53.0,554.0,1521.0
17.0,61.0,2765.0,622.0
17.0,66.0,1399.0,3394.0
17.0,68.0,550.0,1641.0
17.0,71.0,2140.0,2189.0
17.0,74.0,3866.0,2038.0
17.0,79.0,1375.0,585.0
17.0,82.0,549.0,596.0
17.0,87.0,548.0,1446.0
17.0,89.0,548.0,3903.0
17.0,96.0,550.0,339.0
17.0,101.0,2308.0,3013.0
17.0,105.0,546.0,343.0
17.0,113.0,2308.0,2692.0
17.0,114.0,553.0,2044.0
17.0,115.0,550.0,2515.0
17.0,118.0,552.0,352.0
17.0,133.0,545.0,3100.0
17.0,134.0,3866.0,475.0
17.0,136.0,546.0,1832.0
17.0,139.0,549.0,2756.0
17.0,140.0,2764.0,2466.0
17.0,153.0,2147.0,556.0
17.0,157.0,3861.0,2246.0
17.0,158.0,2140.0,2591.0
17.0,160.0,547.0,486.0
17.0,161.0,2311.0,1404.0
17.0,166.0,2314.0,3719.0
17.0,178.0,2764.0,2473.0
17.0,187.0,553.0,2512.0
17.0,199.0,2140.0,2167.0
17.0,202.0,549.0,3433.0
17.0,208.0,2764.0,2454.0
17.0,223.0,1375.0,2520.0
17.0,224.0,2765.0,2516.0
17.0,226.0,2147.0,1434.0
17.0,234.0,554.0,145.0
17.0,235.0,3367.0,2695.0
17.0,238.0,547.0,3081.0
17.0,242.0,2140.0,193.0
17.0,243.0,549.0,2351.0
17.0,244.0,2140.0,3809.0
17.0,253.0,546.0,1391.0
17.0,257.0,3367.0,3480.0
17.0,259.0,553.0,2112.0
17.0,262.0,550.0,2505.0
17.0,271.0,2140.0,340.0
17.0,303.0,2147.0,1403.0
17.0,305.0,2140.0,2359.0
17.0,308.0,549.0,542.0
17.0,312.0,1375.0,351.0
17.0,314.0,2147.0,2049.0
17.0,323.0,552.0,2188.0
17.0,332.0,2764.0,1070.0
17.0,335.0,554.0,3508.0
17.0,336.0,553.0,255.0
18.0,1.0,1050.0,1898.0
18.0,2.0,84.0,2743.0
18.0,3.0,84.0,2443.0
18.0,4.0,438.0,283.0
18.0,5.0,380.0,2011.0
18.0,6.0,437.0,1112.0
18.0,7.0,438.0,3584.0
18.0,8.0,57.0,2871.0
18.0,10.0,2663.0,2659.0
18.0,11.0,1484.0,333.0
18.0,12.0,3290.0,3392.0
18.0,14.0,438.0,1476.0
18.0,15.0,57.0,2956.0
18.0,16.0,2663.0,2457.0
18.0,18.0,84.0,438.0
18.0,21.0,2663.0,1207.0
18.0,22.0,3289.0,530.0
18.0,23.0,3294.0,308.0
18.0,24.0,57.0,1491.0
18.0,25.0,57.0,1492.0
18.0,27.0,60.0,713.0
18.0,29.0,1484.0,91.0
18.0,30.0,438.0,3966.0
18.0,31.0,3657.0,2922.0
18.0,33.0,84.0,3804.0
18.0,40.0,2444.0,1475.0
18.0,41.0,3968.0,36.0
18.0,42.0,1484.0,3191.0
18.0,43.0,1484.0,686.0
18.0,44.0,3839.0,85.0
18.0,45.0,57.0,2004.0
18.0,46.0,2677.0,714.0
18.0,47.0,84.0,1955.0
18.0,48.0,468.0,2540.0
18.0,50.0,3512.0,2637.0
18.0,51.0,2445.0,2580.0
18.0,53.0,847.0,2739.0
18.0,54.0,378.0,1005.0
18.0,56.0,3968.0,1826.0
18.0,61.0,3839.0,3031.0
18.0,62.0,379.0,3838.0
18.0,64.0,30.0,2826.0
18.0,66.0,2677.0,3696.0
18.0,68.0,437.0,346.0
18.0,70.0,1052.0,1705.0
18.0,72.0,58.0,38.0
18.0,73.0,3512.0,1664.0
18.0,75.0,2445.0,974.0
18.0,78.0,2444.0,86.0
18.0,79.0,3970.0,585.0
18.0,80.0,58.0,1824.0
18.0,81.0,3970.0,3359.0
18.0,82.0,2444.0,2691.0
18.0,85.0,1484.0,1373.0
18.0,86.0,31.0,1559.0
18.0,88.0,443.0,688.0
18.0,89.0,2677.0,3903.0
18.0,90.0,84.0,1416.0
18.0,91.0,58.0,3283.0
18.0,93.0,84.0,2941.0
18.0,94.0,2444.0,646.0
18.0,95.0,84.0,3231.0
18.0,97.0,1052.0,236.0
18.0,98.0,443.0,1419.0
18.0,100.0,84.0,2086.0
18.0,101.0,2445.0,372.0
18.0,102.0,468.0,3306.0
18.0,103.0,2444.0,2468.0
18.0,107.0,3436.0,2357.0
18.0,111.0,57.0,1471.0
18.0,112.0,847.0,1717.0
18.0,114.0,2444.0,1421.0
18.0,115.0,84.0,83.0
18.0,120.0,3841.0,1436.0
18.0,121.0,57.0,2966.0
18.0,122.0,443.0,569.0
18.0,123.0,3709.0,682.0
18.0,125.0,1484.0,720.0
18.0,126.0,439.0,2139.0
18.0,128.0,3968.0,2020.0
18.0,129.0,3841.0,1846.0
18.0,130.0,3290.0,601.0
18.0,131.0,2444.0,1692.0
18.0,132.0,2677.0,2006.0
18.0,133.0,439.0,1838.0
18.0,134.0,3436.0,471.0
18.0,135.0,380.0,3154.0
18.0,137.0,1915.0,3680.0
18.0,140.0,57.0,1410.0
18.0,141.0,3657.0,238.0
18.0,142.0,437.0,685.0
18.0,144.0,3900.0,3510.0
18.0,147.0,1484.0,337.0
18.0,151.0,84.0,86.0
18.0,152.0,438.0,3424.0
18.0,156.0,1484.0,828.0
18.0,158.0,1052.0,497.0
18.0,159.0,2444.0,1621.0
18.0,161.0,378.0,1404.0
18.0,163.0,2677.0,201.0
18.0,170.0,84.0,1718.0
18.0,171.0,57.0,1543.0
18.0,175.0,1050.0,661.0
18.0,178.0,3841.0,2862.0
18.0,179.0,379.0,1673.0
18.0,183.0,84.0,1422.0
18.0,185.0,3512.0,687.0
18.0,187.0,84.0,81.0
18.0,190.0,84.0,2721.0
18.0,191.0,443.0,138.0
18.0,196.0,2663.0,2416.0
18.0,197.0,3294.0,334.0
18.0,198.0,437.0,826.0
18.0,200.0,378.0,737.0
18.0,201.0,3294.0,1389.0
18.0,215.0,84.0,1464.0
18.0,216.0,443.0,1606.0
18.0,217.0,1915.0,976.0
18.0,221.0,439.0,148.0
18.0,223.0,1915.0,749.0
18.0,224.0,31.0,867.0
18.0,225.0,3970.0,84.0
18.0,227.0,847.0,1662.0
18.0,234.0,3900.0,145.0
18.0,236.0,84.0,659.0
18.0,243.0,1052.0,1540.0
18.0,248.0,2444.0,711.0
18.0,250.0,2677.0,1264.0
18.0,252.0,84.0,2200.0
18.0,253.0,2444.0,2126.0
18.0,255.0,84.0,1904.0
18.0,258.0,3436.0,2129.0
18.0,259.0,2445.0,2102.0
18.0,263.0,439.0,824.0
18.0,275.0,439.0,317.0
18.0,278.0,2444.0,1913.0
18.0,285.0,84.0,1387.0
18.0,287.0,57.0,1385.0
18.0,291.0,3970.0,2537.0
18.0,292.0,3839.0,3906.0
18.0,294.0,443.0,185.0
18.0,295.0,3657.0,1419.0
18.0,311.0,438.0,253.0
18.0,314.0,1484.0,2026.0
18.0,317.0,468.0,136.0
18.0,322.0,443.0,3192.0
18.0,326.0,84.0,3556.0
18.0,328.0,84.0,3291.0
18.0,332.0,437.0,2934.0
18.0,341.0,3970.0,3951.0
19.0,2.0,256.0,3264.0
19.0,14.0,256.0,1749.0
19.0,17.0,256.0,545.0
19.0,19.0,256.0,256.0
19.0,22.0,256.0,2089.0
19.0,28.0,256.0,2046.0
19.0,53.0,256.0,853.0
19.0,54.0,256.0,3497.0
19.0,66.0,256.0,2990.0
19.0,67.0,256.0,375.0
19.0,68.0,256.0,1054.0
19.0,71.0,256.0,1721.0
19.0,90.0,256.0,2051.0
19.0,107.0,256.0,3176.0
19.0,114.0,256.0,2893.0
19.0,134.0,256.0,2926.0
19.0,137.0,256.0,3680.0
19.0,139.0,256.0,2751.0
19.0,152.0,256.0,2902.0
19.0,153.0,256.0,2770.0
19.0,154.0,256.0,3579.0
19.0,157.0,256.0,2248.0
19.0,160.0,256.0,487.0
19.0,162.0,256.0,353.0
19.0,173.0,256.0,1444.0
19.0,178.0,256.0,959.0
19.0,180.0,256.0,2150.0
19.0,186.0,256.0,567.0
19.0,190.0,256.0,152.0
19.0,202.0,256.0,3433.0
19.0,209.0,256.0,2134.0
19.0,213.0,256.0,829.0
19.0,241.0,256.0,2559.0
19.0,257.0,256.0,3480.0
19.0,270.0,256.0,2906.0
19.0,305.0,256.0,2359.0
19.0,313.0,256.0,252.0
19.0,337.0,256.0,3023.0
19.0,341.0,256.0,1891.0
20.0,3.0,681.0,2443.0
20.0,6.0,1912.0,1108.0
20.0,10.0,2683.0,613.0
20.0,11.0,1935.0,333.0
20.0,12.0,1895.0,635.0
20.0,13.0,1893.0,705.0
20.0,15.0,3500.0,3846.0
20.0,20.0,1894.0,2079.0
20.0,22.0,681.0,3826.0
20.0,27.0,1935.0,3660.0
20.0,44.0,1890.0,85.0
20.0,50.0,1895.0,1999.0
20.0,70.0,681.0,1705.0
20.0,73.0,701.0,3021.0
20.0,78.0,2079.0,86.0
20.0,90.0,2683.0,1412.0
20.0,97.0,1895.0,3594.0
20.0,98.0,1894.0,1419.0
20.0,101.0,681.0,372.0
20.0,102.0,3500.0,3306.0
20.0,103.0,1912.0,2468.0
20.0,107.0,1895.0,1125.0
20.0,110.0,1467.0,2877.0
20.0,122.0,1934.0,570.0
20.0,123.0,1895.0,682.0
20.0,125.0,1935.0,720.0
20.0,129.0,660.0,862.0
20.0,134.0,2371.0,472.0
20.0,141.0,2118.0,238.0
20.0,142.0,698.0,685.0
20.0,149.0,1893.0,2049.0
20.0,153.0,699.0,2773.0
20.0,167.0,681.0,50.0
20.0,168.0,681.0,1707.0
20.0,169.0,700.0,662.0
20.0,171.0,698.0,1543.0
20.0,172.0,700.0,1883.0
20.0,173.0,681.0,3976.0
20.0,175.0,660.0,661.0
20.0,185.0,1912.0,687.0
20.0,187.0,2118.0,2512.0
20.0,189.0,1893.0,467.0
20.0,200.0,701.0,736.0
20.0,203.0,660.0,1444.0
20.0,209.0,1467.0,2134.0
20.0,217.0,3500.0,976.0
20.0,228.0,1467.0,1230.0
20.0,236.0,168.0,659.0
20.0,248.0,707.0,697.0
20.0,278.0,1893.0,1896.0
20.0,282.0,1894.0,841.0
20.0,310.0,681.0,710.0
21.0,1.0,3380.0,2690.0
21.0,2.0,3682.0,3455.0
21.0,4.0,111.0,303.0
21.0,6.0,897.0,447.0
21.0,7.0,69.0,3111.0
21.0,9.0,863.0,2635.0
21.0,10.0,3501.0,3308.0
21.0,11.0,228.0,333.0
21.0,12.0,3383.0,635.0
21.0,13.0,3041.0,2174.0
21.0,14.0,3577.0,2895.0
21.0,15.0,863.0,717.0
21.0,18.0,2611.0,3709.0
21.0,20.0,298.0,1895.0
21.0,21.0,3134.0,3576.0
21.0,23.0,3380.0,3711.0
21.0,24.0,3133.0,2541.0
21.0,29.0,3134.0,2383.0
21.0,33.0,113.0,988.0
21.0,34.0,3266.0,2105.0
21.0,36.0,1193.0,255.0
21.0,38.0,897.0,2194.0
21.0,41.0,286.0,2551.0
21.0,42.0,3156.0,3191.0
21.0,44.0,3380.0,85.0
21.0,45.0,1207.0,779.0
21.0,46.0,3380.0,1516.0
21.0,47.0,313.0,1977.0
21.0,48.0,3965.0,807.0
21.0,49.0,2611.0,1060.0
21.0,50.0,3381.0,89.0
21.0,51.0,229.0,2580.0
21.0,52.0,3380.0,1841.0
21.0,53.0,764.0,853.0
21.0,54.0,1194.0,2870.0
21.0,55.0,2722.0,691.0
21.0,56.0,456.0,1026.0
21.0,60.0,3922.0,641.0
21.0,61.0,891.0,2275.0
21.0,62.0,3380.0,895.0
21.0,64.0,891.0,1081.0
21.0,65.0,111.0,1445.0
21.0,66.0,286.0,2990.0
21.0,68.0,111.0,1641.0
21.0,72.0,3133.0,39.0
21.0,73.0,3266.0,401.0
21.0,74.0,2722.0,2038.0
21.0,75.0,3133.0,974.0
21.0,76.0,3920.0,1377.0
21.0,77.0,3921.0,1725.0
21.0,78.0,3921.0,86.0
21.0,79.0,891.0,2240.0
21.0,80.0,3921.0,1824.0
21.0,81.0,3134.0,1536.0
21.0,86.0,299.0,1559.0
21.0,89.0,2096.0,3903.0
21.0,91.0,3922.0,3281.0
21.0,92.0,451.0,3020.0
21.0,101.0,2722.0,1660.0
21.0,103.0,3381.0,239.0
21.0,105.0,313.0,2035.0
21.0,115.0,3964.0,2515.0
21.0,120.0,3923.0,2161.0
21.0,121.0,3133.0,2966.0
21.0,122.0,225.0,2031.0
21.0,128.0,3922.0,2015.0
21.0,129.0,3578.0,1846.0
21.0,133.0,455.0,1838.0
21.0,134.0,3575.0,2927.0
21.0,135.0,298.0,3911.0
21.0,136.0,3896.0,1832.0
21.0,137.0,299.0,3680.0
21.0,139.0,2093.0,2496.0
21.0,140.0,3934.0,2293.0
21.0,143.0,3919.0,2281.0
21.0,145.0,3919.0,1716.0
21.0,147.0,2100.0,337.0
21.0,151.0,3381.0,86.0
21.0,154.0,863.0,3580.0
21.0,156.0,3041.0,829.0
21.0,158.0,3156.0,3378.0
21.0,159.0,3577.0,1621.0
21.0,163.0,291.0,398.0
21.0,166.0,3922.0,3654.0
21.0,168.0,3935.0,1707.0
21.0,170.0,3578.0,2827.0
21.0,171.0,3134.0,1543.0
21.0,172.0,3967.0,1740.0
21.0,178.0,286.0,1435.0
21.0,180.0,111.0,2150.0
21.0,190.0,3682.0,151.0
21.0,195.0,3041.0,3799.0
21.0,196.0,2722.0,1211.0
21.0,197.0,300.0,335.0
21.0,198.0,3575.0,826.0
21.0,199.0,450.0,2167.0
21.0,200.0,3501.0,747.0
21.0,210.0,3576.0,256.0
21.0,213.0,3156.0,829.0
21.0,214.0,456.0,2745.0
21.0,215.0,299.0,1464.0
21.0,216.0,1193.0,1606.0
21.0,217.0,3682.0,976.0
21.0,218.0,3935.0,148.0
21.0,220.0,3578.0,1933.0
21.0,221.0,3380.0,148.0
21.0,222.0,997.0,180.0
21.0,223.0,3973.0,728.0
21.0,224.0,3380.0,1027.0
21.0,225.0,3325.0,84.0
21.0,226.0,2098.0,1434.0
21.0,227.0,286.0,2183.0
21.0,228.0,3965.0,1228.0
21.0,229.0,1207.0,2933.0
21.0,230.0,113.0,2964.0
21.0,234.0,3662.0,145.0
21.0,239.0,3948.0,1495.0
21.0,240.0,298.0,3039.0
21.0,241.0,3896.0,2548.0
21.0,244.0,3965.0,3024.0
21.0,247.0,896.0,3122.0
21.0,249.0,3922.0,1069.0
21.0,251.0,3920.0,1085.0
21.0,253.0,3935.0,1391.0
21.0,265.0,3663.0,3062.0
21.0,266.0,226.0,2919.0
21.0,269.0,450.0,214.0
21.0,273.0,3155.0,48.0
21.0,275.0,3948.0,55.0
21.0,279.0,3920.0,212.0
21.0,282.0,3935.0,837.0
21.0,284.0,113.0,2932.0
21.0,292.0,3153.0,3581.0
21.0,298.0,896.0,1265.0
21.0,301.0,3922.0,175.0
21.0,306.0,3134.0,1449.0
21.0,308.0,3922.0,542.0
21.0,310.0,3934.0,693.0
21.0,316.0,229.0,1867.0
21.0,317.0,3575.0,136.0
21.0,322.0,225.0,3192.0
21.0,326.0,2661.0,3556.0
21.0,328.0,3924.0,3901.0
21.0,329.0,113.0,3559.0
21.0,334.0,228.0,149.0
22.0,2.0,524.0,2744.0
22.0,6.0,539.0,3876.0
22.0,8.0,529.0,2871.0
22.0,12.0,3828.0,635.0
22.0,14.0,3363.0,1236.0
22.0,17.0,535.0,553.0
22.0,21.0,2296.0,450.0
22.0,22.0,2750.0,2502.0
22.0,25.0,3362.0,489.0
22.0,28.0,2750.0,3015.0
22.0,30.0,2296.0,3966.0
22.0,33.0,529.0,1671.0
22.0,34.0,2760.0,2105.0
22.0,36.0,2295.0,255.0
22.0,38.0,530.0,2194.0
22.0,44.0,518.0,3593.0
22.0,47.0,2507.0,1956.0
22.0,49.0,3364.0,1080.0
22.0,53.0,526.0,1529.0
22.0,61.0,518.0,1330.0
22.0,62.0,522.0,3314.0
22.0,65.0,522.0,1445.0
22.0,66.0,521.0,590.0
22.0,71.0,526.0,2307.0
22.0,75.0,529.0,974.0
22.0,79.0,519.0,2240.0
22.0,81.0,2497.0,3683.0
22.0,84.0,518.0,2269.0
22.0,87.0,2084.0,3074.0
22.0,90.0,535.0,2719.0
22.0,91.0,524.0,3281.0
22.0,95.0,2495.0,3227.0
22.0,96.0,2750.0,339.0
22.0,99.0,525.0,234.0
22.0,100.0,3837.0,1549.0
22.0,101.0,2507.0,1660.0
22.0,105.0,2296.0,2345.0
22.0,106.0,526.0,3396.0
22.0,107.0,3362.0,3109.0
22.0,109.0,518.0,2982.0
22.0,110.0,2087.0,2877.0
22.0,113.0,3833.0,2685.0
22.0,114.0,535.0,2045.0
22.0,115.0,2089.0,83.0
22.0,118.0,2090.0,352.0
22.0,126.0,528.0,2139.0
22.0,127.0,2755.0,2108.0
22.0,130.0,2089.0,1431.0
22.0,134.0,521.0,2927.0
22.0,136.0,3827.0,1834.0
22.0,139.0,539.0,531.0
22.0,140.0,2755.0,2191.0
22.0,141.0,3826.0,237.0
22.0,143.0,2294.0,2564.0
22.0,144.0,2750.0,541.0
22.0,150.0,2295.0,2899.0
22.0,151.0,2296.0,86.0
22.0,153.0,524.0,2360.0
22.0,158.0,3835.0,249.0
22.0,161.0,2294.0,1404.0
22.0,162.0,2087.0,353.0
22.0,176.0,535.0,502.0
22.0,178.0,2750.0,2486.0
22.0,181.0,525.0,2221.0
22.0,187.0,3959.0,81.0
22.0,188.0,534.0,2072.0
22.0,197.0,3829.0,349.0
22.0,199.0,3826.0,1409.0
22.0,201.0,1407.0,1389.0
22.0,205.0,534.0,3244.0
22.0,209.0,2497.0,2134.0
22.0,212.0,522.0,354.0
22.0,225.0,525.0,84.0
22.0,234.0,3826.0,80.0
22.0,235.0,520.0,2694.0
22.0,236.0,534.0,1916.0
22.0,249.0,528.0,1069.0
22.0,253.0,2087.0,1391.0
22.0,257.0,3835.0,3481.0
22.0,259.0,3361.0,2115.0
22.0,262.0,523.0,2365.0
22.0,265.0,530.0,2104.0
22.0,268.0,520.0,510.0
22.0,271.0,3828.0,340.0
22.0,276.0,528.0,3854.0
22.0,280.0,2495.0,2909.0
22.0,282.0,3835.0,1617.0
22.0,283.0,3364.0,541.0
22.0,289.0,2757.0,2102.0
22.0,292.0,1408.0,808.0
22.0,299.0,2497.0,3444.0
22.0,303.0,535.0,1403.0
22.0,305.0,521.0,2359.0
22.0,306.0,2757.0,1449.0
22.0,307.0,2295.0,248.0
22.0,308.0,534.0,542.0
22.0,313.0,3833.0,586.0
22.0,320.0,3828.0,352.0
22.0,335.0,3833.0,341.0
22.0,336.0,519.0,255.0
22.0,339.0,2084.0,1502.0
23.0,2.0,722.0,3264.0
23.0,4.0,3132.0,3926.0
23.0,6.0,2840.0,880.0
23.0,7.0,3536.0,445.0
23.0,9.0,3132.0,2264.0
23.0,10.0,2748.0,3247.0
23.0,11.0,3159.0,333.0
23.0,12.0,2840.0,635.0
23.0,13.0,3710.0,163.0
23.0,14.0,13.0,1755.0
23.0,15.0,307.0,2028.0
23.0,18.0,308.0,3290.0
23.0,21.0,2145.0,2722.0
23.0,23.0,3711.0,3536.0
23.0,24.0,3536.0,1491.0
23.0,26.0,281.0,1087.0
23.0,29.0,268.0,2413.0
23.0,30.0,268.0,3966.0
23.0,31.0,787.0,2922.0
23.0,33.0,276.0,3452.0
23.0,36.0,308.0,255.0
23.0,38.0,2840.0,2194.0
23.0,41.0,275.0,2551.0
23.0,42.0,994.0,3191.0
23.0,43.0,308.0,686.0
23.0,44.0,307.0,85.0
23.0,45.0,2713.0,144.0
23.0,46.0,3498.0,714.0
23.0,47.0,3547.0,1996.0
23.0,48.0,866.0,2597.0
23.0,49.0,308.0,2569.0
23.0,50.0,865.0,2000.0
23.0,53.0,1053.0,851.0
23.0,54.0,3818.0,2285.0
23.0,59.0,293.0,1260.0
23.0,60.0,271.0,1381.0
23.0,61.0,274.0,1267.0
23.0,62.0,2840.0,1042.0
23.0,64.0,3045.0,2826.0
23.0,65.0,294.0,1445.0
23.0,66.0,3538.0,2181.0
23.0,68.0,2842.0,328.0
23.0,70.0,2713.0,202.0
23.0,72.0,309.0,3635.0
23.0,73.0,294.0,401.0
23.0,75.0,2842.0,974.0
23.0,76.0,3536.0,1383.0
23.0,78.0,865.0,86.0
23.0,79.0,12.0,2240.0
23.0,81.0,2715.0,3801.0
23.0,83.0,3132.0,1726.0
23.0,87.0,13.0,3586.0
23.0,89.0,994.0,3903.0
23.0,95.0,3547.0,1514.0
23.0,103.0,3710.0,2468.0
23.0,114.0,307.0,2045.0
23.0,115.0,12.0,83.0
23.0,117.0,3045.0,137.0
23.0,121.0,293.0,2966.0
23.0,122.0,272.0,2032.0
23.0,128.0,3132.0,3262.0
23.0,129.0,310.0,825.0
23.0,135.0,13.0,3265.0
23.0,136.0,308.0,1402.0
23.0,137.0,1053.0,2928.0
23.0,138.0,310.0,1711.0
23.0,139.0,3693.0,533.0
23.0,142.0,3537.0,685.0
23.0,143.0,305.0,2563.0
23.0,145.0,3548.0,1716.0
23.0,156.0,2720.0,828.0
23.0,160.0,753.0,493.0
23.0,163.0,865.0,2192.0
23.0,164.0,275.0,3485.0
23.0,168.0,2145.0,1707.0
23.0,173.0,3869.0,3975.0
23.0,175.0,373.0,661.0
23.0,178.0,297.0,93.0
23.0,184.0,865.0,2450.0
23.0,187.0,753.0,81.0
23.0,190.0,865.0,151.0
23.0,192.0,3818.0,2288.0
23.0,196.0,273.0,3288.0
23.0,197.0,308.0,349.0
23.0,198.0,2844.0,826.0
23.0,199.0,3159.0,1409.0
23.0,200.0,753.0,741.0
23.0,213.0,305.0,829.0
23.0,214.0,2714.0,2745.0
23.0,216.0,3547.0,1606.0
23.0,220.0,295.0,1702.0
23.0,222.0,13.0,181.0
23.0,223.0,2145.0,860.0
23.0,224.0,308.0,1059.0
23.0,225.0,2145.0,84.0
23.0,227.0,3536.0,2184.0
23.0,228.0,281.0,1221.0
23.0,247.0,865.0,1889.0
23.0,248.0,3818.0,3659.0
23.0,251.0,12.0,1085.0
23.0,255.0,787.0,1022.0
23.0,259.0,281.0,2112.0
23.0,260.0,308.0,943.0
23.0,261.0,3537.0,1434.0
23.0,263.0,2720.0,824.0
23.0,266.0,2145.0,1865.0
23.0,275.0,307.0,989.0
23.0,282.0,305.0,1469.0
23.0,292.0,13.0,3581.0
23.0,294.0,271.0,3080.0
23.0,304.0,308.0,3107.0
23.0,314.0,3536.0,1417.0
23.0,325.0,277.0,1582.0
23.0,329.0,308.0,420.0
23.0,332.0,3132.0,1070.0
24.0,1.0,332.0,704.0
24.0,2.0,332.0,2613.0
24.0,6.0,1491.0,1006.0
24.0,7.0,3005.0,1122.0
24.0,8.0,128.0,2583.0
24.0,9.0,2998.0,2125.0
24.0,10.0,1466.0,3445.0
24.0,11.0,2286.0,333.0
24.0,12.0,3376.0,3392.0
24.0,14.0,3376.0,1249.0
24.0,15.0,3000.0,3242.0
24.0,16.0,3376.0,689.0
24.0,18.0,1491.0,437.0
24.0,19.0,3189.0,256.0
24.0,21.0,2539.0,1207.0
24.0,22.0,1046.0,2296.0
24.0,23.0,332.0,3132.0
24.0,24.0,1491.0,2998.0
24.0,25.0,2625.0,206.0
24.0,27.0,1491.0,713.0
24.0,29.0,3000.0,370.0
24.0,30.0,332.0,3966.0
24.0,33.0,43.0,3803.0
24.0,36.0,2998.0,255.0
24.0,41.0,358.0,36.0
24.0,42.0,2998.0,3191.0
24.0,44.0,2999.0,3593.0
24.0,45.0,2282.0,100.0
24.0,46.0,332.0,714.0
24.0,47.0,2539.0,2547.0
24.0,48.0,2999.0,815.0
24.0,49.0,2998.0,1060.0
24.0,50.0,2999.0,89.0
24.0,53.0,130.0,2135.0
24.0,54.0,43.0,2285.0
24.0,55.0,2282.0,3845.0
24.0,56.0,332.0,2925.0
24.0,60.0,130.0,1381.0
24.0,61.0,3189.0,1792.0
24.0,62.0,332.0,2494.0
24.0,64.0,128.0,2826.0
24.0,66.0,1491.0,3696.0
24.0,67.0,3189.0,375.0
24.0,68.0,332.0,594.0
24.0,70.0,3375.0,1705.0
24.0,72.0,2541.0,37.0
24.0,73.0,1466.0,336.0
24.0,74.0,1491.0,2054.0
24.0,77.0,3376.0,2960.0
24.0,78.0,128.0,86.0
24.0,81.0,1490.0,1537.0
24.0,86.0,43.0,1559.0
24.0,89.0,3000.0,3903.0
24.0,90.0,43.0,2052.0
24.0,91.0,2998.0,3283.0
24.0,94.0,3375.0,648.0
24.0,95.0,3189.0,3405.0
24.0,97.0,3278.0,236.0
24.0,98.0,332.0,1419.0
24.0,101.0,2998.0,3013.0
24.0,103.0,2284.0,2468.0
24.0,105.0,3704.0,2116.0
24.0,106.0,2284.0,3396.0
24.0,107.0,332.0,3176.0
24.0,110.0,2999.0,2877.0
24.0,114.0,1491.0,2042.0
24.0,115.0,3375.0,3840.0
24.0,120.0,43.0,3792.0
24.0,122.0,3375.0,2031.0
24.0,123.0,2999.0,682.0
24.0,125.0,2999.0,720.0
24.0,128.0,130.0,2021.0
24.0,132.0,2284.0,1481.0
24.0,134.0,1491.0,3539.0
24.0,140.0,1491.0,3370.0
24.0,141.0,1491.0,1708.0
24.0,143.0,332.0,2563.0
24.0,151.0,3376.0,86.0
24.0,154.0,3376.0,1640.0
24.0,156.0,2282.0,829.0
24.0,159.0,332.0,1621.0
24.0,163.0,1491.0,2192.0
24.0,169.0,358.0,662.0
24.0,170.0,43.0,1709.0
24.0,173.0,332.0,3975.0
24.0,178.0,3005.0,2469.0
24.0,182.0,3376.0,2008.0
24.0,184.0,2999.0,1972.0
24.0,185.0,3376.0,687.0
24.0,196.0,128.0,322.0
24.0,197.0,2284.0,335.0
24.0,205.0,3000.0,2718.0
24.0,209.0,1491.0,2134.0
24.0,212.0,3005.0,354.0
24.0,213.0,358.0,829.0
24.0,215.0,1491.0,1464.0
24.0,217.0,3704.0,976.0
24.0,218.0,2999.0,148.0
24.0,221.0,3000.0,167.0
24.0,223.0,3375.0,725.0
24.0,224.0,1491.0,993.0
24.0,228.0,1046.0,2378.0
24.0,231.0,3704.0,2262.0
24.0,234.0,2282.0,145.0
24.0,235.0,332.0,2687.0
24.0,236.0,2999.0,1916.0
24.0,243.0,364.0,2355.0
24.0,248.0,3005.0,3659.0
24.0,250.0,358.0,1264.0
24.0,257.0,358.0,2344.0
24.0,263.0,3376.0,824.0
24.0,266.0,2998.0,1860.0
24.0,270.0,1046.0,2906.0
24.0,275.0,358.0,55.0
24.0,276.0,3376.0,3855.0
24.0,280.0,2282.0,481.0
24.0,283.0,3000.0,541.0
24.0,287.0,1491.0,1258.0
24.0,291.0,1490.0,2537.0
24.0,292.0,332.0,3581.0
24.0,295.0,1491.0,1419.0
24.0,301.0,2998.0,175.0
24.0,311.0,2999.0,253.0
24.0,313.0,3376.0,252.0
24.0,314.0,1491.0,2026.0
24.0,317.0,1491.0,136.0
24.0,328.0,2539.0,3292.0
24.0,336.0,2284.0,255.0
25.0,2.0,1492.0,3264.0
25.0,7.0,1492.0,217.0
25.0,8.0,1973.0,192.0
25.0,10.0,3647.0,1045.0
25.0,14.0,490.0,1206.0
25.0,21.0,3649.0,3935.0
25.0,22.0,206.0,3361.0
25.0,25.0,3647.0,905.0
25.0,29.0,1973.0,3274.0
25.0,38.0,206.0,3953.0
25.0,41.0,1971.0,3899.0
25.0,43.0,489.0,682.0
25.0,44.0,206.0,85.0
25.0,45.0,489.0,779.0
25.0,47.0,905.0,1958.0
25.0,53.0,206.0,854.0
25.0,54.0,488.0,719.0
25.0,55.0,1973.0,3845.0
25.0,61.0,1973.0,3950.0
25.0,62.0,1971.0,77.0
25.0,64.0,488.0,2826.0
25.0,66.0,1974.0,2179.0
25.0,68.0,1971.0,346.0
25.0,71.0,488.0,2305.0
25.0,72.0,1492.0,3287.0
25.0,82.0,206.0,1966.0
25.0,87.0,908.0,1447.0
25.0,96.0,3647.0,339.0
25.0,99.0,905.0,234.0
25.0,102.0,3647.0,3306.0
25.0,103.0,488.0,239.0
25.0,106.0,908.0,3396.0
25.0,107.0,3647.0,1124.0
25.0,109.0,488.0,3016.0
25.0,113.0,3649.0,2685.0
25.0,116.0,1492.0,2665.0
25.0,119.0,490.0,1923.0
25.0,120.0,489.0,629.0
25.0,127.0,1974.0,1835.0
25.0,129.0,490.0,826.0
25.0,133.0,1492.0,3821.0
25.0,135.0,206.0,788.0
25.0,140.0,1492.0,3832.0
25.0,141.0,206.0,238.0
25.0,143.0,488.0,2564.0
25.0,146.0,206.0,255.0
25.0,152.0,489.0,2270.0
25.0,160.0,206.0,492.0
25.0,164.0,489.0,3487.0
25.0,166.0,488.0,3655.0
25.0,172.0,489.0,3772.0
25.0,176.0,3649.0,2594.0
25.0,178.0,1492.0,2250.0
25.0,193.0,490.0,602.0
25.0,197.0,488.0,334.0
25.0,200.0,206.0,3446.0
25.0,202.0,1971.0,258.0
25.0,208.0,3650.0,2453.0
25.0,212.0,908.0,354.0
25.0,220.0,1492.0,1702.0
25.0,222.0,1974.0,677.0
25.0,223.0,1973.0,3457.0
25.0,227.0,488.0,1662.0
25.0,230.0,489.0,1728.0
25.0,237.0,490.0,1674.0
25.0,253.0,1492.0,1391.0
25.0,261.0,3650.0,1434.0
25.0,275.0,206.0,989.0
25.0,277.0,1973.0,2277.0
25.0,312.0,1973.0,351.0
25.0,320.0,3649.0,2037.0
25.0,323.0,1974.0,2188.0
26.0,2.0,3472.0,3263.0
26.0,6.0,3474.0,1109.0
26.0,7.0,3472.0,3702.0
26.0,9.0,3470.0,2266.0
26.0,10.0,1087.0,1095.0
26.0,11.0,3473.0,333.0
26.0,14.0,3471.0,899.0
26.0,17.0,3474.0,2308.0
26.0,21.0,3473.0,891.0
26.0,23.0,1606.0,295.0
26.0,24.0,1085.0,3189.0
26.0,26.0,3470.0,3472.0
26.0,33.0,3471.0,3806.0
26.0,39.0,3470.0,3029.0
26.0,44.0,3469.0,85.0
26.0,47.0,1606.0,1986.0
26.0,49.0,1606.0,172.0
26.0,50.0,1606.0,382.0
26.0,53.0,1069.0,2912.0
26.0,54.0,1606.0,716.0
26.0,61.0,1069.0,2705.0
26.0,62.0,3471.0,3425.0
26.0,76.0,1087.0,1383.0
26.0,77.0,3473.0,2961.0
26.0,81.0,1606.0,3116.0
26.0,87.0,3470.0,1446.0
26.0,104.0,3471.0,1448.0
26.0,107.0,3471.0,2571.0
26.0,115.0,3472.0,83.0
26.0,128.0,3472.0,2021.0
26.0,131.0,3471.0,1691.0
26.0,140.0,3473.0,2684.0
26.0,143.0,1606.0,2564.0
26.0,147.0,3470.0,87.0
26.0,178.0,1085.0,2129.0
26.0,184.0,3472.0,1968.0
26.0,185.0,1606.0,1543.0
26.0,189.0,3474.0,467.0
26.0,190.0,3471.0,2721.0
26.0,195.0,3474.0,3799.0
26.0,196.0,3470.0,1211.0
26.0,200.0,3472.0,3446.0
26.0,205.0,3471.0,3244.0
26.0,207.0,3474.0,1257.0
26.0,214.0,3473.0,3010.0
26.0,216.0,3472.0,1606.0
26.0,217.0,3472.0,976.0
26.0,221.0,1606.0,166.0
26.0,222.0,3474.0,180.0
26.0,223.0,3472.0,725.0
26.0,224.0,3470.0,1027.0
26.0,227.0,1606.0,1662.0
26.0,231.0,3473.0,2258.0
26.0,233.0,1087.0,1603.0
26.0,238.0,1069.0,2395.0
26.0,245.0,3473.0,2166.0
26.0,247.0,1087.0,729.0
26.0,249.0,3473.0,1069.0
26.0,251.0,1087.0,1085.0
26.0,264.0,3473.0,2567.0
26.0,266.0,3472.0,1853.0
26.0,269.0,3473.0,214.0
26.0,275.0,1606.0,317.0
26.0,276.0,3469.0,234.0
26.0,282.0,1606.0,841.0
26.0,288.0,3473.0,1927.0
26.0,291.0,1087.0,942.0
26.0,301.0,3470.0,175.0
26.0,302.0,1606.0,1497.0
26.0,304.0,3474.0,2267.0
26.0,318.0,1069.0,3069.0
26.0,322.0,3473.0,3192.0
26.0,325.0,1069.0,1580.0
26.0,326.0,1606.0,3556.0
26.0,328.0,1069.0,3783.0
26.0,330.0,3474.0,1094.0
26.0,332.0,3471.0,1070.0
26.0,339.0,3469.0,1499.0
27.0,1.0,3660.0,2690.0
27.0,3.0,713.0,2443.0
27.0,5.0,683.0,2010.0
27.0,7.0,713.0,3931.0
27.0,10.0,3660.0,3247.0
27.0,11.0,713.0,333.0
27.0,12.0,3660.0,635.0
27.0,14.0,684.0,3137.0
27.0,15.0,3660.0,3242.0
27.0,16.0,713.0,3239.0
27.0,18.0,684.0,444.0
27.0,20.0,3660.0,681.0
27.0,24.0,713.0,2999.0
27.0,27.0,3660.0,2463.0
27.0,28.0,3660.0,3015.0
27.0,37.0,713.0,3533.0
27.0,41.0,713.0,3899.0
27.0,43.0,2463.0,686.0
27.0,44.0,2463.0,2534.0
27.0,45.0,713.0,2460.0
27.0,46.0,713.0,1516.0
27.0,50.0,713.0,1999.0
27.0,53.0,3660.0,415.0
27.0,54.0,684.0,2542.0
27.0,55.0,3660.0,3843.0
27.0,62.0,713.0,76.0
27.0,68.0,2463.0,594.0
27.0,70.0,3660.0,1705.0
27.0,73.0,684.0,333.0
27.0,78.0,2463.0,86.0
27.0,88.0,683.0,688.0
27.0,95.0,684.0,1513.0
27.0,97.0,684.0,2443.0
27.0,98.0,684.0,1419.0
27.0,102.0,684.0,3306.0
27.0,115.0,2463.0,83.0
27.0,119.0,713.0,2141.0
27.0,122.0,2463.0,235.0
27.0,123.0,713.0,682.0
27.0,125.0,2463.0,720.0
27.0,128.0,2463.0,3262.0
27.0,129.0,713.0,862.0
27.0,134.0,684.0,475.0
27.0,141.0,713.0,238.0
27.0,142.0,713.0,685.0
27.0,143.0,3660.0,2281.0
27.0,147.0,713.0,87.0
27.0,168.0,684.0,708.0
27.0,169.0,713.0,662.0
27.0,175.0,3660.0,702.0
27.0,178.0,713.0,2256.0
27.0,182.0,3660.0,2598.0
27.0,190.0,713.0,3974.0
27.0,197.0,684.0,348.0
27.0,205.0,684.0,2718.0
27.0,213.0,684.0,829.0
27.0,215.0,713.0,149.0
27.0,218.0,684.0,148.0
27.0,227.0,2463.0,2184.0
27.0,236.0,3660.0,1916.0
27.0,240.0,684.0,3039.0
27.0,248.0,713.0,692.0
27.0,254.0,684.0,2978.0
27.0,280.0,713.0,482.0
27.0,281.0,2463.0,3391.0
27.0,295.0,3660.0,1419.0
27.0,317.0,713.0,136.0
27.0,325.0,713.0,1565.0
27.0,336.0,683.0,255.0
27.0,343.0,713.0,1678.0
28.0,2.0,2046.0,2613.0
28.0,5.0,2046.0,54.0
28.0,7.0,2046.0,3211.0
28.0,10.0,2046.0,71.0
28.0,12.0,2046.0,635.0
28.0,14.0,3015.0,3761.0
28.0,15.0,2046.0,3242.0
28.0,23.0,3015.0,301.0
28.0,24.0,2046.0,2541.0
28.0,27.0,2046.0,713.0
28.0,28.0,2046.0,2046.0
28.0,36.0,3015.0,255.0
28.0,43.0,2046.0,682.0
28.0,49.0,3015.0,177.0
28.0,50.0,2046.0,3056.0
28.0,54.0,3015.0,1002.0
28.0,56.0,2046.0,3573.0
28.0,60.0,2046.0,1381.0
28.0,61.0,2046.0,3641.0
28.0,64.0,3015.0,2826.0
28.0,70.0,3015.0,2193.0
28.0,73.0,2046.0,336.0
28.0,84.0,2046.0,2269.0
28.0,87.0,2046.0,3067.0
28.0,88.0,2046.0,688.0
28.0,89.0,3015.0,3903.0
28.0,90.0,2046.0,2051.0
28.0,91.0,2046.0,2762.0
28.0,92.0,2046.0,462.0
28.0,93.0,3015.0,2940.0
28.0,98.0,2046.0,1419.0
28.0,99.0,2046.0,234.0
28.0,101.0,2046.0,372.0
28.0,110.0,3015.0,2877.0
28.0,114.0,2046.0,2042.0
28.0,115.0,2046.0,3840.0
28.0,117.0,2046.0,137.0
28.0,119.0,2046.0,2141.0
28.0,122.0,2046.0,2954.0
28.0,132.0,3015.0,2593.0
28.0,134.0,2046.0,3539.0
28.0,141.0,2046.0,237.0
28.0,142.0,3015.0,685.0
28.0,149.0,2046.0,2049.0
28.0,154.0,2046.0,1640.0
28.0,163.0,2046.0,2192.0
28.0,166.0,3015.0,954.0
28.0,167.0,2046.0,3372.0
28.0,173.0,3015.0,3975.0
28.0,178.0,3015.0,2476.0
28.0,179.0,3015.0,385.0
28.0,182.0,2046.0,2008.0
28.0,186.0,2046.0,567.0
28.0,190.0,2046.0,151.0
28.0,205.0,2046.0,2076.0
28.0,206.0,2046.0,1892.0
28.0,209.0,2046.0,2134.0
28.0,210.0,3015.0,256.0
28.0,225.0,2046.0,84.0
28.0,236.0,2046.0,659.0
28.0,248.0,3015.0,711.0
28.0,254.0,3015.0,2978.0
28.0,256.0,3015.0,2976.0
28.0,262.0,2046.0,2372.0
28.0,273.0,3015.0,48.0
28.0,276.0,2046.0,464.0
28.0,313.0,3015.0,252.0
28.0,314.0,2046.0,1417.0
28.0,329.0,2046.0,1074.0
28.0,331.0,2046.0,578.0
28.0,335.0,2046.0,341.0
28.0,341.0,2046.0,1891.0
29.0,2.0,3274.0,718.0
29.0,4.0,1485.0,1198.0
29.0,6.0,3524.0,3201.0
29.0,7.0,3274.0,3468.0
29.0,8.0,363.0,191.0
29.0,10.0,141.0,2641.0
29.0,11.0,370.0,333.0
29.0,12.0,3170.0,3392.0
29.0,14.0,3274.0,2555.0
29.0,15.0,2510.0,717.0
29.0,18.0,3272.0,1052.0
29.0,21.0,368.0,3922.0
29.0,23.0,369.0,308.0
29.0,24.0,2413.0,1491.0
29.0,28.0,2412.0,2046.0
29.0,29.0,2646.0,141.0
29.0,30.0,3275.0,3966.0
29.0,34.0,2168.0,2105.0
29.0,40.0,3170.0,1475.0
29.0,41.0,2646.0,2551.0
29.0,44.0,2412.0,3057.0
29.0,45.0,2384.0,771.0
29.0,46.0,3275.0,714.0
29.0,47.0,3275.0,1981.0
29.0,48.0,367.0,383.0
29.0,50.0,3272.0,442.0
29.0,53.0,3272.0,9.0
29.0,54.0,3524.0,1005.0
29.0,55.0,3272.0,3184.0
29.0,60.0,141.0,2938.0
29.0,61.0,365.0,654.0
29.0,62.0,2383.0,77.0
29.0,64.0,2383.0,824.0
29.0,66.0,2383.0,2984.0
29.0,68.0,3524.0,328.0
29.0,70.0,369.0,1705.0
29.0,72.0,762.0,326.0
29.0,73.0,369.0,401.0
29.0,78.0,3274.0,86.0
29.0,79.0,1932.0,2239.0
29.0,81.0,3708.0,3359.0
29.0,87.0,3524.0,3068.0
29.0,88.0,91.0,688.0
29.0,91.0,2510.0,3284.0
29.0,95.0,61.0,3233.0
29.0,96.0,3272.0,339.0
29.0,98.0,97.0,1419.0
29.0,102.0,3274.0,3306.0
29.0,112.0,3271.0,1717.0
29.0,115.0,62.0,3840.0
29.0,118.0,3275.0,352.0
29.0,122.0,2645.0,2009.0
29.0,128.0,370.0,2012.0
29.0,132.0,366.0,3202.0
29.0,134.0,3524.0,2926.0
29.0,135.0,3274.0,3154.0
29.0,139.0,371.0,2761.0
29.0,140.0,141.0,3836.0
29.0,141.0,3524.0,238.0
29.0,142.0,3272.0,685.0
29.0,147.0,62.0,337.0
29.0,151.0,62.0,86.0
29.0,152.0,3273.0,2178.0
29.0,153.0,141.0,559.0
29.0,154.0,3524.0,3579.0
29.0,156.0,363.0,829.0
29.0,157.0,3524.0,2545.0
29.0,158.0,3524.0,242.0
29.0,166.0,141.0,3529.0
29.0,177.0,2384.0,1600.0
29.0,178.0,3170.0,2485.0
29.0,179.0,2645.0,1673.0
29.0,185.0,369.0,687.0
29.0,187.0,363.0,81.0
29.0,190.0,3170.0,3974.0
29.0,191.0,91.0,138.0
29.0,192.0,3274.0,2288.0
29.0,194.0,3274.0,3429.0
29.0,197.0,2645.0,335.0
29.0,198.0,2412.0,826.0
29.0,200.0,3272.0,743.0
29.0,212.0,3524.0,354.0
29.0,214.0,2169.0,1299.0
29.0,215.0,369.0,149.0
29.0,223.0,3171.0,860.0
29.0,224.0,91.0,1059.0
29.0,225.0,3273.0,84.0
29.0,227.0,2384.0,2183.0
29.0,241.0,3275.0,2559.0
29.0,246.0,98.0,1025.0
29.0,247.0,1932.0,730.0
29.0,248.0,3275.0,2036.0
29.0,271.0,2384.0,340.0
29.0,275.0,370.0,989.0
29.0,278.0,3170.0,1896.0
29.0,279.0,2412.0,219.0
29.0,292.0,2646.0,3581.0
29.0,297.0,367.0,1210.0
29.0,303.0,369.0,1403.0
29.0,307.0,3274.0,248.0
29.0,308.0,2384.0,542.0
29.0,336.0,367.0,255.0
29.0,345.0,141.0,2197.0
30.0,3.0,3966.0,2443.0
30.0,4.0,3966.0,303.0
30.0,6.0,3966.0,2589.0
30.0,7.0,3966.0,2573.0
30.0,10.0,3966.0,3885.0
30.0,11.0,3966.0,333.0
30.0,12.0,3966.0,3392.0
30.0,13.0,3966.0,2171.0
30.0,14.0,3966.0,1146.0
30.0,16.0,3966.0,3261.0
30.0,18.0,3966.0,2445.0
30.0,21.0,3966.0,313.0
30.0,22.0,3966.0,513.0
30.0,23.0,3966.0,13.0
30.0,29.0,3966.0,141.0
30.0,30.0,3966.0,3966.0
30.0,33.0,3966.0,1647.0
30.0,44.0,3966.0,3057.0
30.0,45.0,3966.0,771.0
30.0,46.0,3966.0,714.0
30.0,47.0,3966.0,1958.0
30.0,48.0,3966.0,817.0
30.0,49.0,3966.0,172.0
30.0,50.0,3966.0,3056.0
30.0,53.0,3966.0,3167.0
30.0,54.0,3966.0,1005.0
30.0,56.0,3966.0,1026.0
30.0,61.0,3966.0,1321.0
30.0,62.0,3966.0,1035.0
30.0,64.0,3966.0,824.0
30.0,68.0,3966.0,594.0
30.0,70.0,3966.0,1705.0
30.0,72.0,3966.0,323.0
30.0,73.0,3966.0,1665.0
30.0,75.0,3966.0,974.0
30.0,78.0,3966.0,86.0
30.0,81.0,3966.0,3683.0
30.0,83.0,3966.0,1726.0
30.0,86.0,3966.0,1559.0
30.0,88.0,3966.0,688.0
30.0,89.0,3966.0,3903.0
30.0,90.0,3966.0,2051.0
30.0,95.0,3966.0,1510.0
30.0,103.0,3966.0,2468.0
30.0,105.0,3966.0,2035.0
30.0,107.0,3966.0,3177.0
30.0,110.0,3966.0,2877.0
30.0,115.0,3966.0,2514.0
30.0,117.0,3966.0,137.0
30.0,120.0,3966.0,2209.0
30.0,125.0,3966.0,720.0
30.0,128.0,3966.0,2021.0
30.0,129.0,3966.0,862.0
30.0,139.0,3966.0,2754.0
30.0,141.0,3966.0,237.0
30.0,151.0,3966.0,86.0
30.0,156.0,3966.0,829.0
30.0,158.0,3966.0,497.0
30.0,163.0,3966.0,201.0
30.0,166.0,3966.0,3677.0
30.0,168.0,3966.0,1707.0
30.0,171.0,3966.0,1543.0
30.0,175.0,3966.0,702.0
30.0,178.0,3966.0,3675.0
30.0,180.0,3966.0,2150.0
30.0,182.0,3966.0,2598.0
30.0,185.0,3966.0,703.0
30.0,187.0,3966.0,2512.0
30.0,190.0,3966.0,3974.0
30.0,191.0,3966.0,3561.0
30.0,197.0,3966.0,350.0
30.0,198.0,3966.0,826.0
30.0,200.0,3966.0,744.0
30.0,203.0,3966.0,1444.0
30.0,204.0,3966.0,1690.0
30.0,213.0,3966.0,829.0
30.0,214.0,3966.0,1866.0
30.0,218.0,3966.0,148.0
30.0,223.0,3966.0,1917.0
30.0,224.0,3966.0,376.0
30.0,225.0,3966.0,84.0
30.0,227.0,3966.0,344.0
30.0,233.0,3966.0,431.0
30.0,234.0,3966.0,80.0
30.0,238.0,3966.0,3064.0
30.0,246.0,3966.0,1025.0
30.0,249.0,3966.0,1069.0
30.0,251.0,3966.0,1085.0
30.0,263.0,3966.0,824.0
30.0,264.0,3966.0,1086.0
30.0,275.0,3966.0,989.0
30.0,289.0,3966.0,2102.0
30.0,292.0,3966.0,142.0
30.0,304.0,3966.0,675.0
30.0,317.0,3966.0,136.0
30.0,322.0,3966.0,3192.0
30.0,328.0,3966.0,3292.0
30.0,329.0,3966.0,420.0
30.0,339.0,3966.0,1499.0
30.0,342.0,3966.0,1209.0
31.0,6.0,645.0,3408.0
31.0,7.0,1825.0,2777.0
31.0,8.0,1825.0,3258.0
31.0,14.0,1825.0,117.0
31.0,18.0,2922.0,3436.0
31.0,23.0,2922.0,3132.0
31.0,31.0,1825.0,1825.0
31.0,32.0,2922.0,1824.0
31.0,44.0,1825.0,3057.0
31.0,45.0,645.0,3321.0
31.0,46.0,3820.0,714.0
31.0,47.0,2922.0,1941.0
31.0,50.0,1825.0,1999.0
31.0,54.0,1825.0,1655.0
31.0,56.0,1825.0,1026.0
31.0,61.0,2922.0,623.0
31.0,62.0,645.0,2678.0
31.0,80.0,3820.0,1824.0
31.0,85.0,645.0,1586.0
31.0,91.0,1825.0,3281.0
31.0,94.0,1825.0,646.0
31.0,120.0,1825.0,3033.0
31.0,124.0,2922.0,1303.0
31.0,129.0,2922.0,825.0
31.0,130.0,1825.0,601.0
31.0,131.0,3820.0,3956.0
31.0,166.0,3820.0,969.0
31.0,172.0,2922.0,1743.0
31.0,178.0,645.0,3463.0
31.0,180.0,1825.0,186.0
31.0,200.0,1825.0,1067.0
31.0,207.0,1825.0,1024.0
31.0,225.0,1825.0,84.0
31.0,228.0,3820.0,1233.0
31.0,230.0,1825.0,1728.0
31.0,243.0,1825.0,1540.0
31.0,266.0,3820.0,3603.0
31.0,280.0,2922.0,2907.0
31.0,285.0,3820.0,1256.0
31.0,293.0,2922.0,1264.0
31.0,297.0,1825.0,1210.0
31.0,316.0,3820.0,1868.0
31.0,322.0,1825.0,3192.0
31.0,326.0,3820.0,3556.0
31.0,342.0,645.0,1209.0
32.0,2.0,1824.0,2614.0
32.0,7.0,1824.0,3111.0
32.0,21.0,1824.0,3134.0
32.0,32.0,1824.0,1824.0
32.0,33.0,1824.0,2951.0
32.0,35.0,1824.0,2254.0
32.0,39.0,1824.0,3029.0
32.0,40.0,1824.0,1676.0
32.0,53.0,1824.0,2838.0
32.0,56.0,1824.0,643.0
32.0,58.0,1824.0,3069.0
32.0,60.0,1824.0,1381.0
32.0,76.0,1824.0,1383.0
32.0,80.0,1824.0,1824.0
32.0,81.0,1824.0,1531.0
32.0,105.0,1824.0,2035.0
32.0,115.0,1824.0,2514.0
32.0,117.0,1824.0,137.0
32.0,120.0,1824.0,1436.0
32.0,131.0,1824.0,1692.0
32.0,133.0,1824.0,1839.0
32.0,137.0,1824.0,3680.0
32.0,156.0,1824.0,828.0
32.0,164.0,1824.0,3490.0
32.0,170.0,1824.0,1718.0
32.0,178.0,1824.0,110.0
32.0,189.0,1824.0,467.0
32.0,195.0,1824.0,1012.0
32.0,214.0,1824.0,1870.0
32.0,240.0,1824.0,3810.0
32.0,241.0,1824.0,3023.0
32.0,244.0,1824.0,3025.0
32.0,250.0,1824.0,1693.0
32.0,260.0,1824.0,944.0
32.0,266.0,1824.0,1440.0
32.0,286.0,1824.0,1383.0
32.0,298.0,1824.0,2981.0
32.0,309.0,1824.0,1379.0
32.0,318.0,1824.0,3069.0
32.0,322.0,1824.0,3192.0
32.0,345.0,1824.0,2197.0
33.0,6.0,1650.0,449.0
33.0,7.0,1647.0,3141.0
33.0,9.0,3803.0,1347.0
33.0,10.0,1902.0,612.0
33.0,11.0,1646.0,333.0
33.0,13.0,1651.0,1611.0
33.0,14.0,2749.0,3193.0
33.0,15.0,3687.0,2647.0
33.0,18.0,3128.0,3968.0
33.0,21.0,3128.0,226.0
33.0,22.0,1651.0,3835.0
33.0,23.0,3804.0,104.0
33.0,24.0,1672.0,358.0
33.0,26.0,3686.0,1606.0
33.0,30.0,3806.0,3966.0
33.0,32.0,3451.0,1824.0
33.0,33.0,1649.0,1647.0
33.0,35.0,3452.0,2255.0
33.0,37.0,3806.0,403.0
33.0,39.0,2749.0,3029.0
33.0,40.0,2951.0,1677.0
33.0,44.0,3695.0,3592.0
33.0,45.0,1650.0,2697.0
33.0,47.0,3686.0,1984.0
33.0,48.0,1902.0,820.0
33.0,49.0,1902.0,1060.0
33.0,52.0,3451.0,7.0
33.0,53.0,1647.0,19.0
33.0,58.0,3685.0,1380.0
33.0,60.0,640.0,2938.0
33.0,61.0,640.0,3728.0
33.0,62.0,384.0,3936.0
33.0,64.0,3807.0,824.0
33.0,66.0,985.0,3696.0
33.0,68.0,3804.0,440.0
33.0,76.0,988.0,1383.0
33.0,77.0,2950.0,2966.0
33.0,78.0,1650.0,86.0
33.0,80.0,3695.0,1824.0
33.0,81.0,1672.0,987.0
33.0,83.0,214.0,1726.0
33.0,85.0,3685.0,1373.0
33.0,88.0,1646.0,688.0
33.0,101.0,1647.0,3013.0
33.0,103.0,1649.0,239.0
33.0,108.0,3686.0,1720.0
33.0,117.0,1650.0,137.0
33.0,118.0,3687.0,352.0
33.0,121.0,3450.0,2966.0
33.0,124.0,3804.0,1303.0
33.0,131.0,2951.0,1691.0
33.0,133.0,384.0,3094.0
33.0,138.0,988.0,1710.0
33.0,143.0,3128.0,2563.0
33.0,145.0,1649.0,1716.0
33.0,147.0,2749.0,87.0
33.0,156.0,1671.0,828.0
33.0,160.0,3807.0,493.0
33.0,164.0,3686.0,1928.0
33.0,168.0,3803.0,708.0
33.0,170.0,3684.0,1718.0
33.0,171.0,985.0,1543.0
33.0,178.0,3450.0,93.0
33.0,179.0,1647.0,385.0
33.0,180.0,1672.0,2150.0
33.0,185.0,640.0,687.0
33.0,187.0,214.0,81.0
33.0,188.0,988.0,3418.0
33.0,195.0,3128.0,3679.0
33.0,197.0,1647.0,334.0
33.0,198.0,3684.0,826.0
33.0,200.0,1646.0,1067.0
33.0,204.0,3805.0,1688.0
33.0,206.0,1647.0,1892.0
33.0,209.0,1671.0,2134.0
33.0,211.0,1671.0,2207.0
33.0,213.0,985.0,829.0
33.0,216.0,1649.0,1606.0
33.0,219.0,3695.0,1695.0
33.0,222.0,988.0,180.0
33.0,223.0,3450.0,2520.0
33.0,224.0,3686.0,867.0
33.0,230.0,1649.0,2959.0
33.0,238.0,3452.0,410.0
33.0,239.0,3804.0,1346.0
33.0,240.0,1903.0,3815.0
33.0,244.0,214.0,3037.0
33.0,245.0,3687.0,2206.0
33.0,247.0,1902.0,263.0
33.0,248.0,1647.0,692.0
33.0,249.0,1902.0,1069.0
33.0,250.0,1647.0,1264.0
33.0,251.0,985.0,1085.0
33.0,255.0,189.0,1022.0
33.0,260.0,1647.0,944.0
33.0,261.0,985.0,1434.0
33.0,262.0,214.0,2504.0
33.0,263.0,3452.0,824.0
33.0,264.0,3452.0,1086.0
33.0,265.0,1671.0,2104.0
33.0,269.0,1902.0,214.0
33.0,274.0,3685.0,1637.0
33.0,275.0,1651.0,989.0
33.0,278.0,214.0,1896.0
33.0,279.0,988.0,3126.0
33.0,282.0,214.0,841.0
33.0,286.0,1647.0,1383.0
33.0,287.0,988.0,1258.0
33.0,288.0,1646.0,1927.0
33.0,290.0,1902.0,1899.0
33.0,292.0,1903.0,1594.0
33.0,294.0,3687.0,3080.0
33.0,298.0,1902.0,1620.0
33.0,300.0,3686.0,1716.0
33.0,301.0,384.0,175.0
33.0,302.0,1650.0,1497.0
33.0,304.0,3684.0,3107.0
33.0,307.0,1650.0,248.0
33.0,324.0,640.0,1443.0
33.0,326.0,3805.0,3556.0
33.0,328.0,1902.0,3291.0
33.0,329.0,1902.0,420.0
33.0,330.0,985.0,1094.0
33.0,332.0,3807.0,1070.0
33.0,341.0,3451.0,3951.0
34.0,6.0,2105.0,1813.0
34.0,7.0,2105.0,3584.0
34.0,8.0,2105.0,191.0
34.0,10.0,2105.0,2658.0
34.0,14.0,2105.0,886.0
34.0,18.0,2105.0,3841.0
34.0,22.0,2105.0,523.0
34.0,25.0,2105.0,908.0
34.0,34.0,2105.0,2105.0
34.0,38.0,2105.0,3953.0
34.0,44.0,2105.0,1663.0
34.0,50.0,2105.0,1999.0
34.0,54.0,2105.0,3949.0
34.0,57.0,2105.0,2991.0
34.0,61.0,2105.0,2788.0
34.0,62.0,2105.0,2494.0
34.0,66.0,2105.0,2989.0
34.0,68.0,2105.0,1641.0
34.0,81.0,2105.0,387.0
34.0,85.0,2105.0,1586.0
34.0,109.0,2105.0,3016.0
34.0,114.0,2105.0,1900.0
34.0,116.0,2105.0,2667.0
34.0,127.0,2105.0,2108.0
34.0,134.0,2105.0,471.0
34.0,139.0,2105.0,2756.0
34.0,140.0,2105.0,2297.0
34.0,166.0,2105.0,3721.0
34.0,181.0,2105.0,2221.0
34.0,199.0,2105.0,1409.0
34.0,212.0,2105.0,354.0
34.0,217.0,2105.0,976.0
34.0,236.0,2105.0,659.0
34.0,253.0,2105.0,1391.0
34.0,259.0,2105.0,2112.0
34.0,265.0,2105.0,3701.0
34.0,283.0,2105.0,541.0
34.0,289.0,2105.0,2102.0
34.0,311.0,2105.0,253.0
34.0,335.0,2105.0,341.0
35.0,9.0,2255.0,1363.0
35.0,10.0,2255.0,3247.0
35.0,35.0,2254.0,2063.0
35.0,42.0,2156.0,3192.0
35.0,53.0,3083.0,388.0
35.0,54.0,2059.0,2872.0
35.0,69.0,2254.0,213.0
35.0,80.0,2254.0,1824.0
35.0,107.0,3082.0,3176.0
35.0,148.0,2255.0,211.0
35.0,164.0,3082.0,3488.0
35.0,188.0,2254.0,2066.0
35.0,211.0,2254.0,2061.0
35.0,216.0,3083.0,1606.0
35.0,239.0,2254.0,834.0
35.0,249.0,2059.0,1069.0
35.0,272.0,3088.0,2060.0
35.0,279.0,3082.0,212.0
35.0,340.0,2255.0,232.0
36.0,5.0,255.0,2010.0
36.0,7.0,255.0,1121.0
36.0,24.0,255.0,3000.0
36.0,28.0,255.0,2046.0
36.0,36.0,255.0,255.0
36.0,48.0,255.0,809.0
36.0,61.0,255.0,3319.0
36.0,62.0,255.0,77.0
36.0,73.0,255.0,336.0
36.0,90.0,255.0,2051.0
36.0,95.0,255.0,3238.0
36.0,98.0,255.0,1419.0
36.0,101.0,255.0,372.0
36.0,118.0,255.0,352.0
36.0,128.0,255.0,2020.0
36.0,134.0,255.0,471.0
36.0,139.0,255.0,543.0
36.0,140.0,255.0,2153.0
36.0,143.0,255.0,2564.0
36.0,152.0,255.0,495.0
36.0,161.0,255.0,1404.0
36.0,165.0,255.0,254.0
36.0,178.0,255.0,1542.0
36.0,210.0,255.0,256.0
36.0,215.0,255.0,1464.0
36.0,227.0,255.0,344.0
36.0,235.0,255.0,3622.0
36.0,244.0,255.0,3037.0
36.0,259.0,255.0,2115.0
36.0,267.0,255.0,3328.0
36.0,280.0,255.0,2418.0
36.0,295.0,255.0,1419.0
36.0,306.0,255.0,494.0
36.0,311.0,255.0,253.0
37.0,1.0,3534.0,704.0
37.0,2.0,3307.0,2744.0
37.0,7.0,715.0,3218.0
37.0,10.0,2581.0,2133.0
37.0,12.0,403.0,635.0
37.0,14.0,402.0,2882.0
37.0,17.0,3307.0,546.0
37.0,18.0,3307.0,57.0
37.0,20.0,403.0,1894.0
37.0,22.0,3307.0,3827.0
37.0,26.0,3533.0,3469.0
37.0,27.0,3307.0,684.0
37.0,29.0,403.0,90.0
37.0,37.0,402.0,2945.0
37.0,41.0,402.0,357.0
37.0,44.0,3307.0,3593.0
37.0,46.0,3307.0,1607.0
37.0,48.0,3534.0,2597.0
37.0,50.0,403.0,2000.0
37.0,51.0,715.0,2580.0
37.0,54.0,3022.0,355.0
37.0,55.0,3534.0,3845.0
37.0,62.0,3534.0,3001.0
37.0,67.0,402.0,375.0
37.0,72.0,3012.0,3635.0
37.0,73.0,402.0,1665.0
37.0,86.0,2945.0,1559.0
37.0,87.0,3535.0,3074.0
37.0,89.0,3022.0,3903.0
37.0,90.0,715.0,1416.0
37.0,95.0,3307.0,3227.0
37.0,97.0,2945.0,2443.0
37.0,98.0,403.0,1419.0
37.0,102.0,3535.0,3306.0
37.0,103.0,403.0,239.0
37.0,115.0,403.0,2514.0
37.0,118.0,402.0,352.0
37.0,122.0,3534.0,2033.0
37.0,128.0,3307.0,579.0
37.0,129.0,403.0,827.0
37.0,132.0,2945.0,3183.0
37.0,134.0,2945.0,471.0
37.0,142.0,3306.0,685.0
37.0,143.0,403.0,2563.0
37.0,147.0,715.0,87.0
37.0,151.0,3533.0,86.0
37.0,163.0,3533.0,398.0
37.0,168.0,403.0,708.0
37.0,177.0,2945.0,413.0
37.0,182.0,3307.0,2598.0
37.0,185.0,403.0,1543.0
37.0,197.0,715.0,348.0
37.0,200.0,3307.0,1009.0
37.0,205.0,2581.0,3244.0
37.0,212.0,403.0,354.0
37.0,221.0,3307.0,165.0
37.0,224.0,2945.0,1058.0
37.0,227.0,402.0,1662.0
37.0,234.0,3022.0,80.0
37.0,239.0,2945.0,3409.0
37.0,241.0,403.0,261.0
37.0,255.0,403.0,3556.0
37.0,295.0,402.0,1419.0
37.0,314.0,402.0,2026.0
38.0,2.0,2213.0,3454.0
38.0,7.0,2213.0,3702.0
38.0,8.0,3953.0,192.0
38.0,10.0,2213.0,792.0
38.0,21.0,2210.0,291.0
38.0,22.0,2194.0,3828.0
38.0,25.0,3953.0,489.0
38.0,34.0,2194.0,2105.0
38.0,38.0,2213.0,2212.0
38.0,47.0,2210.0,1798.0
38.0,55.0,3953.0,3184.0
38.0,57.0,2210.0,2991.0
38.0,61.0,3953.0,621.0
38.0,65.0,2194.0,1445.0
38.0,66.0,2210.0,589.0
38.0,75.0,2213.0,974.0
38.0,89.0,2194.0,3903.0
38.0,96.0,2213.0,339.0
38.0,106.0,2194.0,241.0
38.0,107.0,2213.0,1125.0
38.0,109.0,2213.0,2986.0
38.0,118.0,2212.0,352.0
38.0,126.0,2213.0,2139.0
38.0,134.0,3953.0,471.0
38.0,156.0,2210.0,829.0
38.0,160.0,2212.0,3113.0
38.0,161.0,2194.0,1404.0
38.0,162.0,2210.0,353.0
38.0,166.0,2194.0,2429.0
38.0,170.0,2212.0,1718.0
38.0,176.0,2213.0,2962.0
38.0,178.0,2210.0,121.0
38.0,185.0,3953.0,703.0
38.0,212.0,2212.0,354.0
38.0,217.0,2210.0,976.0
38.0,241.0,2213.0,3034.0
38.0,253.0,2213.0,1391.0
38.0,265.0,2194.0,3698.0
38.0,296.0,3953.0,2508.0
38.0,307.0,2212.0,248.0
38.0,312.0,2213.0,351.0
38.0,320.0,2194.0,2037.0
39.0,10.0,1901.0,1095.0
39.0,14.0,3029.0,3277.0
39.0,18.0,3029.0,379.0
39.0,26.0,3026.0,3471.0
39.0,32.0,3029.0,1824.0
39.0,33.0,386.0,3128.0
39.0,39.0,3026.0,386.0
39.0,40.0,3029.0,1677.0
39.0,53.0,3026.0,850.0
39.0,58.0,3026.0,1380.0
39.0,80.0,3026.0,1824.0
39.0,81.0,386.0,2937.0
39.0,85.0,3029.0,3038.0
39.0,89.0,3029.0,3903.0
39.0,121.0,3029.0,2966.0
39.0,124.0,3026.0,3066.0
39.0,133.0,3026.0,1624.0
39.0,137.0,3026.0,2928.0
39.0,157.0,3029.0,2245.0
39.0,164.0,1901.0,3491.0
39.0,174.0,1901.0,1910.0
39.0,178.0,3029.0,3664.0
39.0,179.0,3026.0,385.0
39.0,180.0,386.0,186.0
39.0,195.0,3029.0,1729.0
39.0,200.0,3029.0,1067.0
39.0,214.0,1901.0,1307.0
39.0,216.0,3029.0,1606.0
39.0,219.0,3029.0,1695.0
39.0,229.0,3026.0,2932.0
39.0,230.0,3029.0,1728.0
39.0,237.0,3029.0,1674.0
39.0,240.0,1901.0,3813.0
39.0,244.0,3029.0,3037.0
39.0,249.0,3029.0,1069.0
39.0,250.0,3026.0,1264.0
39.0,274.0,3029.0,1639.0
39.0,290.0,3029.0,1899.0
39.0,298.0,3029.0,1265.0
39.0,327.0,3026.0,1621.0
39.0,330.0,1901.0,1094.0
39.0,332.0,3029.0,1070.0
40.0,11.0,1475.0,333.0
40.0,18.0,1676.0,3294.0
40.0,32.0,1677.0,1824.0
40.0,33.0,1473.0,3450.0
40.0,40.0,1475.0,1473.0
40.0,53.0,1677.0,1528.0
40.0,58.0,1473.0,1380.0
40.0,68.0,1473.0,594.0
40.0,76.0,1475.0,1383.0
40.0,80.0,1677.0,1824.0
40.0,81.0,1475.0,948.0
40.0,87.0,1475.0,1447.0
40.0,89.0,1473.0,3903.0
40.0,92.0,1473.0,1669.0
40.0,101.0,1473.0,3013.0
40.0,108.0,1473.0,1720.0
40.0,112.0,1677.0,1717.0
40.0,113.0,1676.0,565.0
40.0,115.0,1473.0,83.0
40.0,119.0,1677.0,233.0
40.0,133.0,1677.0,3097.0
40.0,138.0,1676.0,1711.0
40.0,148.0,1473.0,2268.0
40.0,149.0,1475.0,2049.0
40.0,164.0,1473.0,1930.0
40.0,178.0,1475.0,2249.0
40.0,179.0,1677.0,385.0
40.0,180.0,1676.0,2150.0
40.0,186.0,1677.0,567.0
40.0,190.0,1677.0,152.0
40.0,195.0,1677.0,3799.0
40.0,198.0,1677.0,826.0
40.0,204.0,1677.0,1696.0
40.0,223.0,1473.0,1878.0
40.0,244.0,1475.0,3024.0
40.0,245.0,1475.0,2206.0
40.0,250.0,1473.0,1259.0
40.0,255.0,1676.0,3556.0
40.0,269.0,1473.0,214.0
40.0,274.0,1676.0,1632.0
40.0,275.0,1677.0,55.0
40.0,279.0,1475.0,1472.0
40.0,286.0,1475.0,1383.0
40.0,290.0,1676.0,1899.0
40.0,294.0,1676.0,185.0
40.0,300.0,1473.0,1716.0
40.0,318.0,1677.0,3069.0
41.0,2.0,2551.0,2613.0
41.0,3.0,331.0,2443.0
41.0,5.0,3899.0,2010.0
41.0,6.0,357.0,3408.0
41.0,7.0,3899.0,3174.0
41.0,10.0,36.0,453.0
41.0,11.0,2551.0,333.0
41.0,12.0,2551.0,635.0
41.0,14.0,2551.0,3754.0
41.0,18.0,3899.0,443.0
41.0,21.0,3899.0,286.0
41.0,23.0,357.0,2145.0
41.0,24.0,36.0,43.0
41.0,25.0,331.0,490.0
41.0,26.0,36.0,1606.0
41.0,30.0,2551.0,3966.0
41.0,37.0,36.0,403.0
41.0,41.0,2551.0,36.0
41.0,43.0,2551.0,686.0
41.0,44.0,36.0,3057.0
41.0,45.0,36.0,772.0
41.0,46.0,36.0,1486.0
41.0,48.0,400.0,818.0
41.0,49.0,331.0,172.0
41.0,50.0,2551.0,78.0
41.0,51.0,2551.0,2580.0
41.0,53.0,400.0,851.0
41.0,54.0,331.0,2542.0
41.0,55.0,2551.0,3845.0
41.0,61.0,2551.0,1326.0
41.0,62.0,3899.0,73.0
41.0,66.0,2551.0,2984.0
41.0,68.0,3899.0,1642.0
41.0,70.0,2551.0,146.0
41.0,72.0,331.0,41.0
41.0,73.0,356.0,1665.0
41.0,77.0,2287.0,2961.0
41.0,78.0,356.0,86.0
41.0,87.0,3899.0,3067.0
41.0,88.0,36.0,688.0
41.0,89.0,400.0,3903.0
41.0,90.0,3899.0,2052.0
41.0,91.0,3899.0,3284.0
41.0,95.0,3899.0,3231.0
41.0,97.0,2287.0,2443.0
41.0,98.0,2551.0,1419.0
41.0,106.0,3899.0,241.0
41.0,110.0,3899.0,2877.0
41.0,115.0,356.0,3840.0
41.0,122.0,3899.0,3661.0
41.0,124.0,3899.0,1302.0
41.0,125.0,2551.0,720.0
41.0,128.0,2551.0,2017.0
41.0,131.0,331.0,1692.0
41.0,132.0,2551.0,3205.0
41.0,135.0,3899.0,3912.0
41.0,141.0,36.0,1708.0
41.0,143.0,2551.0,2563.0
41.0,147.0,2551.0,337.0
41.0,150.0,36.0,2196.0
41.0,154.0,2551.0,1640.0
41.0,163.0,400.0,201.0
41.0,167.0,2551.0,50.0
41.0,168.0,2551.0,708.0
41.0,172.0,2551.0,2923.0
41.0,178.0,36.0,1541.0
41.0,185.0,3899.0,703.0
41.0,187.0,36.0,81.0
41.0,192.0,3899.0,2288.0
41.0,196.0,2551.0,1211.0
41.0,197.0,357.0,329.0
41.0,209.0,2287.0,2134.0
41.0,212.0,36.0,354.0
41.0,213.0,3899.0,829.0
41.0,220.0,2551.0,1931.0
41.0,221.0,36.0,148.0
41.0,223.0,357.0,3874.0
41.0,225.0,3899.0,84.0
41.0,227.0,2551.0,2184.0
41.0,228.0,3899.0,2378.0
41.0,234.0,400.0,145.0
41.0,236.0,36.0,659.0
41.0,241.0,3899.0,261.0
41.0,243.0,36.0,2353.0
41.0,247.0,2551.0,3690.0
41.0,248.0,2551.0,692.0
41.0,252.0,2551.0,259.0
41.0,263.0,356.0,824.0
41.0,268.0,2551.0,516.0
41.0,273.0,36.0,48.0
41.0,275.0,2551.0,317.0
41.0,276.0,357.0,465.0
41.0,280.0,2551.0,480.0
41.0,281.0,400.0,3391.0
41.0,292.0,2551.0,142.0
41.0,295.0,331.0,1419.0
41.0,325.0,357.0,3130.0
41.0,337.0,357.0,3023.0
42.0,4.0,3191.0,3515.0
42.0,5.0,3191.0,52.0
42.0,6.0,3192.0,1809.0
42.0,8.0,919.0,191.0
42.0,10.0,3191.0,1097.0
42.0,11.0,887.0,333.0
42.0,14.0,921.0,3277.0
42.0,15.0,3191.0,3846.0
42.0,18.0,3191.0,3841.0
42.0,21.0,3191.0,2722.0
42.0,23.0,3191.0,1192.0
42.0,31.0,878.0,1825.0
42.0,33.0,920.0,3806.0
42.0,35.0,920.0,2255.0
42.0,42.0,3191.0,887.0
42.0,45.0,3191.0,771.0
42.0,50.0,3191.0,2000.0
42.0,53.0,920.0,2838.0
42.0,54.0,3192.0,2543.0
42.0,56.0,3191.0,1026.0
42.0,62.0,978.0,1593.0
42.0,64.0,3192.0,2826.0
42.0,67.0,919.0,1420.0
42.0,68.0,3192.0,1642.0
42.0,72.0,3191.0,324.0
42.0,73.0,920.0,3021.0
42.0,75.0,921.0,974.0
42.0,78.0,918.0,86.0
42.0,87.0,888.0,1446.0
42.0,107.0,1204.0,459.0
42.0,109.0,3191.0,2985.0
42.0,115.0,2536.0,2515.0
42.0,121.0,977.0,2966.0
42.0,122.0,3191.0,235.0
42.0,131.0,3192.0,1691.0
42.0,137.0,3191.0,2928.0
42.0,139.0,919.0,2496.0
42.0,151.0,888.0,86.0
42.0,154.0,921.0,3579.0
42.0,163.0,919.0,2077.0
42.0,166.0,3191.0,956.0
42.0,172.0,3191.0,1884.0
42.0,178.0,3191.0,3528.0
42.0,190.0,888.0,151.0
42.0,195.0,978.0,3800.0
42.0,197.0,3191.0,347.0
42.0,198.0,878.0,826.0
42.0,200.0,3192.0,743.0
42.0,205.0,3191.0,48.0
42.0,217.0,3191.0,976.0
42.0,223.0,919.0,2519.0
42.0,224.0,888.0,376.0
42.0,228.0,920.0,2378.0
42.0,229.0,3191.0,2933.0
42.0,234.0,921.0,145.0
42.0,244.0,3191.0,3024.0
42.0,250.0,921.0,1264.0
42.0,266.0,3191.0,1853.0
42.0,284.0,919.0,2932.0
42.0,287.0,888.0,1258.0
42.0,291.0,2536.0,2537.0
42.0,293.0,887.0,1264.0
42.0,317.0,3191.0,136.0
42.0,322.0,921.0,3192.0
42.0,342.0,3192.0,2736.0
43.0,1.0,686.0,2832.0
43.0,2.0,682.0,3455.0
43.0,3.0,686.0,2443.0
43.0,5.0,682.0,54.0
43.0,7.0,686.0,3251.0
43.0,10.0,682.0,612.0
43.0,11.0,682.0,333.0
43.0,12.0,686.0,635.0
43.0,13.0,682.0,163.0
43.0,15.0,686.0,712.0
43.0,16.0,682.0,3239.0
43.0,18.0,682.0,84.0
43.0,20.0,686.0,700.0
43.0,24.0,686.0,3376.0
43.0,27.0,686.0,2463.0
43.0,28.0,682.0,2046.0
43.0,29.0,686.0,3275.0
43.0,37.0,682.0,2581.0
43.0,41.0,686.0,2551.0
43.0,43.0,682.0,682.0
43.0,44.0,682.0,56.0
43.0,45.0,682.0,797.0
43.0,46.0,682.0,714.0
43.0,47.0,686.0,1991.0
43.0,48.0,686.0,72.0
43.0,49.0,682.0,3117.0
43.0,50.0,682.0,442.0
43.0,51.0,682.0,2580.0
43.0,53.0,682.0,2451.0
43.0,54.0,686.0,3949.0
43.0,55.0,682.0,690.0
43.0,56.0,682.0,949.0
43.0,61.0,686.0,1478.0
43.0,62.0,682.0,3185.0
43.0,68.0,682.0,328.0
43.0,70.0,686.0,1706.0
43.0,72.0,682.0,321.0
43.0,73.0,682.0,401.0
43.0,74.0,682.0,3499.0
43.0,78.0,682.0,86.0
43.0,89.0,686.0,3903.0
43.0,90.0,686.0,1412.0
43.0,93.0,686.0,463.0
43.0,95.0,686.0,1512.0
43.0,97.0,682.0,236.0
43.0,102.0,686.0,3306.0
43.0,103.0,682.0,2468.0
43.0,110.0,686.0,2877.0
43.0,111.0,682.0,1507.0
43.0,115.0,686.0,2515.0
43.0,117.0,686.0,137.0
43.0,120.0,682.0,3791.0
43.0,122.0,686.0,2009.0
43.0,123.0,686.0,682.0
43.0,125.0,686.0,720.0
43.0,128.0,682.0,2018.0
43.0,132.0,686.0,1481.0
43.0,134.0,686.0,3539.0
43.0,141.0,686.0,237.0
43.0,142.0,686.0,685.0
43.0,147.0,682.0,337.0
43.0,151.0,686.0,86.0
43.0,163.0,686.0,147.0
43.0,167.0,682.0,3372.0
43.0,168.0,686.0,708.0
43.0,169.0,682.0,662.0
43.0,171.0,686.0,1543.0
43.0,178.0,682.0,2249.0
43.0,182.0,686.0,2598.0
43.0,185.0,682.0,687.0
43.0,186.0,682.0,2136.0
43.0,189.0,682.0,467.0
43.0,190.0,686.0,152.0
43.0,191.0,686.0,140.0
43.0,196.0,686.0,3288.0
43.0,197.0,686.0,350.0
43.0,200.0,682.0,780.0
43.0,203.0,682.0,1444.0
43.0,205.0,682.0,3244.0
43.0,215.0,686.0,149.0
43.0,218.0,686.0,148.0
43.0,221.0,686.0,167.0
43.0,224.0,682.0,993.0
43.0,225.0,682.0,84.0
43.0,227.0,682.0,2184.0
43.0,228.0,686.0,2378.0
43.0,234.0,682.0,145.0
43.0,236.0,686.0,1916.0
43.0,248.0,686.0,692.0
43.0,264.0,686.0,844.0
43.0,275.0,682.0,317.0
43.0,281.0,686.0,3391.0
43.0,289.0,682.0,2102.0
43.0,310.0,686.0,693.0
43.0,317.0,686.0,136.0
43.0,329.0,682.0,3559.0
43.0,334.0,682.0,149.0
43.0,341.0,686.0,3951.0
44.0,2.0,3593.0,718.0
44.0,3.0,85.0,2443.0
44.0,4.0,3593.0,283.0
44.0,6.0,3057.0,1105.0
44.0,7.0,85.0,445.0
44.0,10.0,3592.0,2094.0
44.0,11.0,3592.0,333.0
44.0,12.0,3057.0,635.0
44.0,13.0,2534.0,2948.0
44.0,14.0,3593.0,1177.0
44.0,15.0,3592.0,3242.0
44.0,16.0,3592.0,2878.0
44.0,17.0,85.0,3624.0
44.0,18.0,2534.0,1484.0
44.0,20.0,3593.0,2118.0
44.0,21.0,3593.0,3295.0
44.0,23.0,85.0,3710.0
44.0,24.0,85.0,1491.0
44.0,26.0,3593.0,3470.0
44.0,29.0,3592.0,3273.0
44.0,30.0,3057.0,3966.0
44.0,31.0,85.0,645.0
44.0,37.0,3593.0,3534.0
44.0,41.0,1663.0,36.0
44.0,43.0,2534.0,686.0
44.0,44.0,3592.0,3057.0
44.0,45.0,1663.0,771.0
44.0,47.0,56.0,907.0
44.0,48.0,85.0,795.0
44.0,49.0,1663.0,1060.0
44.0,50.0,3057.0,1999.0
44.0,51.0,3592.0,2580.0
44.0,53.0,3057.0,2839.0
44.0,54.0,3592.0,2997.0
44.0,56.0,3593.0,1026.0
44.0,61.0,3057.0,2704.0
44.0,62.0,3592.0,3146.0
44.0,63.0,3592.0,2741.0
44.0,64.0,3593.0,2826.0
44.0,66.0,3592.0,3696.0
44.0,68.0,56.0,328.0
44.0,71.0,3057.0,2189.0
44.0,72.0,3592.0,1212.0
44.0,74.0,85.0,3499.0
44.0,78.0,3593.0,86.0
44.0,81.0,85.0,3359.0
44.0,82.0,56.0,2691.0
44.0,88.0,3592.0,688.0
44.0,89.0,85.0,3903.0
44.0,90.0,85.0,1412.0
44.0,93.0,3057.0,2942.0
44.0,95.0,3593.0,3233.0
44.0,97.0,3592.0,236.0
44.0,98.0,3057.0,1419.0
44.0,102.0,3592.0,3306.0
44.0,103.0,56.0,239.0
44.0,106.0,56.0,241.0
44.0,107.0,56.0,3176.0
44.0,115.0,85.0,83.0
44.0,120.0,56.0,2217.0
44.0,121.0,3593.0,2966.0
44.0,122.0,3593.0,235.0
44.0,123.0,3057.0,682.0
44.0,125.0,3592.0,720.0
44.0,126.0,56.0,2139.0
44.0,129.0,3592.0,825.0
44.0,131.0,85.0,1692.0
44.0,132.0,3592.0,2006.0
44.0,135.0,3593.0,765.0
44.0,141.0,2534.0,1708.0
44.0,142.0,3593.0,685.0
44.0,143.0,3593.0,2564.0
44.0,147.0,1663.0,337.0
44.0,151.0,56.0,86.0
44.0,153.0,3057.0,2768.0
44.0,154.0,3593.0,3579.0
44.0,158.0,2534.0,249.0
44.0,159.0,56.0,1621.0
44.0,162.0,3592.0,353.0
44.0,163.0,3593.0,2077.0
44.0,167.0,3057.0,50.0
44.0,168.0,56.0,708.0
44.0,171.0,85.0,1543.0
44.0,173.0,85.0,3976.0
44.0,175.0,3593.0,661.0
44.0,176.0,85.0,2594.0
44.0,178.0,3592.0,2490.0
44.0,184.0,1663.0,3646.0
44.0,185.0,3593.0,687.0
44.0,187.0,3593.0,2512.0
44.0,188.0,56.0,2069.0
44.0,190.0,3592.0,2721.0
44.0,191.0,3592.0,435.0
44.0,192.0,85.0,2288.0
44.0,193.0,3593.0,1769.0
44.0,195.0,3593.0,188.0
44.0,196.0,3057.0,3288.0
44.0,198.0,3057.0,826.0
44.0,200.0,85.0,739.0
44.0,202.0,56.0,258.0
44.0,205.0,3593.0,3244.0
44.0,208.0,56.0,2453.0
44.0,215.0,3057.0,149.0
44.0,217.0,56.0,976.0
44.0,218.0,3592.0,148.0
44.0,221.0,3593.0,166.0
44.0,223.0,3592.0,3160.0
44.0,224.0,56.0,377.0
44.0,225.0,85.0,84.0
44.0,226.0,1663.0,1434.0
44.0,227.0,3593.0,1662.0
44.0,234.0,3057.0,145.0
44.0,236.0,85.0,1916.0
44.0,247.0,85.0,3690.0
44.0,248.0,3593.0,692.0
44.0,249.0,3592.0,1069.0
44.0,260.0,3593.0,943.0
44.0,263.0,3593.0,824.0
44.0,264.0,3592.0,1064.0
44.0,265.0,85.0,3698.0
44.0,275.0,85.0,2783.0
44.0,276.0,85.0,3855.0
44.0,287.0,56.0,1258.0
44.0,291.0,3593.0,2930.0
44.0,292.0,85.0,3581.0
44.0,294.0,85.0,1082.0
44.0,307.0,3592.0,248.0
44.0,314.0,3057.0,2049.0
44.0,317.0,2534.0,136.0
44.0,320.0,85.0,2037.0
44.0,326.0,85.0,3556.0
44.0,328.0,56.0,1049.0
44.0,331.0,3593.0,578.0
45.0,2.0,771.0,2743.0
45.0,4.0,759.0,3149.0
45.0,5.0,66.0,2011.0
45.0,6.0,2417.0,3944.0
45.0,7.0,771.0,3215.0
45.0,10.0,2417.0,3310.0
45.0,11.0,2458.0,333.0
45.0,12.0,64.0,3392.0
45.0,13.0,3917.0,664.0
45.0,14.0,66.0,1736.0
45.0,15.0,772.0,3242.0
45.0,18.0,3270.0,3902.0
45.0,21.0,3322.0,226.0
45.0,23.0,66.0,13.0
45.0,24.0,2417.0,2625.0
45.0,25.0,2458.0,3647.0
45.0,27.0,2458.0,684.0
45.0,28.0,3324.0,3015.0
45.0,29.0,3269.0,2412.0
45.0,30.0,2460.0,3966.0
45.0,33.0,779.0,640.0
45.0,34.0,771.0,2105.0
45.0,37.0,3918.0,3307.0
45.0,38.0,67.0,2213.0
45.0,41.0,779.0,2551.0
45.0,42.0,66.0,1204.0
45.0,44.0,64.0,3593.0
45.0,45.0,779.0,771.0
45.0,46.0,2459.0,1607.0
45.0,47.0,2458.0,3648.0
45.0,48.0,3151.0,813.0
45.0,50.0,2697.0,2000.0
45.0,51.0,769.0,2580.0
45.0,53.0,3150.0,1521.0
45.0,54.0,3324.0,1483.0
45.0,55.0,67.0,3843.0
45.0,57.0,3150.0,2991.0
45.0,58.0,771.0,1380.0
45.0,61.0,2697.0,3725.0
45.0,62.0,2460.0,3384.0
45.0,66.0,3916.0,3572.0
45.0,68.0,771.0,1642.0
45.0,70.0,2004.0,146.0
45.0,72.0,3917.0,3435.0
45.0,73.0,771.0,336.0
45.0,77.0,67.0,2966.0
45.0,78.0,798.0,86.0
45.0,79.0,2460.0,2240.0
45.0,81.0,2458.0,1531.0
45.0,82.0,3969.0,596.0
45.0,83.0,797.0,1726.0
45.0,86.0,798.0,1559.0
45.0,88.0,3977.0,688.0
45.0,89.0,798.0,3903.0
45.0,91.0,797.0,3283.0
45.0,95.0,66.0,2007.0
45.0,97.0,779.0,3594.0
45.0,103.0,771.0,2468.0
45.0,111.0,2459.0,1471.0
45.0,114.0,100.0,2891.0
45.0,115.0,3917.0,83.0
45.0,116.0,3977.0,3352.0
45.0,117.0,771.0,137.0
45.0,118.0,64.0,352.0
45.0,122.0,3916.0,2009.0
45.0,123.0,2458.0,682.0
45.0,125.0,2460.0,720.0
45.0,126.0,68.0,2139.0
45.0,128.0,779.0,3262.0
45.0,134.0,64.0,474.0
45.0,135.0,771.0,3154.0
45.0,140.0,926.0,2758.0
45.0,141.0,798.0,237.0
45.0,143.0,2460.0,2281.0
45.0,147.0,3918.0,337.0
45.0,151.0,2458.0,86.0
45.0,154.0,3324.0,3580.0
45.0,158.0,3151.0,240.0
45.0,160.0,3324.0,574.0
45.0,167.0,3324.0,3372.0
45.0,168.0,3977.0,2464.0
45.0,171.0,3916.0,1543.0
45.0,173.0,797.0,3976.0
45.0,175.0,3918.0,702.0
45.0,178.0,2697.0,2485.0
45.0,184.0,68.0,457.0
45.0,185.0,3150.0,687.0
45.0,187.0,770.0,2512.0
45.0,190.0,779.0,151.0
45.0,192.0,2459.0,2288.0
45.0,196.0,770.0,1211.0
45.0,197.0,927.0,330.0
45.0,202.0,771.0,3433.0
45.0,204.0,771.0,1698.0
45.0,205.0,2003.0,2076.0
45.0,208.0,2697.0,3395.0
45.0,213.0,771.0,829.0
45.0,214.0,771.0,1852.0
45.0,215.0,2697.0,1464.0
45.0,221.0,68.0,148.0
45.0,223.0,770.0,3162.0
45.0,224.0,798.0,1027.0
45.0,227.0,771.0,88.0
45.0,234.0,2459.0,145.0
45.0,238.0,3269.0,1505.0
45.0,241.0,66.0,2560.0
45.0,243.0,797.0,3175.0
45.0,250.0,3150.0,1693.0
45.0,253.0,3324.0,1391.0
45.0,256.0,771.0,2976.0
45.0,262.0,3309.0,2505.0
45.0,263.0,2143.0,824.0
45.0,266.0,2003.0,2607.0
45.0,269.0,797.0,214.0
45.0,273.0,797.0,48.0
45.0,276.0,3917.0,3855.0
45.0,278.0,771.0,1896.0
45.0,292.0,66.0,3581.0
45.0,297.0,2458.0,1210.0
45.0,304.0,772.0,676.0
45.0,310.0,100.0,710.0
45.0,311.0,66.0,253.0
45.0,321.0,362.0,241.0
45.0,328.0,759.0,3291.0
45.0,331.0,2004.0,578.0
45.0,334.0,3918.0,149.0
46.0,2.0,1511.0,2743.0
46.0,3.0,1482.0,2443.0
46.0,7.0,714.0,3494.0
46.0,11.0,3844.0,333.0
46.0,14.0,714.0,1147.0
46.0,15.0,714.0,712.0
46.0,20.0,714.0,2683.0
46.0,24.0,1515.0,3000.0
46.0,29.0,714.0,363.0
46.0,30.0,1511.0,3966.0
46.0,41.0,714.0,356.0
46.0,43.0,714.0,686.0
46.0,44.0,714.0,3593.0
46.0,45.0,1486.0,2460.0
46.0,46.0,1480.0,714.0
46.0,47.0,714.0,1946.0
46.0,48.0,1486.0,818.0
46.0,49.0,714.0,177.0
46.0,50.0,1482.0,78.0
46.0,51.0,3844.0,2580.0
46.0,54.0,714.0,2543.0
46.0,55.0,714.0,690.0
46.0,61.0,1480.0,622.0
46.0,62.0,714.0,209.0
46.0,67.0,3259.0,375.0
46.0,68.0,1487.0,1054.0
46.0,70.0,714.0,146.0
46.0,72.0,1480.0,321.0
46.0,73.0,714.0,333.0
46.0,74.0,1486.0,2055.0
46.0,78.0,1480.0,86.0
46.0,80.0,1516.0,1824.0
46.0,81.0,714.0,2148.0
46.0,83.0,1487.0,1726.0
46.0,89.0,1486.0,3903.0
46.0,90.0,1486.0,1412.0
46.0,91.0,714.0,3281.0
46.0,95.0,1515.0,3404.0
46.0,96.0,1511.0,339.0
46.0,97.0,714.0,3594.0
46.0,98.0,714.0,1419.0
46.0,101.0,714.0,3246.0
46.0,102.0,714.0,3306.0
46.0,103.0,714.0,2468.0
46.0,105.0,714.0,2035.0
46.0,109.0,714.0,2224.0
46.0,115.0,714.0,2515.0
46.0,116.0,1487.0,3355.0
46.0,122.0,714.0,570.0
46.0,123.0,714.0,682.0
46.0,128.0,1487.0,2023.0
46.0,132.0,714.0,2593.0
46.0,135.0,714.0,766.0
46.0,137.0,1487.0,3680.0
46.0,143.0,714.0,2563.0
46.0,147.0,714.0,337.0
46.0,149.0,1511.0,2049.0
46.0,151.0,1486.0,86.0
46.0,154.0,714.0,3580.0
46.0,156.0,1516.0,829.0
46.0,167.0,1511.0,3372.0
46.0,168.0,1515.0,708.0
46.0,169.0,1482.0,662.0
46.0,176.0,714.0,508.0
46.0,178.0,714.0,959.0
46.0,182.0,714.0,2598.0
46.0,190.0,1607.0,2721.0
46.0,192.0,1516.0,2288.0
46.0,196.0,714.0,2289.0
46.0,197.0,714.0,2415.0
46.0,199.0,1509.0,1409.0
46.0,200.0,1486.0,2185.0
46.0,209.0,714.0,2134.0
46.0,212.0,1516.0,354.0
46.0,213.0,1482.0,829.0
46.0,224.0,714.0,1059.0
46.0,225.0,1486.0,84.0
46.0,227.0,714.0,1662.0
46.0,234.0,1486.0,145.0
46.0,236.0,714.0,1916.0
46.0,241.0,1515.0,3426.0
46.0,260.0,1480.0,1205.0
46.0,261.0,3844.0,650.0
46.0,273.0,1486.0,48.0
46.0,292.0,3259.0,1594.0
46.0,298.0,1486.0,3823.0
46.0,308.0,714.0,542.0
46.0,313.0,1607.0,498.0
46.0,317.0,1486.0,136.0
46.0,321.0,1486.0,241.0
46.0,335.0,1509.0,341.0
46.0,337.0,714.0,3023.0
47.0,2.0,1996.0,972.0
47.0,4.0,603.0,304.0
47.0,5.0,1996.0,2011.0
47.0,6.0,3101.0,1107.0
47.0,7.0,1980.0,195.0
47.0,8.0,3597.0,2871.0
47.0,10.0,2547.0,453.0
47.0,11.0,3305.0,333.0
47.0,14.0,3305.0,2813.0
47.0,15.0,1996.0,2027.0
47.0,18.0,3849.0,3902.0
47.0,20.0,3850.0,701.0
47.0,21.0,1956.0,69.0
47.0,22.0,2547.0,2497.0
47.0,23.0,1990.0,3537.0
47.0,24.0,2617.0,1491.0
47.0,25.0,3393.0,3647.0
47.0,26.0,1941.0,3472.0
47.0,28.0,1994.0,2046.0
47.0,29.0,1952.0,2383.0
47.0,30.0,2546.0,3966.0
47.0,31.0,2547.0,645.0
47.0,34.0,1982.0,2105.0
47.0,38.0,1948.0,2194.0
47.0,39.0,907.0,3026.0
47.0,40.0,1986.0,1473.0
47.0,41.0,2547.0,36.0
47.0,43.0,906.0,682.0
47.0,44.0,3849.0,85.0
47.0,45.0,1950.0,3977.0
47.0,47.0,1946.0,1941.0
47.0,48.0,604.0,3898.0
47.0,49.0,3648.0,172.0
47.0,50.0,2546.0,2000.0
47.0,53.0,1950.0,849.0
47.0,54.0,2547.0,2542.0
47.0,57.0,1808.0,2211.0
47.0,59.0,1992.0,1260.0
47.0,60.0,1981.0,641.0
47.0,61.0,605.0,1765.0
47.0,64.0,2617.0,824.0
47.0,65.0,1977.0,1445.0
47.0,66.0,3597.0,3394.0
47.0,68.0,603.0,328.0
47.0,72.0,1993.0,3148.0
47.0,73.0,1991.0,3021.0
47.0,78.0,1958.0,86.0
47.0,79.0,2447.0,2818.0
47.0,81.0,2547.0,2937.0
47.0,82.0,1947.0,2691.0
47.0,84.0,3305.0,2269.0
47.0,85.0,1986.0,1587.0
47.0,88.0,1984.0,688.0
47.0,89.0,1980.0,3903.0
47.0,94.0,603.0,648.0
47.0,98.0,1958.0,1419.0
47.0,102.0,1941.0,3306.0
47.0,106.0,1989.0,241.0
47.0,107.0,2547.0,3217.0
47.0,109.0,1977.0,1338.0
47.0,114.0,1985.0,3852.0
47.0,118.0,2447.0,352.0
47.0,122.0,3850.0,235.0
47.0,124.0,1946.0,3066.0
47.0,126.0,1806.0,2139.0
47.0,128.0,2547.0,579.0
47.0,130.0,1954.0,601.0
47.0,133.0,1980.0,2127.0
47.0,135.0,2547.0,3154.0
47.0,141.0,1984.0,1708.0
47.0,143.0,2617.0,2281.0
47.0,148.0,1958.0,211.0
47.0,150.0,1986.0,2899.0
47.0,151.0,1941.0,86.0
47.0,154.0,1987.0,3579.0
47.0,157.0,1797.0,2248.0
47.0,160.0,1941.0,2730.0
47.0,162.0,1949.0,353.0
47.0,164.0,603.0,3076.0
47.0,166.0,1958.0,3169.0
47.0,172.0,2617.0,1886.0
47.0,178.0,1995.0,3743.0
47.0,191.0,3101.0,1558.0
47.0,200.0,1958.0,736.0
47.0,202.0,1975.0,258.0
47.0,204.0,1941.0,1684.0
47.0,208.0,1980.0,3629.0
47.0,214.0,1995.0,3010.0
47.0,220.0,1995.0,1719.0
47.0,223.0,1956.0,2521.0
47.0,234.0,1982.0,145.0
47.0,243.0,1981.0,260.0
47.0,247.0,2546.0,3873.0
47.0,249.0,1982.0,1069.0
47.0,252.0,1950.0,259.0
47.0,261.0,3101.0,650.0
47.0,297.0,2617.0,1210.0
47.0,306.0,1988.0,494.0
47.0,313.0,1941.0,586.0
47.0,320.0,1982.0,2037.0
47.0,326.0,3564.0,3556.0
47.0,327.0,1955.0,1621.0
47.0,328.0,1995.0,2509.0
47.0,330.0,906.0,1094.0
47.0,332.0,1941.0,1063.0
47.0,337.0,1956.0,3023.0
47.0,339.0,1976.0,1500.0
47.0,342.0,1984.0,2736.0
47.0,344.0,1981.0,259.0
48.0,2.0,3437.0,972.0
48.0,5.0,2597.0,52.0
48.0,6.0,3437.0,914.0
48.0,7.0,29.0,3941.0
48.0,8.0,29.0,3258.0
48.0,9.0,3907.0,1618.0
48.0,10.0,806.0,2133.0
48.0,11.0,775.0,333.0
48.0,12.0,812.0,3392.0
48.0,13.0,809.0,2948.0
48.0,14.0,807.0,1243.0
48.0,15.0,805.0,2956.0
48.0,16.0,3437.0,689.0
48.0,18.0,3437.0,84.0
48.0,21.0,72.0,997.0
48.0,23.0,124.0,2714.0
48.0,24.0,820.0,1491.0
48.0,25.0,806.0,908.0
48.0,27.0,29.0,2463.0
48.0,29.0,3707.0,366.0
48.0,30.0,817.0,3966.0
48.0,31.0,804.0,645.0
48.0,33.0,820.0,214.0
48.0,36.0,29.0,255.0
48.0,41.0,805.0,3899.0
48.0,43.0,807.0,682.0
48.0,44.0,2654.0,3057.0
48.0,45.0,29.0,779.0
48.0,46.0,775.0,714.0
48.0,47.0,3437.0,2547.0
48.0,48.0,804.0,361.0
48.0,50.0,812.0,3056.0
48.0,52.0,820.0,1351.0
48.0,53.0,802.0,856.0
48.0,54.0,775.0,3949.0
48.0,55.0,2597.0,691.0
48.0,56.0,775.0,643.0
48.0,58.0,72.0,1380.0
48.0,61.0,805.0,2787.0
48.0,62.0,29.0,758.0
48.0,64.0,383.0,2826.0
48.0,66.0,32.0,590.0
48.0,68.0,3907.0,328.0
48.0,70.0,383.0,1706.0
48.0,71.0,361.0,1404.0
48.0,72.0,822.0,42.0
48.0,73.0,361.0,3021.0
48.0,74.0,32.0,2055.0
48.0,77.0,803.0,2966.0
48.0,78.0,29.0,86.0
48.0,80.0,812.0,1824.0
48.0,81.0,3707.0,1822.0
48.0,85.0,361.0,3038.0
48.0,86.0,823.0,1559.0
48.0,88.0,823.0,688.0
48.0,89.0,72.0,3903.0
48.0,90.0,2597.0,1413.0
48.0,91.0,809.0,3283.0
48.0,92.0,3437.0,3002.0
48.0,93.0,822.0,2940.0
48.0,94.0,817.0,648.0
48.0,95.0,803.0,3237.0
48.0,96.0,3437.0,339.0
48.0,101.0,817.0,3246.0
48.0,102.0,2540.0,3306.0
48.0,103.0,815.0,239.0
48.0,105.0,3907.0,2035.0
48.0,108.0,3907.0,1720.0
48.0,112.0,2597.0,1717.0
48.0,115.0,809.0,83.0
48.0,121.0,383.0,2966.0
48.0,122.0,817.0,569.0
48.0,125.0,804.0,720.0
48.0,128.0,72.0,579.0
48.0,129.0,124.0,826.0
48.0,131.0,817.0,3955.0
48.0,132.0,2597.0,2593.0
48.0,133.0,2597.0,1016.0
48.0,134.0,2597.0,475.0
48.0,135.0,804.0,3265.0
48.0,139.0,795.0,527.0
48.0,140.0,383.0,3972.0
48.0,141.0,2653.0,237.0
48.0,143.0,804.0,393.0
48.0,145.0,124.0,1716.0
48.0,147.0,820.0,337.0
48.0,151.0,804.0,86.0
48.0,153.0,2540.0,561.0
48.0,154.0,383.0,3579.0
48.0,155.0,820.0,1023.0
48.0,156.0,820.0,829.0
48.0,161.0,3707.0,1404.0
48.0,162.0,806.0,353.0
48.0,163.0,804.0,398.0
48.0,164.0,820.0,3487.0
48.0,166.0,804.0,1789.0
48.0,167.0,812.0,577.0
48.0,168.0,804.0,1707.0
48.0,170.0,806.0,1709.0
48.0,171.0,775.0,1543.0
48.0,174.0,802.0,1390.0
48.0,176.0,383.0,507.0
48.0,178.0,820.0,3527.0
48.0,179.0,775.0,385.0
48.0,185.0,817.0,1543.0
48.0,187.0,3437.0,81.0
48.0,190.0,3437.0,151.0
48.0,196.0,804.0,1211.0
48.0,197.0,804.0,329.0
48.0,200.0,32.0,748.0
48.0,203.0,823.0,1444.0
48.0,205.0,805.0,3244.0
48.0,207.0,383.0,1024.0
48.0,208.0,383.0,3631.0
48.0,213.0,383.0,829.0
48.0,214.0,820.0,2747.0
48.0,215.0,820.0,149.0
48.0,223.0,2540.0,2521.0
48.0,224.0,32.0,2518.0
48.0,225.0,805.0,84.0
48.0,226.0,3707.0,1434.0
48.0,227.0,805.0,344.0
48.0,229.0,806.0,2933.0
48.0,234.0,804.0,3058.0
48.0,235.0,2597.0,564.0
48.0,241.0,809.0,2562.0
48.0,243.0,2597.0,2355.0
48.0,246.0,29.0,1025.0
48.0,247.0,32.0,263.0
48.0,248.0,806.0,711.0
48.0,249.0,815.0,1069.0
48.0,253.0,795.0,2126.0
48.0,260.0,775.0,642.0
48.0,261.0,383.0,1434.0
48.0,267.0,817.0,3328.0
48.0,269.0,805.0,214.0
48.0,273.0,815.0,48.0
48.0,275.0,805.0,317.0
48.0,276.0,32.0,234.0
48.0,282.0,775.0,1469.0
48.0,289.0,802.0,2102.0
48.0,290.0,2654.0,1899.0
48.0,291.0,383.0,940.0
48.0,292.0,804.0,3906.0
48.0,303.0,804.0,1403.0
48.0,311.0,29.0,253.0
48.0,313.0,813.0,3103.0
48.0,316.0,803.0,1867.0
48.0,317.0,823.0,136.0
48.0,320.0,32.0,352.0
48.0,321.0,805.0,241.0
48.0,325.0,812.0,1565.0
48.0,332.0,805.0,1071.0
48.0,341.0,2597.0,1891.0
49.0,9.0,172.0,1090.0
49.0,10.0,177.0,2639.0
49.0,11.0,3117.0,333.0
49.0,13.0,3117.0,2948.0
49.0,14.0,1079.0,1142.0
49.0,16.0,1079.0,2879.0
49.0,23.0,3117.0,268.0
49.0,25.0,1060.0,905.0
49.0,26.0,3117.0,1606.0
49.0,28.0,3117.0,2046.0
49.0,30.0,2569.0,3966.0
49.0,33.0,1060.0,1903.0
49.0,37.0,1079.0,2945.0
49.0,48.0,1061.0,805.0
49.0,49.0,1061.0,1079.0
49.0,53.0,3117.0,2819.0
49.0,60.0,3117.0,2938.0
49.0,66.0,177.0,3394.0
49.0,78.0,1080.0,86.0
49.0,81.0,1079.0,948.0
49.0,89.0,1061.0,3903.0
49.0,99.0,177.0,234.0
49.0,117.0,172.0,137.0
49.0,121.0,1060.0,2966.0
49.0,125.0,1061.0,720.0
49.0,129.0,3117.0,826.0
49.0,137.0,1061.0,3680.0
49.0,156.0,172.0,828.0
49.0,168.0,172.0,2464.0
49.0,177.0,1061.0,413.0
49.0,185.0,177.0,703.0
49.0,188.0,172.0,3419.0
49.0,197.0,1060.0,349.0
49.0,198.0,3117.0,826.0
49.0,200.0,1060.0,846.0
49.0,223.0,1060.0,725.0
49.0,225.0,177.0,84.0
49.0,235.0,2569.0,3622.0
49.0,238.0,3117.0,3562.0
49.0,247.0,1060.0,730.0
49.0,249.0,3117.0,1069.0
49.0,251.0,1061.0,1085.0
49.0,255.0,3117.0,1648.0
49.0,263.0,1061.0,824.0
49.0,264.0,3117.0,1086.0
49.0,275.0,3117.0,2783.0
49.0,282.0,3117.0,1469.0
49.0,284.0,1079.0,2932.0
49.0,294.0,177.0,185.0
49.0,301.0,1080.0,175.0
49.0,317.0,1061.0,136.0
49.0,324.0,177.0,1443.0
49.0,325.0,3117.0,1564.0
49.0,328.0,1080.0,3901.0
49.0,329.0,1079.0,1496.0
49.0,332.0,1060.0,1070.0
50.0,1.0,2637.0,2831.0
50.0,2.0,89.0,718.0
50.0,3.0,89.0,2443.0
50.0,4.0,381.0,282.0
50.0,5.0,89.0,54.0
50.0,6.0,990.0,3502.0
50.0,7.0,1999.0,1489.0
50.0,8.0,89.0,2874.0
50.0,10.0,59.0,452.0
50.0,11.0,89.0,333.0
50.0,12.0,2000.0,635.0
50.0,13.0,1999.0,1612.0
50.0,14.0,89.0,1248.0
50.0,15.0,2637.0,712.0
50.0,16.0,2000.0,3261.0
50.0,17.0,78.0,3863.0
50.0,18.0,89.0,3970.0
50.0,20.0,2637.0,681.0
50.0,21.0,2000.0,896.0
50.0,23.0,1999.0,3043.0
50.0,24.0,382.0,2284.0
50.0,27.0,1999.0,684.0
50.0,29.0,89.0,3275.0
50.0,30.0,2636.0,3966.0
50.0,31.0,442.0,3820.0
50.0,33.0,1999.0,3803.0
50.0,36.0,990.0,255.0
50.0,37.0,442.0,2945.0
50.0,41.0,89.0,357.0
50.0,43.0,2000.0,686.0
50.0,44.0,441.0,56.0
50.0,45.0,1999.0,2004.0
50.0,46.0,2000.0,714.0
50.0,47.0,441.0,1987.0
50.0,48.0,1999.0,3374.0
50.0,50.0,381.0,990.0
50.0,51.0,381.0,2580.0
50.0,53.0,89.0,849.0
50.0,54.0,1999.0,2542.0
50.0,56.0,442.0,3573.0
50.0,61.0,89.0,3784.0
50.0,62.0,89.0,778.0
50.0,64.0,2000.0,1081.0
50.0,65.0,2000.0,1445.0
50.0,66.0,990.0,591.0
50.0,68.0,3056.0,1054.0
50.0,69.0,442.0,213.0
50.0,70.0,1999.0,1706.0
50.0,72.0,89.0,1517.0
50.0,73.0,2637.0,401.0
50.0,74.0,2000.0,2054.0
50.0,75.0,89.0,974.0
50.0,78.0,382.0,86.0
50.0,81.0,382.0,1822.0
50.0,86.0,1999.0,1559.0
50.0,89.0,1999.0,3903.0
50.0,94.0,381.0,646.0
50.0,95.0,2000.0,3245.0
50.0,98.0,2637.0,1419.0
50.0,102.0,3056.0,3306.0
50.0,103.0,78.0,239.0
50.0,105.0,2000.0,2035.0
50.0,108.0,89.0,1720.0
50.0,109.0,442.0,1336.0
50.0,115.0,1999.0,2515.0
50.0,117.0,990.0,137.0
50.0,118.0,442.0,352.0
50.0,121.0,89.0,2966.0
50.0,122.0,3056.0,2031.0
50.0,123.0,1999.0,682.0
50.0,125.0,78.0,720.0
50.0,128.0,2000.0,2012.0
50.0,129.0,1999.0,1846.0
50.0,132.0,1999.0,2593.0
50.0,134.0,78.0,472.0
50.0,135.0,1999.0,3265.0
50.0,137.0,381.0,2928.0
50.0,138.0,2000.0,1704.0
50.0,140.0,1999.0,2500.0
50.0,141.0,89.0,238.0
50.0,143.0,89.0,2563.0
50.0,145.0,1999.0,1716.0
50.0,147.0,1999.0,87.0
50.0,149.0,2637.0,2049.0
50.0,151.0,442.0,86.0
50.0,154.0,3056.0,3579.0
50.0,163.0,3056.0,2077.0
50.0,166.0,1999.0,2779.0
50.0,167.0,442.0,3372.0
50.0,168.0,1999.0,2464.0
50.0,170.0,89.0,1709.0
50.0,171.0,382.0,1543.0
50.0,175.0,1999.0,661.0
50.0,178.0,89.0,2480.0
50.0,181.0,990.0,2221.0
50.0,185.0,2637.0,703.0
50.0,187.0,89.0,2512.0
50.0,188.0,441.0,2234.0
50.0,190.0,381.0,2721.0
50.0,191.0,381.0,140.0
50.0,192.0,3056.0,2288.0
50.0,193.0,1999.0,1940.0
50.0,195.0,89.0,3800.0
50.0,196.0,89.0,2416.0
50.0,197.0,442.0,329.0
50.0,198.0,382.0,826.0
50.0,200.0,1999.0,3694.0
50.0,203.0,89.0,1444.0
50.0,205.0,1999.0,3244.0
50.0,213.0,1999.0,829.0
50.0,214.0,89.0,2745.0
50.0,215.0,382.0,149.0
50.0,216.0,3056.0,1606.0
50.0,221.0,2637.0,166.0
50.0,223.0,382.0,725.0
50.0,224.0,381.0,993.0
50.0,225.0,89.0,84.0
50.0,226.0,442.0,1434.0
50.0,227.0,2000.0,2184.0
50.0,234.0,1999.0,145.0
50.0,236.0,89.0,1916.0
50.0,243.0,382.0,2350.0
50.0,247.0,3056.0,2532.0
50.0,248.0,1999.0,697.0
50.0,250.0,1999.0,1693.0
50.0,251.0,2000.0,1085.0
50.0,259.0,3056.0,2112.0
50.0,263.0,78.0,824.0
50.0,264.0,1999.0,3513.0
50.0,271.0,2636.0,340.0
50.0,274.0,381.0,1633.0
50.0,275.0,2637.0,55.0
50.0,282.0,382.0,841.0
50.0,291.0,1999.0,2931.0
50.0,292.0,59.0,3581.0
50.0,294.0,59.0,3080.0
50.0,300.0,2000.0,1701.0
50.0,301.0,89.0,175.0
50.0,306.0,3056.0,1449.0
50.0,311.0,382.0,253.0
50.0,312.0,2000.0,351.0
50.0,313.0,78.0,586.0
50.0,314.0,3056.0,2049.0
50.0,316.0,2000.0,1868.0
50.0,317.0,381.0,136.0
50.0,320.0,89.0,352.0
50.0,326.0,990.0,3556.0
50.0,328.0,1999.0,24.0
50.0,343.0,1999.0,1678.0
51.0,1.0,2580.0,1898.0
51.0,3.0,2580.0,2443.0
51.0,5.0,2580.0,54.0
51.0,6.0,2580.0,914.0
51.0,7.0,2580.0,973.0
51.0,11.0,2580.0,333.0
51.0,12.0,2580.0,3392.0
51.0,13.0,2580.0,2171.0
51.0,14.0,2580.0,3439.0
51.0,15.0,2580.0,712.0
51.0,21.0,2580.0,2709.0
51.0,23.0,2580.0,2840.0
51.0,24.0,2580.0,364.0
51.0,28.0,2580.0,3015.0
51.0,29.0,2580.0,3272.0
51.0,37.0,2580.0,403.0
51.0,41.0,2580.0,3899.0
51.0,44.0,2580.0,3593.0
51.0,47.0,2580.0,2544.0
51.0,48.0,2580.0,815.0
51.0,50.0,2580.0,1999.0
51.0,51.0,2580.0,2580.0
51.0,55.0,2580.0,691.0
51.0,61.0,2580.0,2361.0
51.0,62.0,2580.0,2599.0
51.0,70.0,2580.0,1706.0
51.0,72.0,2580.0,327.0
51.0,89.0,2580.0,3903.0
51.0,90.0,2580.0,1412.0
51.0,95.0,2580.0,1513.0
51.0,122.0,2580.0,2009.0
51.0,123.0,2580.0,682.0
51.0,129.0,2580.0,827.0
51.0,132.0,2580.0,3202.0
51.0,133.0,2580.0,1016.0
51.0,135.0,2580.0,3908.0
51.0,138.0,2580.0,1711.0
51.0,142.0,2580.0,685.0
51.0,143.0,2580.0,2281.0
51.0,147.0,2580.0,337.0
51.0,154.0,2580.0,3579.0
51.0,157.0,2580.0,2545.0
51.0,168.0,2580.0,708.0
51.0,178.0,2580.0,3345.0
51.0,185.0,2580.0,703.0
51.0,200.0,2580.0,747.0
51.0,205.0,2580.0,2718.0
51.0,213.0,2580.0,829.0
51.0,220.0,2580.0,1933.0
51.0,234.0,2580.0,80.0
51.0,238.0,2580.0,1504.0
51.0,249.0,2580.0,1069.0
51.0,276.0,2580.0,2953.0
51.0,278.0,2580.0,694.0
51.0,281.0,2580.0,3391.0
51.0,314.0,2580.0,2049.0
51.0,329.0,2580.0,420.0
52.0,6.0,7.0,1111.0
52.0,7.0,1842.0,2573.0
52.0,14.0,1925.0,2887.0
52.0,33.0,1843.0,1672.0
52.0,40.0,1843.0,1677.0
52.0,52.0,1350.0,6.0
52.0,53.0,1925.0,854.0
52.0,61.0,1841.0,3323.0
52.0,71.0,1350.0,3625.0
52.0,78.0,1925.0,86.0
52.0,81.0,1843.0,3796.0
52.0,133.0,6.0,1474.0
52.0,145.0,1843.0,1716.0
52.0,148.0,2442.0,3090.0
52.0,155.0,1351.0,1023.0
52.0,156.0,1925.0,828.0
52.0,164.0,1351.0,3076.0
52.0,170.0,1925.0,1718.0
52.0,178.0,1350.0,3345.0
52.0,204.0,1925.0,1698.0
52.0,213.0,1841.0,829.0
52.0,220.0,1843.0,1702.0
52.0,237.0,1349.0,1674.0
52.0,245.0,1351.0,3666.0
52.0,315.0,1350.0,1922.0
52.0,317.0,1351.0,136.0
52.0,343.0,1925.0,1678.0
53.0,1.0,852.0,704.0
53.0,2.0,850.0,2744.0
53.0,4.0,1066.0,1197.0
53.0,6.0,18.0,1112.0
53.0,7.0,3118.0,3211.0
53.0,8.0,3165.0,3258.0
53.0,9.0,3848.0,2399.0
53.0,10.0,2838.0,791.0
53.0,11.0,853.0,333.0
53.0,12.0,854.0,3392.0
53.0,14.0,3848.0,1144.0
53.0,17.0,1526.0,551.0
53.0,18.0,1522.0,3436.0
53.0,21.0,2819.0,3575.0
53.0,22.0,851.0,3837.0
53.0,23.0,1526.0,1053.0
53.0,24.0,3449.0,3000.0
53.0,25.0,851.0,206.0
53.0,26.0,2838.0,3471.0
53.0,29.0,855.0,3171.0
53.0,30.0,389.0,3966.0
53.0,32.0,855.0,1824.0
53.0,33.0,853.0,640.0
53.0,35.0,852.0,2255.0
53.0,37.0,850.0,715.0
53.0,39.0,1526.0,3026.0
53.0,40.0,851.0,1677.0
53.0,43.0,854.0,682.0
53.0,44.0,179.0,3057.0
53.0,45.0,1526.0,64.0
53.0,47.0,2838.0,1951.0
53.0,48.0,1066.0,2597.0
53.0,49.0,854.0,3117.0
53.0,50.0,178.0,1999.0
53.0,53.0,19.0,852.0
53.0,54.0,852.0,3634.0
53.0,56.0,1066.0,1025.0
53.0,58.0,1520.0,1380.0
53.0,59.0,849.0,1827.0
53.0,60.0,850.0,641.0
53.0,61.0,2739.0,653.0
53.0,62.0,855.0,1042.0
53.0,64.0,849.0,1081.0
53.0,66.0,853.0,2138.0
53.0,68.0,179.0,1642.0
53.0,73.0,855.0,1664.0
53.0,76.0,10.0,1377.0
53.0,77.0,389.0,2961.0
53.0,78.0,2819.0,86.0
53.0,80.0,1524.0,1824.0
53.0,81.0,852.0,1822.0
53.0,85.0,852.0,1373.0
53.0,86.0,854.0,1559.0
53.0,88.0,858.0,688.0
53.0,89.0,388.0,3903.0
53.0,91.0,1529.0,3284.0
53.0,94.0,855.0,648.0
53.0,96.0,415.0,2197.0
53.0,98.0,731.0,1419.0
53.0,105.0,179.0,2035.0
53.0,106.0,850.0,241.0
53.0,108.0,854.0,1720.0
53.0,109.0,1527.0,2227.0
53.0,111.0,2839.0,1471.0
53.0,115.0,2819.0,83.0
53.0,117.0,1526.0,137.0
53.0,118.0,1072.0,352.0
53.0,120.0,2135.0,3317.0
53.0,121.0,2739.0,2966.0
53.0,124.0,2819.0,3066.0
53.0,125.0,3358.0,720.0
53.0,128.0,854.0,3348.0
53.0,129.0,733.0,826.0
53.0,131.0,851.0,3955.0
53.0,132.0,389.0,3202.0
53.0,133.0,2838.0,1474.0
53.0,137.0,853.0,2928.0
53.0,138.0,909.0,1711.0
53.0,142.0,1521.0,685.0
53.0,145.0,852.0,1716.0
53.0,147.0,1522.0,337.0
53.0,148.0,853.0,230.0
53.0,151.0,851.0,86.0
53.0,155.0,178.0,1023.0
53.0,156.0,909.0,828.0
53.0,162.0,1066.0,353.0
53.0,164.0,852.0,3158.0
53.0,165.0,1528.0,254.0
53.0,170.0,1523.0,1709.0
53.0,175.0,2819.0,661.0
53.0,177.0,415.0,413.0
53.0,178.0,734.0,2474.0
53.0,179.0,1521.0,385.0
53.0,181.0,1073.0,2221.0
53.0,187.0,415.0,2512.0
53.0,188.0,1066.0,3085.0
53.0,190.0,18.0,152.0
53.0,195.0,19.0,1729.0
53.0,196.0,2839.0,1211.0
53.0,197.0,18.0,330.0
53.0,198.0,1066.0,826.0
53.0,200.0,1072.0,1011.0
53.0,204.0,3848.0,1680.0
53.0,210.0,3165.0,256.0
53.0,211.0,1525.0,3416.0
53.0,213.0,849.0,829.0
53.0,214.0,1520.0,1308.0
53.0,215.0,852.0,1464.0
53.0,216.0,3358.0,1606.0
53.0,218.0,2935.0,148.0
53.0,219.0,855.0,1695.0
53.0,220.0,1520.0,1933.0
53.0,221.0,849.0,166.0
53.0,222.0,909.0,677.0
53.0,223.0,1528.0,784.0
53.0,224.0,3165.0,1058.0
53.0,225.0,852.0,84.0
53.0,226.0,2912.0,1434.0
53.0,228.0,3449.0,1227.0
53.0,229.0,415.0,2933.0
53.0,230.0,2819.0,1726.0
53.0,231.0,855.0,3125.0
53.0,232.0,2838.0,1374.0
53.0,233.0,1528.0,1570.0
53.0,234.0,851.0,3058.0
53.0,237.0,854.0,1674.0
53.0,238.0,2839.0,1372.0
53.0,239.0,859.0,3105.0
53.0,240.0,909.0,3811.0
53.0,244.0,3448.0,3037.0
53.0,245.0,854.0,2330.0
53.0,247.0,9.0,3121.0
53.0,248.0,733.0,2036.0
53.0,249.0,849.0,1069.0
53.0,250.0,850.0,1264.0
53.0,251.0,852.0,1085.0
53.0,253.0,388.0,1391.0
53.0,255.0,849.0,1904.0
53.0,256.0,854.0,2976.0
53.0,260.0,2819.0,943.0
53.0,263.0,1073.0,824.0
53.0,264.0,850.0,1086.0
53.0,265.0,1522.0,3701.0
53.0,266.0,2451.0,1263.0
53.0,269.0,1066.0,214.0
53.0,274.0,852.0,1628.0
53.0,275.0,852.0,55.0
53.0,278.0,854.0,1913.0
53.0,279.0,415.0,2144.0
53.0,282.0,852.0,837.0
53.0,284.0,845.0,2932.0
53.0,285.0,909.0,1256.0
53.0,287.0,856.0,1385.0
53.0,289.0,855.0,2102.0
53.0,290.0,3448.0,1899.0
53.0,291.0,851.0,2930.0
53.0,292.0,854.0,1594.0
53.0,293.0,2819.0,1264.0
53.0,295.0,1521.0,1419.0
53.0,298.0,1066.0,2981.0
53.0,300.0,909.0,1716.0
53.0,301.0,851.0,175.0
53.0,302.0,3688.0,1497.0
53.0,304.0,855.0,676.0
53.0,306.0,909.0,1449.0
53.0,310.0,2819.0,695.0
53.0,314.0,858.0,2026.0
53.0,317.0,178.0,136.0
53.0,321.0,2819.0,241.0
53.0,322.0,1521.0,3192.0
53.0,325.0,415.0,3130.0
53.0,326.0,2451.0,3556.0
53.0,328.0,734.0,2513.0
53.0,329.0,2738.0,2939.0
53.0,330.0,851.0,1094.0
53.0,332.0,18.0,1070.0
53.0,338.0,1520.0,1868.0
53.0,339.0,909.0,1498.0
54.0,1.0,1005.0,1898.0
54.0,2.0,1003.0,3143.0
54.0,4.0,2542.0,315.0
54.0,5.0,719.0,2011.0
54.0,6.0,2285.0,288.0
54.0,7.0,1005.0,3212.0
54.0,8.0,1002.0,575.0
54.0,10.0,2550.0,1426.0
54.0,11.0,719.0,333.0
54.0,12.0,1003.0,635.0
54.0,14.0,2542.0,3439.0
54.0,15.0,1001.0,2648.0
54.0,18.0,716.0,3289.0
54.0,19.0,1002.0,256.0
54.0,21.0,716.0,1207.0
54.0,22.0,3224.0,2084.0
54.0,23.0,3226.0,294.0
54.0,24.0,2872.0,2999.0
54.0,27.0,1005.0,3660.0
54.0,28.0,3949.0,2046.0
54.0,29.0,716.0,23.0
54.0,33.0,2550.0,214.0
54.0,37.0,394.0,3022.0
54.0,41.0,355.0,2551.0
54.0,43.0,2542.0,682.0
54.0,44.0,2870.0,56.0
54.0,45.0,394.0,2003.0
54.0,46.0,2997.0,714.0
54.0,47.0,2542.0,1995.0
54.0,48.0,355.0,72.0
54.0,49.0,719.0,177.0
54.0,50.0,359.0,2636.0
54.0,53.0,2542.0,853.0
54.0,54.0,2285.0,1003.0
54.0,55.0,2543.0,690.0
54.0,56.0,394.0,2925.0
54.0,58.0,2872.0,1018.0
54.0,60.0,3224.0,1538.0
54.0,61.0,2870.0,2704.0
54.0,62.0,394.0,3314.0
54.0,67.0,1001.0,375.0
54.0,68.0,2872.0,1642.0
54.0,71.0,2543.0,1400.0
54.0,72.0,2550.0,326.0
54.0,73.0,2550.0,336.0
54.0,74.0,2550.0,2038.0
54.0,75.0,1001.0,974.0
54.0,76.0,3222.0,1383.0
54.0,78.0,2542.0,86.0
54.0,81.0,3949.0,1627.0
54.0,87.0,394.0,1447.0
54.0,88.0,2542.0,688.0
54.0,89.0,359.0,3903.0
54.0,91.0,2283.0,1668.0
54.0,94.0,1659.0,646.0
54.0,95.0,1001.0,46.0
54.0,98.0,394.0,1419.0
54.0,99.0,1483.0,234.0
54.0,100.0,2542.0,2082.0
54.0,101.0,3224.0,1660.0
54.0,106.0,2543.0,241.0
54.0,114.0,394.0,1421.0
54.0,120.0,1656.0,1436.0
54.0,122.0,395.0,2009.0
54.0,125.0,359.0,720.0
54.0,127.0,2542.0,2111.0
54.0,128.0,2997.0,2017.0
54.0,130.0,1655.0,1431.0
54.0,131.0,1655.0,1692.0
54.0,132.0,3949.0,3205.0
54.0,134.0,3949.0,474.0
54.0,135.0,2283.0,3265.0
54.0,143.0,2542.0,2563.0
54.0,147.0,394.0,337.0
54.0,152.0,1005.0,3424.0
54.0,154.0,3949.0,1640.0
54.0,156.0,719.0,829.0
54.0,160.0,2543.0,245.0
54.0,163.0,3224.0,345.0
54.0,165.0,355.0,254.0
54.0,167.0,1657.0,2074.0
54.0,168.0,1659.0,2464.0
54.0,169.0,394.0,662.0
54.0,172.0,2543.0,644.0
54.0,173.0,3949.0,1924.0
54.0,176.0,2543.0,509.0
54.0,178.0,2550.0,931.0
54.0,179.0,716.0,1673.0
54.0,182.0,3224.0,2008.0
54.0,184.0,2550.0,3713.0
54.0,185.0,3949.0,687.0
54.0,192.0,2550.0,2288.0
54.0,196.0,1003.0,322.0
54.0,197.0,2283.0,335.0
54.0,198.0,1005.0,826.0
54.0,200.0,3226.0,846.0
54.0,205.0,1656.0,3244.0
54.0,209.0,1657.0,2134.0
54.0,210.0,2550.0,256.0
54.0,212.0,1005.0,354.0
54.0,214.0,2542.0,125.0
54.0,217.0,2550.0,976.0
54.0,221.0,395.0,148.0
54.0,223.0,1002.0,3160.0
54.0,224.0,3222.0,1027.0
54.0,225.0,2543.0,84.0
54.0,227.0,359.0,1662.0
54.0,229.0,1005.0,2932.0
54.0,234.0,1655.0,145.0
54.0,236.0,1002.0,659.0
54.0,241.0,2997.0,3023.0
54.0,252.0,2283.0,2200.0
54.0,254.0,1658.0,2979.0
54.0,263.0,2285.0,824.0
54.0,265.0,3225.0,3700.0
54.0,266.0,1655.0,3601.0
54.0,275.0,2543.0,317.0
54.0,289.0,3226.0,2102.0
54.0,291.0,2997.0,946.0
54.0,292.0,2543.0,760.0
54.0,295.0,1005.0,1419.0
54.0,305.0,2543.0,2359.0
54.0,308.0,716.0,542.0
54.0,313.0,2542.0,3103.0
54.0,314.0,394.0,1417.0
54.0,316.0,3497.0,1867.0
54.0,325.0,1655.0,1544.0
54.0,328.0,1655.0,3291.0
54.0,331.0,719.0,578.0
55.0,2.0,3843.0,2613.0
55.0,4.0,3843.0,1198.0
55.0,5.0,3184.0,2010.0
55.0,6.0,691.0,884.0
55.0,7.0,3843.0,3549.0
55.0,10.0,690.0,3247.0
55.0,11.0,691.0,333.0
55.0,12.0,3843.0,3392.0
55.0,14.0,3845.0,886.0
55.0,15.0,3184.0,2958.0
55.0,18.0,690.0,2445.0
55.0,23.0,3843.0,3045.0
55.0,24.0,3184.0,1491.0
55.0,27.0,691.0,683.0
55.0,29.0,690.0,3274.0
55.0,30.0,691.0,3966.0
55.0,37.0,691.0,2945.0
55.0,41.0,3843.0,36.0
55.0,43.0,690.0,686.0
55.0,45.0,3843.0,3917.0
55.0,46.0,3845.0,1511.0
55.0,47.0,3845.0,1958.0
55.0,48.0,691.0,3437.0
55.0,49.0,3184.0,172.0
55.0,50.0,690.0,2636.0
55.0,54.0,3843.0,3225.0
55.0,55.0,3843.0,691.0
55.0,56.0,691.0,2925.0
55.0,62.0,691.0,821.0
55.0,64.0,3843.0,2826.0
55.0,68.0,690.0,594.0
55.0,72.0,3184.0,42.0
55.0,73.0,3184.0,336.0
55.0,74.0,3184.0,2053.0
55.0,78.0,3843.0,86.0
55.0,80.0,690.0,1824.0
55.0,81.0,3184.0,1627.0
55.0,89.0,3845.0,3903.0
55.0,90.0,3845.0,1412.0
55.0,91.0,3184.0,1668.0
55.0,95.0,691.0,3237.0
55.0,96.0,3184.0,339.0
55.0,98.0,3845.0,1419.0
55.0,101.0,3843.0,3013.0
55.0,102.0,690.0,3306.0
55.0,115.0,3843.0,83.0
55.0,122.0,3184.0,2033.0
55.0,128.0,690.0,3262.0
55.0,131.0,3184.0,1692.0
55.0,132.0,3184.0,3203.0
55.0,134.0,691.0,3301.0
55.0,137.0,691.0,2928.0
55.0,141.0,3843.0,237.0
55.0,147.0,690.0,337.0
55.0,154.0,690.0,3579.0
55.0,156.0,3845.0,828.0
55.0,163.0,690.0,147.0
55.0,167.0,3843.0,3373.0
55.0,168.0,691.0,1707.0
55.0,172.0,690.0,2800.0
55.0,175.0,3184.0,661.0
55.0,178.0,690.0,3541.0
55.0,182.0,3845.0,2008.0
55.0,190.0,690.0,3974.0
55.0,192.0,691.0,2288.0
55.0,196.0,691.0,2409.0
55.0,197.0,3843.0,334.0
55.0,209.0,3184.0,2134.0
55.0,216.0,3845.0,1606.0
55.0,221.0,3843.0,165.0
55.0,225.0,690.0,84.0
55.0,227.0,3845.0,344.0
55.0,236.0,3843.0,1916.0
55.0,241.0,691.0,3023.0
55.0,273.0,3843.0,48.0
55.0,278.0,3845.0,696.0
55.0,292.0,3845.0,3581.0
55.0,310.0,691.0,695.0
55.0,314.0,690.0,1417.0
55.0,317.0,691.0,136.0
56.0,1.0,949.0,704.0
56.0,2.0,1826.0,3264.0
56.0,4.0,2925.0,3915.0
56.0,6.0,2925.0,1813.0
56.0,7.0,643.0,3431.0
56.0,9.0,1261.0,1093.0
56.0,11.0,1826.0,333.0
56.0,12.0,949.0,3392.0
56.0,14.0,3573.0,3439.0
56.0,15.0,1026.0,3846.0
56.0,18.0,643.0,3970.0
56.0,21.0,1025.0,3134.0
56.0,23.0,1826.0,12.0
56.0,24.0,1826.0,2625.0
56.0,30.0,949.0,3966.0
56.0,31.0,1826.0,2922.0
56.0,32.0,1261.0,1824.0
56.0,33.0,949.0,1650.0
56.0,41.0,1025.0,2287.0
56.0,42.0,1025.0,3191.0
56.0,43.0,1026.0,686.0
56.0,44.0,1025.0,85.0
56.0,47.0,1025.0,1980.0
56.0,48.0,1826.0,3707.0
56.0,50.0,2925.0,1999.0
56.0,53.0,1826.0,849.0
56.0,55.0,2925.0,3184.0
56.0,56.0,1261.0,3573.0
56.0,61.0,3573.0,2675.0
56.0,62.0,1826.0,1034.0
56.0,67.0,643.0,375.0
56.0,68.0,2925.0,1054.0
56.0,70.0,949.0,146.0
56.0,72.0,643.0,28.0
56.0,73.0,3573.0,336.0
56.0,75.0,3573.0,974.0
56.0,77.0,2925.0,2960.0
56.0,79.0,1025.0,2240.0
56.0,80.0,1026.0,1824.0
56.0,85.0,2925.0,1587.0
56.0,88.0,3573.0,688.0
56.0,89.0,3573.0,3903.0
56.0,94.0,1826.0,646.0
56.0,102.0,643.0,3306.0
56.0,103.0,643.0,2468.0
56.0,105.0,1026.0,2343.0
56.0,115.0,1261.0,83.0
56.0,116.0,949.0,3353.0
56.0,117.0,2925.0,137.0
56.0,120.0,3573.0,2201.0
56.0,122.0,1026.0,3661.0
56.0,127.0,1025.0,2110.0
56.0,128.0,3573.0,2016.0
56.0,129.0,1826.0,827.0
56.0,131.0,1826.0,3955.0
56.0,133.0,949.0,1838.0
56.0,134.0,1826.0,475.0
56.0,137.0,643.0,3680.0
56.0,140.0,949.0,2499.0
56.0,142.0,1026.0,685.0
56.0,144.0,1826.0,542.0
56.0,145.0,1026.0,1716.0
56.0,147.0,2925.0,337.0
56.0,151.0,3573.0,86.0
56.0,157.0,643.0,2449.0
56.0,163.0,3573.0,2077.0
56.0,169.0,3573.0,662.0
56.0,170.0,949.0,1718.0
56.0,171.0,1826.0,1543.0
56.0,172.0,1261.0,1225.0
56.0,178.0,1026.0,959.0
56.0,185.0,2925.0,687.0
56.0,187.0,1026.0,81.0
56.0,190.0,975.0,151.0
56.0,191.0,1826.0,138.0
56.0,197.0,1026.0,334.0
56.0,198.0,1261.0,826.0
56.0,200.0,3573.0,3872.0
56.0,201.0,1026.0,1389.0
56.0,202.0,1026.0,3433.0
56.0,204.0,1026.0,1689.0
56.0,207.0,3573.0,1257.0
56.0,214.0,643.0,3009.0
56.0,216.0,1026.0,1606.0
56.0,217.0,2925.0,976.0
56.0,221.0,1026.0,167.0
56.0,223.0,643.0,3691.0
56.0,224.0,3573.0,3692.0
56.0,225.0,3573.0,84.0
56.0,226.0,1826.0,1434.0
56.0,228.0,949.0,1227.0
56.0,229.0,643.0,2932.0
56.0,234.0,1026.0,80.0
56.0,235.0,1026.0,2696.0
56.0,242.0,1826.0,193.0
56.0,244.0,1826.0,3025.0
56.0,246.0,3573.0,1025.0
56.0,249.0,1026.0,1069.0
56.0,250.0,1826.0,1693.0
56.0,252.0,2925.0,259.0
56.0,266.0,2925.0,1855.0
56.0,269.0,3573.0,214.0
56.0,274.0,1826.0,1635.0
56.0,275.0,949.0,317.0
56.0,279.0,643.0,212.0
56.0,287.0,949.0,1258.0
56.0,292.0,2925.0,1594.0
56.0,293.0,1261.0,1264.0
56.0,306.0,1261.0,494.0
56.0,313.0,3573.0,587.0
56.0,316.0,1826.0,1868.0
56.0,321.0,1026.0,241.0
56.0,328.0,1026.0,1049.0
56.0,332.0,949.0,2934.0
56.0,333.0,643.0,256.0
56.0,342.0,1025.0,1209.0
57.0,6.0,2991.0,3944.0
57.0,7.0,2991.0,392.0
57.0,8.0,2991.0,3257.0
57.0,10.0,1068.0,3247.0
57.0,14.0,2211.0,3137.0
57.0,25.0,2211.0,206.0
57.0,34.0,2211.0,2105.0
57.0,38.0,2991.0,2194.0
57.0,47.0,2211.0,2617.0
57.0,48.0,2211.0,2597.0
57.0,55.0,2991.0,3843.0
57.0,57.0,1068.0,2211.0
57.0,61.0,1068.0,1793.0
57.0,63.0,2991.0,2742.0
57.0,65.0,2211.0,1445.0
57.0,66.0,2991.0,3697.0
57.0,79.0,2991.0,2240.0
57.0,82.0,2211.0,2691.0
57.0,90.0,2211.0,1412.0
57.0,96.0,2991.0,338.0
57.0,106.0,2991.0,241.0
57.0,109.0,2991.0,2223.0
57.0,119.0,2991.0,1923.0
57.0,120.0,1068.0,2216.0
57.0,160.0,2991.0,486.0
57.0,162.0,2211.0,353.0
57.0,178.0,2991.0,1542.0
57.0,181.0,2211.0,2221.0
57.0,208.0,2991.0,3395.0
57.0,241.0,2991.0,2548.0
57.0,253.0,1068.0,2126.0
57.0,266.0,2211.0,3601.0
57.0,313.0,1068.0,3377.0
57.0,321.0,2211.0,241.0
58.0,6.0,1380.0,1106.0
58.0,7.0,3069.0,3494.0
58.0,10.0,3070.0,790.0
58.0,11.0,3069.0,333.0
58.0,12.0,3069.0,635.0
58.0,21.0,3069.0,848.0
58.0,23.0,3069.0,273.0
58.0,24.0,3070.0,1491.0
58.0,29.0,1380.0,91.0
58.0,32.0,1380.0,1824.0
58.0,39.0,1380.0,386.0
58.0,40.0,3069.0,1676.0
58.0,47.0,3070.0,1980.0
58.0,53.0,1380.0,850.0
58.0,56.0,3069.0,643.0
58.0,58.0,3069.0,3069.0
58.0,59.0,3069.0,1827.0
58.0,60.0,3069.0,2938.0
58.0,61.0,1380.0,2850.0
58.0,62.0,1380.0,1033.0
58.0,69.0,3069.0,213.0
58.0,72.0,3069.0,35.0
58.0,76.0,1380.0,1383.0
58.0,80.0,1380.0,1824.0
58.0,85.0,1380.0,3532.0
58.0,120.0,3069.0,2423.0
58.0,129.0,3070.0,826.0
58.0,133.0,1380.0,1016.0
58.0,139.0,1380.0,531.0
58.0,143.0,1380.0,393.0
58.0,147.0,1380.0,337.0
58.0,155.0,1018.0,1023.0
58.0,163.0,1380.0,2077.0
58.0,172.0,1380.0,1882.0
58.0,178.0,3069.0,3741.0
58.0,179.0,3069.0,1673.0
58.0,184.0,3069.0,2450.0
58.0,195.0,3069.0,638.0
58.0,200.0,1380.0,745.0
58.0,207.0,3069.0,1257.0
58.0,213.0,1380.0,829.0
58.0,214.0,1018.0,1869.0
58.0,217.0,3070.0,976.0
58.0,220.0,3069.0,1702.0
58.0,230.0,3069.0,2964.0
58.0,232.0,1380.0,1374.0
58.0,237.0,3069.0,3060.0
58.0,239.0,1380.0,3409.0
58.0,240.0,3070.0,3811.0
58.0,243.0,3069.0,2349.0
58.0,244.0,1018.0,3024.0
58.0,250.0,1380.0,1693.0
58.0,260.0,1018.0,642.0
58.0,298.0,1380.0,3823.0
58.0,304.0,1380.0,675.0
58.0,309.0,3069.0,1379.0
58.0,318.0,3069.0,3069.0
58.0,343.0,3069.0,182.0
59.0,6.0,1827.0,1188.0
59.0,11.0,1827.0,333.0
59.0,14.0,1827.0,1236.0
59.0,18.0,1827.0,84.0
59.0,23.0,1260.0,3548.0
59.0,33.0,1260.0,189.0
59.0,39.0,1827.0,1901.0
59.0,47.0,1827.0,604.0
59.0,56.0,1827.0,2925.0
59.0,59.0,1827.0,1827.0
59.0,60.0,1260.0,641.0
59.0,61.0,1827.0,2274.0
59.0,69.0,1260.0,213.0
59.0,76.0,1827.0,1383.0
59.0,77.0,1260.0,2960.0
59.0,80.0,1827.0,1824.0
59.0,81.0,1827.0,1531.0
59.0,85.0,1827.0,1586.0
59.0,94.0,1827.0,648.0
59.0,121.0,1260.0,2966.0
59.0,122.0,1260.0,2031.0
59.0,124.0,1827.0,1303.0
59.0,131.0,1827.0,3955.0
59.0,133.0,1260.0,1624.0
59.0,137.0,1827.0,2928.0
59.0,145.0,1260.0,1716.0
59.0,154.0,1260.0,1640.0
59.0,164.0,1260.0,3488.0
59.0,172.0,1260.0,1886.0
59.0,178.0,1260.0,1435.0
59.0,179.0,1827.0,1673.0
59.0,204.0,1260.0,2975.0
59.0,214.0,1260.0,2745.0
59.0,229.0,1260.0,2933.0
59.0,230.0,1827.0,1726.0
59.0,232.0,1827.0,1374.0
59.0,240.0,1827.0,1592.0
59.0,241.0,1827.0,2548.0
59.0,244.0,1260.0,3808.0
59.0,250.0,1827.0,1264.0
59.0,260.0,1827.0,642.0
59.0,266.0,1260.0,1859.0
59.0,287.0,1260.0,1385.0
59.0,288.0,1260.0,1927.0
59.0,291.0,1260.0,941.0
59.0,293.0,1260.0,1264.0
59.0,298.0,1260.0,3823.0
59.0,300.0,1827.0,1701.0
59.0,318.0,1260.0,3069.0
59.0,322.0,1260.0,3192.0
59.0,336.0,1260.0,255.0
59.0,342.0,1827.0,2736.0
60.0,4.0,1538.0,996.0
60.0,6.0,2938.0,2723.0
60.0,9.0,1538.0,1352.0
60.0,10.0,1381.0,1100.0
60.0,11.0,2861.0,333.0
60.0,14.0,1538.0,1245.0
60.0,20.0,1381.0,2683.0
60.0,21.0,1381.0,3134.0
60.0,23.0,1539.0,2145.0
60.0,24.0,2938.0,3375.0
60.0,32.0,1539.0,1824.0
60.0,33.0,641.0,1671.0
60.0,39.0,1381.0,3029.0
60.0,48.0,2861.0,802.0
60.0,49.0,2938.0,1061.0
60.0,50.0,1539.0,78.0
60.0,53.0,2938.0,2838.0
60.0,54.0,2938.0,1003.0
60.0,56.0,2938.0,2925.0
60.0,58.0,1539.0,1380.0
60.0,59.0,2938.0,1260.0
60.0,60.0,1381.0,1538.0
60.0,61.0,2938.0,1765.0
60.0,62.0,1538.0,3936.0
60.0,64.0,1538.0,824.0
60.0,69.0,2938.0,213.0
60.0,72.0,2938.0,42.0
60.0,80.0,1381.0,1824.0
60.0,81.0,1381.0,732.0
60.0,88.0,1381.0,688.0
60.0,89.0,1381.0,3903.0
60.0,90.0,641.0,2051.0
60.0,94.0,641.0,648.0
60.0,117.0,1381.0,137.0
60.0,122.0,2938.0,2009.0
60.0,124.0,2938.0,3066.0
60.0,131.0,2938.0,1691.0
60.0,133.0,1381.0,3595.0
60.0,134.0,2938.0,3539.0
60.0,142.0,1381.0,685.0
60.0,149.0,641.0,2049.0
60.0,159.0,641.0,1621.0
60.0,163.0,2938.0,2077.0
60.0,170.0,1539.0,2827.0
60.0,178.0,2938.0,2993.0
60.0,179.0,641.0,1673.0
60.0,185.0,2938.0,1543.0
60.0,195.0,641.0,1724.0
60.0,201.0,2861.0,1389.0
60.0,214.0,1538.0,2605.0
60.0,223.0,1539.0,2521.0
60.0,224.0,1381.0,993.0
60.0,226.0,1539.0,1434.0
60.0,228.0,2861.0,2378.0
60.0,229.0,1539.0,2932.0
60.0,240.0,2938.0,1592.0
60.0,244.0,2938.0,3037.0
60.0,249.0,2938.0,1069.0
60.0,250.0,1381.0,1264.0
60.0,260.0,2938.0,945.0
60.0,266.0,2938.0,2337.0
60.0,274.0,2861.0,1637.0
60.0,284.0,1538.0,2932.0
60.0,287.0,2938.0,1385.0
60.0,291.0,641.0,2537.0
60.0,327.0,2861.0,1621.0
60.0,329.0,2861.0,423.0
60.0,330.0,1381.0,1094.0
60.0,332.0,1539.0,1063.0
60.0,334.0,2861.0,149.0
61.0,2.0,622.0,3430.0
61.0,4.0,2790.0,1198.0
61.0,6.0,2364.0,2620.0
61.0,7.0,2767.0,204.0
61.0,8.0,3343.0,2871.0
61.0,10.0,2339.0,2452.0
61.0,11.0,1791.0,333.0
61.0,14.0,2786.0,2618.0
61.0,18.0,2845.0,2467.0
61.0,21.0,2670.0,451.0
61.0,22.0,1327.0,521.0
61.0,23.0,1792.0,114.0
61.0,24.0,655.0,1490.0
61.0,25.0,657.0,1492.0
61.0,26.0,2787.0,3472.0
61.0,28.0,3342.0,3015.0
61.0,29.0,2433.0,141.0
61.0,30.0,2215.0,3966.0
61.0,31.0,2361.0,2922.0
61.0,33.0,1794.0,3685.0
61.0,34.0,3731.0,2105.0
61.0,39.0,2786.0,3026.0
61.0,41.0,1792.0,36.0
61.0,42.0,1477.0,887.0
61.0,44.0,1762.0,3057.0
61.0,45.0,1267.0,2458.0
61.0,47.0,3179.0,3596.0
61.0,48.0,653.0,775.0
61.0,53.0,1330.0,852.0
61.0,54.0,1327.0,2285.0
61.0,55.0,2787.0,3184.0
61.0,56.0,3725.0,2925.0
61.0,57.0,2702.0,2991.0
61.0,58.0,3727.0,1380.0
61.0,59.0,1792.0,1827.0
61.0,60.0,1792.0,641.0
61.0,61.0,2363.0,2700.0
61.0,62.0,2787.0,390.0
61.0,63.0,624.0,2741.0
61.0,65.0,2704.0,1445.0
61.0,66.0,2157.0,2989.0
61.0,67.0,1793.0,375.0
61.0,68.0,953.0,1641.0
61.0,70.0,2791.0,202.0
61.0,71.0,1280.0,2306.0
61.0,72.0,2215.0,327.0
61.0,73.0,2364.0,3021.0
61.0,75.0,2703.0,974.0
61.0,78.0,3641.0,86.0
61.0,79.0,1333.0,2240.0
61.0,81.0,3939.0,2936.0
61.0,82.0,3728.0,1979.0
61.0,84.0,1329.0,2269.0
61.0,87.0,3330.0,3074.0
61.0,89.0,2215.0,3903.0
61.0,90.0,624.0,2051.0
61.0,94.0,1334.0,646.0
61.0,97.0,1770.0,236.0
61.0,98.0,3182.0,1419.0
61.0,100.0,3728.0,1549.0
61.0,101.0,2706.0,372.0
61.0,103.0,1790.0,239.0
61.0,105.0,1477.0,2035.0
61.0,106.0,1325.0,241.0
61.0,107.0,623.0,2387.0
61.0,108.0,2698.0,1720.0
61.0,109.0,3356.0,1392.0
61.0,112.0,2361.0,1717.0
61.0,116.0,2670.0,2830.0
61.0,117.0,1762.0,137.0
61.0,118.0,3344.0,352.0
61.0,119.0,2361.0,1923.0
61.0,120.0,2341.0,1.0
61.0,121.0,3342.0,2966.0
61.0,122.0,1286.0,2033.0
61.0,124.0,1766.0,1302.0
61.0,125.0,658.0,720.0
61.0,127.0,2704.0,2107.0
61.0,129.0,3178.0,862.0
61.0,130.0,622.0,600.0
61.0,131.0,960.0,3956.0
61.0,133.0,3726.0,1838.0
61.0,134.0,2787.0,471.0
61.0,135.0,2339.0,3154.0
61.0,136.0,2790.0,1402.0
61.0,137.0,1329.0,3680.0
61.0,138.0,2341.0,1704.0
61.0,139.0,953.0,2761.0
61.0,140.0,1791.0,2499.0
61.0,142.0,3957.0,685.0
61.0,143.0,2432.0,2564.0
61.0,144.0,2789.0,542.0
61.0,146.0,3464.0,255.0
61.0,147.0,2341.0,337.0
61.0,153.0,657.0,2768.0
61.0,154.0,1326.0,3580.0
61.0,158.0,2785.0,2241.0
61.0,160.0,3331.0,2730.0
61.0,161.0,2700.0,1404.0
61.0,164.0,657.0,1928.0
61.0,165.0,3957.0,254.0
61.0,166.0,1768.0,954.0
61.0,168.0,3641.0,2464.0
61.0,170.0,1325.0,1709.0
61.0,172.0,1332.0,644.0
61.0,173.0,2791.0,470.0
61.0,174.0,1332.0,1906.0
61.0,178.0,965.0,2994.0
61.0,180.0,1322.0,186.0
61.0,182.0,1334.0,2008.0
61.0,185.0,970.0,703.0
61.0,187.0,623.0,81.0
61.0,189.0,953.0,467.0
61.0,190.0,3181.0,3974.0
61.0,193.0,621.0,1769.0
61.0,197.0,3727.0,329.0
61.0,200.0,3726.0,745.0
61.0,201.0,2363.0,1389.0
61.0,204.0,1794.0,1696.0
61.0,205.0,2436.0,3014.0
61.0,207.0,2788.0,1024.0
61.0,209.0,3728.0,2134.0
61.0,212.0,1335.0,354.0
61.0,214.0,624.0,1308.0
61.0,217.0,970.0,976.0
61.0,219.0,3180.0,1695.0
61.0,223.0,3725.0,2880.0
61.0,224.0,1766.0,1027.0
61.0,225.0,3182.0,84.0
61.0,226.0,2705.0,1434.0
61.0,228.0,961.0,1227.0
61.0,229.0,3732.0,2933.0
61.0,232.0,654.0,1374.0
61.0,237.0,1335.0,3060.0
61.0,243.0,3641.0,2352.0
61.0,244.0,3178.0,3809.0
61.0,245.0,2431.0,1493.0
61.0,246.0,1333.0,1025.0
61.0,249.0,655.0,1069.0
61.0,250.0,1332.0,1693.0
61.0,252.0,1791.0,259.0
61.0,253.0,2786.0,1391.0
61.0,255.0,3342.0,1904.0
61.0,258.0,3731.0,2129.0
61.0,260.0,1765.0,945.0
61.0,261.0,1766.0,1434.0
61.0,262.0,1765.0,2365.0
61.0,265.0,3356.0,3701.0
61.0,266.0,3957.0,1851.0
61.0,267.0,623.0,3328.0
61.0,271.0,2340.0,340.0
61.0,272.0,1792.0,2057.0
61.0,275.0,1280.0,2783.0
61.0,276.0,2671.0,464.0
61.0,277.0,2767.0,500.0
61.0,280.0,1324.0,2910.0
61.0,284.0,3731.0,2932.0
61.0,285.0,2341.0,1256.0
61.0,288.0,1762.0,1927.0
61.0,289.0,3730.0,2102.0
61.0,291.0,1326.0,946.0
61.0,292.0,2788.0,3905.0
61.0,293.0,3365.0,1264.0
61.0,298.0,3341.0,3823.0
61.0,306.0,2275.0,1449.0
61.0,307.0,2361.0,248.0
61.0,308.0,3464.0,542.0
61.0,313.0,654.0,2816.0
61.0,314.0,3819.0,1417.0
61.0,316.0,1791.0,1868.0
61.0,318.0,1333.0,3069.0
61.0,320.0,2214.0,2037.0
61.0,322.0,1322.0,3192.0
61.0,324.0,2702.0,1443.0
61.0,327.0,3342.0,1621.0
61.0,328.0,2700.0,3291.0
61.0,332.0,2788.0,2934.0
61.0,335.0,2698.0,341.0
61.0,336.0,2361.0,255.0
61.0,337.0,962.0,3023.0
61.0,338.0,2704.0,1868.0
62.0,2.0,1034.0,3430.0
62.0,4.0,75.0,303.0
62.0,6.0,777.0,1114.0
62.0,7.0,1032.0,3140.0
62.0,8.0,2643.0,191.0
62.0,9.0,3296.0,2266.0
62.0,10.0,3185.0,3884.0
62.0,11.0,70.0,333.0
62.0,12.0,74.0,635.0
62.0,13.0,3145.0,2369.0
62.0,14.0,1040.0,2883.0
62.0,15.0,209.0,2956.0
62.0,16.0,2678.0,2878.0
62.0,18.0,76.0,444.0
62.0,20.0,2640.0,681.0
62.0,21.0,1000.0,226.0
62.0,22.0,75.0,2087.0
62.0,23.0,1998.0,308.0
62.0,24.0,1593.0,2998.0
62.0,27.0,75.0,2463.0
62.0,28.0,1042.0,2046.0
62.0,29.0,3385.0,2412.0
62.0,30.0,3314.0,3966.0
62.0,31.0,77.0,1825.0
62.0,37.0,3387.0,402.0
62.0,41.0,199.0,3899.0
62.0,42.0,1032.0,3191.0
62.0,43.0,3652.0,686.0
62.0,44.0,1593.0,3592.0
62.0,45.0,197.0,797.0
62.0,46.0,3871.0,1486.0
62.0,47.0,1593.0,1977.0
62.0,48.0,76.0,383.0
62.0,49.0,3838.0,2569.0
62.0,50.0,3185.0,3056.0
62.0,51.0,133.0,2580.0
62.0,53.0,76.0,852.0
62.0,54.0,2599.0,1002.0
62.0,55.0,3145.0,691.0
62.0,56.0,2678.0,1826.0
62.0,57.0,3145.0,1068.0
62.0,58.0,1593.0,1380.0
62.0,59.0,3838.0,1827.0
62.0,60.0,77.0,1539.0
62.0,61.0,3366.0,3178.0
62.0,62.0,3384.0,1593.0
62.0,64.0,3936.0,2826.0
62.0,66.0,3385.0,3394.0
62.0,68.0,3384.0,1641.0
62.0,70.0,77.0,2193.0
62.0,71.0,3366.0,2237.0
62.0,72.0,816.0,1028.0
62.0,73.0,895.0,401.0
62.0,74.0,1593.0,3499.0
62.0,77.0,819.0,2966.0
62.0,78.0,1041.0,86.0
62.0,81.0,3147.0,3847.0
62.0,82.0,2599.0,320.0
62.0,85.0,3296.0,1654.0
62.0,86.0,2494.0,1559.0
62.0,87.0,3386.0,1446.0
62.0,88.0,1004.0,688.0
62.0,89.0,2494.0,3903.0
62.0,90.0,2599.0,2051.0
62.0,91.0,1031.0,2762.0
62.0,93.0,1033.0,463.0
62.0,94.0,1004.0,646.0
62.0,95.0,1032.0,3238.0
62.0,96.0,199.0,339.0
62.0,97.0,3936.0,2443.0
62.0,98.0,611.0,1419.0
62.0,101.0,3636.0,372.0
62.0,103.0,1036.0,2468.0
62.0,105.0,1041.0,2342.0
62.0,106.0,1035.0,241.0
62.0,107.0,3146.0,3267.0
62.0,108.0,3384.0,1720.0
62.0,109.0,778.0,3016.0
62.0,112.0,1040.0,1717.0
62.0,113.0,1034.0,565.0
62.0,115.0,1593.0,2515.0
62.0,116.0,197.0,2666.0
62.0,117.0,2643.0,137.0
62.0,118.0,76.0,352.0
62.0,120.0,778.0,2859.0
62.0,122.0,1042.0,2954.0
62.0,123.0,776.0,682.0
62.0,125.0,2407.0,720.0
62.0,126.0,1041.0,2139.0
62.0,128.0,76.0,3262.0
62.0,132.0,2640.0,3243.0
62.0,133.0,1032.0,1014.0
62.0,134.0,134.0,2927.0
62.0,135.0,75.0,766.0
62.0,136.0,3145.0,3865.0
62.0,137.0,1032.0,2928.0
62.0,139.0,758.0,2761.0
62.0,140.0,821.0,2191.0
62.0,142.0,390.0,685.0
62.0,143.0,1039.0,2563.0
62.0,145.0,568.0,1716.0
62.0,146.0,2599.0,483.0
62.0,147.0,3366.0,337.0
62.0,148.0,77.0,211.0
62.0,149.0,3145.0,2049.0
62.0,151.0,999.0,86.0
62.0,152.0,2408.0,2914.0
62.0,153.0,3386.0,555.0
62.0,154.0,3838.0,3579.0
62.0,155.0,3425.0,1023.0
62.0,156.0,76.0,828.0
62.0,159.0,1593.0,1621.0
62.0,160.0,3185.0,3112.0
62.0,163.0,1041.0,2077.0
62.0,164.0,895.0,1928.0
62.0,166.0,1038.0,3655.0
62.0,168.0,3366.0,708.0
62.0,171.0,3868.0,1543.0
62.0,173.0,133.0,470.0
62.0,175.0,3314.0,702.0
62.0,178.0,77.0,3516.0
62.0,180.0,811.0,186.0
62.0,181.0,209.0,2221.0
62.0,183.0,3366.0,1585.0
62.0,185.0,568.0,703.0
62.0,186.0,197.0,2136.0
62.0,187.0,3147.0,2512.0
62.0,188.0,1044.0,3417.0
62.0,191.0,3389.0,139.0
62.0,194.0,3185.0,2566.0
62.0,196.0,3145.0,2289.0
62.0,197.0,77.0,334.0
62.0,198.0,1044.0,826.0
62.0,199.0,3868.0,1409.0
62.0,200.0,814.0,735.0
62.0,201.0,3384.0,1389.0
62.0,203.0,758.0,1444.0
62.0,205.0,1043.0,2717.0
62.0,208.0,2407.0,3395.0
62.0,209.0,1038.0,2134.0
62.0,213.0,3185.0,829.0
62.0,218.0,2643.0,148.0
62.0,223.0,1593.0,751.0
62.0,224.0,75.0,1059.0
62.0,225.0,198.0,84.0
62.0,227.0,1047.0,2183.0
62.0,228.0,2407.0,1221.0
62.0,234.0,1035.0,145.0
62.0,236.0,3425.0,659.0
62.0,238.0,568.0,1506.0
62.0,241.0,3389.0,3034.0
62.0,243.0,3838.0,2351.0
62.0,247.0,1998.0,3122.0
62.0,248.0,3868.0,692.0
62.0,249.0,134.0,1069.0
62.0,250.0,1004.0,1264.0
62.0,251.0,3145.0,1085.0
62.0,252.0,134.0,259.0
62.0,255.0,1593.0,3556.0
62.0,257.0,568.0,3481.0
62.0,261.0,1033.0,650.0
62.0,262.0,198.0,2504.0
62.0,263.0,2407.0,824.0
62.0,266.0,199.0,1862.0
62.0,267.0,76.0,3328.0
62.0,269.0,1000.0,214.0
62.0,271.0,2640.0,340.0
62.0,273.0,3386.0,48.0
62.0,275.0,3651.0,317.0
62.0,276.0,1593.0,1919.0
62.0,279.0,2146.0,2144.0
62.0,280.0,3389.0,480.0
62.0,282.0,3285.0,837.0
62.0,283.0,3838.0,541.0
62.0,288.0,3838.0,1927.0
62.0,289.0,2408.0,2102.0
62.0,291.0,3385.0,946.0
62.0,292.0,1998.0,3905.0
62.0,294.0,3838.0,185.0
62.0,295.0,2494.0,1419.0
62.0,296.0,1593.0,2182.0
62.0,298.0,3001.0,2981.0
62.0,303.0,77.0,1403.0
62.0,305.0,3387.0,2359.0
62.0,309.0,3652.0,1379.0
62.0,311.0,2599.0,253.0
62.0,312.0,1034.0,351.0
62.0,313.0,3882.0,3103.0
62.0,314.0,76.0,2026.0
62.0,316.0,568.0,1867.0
62.0,317.0,134.0,136.0
62.0,321.0,3285.0,241.0
62.0,322.0,3705.0,3192.0
62.0,329.0,209.0,420.0
62.0,330.0,1041.0,1094.0
62.0,332.0,3285.0,1071.0
62.0,338.0,1004.0,1868.0
62.0,340.0,568.0,232.0
62.0,342.0,75.0,1209.0
63.0,8.0,2741.0,2139.0
63.0,21.0,2741.0,997.0
63.0,23.0,2741.0,3159.0
63.0,25.0,2742.0,488.0
63.0,38.0,2741.0,2210.0
63.0,45.0,2741.0,2644.0
63.0,48.0,2742.0,361.0
63.0,54.0,2742.0,394.0
63.0,57.0,2742.0,2211.0
63.0,63.0,2741.0,2741.0
63.0,66.0,247.0,2181.0
63.0,71.0,247.0,2302.0
63.0,82.0,2741.0,596.0
63.0,89.0,2741.0,3903.0
63.0,96.0,2741.0,339.0
63.0,100.0,2741.0,2082.0
63.0,107.0,2741.0,3217.0
63.0,109.0,2741.0,1338.0
63.0,115.0,2742.0,83.0
63.0,120.0,2741.0,1436.0
63.0,126.0,2741.0,2139.0
63.0,139.0,2742.0,532.0
63.0,140.0,2741.0,2191.0
63.0,158.0,2741.0,2241.0
63.0,160.0,2742.0,486.0
63.0,162.0,2742.0,353.0
63.0,173.0,2741.0,3976.0
63.0,176.0,2742.0,508.0
63.0,184.0,2741.0,3646.0
63.0,199.0,2741.0,2167.0
63.0,234.0,2742.0,3058.0
63.0,253.0,2742.0,2126.0
63.0,259.0,2741.0,2114.0
63.0,267.0,2741.0,3328.0
63.0,306.0,2741.0,1449.0
63.0,307.0,2742.0,248.0
63.0,312.0,2741.0,251.0
63.0,320.0,2741.0,352.0
63.0,321.0,2742.0,241.0
63.0,336.0,2741.0,255.0
64.0,2.0,2826.0,3143.0
64.0,3.0,2826.0,2443.0
64.0,5.0,1081.0,52.0
64.0,6.0,824.0,3878.0
64.0,7.0,1081.0,2572.0
64.0,9.0,2826.0,1364.0
64.0,10.0,1081.0,1096.0
64.0,12.0,2826.0,3392.0
64.0,13.0,2826.0,2171.0
64.0,14.0,1081.0,1183.0
64.0,18.0,2826.0,3657.0
64.0,21.0,1081.0,3577.0
64.0,23.0,824.0,3818.0
64.0,24.0,2826.0,132.0
64.0,25.0,824.0,206.0
64.0,26.0,2826.0,1069.0
64.0,28.0,2826.0,3015.0
64.0,30.0,1081.0,3966.0
64.0,33.0,2826.0,3804.0
64.0,40.0,824.0,1473.0
64.0,41.0,2826.0,357.0
64.0,44.0,1081.0,3057.0
64.0,46.0,1081.0,3259.0
64.0,47.0,2826.0,604.0
64.0,48.0,2826.0,3437.0
64.0,49.0,2826.0,3117.0
64.0,50.0,1081.0,1999.0
64.0,53.0,1081.0,854.0
64.0,54.0,824.0,2542.0
64.0,55.0,1081.0,3845.0
64.0,56.0,2826.0,1826.0
64.0,61.0,2826.0,3729.0
64.0,62.0,824.0,1038.0
64.0,64.0,1081.0,824.0
64.0,66.0,824.0,3696.0
64.0,68.0,2826.0,328.0
64.0,72.0,2826.0,324.0
64.0,78.0,2826.0,86.0
64.0,81.0,1081.0,639.0
64.0,85.0,824.0,1373.0
64.0,88.0,2826.0,688.0
64.0,89.0,2826.0,3903.0
64.0,91.0,2826.0,2762.0
64.0,103.0,824.0,239.0
64.0,106.0,1081.0,241.0
64.0,115.0,2826.0,830.0
64.0,125.0,1081.0,720.0
64.0,128.0,1081.0,3262.0
64.0,129.0,824.0,827.0
64.0,135.0,2826.0,3172.0
64.0,141.0,1081.0,237.0
64.0,142.0,1081.0,685.0
64.0,143.0,824.0,2281.0
64.0,147.0,824.0,337.0
64.0,149.0,824.0,2049.0
64.0,151.0,2826.0,86.0
64.0,156.0,1081.0,829.0
64.0,163.0,2826.0,2077.0
64.0,171.0,1081.0,1543.0
64.0,178.0,2826.0,2472.0
64.0,182.0,2826.0,2008.0
64.0,185.0,2826.0,687.0
64.0,187.0,1081.0,81.0
64.0,190.0,2826.0,151.0
64.0,191.0,824.0,3561.0
64.0,197.0,2826.0,2578.0
64.0,198.0,824.0,826.0
64.0,200.0,1081.0,1067.0
64.0,205.0,824.0,3244.0
64.0,213.0,824.0,829.0
64.0,215.0,1081.0,149.0
64.0,216.0,2826.0,1606.0
64.0,223.0,1081.0,2521.0
64.0,224.0,2826.0,995.0
64.0,225.0,1081.0,84.0
64.0,227.0,2826.0,1662.0
64.0,228.0,824.0,1221.0
64.0,230.0,1081.0,1727.0
64.0,234.0,824.0,80.0
64.0,244.0,824.0,1013.0
64.0,247.0,2826.0,2532.0
64.0,249.0,1081.0,1069.0
64.0,250.0,1081.0,1693.0
64.0,263.0,2826.0,824.0
64.0,266.0,1081.0,1853.0
64.0,275.0,824.0,989.0
64.0,288.0,1081.0,1927.0
64.0,290.0,1081.0,1899.0
64.0,317.0,2826.0,136.0
64.0,326.0,2826.0,3556.0
64.0,329.0,2826.0,419.0
64.0,334.0,1081.0,149.0
64.0,342.0,2826.0,2736.0
65.0,2.0,1445.0,3475.0
65.0,6.0,1445.0,1115.0
65.0,7.0,1445.0,2896.0
65.0,11.0,1445.0,333.0
65.0,14.0,1445.0,952.0
65.0,17.0,1445.0,1399.0
65.0,21.0,1445.0,3934.0
65.0,22.0,1445.0,3834.0
65.0,23.0,1445.0,294.0
65.0,29.0,1445.0,3524.0
65.0,42.0,1445.0,887.0
65.0,45.0,1445.0,773.0
65.0,47.0,1445.0,1995.0
65.0,57.0,1445.0,2991.0
65.0,61.0,1445.0,965.0
65.0,63.0,1445.0,2741.0
65.0,65.0,1445.0,1445.0
65.0,66.0,1445.0,3697.0
65.0,71.0,1445.0,3623.0
65.0,84.0,1445.0,2269.0
65.0,87.0,1445.0,1446.0
65.0,92.0,1445.0,462.0
65.0,106.0,1445.0,241.0
65.0,118.0,1445.0,352.0
65.0,134.0,1445.0,471.0
65.0,136.0,1445.0,544.0
65.0,139.0,1445.0,2761.0
65.0,140.0,1445.0,2763.0
65.0,144.0,1445.0,1546.0
65.0,150.0,1445.0,2899.0
65.0,153.0,1445.0,2198.0
65.0,160.0,1445.0,492.0
65.0,166.0,1445.0,3722.0
65.0,172.0,1445.0,644.0
65.0,176.0,1445.0,2595.0
65.0,178.0,1445.0,116.0
65.0,199.0,1445.0,1409.0
65.0,208.0,1445.0,3628.0
65.0,213.0,1445.0,829.0
65.0,253.0,1445.0,2126.0
65.0,267.0,1445.0,3328.0
65.0,268.0,1445.0,510.0
65.0,271.0,1445.0,340.0
65.0,305.0,1445.0,2359.0
65.0,312.0,1445.0,250.0
65.0,335.0,1445.0,3508.0
66.0,2.0,3696.0,3263.0
66.0,6.0,3696.0,3878.0
66.0,7.0,591.0,3210.0
66.0,8.0,2179.0,572.0
66.0,9.0,2138.0,2264.0
66.0,10.0,2180.0,1101.0
66.0,11.0,2138.0,333.0
66.0,14.0,2989.0,1779.0
66.0,18.0,2179.0,439.0
66.0,19.0,2989.0,256.0
66.0,21.0,3952.0,1207.0
66.0,22.0,590.0,2757.0
66.0,23.0,2138.0,3710.0
66.0,25.0,3696.0,3650.0
66.0,29.0,2989.0,3170.0
66.0,30.0,2989.0,3966.0
66.0,33.0,2181.0,1650.0
66.0,34.0,2989.0,2105.0
66.0,38.0,3952.0,2210.0
66.0,45.0,590.0,67.0
66.0,47.0,2181.0,1956.0
66.0,48.0,2138.0,3898.0
66.0,49.0,3394.0,177.0
66.0,50.0,590.0,3056.0
66.0,53.0,3697.0,2819.0
66.0,54.0,3394.0,3949.0
66.0,56.0,3952.0,2925.0
66.0,57.0,2989.0,2211.0
66.0,61.0,3697.0,3356.0
66.0,62.0,2181.0,3384.0
66.0,63.0,3697.0,2741.0
66.0,64.0,2138.0,1081.0
66.0,66.0,591.0,3952.0
66.0,68.0,2180.0,440.0
66.0,71.0,2138.0,2307.0
66.0,72.0,2181.0,2733.0
66.0,73.0,2180.0,401.0
66.0,74.0,2989.0,2038.0
66.0,78.0,3697.0,86.0
66.0,79.0,2989.0,2239.0
66.0,81.0,3952.0,948.0
66.0,82.0,2984.0,1979.0
66.0,87.0,2984.0,1446.0
66.0,90.0,3394.0,1412.0
66.0,96.0,2989.0,339.0
66.0,100.0,2989.0,2081.0
66.0,103.0,2989.0,2468.0
66.0,104.0,2138.0,1448.0
66.0,105.0,2179.0,2117.0
66.0,106.0,2179.0,241.0
66.0,109.0,590.0,2983.0
66.0,113.0,2990.0,1450.0
66.0,114.0,3697.0,2044.0
66.0,116.0,2181.0,2665.0
66.0,119.0,2989.0,233.0
66.0,126.0,2989.0,2139.0
66.0,127.0,3696.0,2109.0
66.0,130.0,2989.0,599.0
66.0,132.0,2989.0,3204.0
66.0,133.0,3952.0,1839.0
66.0,135.0,589.0,583.0
66.0,137.0,2990.0,3680.0
66.0,140.0,590.0,2500.0
66.0,142.0,2180.0,685.0
66.0,143.0,2989.0,2281.0
66.0,144.0,2138.0,2088.0
66.0,146.0,591.0,255.0
66.0,147.0,2138.0,337.0
66.0,149.0,3697.0,2049.0
66.0,150.0,3697.0,2196.0
66.0,151.0,3696.0,86.0
66.0,154.0,3394.0,1640.0
66.0,156.0,2989.0,829.0
66.0,158.0,590.0,240.0
66.0,160.0,3697.0,245.0
66.0,161.0,2138.0,1404.0
66.0,162.0,2138.0,353.0
66.0,166.0,2989.0,3723.0
66.0,176.0,3697.0,2962.0
66.0,178.0,2138.0,2487.0
66.0,181.0,3572.0,2221.0
66.0,182.0,3696.0,2008.0
66.0,185.0,2179.0,687.0
66.0,195.0,2138.0,3800.0
66.0,196.0,590.0,322.0
66.0,197.0,590.0,399.0
66.0,204.0,590.0,2382.0
66.0,212.0,3696.0,354.0
66.0,213.0,2181.0,829.0
66.0,214.0,3697.0,1309.0
66.0,217.0,2989.0,976.0
66.0,223.0,3696.0,2521.0
66.0,225.0,2138.0,84.0
66.0,227.0,3952.0,1662.0
66.0,235.0,2989.0,2688.0
66.0,236.0,2180.0,1916.0
66.0,238.0,2138.0,2398.0
66.0,243.0,2180.0,260.0
66.0,253.0,591.0,1391.0
66.0,259.0,2138.0,2114.0
66.0,261.0,3697.0,1434.0
66.0,265.0,2138.0,1396.0
66.0,266.0,2179.0,2875.0
66.0,268.0,589.0,516.0
66.0,277.0,3696.0,2278.0
66.0,289.0,3952.0,2102.0
66.0,293.0,3697.0,1264.0
66.0,296.0,2179.0,2873.0
66.0,304.0,3572.0,1936.0
66.0,305.0,2179.0,2359.0
66.0,306.0,2138.0,494.0
66.0,307.0,3697.0,248.0
66.0,311.0,3572.0,253.0
66.0,313.0,2989.0,3103.0
66.0,338.0,3696.0,1868.0
66.0,345.0,3952.0,2197.0
67.0,2.0,1420.0,718.0
67.0,5.0,1420.0,2011.0
67.0,6.0,1420.0,2620.0
67.0,7.0,1420.0,445.0
67.0,10.0,375.0,2612.0
67.0,11.0,1420.0,333.0
67.0,23.0,1420.0,308.0
67.0,24.0,1420.0,3189.0
67.0,28.0,1420.0,2046.0
67.0,29.0,375.0,23.0
67.0,42.0,1420.0,3191.0
67.0,44.0,375.0,3057.0
67.0,50.0,1420.0,2000.0
67.0,54.0,1420.0,3949.0
67.0,61.0,1420.0,3178.0
67.0,62.0,1420.0,1004.0
67.0,67.0,375.0,375.0
67.0,68.0,1420.0,346.0
67.0,72.0,375.0,3635.0
67.0,73.0,1420.0,336.0
67.0,74.0,1420.0,45.0
67.0,90.0,375.0,1416.0
67.0,95.0,375.0,2778.0
67.0,98.0,375.0,1419.0
67.0,101.0,1420.0,372.0
67.0,103.0,1420.0,2468.0
67.0,114.0,375.0,2042.0
67.0,122.0,1420.0,2954.0
67.0,132.0,375.0,2006.0
67.0,133.0,1420.0,674.0
67.0,134.0,1420.0,471.0
67.0,136.0,375.0,3862.0
67.0,137.0,375.0,2928.0
67.0,139.0,1420.0,3824.0
67.0,143.0,375.0,393.0
67.0,148.0,1420.0,231.0
67.0,149.0,1420.0,2049.0
67.0,178.0,375.0,2438.0
67.0,190.0,375.0,151.0
67.0,194.0,375.0,3429.0
67.0,205.0,1420.0,2718.0
67.0,209.0,1420.0,2134.0
67.0,224.0,1420.0,1059.0
67.0,293.0,375.0,1264.0
67.0,295.0,1420.0,1419.0
67.0,321.0,375.0,241.0
68.0,1.0,1054.0,2690.0
68.0,2.0,1054.0,3430.0
68.0,3.0,1641.0,2443.0
68.0,4.0,594.0,304.0
68.0,5.0,1054.0,2011.0
68.0,6.0,346.0,2619.0
68.0,7.0,1054.0,204.0
68.0,10.0,1054.0,2094.0
68.0,11.0,1642.0,333.0
68.0,12.0,594.0,635.0
68.0,13.0,1642.0,2174.0
68.0,14.0,1641.0,2885.0
68.0,15.0,594.0,2648.0
68.0,16.0,1642.0,3261.0
68.0,18.0,1054.0,1484.0
68.0,20.0,1054.0,660.0
68.0,21.0,1054.0,2098.0
68.0,23.0,346.0,865.0
68.0,24.0,1641.0,2999.0
68.0,25.0,346.0,489.0
68.0,27.0,1642.0,2463.0
68.0,29.0,594.0,370.0
68.0,30.0,1642.0,3966.0
68.0,32.0,1054.0,1824.0
68.0,40.0,1642.0,1475.0
68.0,41.0,328.0,356.0
68.0,42.0,346.0,3191.0
68.0,43.0,1641.0,686.0
68.0,44.0,440.0,3593.0
68.0,45.0,440.0,100.0
68.0,46.0,328.0,714.0
68.0,47.0,1641.0,1977.0
68.0,48.0,1054.0,817.0
68.0,50.0,440.0,89.0
68.0,53.0,346.0,10.0
68.0,54.0,1641.0,3222.0
68.0,55.0,1054.0,690.0
68.0,56.0,1054.0,1026.0
68.0,61.0,440.0,3950.0
68.0,62.0,594.0,1034.0
68.0,64.0,440.0,2826.0
68.0,66.0,328.0,2138.0
68.0,67.0,1054.0,1420.0
68.0,68.0,328.0,594.0
68.0,70.0,594.0,1705.0
68.0,72.0,328.0,323.0
68.0,73.0,594.0,336.0
68.0,74.0,1054.0,1488.0
68.0,78.0,1641.0,86.0
68.0,81.0,1054.0,3683.0
68.0,86.0,1054.0,1559.0
68.0,88.0,1642.0,688.0
68.0,89.0,328.0,3903.0
68.0,90.0,1641.0,1416.0
68.0,91.0,1054.0,3284.0
68.0,94.0,346.0,648.0
68.0,95.0,440.0,2025.0
68.0,97.0,1054.0,236.0
68.0,98.0,1641.0,1419.0
68.0,101.0,1642.0,3013.0
68.0,102.0,1641.0,3306.0
68.0,103.0,1054.0,239.0
68.0,109.0,346.0,2986.0
68.0,110.0,1642.0,2877.0
68.0,112.0,1642.0,1717.0
68.0,115.0,1641.0,83.0
68.0,117.0,594.0,137.0
68.0,122.0,346.0,2033.0
68.0,123.0,1641.0,682.0
68.0,125.0,1641.0,720.0
68.0,128.0,1054.0,2020.0
68.0,129.0,346.0,833.0
68.0,132.0,346.0,3204.0
68.0,134.0,594.0,2927.0
68.0,135.0,1054.0,3265.0
68.0,137.0,346.0,2928.0
68.0,141.0,594.0,238.0
68.0,143.0,346.0,393.0
68.0,146.0,1641.0,255.0
68.0,147.0,594.0,337.0
68.0,151.0,440.0,86.0
68.0,153.0,346.0,2769.0
68.0,154.0,594.0,1640.0
68.0,156.0,328.0,828.0
68.0,157.0,440.0,3406.0
68.0,163.0,594.0,345.0
68.0,167.0,346.0,3372.0
68.0,168.0,1642.0,2464.0
68.0,169.0,1054.0,662.0
68.0,170.0,594.0,2827.0
68.0,171.0,1642.0,1543.0
68.0,178.0,1641.0,3673.0
68.0,183.0,594.0,1422.0
68.0,184.0,440.0,1968.0
68.0,185.0,1054.0,1543.0
68.0,186.0,1641.0,567.0
68.0,187.0,346.0,2512.0
68.0,190.0,1054.0,151.0
68.0,191.0,440.0,140.0
68.0,192.0,346.0,2288.0
68.0,196.0,594.0,2409.0
68.0,197.0,1642.0,2415.0
68.0,198.0,328.0,826.0
68.0,200.0,1642.0,738.0
68.0,201.0,1054.0,1389.0
68.0,202.0,594.0,3434.0
68.0,203.0,440.0,1444.0
68.0,205.0,328.0,2718.0
68.0,213.0,1054.0,829.0
68.0,215.0,440.0,1464.0
68.0,218.0,346.0,148.0
68.0,223.0,440.0,728.0
68.0,224.0,346.0,991.0
68.0,225.0,1054.0,84.0
68.0,226.0,1054.0,1434.0
68.0,227.0,346.0,2183.0
68.0,234.0,594.0,145.0
68.0,235.0,594.0,2686.0
68.0,238.0,1054.0,2588.0
68.0,240.0,1642.0,637.0
68.0,241.0,440.0,2562.0
68.0,242.0,1642.0,193.0
68.0,243.0,346.0,2355.0
68.0,244.0,1642.0,3037.0
68.0,245.0,1642.0,2166.0
68.0,248.0,1642.0,2036.0
68.0,250.0,440.0,1264.0
68.0,252.0,1642.0,259.0
68.0,253.0,1641.0,1391.0
68.0,259.0,440.0,2101.0
68.0,264.0,594.0,2949.0
68.0,266.0,594.0,1865.0
68.0,270.0,440.0,2906.0
68.0,275.0,1054.0,989.0
68.0,276.0,440.0,1914.0
68.0,279.0,440.0,218.0
68.0,281.0,594.0,3391.0
68.0,285.0,440.0,1256.0
68.0,292.0,1054.0,3581.0
68.0,293.0,346.0,1264.0
68.0,300.0,594.0,1701.0
68.0,306.0,594.0,1449.0
68.0,311.0,346.0,253.0
68.0,312.0,1642.0,351.0
68.0,316.0,1642.0,1868.0
68.0,322.0,1641.0,3192.0
68.0,328.0,346.0,3783.0
68.0,341.0,1642.0,3951.0
68.0,344.0,594.0,259.0
69.0,35.0,213.0,2254.0
69.0,45.0,213.0,771.0
69.0,50.0,213.0,1999.0
69.0,52.0,213.0,1925.0
69.0,53.0,213.0,2819.0
69.0,58.0,213.0,1018.0
69.0,69.0,213.0,213.0
69.0,88.0,213.0,688.0
69.0,117.0,213.0,137.0
69.0,125.0,213.0,720.0
69.0,133.0,213.0,1016.0
69.0,148.0,213.0,211.0
69.0,163.0,213.0,398.0
69.0,164.0,213.0,1929.0
69.0,178.0,213.0,3739.0
69.0,188.0,213.0,2235.0
69.0,191.0,213.0,140.0
69.0,211.0,213.0,3416.0
69.0,216.0,213.0,1606.0
69.0,231.0,213.0,3125.0
69.0,250.0,213.0,1264.0
69.0,264.0,213.0,1065.0
69.0,272.0,213.0,2057.0
69.0,279.0,213.0,8.0
69.0,282.0,213.0,837.0
69.0,300.0,213.0,1716.0
69.0,301.0,213.0,175.0
69.0,340.0,213.0,232.0
70.0,1.0,2193.0,2690.0
70.0,2.0,1706.0,2613.0
70.0,3.0,1598.0,2443.0
70.0,5.0,1706.0,54.0
70.0,7.0,202.0,3157.0
70.0,10.0,146.0,794.0
70.0,11.0,2193.0,333.0
70.0,12.0,1706.0,635.0
70.0,13.0,1706.0,1610.0
70.0,14.0,1705.0,886.0
70.0,15.0,202.0,3242.0
70.0,16.0,1706.0,2879.0
70.0,18.0,1706.0,444.0
70.0,20.0,2193.0,1895.0
70.0,21.0,146.0,298.0
70.0,23.0,1598.0,308.0
70.0,27.0,1598.0,713.0
70.0,30.0,202.0,3966.0
70.0,41.0,146.0,3899.0
70.0,43.0,1598.0,682.0
70.0,44.0,1705.0,3593.0
70.0,45.0,1598.0,144.0
70.0,47.0,1598.0,3849.0
70.0,48.0,1706.0,32.0
70.0,49.0,1705.0,1080.0
70.0,50.0,1598.0,1999.0
70.0,53.0,1598.0,3688.0
70.0,54.0,1705.0,2542.0
70.0,56.0,146.0,643.0
70.0,62.0,1706.0,568.0
70.0,68.0,1598.0,1642.0
70.0,70.0,1706.0,1705.0
70.0,72.0,1598.0,3495.0
70.0,73.0,146.0,401.0
70.0,78.0,1706.0,86.0
70.0,88.0,1705.0,688.0
70.0,93.0,1598.0,2940.0
70.0,95.0,1706.0,3231.0
70.0,97.0,2193.0,2443.0
70.0,102.0,1598.0,3306.0
70.0,103.0,1706.0,239.0
70.0,115.0,1706.0,1055.0
70.0,117.0,202.0,137.0
70.0,121.0,1706.0,2966.0
70.0,122.0,2193.0,2954.0
70.0,123.0,1706.0,682.0
70.0,125.0,1706.0,720.0
70.0,128.0,2193.0,2013.0
70.0,129.0,1705.0,826.0
70.0,131.0,1705.0,1384.0
70.0,132.0,202.0,2593.0
70.0,134.0,202.0,2927.0
70.0,141.0,146.0,1708.0
70.0,142.0,202.0,685.0
70.0,143.0,1598.0,2564.0
70.0,147.0,146.0,337.0
70.0,153.0,1705.0,559.0
70.0,163.0,146.0,2077.0
70.0,168.0,1706.0,708.0
70.0,169.0,2193.0,662.0
70.0,178.0,2193.0,1295.0
70.0,182.0,2193.0,2598.0
70.0,185.0,1706.0,687.0
70.0,190.0,1705.0,151.0
70.0,196.0,2193.0,3288.0
70.0,197.0,1706.0,2415.0
70.0,198.0,1705.0,826.0
70.0,200.0,1705.0,3447.0
70.0,203.0,146.0,1444.0
70.0,205.0,1706.0,2718.0
70.0,206.0,1598.0,1892.0
70.0,213.0,1706.0,829.0
70.0,215.0,1705.0,1464.0
70.0,221.0,202.0,148.0
70.0,225.0,1705.0,84.0
70.0,227.0,1706.0,88.0
70.0,234.0,1705.0,145.0
70.0,238.0,202.0,1506.0
70.0,239.0,202.0,3411.0
70.0,259.0,1706.0,2114.0
70.0,263.0,1705.0,824.0
70.0,275.0,202.0,2783.0
70.0,276.0,1706.0,1914.0
70.0,295.0,1705.0,1419.0
70.0,306.0,1598.0,1449.0
70.0,312.0,146.0,351.0
70.0,316.0,2193.0,1868.0
70.0,317.0,202.0,136.0
70.0,341.0,1598.0,1891.0
71.0,2.0,2237.0,2744.0
71.0,7.0,2237.0,216.0
71.0,8.0,2236.0,2874.0
71.0,10.0,3623.0,2660.0
71.0,14.0,2307.0,2804.0
71.0,17.0,3623.0,3624.0
71.0,18.0,2237.0,3841.0
71.0,22.0,1721.0,2502.0
71.0,25.0,1400.0,488.0
71.0,44.0,3625.0,85.0
71.0,47.0,3625.0,1948.0
71.0,56.0,1721.0,949.0
71.0,57.0,2305.0,1068.0
71.0,61.0,1721.0,3330.0
71.0,63.0,2237.0,2741.0
71.0,71.0,2303.0,2302.0
71.0,78.0,1405.0,86.0
71.0,81.0,2237.0,639.0
71.0,82.0,2237.0,2579.0
71.0,87.0,2237.0,3586.0
71.0,92.0,2305.0,3003.0
71.0,95.0,2304.0,3232.0
71.0,100.0,2237.0,1548.0
71.0,105.0,2307.0,342.0
71.0,106.0,2305.0,3396.0
71.0,107.0,1404.0,2356.0
71.0,109.0,2307.0,2227.0
71.0,113.0,3623.0,565.0
71.0,114.0,1405.0,1421.0
71.0,120.0,2236.0,2216.0
71.0,133.0,2237.0,3046.0
71.0,134.0,2307.0,475.0
71.0,136.0,2303.0,3327.0
71.0,139.0,2303.0,2761.0
71.0,140.0,2305.0,2191.0
71.0,144.0,2237.0,542.0
71.0,152.0,1722.0,495.0
71.0,153.0,2305.0,559.0
71.0,161.0,3623.0,1404.0
71.0,162.0,1404.0,353.0
71.0,166.0,2303.0,1787.0
71.0,170.0,2303.0,2827.0
71.0,178.0,2302.0,2863.0
71.0,184.0,1406.0,1972.0
71.0,186.0,3623.0,567.0
71.0,198.0,1404.0,826.0
71.0,199.0,2302.0,1409.0
71.0,200.0,2236.0,1067.0
71.0,201.0,2304.0,1389.0
71.0,208.0,1400.0,801.0
71.0,212.0,2304.0,354.0
71.0,217.0,2236.0,976.0
71.0,220.0,2304.0,1933.0
71.0,223.0,2305.0,2517.0
71.0,253.0,2302.0,2126.0
71.0,257.0,2304.0,3479.0
71.0,262.0,2237.0,2506.0
71.0,267.0,1722.0,3328.0
71.0,271.0,2306.0,340.0
71.0,283.0,1404.0,541.0
71.0,288.0,1405.0,1927.0
71.0,296.0,2303.0,2508.0
71.0,305.0,2304.0,2359.0
71.0,306.0,2307.0,1449.0
71.0,308.0,1406.0,542.0
71.0,314.0,3625.0,2049.0
71.0,320.0,2306.0,2037.0
71.0,321.0,2189.0,241.0
71.0,323.0,2236.0,3507.0
71.0,335.0,1404.0,341.0
71.0,336.0,1404.0,255.0
71.0,337.0,3623.0,3023.0
72.0,2.0,40.0,2743.0
72.0,6.0,37.0,3044.0
72.0,7.0,327.0,204.0
72.0,8.0,41.0,2871.0
72.0,10.0,326.0,1596.0
72.0,11.0,3287.0,333.0
72.0,12.0,326.0,635.0
72.0,13.0,3842.0,1424.0
72.0,14.0,3287.0,2886.0
72.0,15.0,1028.0,2957.0
72.0,16.0,26.0,3241.0
72.0,18.0,324.0,25.0
72.0,20.0,33.0,1890.0
72.0,21.0,3190.0,2611.0
72.0,22.0,39.0,2497.0
72.0,23.0,323.0,2715.0
72.0,24.0,2733.0,1491.0
72.0,25.0,28.0,490.0
72.0,27.0,2733.0,3660.0
72.0,28.0,326.0,2046.0
72.0,29.0,3842.0,3271.0
72.0,37.0,39.0,403.0
72.0,41.0,1212.0,3899.0
72.0,43.0,41.0,686.0
72.0,44.0,3435.0,56.0
72.0,45.0,3842.0,2004.0
72.0,46.0,42.0,714.0
72.0,47.0,2292.0,1805.0
72.0,48.0,38.0,775.0
72.0,50.0,39.0,1999.0
72.0,51.0,3495.0,2580.0
72.0,54.0,2733.0,2542.0
72.0,55.0,2549.0,3843.0
72.0,56.0,3495.0,2925.0
72.0,58.0,33.0,1380.0
72.0,61.0,1028.0,1335.0
72.0,62.0,38.0,209.0
72.0,64.0,2290.0,2826.0
72.0,67.0,26.0,375.0
72.0,68.0,324.0,594.0
72.0,70.0,38.0,1598.0
72.0,72.0,323.0,2733.0
72.0,73.0,40.0,333.0
72.0,74.0,325.0,2055.0
72.0,78.0,3248.0,86.0
72.0,79.0,28.0,2817.0
72.0,81.0,3435.0,1530.0
72.0,86.0,27.0,1559.0
72.0,88.0,3706.0,688.0
72.0,89.0,325.0,3903.0
72.0,90.0,3248.0,2719.0
72.0,91.0,1212.0,1668.0
72.0,93.0,324.0,2921.0
72.0,94.0,26.0,648.0
72.0,95.0,1212.0,3233.0
72.0,98.0,324.0,1419.0
72.0,101.0,3148.0,1660.0
72.0,102.0,34.0,3306.0
72.0,103.0,324.0,2468.0
72.0,106.0,325.0,3396.0
72.0,113.0,38.0,2685.0
72.0,115.0,28.0,3840.0
72.0,117.0,33.0,137.0
72.0,119.0,37.0,2141.0
72.0,121.0,2733.0,2966.0
72.0,122.0,3495.0,2954.0
72.0,123.0,1212.0,682.0
72.0,124.0,323.0,1302.0
72.0,125.0,2291.0,720.0
72.0,126.0,1028.0,2139.0
72.0,128.0,2290.0,2014.0
72.0,129.0,2290.0,1846.0
72.0,131.0,2733.0,1691.0
72.0,134.0,2291.0,472.0
72.0,135.0,3842.0,3265.0
72.0,141.0,2733.0,237.0
72.0,142.0,40.0,685.0
72.0,143.0,27.0,393.0
72.0,145.0,41.0,1716.0
72.0,147.0,37.0,337.0
72.0,149.0,323.0,2049.0
72.0,150.0,41.0,2899.0
72.0,151.0,323.0,86.0
72.0,154.0,324.0,3580.0
72.0,156.0,3286.0,829.0
72.0,158.0,33.0,593.0
72.0,163.0,324.0,2077.0
72.0,166.0,40.0,2426.0
72.0,167.0,26.0,2075.0
72.0,170.0,321.0,1718.0
72.0,178.0,35.0,3463.0
72.0,181.0,1028.0,2221.0
72.0,185.0,37.0,1543.0
72.0,187.0,2549.0,81.0
72.0,189.0,3842.0,1918.0
72.0,190.0,324.0,3974.0
72.0,192.0,33.0,2288.0
72.0,196.0,40.0,322.0
72.0,197.0,323.0,2415.0
72.0,198.0,321.0,826.0
72.0,200.0,323.0,1010.0
72.0,205.0,26.0,2717.0
72.0,209.0,26.0,2134.0
72.0,212.0,1517.0,354.0
72.0,213.0,2733.0,829.0
72.0,221.0,3635.0,148.0
72.0,223.0,1212.0,1917.0
72.0,224.0,3148.0,1059.0
72.0,225.0,33.0,84.0
72.0,227.0,3287.0,344.0
72.0,234.0,2732.0,145.0
72.0,235.0,3148.0,2686.0
72.0,240.0,1517.0,3040.0
72.0,241.0,321.0,261.0
72.0,243.0,321.0,2353.0
72.0,246.0,323.0,1025.0
72.0,248.0,3435.0,697.0
72.0,252.0,323.0,259.0
72.0,259.0,360.0,2103.0
72.0,262.0,321.0,2681.0
72.0,263.0,28.0,824.0
72.0,265.0,323.0,2104.0
72.0,274.0,28.0,1639.0
72.0,275.0,2733.0,317.0
72.0,276.0,26.0,3855.0
72.0,289.0,1517.0,2102.0
72.0,292.0,35.0,3581.0
72.0,295.0,324.0,1419.0
72.0,307.0,326.0,248.0
72.0,308.0,26.0,542.0
72.0,314.0,326.0,1417.0
72.0,316.0,2733.0,1868.0
72.0,317.0,1517.0,136.0
72.0,322.0,3287.0,3192.0
72.0,324.0,3148.0,1443.0
72.0,329.0,325.0,420.0
72.0,332.0,38.0,2934.0
72.0,335.0,2732.0,341.0
72.0,337.0,2291.0,3023.0
72.0,338.0,37.0,1868.0
72.0,341.0,324.0,1891.0
72.0,344.0,2290.0,259.0
73.0,1.0,333.0,2832.0
73.0,2.0,1665.0,200.0
73.0,3.0,401.0,2443.0
73.0,5.0,333.0,54.0
73.0,6.0,333.0,3962.0
73.0,7.0,401.0,998.0
73.0,9.0,1664.0,3119.0
73.0,10.0,1665.0,3879.0
73.0,11.0,1664.0,333.0
73.0,12.0,401.0,3392.0
73.0,13.0,3021.0,1424.0
73.0,14.0,336.0,1755.0
73.0,15.0,333.0,2028.0
73.0,20.0,333.0,1894.0
73.0,21.0,333.0,3133.0
73.0,23.0,1664.0,3548.0
73.0,24.0,1664.0,358.0
73.0,25.0,1664.0,488.0
73.0,27.0,401.0,3660.0
73.0,32.0,333.0,1824.0
73.0,37.0,336.0,2945.0
73.0,41.0,3021.0,2551.0
73.0,43.0,333.0,682.0
73.0,44.0,1664.0,3592.0
73.0,45.0,401.0,3150.0
73.0,46.0,333.0,3844.0
73.0,47.0,336.0,1980.0
73.0,48.0,401.0,813.0
73.0,50.0,401.0,2636.0
73.0,51.0,401.0,2580.0
73.0,55.0,3021.0,3843.0
73.0,56.0,401.0,949.0
73.0,61.0,333.0,3939.0
73.0,62.0,1665.0,3145.0
73.0,67.0,401.0,1420.0
73.0,68.0,333.0,346.0
73.0,72.0,333.0,33.0
73.0,73.0,333.0,401.0
73.0,78.0,336.0,86.0
73.0,88.0,336.0,688.0
73.0,89.0,333.0,3903.0
73.0,91.0,3021.0,3282.0
73.0,95.0,3021.0,2778.0
73.0,98.0,1664.0,1419.0
73.0,101.0,401.0,3246.0
73.0,102.0,333.0,3306.0
73.0,105.0,401.0,2035.0
73.0,116.0,401.0,2829.0
73.0,119.0,1664.0,1923.0
73.0,122.0,3021.0,570.0
73.0,128.0,401.0,2022.0
73.0,132.0,333.0,2006.0
73.0,134.0,401.0,477.0
73.0,141.0,1665.0,238.0
73.0,142.0,401.0,685.0
73.0,147.0,333.0,337.0
73.0,149.0,336.0,2049.0
73.0,151.0,333.0,86.0
73.0,163.0,336.0,2192.0
73.0,168.0,333.0,708.0
73.0,170.0,333.0,1718.0
73.0,171.0,1664.0,1543.0
73.0,172.0,401.0,2795.0
73.0,178.0,333.0,2250.0
73.0,182.0,401.0,2598.0
73.0,185.0,1665.0,1543.0
73.0,192.0,336.0,2288.0
73.0,196.0,333.0,2409.0
73.0,197.0,333.0,2578.0
73.0,203.0,1664.0,1444.0
73.0,205.0,1665.0,2076.0
73.0,206.0,333.0,1892.0
73.0,209.0,1665.0,2134.0
73.0,215.0,336.0,1464.0
73.0,220.0,1664.0,1719.0
73.0,221.0,1665.0,166.0
73.0,223.0,336.0,267.0
73.0,225.0,401.0,84.0
73.0,227.0,401.0,1662.0
73.0,241.0,401.0,2562.0
73.0,248.0,333.0,2036.0
73.0,253.0,1664.0,2126.0
73.0,256.0,336.0,2976.0
73.0,261.0,401.0,1434.0
73.0,275.0,1665.0,55.0
73.0,281.0,401.0,3391.0
73.0,292.0,333.0,3581.0
73.0,295.0,336.0,1419.0
73.0,325.0,401.0,1564.0
73.0,326.0,3021.0,3556.0
73.0,331.0,3021.0,578.0
73.0,338.0,333.0,1868.0
74.0,2.0,2054.0,972.0
74.0,5.0,2038.0,54.0
74.0,7.0,45.0,3431.0
74.0,8.0,3499.0,2871.0
74.0,10.0,2055.0,2095.0
74.0,18.0,2054.0,84.0
74.0,20.0,2038.0,681.0
74.0,24.0,2055.0,3375.0
74.0,27.0,2053.0,713.0
74.0,29.0,45.0,97.0
74.0,33.0,1488.0,640.0
74.0,37.0,3499.0,2581.0
74.0,39.0,2038.0,3026.0
74.0,41.0,45.0,3899.0
74.0,43.0,2054.0,686.0
74.0,44.0,2053.0,85.0
74.0,46.0,2053.0,1515.0
74.0,48.0,3499.0,29.0
74.0,50.0,45.0,1999.0
74.0,62.0,2054.0,3146.0
74.0,63.0,3499.0,2741.0
74.0,67.0,2038.0,1420.0
74.0,68.0,45.0,328.0
74.0,74.0,45.0,2053.0
74.0,78.0,45.0,86.0
74.0,81.0,2053.0,20.0
74.0,87.0,2053.0,1447.0
74.0,89.0,45.0,3903.0
74.0,92.0,3499.0,2119.0
74.0,95.0,2038.0,2778.0
74.0,96.0,2053.0,339.0
74.0,98.0,45.0,1419.0
74.0,101.0,2053.0,3013.0
74.0,103.0,2038.0,239.0
74.0,110.0,3499.0,2877.0
74.0,119.0,2054.0,1923.0
74.0,122.0,2054.0,2032.0
74.0,132.0,2038.0,3205.0
74.0,135.0,2054.0,3947.0
74.0,136.0,2055.0,3864.0
74.0,140.0,3499.0,3255.0
74.0,142.0,2055.0,685.0
74.0,143.0,2054.0,2563.0
74.0,146.0,2038.0,255.0
74.0,154.0,2053.0,1640.0
74.0,156.0,2053.0,828.0
74.0,165.0,2038.0,254.0
74.0,167.0,2038.0,577.0
74.0,173.0,3499.0,3976.0
74.0,175.0,3499.0,702.0
74.0,178.0,2055.0,2250.0
74.0,182.0,3499.0,2008.0
74.0,183.0,3499.0,1585.0
74.0,194.0,2053.0,2566.0
74.0,205.0,2055.0,48.0
74.0,209.0,45.0,2134.0
74.0,214.0,2038.0,3733.0
74.0,223.0,45.0,2725.0
74.0,236.0,2055.0,659.0
74.0,241.0,2054.0,2561.0
74.0,243.0,3499.0,1540.0
74.0,248.0,2038.0,711.0
74.0,273.0,2054.0,48.0
74.0,295.0,2054.0,1419.0
74.0,308.0,3499.0,542.0
74.0,313.0,1488.0,3102.0
74.0,314.0,2038.0,2049.0
74.0,317.0,45.0,136.0
74.0,341.0,2038.0,3951.0
74.0,344.0,2053.0,259.0
75.0,6.0,974.0,3502.0
75.0,10.0,974.0,1427.0
75.0,14.0,974.0,2887.0
75.0,19.0,974.0,256.0
75.0,23.0,974.0,13.0
75.0,41.0,974.0,2551.0
75.0,42.0,974.0,920.0
75.0,45.0,974.0,770.0
75.0,46.0,974.0,1482.0
75.0,54.0,974.0,2955.0
75.0,58.0,974.0,3069.0
75.0,61.0,974.0,2675.0
75.0,62.0,974.0,209.0
75.0,67.0,974.0,375.0
75.0,68.0,974.0,328.0
75.0,73.0,974.0,336.0
75.0,75.0,974.0,974.0
75.0,78.0,974.0,86.0
75.0,107.0,974.0,3217.0
75.0,131.0,974.0,1691.0
75.0,134.0,974.0,2927.0
75.0,154.0,974.0,1640.0
75.0,167.0,974.0,3372.0
75.0,172.0,974.0,1888.0
75.0,198.0,974.0,826.0
75.0,200.0,974.0,736.0
75.0,205.0,974.0,2717.0
75.0,223.0,974.0,784.0
75.0,228.0,974.0,1229.0
75.0,239.0,974.0,1495.0
75.0,247.0,974.0,3458.0
75.0,255.0,974.0,1648.0
75.0,268.0,974.0,516.0
75.0,290.0,974.0,1899.0
75.0,340.0,974.0,232.0
75.0,342.0,974.0,1209.0
76.0,6.0,1383.0,1006.0
76.0,10.0,1377.0,1465.0
76.0,11.0,1383.0,333.0
76.0,14.0,1383.0,3755.0
76.0,21.0,1383.0,896.0
76.0,32.0,1383.0,1824.0
76.0,33.0,1383.0,1902.0
76.0,34.0,1383.0,2105.0
76.0,39.0,1383.0,386.0
76.0,40.0,1383.0,1475.0
76.0,53.0,1383.0,3167.0
76.0,58.0,1377.0,1380.0
76.0,59.0,1383.0,1827.0
76.0,60.0,1383.0,1539.0
76.0,61.0,1383.0,2362.0
76.0,68.0,1383.0,346.0
76.0,76.0,1383.0,1377.0
76.0,80.0,1377.0,1824.0
76.0,81.0,1383.0,3683.0
76.0,120.0,1383.0,3789.0
76.0,121.0,1383.0,2966.0
76.0,133.0,1383.0,3095.0
76.0,137.0,1383.0,3680.0
76.0,155.0,1383.0,1023.0
76.0,178.0,1377.0,2995.0
76.0,195.0,1383.0,3679.0
76.0,200.0,1383.0,735.0
76.0,216.0,1383.0,1606.0
76.0,233.0,1383.0,1599.0
76.0,238.0,1377.0,2588.0
76.0,240.0,1383.0,3814.0
76.0,244.0,1377.0,3025.0
76.0,291.0,1377.0,941.0
76.0,298.0,1377.0,3823.0
76.0,300.0,1377.0,1701.0
76.0,302.0,1383.0,1497.0
76.0,318.0,1383.0,3069.0
76.0,332.0,1383.0,1071.0
77.0,4.0,2961.0,303.0
77.0,6.0,1725.0,912.0
77.0,9.0,2961.0,3567.0
77.0,10.0,2966.0,3927.0
77.0,11.0,1725.0,333.0
77.0,21.0,2966.0,3577.0
77.0,26.0,2966.0,1606.0
77.0,33.0,3897.0,3687.0
77.0,45.0,1725.0,2458.0
77.0,48.0,1725.0,820.0
77.0,53.0,2966.0,19.0
77.0,58.0,2966.0,3069.0
77.0,60.0,3897.0,1539.0
77.0,62.0,1725.0,1034.0
77.0,66.0,2961.0,3696.0
77.0,77.0,2966.0,2961.0
77.0,80.0,2961.0,1824.0
77.0,81.0,2961.0,3796.0
77.0,83.0,2966.0,1726.0
77.0,85.0,2960.0,1587.0
77.0,89.0,1725.0,3903.0
77.0,94.0,1725.0,646.0
77.0,106.0,2961.0,3396.0
77.0,109.0,2961.0,2985.0
77.0,115.0,2966.0,3840.0
77.0,118.0,2966.0,352.0
77.0,121.0,2966.0,2966.0
77.0,133.0,2960.0,1016.0
77.0,135.0,3897.0,3265.0
77.0,137.0,2961.0,3680.0
77.0,156.0,2966.0,829.0
77.0,164.0,1725.0,3487.0
77.0,168.0,1725.0,1707.0
77.0,174.0,2966.0,1830.0
77.0,178.0,3897.0,107.0
77.0,180.0,2966.0,186.0
77.0,187.0,2960.0,81.0
77.0,195.0,2960.0,187.0
77.0,197.0,2960.0,334.0
77.0,211.0,2961.0,2071.0
77.0,212.0,2961.0,354.0
77.0,213.0,2960.0,829.0
77.0,214.0,3897.0,3008.0
77.0,216.0,1725.0,1606.0
77.0,217.0,2960.0,976.0
77.0,223.0,2960.0,750.0
77.0,224.0,2966.0,376.0
77.0,229.0,2960.0,2932.0
77.0,230.0,1725.0,3886.0
77.0,238.0,2960.0,410.0
77.0,239.0,3897.0,1346.0
77.0,243.0,1725.0,2353.0
77.0,244.0,1725.0,1591.0
77.0,259.0,2960.0,2112.0
77.0,260.0,2960.0,944.0
77.0,266.0,2966.0,2333.0
77.0,274.0,2961.0,1632.0
77.0,284.0,2960.0,2932.0
77.0,290.0,2966.0,1899.0
77.0,291.0,2960.0,942.0
77.0,292.0,2961.0,3581.0
77.0,306.0,2960.0,494.0
77.0,316.0,3897.0,1867.0
78.0,2.0,86.0,3475.0
78.0,4.0,86.0,1198.0
78.0,5.0,86.0,2011.0
78.0,6.0,86.0,1109.0
78.0,7.0,86.0,3431.0
78.0,10.0,86.0,2659.0
78.0,11.0,86.0,333.0
78.0,13.0,86.0,164.0
78.0,14.0,86.0,1180.0
78.0,16.0,86.0,3241.0
78.0,18.0,86.0,84.0
78.0,20.0,86.0,660.0
78.0,21.0,86.0,3041.0
78.0,23.0,86.0,2145.0
78.0,24.0,86.0,3005.0
78.0,29.0,86.0,61.0
78.0,30.0,86.0,3966.0
78.0,33.0,86.0,1649.0
78.0,37.0,86.0,3012.0
78.0,41.0,86.0,36.0
78.0,43.0,86.0,682.0
78.0,44.0,86.0,3592.0
78.0,45.0,86.0,770.0
78.0,46.0,86.0,1480.0
78.0,47.0,86.0,1975.0
78.0,48.0,86.0,3898.0
78.0,50.0,86.0,3056.0
78.0,53.0,86.0,3165.0
78.0,54.0,86.0,2550.0
78.0,62.0,86.0,3936.0
78.0,66.0,86.0,2179.0
78.0,72.0,86.0,323.0
78.0,73.0,86.0,3021.0
78.0,74.0,86.0,45.0
78.0,75.0,86.0,974.0
78.0,78.0,86.0,86.0
78.0,81.0,86.0,947.0
78.0,86.0,86.0,1559.0
78.0,88.0,86.0,688.0
78.0,89.0,86.0,3903.0
78.0,95.0,86.0,2007.0
78.0,107.0,86.0,1803.0
78.0,110.0,86.0,2877.0
78.0,115.0,86.0,83.0
78.0,117.0,86.0,137.0
78.0,125.0,86.0,720.0
78.0,126.0,86.0,2139.0
78.0,128.0,86.0,580.0
78.0,129.0,86.0,862.0
78.0,133.0,86.0,1016.0
78.0,134.0,86.0,3048.0
78.0,135.0,86.0,3265.0
78.0,141.0,86.0,238.0
78.0,151.0,86.0,86.0
78.0,153.0,86.0,2198.0
78.0,156.0,86.0,828.0
78.0,158.0,86.0,3378.0
78.0,163.0,86.0,147.0
78.0,166.0,86.0,1787.0
78.0,175.0,86.0,661.0
78.0,177.0,86.0,1600.0
78.0,178.0,86.0,930.0
78.0,182.0,86.0,2598.0
78.0,187.0,86.0,81.0
78.0,190.0,86.0,152.0
78.0,191.0,86.0,171.0
78.0,196.0,86.0,3288.0
78.0,197.0,86.0,2578.0
78.0,198.0,86.0,826.0
78.0,200.0,86.0,740.0
78.0,204.0,86.0,3206.0
78.0,211.0,86.0,3416.0
78.0,213.0,86.0,829.0
78.0,217.0,86.0,976.0
78.0,221.0,86.0,165.0
78.0,222.0,86.0,181.0
78.0,223.0,86.0,750.0
78.0,224.0,86.0,2516.0
78.0,225.0,86.0,84.0
78.0,227.0,86.0,1662.0
78.0,228.0,86.0,1230.0
78.0,234.0,86.0,80.0
78.0,236.0,86.0,659.0
78.0,250.0,86.0,1264.0
78.0,263.0,86.0,824.0
78.0,275.0,86.0,989.0
78.0,282.0,86.0,841.0
78.0,317.0,86.0,136.0
78.0,321.0,86.0,241.0
78.0,322.0,86.0,3192.0
78.0,328.0,86.0,2509.0
78.0,329.0,86.0,1078.0
79.0,2.0,2240.0,2613.0
79.0,8.0,2818.0,2874.0
79.0,10.0,2240.0,2716.0
79.0,11.0,2240.0,333.0
79.0,14.0,2239.0,2881.0
79.0,21.0,2240.0,3973.0
79.0,22.0,2818.0,526.0
79.0,28.0,2239.0,2046.0
79.0,29.0,2240.0,62.0
79.0,33.0,3514.0,3807.0
79.0,36.0,2240.0,255.0
79.0,38.0,585.0,3953.0
79.0,41.0,2239.0,2551.0
79.0,44.0,2239.0,85.0
79.0,45.0,2240.0,771.0
79.0,48.0,2239.0,32.0
79.0,50.0,2818.0,1999.0
79.0,61.0,2240.0,970.0
79.0,62.0,2240.0,3425.0
79.0,65.0,2239.0,1445.0
79.0,66.0,3514.0,2180.0
79.0,79.0,2818.0,2239.0
79.0,84.0,2240.0,2269.0
79.0,87.0,2240.0,1446.0
79.0,89.0,2240.0,3903.0
79.0,96.0,585.0,338.0
79.0,106.0,2239.0,3396.0
79.0,109.0,2817.0,2986.0
79.0,114.0,3514.0,2042.0
79.0,116.0,2240.0,1967.0
79.0,122.0,2817.0,3661.0
79.0,127.0,3514.0,2106.0
79.0,132.0,2239.0,3203.0
79.0,134.0,2818.0,471.0
79.0,135.0,2240.0,397.0
79.0,139.0,2240.0,2759.0
79.0,140.0,2818.0,3972.0
79.0,143.0,2240.0,2281.0
79.0,146.0,2239.0,483.0
79.0,149.0,2239.0,2049.0
79.0,150.0,2240.0,2196.0
79.0,152.0,2239.0,484.0
79.0,158.0,2590.0,242.0
79.0,163.0,2240.0,201.0
79.0,165.0,2817.0,254.0
79.0,178.0,585.0,930.0
79.0,186.0,2590.0,567.0
79.0,193.0,2240.0,1764.0
79.0,227.0,2590.0,344.0
79.0,235.0,2817.0,2696.0
79.0,241.0,2239.0,3023.0
79.0,243.0,2240.0,2355.0
79.0,252.0,2590.0,2200.0
79.0,253.0,2240.0,2126.0
79.0,267.0,2239.0,3328.0
79.0,289.0,3514.0,2102.0
79.0,292.0,2240.0,3581.0
79.0,306.0,3514.0,494.0
79.0,307.0,2240.0,248.0
79.0,311.0,2240.0,253.0
79.0,312.0,2590.0,351.0
79.0,313.0,2590.0,252.0
79.0,321.0,2240.0,241.0
79.0,333.0,2590.0,256.0
79.0,336.0,2817.0,255.0
79.0,345.0,2240.0,2197.0
80.0,7.0,1824.0,1118.0
80.0,10.0,1824.0,3280.0
80.0,11.0,1824.0,333.0
80.0,18.0,1824.0,57.0
80.0,21.0,1824.0,2661.0
80.0,23.0,1824.0,305.0
80.0,26.0,1824.0,3470.0
80.0,32.0,1824.0,1824.0
80.0,33.0,1824.0,2951.0
80.0,35.0,1824.0,2254.0
80.0,39.0,1824.0,3029.0
80.0,46.0,1824.0,1482.0
80.0,48.0,1824.0,32.0
80.0,53.0,1824.0,850.0
80.0,54.0,1824.0,2543.0
80.0,55.0,1824.0,3843.0
80.0,58.0,1824.0,3069.0
80.0,59.0,1824.0,1827.0
80.0,60.0,1824.0,1539.0
80.0,61.0,1824.0,970.0
80.0,68.0,1824.0,1642.0
80.0,76.0,1824.0,1383.0
80.0,77.0,1824.0,2966.0
80.0,80.0,1824.0,1824.0
80.0,81.0,1824.0,3801.0
80.0,85.0,1824.0,1586.0
80.0,101.0,1824.0,1660.0
80.0,109.0,1824.0,1393.0
80.0,112.0,1824.0,1717.0
80.0,120.0,1824.0,2422.0
80.0,121.0,1824.0,2966.0
80.0,131.0,1824.0,3955.0
80.0,133.0,1824.0,3092.0
80.0,137.0,1824.0,3680.0
80.0,164.0,1824.0,1715.0
80.0,178.0,1824.0,121.0
80.0,179.0,1824.0,1673.0
80.0,180.0,1824.0,186.0
80.0,188.0,1824.0,2072.0
80.0,195.0,1824.0,3800.0
80.0,200.0,1824.0,1009.0
80.0,204.0,1824.0,2968.0
80.0,212.0,1824.0,354.0
80.0,214.0,1824.0,2876.0
80.0,219.0,1824.0,1695.0
80.0,230.0,1824.0,2964.0
80.0,232.0,1824.0,1374.0
80.0,233.0,1824.0,1573.0
80.0,235.0,1824.0,2688.0
80.0,237.0,1824.0,1674.0
80.0,238.0,1824.0,1608.0
80.0,239.0,1824.0,834.0
80.0,240.0,1824.0,3812.0
80.0,243.0,1824.0,1540.0
80.0,244.0,1824.0,1591.0
80.0,250.0,1824.0,1264.0
80.0,274.0,1824.0,1632.0
80.0,279.0,1824.0,2144.0
80.0,286.0,1824.0,1383.0
80.0,290.0,1824.0,1899.0
80.0,291.0,1824.0,940.0
80.0,298.0,1824.0,1265.0
80.0,300.0,1824.0,1701.0
80.0,302.0,1824.0,1497.0
80.0,303.0,1824.0,1403.0
80.0,309.0,1824.0,1379.0
80.0,318.0,1824.0,3069.0
81.0,2.0,3116.0,3454.0
81.0,4.0,3796.0,314.0
81.0,6.0,987.0,2729.0
81.0,7.0,3683.0,217.0
81.0,9.0,1537.0,2266.0
81.0,10.0,2920.0,932.0
81.0,11.0,20.0,333.0
81.0,13.0,3847.0,161.0
81.0,14.0,1627.0,1313.0
81.0,18.0,3127.0,438.0
81.0,21.0,1534.0,3155.0
81.0,22.0,732.0,3828.0
81.0,23.0,215.0,308.0
81.0,24.0,1536.0,1466.0
81.0,25.0,3116.0,905.0
81.0,26.0,2936.0,3474.0
81.0,28.0,1670.0,2046.0
81.0,29.0,2936.0,3551.0
81.0,30.0,20.0,3966.0
81.0,32.0,1534.0,1824.0
81.0,33.0,1530.0,3128.0
81.0,39.0,387.0,1901.0
81.0,41.0,3683.0,2551.0
81.0,42.0,3359.0,3191.0
81.0,44.0,387.0,56.0
81.0,45.0,3683.0,2459.0
81.0,47.0,948.0,1980.0
81.0,48.0,2148.0,2654.0
81.0,50.0,1530.0,2636.0
81.0,52.0,639.0,1925.0
81.0,53.0,3847.0,853.0
81.0,54.0,732.0,716.0
81.0,55.0,948.0,3843.0
81.0,56.0,1535.0,949.0
81.0,60.0,947.0,1539.0
81.0,61.0,1822.0,1790.0
81.0,62.0,3116.0,3001.0
81.0,64.0,1670.0,2826.0
81.0,65.0,1535.0,1445.0
81.0,66.0,1535.0,591.0
81.0,68.0,3847.0,1054.0
81.0,71.0,3359.0,1722.0
81.0,76.0,1534.0,1377.0
81.0,77.0,1536.0,2961.0
81.0,78.0,1532.0,86.0
81.0,80.0,3794.0,1824.0
81.0,81.0,3802.0,3794.0
81.0,83.0,1533.0,1726.0
81.0,85.0,1534.0,1587.0
81.0,86.0,2148.0,1559.0
81.0,103.0,20.0,239.0
81.0,106.0,1535.0,3396.0
81.0,108.0,3847.0,1720.0
81.0,111.0,2937.0,1471.0
81.0,112.0,1627.0,1717.0
81.0,115.0,639.0,830.0
81.0,117.0,2937.0,137.0
81.0,120.0,2963.0,2.0
81.0,124.0,1537.0,1302.0
81.0,127.0,2936.0,1835.0
81.0,129.0,3683.0,825.0
81.0,130.0,986.0,1767.0
81.0,131.0,1531.0,1691.0
81.0,133.0,986.0,1016.0
81.0,134.0,215.0,471.0
81.0,135.0,986.0,3947.0
81.0,138.0,3683.0,1704.0
81.0,140.0,3683.0,3832.0
81.0,143.0,987.0,2564.0
81.0,148.0,215.0,2824.0
81.0,151.0,1534.0,86.0
81.0,155.0,1533.0,1023.0
81.0,156.0,20.0,828.0
81.0,160.0,215.0,493.0
81.0,164.0,948.0,1715.0
81.0,166.0,215.0,2375.0
81.0,167.0,2937.0,3372.0
81.0,170.0,986.0,1718.0
81.0,175.0,3116.0,702.0
81.0,178.0,3359.0,2868.0
81.0,179.0,1670.0,385.0
81.0,180.0,1627.0,2150.0
81.0,181.0,2963.0,2221.0
81.0,187.0,1531.0,81.0
81.0,188.0,1534.0,3421.0
81.0,190.0,3683.0,151.0
81.0,195.0,987.0,187.0
81.0,198.0,1535.0,826.0
81.0,199.0,3359.0,2167.0
81.0,200.0,2963.0,741.0
81.0,201.0,986.0,1389.0
81.0,204.0,3683.0,1682.0
81.0,211.0,986.0,2061.0
81.0,213.0,2963.0,829.0
81.0,214.0,947.0,2747.0
81.0,216.0,1531.0,1606.0
81.0,218.0,3359.0,148.0
81.0,219.0,1531.0,1695.0
81.0,220.0,1536.0,1702.0
81.0,222.0,3359.0,677.0
81.0,223.0,986.0,752.0
81.0,224.0,3683.0,376.0
81.0,226.0,3116.0,1434.0
81.0,227.0,1670.0,2184.0
81.0,230.0,215.0,1727.0
81.0,232.0,987.0,1374.0
81.0,234.0,3359.0,3058.0
81.0,235.0,1532.0,2694.0
81.0,238.0,3683.0,1504.0
81.0,239.0,948.0,1495.0
81.0,244.0,2148.0,1591.0
81.0,247.0,3795.0,2532.0
81.0,249.0,2148.0,1069.0
81.0,250.0,1536.0,1259.0
81.0,251.0,1535.0,1085.0
81.0,253.0,3796.0,1391.0
81.0,255.0,3359.0,1022.0
81.0,257.0,3359.0,3481.0
81.0,260.0,2148.0,944.0
81.0,261.0,987.0,650.0
81.0,264.0,639.0,173.0
81.0,266.0,1532.0,2337.0
81.0,269.0,1532.0,214.0
81.0,274.0,2936.0,1382.0
81.0,275.0,639.0,82.0
81.0,279.0,2936.0,3084.0
81.0,282.0,987.0,1617.0
81.0,286.0,987.0,1383.0
81.0,290.0,3116.0,1020.0
81.0,291.0,986.0,2931.0
81.0,292.0,3683.0,1594.0
81.0,293.0,732.0,1264.0
81.0,294.0,2148.0,3080.0
81.0,297.0,948.0,1210.0
81.0,298.0,1535.0,3823.0
81.0,300.0,2148.0,1701.0
81.0,301.0,1533.0,175.0
81.0,302.0,986.0,1497.0
81.0,303.0,2148.0,1403.0
81.0,304.0,1536.0,675.0
81.0,316.0,3794.0,1867.0
81.0,321.0,215.0,241.0
81.0,322.0,387.0,3192.0
81.0,324.0,3359.0,1443.0
81.0,325.0,3116.0,1578.0
81.0,326.0,2937.0,3556.0
81.0,328.0,987.0,24.0
81.0,329.0,3802.0,1074.0
81.0,330.0,3116.0,1094.0
81.0,332.0,1531.0,1071.0
81.0,339.0,3116.0,1500.0
81.0,342.0,3801.0,1209.0
82.0,7.0,2577.0,3220.0
82.0,8.0,2577.0,2584.0
82.0,10.0,1979.0,452.0
82.0,14.0,2579.0,877.0
82.0,23.0,2691.0,2720.0
82.0,24.0,596.0,3376.0
82.0,25.0,2577.0,905.0
82.0,31.0,320.0,645.0
82.0,34.0,1979.0,2105.0
82.0,61.0,596.0,3342.0
82.0,66.0,596.0,2138.0
82.0,82.0,595.0,2579.0
82.0,96.0,2579.0,2195.0
82.0,107.0,1979.0,3214.0
82.0,116.0,596.0,1960.0
82.0,117.0,1966.0,137.0
82.0,130.0,596.0,601.0
82.0,136.0,2577.0,1834.0
82.0,143.0,2691.0,393.0
82.0,160.0,596.0,493.0
82.0,166.0,595.0,3678.0
82.0,178.0,596.0,3543.0
82.0,223.0,596.0,2520.0
82.0,234.0,1966.0,145.0
82.0,238.0,596.0,3065.0
82.0,253.0,1966.0,2126.0
82.0,259.0,1978.0,2103.0
82.0,265.0,1978.0,3701.0
82.0,287.0,1979.0,1385.0
82.0,291.0,320.0,2537.0
82.0,292.0,1978.0,3581.0
82.0,296.0,1966.0,2508.0
83.0,14.0,1726.0,1753.0
83.0,21.0,1726.0,3934.0
83.0,23.0,1726.0,3710.0
83.0,32.0,1726.0,1824.0
83.0,39.0,1726.0,3026.0
83.0,45.0,1726.0,2697.0
83.0,59.0,1726.0,1260.0
83.0,60.0,1726.0,1381.0
83.0,61.0,1726.0,3030.0
83.0,75.0,1726.0,974.0
83.0,77.0,1726.0,1725.0
83.0,81.0,1726.0,2148.0
83.0,82.0,1726.0,595.0
83.0,83.0,1726.0,1726.0
83.0,85.0,1726.0,1590.0
83.0,107.0,1726.0,2387.0
83.0,109.0,1726.0,2987.0
83.0,116.0,1726.0,2829.0
83.0,121.0,1726.0,2966.0
83.0,133.0,1726.0,1016.0
83.0,143.0,1726.0,2563.0
83.0,178.0,1726.0,2256.0
83.0,195.0,1726.0,3679.0
83.0,200.0,1726.0,742.0
83.0,201.0,1726.0,1389.0
83.0,214.0,1726.0,127.0
83.0,216.0,1726.0,1606.0
83.0,217.0,1726.0,976.0
83.0,223.0,1726.0,752.0
83.0,229.0,1726.0,2932.0
83.0,230.0,1726.0,2965.0
83.0,244.0,1726.0,1013.0
83.0,249.0,1726.0,1069.0
83.0,258.0,1726.0,2129.0
83.0,260.0,1726.0,943.0
83.0,284.0,1726.0,2932.0
83.0,291.0,1726.0,2537.0
83.0,301.0,1726.0,175.0
83.0,313.0,1726.0,3377.0
83.0,322.0,1726.0,3192.0
84.0,19.0,2269.0,256.0
84.0,22.0,2269.0,2084.0
84.0,28.0,2269.0,3015.0
84.0,61.0,2269.0,1791.0
84.0,71.0,2269.0,2237.0
84.0,84.0,2269.0,2269.0
84.0,87.0,2269.0,1446.0
84.0,91.0,2269.0,2762.0
84.0,95.0,2269.0,3232.0
84.0,99.0,2269.0,234.0
84.0,119.0,2269.0,1923.0
84.0,122.0,2269.0,2009.0
84.0,127.0,2269.0,2107.0
84.0,134.0,2269.0,472.0
84.0,140.0,2269.0,3370.0
84.0,157.0,2269.0,2248.0
84.0,158.0,2269.0,497.0
84.0,165.0,2269.0,254.0
84.0,173.0,2269.0,3975.0
84.0,210.0,2269.0,256.0
84.0,248.0,2269.0,2036.0
84.0,256.0,2269.0,2976.0
84.0,265.0,2269.0,2104.0
84.0,276.0,2269.0,234.0
84.0,277.0,2269.0,2280.0
84.0,280.0,2269.0,2905.0
84.0,299.0,2269.0,3444.0
85.0,4.0,1587.0,282.0
85.0,9.0,1587.0,1363.0
85.0,10.0,3532.0,3280.0
85.0,14.0,3038.0,1748.0
85.0,21.0,3027.0,2098.0
85.0,31.0,3027.0,3820.0
85.0,33.0,1586.0,1646.0
85.0,34.0,1587.0,2105.0
85.0,38.0,1586.0,2210.0
85.0,39.0,1586.0,3029.0
85.0,42.0,1589.0,920.0
85.0,45.0,1654.0,2003.0
85.0,48.0,1589.0,2597.0
85.0,53.0,1587.0,849.0
85.0,56.0,1373.0,1026.0
85.0,57.0,1586.0,2211.0
85.0,58.0,1587.0,3069.0
85.0,59.0,3038.0,1827.0
85.0,61.0,1654.0,3365.0
85.0,62.0,1586.0,3145.0
85.0,66.0,1373.0,2984.0
85.0,76.0,1589.0,1383.0
85.0,77.0,1373.0,2960.0
85.0,80.0,3027.0,1824.0
85.0,81.0,3027.0,387.0
85.0,83.0,1586.0,1726.0
85.0,85.0,3532.0,3038.0
85.0,108.0,1654.0,1720.0
85.0,112.0,3532.0,1717.0
85.0,120.0,1373.0,1316.0
85.0,121.0,1588.0,2966.0
85.0,124.0,1590.0,1303.0
85.0,127.0,1589.0,2111.0
85.0,131.0,1587.0,1384.0
85.0,133.0,1590.0,1386.0
85.0,159.0,1590.0,1621.0
85.0,164.0,1586.0,3158.0
85.0,174.0,3532.0,1905.0
85.0,178.0,1589.0,2531.0
85.0,180.0,1654.0,2150.0
85.0,184.0,1586.0,194.0
85.0,188.0,1654.0,1545.0
85.0,195.0,1588.0,187.0
85.0,200.0,1586.0,3447.0
85.0,201.0,1590.0,1389.0
85.0,205.0,3038.0,2076.0
85.0,207.0,3027.0,1257.0
85.0,214.0,1588.0,1300.0
85.0,222.0,3532.0,181.0
85.0,223.0,1654.0,3874.0
85.0,230.0,1587.0,3886.0
85.0,240.0,1587.0,3810.0
85.0,241.0,1654.0,2560.0
85.0,244.0,1654.0,3037.0
85.0,245.0,1590.0,2206.0
85.0,250.0,3027.0,1259.0
85.0,253.0,1587.0,2126.0
85.0,257.0,1590.0,3479.0
85.0,259.0,1373.0,2103.0
85.0,260.0,1589.0,944.0
85.0,261.0,1373.0,1434.0
85.0,266.0,1587.0,2337.0
85.0,273.0,3027.0,48.0
85.0,274.0,3038.0,1636.0
85.0,290.0,3027.0,1661.0
85.0,298.0,1589.0,1620.0
85.0,304.0,3038.0,675.0
85.0,309.0,1654.0,1379.0
85.0,322.0,1586.0,3192.0
86.0,2.0,1559.0,3455.0
86.0,3.0,1559.0,2443.0
86.0,6.0,1559.0,2619.0
86.0,7.0,1559.0,1117.0
86.0,10.0,1559.0,3152.0
86.0,13.0,1559.0,1613.0
86.0,18.0,1559.0,84.0
86.0,21.0,1559.0,3576.0
86.0,29.0,1559.0,3272.0
86.0,37.0,1559.0,403.0
86.0,45.0,1559.0,3916.0
86.0,49.0,1559.0,177.0
86.0,53.0,1559.0,179.0
86.0,55.0,1559.0,3845.0
86.0,72.0,1559.0,2549.0
86.0,78.0,1559.0,86.0
86.0,81.0,1559.0,215.0
86.0,86.0,1559.0,1559.0
86.0,89.0,1559.0,3903.0
86.0,90.0,1559.0,2051.0
86.0,115.0,1559.0,83.0
86.0,117.0,1559.0,137.0
86.0,122.0,1559.0,2009.0
86.0,135.0,1559.0,3947.0
86.0,137.0,1559.0,2928.0
86.0,156.0,1559.0,828.0
86.0,158.0,1559.0,240.0
86.0,163.0,1559.0,2077.0
86.0,171.0,1559.0,1543.0
86.0,178.0,1559.0,3516.0
86.0,182.0,1559.0,2598.0
86.0,183.0,1559.0,150.0
86.0,185.0,1559.0,1543.0
86.0,189.0,1559.0,467.0
86.0,190.0,1559.0,2721.0
86.0,191.0,1559.0,137.0
86.0,195.0,1559.0,187.0
86.0,197.0,1559.0,347.0
86.0,200.0,1559.0,747.0
86.0,213.0,1559.0,829.0
86.0,217.0,1559.0,976.0
86.0,222.0,1559.0,677.0
86.0,224.0,1559.0,2516.0
86.0,225.0,1559.0,84.0
86.0,234.0,1559.0,145.0
86.0,248.0,1559.0,2036.0
86.0,264.0,1559.0,1065.0
86.0,275.0,1559.0,2783.0
86.0,328.0,1559.0,3292.0
86.0,329.0,1559.0,422.0
87.0,2.0,3074.0,2743.0
87.0,11.0,1446.0,333.0
87.0,14.0,1446.0,1250.0
87.0,15.0,1446.0,2030.0
87.0,17.0,1445.0,551.0
87.0,18.0,1447.0,31.0
87.0,21.0,3074.0,2709.0
87.0,22.0,1446.0,2089.0
87.0,23.0,1446.0,3536.0
87.0,26.0,3074.0,1085.0
87.0,28.0,1446.0,2046.0
87.0,29.0,3074.0,3274.0
87.0,34.0,1446.0,2105.0
87.0,38.0,1446.0,2212.0
87.0,40.0,1446.0,1677.0
87.0,43.0,3074.0,686.0
87.0,45.0,1446.0,2411.0
87.0,61.0,1446.0,624.0
87.0,65.0,3587.0,1445.0
87.0,71.0,1446.0,1405.0
87.0,79.0,1446.0,2817.0
87.0,84.0,3074.0,2269.0
87.0,87.0,3068.0,1446.0
87.0,91.0,1446.0,3284.0
87.0,95.0,3067.0,3228.0
87.0,96.0,1446.0,339.0
87.0,104.0,1447.0,1448.0
87.0,105.0,1446.0,2035.0
87.0,106.0,3067.0,241.0
87.0,110.0,2693.0,2877.0
87.0,113.0,1446.0,2692.0
87.0,114.0,1446.0,3853.0
87.0,116.0,1446.0,597.0
87.0,118.0,1446.0,352.0
87.0,119.0,1447.0,1923.0
87.0,122.0,1447.0,2954.0
87.0,125.0,1446.0,720.0
87.0,134.0,1445.0,471.0
87.0,136.0,3074.0,1401.0
87.0,139.0,1446.0,3825.0
87.0,140.0,1446.0,2758.0
87.0,142.0,1446.0,685.0
87.0,144.0,3074.0,541.0
87.0,150.0,1446.0,2196.0
87.0,153.0,1446.0,2769.0
87.0,160.0,3074.0,2582.0
87.0,162.0,1446.0,353.0
87.0,176.0,1447.0,508.0
87.0,178.0,3074.0,2487.0
87.0,186.0,1447.0,2136.0
87.0,197.0,1446.0,348.0
87.0,199.0,3068.0,1409.0
87.0,200.0,1446.0,3872.0
87.0,234.0,1446.0,3058.0
87.0,235.0,1446.0,564.0
87.0,243.0,1446.0,2352.0
87.0,253.0,1446.0,1391.0
87.0,257.0,1446.0,3481.0
87.0,259.0,1446.0,2112.0
87.0,267.0,3586.0,3328.0
87.0,271.0,1445.0,340.0
87.0,277.0,1446.0,2279.0
87.0,283.0,1446.0,541.0
87.0,296.0,3074.0,2182.0
87.0,299.0,3068.0,2047.0
87.0,300.0,3074.0,1701.0
87.0,303.0,1447.0,1403.0
87.0,306.0,3074.0,1449.0
87.0,307.0,1446.0,248.0
87.0,311.0,1447.0,253.0
87.0,312.0,1446.0,351.0
87.0,313.0,3586.0,3103.0
87.0,321.0,3074.0,241.0
87.0,331.0,3074.0,578.0
87.0,333.0,1446.0,256.0
87.0,345.0,3074.0,2197.0
88.0,1.0,688.0,1997.0
88.0,5.0,688.0,2011.0
88.0,7.0,688.0,3357.0
88.0,9.0,688.0,2125.0
88.0,11.0,688.0,333.0
88.0,12.0,688.0,3392.0
88.0,13.0,688.0,2173.0
88.0,14.0,688.0,2885.0
88.0,15.0,688.0,2957.0
88.0,18.0,688.0,443.0
88.0,21.0,688.0,890.0
88.0,23.0,688.0,3537.0
88.0,26.0,688.0,1606.0
88.0,27.0,688.0,3660.0
88.0,30.0,688.0,3966.0
88.0,41.0,688.0,2551.0
88.0,44.0,688.0,3593.0
88.0,45.0,688.0,2459.0
88.0,46.0,688.0,1511.0
88.0,50.0,688.0,2000.0
88.0,51.0,688.0,2580.0
88.0,53.0,688.0,850.0
88.0,54.0,688.0,3949.0
88.0,56.0,688.0,949.0
88.0,64.0,688.0,2826.0
88.0,68.0,688.0,346.0
88.0,69.0,688.0,213.0
88.0,70.0,688.0,1705.0
88.0,72.0,688.0,1028.0
88.0,78.0,688.0,86.0
88.0,81.0,688.0,3796.0
88.0,86.0,688.0,1559.0
88.0,88.0,688.0,688.0
88.0,89.0,688.0,3903.0
88.0,90.0,688.0,1416.0
88.0,91.0,688.0,3283.0
88.0,103.0,688.0,2468.0
88.0,110.0,688.0,2877.0
88.0,115.0,688.0,830.0
88.0,117.0,688.0,137.0
88.0,122.0,688.0,2009.0
88.0,125.0,688.0,720.0
88.0,137.0,688.0,3680.0
88.0,142.0,688.0,685.0
88.0,147.0,688.0,87.0
88.0,167.0,688.0,3372.0
88.0,168.0,688.0,2464.0
88.0,169.0,688.0,662.0
88.0,171.0,688.0,1543.0
88.0,178.0,688.0,3669.0
88.0,185.0,688.0,703.0
88.0,187.0,688.0,81.0
88.0,190.0,688.0,151.0
88.0,197.0,688.0,334.0
88.0,198.0,688.0,826.0
88.0,205.0,688.0,3014.0
88.0,210.0,688.0,256.0
88.0,215.0,688.0,149.0
88.0,216.0,688.0,1606.0
88.0,217.0,688.0,976.0
88.0,218.0,688.0,148.0
88.0,221.0,688.0,165.0
88.0,223.0,688.0,725.0
88.0,227.0,688.0,2184.0
88.0,234.0,688.0,145.0
88.0,235.0,688.0,2694.0
88.0,237.0,688.0,1674.0
88.0,243.0,688.0,1540.0
88.0,248.0,688.0,692.0
88.0,250.0,688.0,1264.0
88.0,263.0,688.0,824.0
88.0,275.0,688.0,55.0
88.0,279.0,688.0,212.0
88.0,287.0,688.0,1385.0
88.0,317.0,688.0,136.0
88.0,328.0,688.0,1051.0
88.0,329.0,688.0,417.0
88.0,332.0,688.0,1070.0
89.0,2.0,3903.0,3454.0
89.0,6.0,3903.0,3198.0
89.0,7.0,3903.0,3110.0
89.0,11.0,3903.0,333.0
89.0,12.0,3903.0,635.0
89.0,13.0,3903.0,705.0
89.0,14.0,3903.0,1167.0
89.0,15.0,3903.0,3846.0
89.0,16.0,3903.0,2878.0
89.0,18.0,3903.0,438.0
89.0,19.0,3903.0,256.0
89.0,20.0,3903.0,1895.0
89.0,21.0,3903.0,3663.0
89.0,23.0,3903.0,865.0
89.0,24.0,3903.0,2998.0
89.0,28.0,3903.0,2046.0
89.0,29.0,3903.0,2412.0
89.0,30.0,3903.0,3966.0
89.0,41.0,3903.0,2551.0
89.0,43.0,3903.0,686.0
89.0,44.0,3903.0,56.0
89.0,45.0,3903.0,100.0
89.0,46.0,3903.0,1480.0
89.0,47.0,3903.0,1956.0
89.0,48.0,3903.0,809.0
89.0,49.0,3903.0,3117.0
89.0,50.0,3903.0,89.0
89.0,54.0,3903.0,3949.0
89.0,55.0,3903.0,3184.0
89.0,56.0,3903.0,2925.0
89.0,61.0,3903.0,2793.0
89.0,62.0,3903.0,3386.0
89.0,64.0,3903.0,2826.0
89.0,68.0,3903.0,594.0
89.0,69.0,3903.0,213.0
89.0,70.0,3903.0,2193.0
89.0,72.0,3903.0,35.0
89.0,73.0,3903.0,1665.0
89.0,75.0,3903.0,974.0
89.0,78.0,3903.0,86.0
89.0,81.0,3903.0,987.0
89.0,88.0,3903.0,688.0
89.0,89.0,3903.0,3903.0
89.0,98.0,3903.0,1419.0
89.0,101.0,3903.0,372.0
89.0,102.0,3903.0,3306.0
89.0,103.0,3903.0,239.0
89.0,110.0,3903.0,2877.0
89.0,112.0,3903.0,1717.0
89.0,114.0,3903.0,2042.0
89.0,115.0,3903.0,83.0
89.0,116.0,3903.0,2829.0
89.0,117.0,3903.0,137.0
89.0,122.0,3903.0,235.0
89.0,124.0,3903.0,1303.0
89.0,125.0,3903.0,720.0
89.0,135.0,3903.0,3947.0
89.0,136.0,3903.0,1401.0
89.0,137.0,3903.0,3680.0
89.0,141.0,3903.0,237.0
89.0,143.0,3903.0,2563.0
89.0,147.0,3903.0,87.0
89.0,151.0,3903.0,86.0
89.0,157.0,3903.0,2248.0
89.0,161.0,3903.0,1404.0
89.0,163.0,3903.0,147.0
89.0,166.0,3903.0,3718.0
89.0,168.0,3903.0,2464.0
89.0,171.0,3903.0,1543.0
89.0,173.0,3903.0,3975.0
89.0,178.0,3903.0,2993.0
89.0,185.0,3903.0,1543.0
89.0,186.0,3903.0,567.0
89.0,187.0,3903.0,81.0
89.0,192.0,3903.0,2288.0
89.0,196.0,3903.0,2416.0
89.0,198.0,3903.0,826.0
89.0,204.0,3903.0,1690.0
89.0,213.0,3903.0,829.0
89.0,215.0,3903.0,149.0
89.0,221.0,3903.0,167.0
89.0,223.0,3903.0,3457.0
89.0,224.0,3903.0,376.0
89.0,225.0,3903.0,84.0
89.0,226.0,3903.0,1434.0
89.0,227.0,3903.0,1662.0
89.0,233.0,3903.0,1602.0
89.0,240.0,3903.0,3040.0
89.0,244.0,3903.0,3808.0
89.0,249.0,3903.0,1069.0
89.0,254.0,3903.0,2978.0
89.0,275.0,3903.0,989.0
89.0,282.0,3903.0,841.0
89.0,291.0,3903.0,2537.0
89.0,292.0,3903.0,808.0
89.0,300.0,3903.0,1701.0
89.0,335.0,3903.0,341.0
90.0,1.0,1412.0,704.0
90.0,2.0,2052.0,2041.0
90.0,4.0,1412.0,1198.0
90.0,7.0,1413.0,195.0
90.0,11.0,2052.0,333.0
90.0,15.0,1416.0,2028.0
90.0,16.0,1412.0,3239.0
90.0,18.0,1412.0,84.0
90.0,20.0,1412.0,1895.0
90.0,28.0,1412.0,3015.0
90.0,30.0,2719.0,3966.0
90.0,33.0,2719.0,2950.0
90.0,36.0,1416.0,255.0
90.0,41.0,1418.0,356.0
90.0,43.0,2052.0,686.0
90.0,44.0,2051.0,3592.0
90.0,46.0,1416.0,714.0
90.0,47.0,2051.0,1984.0
90.0,53.0,1412.0,854.0
90.0,55.0,1418.0,3845.0
90.0,62.0,1416.0,2643.0
90.0,73.0,1412.0,336.0
90.0,78.0,1418.0,86.0
90.0,89.0,2052.0,3903.0
90.0,90.0,1416.0,1418.0
90.0,91.0,2052.0,3282.0
90.0,95.0,1412.0,3235.0
90.0,96.0,1412.0,2197.0
90.0,98.0,2051.0,1419.0
90.0,102.0,1416.0,3306.0
90.0,103.0,1413.0,2468.0
90.0,114.0,1413.0,2045.0
90.0,115.0,2719.0,830.0
90.0,122.0,1413.0,2032.0
90.0,132.0,2719.0,1481.0
90.0,134.0,1418.0,473.0
90.0,146.0,1418.0,255.0
90.0,149.0,2051.0,2049.0
90.0,154.0,1418.0,1640.0
90.0,167.0,2051.0,2074.0
90.0,176.0,2051.0,2595.0
90.0,182.0,1412.0,2598.0
90.0,200.0,2052.0,735.0
90.0,205.0,2052.0,2718.0
90.0,209.0,2051.0,2134.0
90.0,213.0,1412.0,829.0
90.0,254.0,2052.0,2978.0
90.0,271.0,2051.0,340.0
90.0,273.0,1416.0,48.0
90.0,276.0,1412.0,2944.0
90.0,289.0,1416.0,2102.0
90.0,295.0,2051.0,1419.0
90.0,299.0,2051.0,3444.0
90.0,314.0,2051.0,2049.0
91.0,2.0,1668.0,979.0
91.0,3.0,1668.0,2443.0
91.0,5.0,3283.0,54.0
91.0,6.0,3283.0,2620.0
91.0,7.0,3283.0,3141.0
91.0,9.0,3282.0,1093.0
91.0,10.0,3281.0,2095.0
91.0,11.0,1668.0,333.0
91.0,12.0,3283.0,635.0
91.0,14.0,1668.0,1175.0
91.0,15.0,3281.0,3242.0
91.0,18.0,3282.0,2444.0
91.0,20.0,3282.0,2118.0
91.0,21.0,1668.0,3663.0
91.0,24.0,3282.0,3375.0
91.0,26.0,3283.0,3470.0
91.0,27.0,3281.0,3660.0
91.0,28.0,3284.0,2046.0
91.0,29.0,3281.0,141.0
91.0,36.0,3283.0,255.0
91.0,37.0,1668.0,715.0
91.0,41.0,3283.0,36.0
91.0,46.0,3282.0,1482.0
91.0,48.0,1668.0,820.0
91.0,49.0,3281.0,177.0
91.0,51.0,3282.0,2580.0
91.0,53.0,3283.0,853.0
91.0,54.0,3284.0,3222.0
91.0,55.0,3282.0,690.0
91.0,56.0,2762.0,949.0
91.0,60.0,3283.0,1381.0
91.0,61.0,3281.0,625.0
91.0,62.0,2762.0,1036.0
91.0,67.0,3283.0,375.0
91.0,72.0,3281.0,26.0
91.0,73.0,3283.0,3021.0
91.0,81.0,2762.0,2148.0
91.0,84.0,1668.0,2269.0
91.0,87.0,1668.0,3074.0
91.0,89.0,1668.0,3903.0
91.0,90.0,3281.0,1418.0
91.0,91.0,3283.0,3282.0
91.0,93.0,3281.0,3632.0
91.0,95.0,3283.0,3405.0
91.0,99.0,3281.0,234.0
91.0,102.0,3281.0,3306.0
91.0,110.0,3282.0,2877.0
91.0,111.0,1668.0,1507.0
91.0,114.0,3281.0,2891.0
91.0,115.0,3281.0,3840.0
91.0,119.0,2762.0,233.0
91.0,122.0,1668.0,2009.0
91.0,125.0,1668.0,720.0
91.0,128.0,3282.0,2023.0
91.0,129.0,3283.0,862.0
91.0,132.0,1668.0,2593.0
91.0,134.0,3281.0,477.0
91.0,141.0,2762.0,238.0
91.0,142.0,3282.0,685.0
91.0,146.0,1668.0,255.0
91.0,149.0,3283.0,2049.0
91.0,154.0,2762.0,1640.0
91.0,158.0,1668.0,240.0
91.0,163.0,3281.0,345.0
91.0,167.0,2762.0,50.0
91.0,171.0,3284.0,1543.0
91.0,175.0,1668.0,702.0
91.0,178.0,3281.0,1295.0
91.0,179.0,2762.0,385.0
91.0,185.0,3284.0,1543.0
91.0,186.0,3281.0,2136.0
91.0,189.0,3283.0,1897.0
91.0,196.0,2762.0,2289.0
91.0,197.0,3282.0,2578.0
91.0,205.0,2762.0,2718.0
91.0,209.0,1668.0,2134.0
91.0,215.0,3284.0,149.0
91.0,225.0,2762.0,84.0
91.0,232.0,1668.0,1374.0
91.0,248.0,2762.0,2036.0
91.0,253.0,2762.0,2126.0
91.0,256.0,2762.0,2976.0
91.0,273.0,3284.0,48.0
91.0,275.0,1668.0,317.0
91.0,276.0,1668.0,3855.0
91.0,280.0,3282.0,481.0
91.0,293.0,1668.0,1264.0
91.0,295.0,3281.0,1419.0
91.0,314.0,3284.0,2026.0
91.0,331.0,1668.0,578.0
91.0,341.0,3283.0,3951.0
92.0,14.0,1669.0,1160.0
92.0,28.0,1669.0,2046.0
92.0,48.0,461.0,812.0
92.0,84.0,1669.0,2269.0
92.0,91.0,2048.0,2762.0
92.0,92.0,3002.0,461.0
92.0,110.0,2048.0,2877.0
92.0,113.0,462.0,565.0
92.0,114.0,462.0,2045.0
92.0,119.0,3003.0,233.0
92.0,149.0,3020.0,2049.0
92.0,199.0,2048.0,1409.0
92.0,299.0,461.0,2047.0
93.0,2.0,2943.0,2744.0
93.0,5.0,2921.0,54.0
93.0,10.0,3632.0,2638.0
93.0,14.0,2943.0,1206.0
93.0,15.0,2940.0,2027.0
93.0,20.0,463.0,1935.0
93.0,28.0,2942.0,2046.0
93.0,29.0,2941.0,370.0
93.0,37.0,2941.0,715.0
93.0,41.0,463.0,331.0
93.0,44.0,2940.0,3593.0
93.0,49.0,463.0,177.0
93.0,50.0,2940.0,1999.0
93.0,54.0,463.0,716.0
93.0,61.0,2941.0,1328.0
93.0,62.0,2921.0,3385.0
93.0,74.0,2940.0,2038.0
93.0,78.0,2940.0,86.0
93.0,90.0,463.0,2051.0
93.0,91.0,463.0,2762.0
93.0,93.0,2921.0,2921.0
93.0,95.0,2942.0,3227.0
93.0,99.0,463.0,234.0
93.0,110.0,2942.0,2877.0
93.0,114.0,463.0,1414.0
93.0,117.0,2943.0,137.0
93.0,119.0,2943.0,1923.0
93.0,122.0,2942.0,235.0
93.0,125.0,3632.0,720.0
93.0,128.0,2941.0,2018.0
93.0,134.0,463.0,476.0
93.0,141.0,2941.0,238.0
93.0,165.0,2942.0,254.0
93.0,167.0,2941.0,3372.0
93.0,173.0,463.0,1924.0
93.0,178.0,2941.0,1291.0
93.0,185.0,2942.0,703.0
93.0,189.0,2940.0,1918.0
93.0,196.0,2942.0,3288.0
93.0,203.0,2940.0,1444.0
93.0,205.0,2943.0,2717.0
93.0,206.0,3632.0,1892.0
93.0,218.0,2940.0,148.0
93.0,236.0,463.0,1916.0
93.0,248.0,2940.0,2036.0
93.0,253.0,2943.0,2126.0
93.0,254.0,2921.0,2976.0
93.0,256.0,3632.0,2976.0
93.0,273.0,463.0,48.0
93.0,276.0,2941.0,466.0
93.0,278.0,2940.0,1896.0
93.0,299.0,463.0,2047.0
93.0,310.0,2941.0,693.0
93.0,341.0,2940.0,1891.0
94.0,1.0,646.0,704.0
94.0,3.0,646.0,2443.0
94.0,6.0,646.0,3408.0
94.0,7.0,646.0,3139.0
94.0,14.0,646.0,1755.0
94.0,19.0,648.0,256.0
94.0,31.0,648.0,1825.0
94.0,42.0,648.0,887.0
94.0,45.0,648.0,100.0
94.0,47.0,646.0,2617.0
94.0,48.0,646.0,3707.0
94.0,51.0,646.0,2580.0
94.0,53.0,646.0,2451.0
94.0,59.0,648.0,1260.0
94.0,61.0,646.0,3343.0
94.0,62.0,648.0,77.0
94.0,68.0,646.0,1641.0
94.0,71.0,646.0,1721.0
94.0,81.0,648.0,3801.0
94.0,83.0,648.0,1726.0
94.0,94.0,648.0,648.0
94.0,107.0,646.0,3214.0
94.0,109.0,648.0,2230.0
94.0,121.0,646.0,2966.0
94.0,137.0,646.0,2928.0
94.0,149.0,648.0,2049.0
94.0,154.0,646.0,1640.0
94.0,159.0,648.0,1621.0
94.0,166.0,646.0,628.0
94.0,172.0,648.0,1888.0
94.0,176.0,648.0,576.0
94.0,178.0,646.0,99.0
94.0,180.0,648.0,2150.0
94.0,196.0,648.0,436.0
94.0,197.0,646.0,2578.0
94.0,207.0,648.0,1024.0
94.0,214.0,648.0,1304.0
94.0,217.0,648.0,976.0
94.0,223.0,648.0,783.0
94.0,224.0,648.0,376.0
94.0,226.0,648.0,1434.0
94.0,228.0,648.0,1221.0
94.0,247.0,648.0,729.0
94.0,250.0,646.0,1264.0
94.0,260.0,648.0,642.0
94.0,261.0,646.0,650.0
94.0,266.0,646.0,2334.0
94.0,274.0,646.0,1382.0
94.0,277.0,646.0,2279.0
94.0,285.0,646.0,1387.0
94.0,287.0,646.0,1385.0
94.0,293.0,646.0,1264.0
94.0,297.0,646.0,1210.0
94.0,298.0,648.0,2981.0
94.0,311.0,648.0,253.0
94.0,328.0,648.0,3292.0
95.0,1.0,1513.0,159.0
95.0,2.0,3233.0,2613.0
95.0,3.0,47.0,2443.0
95.0,5.0,3404.0,54.0
95.0,7.0,46.0,216.0
95.0,8.0,3235.0,2871.0
95.0,10.0,3236.0,2002.0
95.0,11.0,3245.0,333.0
95.0,12.0,47.0,635.0
95.0,13.0,46.0,2948.0
95.0,14.0,3227.0,1742.0
95.0,15.0,3404.0,712.0
95.0,16.0,3404.0,2878.0
95.0,18.0,3232.0,438.0
95.0,19.0,3237.0,256.0
95.0,20.0,3228.0,1467.0
95.0,23.0,3237.0,3159.0
95.0,24.0,47.0,128.0
95.0,27.0,3404.0,713.0
95.0,28.0,3233.0,2046.0
95.0,30.0,3227.0,3966.0
95.0,36.0,3405.0,255.0
95.0,37.0,3231.0,403.0
95.0,41.0,3404.0,2551.0
95.0,43.0,3405.0,682.0
95.0,44.0,1510.0,3593.0
95.0,45.0,1513.0,771.0
95.0,46.0,2778.0,1487.0
95.0,48.0,3405.0,818.0
95.0,50.0,1513.0,2000.0
95.0,51.0,1513.0,2580.0
95.0,54.0,1508.0,2550.0
95.0,55.0,3229.0,690.0
95.0,56.0,1513.0,3573.0
95.0,61.0,3260.0,622.0
95.0,62.0,3231.0,3652.0
95.0,67.0,3245.0,1420.0
95.0,68.0,3245.0,440.0
95.0,71.0,3245.0,3625.0
95.0,72.0,3405.0,321.0
95.0,73.0,3228.0,401.0
95.0,74.0,3228.0,45.0
95.0,78.0,3405.0,86.0
95.0,81.0,3233.0,2937.0
95.0,89.0,3404.0,3903.0
95.0,93.0,3231.0,2943.0
95.0,95.0,3223.0,3223.0
95.0,96.0,2778.0,339.0
95.0,98.0,3229.0,1419.0
95.0,99.0,3237.0,234.0
95.0,101.0,2778.0,1660.0
95.0,102.0,3405.0,3306.0
95.0,103.0,1508.0,2468.0
95.0,106.0,3405.0,241.0
95.0,107.0,3236.0,2553.0
95.0,110.0,3234.0,2877.0
95.0,114.0,3404.0,1414.0
95.0,115.0,3231.0,83.0
95.0,119.0,3227.0,1923.0
95.0,122.0,3227.0,2009.0
95.0,123.0,3405.0,682.0
95.0,125.0,3229.0,720.0
95.0,128.0,3234.0,2014.0
95.0,132.0,3229.0,3243.0
95.0,133.0,46.0,1015.0
95.0,134.0,1514.0,3054.0
95.0,135.0,2007.0,3947.0
95.0,136.0,3260.0,536.0
95.0,139.0,3404.0,531.0
95.0,143.0,3237.0,2281.0
95.0,147.0,3238.0,337.0
95.0,149.0,1510.0,2049.0
95.0,151.0,3228.0,86.0
95.0,152.0,2025.0,2177.0
95.0,153.0,3236.0,3221.0
95.0,154.0,3228.0,3580.0
95.0,160.0,1510.0,3112.0
95.0,163.0,1513.0,398.0
95.0,167.0,3237.0,3373.0
95.0,168.0,3228.0,1707.0
95.0,172.0,3227.0,1737.0
95.0,175.0,1514.0,702.0
95.0,178.0,3231.0,3528.0
95.0,182.0,3237.0,2598.0
95.0,187.0,2778.0,81.0
95.0,188.0,3228.0,2233.0
95.0,189.0,3404.0,1918.0
95.0,191.0,3233.0,432.0
95.0,196.0,2025.0,322.0
95.0,197.0,3405.0,350.0
95.0,198.0,3404.0,826.0
95.0,200.0,3232.0,738.0
95.0,205.0,3260.0,3014.0
95.0,209.0,3231.0,2134.0
95.0,210.0,47.0,256.0
95.0,214.0,3229.0,3735.0
95.0,223.0,47.0,3574.0
95.0,224.0,3260.0,377.0
95.0,225.0,46.0,84.0
95.0,227.0,1514.0,88.0
95.0,236.0,3236.0,659.0
95.0,241.0,1512.0,2548.0
95.0,243.0,3235.0,260.0
95.0,248.0,3237.0,3659.0
95.0,254.0,1510.0,2977.0
95.0,256.0,3236.0,2976.0
95.0,257.0,3227.0,3482.0
95.0,261.0,3404.0,650.0
95.0,263.0,3405.0,824.0
95.0,267.0,3236.0,3328.0
95.0,273.0,3245.0,48.0
95.0,275.0,3235.0,317.0
95.0,278.0,3237.0,1896.0
95.0,281.0,3227.0,3391.0
95.0,285.0,3227.0,1387.0
95.0,295.0,3236.0,1419.0
95.0,305.0,3236.0,2359.0
95.0,308.0,3232.0,542.0
95.0,310.0,3234.0,710.0
95.0,314.0,1513.0,1417.0
95.0,317.0,3234.0,136.0
95.0,323.0,3405.0,3507.0
95.0,328.0,2778.0,3293.0
95.0,334.0,1514.0,149.0
95.0,336.0,3260.0,255.0
96.0,2.0,339.0,2743.0
96.0,8.0,2195.0,192.0
96.0,10.0,339.0,3880.0
96.0,11.0,339.0,333.0
96.0,12.0,339.0,3392.0
96.0,14.0,2197.0,1269.0
96.0,17.0,339.0,2312.0
96.0,19.0,339.0,256.0
96.0,22.0,339.0,530.0
96.0,23.0,338.0,722.0
96.0,44.0,338.0,85.0
96.0,46.0,2197.0,1487.0
96.0,48.0,338.0,815.0
96.0,54.0,2195.0,394.0
96.0,55.0,2195.0,3843.0
96.0,61.0,339.0,2706.0
96.0,65.0,2197.0,1445.0
96.0,66.0,339.0,2990.0
96.0,79.0,338.0,2818.0
96.0,82.0,338.0,2691.0
96.0,87.0,339.0,1446.0
96.0,90.0,339.0,2051.0
96.0,96.0,339.0,2195.0
96.0,100.0,339.0,2081.0
96.0,105.0,2195.0,2035.0
96.0,109.0,338.0,2985.0
96.0,113.0,338.0,1450.0
96.0,114.0,338.0,2045.0
96.0,118.0,339.0,352.0
96.0,119.0,338.0,2141.0
96.0,127.0,338.0,2106.0
96.0,134.0,339.0,3052.0
96.0,136.0,2197.0,1402.0
96.0,139.0,338.0,2754.0
96.0,140.0,339.0,3531.0
96.0,143.0,339.0,2563.0
96.0,146.0,338.0,255.0
96.0,150.0,2195.0,2196.0
96.0,160.0,338.0,493.0
96.0,165.0,338.0,254.0
96.0,172.0,339.0,1887.0
96.0,178.0,2197.0,1294.0
96.0,199.0,2197.0,2167.0
96.0,210.0,339.0,256.0
96.0,234.0,338.0,145.0
96.0,243.0,339.0,2353.0
96.0,244.0,338.0,3037.0
96.0,252.0,339.0,259.0
96.0,257.0,2197.0,2771.0
96.0,263.0,339.0,824.0
96.0,267.0,338.0,3328.0
96.0,268.0,339.0,510.0
96.0,271.0,339.0,340.0
96.0,277.0,338.0,2280.0
96.0,289.0,339.0,2102.0
96.0,299.0,2195.0,3444.0
96.0,303.0,339.0,1403.0
96.0,306.0,339.0,1449.0
96.0,311.0,2197.0,253.0
96.0,313.0,2197.0,2815.0
96.0,321.0,339.0,241.0
96.0,332.0,339.0,1071.0
96.0,333.0,339.0,256.0
96.0,341.0,339.0,1891.0
96.0,345.0,338.0,2197.0
97.0,1.0,236.0,2832.0
97.0,11.0,236.0,333.0
97.0,12.0,2443.0,635.0
97.0,13.0,2443.0,2946.0
97.0,15.0,3594.0,2028.0
97.0,18.0,3594.0,439.0
97.0,23.0,3594.0,3132.0
97.0,24.0,2443.0,2999.0
97.0,27.0,236.0,2463.0
97.0,43.0,3594.0,682.0
97.0,44.0,3594.0,56.0
97.0,45.0,2443.0,2004.0
97.0,48.0,236.0,29.0
97.0,61.0,236.0,939.0
97.0,62.0,236.0,1593.0
97.0,68.0,2443.0,440.0
97.0,70.0,3594.0,146.0
97.0,72.0,3594.0,3842.0
97.0,77.0,3594.0,2960.0
97.0,78.0,2443.0,86.0
97.0,95.0,2443.0,3404.0
97.0,97.0,2443.0,236.0
97.0,103.0,3594.0,239.0
97.0,113.0,3594.0,1450.0
97.0,121.0,236.0,2966.0
97.0,122.0,3594.0,2009.0
97.0,128.0,2443.0,2016.0
97.0,140.0,236.0,3531.0
97.0,141.0,2443.0,237.0
97.0,142.0,3594.0,685.0
97.0,164.0,3594.0,680.0
97.0,168.0,236.0,1707.0
97.0,178.0,3594.0,2482.0
97.0,183.0,2443.0,1585.0
97.0,190.0,236.0,3974.0
97.0,196.0,2443.0,2409.0
97.0,197.0,3594.0,329.0
97.0,227.0,2443.0,88.0
97.0,238.0,3594.0,1468.0
97.0,243.0,2443.0,3175.0
97.0,248.0,236.0,711.0
97.0,262.0,236.0,2372.0
97.0,273.0,2443.0,48.0
97.0,292.0,2443.0,3581.0
97.0,303.0,236.0,1403.0
98.0,2.0,1419.0,2744.0
98.0,4.0,1419.0,1198.0
98.0,5.0,1419.0,54.0
98.0,7.0,1419.0,3585.0
98.0,10.0,1419.0,453.0
98.0,14.0,1419.0,3193.0
98.0,18.0,1419.0,3968.0
98.0,24.0,1419.0,1491.0
98.0,27.0,1419.0,3660.0
98.0,29.0,1419.0,2168.0
98.0,41.0,1419.0,357.0
98.0,45.0,1419.0,797.0
98.0,46.0,1419.0,714.0
98.0,47.0,1419.0,2544.0
98.0,50.0,1419.0,89.0
98.0,53.0,1419.0,2819.0
98.0,54.0,1419.0,1005.0
98.0,55.0,1419.0,3845.0
98.0,62.0,1419.0,3001.0
98.0,67.0,1419.0,1420.0
98.0,68.0,1419.0,346.0
98.0,73.0,1419.0,336.0
98.0,74.0,1419.0,2055.0
98.0,81.0,1419.0,987.0
98.0,95.0,1419.0,3404.0
98.0,98.0,1419.0,1419.0
98.0,100.0,1419.0,1547.0
98.0,101.0,1419.0,3013.0
98.0,122.0,1419.0,2032.0
98.0,143.0,1419.0,393.0
98.0,148.0,1419.0,231.0
98.0,154.0,1419.0,1640.0
98.0,166.0,1419.0,2377.0
98.0,176.0,1419.0,2594.0
98.0,178.0,1419.0,3526.0
98.0,187.0,1419.0,2512.0
98.0,188.0,1419.0,2253.0
98.0,194.0,1419.0,3429.0
98.0,209.0,1419.0,2134.0
98.0,217.0,1419.0,976.0
98.0,231.0,1419.0,2259.0
98.0,241.0,1419.0,3034.0
98.0,251.0,1419.0,1085.0
98.0,254.0,1419.0,2979.0
98.0,273.0,1419.0,48.0
98.0,295.0,1419.0,1419.0
98.0,328.0,1419.0,3292.0
98.0,337.0,1419.0,3023.0
99.0,5.0,234.0,2011.0
99.0,11.0,234.0,333.0
99.0,14.0,234.0,2888.0
99.0,15.0,234.0,2030.0
99.0,18.0,234.0,437.0
99.0,19.0,234.0,256.0
99.0,20.0,234.0,2371.0
99.0,22.0,234.0,526.0
99.0,25.0,234.0,206.0
99.0,28.0,234.0,2046.0
99.0,54.0,234.0,2542.0
99.0,84.0,234.0,2269.0
99.0,87.0,234.0,3588.0
99.0,91.0,234.0,3284.0
99.0,93.0,234.0,463.0
99.0,95.0,234.0,1508.0
99.0,99.0,234.0,234.0
99.0,110.0,234.0,2877.0
99.0,114.0,234.0,478.0
99.0,122.0,234.0,570.0
99.0,128.0,234.0,580.0
99.0,134.0,234.0,501.0
99.0,140.0,234.0,2153.0
99.0,142.0,234.0,685.0
99.0,152.0,234.0,2901.0
99.0,165.0,234.0,254.0
99.0,166.0,234.0,969.0
99.0,167.0,234.0,3372.0
99.0,178.0,234.0,3667.0
99.0,183.0,234.0,150.0
99.0,186.0,234.0,2136.0
99.0,189.0,234.0,1897.0
99.0,194.0,234.0,3429.0
99.0,197.0,234.0,350.0
99.0,206.0,234.0,1892.0
99.0,218.0,234.0,148.0
99.0,236.0,234.0,1916.0
99.0,241.0,234.0,3023.0
99.0,276.0,234.0,234.0
99.0,313.0,234.0,252.0
100.0,14.0,721.0,952.0
100.0,17.0,2091.0,2314.0
100.0,22.0,1547.0,520.0
100.0,24.0,1549.0,208.0
100.0,25.0,1549.0,1973.0
100.0,50.0,1547.0,2000.0
100.0,54.0,1547.0,359.0
100.0,61.0,1549.0,1280.0
100.0,63.0,1547.0,2741.0
100.0,66.0,1549.0,3952.0
100.0,71.0,2085.0,1406.0
100.0,96.0,1548.0,338.0
100.0,99.0,2091.0,234.0
100.0,100.0,1547.0,2082.0
100.0,104.0,2080.0,1448.0
100.0,105.0,2085.0,2035.0
100.0,113.0,2085.0,1450.0
100.0,127.0,1548.0,2111.0
100.0,136.0,1548.0,1832.0
100.0,139.0,1547.0,2754.0
100.0,140.0,2086.0,2297.0
100.0,144.0,2082.0,542.0
100.0,147.0,2080.0,337.0
100.0,149.0,2082.0,2049.0
100.0,152.0,2086.0,2178.0
100.0,162.0,1547.0,353.0
100.0,165.0,2091.0,254.0
100.0,166.0,1547.0,2779.0
100.0,178.0,1549.0,958.0
100.0,194.0,2085.0,2596.0
100.0,197.0,1549.0,334.0
100.0,257.0,2085.0,3482.0
100.0,265.0,1548.0,3699.0
100.0,283.0,2081.0,541.0
100.0,289.0,1549.0,2102.0
100.0,296.0,721.0,2182.0
100.0,307.0,2086.0,248.0
100.0,308.0,2091.0,542.0
100.0,320.0,1547.0,2037.0
100.0,335.0,2082.0,341.0
101.0,7.0,3246.0,3311.0
101.0,10.0,3246.0,2638.0
101.0,11.0,372.0,333.0
101.0,15.0,3246.0,3846.0
101.0,16.0,372.0,2457.0
101.0,18.0,372.0,378.0
101.0,21.0,372.0,2097.0
101.0,24.0,372.0,43.0
101.0,28.0,372.0,2046.0
101.0,40.0,1660.0,1473.0
101.0,41.0,1660.0,3899.0
101.0,45.0,372.0,771.0
101.0,46.0,3013.0,714.0
101.0,48.0,3013.0,72.0
101.0,49.0,1660.0,3117.0
101.0,54.0,3013.0,2955.0
101.0,55.0,1660.0,3845.0
101.0,61.0,3246.0,1478.0
101.0,62.0,372.0,816.0
101.0,66.0,1660.0,3697.0
101.0,67.0,372.0,1420.0
101.0,68.0,1660.0,440.0
101.0,72.0,372.0,2292.0
101.0,74.0,1660.0,45.0
101.0,82.0,3246.0,2691.0
101.0,89.0,372.0,3903.0
101.0,93.0,3246.0,3632.0
101.0,95.0,1660.0,2778.0
101.0,97.0,3013.0,236.0
101.0,98.0,372.0,1419.0
101.0,101.0,3013.0,372.0
101.0,103.0,3013.0,239.0
101.0,110.0,372.0,2877.0
101.0,120.0,372.0,3317.0
101.0,121.0,1660.0,2966.0
101.0,122.0,372.0,570.0
101.0,125.0,3246.0,720.0
101.0,132.0,372.0,1481.0
101.0,134.0,3013.0,501.0
101.0,136.0,1660.0,536.0
101.0,141.0,3013.0,237.0
101.0,149.0,1660.0,2049.0
101.0,154.0,3246.0,3580.0
101.0,156.0,372.0,829.0
101.0,165.0,3013.0,254.0
101.0,167.0,3013.0,50.0
101.0,171.0,3246.0,1543.0
101.0,178.0,1660.0,2437.0
101.0,190.0,3013.0,3974.0
101.0,191.0,3013.0,1558.0
101.0,193.0,3013.0,1944.0
101.0,194.0,3246.0,3429.0
101.0,196.0,372.0,3288.0
101.0,200.0,372.0,1067.0
101.0,205.0,372.0,2076.0
101.0,209.0,1660.0,2134.0
101.0,223.0,372.0,3875.0
101.0,225.0,1660.0,84.0
101.0,227.0,372.0,88.0
101.0,241.0,3246.0,2561.0
101.0,247.0,3246.0,3123.0
101.0,259.0,3013.0,2101.0
101.0,261.0,1660.0,650.0
101.0,270.0,3246.0,2906.0
101.0,276.0,372.0,1919.0
101.0,295.0,3013.0,1419.0
101.0,314.0,372.0,2049.0
101.0,342.0,372.0,2736.0
102.0,1.0,3306.0,704.0
102.0,2.0,3306.0,3143.0
102.0,5.0,3306.0,2011.0
102.0,7.0,3306.0,3357.0
102.0,10.0,3306.0,3247.0
102.0,11.0,3306.0,333.0
102.0,12.0,3306.0,635.0
102.0,13.0,3306.0,1610.0
102.0,15.0,3306.0,712.0
102.0,16.0,3306.0,3240.0
102.0,18.0,3306.0,444.0
102.0,20.0,3306.0,2079.0
102.0,27.0,3306.0,3660.0
102.0,28.0,3306.0,2046.0
102.0,29.0,3306.0,62.0
102.0,37.0,3306.0,3306.0
102.0,41.0,3306.0,3899.0
102.0,43.0,3306.0,682.0
102.0,44.0,3306.0,85.0
102.0,45.0,3306.0,2003.0
102.0,46.0,3306.0,1511.0
102.0,48.0,3306.0,804.0
102.0,50.0,3306.0,89.0
102.0,51.0,3306.0,2580.0
102.0,55.0,3306.0,690.0
102.0,56.0,3306.0,643.0
102.0,62.0,3306.0,133.0
102.0,68.0,3306.0,328.0
102.0,70.0,3306.0,146.0
102.0,72.0,3306.0,321.0
102.0,73.0,3306.0,336.0
102.0,86.0,3306.0,1559.0
102.0,89.0,3306.0,3903.0
102.0,90.0,3306.0,1412.0
102.0,95.0,3306.0,3233.0
102.0,97.0,3306.0,2443.0
102.0,102.0,3306.0,3306.0
102.0,110.0,3306.0,2877.0
102.0,122.0,3306.0,2009.0
102.0,125.0,3306.0,720.0
102.0,128.0,3306.0,2021.0
102.0,132.0,3306.0,2006.0
102.0,137.0,3306.0,3680.0
102.0,141.0,3306.0,1708.0
102.0,143.0,3306.0,2563.0
102.0,147.0,3306.0,337.0
102.0,154.0,3306.0,3580.0
102.0,156.0,3306.0,828.0
102.0,163.0,3306.0,2192.0
102.0,169.0,3306.0,662.0
102.0,175.0,3306.0,661.0
102.0,178.0,3306.0,1541.0
102.0,182.0,3306.0,2598.0
102.0,191.0,3306.0,137.0
102.0,192.0,3306.0,2288.0
102.0,196.0,3306.0,436.0
102.0,205.0,3306.0,48.0
102.0,215.0,3306.0,149.0
102.0,221.0,3306.0,166.0
102.0,236.0,3306.0,1916.0
102.0,248.0,3306.0,692.0
102.0,273.0,3306.0,48.0
102.0,281.0,3306.0,3391.0
103.0,1.0,239.0,704.0
103.0,2.0,239.0,2743.0
103.0,3.0,239.0,2443.0
103.0,4.0,239.0,303.0
103.0,6.0,239.0,2620.0
103.0,7.0,239.0,1123.0
103.0,9.0,239.0,2264.0
103.0,11.0,239.0,333.0
103.0,12.0,239.0,3392.0
103.0,13.0,2468.0,1938.0
103.0,14.0,2468.0,3194.0
103.0,18.0,2468.0,25.0
103.0,21.0,239.0,3156.0
103.0,23.0,239.0,865.0
103.0,24.0,2468.0,332.0
103.0,27.0,239.0,713.0
103.0,29.0,2468.0,3273.0
103.0,30.0,239.0,3966.0
103.0,33.0,2468.0,1903.0
103.0,37.0,2468.0,402.0
103.0,41.0,2468.0,36.0
103.0,44.0,239.0,3593.0
103.0,46.0,239.0,1486.0
103.0,48.0,2468.0,818.0
103.0,50.0,239.0,381.0
103.0,54.0,2468.0,1494.0
103.0,56.0,239.0,1826.0
103.0,58.0,239.0,3070.0
103.0,61.0,2468.0,2699.0
103.0,62.0,239.0,3314.0
103.0,68.0,2468.0,594.0
103.0,70.0,2468.0,146.0
103.0,72.0,239.0,3248.0
103.0,75.0,2468.0,974.0
103.0,81.0,2468.0,3802.0
103.0,89.0,2468.0,3903.0
103.0,97.0,239.0,2443.0
103.0,101.0,239.0,3246.0
103.0,103.0,239.0,2468.0
103.0,115.0,239.0,1055.0
103.0,117.0,2468.0,137.0
103.0,118.0,2468.0,352.0
103.0,119.0,2468.0,1923.0
103.0,122.0,239.0,3661.0
103.0,123.0,239.0,682.0
103.0,125.0,2468.0,720.0
103.0,134.0,239.0,3053.0
103.0,135.0,2468.0,3910.0
103.0,137.0,2468.0,2928.0
103.0,147.0,2468.0,337.0
103.0,151.0,239.0,86.0
103.0,156.0,2468.0,828.0
103.0,163.0,239.0,201.0
103.0,168.0,239.0,1707.0
103.0,178.0,239.0,93.0
103.0,184.0,2468.0,457.0
103.0,185.0,239.0,703.0
103.0,187.0,2468.0,2512.0
103.0,190.0,239.0,152.0
103.0,192.0,239.0,2288.0
103.0,196.0,239.0,2409.0
103.0,197.0,2468.0,329.0
103.0,200.0,239.0,1007.0
103.0,203.0,239.0,1444.0
103.0,205.0,2468.0,2718.0
103.0,213.0,2468.0,829.0
103.0,215.0,2468.0,1464.0
103.0,223.0,2468.0,727.0
103.0,224.0,239.0,1058.0
103.0,227.0,2468.0,1662.0
103.0,229.0,2468.0,2932.0
103.0,234.0,239.0,80.0
103.0,243.0,2468.0,260.0
103.0,259.0,239.0,2103.0
103.0,263.0,239.0,824.0
103.0,274.0,239.0,1633.0
103.0,275.0,2468.0,317.0
103.0,286.0,239.0,1383.0
103.0,292.0,2468.0,1594.0
103.0,311.0,2468.0,253.0
103.0,316.0,2468.0,1868.0
103.0,325.0,239.0,2689.0
103.0,328.0,239.0,832.0
104.0,7.0,1448.0,980.0
104.0,11.0,566.0,333.0
104.0,61.0,1448.0,2675.0
104.0,63.0,1448.0,2741.0
104.0,66.0,1448.0,590.0
104.0,91.0,1448.0,3284.0
104.0,96.0,1448.0,339.0
104.0,100.0,1448.0,2082.0
104.0,104.0,1448.0,1448.0
104.0,106.0,1448.0,3396.0
104.0,114.0,566.0,2892.0
104.0,119.0,1448.0,1923.0
104.0,139.0,1448.0,537.0
104.0,140.0,566.0,3254.0
104.0,150.0,1448.0,2899.0
104.0,165.0,1448.0,254.0
104.0,171.0,1448.0,1543.0
104.0,186.0,1448.0,2136.0
104.0,194.0,1448.0,3427.0
104.0,241.0,1448.0,2039.0
104.0,257.0,566.0,3481.0
104.0,267.0,1448.0,3328.0
104.0,306.0,1448.0,1449.0
104.0,313.0,1448.0,2815.0
104.0,341.0,1448.0,1891.0
105.0,2.0,2345.0,3454.0
105.0,6.0,342.0,910.0
105.0,10.0,2116.0,925.0
105.0,11.0,2035.0,333.0
105.0,17.0,2116.0,3367.0
105.0,21.0,2035.0,451.0
105.0,22.0,2035.0,2755.0
105.0,23.0,2035.0,2715.0
105.0,30.0,2035.0,3966.0
105.0,45.0,2035.0,362.0
105.0,47.0,2343.0,1991.0
105.0,54.0,2117.0,3497.0
105.0,56.0,2116.0,2925.0
105.0,57.0,2035.0,2211.0
105.0,62.0,2035.0,1039.0
105.0,65.0,2035.0,1445.0
105.0,71.0,2342.0,2236.0
105.0,87.0,2343.0,1446.0
105.0,89.0,2345.0,3903.0
105.0,96.0,342.0,2197.0
105.0,100.0,2035.0,721.0
105.0,105.0,2035.0,2035.0
105.0,113.0,2035.0,2692.0
105.0,118.0,2342.0,352.0
105.0,125.0,2035.0,720.0
105.0,134.0,2035.0,2926.0
105.0,136.0,2345.0,1402.0
105.0,139.0,2116.0,2761.0
105.0,140.0,2035.0,2153.0
105.0,144.0,2343.0,3510.0
105.0,153.0,2034.0,2360.0
105.0,154.0,2035.0,3579.0
105.0,161.0,2345.0,1404.0
105.0,162.0,2035.0,353.0
105.0,178.0,2035.0,3613.0
105.0,186.0,2035.0,567.0
105.0,199.0,2035.0,1409.0
105.0,235.0,2035.0,2686.0
105.0,241.0,2342.0,2548.0
105.0,257.0,2035.0,558.0
105.0,262.0,2035.0,2505.0
105.0,268.0,2342.0,2503.0
105.0,271.0,2342.0,340.0
105.0,277.0,2116.0,2278.0
105.0,303.0,2035.0,1403.0
105.0,305.0,2035.0,2359.0
105.0,308.0,2035.0,542.0
105.0,312.0,2116.0,351.0
105.0,316.0,343.0,1868.0
105.0,323.0,2342.0,2199.0
105.0,325.0,2345.0,2662.0
105.0,335.0,2345.0,341.0
106.0,2.0,3396.0,3430.0
106.0,7.0,3396.0,445.0
106.0,8.0,3396.0,3258.0
106.0,14.0,241.0,2557.0
106.0,22.0,241.0,528.0
106.0,24.0,3396.0,208.0
106.0,25.0,241.0,206.0
106.0,29.0,241.0,3524.0
106.0,38.0,241.0,3953.0
106.0,41.0,241.0,2551.0
106.0,45.0,241.0,779.0
106.0,47.0,241.0,605.0
106.0,54.0,3396.0,1003.0
106.0,58.0,241.0,1018.0
106.0,61.0,241.0,1332.0
106.0,62.0,3396.0,2408.0
106.0,63.0,3396.0,2742.0
106.0,65.0,3396.0,1445.0
106.0,66.0,241.0,2138.0
106.0,68.0,241.0,594.0
106.0,71.0,3396.0,2189.0
106.0,72.0,241.0,2292.0
106.0,87.0,3396.0,1447.0
106.0,90.0,241.0,1412.0
106.0,96.0,3396.0,2197.0
106.0,105.0,241.0,2035.0
106.0,106.0,241.0,3396.0
106.0,107.0,3396.0,2356.0
106.0,113.0,3396.0,2692.0
106.0,115.0,241.0,83.0
106.0,118.0,241.0,352.0
106.0,126.0,3396.0,2139.0
106.0,128.0,241.0,3262.0
106.0,134.0,241.0,473.0
106.0,140.0,241.0,2191.0
106.0,143.0,241.0,2281.0
106.0,144.0,3396.0,2088.0
106.0,153.0,3396.0,3221.0
106.0,158.0,241.0,593.0
106.0,160.0,241.0,493.0
106.0,162.0,241.0,353.0
106.0,166.0,3396.0,963.0
106.0,178.0,3396.0,3555.0
106.0,184.0,3396.0,903.0
106.0,196.0,241.0,2409.0
106.0,199.0,241.0,1409.0
106.0,202.0,241.0,3433.0
106.0,208.0,3396.0,2454.0
106.0,212.0,3396.0,354.0
106.0,214.0,241.0,3465.0
106.0,224.0,241.0,2516.0
106.0,250.0,3396.0,1264.0
106.0,251.0,3396.0,1085.0
106.0,257.0,3396.0,3480.0
106.0,265.0,241.0,2104.0
106.0,277.0,3396.0,2278.0
106.0,292.0,241.0,3905.0
106.0,297.0,3396.0,1210.0
106.0,313.0,3396.0,587.0
106.0,321.0,241.0,241.0
106.0,336.0,241.0,255.0
106.0,337.0,241.0,3023.0
106.0,344.0,241.0,259.0
107.0,2.0,2388.0,3430.0
107.0,4.0,2356.0,22.0
107.0,5.0,3267.0,52.0
107.0,6.0,459.0,2726.0
107.0,7.0,3177.0,3218.0
107.0,10.0,874.0,2612.0
107.0,11.0,2356.0,333.0
107.0,12.0,3177.0,635.0
107.0,14.0,3176.0,2801.0
107.0,18.0,3213.0,1052.0
107.0,21.0,3217.0,374.0
107.0,23.0,3177.0,3711.0
107.0,24.0,1124.0,1490.0
107.0,25.0,3177.0,3647.0
107.0,38.0,3176.0,3953.0
107.0,41.0,3176.0,2551.0
107.0,42.0,2552.0,3191.0
107.0,44.0,2357.0,85.0
107.0,47.0,2610.0,1984.0
107.0,48.0,2357.0,806.0
107.0,49.0,2357.0,3117.0
107.0,50.0,3214.0,2000.0
107.0,51.0,3109.0,2580.0
107.0,52.0,3109.0,1843.0
107.0,53.0,3108.0,3448.0
107.0,54.0,3267.0,716.0
107.0,57.0,2553.0,1068.0
107.0,61.0,900.0,2218.0
107.0,62.0,3176.0,2599.0
107.0,63.0,2610.0,2741.0
107.0,64.0,2356.0,2826.0
107.0,66.0,3109.0,2138.0
107.0,68.0,2610.0,1054.0
107.0,72.0,871.0,3842.0
107.0,75.0,2357.0,974.0
107.0,78.0,3214.0,86.0
107.0,80.0,3176.0,1824.0
107.0,91.0,3213.0,3282.0
107.0,95.0,2553.0,3227.0
107.0,106.0,3177.0,3396.0
107.0,107.0,3214.0,2388.0
107.0,114.0,3177.0,1421.0
107.0,121.0,3213.0,2966.0
107.0,125.0,459.0,720.0
107.0,130.0,2358.0,1939.0
107.0,133.0,3177.0,1016.0
107.0,137.0,3216.0,3680.0
107.0,139.0,2358.0,531.0
107.0,149.0,1124.0,2049.0
107.0,157.0,3004.0,2248.0
107.0,161.0,2358.0,1404.0
107.0,162.0,459.0,353.0
107.0,163.0,3109.0,345.0
107.0,164.0,2356.0,1715.0
107.0,167.0,871.0,3372.0
107.0,173.0,2357.0,470.0
107.0,175.0,3219.0,702.0
107.0,178.0,2357.0,105.0
107.0,184.0,3108.0,3114.0
107.0,188.0,3216.0,2072.0
107.0,193.0,2358.0,1764.0
107.0,196.0,871.0,1211.0
107.0,197.0,2356.0,335.0
107.0,200.0,3109.0,747.0
107.0,204.0,3219.0,1819.0
107.0,214.0,2387.0,1306.0
107.0,216.0,3177.0,1606.0
107.0,223.0,3496.0,266.0
107.0,228.0,3177.0,951.0
107.0,241.0,3216.0,3426.0
107.0,242.0,3109.0,193.0
107.0,243.0,1803.0,2350.0
107.0,244.0,3176.0,3808.0
107.0,247.0,3496.0,3458.0
107.0,250.0,1124.0,1259.0
107.0,253.0,2357.0,1391.0
107.0,261.0,3177.0,1434.0
107.0,275.0,3177.0,989.0
107.0,293.0,2358.0,1264.0
107.0,310.0,3933.0,710.0
107.0,314.0,2357.0,1417.0
107.0,322.0,3108.0,3192.0
107.0,335.0,2552.0,341.0
108.0,6.0,1720.0,3195.0
108.0,7.0,1720.0,3210.0
108.0,11.0,1720.0,333.0
108.0,21.0,1720.0,227.0
108.0,33.0,1720.0,3450.0
108.0,40.0,1720.0,1473.0
108.0,41.0,1720.0,36.0
108.0,42.0,1720.0,919.0
108.0,45.0,1720.0,68.0
108.0,47.0,1720.0,1958.0
108.0,50.0,1720.0,89.0
108.0,52.0,1720.0,1349.0
108.0,53.0,1720.0,1524.0
108.0,56.0,1720.0,3573.0
108.0,59.0,1720.0,1260.0
108.0,60.0,1720.0,2938.0
108.0,61.0,1720.0,2340.0
108.0,62.0,1720.0,1038.0
108.0,73.0,1720.0,401.0
108.0,81.0,1720.0,3847.0
108.0,89.0,1720.0,3903.0
108.0,107.0,1720.0,1125.0
108.0,108.0,1720.0,1720.0
108.0,112.0,1720.0,1717.0
108.0,133.0,1720.0,1386.0
108.0,138.0,1720.0,1710.0
108.0,139.0,1720.0,2751.0
108.0,143.0,1720.0,393.0
108.0,164.0,1720.0,3490.0
108.0,170.0,1720.0,1718.0
108.0,177.0,1720.0,413.0
108.0,178.0,1720.0,94.0
108.0,179.0,1720.0,385.0
108.0,188.0,1720.0,3492.0
108.0,195.0,1720.0,638.0
108.0,200.0,1720.0,748.0
108.0,204.0,1720.0,1688.0
108.0,220.0,1720.0,1933.0
108.0,223.0,1720.0,749.0
108.0,227.0,1720.0,88.0
108.0,231.0,1720.0,3125.0
108.0,244.0,1720.0,3808.0
108.0,274.0,1720.0,1632.0
108.0,279.0,1720.0,212.0
108.0,284.0,1720.0,2932.0
108.0,288.0,1720.0,1927.0
108.0,290.0,1720.0,1661.0
108.0,294.0,1720.0,1082.0
108.0,300.0,1720.0,1716.0
108.0,309.0,1720.0,1379.0
108.0,315.0,1720.0,1926.0
108.0,324.0,1720.0,1443.0
108.0,330.0,1720.0,1094.0
108.0,342.0,1720.0,1209.0
108.0,343.0,1720.0,1678.0
109.0,7.0,2985.0,204.0
109.0,8.0,2230.0,588.0
109.0,14.0,2986.0,3760.0
109.0,22.0,2982.0,2497.0
109.0,24.0,3954.0,208.0
109.0,25.0,1393.0,489.0
109.0,29.0,2225.0,2383.0
109.0,34.0,2983.0,2105.0
109.0,38.0,2986.0,2213.0
109.0,41.0,2221.0,2551.0
109.0,53.0,2988.0,854.0
109.0,56.0,2987.0,3573.0
109.0,57.0,2987.0,2211.0
109.0,61.0,1338.0,2784.0
109.0,63.0,1392.0,2741.0
109.0,66.0,1392.0,3952.0
109.0,68.0,1336.0,594.0
109.0,70.0,2226.0,1705.0
109.0,71.0,1336.0,3625.0
109.0,74.0,1392.0,2038.0
109.0,79.0,2983.0,2239.0
109.0,81.0,2229.0,387.0
109.0,82.0,2223.0,2577.0
109.0,85.0,2225.0,1587.0
109.0,89.0,2983.0,3903.0
109.0,95.0,2230.0,3404.0
109.0,106.0,2987.0,3396.0
109.0,109.0,1392.0,1393.0
109.0,126.0,2988.0,2139.0
109.0,127.0,2985.0,2110.0
109.0,128.0,2230.0,2023.0
109.0,132.0,2986.0,3203.0
109.0,134.0,2230.0,476.0
109.0,140.0,2982.0,2191.0
109.0,152.0,1392.0,2178.0
109.0,160.0,1338.0,245.0
109.0,161.0,1337.0,1404.0
109.0,162.0,2223.0,353.0
109.0,171.0,2221.0,1543.0
109.0,176.0,1337.0,504.0
109.0,178.0,1393.0,2479.0
109.0,181.0,2983.0,2221.0
109.0,182.0,2982.0,2598.0
109.0,193.0,1392.0,1760.0
109.0,199.0,2227.0,1409.0
109.0,212.0,2986.0,354.0
109.0,253.0,2988.0,2126.0
109.0,257.0,3954.0,3482.0
109.0,259.0,2982.0,2113.0
109.0,265.0,2229.0,1394.0
109.0,266.0,3018.0,2335.0
109.0,267.0,2985.0,3328.0
109.0,277.0,1336.0,499.0
109.0,306.0,1338.0,1449.0
109.0,312.0,1392.0,351.0
109.0,321.0,2987.0,241.0
109.0,332.0,1337.0,2934.0
109.0,335.0,1392.0,341.0
110.0,1.0,2877.0,1997.0
110.0,3.0,2877.0,2443.0
110.0,5.0,2877.0,54.0
110.0,10.0,2877.0,790.0
110.0,13.0,2877.0,162.0
110.0,15.0,2877.0,3242.0
110.0,18.0,2877.0,84.0
110.0,20.0,2877.0,681.0
110.0,21.0,2877.0,3663.0
110.0,22.0,2877.0,2296.0
110.0,24.0,2877.0,2286.0
110.0,29.0,2877.0,3272.0
110.0,41.0,2877.0,36.0
110.0,44.0,2877.0,85.0
110.0,45.0,2877.0,3270.0
110.0,47.0,2877.0,1991.0
110.0,48.0,2877.0,32.0
110.0,55.0,2877.0,691.0
110.0,62.0,2877.0,3001.0
110.0,66.0,2877.0,3952.0
110.0,67.0,2877.0,1420.0
110.0,68.0,2877.0,1641.0
110.0,84.0,2877.0,2269.0
110.0,87.0,2877.0,1446.0
110.0,89.0,2877.0,3903.0
110.0,90.0,2877.0,2051.0
110.0,91.0,2877.0,3284.0
110.0,93.0,2877.0,3632.0
110.0,95.0,2877.0,3227.0
110.0,106.0,2877.0,3396.0
110.0,110.0,2877.0,2877.0
110.0,122.0,2877.0,235.0
110.0,128.0,2877.0,2012.0
110.0,134.0,2877.0,475.0
110.0,139.0,2877.0,2092.0
110.0,165.0,2877.0,254.0
110.0,169.0,2877.0,662.0
110.0,173.0,2877.0,3976.0
110.0,178.0,2877.0,2469.0
110.0,182.0,2877.0,2598.0
110.0,185.0,2877.0,687.0
110.0,189.0,2877.0,467.0
110.0,194.0,2877.0,3553.0
110.0,205.0,2877.0,2718.0
110.0,209.0,2877.0,2134.0
110.0,236.0,2877.0,659.0
110.0,238.0,2877.0,410.0
110.0,248.0,2877.0,3659.0
110.0,270.0,2877.0,2906.0
110.0,273.0,2877.0,48.0
110.0,276.0,2877.0,1914.0
110.0,278.0,2877.0,694.0
110.0,307.0,2877.0,248.0
110.0,308.0,2877.0,542.0
111.0,9.0,1507.0,1371.0
111.0,14.0,1507.0,3135.0
111.0,21.0,1507.0,896.0
111.0,23.0,1507.0,3159.0
111.0,29.0,1507.0,3271.0
111.0,40.0,1471.0,1475.0
111.0,48.0,1507.0,813.0
111.0,51.0,1471.0,2580.0
111.0,53.0,1471.0,851.0
111.0,81.0,1507.0,2148.0
111.0,111.0,1471.0,1507.0
111.0,156.0,1471.0,828.0
111.0,178.0,1471.0,99.0
111.0,200.0,1471.0,738.0
111.0,233.0,1507.0,1603.0
111.0,247.0,1471.0,2532.0
111.0,260.0,1471.0,1205.0
111.0,266.0,1471.0,2875.0
111.0,329.0,1471.0,424.0
112.0,29.0,1717.0,3524.0
112.0,40.0,1717.0,1473.0
112.0,50.0,1717.0,2636.0
112.0,56.0,1717.0,643.0
112.0,61.0,1717.0,1287.0
112.0,81.0,1717.0,947.0
112.0,85.0,1717.0,3038.0
112.0,108.0,1717.0,1720.0
112.0,112.0,1717.0,1717.0
112.0,133.0,1717.0,3093.0
112.0,138.0,1717.0,1710.0
112.0,143.0,1717.0,2563.0
112.0,145.0,1717.0,1716.0
112.0,164.0,1717.0,1715.0
112.0,170.0,1717.0,2827.0
112.0,177.0,1717.0,1600.0
112.0,178.0,1717.0,2863.0
112.0,204.0,1717.0,2967.0
112.0,207.0,1717.0,1024.0
112.0,219.0,1717.0,1695.0
112.0,220.0,1717.0,1719.0
112.0,244.0,1717.0,3025.0
112.0,256.0,1717.0,2976.0
112.0,269.0,1717.0,214.0
112.0,285.0,1717.0,1256.0
112.0,288.0,1717.0,1927.0
112.0,300.0,1717.0,1716.0
112.0,315.0,1717.0,1926.0
112.0,318.0,1717.0,3069.0
112.0,324.0,1717.0,1443.0
112.0,343.0,1717.0,1678.0
113.0,8.0,1450.0,572.0
113.0,14.0,2692.0,3757.0
113.0,21.0,1450.0,897.0
113.0,22.0,1450.0,530.0
113.0,23.0,1450.0,292.0
113.0,34.0,2692.0,2105.0
113.0,39.0,2685.0,3029.0
113.0,47.0,565.0,1958.0
113.0,65.0,2685.0,1445.0
113.0,66.0,1450.0,2138.0
113.0,81.0,565.0,3116.0
113.0,87.0,2692.0,1446.0
113.0,96.0,2685.0,339.0
113.0,101.0,1450.0,372.0
113.0,104.0,565.0,1448.0
113.0,106.0,2685.0,241.0
113.0,113.0,2692.0,1450.0
113.0,118.0,1450.0,352.0
113.0,119.0,565.0,2141.0
113.0,136.0,2692.0,544.0
113.0,139.0,2685.0,2756.0
113.0,140.0,2692.0,1398.0
113.0,143.0,1450.0,393.0
113.0,144.0,2685.0,542.0
113.0,150.0,1450.0,2899.0
113.0,153.0,1450.0,562.0
113.0,158.0,1450.0,242.0
113.0,162.0,565.0,353.0
113.0,176.0,1450.0,576.0
113.0,199.0,2692.0,1409.0
113.0,223.0,2692.0,726.0
113.0,224.0,2685.0,1058.0
113.0,235.0,2685.0,564.0
113.0,253.0,2685.0,1391.0
113.0,262.0,1450.0,2565.0
113.0,267.0,1450.0,3328.0
113.0,268.0,2692.0,516.0
113.0,299.0,1450.0,3444.0
113.0,306.0,1450.0,1449.0
113.0,312.0,2685.0,351.0
113.0,320.0,1450.0,2037.0
113.0,345.0,1450.0,2197.0
114.0,1.0,2045.0,1898.0
114.0,2.0,2044.0,3454.0
114.0,5.0,1414.0,52.0
114.0,6.0,3853.0,1108.0
114.0,10.0,1421.0,453.0
114.0,14.0,3852.0,2615.0
114.0,15.0,2891.0,712.0
114.0,16.0,2045.0,2878.0
114.0,19.0,2043.0,256.0
114.0,21.0,2891.0,768.0
114.0,23.0,2045.0,271.0
114.0,24.0,3852.0,3278.0
114.0,28.0,1414.0,2046.0
114.0,29.0,2043.0,3272.0
114.0,36.0,3853.0,255.0
114.0,41.0,2045.0,2551.0
114.0,45.0,2904.0,100.0
114.0,46.0,2891.0,714.0
114.0,49.0,2043.0,172.0
114.0,53.0,2045.0,1518.0
114.0,54.0,2893.0,359.0
114.0,55.0,2893.0,3843.0
114.0,62.0,2044.0,3388.0
114.0,66.0,478.0,2990.0
114.0,67.0,2045.0,1420.0
114.0,79.0,3853.0,2239.0
114.0,87.0,2044.0,1446.0
114.0,89.0,2045.0,3903.0
114.0,90.0,1414.0,2051.0
114.0,91.0,1414.0,3283.0
114.0,92.0,3853.0,2048.0
114.0,95.0,2042.0,3404.0
114.0,96.0,1414.0,338.0
114.0,101.0,2042.0,1660.0
114.0,104.0,2045.0,1448.0
114.0,107.0,1421.0,1124.0
114.0,110.0,3853.0,2877.0
114.0,114.0,1900.0,2045.0
114.0,119.0,2044.0,1923.0
114.0,122.0,1421.0,235.0
114.0,125.0,1414.0,720.0
114.0,128.0,2045.0,2021.0
114.0,132.0,2043.0,1481.0
114.0,134.0,2045.0,471.0
114.0,140.0,1421.0,3945.0
114.0,146.0,2891.0,483.0
114.0,147.0,1421.0,337.0
114.0,149.0,3853.0,2049.0
114.0,150.0,2893.0,2899.0
114.0,151.0,2891.0,86.0
114.0,152.0,1421.0,485.0
114.0,166.0,1414.0,2203.0
114.0,167.0,479.0,50.0
114.0,173.0,2044.0,1924.0
114.0,178.0,3851.0,3527.0
114.0,189.0,3851.0,1897.0
114.0,197.0,2042.0,347.0
114.0,199.0,1414.0,1409.0
114.0,205.0,479.0,3014.0
114.0,208.0,3851.0,801.0
114.0,210.0,1421.0,256.0
114.0,224.0,1421.0,1057.0
114.0,241.0,2045.0,3460.0
114.0,259.0,1421.0,2113.0
114.0,270.0,3853.0,2906.0
114.0,273.0,1414.0,48.0
114.0,276.0,1421.0,2944.0
114.0,280.0,2045.0,482.0
114.0,295.0,3851.0,1419.0
114.0,311.0,2043.0,253.0
114.0,313.0,1421.0,3103.0
114.0,314.0,2044.0,2026.0
114.0,319.0,2892.0,3633.0
114.0,321.0,2044.0,241.0
114.0,336.0,2045.0,255.0
114.0,344.0,1421.0,259.0
115.0,1.0,83.0,2690.0
115.0,2.0,3840.0,3454.0
115.0,4.0,3840.0,1198.0
115.0,5.0,83.0,54.0
115.0,6.0,83.0,1106.0
115.0,7.0,830.0,217.0
115.0,10.0,83.0,3879.0
115.0,11.0,2514.0,333.0
115.0,12.0,2514.0,3392.0
115.0,13.0,2515.0,1937.0
115.0,14.0,83.0,3441.0
115.0,15.0,2514.0,3371.0
115.0,17.0,2515.0,3624.0
115.0,18.0,2514.0,2663.0
115.0,21.0,83.0,3155.0
115.0,23.0,83.0,310.0
115.0,24.0,83.0,1491.0
115.0,27.0,83.0,2463.0
115.0,28.0,83.0,2046.0
115.0,29.0,2514.0,3272.0
115.0,30.0,3840.0,3966.0
115.0,33.0,3840.0,1649.0
115.0,40.0,83.0,1676.0
115.0,41.0,83.0,356.0
115.0,42.0,2515.0,3191.0
115.0,44.0,2514.0,85.0
115.0,45.0,2514.0,771.0
115.0,46.0,3840.0,3259.0
115.0,47.0,83.0,3598.0
115.0,48.0,1055.0,3374.0
115.0,49.0,83.0,177.0
115.0,50.0,83.0,2636.0
115.0,53.0,3840.0,853.0
115.0,56.0,1055.0,2925.0
115.0,61.0,830.0,3179.0
115.0,62.0,2515.0,999.0
115.0,64.0,2515.0,2826.0
115.0,66.0,83.0,3697.0
115.0,68.0,2515.0,1642.0
115.0,70.0,83.0,2193.0
115.0,72.0,83.0,1517.0
115.0,78.0,2514.0,86.0
115.0,86.0,83.0,1559.0
115.0,89.0,83.0,3903.0
115.0,90.0,83.0,1412.0
115.0,95.0,2515.0,3236.0
115.0,103.0,83.0,239.0
115.0,106.0,3840.0,241.0
115.0,111.0,83.0,1471.0
115.0,115.0,2515.0,83.0
115.0,121.0,3840.0,2966.0
115.0,125.0,3840.0,720.0
115.0,129.0,83.0,827.0
115.0,135.0,83.0,788.0
115.0,142.0,83.0,685.0
115.0,143.0,3840.0,2563.0
115.0,146.0,83.0,255.0
115.0,147.0,2514.0,337.0
115.0,149.0,2515.0,2049.0
115.0,151.0,83.0,86.0
115.0,156.0,2515.0,828.0
115.0,171.0,2514.0,1543.0
115.0,178.0,3840.0,1435.0
115.0,185.0,830.0,1543.0
115.0,187.0,83.0,81.0
115.0,190.0,2514.0,152.0
115.0,191.0,83.0,137.0
115.0,192.0,83.0,2288.0
115.0,197.0,83.0,348.0
115.0,198.0,3840.0,826.0
115.0,200.0,3840.0,737.0
115.0,213.0,830.0,829.0
115.0,215.0,1055.0,149.0
115.0,216.0,83.0,1606.0
115.0,217.0,83.0,976.0
115.0,218.0,83.0,148.0
115.0,221.0,3840.0,148.0
115.0,223.0,3840.0,3162.0
115.0,224.0,3840.0,1057.0
115.0,225.0,83.0,84.0
115.0,227.0,83.0,344.0
115.0,234.0,83.0,3058.0
115.0,236.0,83.0,659.0
115.0,241.0,83.0,261.0
115.0,243.0,83.0,2350.0
115.0,247.0,3840.0,3121.0
115.0,261.0,83.0,650.0
115.0,263.0,3840.0,824.0
115.0,274.0,83.0,1633.0
115.0,275.0,2514.0,2783.0
115.0,290.0,2515.0,1899.0
115.0,317.0,83.0,136.0
115.0,328.0,2515.0,3901.0
115.0,329.0,83.0,420.0
116.0,3.0,1428.0,2443.0
116.0,6.0,2666.0,3878.0
116.0,8.0,2667.0,2871.0
116.0,14.0,1960.0,2379.0
116.0,22.0,2666.0,521.0
116.0,23.0,3355.0,3710.0
116.0,25.0,2830.0,1974.0
116.0,37.0,3355.0,2945.0
116.0,44.0,2666.0,85.0
116.0,45.0,3354.0,2459.0
116.0,47.0,3352.0,2546.0
116.0,55.0,1967.0,3184.0
116.0,61.0,1428.0,2793.0
116.0,63.0,3355.0,2742.0
116.0,66.0,3353.0,2989.0
116.0,72.0,2830.0,324.0
116.0,79.0,597.0,2239.0
116.0,82.0,3352.0,320.0
116.0,89.0,2830.0,3903.0
116.0,105.0,3355.0,2035.0
116.0,107.0,2830.0,3496.0
116.0,109.0,2665.0,2983.0
116.0,116.0,3353.0,1967.0
116.0,127.0,3352.0,2106.0
116.0,130.0,2667.0,601.0
116.0,139.0,2830.0,2761.0
116.0,156.0,3352.0,829.0
116.0,158.0,2830.0,497.0
116.0,160.0,2667.0,2582.0
116.0,166.0,2666.0,3720.0
116.0,176.0,3352.0,3891.0
116.0,178.0,3724.0,1541.0
116.0,183.0,2667.0,1585.0
116.0,184.0,1967.0,1972.0
116.0,193.0,2829.0,1764.0
116.0,214.0,2830.0,3006.0
116.0,223.0,598.0,728.0
116.0,227.0,3724.0,2183.0
116.0,230.0,1428.0,3886.0
116.0,234.0,1967.0,145.0
116.0,252.0,2666.0,259.0
116.0,253.0,2829.0,2126.0
116.0,258.0,2665.0,2129.0
116.0,262.0,1967.0,2190.0
116.0,265.0,2830.0,1396.0
116.0,266.0,2830.0,2333.0
116.0,276.0,598.0,1667.0
116.0,281.0,2829.0,3391.0
116.0,287.0,3355.0,1258.0
116.0,296.0,2830.0,2873.0
116.0,306.0,1428.0,494.0
116.0,307.0,2830.0,248.0
116.0,314.0,3352.0,2026.0
116.0,316.0,2829.0,1867.0
116.0,333.0,3355.0,256.0
116.0,337.0,2830.0,3023.0
116.0,341.0,3355.0,3951.0
117.0,1.0,137.0,704.0
117.0,2.0,137.0,972.0
117.0,3.0,137.0,2443.0
117.0,7.0,137.0,3211.0
117.0,9.0,137.0,1460.0
117.0,11.0,137.0,333.0
117.0,13.0,137.0,2533.0
117.0,15.0,137.0,712.0
117.0,18.0,137.0,84.0
117.0,23.0,137.0,3710.0
117.0,24.0,137.0,3000.0
117.0,27.0,137.0,713.0
117.0,30.0,137.0,3966.0
117.0,41.0,137.0,3899.0
117.0,43.0,137.0,682.0
117.0,46.0,137.0,714.0
117.0,48.0,137.0,2597.0
117.0,49.0,137.0,172.0
117.0,50.0,137.0,382.0
117.0,53.0,137.0,1524.0
117.0,56.0,137.0,949.0
117.0,62.0,137.0,199.0
117.0,68.0,137.0,440.0
117.0,86.0,137.0,1559.0
117.0,88.0,137.0,688.0
117.0,93.0,137.0,2941.0
117.0,99.0,137.0,234.0
117.0,117.0,137.0,137.0
117.0,120.0,137.0,2425.0
117.0,122.0,137.0,2009.0
117.0,125.0,137.0,720.0
117.0,129.0,137.0,827.0
117.0,135.0,137.0,3909.0
117.0,151.0,137.0,86.0
117.0,155.0,137.0,1023.0
117.0,168.0,137.0,708.0
117.0,171.0,137.0,1543.0
117.0,172.0,137.0,3530.0
117.0,175.0,137.0,702.0
117.0,178.0,137.0,2863.0
117.0,185.0,137.0,687.0
117.0,190.0,137.0,152.0
117.0,197.0,137.0,334.0
117.0,198.0,137.0,826.0
117.0,200.0,137.0,745.0
117.0,213.0,137.0,829.0
117.0,215.0,137.0,1464.0
117.0,218.0,137.0,148.0
117.0,222.0,137.0,181.0
117.0,223.0,137.0,784.0
117.0,247.0,137.0,730.0
117.0,248.0,137.0,2036.0
117.0,251.0,137.0,1085.0
117.0,275.0,137.0,82.0
117.0,291.0,137.0,940.0
117.0,316.0,137.0,1867.0
117.0,334.0,137.0,149.0
118.0,7.0,352.0,3549.0
118.0,10.0,352.0,3880.0
118.0,11.0,352.0,333.0
118.0,14.0,352.0,1183.0
118.0,18.0,352.0,380.0
118.0,22.0,352.0,519.0
118.0,23.0,352.0,307.0
118.0,27.0,352.0,2463.0
118.0,29.0,352.0,91.0
118.0,33.0,352.0,2950.0
118.0,36.0,352.0,255.0
118.0,40.0,352.0,1676.0
118.0,47.0,352.0,906.0
118.0,48.0,352.0,820.0
118.0,53.0,352.0,1528.0
118.0,62.0,352.0,77.0
118.0,65.0,352.0,1445.0
118.0,66.0,352.0,2179.0
118.0,68.0,352.0,594.0
118.0,79.0,352.0,3514.0
118.0,81.0,352.0,1670.0
118.0,87.0,352.0,2693.0
118.0,95.0,352.0,3238.0
118.0,96.0,352.0,2195.0
118.0,101.0,352.0,3013.0
118.0,103.0,352.0,2468.0
118.0,104.0,352.0,1448.0
118.0,106.0,352.0,3396.0
118.0,109.0,352.0,2987.0
118.0,113.0,352.0,2692.0
118.0,118.0,352.0,352.0
118.0,125.0,352.0,720.0
118.0,127.0,352.0,2110.0
118.0,134.0,352.0,475.0
118.0,139.0,352.0,537.0
118.0,140.0,352.0,3254.0
118.0,142.0,352.0,685.0
118.0,143.0,352.0,2563.0
118.0,150.0,352.0,2899.0
118.0,153.0,352.0,2301.0
118.0,157.0,352.0,2246.0
118.0,158.0,352.0,2241.0
118.0,160.0,352.0,491.0
118.0,162.0,352.0,353.0
118.0,168.0,352.0,1707.0
118.0,176.0,352.0,505.0
118.0,178.0,352.0,620.0
118.0,186.0,352.0,567.0
118.0,193.0,352.0,602.0
118.0,199.0,352.0,1409.0
118.0,214.0,352.0,1870.0
118.0,227.0,352.0,2184.0
118.0,235.0,352.0,2686.0
118.0,252.0,352.0,2200.0
118.0,257.0,352.0,3481.0
118.0,259.0,352.0,2113.0
118.0,261.0,352.0,650.0
118.0,262.0,352.0,2681.0
118.0,267.0,352.0,3328.0
118.0,271.0,352.0,340.0
118.0,280.0,352.0,482.0
118.0,289.0,352.0,2102.0
118.0,299.0,352.0,3444.0
118.0,303.0,352.0,1403.0
118.0,305.0,352.0,2359.0
118.0,306.0,352.0,1449.0
118.0,311.0,352.0,253.0
118.0,312.0,352.0,251.0
118.0,313.0,352.0,2815.0
119.0,11.0,233.0,333.0
119.0,28.0,1923.0,3015.0
119.0,40.0,2141.0,1677.0
119.0,41.0,1923.0,2551.0
119.0,43.0,233.0,686.0
119.0,56.0,233.0,643.0
119.0,61.0,1923.0,625.0
119.0,84.0,233.0,2269.0
119.0,87.0,2141.0,1446.0
119.0,88.0,1923.0,688.0
119.0,91.0,2141.0,3282.0
119.0,92.0,2141.0,1669.0
119.0,95.0,233.0,3260.0
119.0,119.0,1923.0,1923.0
119.0,122.0,233.0,3661.0
119.0,130.0,2141.0,1767.0
119.0,134.0,233.0,476.0
119.0,149.0,233.0,2049.0
119.0,160.0,233.0,486.0
119.0,162.0,233.0,353.0
119.0,166.0,2141.0,954.0
119.0,167.0,233.0,3373.0
119.0,174.0,2141.0,1388.0
119.0,178.0,1923.0,93.0
119.0,186.0,233.0,567.0
119.0,189.0,1923.0,1918.0
119.0,199.0,1923.0,1409.0
119.0,205.0,1923.0,2076.0
119.0,216.0,233.0,1606.0
119.0,224.0,2141.0,376.0
119.0,227.0,233.0,344.0
119.0,244.0,1923.0,3024.0
119.0,248.0,1923.0,692.0
119.0,277.0,1923.0,2279.0
119.0,290.0,2141.0,1021.0
119.0,299.0,233.0,2047.0
119.0,321.0,233.0,241.0
119.0,336.0,1923.0,255.0
120.0,2.0,2161.0,2041.0
120.0,6.0,2420.0,2916.0
120.0,7.0,2857.0,3139.0
120.0,10.0,2.0,3927.0
120.0,11.0,2.0,333.0
120.0,14.0,3791.0,2555.0
120.0,21.0,2.0,3858.0
120.0,23.0,2420.0,3642.0
120.0,31.0,3792.0,645.0
120.0,45.0,2421.0,66.0
120.0,47.0,2217.0,1946.0
120.0,48.0,2158.0,2597.0
120.0,53.0,3792.0,2819.0
120.0,54.0,2208.0,1005.0
120.0,56.0,2423.0,949.0
120.0,61.0,3318.0,3323.0
120.0,62.0,2421.0,197.0
120.0,80.0,2209.0,1824.0
120.0,81.0,1436.0,2148.0
120.0,82.0,2854.0,595.0
120.0,84.0,1436.0,2269.0
120.0,94.0,3318.0,648.0
120.0,96.0,2.0,339.0
120.0,117.0,3318.0,137.0
120.0,120.0,3786.0,2858.0
120.0,130.0,2.0,1939.0
120.0,133.0,2859.0,1840.0
120.0,137.0,629.0,3680.0
120.0,143.0,3788.0,2564.0
120.0,153.0,3318.0,3221.0
120.0,158.0,2159.0,497.0
120.0,160.0,2209.0,245.0
120.0,164.0,1.0,3489.0
120.0,167.0,631.0,3372.0
120.0,178.0,2859.0,3516.0
120.0,190.0,2216.0,152.0
120.0,193.0,3792.0,602.0
120.0,218.0,2160.0,148.0
120.0,224.0,1317.0,1059.0
120.0,230.0,2855.0,1726.0
120.0,232.0,2424.0,1374.0
120.0,237.0,2273.0,1674.0
120.0,241.0,1436.0,2560.0
120.0,247.0,3505.0,730.0
120.0,253.0,1436.0,2126.0
120.0,256.0,629.0,2976.0
120.0,258.0,3788.0,2129.0
120.0,275.0,631.0,82.0
120.0,277.0,2160.0,2277.0
120.0,284.0,1436.0,2932.0
120.0,337.0,1317.0,3023.0
121.0,4.0,2966.0,3351.0
121.0,7.0,2966.0,973.0
121.0,8.0,2966.0,2871.0
121.0,14.0,2966.0,1255.0
121.0,18.0,2966.0,30.0
121.0,22.0,2966.0,2495.0
121.0,33.0,2966.0,1651.0
121.0,42.0,2966.0,3191.0
121.0,48.0,2966.0,3374.0
121.0,49.0,2966.0,172.0
121.0,53.0,2966.0,178.0
121.0,60.0,2966.0,1381.0
121.0,61.0,2966.0,3729.0
121.0,62.0,2966.0,3882.0
121.0,76.0,2966.0,1383.0
121.0,77.0,2966.0,2966.0
121.0,81.0,2966.0,387.0
121.0,83.0,2966.0,1726.0
121.0,85.0,2966.0,1590.0
121.0,103.0,2966.0,239.0
121.0,117.0,2966.0,137.0
121.0,121.0,2966.0,2966.0
121.0,124.0,2966.0,3066.0
121.0,129.0,2966.0,827.0
121.0,131.0,2966.0,3955.0
121.0,133.0,2966.0,3595.0
121.0,137.0,2966.0,3680.0
121.0,160.0,2966.0,493.0
121.0,168.0,2966.0,2464.0
121.0,174.0,2966.0,1622.0
121.0,178.0,2966.0,2530.0
121.0,183.0,2966.0,1585.0
121.0,195.0,2966.0,3679.0
121.0,214.0,2966.0,2876.0
121.0,215.0,2966.0,1464.0
121.0,223.0,2966.0,754.0
121.0,226.0,2966.0,1434.0
121.0,229.0,2966.0,2933.0
121.0,244.0,2966.0,3809.0
121.0,250.0,2966.0,1259.0
121.0,260.0,2966.0,943.0
121.0,266.0,2966.0,2335.0
121.0,274.0,2966.0,1637.0
121.0,275.0,2966.0,989.0
121.0,284.0,2966.0,2932.0
121.0,298.0,2966.0,1620.0
121.0,311.0,2966.0,253.0
121.0,316.0,2966.0,1868.0
121.0,327.0,2966.0,1621.0
121.0,328.0,2966.0,3783.0
121.0,332.0,2966.0,1070.0
122.0,1.0,2009.0,1898.0
122.0,2.0,2024.0,3263.0
122.0,3.0,2954.0,2443.0
122.0,5.0,2954.0,2010.0
122.0,6.0,570.0,3944.0
122.0,7.0,3661.0,973.0
122.0,11.0,570.0,333.0
122.0,12.0,570.0,635.0
122.0,15.0,2009.0,2030.0
122.0,16.0,2033.0,3239.0
122.0,18.0,235.0,437.0
122.0,20.0,569.0,1890.0
122.0,21.0,569.0,113.0
122.0,24.0,2009.0,2284.0
122.0,27.0,2031.0,3660.0
122.0,28.0,235.0,2046.0
122.0,30.0,2024.0,3966.0
122.0,37.0,2032.0,3307.0
122.0,41.0,570.0,331.0
122.0,43.0,3661.0,682.0
122.0,44.0,2032.0,85.0
122.0,45.0,2033.0,771.0
122.0,46.0,2033.0,1509.0
122.0,48.0,2954.0,820.0
122.0,49.0,2031.0,3117.0
122.0,50.0,2032.0,78.0
122.0,51.0,2954.0,2580.0
122.0,53.0,2009.0,2838.0
122.0,54.0,2024.0,394.0
122.0,55.0,2954.0,690.0
122.0,60.0,235.0,1539.0
122.0,61.0,569.0,1793.0
122.0,62.0,2009.0,776.0
122.0,67.0,3661.0,1420.0
122.0,68.0,235.0,440.0
122.0,70.0,2024.0,1598.0
122.0,72.0,2033.0,41.0
122.0,73.0,3661.0,333.0
122.0,74.0,2024.0,45.0
122.0,75.0,2009.0,974.0
122.0,78.0,3661.0,86.0
122.0,88.0,2024.0,688.0
122.0,89.0,569.0,3903.0
122.0,90.0,570.0,1416.0
122.0,91.0,2009.0,3283.0
122.0,93.0,235.0,2921.0
122.0,95.0,2009.0,3404.0
122.0,97.0,3661.0,2443.0
122.0,98.0,2031.0,1419.0
122.0,101.0,2024.0,372.0
122.0,102.0,2009.0,3306.0
122.0,103.0,569.0,239.0
122.0,107.0,2009.0,3004.0
122.0,110.0,2033.0,2877.0
122.0,114.0,2024.0,2044.0
122.0,115.0,2031.0,83.0
122.0,116.0,570.0,2667.0
122.0,119.0,570.0,233.0
122.0,122.0,570.0,2954.0
122.0,123.0,569.0,682.0
122.0,125.0,2009.0,720.0
122.0,128.0,2033.0,2015.0
122.0,129.0,2033.0,826.0
122.0,132.0,2954.0,3205.0
122.0,134.0,235.0,471.0
122.0,137.0,3661.0,3680.0
122.0,141.0,3661.0,238.0
122.0,142.0,570.0,685.0
122.0,146.0,2009.0,483.0
122.0,147.0,2009.0,337.0
122.0,149.0,569.0,2049.0
122.0,153.0,235.0,2347.0
122.0,154.0,235.0,1640.0
122.0,163.0,235.0,398.0
122.0,167.0,3661.0,3372.0
122.0,168.0,235.0,2464.0
122.0,169.0,3661.0,662.0
122.0,171.0,570.0,1543.0
122.0,172.0,2954.0,1885.0
122.0,175.0,2032.0,661.0
122.0,178.0,2032.0,107.0
122.0,181.0,2009.0,2221.0
122.0,182.0,235.0,2008.0
122.0,183.0,2009.0,150.0
122.0,185.0,3661.0,703.0
122.0,187.0,3661.0,2512.0
122.0,189.0,570.0,467.0
122.0,190.0,2954.0,2721.0
122.0,192.0,2009.0,2288.0
122.0,196.0,2024.0,436.0
122.0,197.0,2009.0,2415.0
122.0,199.0,2032.0,2167.0
122.0,201.0,2032.0,1389.0
122.0,203.0,570.0,1444.0
122.0,205.0,570.0,2717.0
122.0,206.0,2033.0,1892.0
122.0,209.0,570.0,2134.0
122.0,213.0,2033.0,829.0
122.0,215.0,2031.0,149.0
122.0,218.0,3661.0,148.0
122.0,221.0,2009.0,167.0
122.0,223.0,2033.0,15.0
122.0,225.0,2009.0,84.0
122.0,227.0,2031.0,2184.0
122.0,229.0,570.0,2933.0
122.0,233.0,2024.0,1554.0
122.0,236.0,570.0,1916.0
122.0,241.0,2009.0,2562.0
122.0,243.0,2024.0,260.0
122.0,248.0,2024.0,711.0
122.0,250.0,2031.0,1259.0
122.0,251.0,2024.0,1085.0
122.0,254.0,2031.0,2977.0
122.0,262.0,570.0,2505.0
122.0,273.0,2031.0,48.0
122.0,275.0,2024.0,55.0
122.0,276.0,2954.0,1919.0
122.0,277.0,2009.0,3061.0
122.0,278.0,235.0,1896.0
122.0,279.0,2024.0,212.0
122.0,280.0,2009.0,2894.0
122.0,281.0,570.0,3391.0
122.0,295.0,2009.0,1419.0
122.0,298.0,3661.0,1620.0
122.0,307.0,570.0,248.0
122.0,308.0,3661.0,542.0
122.0,310.0,570.0,710.0
122.0,311.0,2954.0,253.0
122.0,314.0,3661.0,1417.0
122.0,325.0,569.0,3130.0
122.0,331.0,2009.0,578.0
122.0,333.0,2009.0,256.0
122.0,334.0,3661.0,149.0
122.0,339.0,2031.0,2586.0
122.0,341.0,2009.0,3951.0
123.0,1.0,682.0,704.0
123.0,2.0,682.0,2040.0
123.0,3.0,682.0,2443.0
123.0,5.0,682.0,54.0
123.0,7.0,682.0,3188.0
123.0,11.0,682.0,333.0
123.0,12.0,682.0,635.0
123.0,13.0,682.0,2390.0
123.0,15.0,682.0,717.0
123.0,16.0,682.0,2457.0
123.0,18.0,682.0,3512.0
123.0,20.0,682.0,1895.0
123.0,24.0,682.0,1490.0
123.0,27.0,682.0,684.0
123.0,43.0,682.0,682.0
123.0,44.0,682.0,3593.0
123.0,50.0,682.0,990.0
123.0,66.0,682.0,3952.0
123.0,70.0,682.0,1598.0
123.0,72.0,682.0,42.0
123.0,74.0,682.0,2055.0
123.0,77.0,682.0,1725.0
123.0,78.0,682.0,86.0
123.0,99.0,682.0,234.0
123.0,114.0,682.0,2045.0
123.0,117.0,682.0,137.0
123.0,122.0,682.0,570.0
123.0,123.0,682.0,682.0
123.0,125.0,682.0,720.0
123.0,128.0,682.0,2018.0
123.0,134.0,682.0,473.0
123.0,143.0,682.0,393.0
123.0,154.0,682.0,3580.0
123.0,163.0,682.0,147.0
123.0,178.0,682.0,2993.0
123.0,182.0,682.0,2598.0
123.0,197.0,682.0,350.0
123.0,205.0,682.0,3244.0
123.0,206.0,682.0,1892.0
123.0,218.0,682.0,148.0
123.0,223.0,682.0,725.0
123.0,234.0,682.0,145.0
123.0,236.0,682.0,1916.0
123.0,248.0,682.0,697.0
123.0,334.0,682.0,149.0
124.0,10.0,1302.0,1045.0
124.0,24.0,1303.0,3278.0
124.0,29.0,1302.0,366.0
124.0,33.0,1302.0,640.0
124.0,38.0,1303.0,2213.0
124.0,47.0,1303.0,902.0
124.0,53.0,3066.0,850.0
124.0,59.0,1302.0,1260.0
124.0,61.0,1302.0,2789.0
124.0,68.0,3066.0,1642.0
124.0,72.0,1303.0,41.0
124.0,81.0,1303.0,20.0
124.0,82.0,1303.0,595.0
124.0,85.0,1303.0,1654.0
124.0,104.0,3066.0,1448.0
124.0,124.0,3066.0,3066.0
124.0,133.0,3066.0,1838.0
124.0,135.0,1302.0,788.0
124.0,159.0,3066.0,1621.0
124.0,164.0,1302.0,1712.0
124.0,170.0,1303.0,2827.0
124.0,174.0,3066.0,1908.0
124.0,178.0,3066.0,3461.0
124.0,179.0,1303.0,1673.0
124.0,197.0,1302.0,348.0
124.0,201.0,3066.0,1389.0
124.0,204.0,1302.0,1684.0
124.0,214.0,1303.0,131.0
124.0,222.0,1302.0,181.0
124.0,226.0,1303.0,1434.0
124.0,237.0,1303.0,3060.0
124.0,244.0,3066.0,3037.0
124.0,250.0,3066.0,1259.0
124.0,266.0,1303.0,1263.0
124.0,267.0,1303.0,3328.0
124.0,274.0,1303.0,1637.0
124.0,279.0,3066.0,221.0
124.0,284.0,1303.0,2932.0
124.0,285.0,1303.0,1256.0
124.0,287.0,1302.0,1258.0
124.0,298.0,3066.0,2981.0
124.0,304.0,1303.0,675.0
124.0,316.0,3066.0,1867.0
124.0,342.0,3066.0,2736.0
125.0,1.0,720.0,704.0
125.0,4.0,720.0,303.0
125.0,5.0,720.0,54.0
125.0,6.0,720.0,910.0
125.0,7.0,720.0,3302.0
125.0,9.0,720.0,2399.0
125.0,10.0,720.0,790.0
125.0,11.0,720.0,333.0
125.0,12.0,720.0,635.0
125.0,13.0,720.0,1610.0
125.0,15.0,720.0,717.0
125.0,16.0,720.0,3239.0
125.0,18.0,720.0,3709.0
125.0,20.0,720.0,1893.0
125.0,23.0,720.0,3132.0
125.0,24.0,720.0,1490.0
125.0,26.0,720.0,3470.0
125.0,27.0,720.0,2463.0
125.0,29.0,720.0,91.0
125.0,30.0,720.0,3966.0
125.0,37.0,720.0,403.0
125.0,41.0,720.0,331.0
125.0,43.0,720.0,686.0
125.0,44.0,720.0,2534.0
125.0,45.0,720.0,773.0
125.0,46.0,720.0,1486.0
125.0,47.0,720.0,1984.0
125.0,48.0,720.0,805.0
125.0,49.0,720.0,1060.0
125.0,50.0,720.0,89.0
125.0,51.0,720.0,2580.0
125.0,53.0,720.0,853.0
125.0,54.0,720.0,2550.0
125.0,56.0,720.0,1026.0
125.0,58.0,720.0,3070.0
125.0,61.0,720.0,656.0
125.0,62.0,720.0,3388.0
125.0,64.0,720.0,824.0
125.0,68.0,720.0,594.0
125.0,69.0,720.0,213.0
125.0,70.0,720.0,1598.0
125.0,72.0,720.0,323.0
125.0,74.0,720.0,1488.0
125.0,86.0,720.0,1559.0
125.0,88.0,720.0,688.0
125.0,89.0,720.0,3903.0
125.0,91.0,720.0,2762.0
125.0,95.0,720.0,3231.0
125.0,97.0,720.0,236.0
125.0,102.0,720.0,3306.0
125.0,103.0,720.0,239.0
125.0,113.0,720.0,1450.0
125.0,114.0,720.0,3852.0
125.0,115.0,720.0,83.0
125.0,117.0,720.0,137.0
125.0,118.0,720.0,352.0
125.0,122.0,720.0,570.0
125.0,123.0,720.0,682.0
125.0,125.0,720.0,720.0
125.0,128.0,720.0,3262.0
125.0,132.0,720.0,3243.0
125.0,134.0,720.0,3051.0
125.0,135.0,720.0,3908.0
125.0,140.0,720.0,3252.0
125.0,141.0,720.0,238.0
125.0,142.0,720.0,685.0
125.0,147.0,720.0,87.0
125.0,151.0,720.0,86.0
125.0,156.0,720.0,828.0
125.0,157.0,720.0,2449.0
125.0,162.0,720.0,353.0
125.0,163.0,720.0,398.0
125.0,167.0,720.0,53.0
125.0,168.0,720.0,1707.0
125.0,169.0,720.0,662.0
125.0,171.0,720.0,1543.0
125.0,172.0,720.0,2668.0
125.0,173.0,720.0,470.0
125.0,178.0,720.0,1435.0
125.0,183.0,720.0,150.0
125.0,184.0,720.0,2450.0
125.0,185.0,720.0,687.0
125.0,190.0,720.0,3974.0
125.0,191.0,720.0,435.0
125.0,195.0,720.0,3800.0
125.0,196.0,720.0,3288.0
125.0,198.0,720.0,826.0
125.0,199.0,720.0,1409.0
125.0,206.0,720.0,1892.0
125.0,212.0,720.0,354.0
125.0,215.0,720.0,149.0
125.0,221.0,720.0,167.0
125.0,223.0,720.0,728.0
125.0,224.0,720.0,376.0
125.0,225.0,720.0,84.0
125.0,227.0,720.0,2184.0
125.0,234.0,720.0,3058.0
125.0,235.0,720.0,2686.0
125.0,236.0,720.0,1916.0
125.0,243.0,720.0,260.0
125.0,247.0,720.0,729.0
125.0,248.0,720.0,3659.0
125.0,251.0,720.0,1085.0
125.0,262.0,720.0,2506.0
125.0,263.0,720.0,824.0
125.0,273.0,720.0,48.0
125.0,275.0,720.0,317.0
125.0,278.0,720.0,694.0
125.0,292.0,720.0,3581.0
125.0,294.0,720.0,3080.0
125.0,328.0,720.0,3656.0
125.0,334.0,720.0,149.0
126.0,2.0,2139.0,2613.0
126.0,8.0,2139.0,207.0
126.0,10.0,2139.0,453.0
126.0,14.0,2139.0,2884.0
126.0,22.0,2139.0,528.0
126.0,25.0,2139.0,206.0
126.0,26.0,2139.0,3469.0
126.0,38.0,2139.0,3953.0
126.0,44.0,2139.0,2534.0
126.0,45.0,2139.0,779.0
126.0,47.0,2139.0,1996.0
126.0,54.0,2139.0,1003.0
126.0,56.0,2139.0,949.0
126.0,57.0,2139.0,1068.0
126.0,61.0,2139.0,939.0
126.0,62.0,2139.0,3425.0
126.0,63.0,2139.0,2742.0
126.0,66.0,2139.0,590.0
126.0,79.0,2139.0,2240.0
126.0,96.0,2139.0,338.0
126.0,106.0,2139.0,3396.0
126.0,113.0,2139.0,1450.0
126.0,120.0,2139.0,3033.0
126.0,126.0,2139.0,2139.0
126.0,136.0,2139.0,3865.0
126.0,140.0,2139.0,3254.0
126.0,143.0,2139.0,2281.0
126.0,158.0,2139.0,242.0
126.0,162.0,2139.0,353.0
126.0,176.0,2139.0,2962.0
126.0,178.0,2139.0,3670.0
126.0,199.0,2139.0,1409.0
126.0,208.0,2139.0,3628.0
126.0,210.0,2139.0,256.0
126.0,212.0,2139.0,354.0
126.0,242.0,2139.0,193.0
126.0,252.0,2139.0,259.0
126.0,253.0,2139.0,1391.0
126.0,259.0,2139.0,2101.0
126.0,265.0,2139.0,3062.0
126.0,283.0,2139.0,541.0
126.0,312.0,2139.0,351.0
126.0,313.0,2139.0,3377.0
126.0,320.0,2139.0,352.0
127.0,5.0,2111.0,2011.0
127.0,21.0,1835.0,111.0
127.0,22.0,2106.0,518.0
127.0,23.0,2111.0,2145.0
127.0,25.0,2109.0,489.0
127.0,34.0,2106.0,2105.0
127.0,45.0,2110.0,2458.0
127.0,61.0,2108.0,3320.0
127.0,66.0,2111.0,590.0
127.0,70.0,1835.0,2193.0
127.0,81.0,2110.0,2148.0
127.0,84.0,2106.0,2269.0
127.0,100.0,2111.0,1547.0
127.0,109.0,2108.0,2224.0
127.0,118.0,2110.0,352.0
127.0,126.0,2106.0,2139.0
127.0,127.0,2110.0,2106.0
127.0,135.0,2106.0,3911.0
127.0,139.0,2110.0,538.0
127.0,140.0,1835.0,2299.0
127.0,144.0,2108.0,1546.0
127.0,162.0,2109.0,353.0
127.0,176.0,2108.0,503.0
127.0,178.0,2107.0,1541.0
127.0,181.0,2108.0,2221.0
127.0,200.0,2109.0,1067.0
127.0,201.0,2111.0,1389.0
127.0,212.0,2107.0,354.0
127.0,223.0,2108.0,1917.0
127.0,227.0,2109.0,1662.0
127.0,253.0,2109.0,1391.0
127.0,259.0,2109.0,2102.0
127.0,261.0,2108.0,650.0
127.0,265.0,2110.0,3698.0
127.0,289.0,2109.0,2102.0
127.0,320.0,2109.0,2037.0
128.0,1.0,580.0,160.0
128.0,2.0,2023.0,972.0
128.0,3.0,2019.0,2443.0
128.0,5.0,580.0,2011.0
128.0,6.0,2015.0,1104.0
128.0,9.0,3262.0,1355.0
128.0,10.0,3262.0,3881.0
128.0,11.0,2014.0,333.0
128.0,12.0,2021.0,635.0
128.0,13.0,2023.0,154.0
128.0,15.0,579.0,2030.0
128.0,16.0,3262.0,3241.0
128.0,18.0,2023.0,3968.0
128.0,23.0,2016.0,311.0
128.0,24.0,579.0,1046.0
128.0,27.0,580.0,2463.0
128.0,28.0,2021.0,3015.0
128.0,29.0,2022.0,3271.0
128.0,30.0,580.0,3966.0
128.0,36.0,2022.0,255.0
128.0,37.0,2021.0,403.0
128.0,41.0,2021.0,356.0
128.0,43.0,579.0,686.0
128.0,44.0,580.0,85.0
128.0,45.0,2018.0,797.0
128.0,48.0,3262.0,807.0
128.0,50.0,2021.0,89.0
128.0,51.0,2021.0,2580.0
128.0,54.0,2020.0,1656.0
128.0,55.0,580.0,3845.0
128.0,56.0,2019.0,1025.0
128.0,60.0,2021.0,1538.0
128.0,62.0,2016.0,209.0
128.0,68.0,2022.0,1054.0
128.0,72.0,2021.0,1028.0
128.0,73.0,2021.0,333.0
128.0,74.0,3262.0,2038.0
128.0,77.0,2019.0,2960.0
128.0,78.0,3262.0,86.0
128.0,81.0,2017.0,20.0
128.0,90.0,580.0,1413.0
128.0,93.0,2019.0,463.0
128.0,95.0,2016.0,3405.0
128.0,102.0,579.0,3306.0
128.0,103.0,580.0,2468.0
128.0,110.0,3262.0,2877.0
128.0,111.0,580.0,1471.0
128.0,121.0,579.0,2966.0
128.0,122.0,2014.0,2033.0
128.0,128.0,2021.0,580.0
128.0,132.0,2021.0,2593.0
128.0,134.0,2020.0,473.0
128.0,143.0,2013.0,2281.0
128.0,147.0,2021.0,87.0
128.0,163.0,2016.0,398.0
128.0,165.0,3262.0,254.0
128.0,167.0,2022.0,3373.0
128.0,168.0,579.0,2464.0
128.0,169.0,2023.0,662.0
128.0,182.0,3262.0,2598.0
128.0,192.0,2015.0,2288.0
128.0,196.0,2023.0,322.0
128.0,197.0,2022.0,330.0
128.0,201.0,2013.0,1389.0
128.0,206.0,3262.0,1892.0
128.0,217.0,2019.0,976.0
128.0,223.0,3262.0,2725.0
128.0,236.0,2020.0,659.0
128.0,248.0,3348.0,3659.0
128.0,252.0,2019.0,259.0
128.0,273.0,2013.0,48.0
128.0,292.0,2016.0,142.0
128.0,312.0,2023.0,251.0
128.0,314.0,3262.0,2026.0
128.0,328.0,2023.0,3292.0
128.0,329.0,2015.0,417.0
128.0,331.0,579.0,578.0
129.0,2.0,825.0,718.0
129.0,5.0,1846.0,2011.0
129.0,7.0,833.0,2655.0
129.0,10.0,862.0,3247.0
129.0,11.0,862.0,333.0
129.0,12.0,825.0,3392.0
129.0,14.0,825.0,2131.0
129.0,18.0,825.0,84.0
129.0,20.0,827.0,1894.0
129.0,23.0,826.0,3132.0
129.0,30.0,827.0,3966.0
129.0,37.0,827.0,403.0
129.0,41.0,833.0,400.0
129.0,44.0,833.0,85.0
129.0,45.0,825.0,773.0
129.0,47.0,827.0,1989.0
129.0,48.0,826.0,72.0
129.0,53.0,825.0,17.0
129.0,54.0,833.0,3634.0
129.0,61.0,827.0,1477.0
129.0,62.0,827.0,390.0
129.0,64.0,827.0,824.0
129.0,68.0,827.0,1641.0
129.0,72.0,833.0,3287.0
129.0,73.0,862.0,401.0
129.0,74.0,826.0,45.0
129.0,78.0,1846.0,86.0
129.0,88.0,862.0,688.0
129.0,89.0,826.0,3903.0
129.0,90.0,827.0,1418.0
129.0,91.0,826.0,3283.0
129.0,95.0,1846.0,47.0
129.0,103.0,1846.0,2468.0
129.0,107.0,1846.0,871.0
129.0,115.0,862.0,83.0
129.0,117.0,862.0,137.0
129.0,120.0,827.0,1.0
129.0,125.0,862.0,720.0
129.0,129.0,827.0,825.0
129.0,135.0,827.0,788.0
129.0,147.0,1846.0,337.0
129.0,151.0,862.0,86.0
129.0,156.0,827.0,829.0
129.0,167.0,833.0,3373.0
129.0,168.0,826.0,1707.0
129.0,178.0,833.0,2526.0
129.0,187.0,826.0,81.0
129.0,190.0,1846.0,3974.0
129.0,191.0,827.0,138.0
129.0,198.0,862.0,826.0
129.0,200.0,833.0,1067.0
129.0,209.0,825.0,2134.0
129.0,213.0,1846.0,829.0
129.0,214.0,826.0,3733.0
129.0,216.0,826.0,1606.0
129.0,223.0,827.0,2517.0
129.0,225.0,833.0,84.0
129.0,226.0,862.0,1434.0
129.0,227.0,827.0,2184.0
129.0,234.0,825.0,145.0
129.0,238.0,862.0,2588.0
129.0,247.0,1846.0,3458.0
129.0,252.0,827.0,2200.0
129.0,263.0,862.0,824.0
129.0,275.0,862.0,989.0
129.0,317.0,833.0,136.0
129.0,326.0,833.0,3556.0
129.0,328.0,862.0,832.0
129.0,329.0,862.0,420.0
129.0,338.0,833.0,1868.0
129.0,342.0,833.0,1209.0
130.0,7.0,1962.0,973.0
130.0,8.0,1939.0,571.0
130.0,11.0,1431.0,333.0
130.0,14.0,1963.0,1186.0
130.0,22.0,601.0,2760.0
130.0,25.0,601.0,206.0
130.0,31.0,600.0,2922.0
130.0,38.0,1431.0,2210.0
130.0,44.0,1939.0,85.0
130.0,47.0,601.0,3648.0
130.0,48.0,1431.0,803.0
130.0,53.0,1431.0,851.0
130.0,54.0,601.0,3949.0
130.0,55.0,1431.0,3184.0
130.0,57.0,601.0,2211.0
130.0,60.0,1963.0,1381.0
130.0,61.0,1431.0,2670.0
130.0,66.0,599.0,590.0
130.0,68.0,1962.0,346.0
130.0,75.0,601.0,974.0
130.0,82.0,600.0,1979.0
130.0,93.0,1939.0,2942.0
130.0,107.0,1431.0,2357.0
130.0,116.0,1431.0,1967.0
130.0,120.0,1431.0,2425.0
130.0,130.0,601.0,1431.0
130.0,135.0,1431.0,583.0
130.0,143.0,1431.0,2564.0
130.0,148.0,1431.0,2268.0
130.0,156.0,1963.0,828.0
130.0,166.0,1962.0,3678.0
130.0,172.0,1961.0,1886.0
130.0,176.0,1963.0,2962.0
130.0,178.0,601.0,2482.0
130.0,184.0,1767.0,1970.0
130.0,193.0,1431.0,1940.0
130.0,223.0,1431.0,270.0
130.0,229.0,601.0,2933.0
130.0,230.0,1962.0,2964.0
130.0,243.0,600.0,2352.0
130.0,260.0,601.0,944.0
130.0,266.0,1431.0,1263.0
130.0,308.0,1963.0,542.0
130.0,327.0,1431.0,1621.0
131.0,2.0,1692.0,979.0
131.0,7.0,1692.0,1120.0
131.0,14.0,1692.0,1266.0
131.0,18.0,1691.0,1484.0
131.0,21.0,3955.0,2093.0
131.0,23.0,3955.0,2713.0
131.0,26.0,1692.0,3473.0
131.0,33.0,1692.0,3128.0
131.0,41.0,3956.0,2551.0
131.0,45.0,3956.0,362.0
131.0,50.0,3956.0,990.0
131.0,52.0,1691.0,1842.0
131.0,53.0,1691.0,854.0
131.0,54.0,3956.0,3222.0
131.0,56.0,1384.0,643.0
131.0,59.0,1692.0,1827.0
131.0,61.0,3955.0,2162.0
131.0,66.0,1692.0,3394.0
131.0,70.0,3955.0,1598.0
131.0,72.0,3955.0,34.0
131.0,77.0,1384.0,2961.0
131.0,81.0,3956.0,2963.0
131.0,83.0,1692.0,1726.0
131.0,85.0,1384.0,1590.0
131.0,94.0,1691.0,648.0
131.0,112.0,1384.0,1717.0
131.0,121.0,1384.0,2966.0
131.0,129.0,3956.0,827.0
131.0,131.0,1692.0,1691.0
131.0,133.0,1384.0,1016.0
131.0,135.0,1691.0,766.0
131.0,137.0,3955.0,2928.0
131.0,141.0,1691.0,1708.0
131.0,160.0,1692.0,2730.0
131.0,162.0,3955.0,353.0
131.0,178.0,1384.0,1541.0
131.0,183.0,1692.0,150.0
131.0,195.0,1692.0,188.0
131.0,197.0,1691.0,2415.0
131.0,214.0,3956.0,129.0
131.0,217.0,1691.0,976.0
131.0,222.0,3955.0,180.0
131.0,226.0,3956.0,1434.0
131.0,228.0,3955.0,2898.0
131.0,229.0,3956.0,2932.0
131.0,230.0,3955.0,1726.0
131.0,233.0,3955.0,1553.0
131.0,235.0,3956.0,2686.0
131.0,241.0,3956.0,3023.0
131.0,244.0,3956.0,3037.0
131.0,247.0,1384.0,3873.0
131.0,260.0,3955.0,943.0
131.0,266.0,3955.0,1860.0
131.0,274.0,1384.0,1634.0
131.0,286.0,3956.0,1383.0
131.0,293.0,3955.0,1264.0
131.0,298.0,3956.0,1265.0
131.0,311.0,1691.0,253.0
131.0,313.0,3956.0,2815.0
131.0,333.0,3955.0,256.0
131.0,342.0,3955.0,1209.0
132.0,2.0,3205.0,2040.0
132.0,3.0,3205.0,2443.0
132.0,6.0,1481.0,3198.0
132.0,7.0,3202.0,799.0
132.0,10.0,2006.0,3927.0
132.0,11.0,3183.0,333.0
132.0,14.0,3202.0,2890.0
132.0,15.0,2593.0,2956.0
132.0,17.0,2593.0,2147.0
132.0,18.0,3205.0,60.0
132.0,24.0,2593.0,3189.0
132.0,25.0,3183.0,1971.0
132.0,27.0,3243.0,684.0
132.0,28.0,3183.0,2046.0
132.0,29.0,3202.0,3170.0
132.0,37.0,2593.0,3533.0
132.0,41.0,3205.0,3899.0
132.0,43.0,3205.0,686.0
132.0,44.0,3183.0,3593.0
132.0,45.0,3204.0,64.0
132.0,46.0,3205.0,1515.0
132.0,47.0,3243.0,2544.0
132.0,48.0,2006.0,818.0
132.0,50.0,3202.0,2000.0
132.0,51.0,3202.0,2580.0
132.0,54.0,3205.0,2550.0
132.0,55.0,3243.0,3843.0
132.0,56.0,3205.0,3573.0
132.0,61.0,2593.0,3950.0
132.0,62.0,3202.0,3366.0
132.0,67.0,3203.0,375.0
132.0,68.0,3183.0,1642.0
132.0,72.0,3243.0,324.0
132.0,73.0,2593.0,3021.0
132.0,74.0,3203.0,45.0
132.0,75.0,3243.0,974.0
132.0,78.0,3202.0,86.0
132.0,87.0,2006.0,1446.0
132.0,91.0,1481.0,1668.0
132.0,95.0,2593.0,3245.0
132.0,98.0,3203.0,1419.0
132.0,101.0,3243.0,1660.0
132.0,102.0,1481.0,3306.0
132.0,103.0,2593.0,2468.0
132.0,115.0,2593.0,1055.0
132.0,116.0,3183.0,3352.0
132.0,122.0,3243.0,2954.0
132.0,128.0,2593.0,2020.0
132.0,132.0,3205.0,3202.0
132.0,143.0,3203.0,2281.0
132.0,147.0,1481.0,337.0
132.0,149.0,3202.0,2049.0
132.0,154.0,3202.0,1640.0
132.0,169.0,3183.0,662.0
132.0,171.0,3203.0,1543.0
132.0,178.0,3243.0,1284.0
132.0,182.0,3203.0,2598.0
132.0,185.0,2593.0,1543.0
132.0,192.0,2593.0,2288.0
132.0,196.0,3204.0,3288.0
132.0,209.0,2593.0,2134.0
132.0,227.0,3243.0,1662.0
132.0,234.0,3243.0,145.0
132.0,238.0,3203.0,1468.0
132.0,241.0,3203.0,2039.0
132.0,243.0,2006.0,3175.0
132.0,248.0,2006.0,697.0
132.0,252.0,3183.0,2200.0
132.0,275.0,3203.0,2783.0
132.0,281.0,2006.0,3391.0
132.0,285.0,3243.0,1387.0
132.0,292.0,3183.0,142.0
133.0,2.0,1840.0,718.0
133.0,4.0,1386.0,1198.0
133.0,6.0,1836.0,265.0
133.0,8.0,1838.0,573.0
133.0,9.0,3942.0,1371.0
133.0,14.0,1838.0,1313.0
133.0,15.0,1838.0,2030.0
133.0,16.0,1838.0,2878.0
133.0,18.0,1019.0,444.0
133.0,21.0,1838.0,3965.0
133.0,29.0,1840.0,3551.0
133.0,32.0,3046.0,1824.0
133.0,33.0,1838.0,3806.0
133.0,39.0,1016.0,3029.0
133.0,40.0,672.0,1676.0
133.0,42.0,1016.0,3191.0
133.0,47.0,1838.0,3101.0
133.0,48.0,1839.0,2540.0
133.0,52.0,1019.0,1350.0
133.0,53.0,3892.0,388.0
133.0,54.0,3894.0,2542.0
133.0,56.0,1016.0,643.0
133.0,58.0,1838.0,3069.0
133.0,59.0,1821.0,1260.0
133.0,61.0,1016.0,2363.0
133.0,62.0,1016.0,2407.0
133.0,66.0,3887.0,2181.0
133.0,69.0,3092.0,213.0
133.0,76.0,1838.0,1383.0
133.0,77.0,1838.0,1725.0
133.0,80.0,1016.0,1824.0
133.0,81.0,1838.0,3683.0
133.0,85.0,1845.0,1373.0
133.0,86.0,3821.0,1559.0
133.0,91.0,3888.0,1668.0
133.0,95.0,1839.0,3238.0
133.0,97.0,671.0,3594.0
133.0,108.0,3893.0,1720.0
133.0,112.0,1016.0,1717.0
133.0,118.0,1694.0,352.0
133.0,120.0,1839.0,3790.0
133.0,121.0,1016.0,2966.0
133.0,122.0,1016.0,570.0
133.0,124.0,1844.0,3066.0
133.0,127.0,1016.0,2109.0
133.0,128.0,1016.0,579.0
133.0,131.0,1016.0,1384.0
133.0,133.0,1838.0,1820.0
133.0,137.0,1017.0,2928.0
133.0,138.0,1921.0,1711.0
133.0,139.0,1016.0,532.0
133.0,140.0,3099.0,2466.0
133.0,145.0,1016.0,1716.0
133.0,155.0,1016.0,1023.0
133.0,156.0,1016.0,829.0
133.0,159.0,1838.0,1621.0
133.0,163.0,1838.0,398.0
133.0,164.0,1838.0,678.0
133.0,166.0,1838.0,2781.0
133.0,170.0,1694.0,2827.0
133.0,178.0,1838.0,3715.0
133.0,182.0,3100.0,2598.0
133.0,188.0,3894.0,2232.0
133.0,197.0,1645.0,335.0
133.0,200.0,3094.0,3447.0
133.0,201.0,1474.0,1389.0
133.0,204.0,1016.0,1696.0
133.0,207.0,5.0,1024.0
133.0,214.0,3943.0,2745.0
133.0,217.0,1016.0,976.0
133.0,219.0,1838.0,1695.0
133.0,220.0,1016.0,1719.0
133.0,223.0,1836.0,2520.0
133.0,224.0,1838.0,993.0
133.0,226.0,3943.0,1434.0
133.0,227.0,3821.0,2184.0
133.0,229.0,1019.0,2932.0
133.0,232.0,1017.0,1374.0
133.0,235.0,3035.0,2695.0
133.0,237.0,3822.0,1674.0
133.0,239.0,1820.0,3409.0
133.0,244.0,1016.0,3037.0
133.0,245.0,3895.0,2327.0
133.0,249.0,1840.0,1069.0
133.0,260.0,669.0,1205.0
133.0,261.0,673.0,650.0
133.0,266.0,1015.0,2919.0
133.0,272.0,1016.0,2155.0
133.0,279.0,3822.0,2144.0
133.0,284.0,1016.0,2932.0
133.0,287.0,2128.0,1258.0
133.0,288.0,1837.0,1927.0
133.0,290.0,1838.0,1020.0
133.0,291.0,1474.0,2537.0
133.0,293.0,3595.0,1264.0
133.0,294.0,3893.0,3080.0
133.0,298.0,3092.0,2981.0
133.0,300.0,1838.0,1716.0
133.0,304.0,1838.0,3107.0
133.0,309.0,1624.0,1379.0
133.0,315.0,1821.0,1922.0
133.0,316.0,1016.0,1867.0
133.0,318.0,3097.0,3069.0
133.0,319.0,1016.0,3633.0
133.0,324.0,1624.0,1443.0
133.0,327.0,1838.0,1621.0
133.0,343.0,1837.0,1678.0
134.0,2.0,3047.0,2613.0
134.0,5.0,474.0,2011.0
134.0,7.0,3300.0,3549.0
134.0,8.0,3539.0,572.0
134.0,9.0,472.0,1352.0
134.0,10.0,475.0,3884.0
134.0,11.0,3049.0,333.0
134.0,12.0,475.0,3392.0
134.0,14.0,471.0,3135.0
134.0,15.0,471.0,712.0
134.0,16.0,2927.0,2457.0
134.0,17.0,2927.0,550.0
134.0,19.0,3301.0,256.0
134.0,20.0,3539.0,1912.0
134.0,22.0,2926.0,2497.0
134.0,23.0,474.0,2840.0
134.0,27.0,472.0,713.0
134.0,28.0,471.0,3015.0
134.0,30.0,3048.0,3966.0
134.0,36.0,475.0,255.0
134.0,37.0,471.0,3307.0
134.0,38.0,476.0,2212.0
134.0,43.0,476.0,686.0
134.0,44.0,475.0,3593.0
134.0,45.0,471.0,771.0
134.0,46.0,3301.0,1509.0
134.0,50.0,473.0,2000.0
134.0,53.0,472.0,17.0
134.0,54.0,472.0,3224.0
134.0,55.0,3047.0,3845.0
134.0,56.0,3049.0,3573.0
134.0,61.0,471.0,2364.0
134.0,62.0,501.0,77.0
134.0,63.0,472.0,2741.0
134.0,65.0,471.0,1445.0
134.0,67.0,476.0,375.0
134.0,71.0,471.0,1404.0
134.0,72.0,471.0,326.0
134.0,79.0,473.0,2240.0
134.0,84.0,3539.0,2269.0
134.0,86.0,472.0,1559.0
134.0,87.0,3539.0,3074.0
134.0,89.0,501.0,3903.0
134.0,90.0,475.0,2052.0
134.0,91.0,473.0,3281.0
134.0,93.0,3051.0,463.0
134.0,95.0,2927.0,3405.0
134.0,99.0,2927.0,234.0
134.0,101.0,501.0,3013.0
134.0,102.0,501.0,3306.0
134.0,103.0,3053.0,239.0
134.0,105.0,472.0,2117.0
134.0,106.0,471.0,3396.0
134.0,109.0,3051.0,1392.0
134.0,110.0,3539.0,2877.0
134.0,112.0,3301.0,1717.0
134.0,114.0,3539.0,2892.0
134.0,115.0,2927.0,83.0
134.0,119.0,3539.0,233.0
134.0,122.0,2927.0,570.0
134.0,123.0,2926.0,682.0
134.0,128.0,3300.0,2022.0
134.0,134.0,2927.0,2926.0
134.0,141.0,3301.0,238.0
134.0,142.0,2926.0,685.0
134.0,143.0,476.0,2564.0
134.0,146.0,476.0,255.0
134.0,149.0,472.0,2049.0
134.0,152.0,2927.0,3424.0
134.0,153.0,3301.0,561.0
134.0,154.0,474.0,3580.0
134.0,157.0,476.0,2449.0
134.0,165.0,501.0,254.0
134.0,166.0,473.0,3653.0
134.0,167.0,475.0,50.0
134.0,169.0,476.0,662.0
134.0,173.0,476.0,1924.0
134.0,175.0,471.0,661.0
134.0,178.0,471.0,2437.0
134.0,182.0,471.0,2598.0
134.0,184.0,471.0,246.0
134.0,185.0,3052.0,687.0
134.0,186.0,472.0,567.0
134.0,189.0,2927.0,1897.0
134.0,194.0,476.0,2596.0
134.0,203.0,471.0,1444.0
134.0,205.0,472.0,3244.0
134.0,209.0,2926.0,2134.0
134.0,210.0,471.0,256.0
134.0,215.0,3539.0,149.0
134.0,219.0,476.0,1695.0
134.0,223.0,2927.0,267.0
134.0,224.0,473.0,1059.0
134.0,228.0,2926.0,2898.0
134.0,243.0,501.0,2355.0
134.0,248.0,3049.0,711.0
134.0,253.0,3539.0,2126.0
134.0,254.0,472.0,3856.0
134.0,256.0,2926.0,2976.0
134.0,261.0,476.0,1434.0
134.0,263.0,471.0,824.0
134.0,265.0,473.0,2104.0
134.0,267.0,476.0,3328.0
134.0,270.0,471.0,2906.0
134.0,275.0,474.0,989.0
134.0,276.0,2927.0,2944.0
134.0,278.0,3054.0,694.0
134.0,280.0,475.0,2905.0
134.0,295.0,3048.0,1419.0
134.0,296.0,501.0,2182.0
134.0,299.0,471.0,3444.0
134.0,306.0,475.0,1449.0
134.0,310.0,3047.0,693.0
134.0,311.0,475.0,253.0
134.0,313.0,471.0,3377.0
134.0,314.0,3300.0,2049.0
134.0,319.0,471.0,3633.0
134.0,336.0,471.0,255.0
134.0,341.0,475.0,1891.0
135.0,2.0,3154.0,3454.0
135.0,4.0,3154.0,303.0
135.0,6.0,3265.0,1111.0
135.0,8.0,3154.0,191.0
135.0,10.0,3912.0,3310.0
135.0,12.0,3265.0,3392.0
135.0,14.0,583.0,1172.0
135.0,18.0,397.0,3657.0
135.0,20.0,3265.0,2079.0
135.0,21.0,3154.0,225.0
135.0,23.0,3173.0,3379.0
135.0,26.0,3173.0,3473.0
135.0,29.0,788.0,3274.0
135.0,33.0,763.0,1902.0
135.0,41.0,397.0,2551.0
135.0,44.0,3947.0,85.0
135.0,45.0,1597.0,2460.0
135.0,46.0,3265.0,1509.0
135.0,47.0,583.0,1985.0
135.0,48.0,3172.0,2654.0
135.0,50.0,1597.0,1999.0
135.0,53.0,2414.0,909.0
135.0,54.0,3265.0,2872.0
135.0,61.0,3909.0,2219.0
135.0,62.0,3154.0,3384.0
135.0,64.0,3154.0,1081.0
135.0,66.0,3911.0,2989.0
135.0,68.0,2731.0,594.0
135.0,70.0,766.0,1705.0
135.0,76.0,3154.0,1383.0
135.0,78.0,3172.0,86.0
135.0,79.0,3265.0,2239.0
135.0,81.0,765.0,3683.0
135.0,88.0,3947.0,688.0
135.0,89.0,2414.0,3903.0
135.0,91.0,583.0,3282.0
135.0,94.0,763.0,648.0
135.0,103.0,3173.0,239.0
135.0,115.0,766.0,83.0
135.0,120.0,788.0,2272.0
135.0,121.0,3910.0,2966.0
135.0,124.0,788.0,1302.0
135.0,134.0,3400.0,501.0
135.0,135.0,3265.0,3909.0
135.0,140.0,3154.0,3972.0
135.0,143.0,583.0,393.0
135.0,154.0,3154.0,1640.0
135.0,158.0,3172.0,240.0
135.0,166.0,3947.0,2164.0
135.0,172.0,3265.0,1888.0
135.0,178.0,3172.0,958.0
135.0,187.0,1199.0,81.0
135.0,190.0,3908.0,2721.0
135.0,197.0,3154.0,330.0
135.0,213.0,3265.0,829.0
135.0,223.0,3912.0,754.0
135.0,224.0,3154.0,995.0
135.0,225.0,766.0,84.0
135.0,227.0,3173.0,2184.0
135.0,243.0,3173.0,3432.0
135.0,247.0,396.0,16.0
135.0,249.0,3911.0,1069.0
135.0,261.0,3947.0,650.0
135.0,263.0,3909.0,824.0
135.0,269.0,788.0,214.0
135.0,275.0,1048.0,2783.0
135.0,278.0,3947.0,1913.0
135.0,279.0,306.0,213.0
135.0,292.0,397.0,3581.0
135.0,303.0,3909.0,1403.0
135.0,313.0,3265.0,2816.0
135.0,325.0,583.0,3130.0
135.0,328.0,3154.0,3292.0
136.0,2.0,544.0,200.0
136.0,8.0,3864.0,2584.0
136.0,10.0,3864.0,452.0
136.0,14.0,1832.0,1176.0
136.0,17.0,1832.0,548.0
136.0,22.0,1402.0,530.0
136.0,24.0,544.0,3704.0
136.0,25.0,3862.0,3649.0
136.0,44.0,3864.0,85.0
136.0,45.0,544.0,2697.0
136.0,47.0,544.0,3596.0
136.0,56.0,3862.0,643.0
136.0,61.0,3327.0,1288.0
136.0,62.0,3865.0,3185.0
136.0,67.0,3865.0,375.0
136.0,71.0,3862.0,1721.0
136.0,78.0,3327.0,86.0
136.0,82.0,3862.0,2579.0
136.0,87.0,3862.0,3074.0
136.0,95.0,1401.0,3223.0
136.0,96.0,3864.0,339.0
136.0,100.0,536.0,1549.0
136.0,101.0,3327.0,1660.0
136.0,104.0,1832.0,566.0
136.0,105.0,1402.0,2035.0
136.0,125.0,1832.0,720.0
136.0,136.0,536.0,3864.0
136.0,139.0,1832.0,543.0
136.0,140.0,536.0,3253.0
136.0,144.0,3862.0,542.0
136.0,152.0,1402.0,2901.0
136.0,153.0,3862.0,3221.0
136.0,172.0,1832.0,3772.0
136.0,178.0,536.0,102.0
136.0,181.0,1834.0,2221.0
136.0,184.0,1401.0,3114.0
136.0,194.0,3862.0,3553.0
136.0,199.0,544.0,2167.0
136.0,235.0,1402.0,2695.0
136.0,261.0,3327.0,1434.0
136.0,262.0,1402.0,2681.0
136.0,271.0,1832.0,340.0
136.0,283.0,3327.0,541.0
136.0,303.0,544.0,1403.0
136.0,305.0,3327.0,2359.0
136.0,308.0,3865.0,542.0
136.0,323.0,1401.0,2199.0
136.0,335.0,3864.0,341.0
137.0,6.0,3680.0,449.0
137.0,8.0,3680.0,191.0
137.0,14.0,2928.0,3138.0
137.0,21.0,3680.0,2709.0
137.0,23.0,2928.0,3710.0
137.0,24.0,2928.0,3189.0
137.0,32.0,2928.0,1824.0
137.0,36.0,3680.0,255.0
137.0,39.0,3680.0,3029.0
137.0,42.0,3680.0,3191.0
137.0,50.0,2928.0,382.0
137.0,52.0,3680.0,1841.0
137.0,53.0,3680.0,853.0
137.0,56.0,3680.0,3573.0
137.0,59.0,2928.0,1827.0
137.0,60.0,3680.0,2938.0
137.0,61.0,3680.0,2157.0
137.0,64.0,3680.0,1081.0
137.0,65.0,3680.0,1445.0
137.0,66.0,3680.0,3696.0
137.0,68.0,2928.0,328.0
137.0,73.0,2928.0,1664.0
137.0,76.0,3680.0,1383.0
137.0,80.0,3680.0,1824.0
137.0,81.0,3680.0,20.0
137.0,102.0,3680.0,3306.0
137.0,109.0,3680.0,2985.0
137.0,120.0,3680.0,2421.0
137.0,121.0,2928.0,2966.0
137.0,122.0,3680.0,235.0
137.0,129.0,2928.0,862.0
137.0,131.0,2928.0,3956.0
137.0,133.0,3680.0,1838.0
137.0,137.0,3680.0,2928.0
137.0,140.0,3680.0,3255.0
137.0,141.0,2928.0,237.0
137.0,147.0,3680.0,337.0
137.0,153.0,2928.0,561.0
137.0,160.0,3680.0,2730.0
137.0,164.0,3680.0,678.0
137.0,166.0,2928.0,971.0
137.0,178.0,3680.0,3542.0
137.0,193.0,3680.0,602.0
137.0,200.0,3680.0,3694.0
137.0,201.0,3680.0,1389.0
137.0,204.0,3680.0,3207.0
137.0,207.0,3680.0,1257.0
137.0,211.0,2928.0,3416.0
137.0,213.0,2928.0,829.0
137.0,214.0,3680.0,127.0
137.0,217.0,2928.0,976.0
137.0,219.0,3680.0,1695.0
137.0,223.0,3680.0,11.0
137.0,225.0,3680.0,84.0
137.0,228.0,2928.0,2378.0
137.0,229.0,2928.0,2932.0
137.0,234.0,3680.0,3058.0
137.0,235.0,2928.0,2688.0
137.0,237.0,3680.0,1674.0
137.0,245.0,2928.0,2325.0
137.0,246.0,2928.0,1025.0
137.0,250.0,2928.0,1264.0
137.0,258.0,3680.0,2129.0
137.0,260.0,2928.0,943.0
137.0,261.0,3680.0,650.0
137.0,269.0,3680.0,214.0
137.0,275.0,3680.0,989.0
137.0,284.0,2928.0,2932.0
137.0,291.0,3680.0,941.0
137.0,295.0,3680.0,1419.0
137.0,316.0,3680.0,1868.0
137.0,326.0,3680.0,3556.0
137.0,339.0,3680.0,1502.0
137.0,342.0,2928.0,2736.0
138.0,7.0,1704.0,446.0
138.0,23.0,1710.0,12.0
138.0,33.0,1711.0,1651.0
138.0,48.0,1704.0,2540.0
138.0,52.0,1711.0,1351.0
138.0,53.0,1704.0,853.0
138.0,89.0,1710.0,3903.0
138.0,108.0,1711.0,1720.0
138.0,112.0,1711.0,1717.0
138.0,133.0,1710.0,1839.0
138.0,138.0,1704.0,1710.0
138.0,164.0,1704.0,2149.0
138.0,170.0,1710.0,2827.0
138.0,178.0,1710.0,3462.0
138.0,188.0,1704.0,3422.0
138.0,195.0,1711.0,1729.0
138.0,200.0,1710.0,1067.0
138.0,201.0,1711.0,1389.0
138.0,204.0,1704.0,2969.0
138.0,219.0,1711.0,1695.0
138.0,220.0,1710.0,1703.0
138.0,223.0,1711.0,2520.0
138.0,269.0,1710.0,214.0
138.0,288.0,1710.0,1927.0
138.0,293.0,1711.0,1264.0
138.0,300.0,1711.0,1716.0
138.0,315.0,1711.0,1442.0
138.0,332.0,1711.0,2934.0
138.0,343.0,1711.0,182.0
139.0,6.0,2754.0,1115.0
139.0,7.0,2754.0,446.0
139.0,8.0,2498.0,191.0
139.0,12.0,532.0,635.0
139.0,14.0,2761.0,3438.0
139.0,17.0,2752.0,550.0
139.0,18.0,527.0,444.0
139.0,22.0,3509.0,524.0
139.0,25.0,2761.0,490.0
139.0,33.0,537.0,1902.0
139.0,44.0,2496.0,3592.0
139.0,45.0,2754.0,2460.0
139.0,47.0,531.0,1956.0
139.0,53.0,2754.0,19.0
139.0,61.0,2092.0,2671.0
139.0,62.0,527.0,819.0
139.0,63.0,2759.0,2742.0
139.0,65.0,2759.0,1445.0
139.0,66.0,533.0,3697.0
139.0,68.0,533.0,346.0
139.0,71.0,2752.0,2306.0
139.0,78.0,2752.0,86.0
139.0,87.0,2756.0,1446.0
139.0,90.0,2751.0,1413.0
139.0,93.0,2751.0,2943.0
139.0,95.0,527.0,3228.0
139.0,96.0,2751.0,338.0
139.0,100.0,538.0,2082.0
139.0,105.0,2751.0,2035.0
139.0,110.0,533.0,2877.0
139.0,113.0,2754.0,2692.0
139.0,118.0,533.0,352.0
139.0,120.0,533.0,2853.0
139.0,122.0,2761.0,235.0
139.0,127.0,1397.0,2109.0
139.0,133.0,2759.0,1016.0
139.0,134.0,2753.0,476.0
139.0,136.0,2756.0,544.0
139.0,139.0,531.0,532.0
139.0,140.0,2092.0,2300.0
139.0,144.0,3824.0,542.0
139.0,146.0,537.0,483.0
139.0,150.0,2752.0,2899.0
139.0,153.0,2761.0,2346.0
139.0,161.0,533.0,1404.0
139.0,162.0,2753.0,353.0
139.0,165.0,2092.0,254.0
139.0,176.0,2754.0,576.0
139.0,178.0,537.0,2531.0
139.0,186.0,563.0,567.0
139.0,190.0,2753.0,2721.0
139.0,199.0,2754.0,1409.0
139.0,205.0,2092.0,3244.0
139.0,212.0,563.0,354.0
139.0,234.0,2751.0,80.0
139.0,235.0,2756.0,2686.0
139.0,236.0,532.0,659.0
139.0,253.0,2152.0,1391.0
139.0,257.0,2092.0,3479.0
139.0,262.0,2752.0,2372.0
139.0,267.0,3509.0,3328.0
139.0,268.0,2752.0,511.0
139.0,271.0,2753.0,340.0
139.0,277.0,532.0,2280.0
139.0,280.0,2756.0,482.0
139.0,283.0,2756.0,541.0
139.0,285.0,2759.0,1387.0
139.0,289.0,533.0,2102.0
139.0,303.0,2496.0,1403.0
139.0,305.0,2751.0,2359.0
139.0,306.0,543.0,1449.0
139.0,308.0,1397.0,542.0
139.0,320.0,2498.0,2037.0
139.0,323.0,527.0,2199.0
139.0,335.0,543.0,3508.0
139.0,336.0,538.0,255.0
140.0,2.0,2499.0,2743.0
140.0,6.0,2299.0,3876.0
140.0,7.0,3972.0,870.0
140.0,10.0,2191.0,2005.0
140.0,11.0,2499.0,333.0
140.0,12.0,3972.0,3392.0
140.0,14.0,2191.0,1134.0
140.0,15.0,2299.0,2958.0
140.0,16.0,3836.0,3241.0
140.0,17.0,1398.0,551.0
140.0,18.0,2299.0,2444.0
140.0,19.0,2763.0,256.0
140.0,21.0,1398.0,2709.0
140.0,22.0,1398.0,2507.0
140.0,23.0,2684.0,308.0
140.0,24.0,3252.0,1466.0
140.0,25.0,3531.0,1492.0
140.0,27.0,1410.0,3660.0
140.0,28.0,2684.0,2046.0
140.0,29.0,3945.0,3171.0
140.0,30.0,2191.0,3966.0
140.0,34.0,3830.0,2105.0
140.0,35.0,3252.0,2254.0
140.0,45.0,3252.0,2458.0
140.0,47.0,1410.0,2547.0
140.0,48.0,2299.0,124.0
140.0,53.0,3253.0,851.0
140.0,61.0,3831.0,2785.0
140.0,62.0,3971.0,2640.0
140.0,63.0,3946.0,2741.0
140.0,65.0,3832.0,1445.0
140.0,66.0,3253.0,3697.0
140.0,71.0,3830.0,1404.0
140.0,72.0,3252.0,2733.0
140.0,78.0,3945.0,86.0
140.0,79.0,2297.0,2240.0
140.0,81.0,3255.0,2148.0
140.0,82.0,3972.0,320.0
140.0,84.0,3252.0,2269.0
140.0,87.0,3254.0,3074.0
140.0,90.0,3252.0,2052.0
140.0,92.0,2684.0,3002.0
140.0,96.0,3945.0,338.0
140.0,98.0,3831.0,1419.0
140.0,100.0,3832.0,2080.0
140.0,105.0,3945.0,2035.0
140.0,106.0,2293.0,241.0
140.0,110.0,3370.0,2877.0
140.0,113.0,2191.0,2692.0
140.0,118.0,3972.0,352.0
140.0,122.0,2300.0,2031.0
140.0,126.0,3830.0,2139.0
140.0,127.0,2153.0,2109.0
140.0,134.0,2298.0,476.0
140.0,135.0,2299.0,396.0
140.0,136.0,3253.0,3327.0
140.0,139.0,3255.0,2754.0
140.0,140.0,2298.0,2300.0
140.0,144.0,514.0,542.0
140.0,146.0,3253.0,255.0
140.0,150.0,3832.0,2196.0
140.0,151.0,3252.0,86.0
140.0,152.0,3946.0,484.0
140.0,153.0,2298.0,555.0
140.0,157.0,2499.0,2248.0
140.0,158.0,1410.0,3378.0
140.0,161.0,1410.0,1404.0
140.0,162.0,2191.0,353.0
140.0,164.0,3832.0,1713.0
140.0,165.0,2299.0,254.0
140.0,167.0,2191.0,3373.0
140.0,176.0,2684.0,508.0
140.0,178.0,3971.0,2129.0
140.0,181.0,3252.0,2221.0
140.0,184.0,3255.0,2450.0
140.0,186.0,2500.0,567.0
140.0,193.0,3831.0,1795.0
140.0,196.0,2684.0,322.0
140.0,197.0,3945.0,335.0
140.0,199.0,2299.0,1409.0
140.0,212.0,1398.0,354.0
140.0,233.0,2499.0,1603.0
140.0,235.0,2684.0,2687.0
140.0,253.0,3972.0,1391.0
140.0,257.0,3945.0,3481.0
140.0,259.0,1410.0,2113.0
140.0,262.0,2293.0,2190.0
140.0,265.0,3253.0,3700.0
140.0,267.0,3255.0,3328.0
140.0,268.0,2293.0,510.0
140.0,271.0,3971.0,340.0
140.0,280.0,3531.0,2907.0
140.0,283.0,3972.0,541.0
140.0,289.0,2684.0,2102.0
140.0,301.0,1398.0,175.0
140.0,303.0,3832.0,1403.0
140.0,305.0,3253.0,2151.0
140.0,307.0,2299.0,248.0
140.0,308.0,2763.0,542.0
140.0,313.0,3945.0,498.0
140.0,316.0,1410.0,1868.0
140.0,320.0,3254.0,2037.0
140.0,323.0,2191.0,3507.0
140.0,335.0,2500.0,341.0
140.0,336.0,2298.0,255.0
141.0,1.0,238.0,704.0
141.0,3.0,238.0,2443.0
141.0,7.0,238.0,3212.0
141.0,9.0,237.0,1454.0
141.0,10.0,237.0,452.0
141.0,11.0,238.0,333.0
141.0,12.0,238.0,3392.0
141.0,13.0,238.0,429.0
141.0,14.0,237.0,2651.0
141.0,15.0,237.0,712.0
141.0,16.0,238.0,3241.0
141.0,18.0,238.0,30.0
141.0,21.0,237.0,455.0
141.0,27.0,237.0,3660.0
141.0,28.0,1708.0,2046.0
141.0,29.0,1708.0,2383.0
141.0,30.0,237.0,3966.0
141.0,37.0,238.0,2945.0
141.0,41.0,1708.0,2551.0
141.0,43.0,1708.0,682.0
141.0,44.0,237.0,3592.0
141.0,45.0,237.0,66.0
141.0,46.0,238.0,714.0
141.0,47.0,237.0,605.0
141.0,48.0,237.0,2540.0
141.0,50.0,1708.0,1999.0
141.0,54.0,238.0,3224.0
141.0,55.0,238.0,3184.0
141.0,62.0,1708.0,3145.0
141.0,64.0,237.0,824.0
141.0,68.0,237.0,440.0
141.0,70.0,237.0,1598.0
141.0,72.0,238.0,1517.0
141.0,73.0,237.0,1665.0
141.0,74.0,238.0,2038.0
141.0,78.0,237.0,86.0
141.0,86.0,237.0,1559.0
141.0,89.0,238.0,3903.0
141.0,90.0,1708.0,2051.0
141.0,91.0,1708.0,3284.0
141.0,93.0,1708.0,3632.0
141.0,95.0,237.0,3228.0
141.0,97.0,1708.0,2443.0
141.0,100.0,238.0,1549.0
141.0,102.0,238.0,3306.0
141.0,110.0,237.0,2877.0
141.0,115.0,1708.0,83.0
141.0,122.0,1708.0,3661.0
141.0,125.0,237.0,720.0
141.0,128.0,238.0,580.0
141.0,129.0,238.0,827.0
141.0,131.0,1708.0,3956.0
141.0,134.0,237.0,2927.0
141.0,137.0,237.0,2928.0
141.0,141.0,238.0,238.0
141.0,142.0,238.0,685.0
141.0,143.0,1708.0,2563.0
141.0,147.0,238.0,337.0
141.0,156.0,238.0,829.0
141.0,163.0,238.0,345.0
141.0,168.0,238.0,1707.0
141.0,169.0,238.0,662.0
141.0,173.0,238.0,3975.0
141.0,178.0,238.0,2525.0
141.0,185.0,1708.0,703.0
141.0,190.0,237.0,151.0
141.0,191.0,238.0,171.0
141.0,192.0,237.0,2288.0
141.0,196.0,1708.0,2409.0
141.0,198.0,1708.0,826.0
141.0,200.0,1708.0,737.0
141.0,203.0,237.0,1444.0
141.0,206.0,237.0,1892.0
141.0,213.0,1708.0,829.0
141.0,218.0,237.0,148.0
141.0,225.0,237.0,84.0
141.0,227.0,1708.0,344.0
141.0,234.0,238.0,3058.0
141.0,242.0,237.0,193.0
141.0,248.0,238.0,711.0
141.0,275.0,238.0,317.0
141.0,276.0,238.0,2952.0
141.0,282.0,237.0,1617.0
141.0,292.0,238.0,1594.0
141.0,293.0,237.0,1264.0
141.0,325.0,238.0,1564.0
141.0,341.0,237.0,3951.0
142.0,1.0,685.0,2690.0
142.0,2.0,685.0,2040.0
142.0,5.0,685.0,2011.0
142.0,11.0,685.0,333.0
142.0,12.0,685.0,635.0
142.0,15.0,685.0,712.0
142.0,16.0,685.0,3240.0
142.0,18.0,685.0,84.0
142.0,24.0,685.0,2284.0
142.0,28.0,685.0,2046.0
142.0,37.0,685.0,403.0
142.0,41.0,685.0,400.0
142.0,43.0,685.0,682.0
142.0,45.0,685.0,771.0
142.0,46.0,685.0,1486.0
142.0,49.0,685.0,2569.0
142.0,53.0,685.0,2740.0
142.0,61.0,685.0,2789.0
142.0,62.0,685.0,390.0
142.0,68.0,685.0,346.0
142.0,70.0,685.0,1706.0
142.0,72.0,685.0,37.0
142.0,81.0,685.0,1536.0
142.0,97.0,685.0,3594.0
142.0,102.0,685.0,3306.0
142.0,117.0,685.0,137.0
142.0,119.0,685.0,2141.0
142.0,122.0,685.0,2009.0
142.0,125.0,685.0,720.0
142.0,141.0,685.0,237.0
142.0,142.0,685.0,685.0
142.0,146.0,685.0,255.0
142.0,147.0,685.0,87.0
142.0,154.0,685.0,1640.0
142.0,163.0,685.0,2077.0
142.0,168.0,685.0,2464.0
142.0,169.0,685.0,662.0
142.0,171.0,685.0,1543.0
142.0,175.0,685.0,661.0
142.0,178.0,685.0,3526.0
142.0,185.0,685.0,1543.0
142.0,187.0,685.0,81.0
142.0,200.0,685.0,1067.0
142.0,205.0,685.0,2718.0
142.0,235.0,685.0,2687.0
142.0,236.0,685.0,1916.0
142.0,248.0,685.0,3659.0
142.0,259.0,685.0,2101.0
142.0,310.0,685.0,710.0
142.0,334.0,685.0,149.0
143.0,2.0,2564.0,3454.0
143.0,6.0,2563.0,1113.0
143.0,7.0,393.0,1120.0
143.0,8.0,2563.0,2874.0
143.0,10.0,393.0,2660.0
143.0,11.0,2281.0,333.0
143.0,13.0,2281.0,170.0
143.0,14.0,2281.0,1183.0
143.0,15.0,2281.0,2957.0
143.0,18.0,2281.0,84.0
143.0,21.0,393.0,896.0
143.0,22.0,393.0,539.0
143.0,23.0,2281.0,297.0
143.0,24.0,2564.0,2539.0
143.0,27.0,2281.0,684.0
143.0,29.0,2563.0,366.0
143.0,30.0,2563.0,3966.0
143.0,35.0,2563.0,2254.0
143.0,36.0,393.0,255.0
143.0,37.0,2564.0,3306.0
143.0,41.0,2564.0,357.0
143.0,42.0,2563.0,919.0
143.0,44.0,393.0,3057.0
143.0,45.0,2563.0,66.0
143.0,47.0,393.0,1986.0
143.0,48.0,2563.0,3437.0
143.0,50.0,2281.0,78.0
143.0,53.0,2281.0,851.0
143.0,54.0,393.0,2283.0
143.0,56.0,2564.0,1261.0
143.0,61.0,2563.0,2793.0
143.0,62.0,2281.0,3651.0
143.0,66.0,2281.0,2181.0
143.0,68.0,2564.0,1642.0
143.0,70.0,2564.0,2193.0
143.0,72.0,2563.0,321.0
143.0,74.0,2563.0,3499.0
143.0,78.0,2281.0,86.0
143.0,81.0,393.0,3127.0
143.0,87.0,2281.0,1446.0
143.0,89.0,2281.0,3903.0
143.0,95.0,2281.0,3237.0
143.0,98.0,2563.0,1419.0
143.0,100.0,2281.0,2086.0
143.0,101.0,2281.0,372.0
143.0,102.0,2281.0,3306.0
143.0,103.0,2563.0,239.0
143.0,106.0,2564.0,3396.0
143.0,108.0,2281.0,1720.0
143.0,113.0,393.0,2692.0
143.0,115.0,2563.0,2515.0
143.0,118.0,2563.0,352.0
143.0,122.0,2563.0,570.0
143.0,126.0,393.0,2139.0
143.0,128.0,2563.0,580.0
143.0,130.0,393.0,1939.0
143.0,133.0,2563.0,1016.0
143.0,135.0,2564.0,583.0
143.0,138.0,2564.0,1704.0
143.0,140.0,393.0,3252.0
143.0,141.0,393.0,1708.0
143.0,143.0,2563.0,2563.0
143.0,144.0,2564.0,3510.0
143.0,150.0,393.0,2196.0
143.0,154.0,2564.0,3580.0
143.0,156.0,2564.0,829.0
143.0,161.0,2281.0,1404.0
143.0,163.0,2281.0,2192.0
143.0,175.0,2563.0,702.0
143.0,176.0,393.0,2962.0
143.0,178.0,2563.0,3743.0
143.0,181.0,2563.0,2221.0
143.0,182.0,2281.0,2008.0
143.0,183.0,2281.0,1422.0
143.0,184.0,2564.0,901.0
143.0,185.0,2564.0,687.0
143.0,187.0,2563.0,2512.0
143.0,188.0,2563.0,2058.0
143.0,190.0,393.0,3974.0
143.0,192.0,2564.0,2288.0
143.0,194.0,2281.0,3429.0
143.0,196.0,2564.0,436.0
143.0,200.0,2281.0,1007.0
143.0,202.0,2281.0,3434.0
143.0,204.0,2281.0,3644.0
143.0,208.0,393.0,3628.0
143.0,213.0,393.0,829.0
143.0,214.0,2563.0,3591.0
143.0,223.0,2564.0,2520.0
143.0,234.0,2281.0,80.0
143.0,241.0,2563.0,2548.0
143.0,243.0,393.0,2352.0
143.0,244.0,393.0,3037.0
143.0,248.0,393.0,2036.0
143.0,252.0,393.0,2200.0
143.0,259.0,2563.0,2113.0
143.0,263.0,2564.0,824.0
143.0,266.0,2281.0,2606.0
143.0,275.0,2281.0,2783.0
143.0,277.0,2281.0,3061.0
143.0,279.0,393.0,8.0
143.0,284.0,393.0,2932.0
143.0,291.0,2563.0,946.0
143.0,297.0,393.0,1210.0
143.0,304.0,393.0,3107.0
143.0,313.0,2564.0,3103.0
143.0,330.0,2564.0,1094.0
143.0,337.0,393.0,3023.0
143.0,342.0,2281.0,2736.0
144.0,8.0,2088.0,571.0
144.0,14.0,1411.0,3766.0
144.0,15.0,541.0,2956.0
144.0,17.0,3510.0,2140.0
144.0,22.0,542.0,3833.0
144.0,38.0,542.0,2210.0
144.0,41.0,542.0,3899.0
144.0,44.0,2088.0,3057.0
144.0,61.0,2088.0,625.0
144.0,62.0,2088.0,3936.0
144.0,65.0,542.0,1445.0
144.0,66.0,1546.0,590.0
144.0,68.0,542.0,1642.0
144.0,71.0,2088.0,1405.0
144.0,95.0,542.0,3228.0
144.0,100.0,3510.0,721.0
144.0,109.0,3510.0,2986.0
144.0,113.0,542.0,1450.0
144.0,114.0,2088.0,1414.0
144.0,118.0,542.0,352.0
144.0,131.0,541.0,3956.0
144.0,133.0,2088.0,1624.0
144.0,136.0,542.0,3862.0
144.0,139.0,541.0,3509.0
144.0,140.0,542.0,2293.0
144.0,143.0,2088.0,2281.0
144.0,144.0,2088.0,542.0
144.0,153.0,3510.0,2346.0
144.0,161.0,542.0,1404.0
144.0,162.0,542.0,353.0
144.0,163.0,3510.0,345.0
144.0,172.0,2088.0,1884.0
144.0,175.0,3510.0,702.0
144.0,178.0,542.0,101.0
144.0,184.0,541.0,2450.0
144.0,186.0,542.0,567.0
144.0,204.0,542.0,1687.0
144.0,225.0,542.0,84.0
144.0,235.0,2088.0,2695.0
144.0,257.0,542.0,3482.0
144.0,259.0,3510.0,2113.0
144.0,262.0,542.0,2372.0
144.0,268.0,542.0,516.0
144.0,283.0,541.0,541.0
144.0,305.0,542.0,2359.0
144.0,308.0,3510.0,542.0
144.0,311.0,1411.0,253.0
144.0,320.0,3510.0,352.0
144.0,323.0,3510.0,2188.0
144.0,335.0,542.0,341.0
144.0,337.0,542.0,3023.0
145.0,7.0,1716.0,2572.0
145.0,12.0,1716.0,3392.0
145.0,48.0,1716.0,29.0
145.0,52.0,1716.0,1349.0
145.0,53.0,1716.0,851.0
145.0,56.0,1716.0,3573.0
145.0,59.0,1716.0,1827.0
145.0,60.0,1716.0,1381.0
145.0,62.0,1716.0,1004.0
145.0,68.0,1716.0,328.0
145.0,74.0,1716.0,3499.0
145.0,107.0,1716.0,1803.0
145.0,108.0,1716.0,1720.0
145.0,112.0,1716.0,1717.0
145.0,133.0,1716.0,671.0
145.0,137.0,1716.0,2928.0
145.0,138.0,1716.0,1711.0
145.0,145.0,1716.0,1716.0
145.0,147.0,1716.0,87.0
145.0,155.0,1716.0,1023.0
145.0,164.0,1716.0,3076.0
145.0,170.0,1716.0,2827.0
145.0,172.0,1716.0,1738.0
145.0,178.0,1716.0,959.0
145.0,200.0,1716.0,1067.0
145.0,204.0,1716.0,1687.0
145.0,214.0,1716.0,1866.0
145.0,217.0,1716.0,976.0
145.0,220.0,1716.0,1933.0
145.0,244.0,1716.0,3037.0
145.0,247.0,1716.0,729.0
145.0,288.0,1716.0,1927.0
145.0,298.0,1716.0,1265.0
145.0,300.0,1716.0,1716.0
145.0,315.0,1716.0,2538.0
146.0,5.0,255.0,54.0
146.0,14.0,255.0,885.0
146.0,20.0,483.0,1893.0
146.0,22.0,255.0,2497.0
146.0,24.0,255.0,1491.0
146.0,25.0,483.0,488.0
146.0,61.0,255.0,2703.0
146.0,67.0,483.0,375.0
146.0,68.0,255.0,1642.0
146.0,79.0,255.0,2818.0
146.0,90.0,255.0,1418.0
146.0,91.0,483.0,3281.0
146.0,100.0,483.0,2082.0
146.0,101.0,483.0,3246.0
146.0,114.0,255.0,478.0
146.0,115.0,483.0,83.0
146.0,116.0,255.0,1967.0
146.0,122.0,255.0,570.0
146.0,128.0,483.0,2022.0
146.0,134.0,483.0,473.0
146.0,140.0,255.0,3255.0
146.0,142.0,255.0,685.0
146.0,146.0,483.0,255.0
146.0,152.0,255.0,2178.0
146.0,153.0,483.0,2360.0
146.0,186.0,255.0,2136.0
146.0,205.0,255.0,2717.0
146.0,210.0,255.0,256.0
146.0,241.0,483.0,3460.0
146.0,270.0,483.0,2906.0
146.0,295.0,483.0,1419.0
146.0,305.0,483.0,2359.0
146.0,311.0,255.0,253.0
146.0,313.0,255.0,2816.0
146.0,321.0,483.0,241.0
146.0,333.0,483.0,256.0
147.0,1.0,87.0,704.0
147.0,2.0,337.0,2744.0
147.0,3.0,337.0,2443.0
147.0,5.0,337.0,2010.0
147.0,7.0,337.0,217.0
147.0,9.0,337.0,2634.0
147.0,10.0,87.0,3247.0
147.0,11.0,337.0,333.0
147.0,12.0,337.0,635.0
147.0,13.0,87.0,2390.0
147.0,14.0,87.0,935.0
147.0,15.0,87.0,3371.0
147.0,16.0,87.0,3241.0
147.0,18.0,337.0,3294.0
147.0,20.0,337.0,1467.0
147.0,22.0,87.0,524.0
147.0,24.0,337.0,132.0
147.0,27.0,337.0,684.0
147.0,29.0,337.0,371.0
147.0,30.0,337.0,3966.0
147.0,33.0,87.0,1903.0
147.0,37.0,337.0,715.0
147.0,41.0,337.0,400.0
147.0,43.0,87.0,686.0
147.0,44.0,337.0,2534.0
147.0,46.0,337.0,1487.0
147.0,47.0,337.0,1190.0
147.0,48.0,87.0,3907.0
147.0,49.0,337.0,3117.0
147.0,50.0,87.0,78.0
147.0,51.0,337.0,2580.0
147.0,54.0,337.0,3224.0
147.0,55.0,337.0,3845.0
147.0,56.0,337.0,3573.0
147.0,60.0,87.0,641.0
147.0,62.0,337.0,70.0
147.0,68.0,337.0,328.0
147.0,70.0,337.0,1598.0
147.0,72.0,337.0,41.0
147.0,73.0,337.0,1665.0
147.0,74.0,337.0,2053.0
147.0,78.0,87.0,86.0
147.0,79.0,337.0,2240.0
147.0,81.0,87.0,1531.0
147.0,86.0,337.0,1559.0
147.0,88.0,87.0,688.0
147.0,89.0,337.0,3903.0
147.0,90.0,337.0,2051.0
147.0,95.0,87.0,2778.0
147.0,97.0,87.0,2443.0
147.0,102.0,337.0,3306.0
147.0,103.0,87.0,2468.0
147.0,108.0,87.0,1720.0
147.0,117.0,337.0,137.0
147.0,122.0,337.0,3661.0
147.0,125.0,337.0,720.0
147.0,128.0,87.0,2019.0
147.0,129.0,337.0,1846.0
147.0,134.0,337.0,2926.0
147.0,135.0,337.0,3947.0
147.0,137.0,337.0,3680.0
147.0,141.0,87.0,238.0
147.0,147.0,337.0,87.0
147.0,149.0,337.0,2049.0
147.0,163.0,337.0,147.0
147.0,166.0,337.0,968.0
147.0,168.0,337.0,2464.0
147.0,178.0,87.0,3527.0
147.0,183.0,87.0,1422.0
147.0,185.0,337.0,687.0
147.0,190.0,337.0,152.0
147.0,196.0,87.0,2409.0
147.0,197.0,337.0,330.0
147.0,198.0,87.0,826.0
147.0,202.0,337.0,3434.0
147.0,203.0,337.0,1444.0
147.0,205.0,337.0,2076.0
147.0,206.0,337.0,1892.0
147.0,213.0,87.0,829.0
147.0,215.0,337.0,149.0
147.0,221.0,337.0,165.0
147.0,225.0,87.0,84.0
147.0,227.0,337.0,2183.0
147.0,233.0,337.0,1604.0
147.0,236.0,337.0,1916.0
147.0,247.0,87.0,1889.0
147.0,248.0,87.0,2036.0
147.0,262.0,87.0,2372.0
147.0,264.0,87.0,173.0
147.0,276.0,337.0,466.0
147.0,281.0,87.0,3391.0
147.0,291.0,87.0,942.0
147.0,292.0,87.0,1594.0
147.0,295.0,337.0,1419.0
147.0,301.0,337.0,175.0
147.0,313.0,337.0,2815.0
147.0,317.0,87.0,136.0
147.0,329.0,87.0,420.0
148.0,9.0,3090.0,2125.0
148.0,24.0,3414.0,43.0
148.0,29.0,211.0,141.0
148.0,33.0,211.0,3687.0
148.0,53.0,2824.0,853.0
148.0,62.0,211.0,1044.0
148.0,73.0,211.0,401.0
148.0,98.0,211.0,1419.0
148.0,101.0,210.0,3013.0
148.0,148.0,211.0,2824.0
148.0,158.0,211.0,2591.0
148.0,188.0,210.0,2070.0
148.0,200.0,2268.0,3447.0
148.0,211.0,211.0,3416.0
148.0,220.0,230.0,1702.0
148.0,231.0,3414.0,665.0
148.0,279.0,211.0,663.0
148.0,295.0,2268.0,1419.0
148.0,325.0,211.0,1557.0
148.0,332.0,2268.0,2934.0
148.0,340.0,231.0,232.0
149.0,2.0,2049.0,718.0
149.0,6.0,2049.0,3962.0
149.0,7.0,2049.0,1117.0
149.0,11.0,2049.0,333.0
149.0,15.0,2049.0,712.0
149.0,20.0,2049.0,2079.0
149.0,28.0,2049.0,2046.0
149.0,40.0,2049.0,1677.0
149.0,54.0,2049.0,3225.0
149.0,61.0,2049.0,1765.0
149.0,67.0,2049.0,1420.0
149.0,68.0,2049.0,1054.0
149.0,72.0,2049.0,3706.0
149.0,77.0,2049.0,2960.0
149.0,81.0,2049.0,948.0
149.0,90.0,2049.0,1416.0
149.0,91.0,2049.0,3283.0
149.0,94.0,2049.0,648.0
149.0,95.0,2049.0,2007.0
149.0,98.0,2049.0,1419.0
149.0,100.0,2049.0,2082.0
149.0,109.0,2049.0,2982.0
149.0,114.0,2049.0,1421.0
149.0,119.0,2049.0,1923.0
149.0,122.0,2049.0,570.0
149.0,132.0,2049.0,3243.0
149.0,134.0,2049.0,476.0
149.0,143.0,2049.0,2563.0
149.0,145.0,2049.0,1716.0
149.0,149.0,2049.0,2049.0
149.0,152.0,2049.0,3476.0
149.0,180.0,2049.0,186.0
149.0,186.0,2049.0,567.0
149.0,187.0,2049.0,81.0
149.0,189.0,2049.0,467.0
149.0,194.0,2049.0,1415.0
149.0,195.0,2049.0,1729.0
149.0,205.0,2049.0,2076.0
149.0,253.0,2049.0,2126.0
149.0,270.0,2049.0,2906.0
149.0,280.0,2049.0,2907.0
149.0,297.0,2049.0,1210.0
149.0,298.0,2049.0,1620.0
150.0,10.0,2196.0,790.0
150.0,22.0,2899.0,3826.0
150.0,41.0,2899.0,357.0
150.0,55.0,2899.0,690.0
150.0,61.0,2196.0,2215.0
150.0,62.0,2899.0,77.0
150.0,65.0,2196.0,1445.0
150.0,66.0,2196.0,2984.0
150.0,68.0,2196.0,440.0
150.0,71.0,2196.0,1405.0
150.0,72.0,2196.0,323.0
150.0,79.0,2196.0,2590.0
150.0,87.0,2899.0,1447.0
150.0,96.0,2196.0,339.0
150.0,104.0,2899.0,1448.0
150.0,109.0,2899.0,2987.0
150.0,114.0,2196.0,2891.0
150.0,118.0,2196.0,352.0
150.0,136.0,2196.0,1402.0
150.0,139.0,2196.0,543.0
150.0,140.0,2899.0,2500.0
150.0,143.0,2196.0,2563.0
150.0,150.0,2196.0,2196.0
150.0,152.0,2899.0,3424.0
150.0,154.0,2196.0,1640.0
150.0,165.0,2196.0,254.0
150.0,178.0,2899.0,3543.0
150.0,186.0,2196.0,567.0
150.0,196.0,2899.0,1211.0
150.0,197.0,2196.0,347.0
150.0,208.0,2196.0,3628.0
150.0,252.0,2196.0,2200.0
150.0,267.0,2196.0,3328.0
150.0,271.0,2899.0,340.0
150.0,280.0,2899.0,2894.0
150.0,311.0,2196.0,253.0
150.0,321.0,2196.0,241.0
151.0,9.0,86.0,2266.0
151.0,10.0,86.0,2639.0
151.0,12.0,86.0,3392.0
151.0,13.0,86.0,2391.0
151.0,14.0,86.0,2895.0
151.0,16.0,86.0,2457.0
151.0,18.0,86.0,1484.0
151.0,21.0,86.0,3919.0
151.0,23.0,86.0,994.0
151.0,29.0,86.0,2383.0
151.0,30.0,86.0,3966.0
151.0,31.0,86.0,3820.0
151.0,33.0,86.0,1649.0
151.0,44.0,86.0,85.0
151.0,48.0,86.0,818.0
151.0,50.0,86.0,78.0
151.0,53.0,86.0,853.0
151.0,54.0,86.0,3949.0
151.0,56.0,86.0,3573.0
151.0,60.0,86.0,641.0
151.0,62.0,86.0,2407.0
151.0,64.0,86.0,2826.0
151.0,68.0,86.0,1054.0
151.0,73.0,86.0,3021.0
151.0,78.0,86.0,86.0
151.0,81.0,86.0,387.0
151.0,86.0,86.0,1559.0
151.0,95.0,86.0,1513.0
151.0,103.0,86.0,239.0
151.0,115.0,86.0,830.0
151.0,117.0,86.0,137.0
151.0,125.0,86.0,720.0
151.0,129.0,86.0,826.0
151.0,141.0,86.0,238.0
151.0,147.0,86.0,337.0
151.0,151.0,86.0,86.0
151.0,156.0,86.0,828.0
151.0,178.0,86.0,3614.0
151.0,187.0,86.0,2512.0
151.0,188.0,86.0,3419.0
151.0,190.0,86.0,152.0
151.0,191.0,86.0,137.0
151.0,197.0,86.0,347.0
151.0,198.0,86.0,826.0
151.0,200.0,86.0,2373.0
151.0,203.0,86.0,1444.0
151.0,212.0,86.0,354.0
151.0,213.0,86.0,829.0
151.0,217.0,86.0,976.0
151.0,223.0,86.0,1215.0
151.0,224.0,86.0,1056.0
151.0,225.0,86.0,84.0
151.0,234.0,86.0,80.0
151.0,238.0,86.0,1608.0
151.0,245.0,86.0,2316.0
151.0,247.0,86.0,861.0
151.0,263.0,86.0,824.0
151.0,275.0,86.0,55.0
151.0,291.0,86.0,940.0
151.0,292.0,86.0,808.0
151.0,310.0,86.0,695.0
151.0,328.0,86.0,3291.0
151.0,329.0,86.0,2939.0
152.0,7.0,3424.0,3174.0
152.0,8.0,2177.0,191.0
152.0,17.0,2270.0,3867.0
152.0,19.0,2914.0,256.0
152.0,22.0,3329.0,2295.0
152.0,36.0,2914.0,255.0
152.0,79.0,2271.0,2239.0
152.0,84.0,2270.0,2269.0
152.0,87.0,3424.0,1446.0
152.0,90.0,2178.0,1416.0
152.0,96.0,2902.0,339.0
152.0,99.0,2901.0,234.0
152.0,100.0,496.0,2091.0
152.0,101.0,2902.0,3013.0
152.0,104.0,3476.0,566.0
152.0,105.0,3329.0,2035.0
152.0,109.0,496.0,1338.0
152.0,134.0,2902.0,475.0
152.0,136.0,484.0,3862.0
152.0,140.0,496.0,3252.0
152.0,146.0,496.0,483.0
152.0,150.0,485.0,2899.0
152.0,152.0,3424.0,484.0
152.0,161.0,2271.0,1404.0
152.0,165.0,3424.0,254.0
152.0,196.0,496.0,322.0
152.0,209.0,484.0,2134.0
152.0,253.0,495.0,1391.0
152.0,303.0,3329.0,1403.0
152.0,305.0,484.0,2359.0
152.0,306.0,2902.0,1449.0
152.0,308.0,495.0,542.0
152.0,319.0,496.0,2908.0
152.0,336.0,2271.0,255.0
153.0,2.0,3506.0,3455.0
153.0,6.0,555.0,1112.0
153.0,7.0,2772.0,3139.0
153.0,17.0,2772.0,2309.0
153.0,20.0,2768.0,168.0
153.0,22.0,2769.0,2755.0
153.0,33.0,2769.0,988.0
153.0,38.0,3221.0,2213.0
153.0,46.0,556.0,1515.0
153.0,47.0,3506.0,1952.0
153.0,50.0,2768.0,990.0
153.0,61.0,561.0,1790.0
153.0,62.0,2348.0,209.0
153.0,66.0,557.0,2989.0
153.0,68.0,2773.0,1054.0
153.0,71.0,559.0,1400.0
153.0,78.0,557.0,86.0
153.0,79.0,2360.0,2240.0
153.0,87.0,2198.0,1446.0
153.0,96.0,2770.0,2195.0
153.0,100.0,2198.0,2082.0
153.0,105.0,2770.0,2035.0
153.0,107.0,561.0,2571.0
153.0,114.0,561.0,2043.0
153.0,118.0,2773.0,352.0
153.0,127.0,559.0,2109.0
153.0,131.0,2360.0,1384.0
153.0,136.0,2769.0,3864.0
153.0,139.0,2198.0,2092.0
153.0,140.0,2346.0,2300.0
153.0,144.0,2769.0,542.0
153.0,149.0,2346.0,2049.0
153.0,153.0,2360.0,2773.0
153.0,154.0,2772.0,3580.0
153.0,157.0,562.0,2245.0
153.0,161.0,2770.0,1404.0
153.0,166.0,559.0,3654.0
153.0,178.0,2773.0,93.0
153.0,195.0,2768.0,638.0
153.0,197.0,2769.0,399.0
153.0,205.0,2348.0,3244.0
153.0,227.0,2768.0,2184.0
153.0,235.0,2768.0,2694.0
153.0,243.0,561.0,2352.0
153.0,257.0,3221.0,3482.0
153.0,259.0,557.0,2115.0
153.0,262.0,556.0,2681.0
153.0,268.0,2360.0,2503.0
153.0,271.0,2770.0,340.0
153.0,275.0,2769.0,989.0
153.0,283.0,3506.0,541.0
153.0,295.0,2346.0,1419.0
153.0,303.0,2360.0,1403.0
153.0,305.0,2770.0,2359.0
153.0,308.0,2773.0,542.0
153.0,313.0,561.0,2815.0
153.0,314.0,556.0,1417.0
153.0,321.0,561.0,241.0
153.0,323.0,2301.0,3507.0
153.0,335.0,2198.0,341.0
153.0,336.0,557.0,255.0
153.0,339.0,2347.0,1502.0
154.0,2.0,3579.0,3454.0
154.0,3.0,3580.0,2443.0
154.0,5.0,1640.0,52.0
154.0,6.0,3579.0,1115.0
154.0,7.0,3580.0,2655.0
154.0,10.0,3579.0,1100.0
154.0,11.0,1640.0,333.0
154.0,12.0,3580.0,635.0
154.0,15.0,3580.0,3242.0
154.0,21.0,3579.0,286.0
154.0,23.0,3579.0,305.0
154.0,24.0,1640.0,2284.0
154.0,37.0,3580.0,3533.0
154.0,41.0,3579.0,356.0
154.0,45.0,3579.0,3269.0
154.0,46.0,3579.0,1516.0
154.0,48.0,3580.0,803.0
154.0,54.0,3580.0,2550.0
154.0,55.0,3579.0,3843.0
154.0,61.0,3579.0,2767.0
154.0,62.0,3579.0,75.0
154.0,67.0,1640.0,1420.0
154.0,68.0,3579.0,440.0
154.0,70.0,3579.0,1706.0
154.0,72.0,1640.0,3287.0
154.0,73.0,3579.0,1664.0
154.0,74.0,3580.0,45.0
154.0,84.0,3579.0,2269.0
154.0,87.0,3580.0,1445.0
154.0,90.0,3580.0,1416.0
154.0,95.0,3580.0,3238.0
154.0,96.0,1640.0,339.0
154.0,98.0,3580.0,1419.0
154.0,101.0,3580.0,3013.0
154.0,102.0,3579.0,3306.0
154.0,105.0,1640.0,2035.0
154.0,106.0,1640.0,3396.0
154.0,117.0,3579.0,137.0
154.0,118.0,3580.0,352.0
154.0,119.0,1640.0,233.0
154.0,122.0,1640.0,570.0
154.0,128.0,3579.0,3348.0
154.0,133.0,3580.0,1838.0
154.0,134.0,3580.0,474.0
154.0,139.0,3580.0,533.0
154.0,140.0,3579.0,1398.0
154.0,142.0,1640.0,685.0
154.0,143.0,1640.0,2563.0
154.0,147.0,3579.0,337.0
154.0,148.0,1640.0,3090.0
154.0,154.0,3579.0,3580.0
154.0,160.0,3580.0,487.0
154.0,161.0,3579.0,1404.0
154.0,163.0,3580.0,2192.0
154.0,167.0,3580.0,3372.0
154.0,178.0,1640.0,3545.0
154.0,182.0,3580.0,2598.0
154.0,185.0,3579.0,703.0
154.0,197.0,1640.0,330.0
154.0,198.0,3579.0,826.0
154.0,204.0,3580.0,3036.0
154.0,205.0,3580.0,3014.0
154.0,209.0,3579.0,2134.0
154.0,210.0,3579.0,256.0
154.0,214.0,1640.0,3006.0
154.0,218.0,3580.0,148.0
154.0,224.0,3579.0,991.0
154.0,227.0,3580.0,88.0
154.0,241.0,1640.0,261.0
154.0,242.0,1640.0,193.0
154.0,252.0,3579.0,2200.0
154.0,273.0,3580.0,48.0
154.0,305.0,3579.0,2359.0
154.0,312.0,1640.0,351.0
154.0,314.0,1640.0,1417.0
154.0,320.0,3580.0,2037.0
154.0,331.0,3580.0,578.0
154.0,336.0,3580.0,255.0
154.0,337.0,3580.0,3023.0
155.0,6.0,1023.0,1006.0
155.0,7.0,1023.0,2776.0
155.0,11.0,1023.0,333.0
155.0,24.0,1023.0,3704.0
155.0,36.0,1023.0,255.0
155.0,39.0,1023.0,3026.0
155.0,40.0,1023.0,1475.0
155.0,45.0,1023.0,144.0
155.0,48.0,1023.0,805.0
155.0,53.0,1023.0,178.0
155.0,54.0,1023.0,2542.0
155.0,58.0,1023.0,1380.0
155.0,68.0,1023.0,1642.0
155.0,72.0,1023.0,324.0
155.0,75.0,1023.0,974.0
155.0,76.0,1023.0,1383.0
155.0,80.0,1023.0,1824.0
155.0,81.0,1023.0,3683.0
155.0,85.0,1023.0,1586.0
155.0,108.0,1023.0,1720.0
155.0,112.0,1023.0,1717.0
155.0,131.0,1023.0,3956.0
155.0,133.0,1023.0,3092.0
155.0,143.0,1023.0,2281.0
155.0,145.0,1023.0,1716.0
155.0,155.0,1023.0,1023.0
155.0,164.0,1023.0,3078.0
155.0,169.0,1023.0,662.0
155.0,175.0,1023.0,702.0
155.0,178.0,1023.0,958.0
155.0,195.0,1023.0,3799.0
155.0,200.0,1023.0,737.0
155.0,223.0,1023.0,1213.0
155.0,236.0,1023.0,1916.0
155.0,243.0,1023.0,2355.0
155.0,244.0,1023.0,1013.0
155.0,250.0,1023.0,1264.0
155.0,266.0,1023.0,2336.0
155.0,282.0,1023.0,1469.0
155.0,286.0,1023.0,1383.0
155.0,287.0,1023.0,1258.0
155.0,290.0,1023.0,1899.0
155.0,294.0,1023.0,1082.0
155.0,309.0,1023.0,1379.0
155.0,318.0,1023.0,3069.0
156.0,5.0,829.0,2011.0
156.0,6.0,828.0,882.0
156.0,7.0,828.0,3268.0
156.0,9.0,828.0,2125.0
156.0,14.0,828.0,1186.0
156.0,15.0,829.0,2029.0
156.0,16.0,828.0,3240.0
156.0,18.0,829.0,84.0
156.0,21.0,828.0,3266.0
156.0,23.0,828.0,3043.0
156.0,24.0,829.0,1466.0
156.0,26.0,829.0,1606.0
156.0,29.0,828.0,366.0
156.0,30.0,828.0,3966.0
156.0,33.0,828.0,1671.0
156.0,44.0,829.0,3593.0
156.0,47.0,829.0,2547.0
156.0,48.0,829.0,802.0
156.0,49.0,828.0,172.0
156.0,53.0,829.0,856.0
156.0,61.0,829.0,2363.0
156.0,62.0,829.0,77.0
156.0,64.0,828.0,2826.0
156.0,68.0,828.0,594.0
156.0,70.0,829.0,1706.0
156.0,73.0,828.0,336.0
156.0,74.0,828.0,1488.0
156.0,78.0,829.0,86.0
156.0,81.0,829.0,3359.0
156.0,86.0,828.0,1559.0
156.0,88.0,828.0,688.0
156.0,89.0,829.0,3903.0
156.0,90.0,829.0,1412.0
156.0,95.0,829.0,3227.0
156.0,98.0,828.0,1419.0
156.0,101.0,828.0,3246.0
156.0,103.0,829.0,239.0
156.0,115.0,828.0,83.0
156.0,117.0,829.0,137.0
156.0,122.0,828.0,2033.0
156.0,128.0,829.0,3262.0
156.0,130.0,829.0,1961.0
156.0,135.0,829.0,3154.0
156.0,143.0,828.0,393.0
156.0,151.0,829.0,86.0
156.0,156.0,829.0,828.0
156.0,169.0,828.0,662.0
156.0,177.0,829.0,413.0
156.0,178.0,828.0,94.0
156.0,184.0,828.0,1969.0
156.0,187.0,829.0,81.0
156.0,190.0,828.0,151.0
156.0,191.0,828.0,138.0
156.0,198.0,829.0,826.0
156.0,200.0,828.0,737.0
156.0,211.0,829.0,2071.0
156.0,216.0,828.0,1606.0
156.0,221.0,828.0,166.0
156.0,223.0,828.0,3875.0
156.0,224.0,829.0,995.0
156.0,225.0,828.0,84.0
156.0,227.0,829.0,1662.0
156.0,234.0,828.0,3058.0
156.0,236.0,829.0,1916.0
156.0,238.0,829.0,2394.0
156.0,243.0,829.0,2354.0
156.0,251.0,828.0,1085.0
156.0,263.0,828.0,824.0
156.0,275.0,829.0,55.0
156.0,292.0,828.0,143.0
156.0,317.0,828.0,136.0
156.0,329.0,828.0,3559.0
156.0,336.0,828.0,255.0
157.0,2.0,2545.0,3430.0
157.0,7.0,2449.0,3168.0
157.0,8.0,2246.0,2871.0
157.0,17.0,2449.0,548.0
157.0,22.0,3406.0,2089.0
157.0,25.0,2248.0,3650.0
157.0,34.0,2449.0,2105.0
157.0,39.0,2245.0,3029.0
157.0,45.0,2245.0,66.0
157.0,47.0,2545.0,1985.0
157.0,53.0,2246.0,179.0
157.0,72.0,2545.0,1212.0
157.0,106.0,3406.0,241.0
157.0,107.0,2245.0,3217.0
157.0,108.0,2248.0,1720.0
157.0,114.0,2449.0,1414.0
157.0,126.0,2246.0,2139.0
157.0,129.0,3406.0,827.0
157.0,134.0,3406.0,501.0
157.0,143.0,2245.0,2563.0
157.0,157.0,2545.0,2248.0
157.0,160.0,2449.0,486.0
157.0,184.0,3406.0,205.0
157.0,197.0,2449.0,329.0
157.0,202.0,2248.0,3434.0
157.0,208.0,2545.0,3629.0
157.0,240.0,2248.0,3811.0
157.0,244.0,2246.0,1013.0
157.0,257.0,3406.0,3482.0
157.0,271.0,2248.0,340.0
157.0,313.0,2449.0,3102.0
157.0,322.0,2545.0,3192.0
157.0,336.0,2449.0,255.0
157.0,337.0,2545.0,3023.0
158.0,2.0,2591.0,3143.0
158.0,7.0,242.0,3168.0
158.0,13.0,497.0,163.0
158.0,14.0,2591.0,1186.0
158.0,18.0,497.0,84.0
158.0,21.0,2591.0,3041.0
158.0,22.0,249.0,3364.0
158.0,25.0,593.0,489.0
158.0,28.0,3378.0,2046.0
158.0,29.0,497.0,2413.0
158.0,41.0,497.0,2551.0
158.0,44.0,497.0,3592.0
158.0,45.0,592.0,100.0
158.0,48.0,592.0,807.0
158.0,53.0,497.0,2839.0
158.0,55.0,592.0,691.0
158.0,61.0,2591.0,627.0
158.0,62.0,240.0,1030.0
158.0,66.0,242.0,3952.0
158.0,68.0,249.0,1054.0
158.0,72.0,3378.0,324.0
158.0,78.0,2591.0,86.0
158.0,79.0,592.0,585.0
158.0,82.0,592.0,2577.0
158.0,86.0,242.0,1559.0
158.0,89.0,240.0,3903.0
158.0,95.0,2241.0,1512.0
158.0,100.0,3378.0,1548.0
158.0,105.0,592.0,2116.0
158.0,106.0,3378.0,241.0
158.0,107.0,593.0,2357.0
158.0,113.0,2591.0,1450.0
158.0,120.0,249.0,2.0
158.0,122.0,593.0,2031.0
158.0,123.0,249.0,682.0
158.0,135.0,593.0,3265.0
158.0,139.0,592.0,2092.0
158.0,140.0,2241.0,3830.0
158.0,143.0,249.0,2563.0
158.0,158.0,249.0,593.0
158.0,160.0,240.0,2582.0
158.0,161.0,240.0,1404.0
158.0,165.0,2591.0,254.0
158.0,166.0,240.0,2376.0
158.0,167.0,497.0,3372.0
158.0,178.0,2591.0,107.0
158.0,185.0,2241.0,687.0
158.0,196.0,240.0,3288.0
158.0,197.0,497.0,335.0
158.0,198.0,2591.0,826.0
158.0,202.0,240.0,258.0
158.0,224.0,592.0,991.0
158.0,235.0,497.0,2694.0
158.0,243.0,2591.0,1540.0
158.0,259.0,497.0,2101.0
158.0,263.0,2591.0,824.0
158.0,267.0,593.0,3328.0
158.0,277.0,3378.0,244.0
158.0,292.0,240.0,3906.0
158.0,312.0,497.0,251.0
158.0,313.0,240.0,3102.0
158.0,327.0,242.0,1621.0
158.0,328.0,240.0,2513.0
159.0,18.0,1621.0,1050.0
159.0,49.0,1621.0,172.0
159.0,58.0,1621.0,3069.0
159.0,59.0,1621.0,1827.0
159.0,62.0,1621.0,2407.0
159.0,80.0,1621.0,1824.0
159.0,94.0,1621.0,648.0
159.0,124.0,1621.0,1303.0
159.0,133.0,1621.0,3595.0
159.0,159.0,1621.0,1621.0
159.0,174.0,1621.0,1905.0
159.0,195.0,1621.0,1729.0
159.0,201.0,1621.0,1389.0
159.0,207.0,1621.0,1024.0
159.0,210.0,1621.0,256.0
159.0,214.0,1621.0,3591.0
159.0,226.0,1621.0,1434.0
159.0,237.0,1621.0,1674.0
159.0,244.0,1621.0,1013.0
159.0,250.0,1621.0,1259.0
159.0,284.0,1621.0,2932.0
159.0,285.0,1621.0,1387.0
159.0,287.0,1621.0,1385.0
159.0,289.0,1621.0,2102.0
159.0,291.0,1621.0,2537.0
159.0,293.0,1621.0,1264.0
159.0,300.0,1621.0,1701.0
159.0,327.0,1621.0,1621.0
160.0,7.0,492.0,2573.0
160.0,8.0,493.0,191.0
160.0,10.0,486.0,3247.0
160.0,14.0,3113.0,2864.0
160.0,17.0,3113.0,548.0
160.0,18.0,245.0,84.0
160.0,21.0,2582.0,767.0
160.0,23.0,2582.0,994.0
160.0,24.0,3113.0,1491.0
160.0,25.0,3113.0,908.0
160.0,28.0,493.0,2046.0
160.0,36.0,245.0,255.0
160.0,38.0,2582.0,3953.0
160.0,45.0,3112.0,798.0
160.0,47.0,486.0,907.0
160.0,48.0,2730.0,29.0
160.0,54.0,491.0,3949.0
160.0,61.0,2730.0,1793.0
160.0,63.0,486.0,2742.0
160.0,66.0,2582.0,3696.0
160.0,71.0,493.0,2304.0
160.0,75.0,491.0,974.0
160.0,82.0,2730.0,320.0
160.0,91.0,3112.0,3281.0
160.0,95.0,491.0,3234.0
160.0,96.0,2730.0,339.0
160.0,106.0,2582.0,3396.0
160.0,109.0,245.0,1339.0
160.0,114.0,2730.0,1421.0
160.0,116.0,245.0,3352.0
160.0,119.0,492.0,1923.0
160.0,130.0,491.0,1431.0
160.0,154.0,491.0,3580.0
160.0,157.0,493.0,2545.0
160.0,158.0,3112.0,592.0
160.0,160.0,486.0,492.0
160.0,162.0,245.0,353.0
160.0,166.0,491.0,3529.0
160.0,178.0,487.0,3738.0
160.0,184.0,491.0,2247.0
160.0,200.0,2730.0,742.0
160.0,202.0,245.0,3434.0
160.0,243.0,487.0,2354.0
160.0,253.0,492.0,2126.0
160.0,259.0,574.0,2114.0
160.0,303.0,487.0,1403.0
160.0,306.0,486.0,1449.0
160.0,311.0,486.0,253.0
160.0,312.0,3112.0,250.0
160.0,313.0,491.0,2816.0
160.0,327.0,3112.0,1621.0
160.0,336.0,492.0,255.0
160.0,337.0,245.0,3023.0
161.0,8.0,1404.0,572.0
161.0,14.0,1404.0,2618.0
161.0,17.0,1404.0,3867.0
161.0,18.0,1404.0,60.0
161.0,22.0,1404.0,2507.0
161.0,38.0,1404.0,2213.0
161.0,44.0,1404.0,56.0
161.0,50.0,1404.0,382.0
161.0,54.0,1404.0,1005.0
161.0,57.0,1404.0,2991.0
161.0,71.0,1404.0,2306.0
161.0,79.0,1404.0,585.0
161.0,105.0,1404.0,2035.0
161.0,109.0,1404.0,3954.0
161.0,125.0,1404.0,720.0
161.0,127.0,1404.0,2110.0
161.0,136.0,1404.0,3327.0
161.0,139.0,1404.0,2092.0
161.0,140.0,1404.0,3255.0
161.0,144.0,1404.0,3510.0
161.0,153.0,1404.0,562.0
161.0,161.0,1404.0,1404.0
161.0,178.0,1404.0,1293.0
161.0,199.0,1404.0,2167.0
161.0,212.0,1404.0,354.0
161.0,225.0,1404.0,84.0
161.0,253.0,1404.0,1391.0
161.0,257.0,1404.0,3481.0
161.0,262.0,1404.0,2565.0
161.0,265.0,1404.0,1394.0
161.0,283.0,1404.0,541.0
161.0,289.0,1404.0,2102.0
161.0,295.0,1404.0,1419.0
161.0,296.0,1404.0,2508.0
161.0,308.0,1404.0,542.0
161.0,323.0,1404.0,3507.0
161.0,335.0,1404.0,341.0
162.0,7.0,353.0,3211.0
162.0,8.0,353.0,2139.0
162.0,10.0,353.0,2142.0
162.0,11.0,353.0,333.0
162.0,14.0,353.0,885.0
162.0,19.0,353.0,256.0
162.0,22.0,353.0,3361.0
162.0,24.0,353.0,128.0
162.0,38.0,353.0,2213.0
162.0,47.0,353.0,1806.0
162.0,53.0,353.0,1525.0
162.0,54.0,353.0,1657.0
162.0,57.0,353.0,2211.0
162.0,61.0,353.0,2162.0
162.0,63.0,353.0,2742.0
162.0,66.0,353.0,3952.0
162.0,71.0,353.0,1406.0
162.0,100.0,353.0,1547.0
162.0,106.0,353.0,3396.0
162.0,109.0,353.0,1337.0
162.0,118.0,353.0,352.0
162.0,119.0,353.0,2141.0
162.0,126.0,353.0,2139.0
162.0,127.0,353.0,1835.0
162.0,136.0,353.0,1401.0
162.0,144.0,353.0,3510.0
162.0,157.0,353.0,3406.0
162.0,160.0,353.0,493.0
162.0,162.0,353.0,353.0
162.0,178.0,353.0,2491.0
162.0,209.0,353.0,2134.0
162.0,213.0,353.0,829.0
162.0,241.0,353.0,2039.0
162.0,253.0,353.0,2126.0
162.0,259.0,353.0,2113.0
162.0,260.0,353.0,944.0
162.0,283.0,353.0,541.0
162.0,311.0,353.0,253.0
162.0,312.0,353.0,250.0
162.0,320.0,353.0,2037.0
162.0,335.0,353.0,3508.0
162.0,336.0,353.0,255.0
162.0,337.0,353.0,3023.0
162.0,345.0,353.0,2197.0
163.0,1.0,2192.0,160.0
163.0,2.0,345.0,200.0
163.0,5.0,345.0,2010.0
163.0,6.0,2192.0,2711.0
163.0,7.0,201.0,3250.0
163.0,10.0,147.0,1045.0
163.0,11.0,201.0,333.0
163.0,12.0,2077.0,635.0
163.0,13.0,2077.0,163.0
163.0,14.0,2077.0,2888.0
163.0,15.0,147.0,717.0
163.0,16.0,147.0,3241.0
163.0,18.0,2077.0,3709.0
163.0,20.0,398.0,1912.0
163.0,21.0,147.0,3575.0
163.0,22.0,2192.0,521.0
163.0,23.0,201.0,307.0
163.0,24.0,201.0,3000.0
163.0,27.0,2192.0,683.0
163.0,28.0,2192.0,3015.0
163.0,30.0,2077.0,3966.0
163.0,37.0,398.0,403.0
163.0,41.0,345.0,3899.0
163.0,42.0,147.0,921.0
163.0,43.0,2077.0,686.0
163.0,44.0,2077.0,3593.0
163.0,45.0,345.0,3324.0
163.0,46.0,345.0,1487.0
163.0,47.0,2192.0,3564.0
163.0,48.0,2077.0,820.0
163.0,50.0,201.0,89.0
163.0,51.0,345.0,2580.0
163.0,53.0,345.0,855.0
163.0,54.0,147.0,2283.0
163.0,55.0,345.0,691.0
163.0,60.0,201.0,1381.0
163.0,61.0,201.0,2675.0
163.0,62.0,345.0,895.0
163.0,68.0,2192.0,440.0
163.0,70.0,201.0,1598.0
163.0,72.0,147.0,2732.0
163.0,73.0,201.0,333.0
163.0,78.0,2192.0,86.0
163.0,89.0,398.0,3903.0
163.0,90.0,345.0,1418.0
163.0,91.0,2192.0,3284.0
163.0,95.0,147.0,3260.0
163.0,102.0,201.0,3306.0
163.0,109.0,201.0,3016.0
163.0,122.0,398.0,2033.0
163.0,125.0,147.0,720.0
163.0,129.0,398.0,827.0
163.0,132.0,147.0,3203.0
163.0,133.0,2192.0,3092.0
163.0,135.0,345.0,766.0
163.0,137.0,201.0,3680.0
163.0,141.0,147.0,237.0
163.0,142.0,2077.0,685.0
163.0,143.0,345.0,2281.0
163.0,144.0,2077.0,541.0
163.0,147.0,2077.0,337.0
163.0,151.0,147.0,86.0
163.0,154.0,201.0,3580.0
163.0,156.0,2077.0,829.0
163.0,163.0,398.0,147.0
163.0,168.0,2192.0,708.0
163.0,171.0,345.0,1543.0
163.0,172.0,201.0,1888.0
163.0,173.0,398.0,3976.0
163.0,178.0,147.0,3544.0
163.0,182.0,2077.0,2008.0
163.0,183.0,2192.0,1585.0
163.0,185.0,201.0,687.0
163.0,187.0,2077.0,81.0
163.0,192.0,147.0,2288.0
163.0,196.0,2077.0,1211.0
163.0,197.0,147.0,335.0
163.0,203.0,2077.0,1444.0
163.0,215.0,398.0,1464.0
163.0,221.0,2077.0,166.0
163.0,225.0,2192.0,84.0
163.0,233.0,147.0,2626.0
163.0,234.0,398.0,80.0
163.0,248.0,2077.0,692.0
163.0,264.0,201.0,3513.0
163.0,273.0,345.0,48.0
163.0,275.0,147.0,55.0
163.0,276.0,201.0,234.0
163.0,291.0,201.0,942.0
163.0,306.0,201.0,1449.0
163.0,325.0,345.0,1561.0
163.0,341.0,398.0,1891.0
164.0,4.0,3487.0,1197.0
164.0,7.0,3079.0,3311.0
164.0,14.0,1928.0,2886.0
164.0,32.0,3076.0,1824.0
164.0,39.0,3078.0,3029.0
164.0,52.0,1443.0,1843.0
164.0,53.0,678.0,389.0
164.0,58.0,1712.0,3069.0
164.0,61.0,3483.0,1794.0
164.0,68.0,1715.0,1642.0
164.0,71.0,3158.0,1722.0
164.0,77.0,1713.0,2960.0
164.0,80.0,1715.0,1824.0
164.0,81.0,3487.0,1670.0
164.0,97.0,3078.0,236.0
164.0,103.0,1715.0,239.0
164.0,108.0,3484.0,1720.0
164.0,112.0,1715.0,1717.0
164.0,124.0,1930.0,1303.0
164.0,133.0,1715.0,1378.0
164.0,138.0,3489.0,1710.0
164.0,143.0,3158.0,2281.0
164.0,145.0,1930.0,1716.0
164.0,155.0,3078.0,1023.0
164.0,164.0,1715.0,1713.0
164.0,170.0,1930.0,2827.0
164.0,178.0,3490.0,93.0
164.0,188.0,1929.0,2232.0
164.0,204.0,678.0,2175.0
164.0,207.0,1713.0,1257.0
164.0,219.0,1929.0,1695.0
164.0,220.0,3490.0,1719.0
164.0,225.0,3076.0,84.0
164.0,231.0,3076.0,1453.0
164.0,232.0,1929.0,1374.0
164.0,237.0,3484.0,1674.0
164.0,240.0,1929.0,3816.0
164.0,245.0,1712.0,1452.0
164.0,262.0,1930.0,2506.0
164.0,266.0,1713.0,2602.0
164.0,284.0,1443.0,2932.0
164.0,288.0,3488.0,1927.0
164.0,290.0,1443.0,1020.0
164.0,294.0,3491.0,185.0
164.0,300.0,3485.0,1701.0
164.0,309.0,3488.0,1379.0
164.0,315.0,1929.0,1922.0
164.0,318.0,3483.0,3069.0
164.0,322.0,3078.0,3192.0
164.0,324.0,3158.0,1443.0
164.0,338.0,3076.0,1868.0
165.0,2.0,254.0,3454.0
165.0,7.0,254.0,196.0
165.0,8.0,254.0,191.0
165.0,10.0,254.0,452.0
165.0,14.0,254.0,1184.0
165.0,19.0,254.0,256.0
165.0,21.0,254.0,2611.0
165.0,29.0,254.0,3524.0
165.0,53.0,254.0,858.0
165.0,54.0,254.0,716.0
165.0,61.0,254.0,2784.0
165.0,66.0,254.0,2138.0
165.0,79.0,254.0,2818.0
165.0,96.0,254.0,339.0
165.0,100.0,254.0,1547.0
165.0,101.0,254.0,3246.0
165.0,104.0,254.0,1448.0
165.0,134.0,254.0,474.0
165.0,139.0,254.0,3509.0
165.0,150.0,254.0,2899.0
165.0,152.0,254.0,485.0
165.0,158.0,254.0,593.0
165.0,165.0,254.0,254.0
165.0,178.0,254.0,1911.0
165.0,194.0,254.0,257.0
165.0,277.0,254.0,499.0
165.0,283.0,254.0,541.0
165.0,311.0,254.0,253.0
165.0,313.0,254.0,587.0
165.0,321.0,254.0,241.0
165.0,329.0,254.0,419.0
165.0,333.0,254.0,256.0
165.0,335.0,254.0,341.0
166.0,2.0,2203.0,3455.0
166.0,4.0,968.0,996.0
166.0,7.0,963.0,1315.0
166.0,8.0,2164.0,191.0
166.0,14.0,2779.0,1249.0
166.0,17.0,3717.0,549.0
166.0,18.0,3529.0,2663.0
166.0,21.0,3793.0,3134.0
166.0,23.0,3723.0,865.0
166.0,25.0,2376.0,1973.0
166.0,26.0,2203.0,1069.0
166.0,28.0,3654.0,2046.0
166.0,29.0,954.0,1932.0
166.0,31.0,3678.0,645.0
166.0,34.0,3677.0,2105.0
166.0,37.0,1964.0,715.0
166.0,40.0,3677.0,1475.0
166.0,44.0,1788.0,85.0
166.0,47.0,3721.0,1953.0
166.0,61.0,3723.0,2361.0
166.0,63.0,3718.0,2742.0
166.0,66.0,3676.0,3696.0
166.0,68.0,3583.0,1641.0
166.0,72.0,3678.0,2733.0
166.0,81.0,632.0,215.0
166.0,82.0,969.0,595.0
166.0,85.0,3677.0,3027.0
166.0,87.0,3676.0,1446.0
166.0,89.0,2376.0,3903.0
166.0,94.0,3722.0,646.0
166.0,96.0,3654.0,339.0
166.0,106.0,2780.0,241.0
166.0,107.0,971.0,3217.0
166.0,116.0,3655.0,2830.0
166.0,120.0,2779.0,2161.0
166.0,130.0,954.0,1962.0
166.0,134.0,954.0,471.0
166.0,135.0,3676.0,3947.0
166.0,139.0,968.0,2754.0
166.0,156.0,1818.0,829.0
166.0,160.0,3677.0,491.0
166.0,166.0,2426.0,971.0
166.0,172.0,1818.0,1888.0
166.0,174.0,967.0,1905.0
166.0,178.0,3169.0,3938.0
166.0,183.0,2203.0,1585.0
166.0,188.0,1818.0,3420.0
166.0,190.0,1787.0,2721.0
166.0,193.0,3722.0,1943.0
166.0,199.0,966.0,2167.0
166.0,204.0,1964.0,2975.0
166.0,209.0,3653.0,2134.0
166.0,210.0,2852.0,256.0
166.0,214.0,3678.0,2746.0
166.0,216.0,3676.0,1606.0
166.0,221.0,3678.0,165.0
166.0,223.0,3723.0,782.0
166.0,226.0,3654.0,1434.0
166.0,234.0,633.0,3058.0
166.0,235.0,967.0,2694.0
166.0,242.0,2377.0,193.0
166.0,243.0,3678.0,3175.0
166.0,248.0,1788.0,711.0
166.0,250.0,1964.0,1693.0
166.0,257.0,1818.0,3481.0
166.0,261.0,3719.0,1434.0
166.0,266.0,3677.0,3600.0
166.0,271.0,2427.0,340.0
166.0,287.0,3678.0,1258.0
166.0,292.0,967.0,3905.0
166.0,305.0,3653.0,2359.0
166.0,307.0,3654.0,248.0
166.0,313.0,955.0,2816.0
166.0,323.0,2377.0,2199.0
166.0,331.0,954.0,578.0
166.0,335.0,955.0,341.0
167.0,2.0,3372.0,3454.0
167.0,7.0,3372.0,3702.0
167.0,10.0,3372.0,2132.0
167.0,15.0,3372.0,712.0
167.0,16.0,3372.0,3261.0
167.0,23.0,577.0,866.0
167.0,25.0,3372.0,206.0
167.0,28.0,50.0,2046.0
167.0,36.0,50.0,255.0
167.0,41.0,3372.0,3899.0
167.0,43.0,578.0,686.0
167.0,45.0,3372.0,100.0
167.0,46.0,53.0,714.0
167.0,48.0,3372.0,803.0
167.0,53.0,51.0,856.0
167.0,55.0,3373.0,691.0
167.0,56.0,3372.0,643.0
167.0,61.0,3372.0,3343.0
167.0,67.0,50.0,1420.0
167.0,74.0,3373.0,2038.0
167.0,90.0,3372.0,2052.0
167.0,91.0,2050.0,1668.0
167.0,92.0,3373.0,2119.0
167.0,93.0,3372.0,463.0
167.0,95.0,3372.0,3238.0
167.0,107.0,578.0,3176.0
167.0,114.0,3372.0,2045.0
167.0,122.0,2074.0,2009.0
167.0,125.0,577.0,720.0
167.0,130.0,3372.0,1431.0
167.0,132.0,3372.0,3203.0
167.0,134.0,50.0,475.0
167.0,143.0,50.0,2563.0
167.0,147.0,50.0,337.0
167.0,149.0,2075.0,2049.0
167.0,158.0,50.0,592.0
167.0,167.0,2074.0,3373.0
167.0,172.0,50.0,2924.0
167.0,173.0,3372.0,470.0
167.0,175.0,577.0,702.0
167.0,178.0,3372.0,3542.0
167.0,183.0,3372.0,1585.0
167.0,185.0,3373.0,1543.0
167.0,189.0,3372.0,1918.0
167.0,190.0,50.0,2721.0
167.0,205.0,3372.0,2718.0
167.0,210.0,50.0,256.0
167.0,213.0,3372.0,829.0
167.0,236.0,50.0,659.0
167.0,247.0,3372.0,861.0
167.0,248.0,577.0,711.0
167.0,273.0,3373.0,48.0
167.0,276.0,3372.0,2944.0
167.0,280.0,49.0,2894.0
167.0,295.0,3373.0,1419.0
167.0,314.0,2050.0,2049.0
167.0,331.0,578.0,578.0
168.0,3.0,2464.0,2443.0
168.0,4.0,2464.0,1198.0
168.0,5.0,1707.0,52.0
168.0,10.0,1707.0,452.0
168.0,12.0,1707.0,635.0
168.0,13.0,1707.0,2946.0
168.0,18.0,708.0,3841.0
168.0,20.0,1707.0,681.0
168.0,23.0,1707.0,3536.0
168.0,24.0,708.0,43.0
168.0,43.0,1707.0,682.0
168.0,44.0,708.0,3593.0
168.0,46.0,708.0,3844.0
168.0,48.0,2464.0,361.0
168.0,49.0,1707.0,1060.0
168.0,53.0,708.0,851.0
168.0,54.0,2464.0,1494.0
168.0,55.0,708.0,691.0
168.0,56.0,2464.0,949.0
168.0,62.0,2464.0,3146.0
168.0,68.0,1707.0,346.0
168.0,70.0,2464.0,202.0
168.0,73.0,708.0,3021.0
168.0,77.0,708.0,3897.0
168.0,88.0,2464.0,688.0
168.0,95.0,708.0,3229.0
168.0,97.0,1707.0,2443.0
168.0,103.0,1707.0,239.0
168.0,112.0,2464.0,1717.0
168.0,121.0,708.0,2966.0
168.0,122.0,2464.0,2033.0
168.0,125.0,708.0,720.0
168.0,132.0,1707.0,3183.0
168.0,134.0,2464.0,471.0
168.0,135.0,1707.0,3910.0
168.0,141.0,708.0,237.0
168.0,142.0,708.0,685.0
168.0,147.0,1707.0,337.0
168.0,150.0,2464.0,2899.0
168.0,168.0,1707.0,2464.0
168.0,185.0,1707.0,703.0
168.0,213.0,708.0,829.0
168.0,215.0,2464.0,149.0
168.0,217.0,1707.0,976.0
168.0,224.0,708.0,1056.0
168.0,225.0,2464.0,84.0
168.0,234.0,708.0,3058.0
168.0,243.0,708.0,1540.0
168.0,248.0,1707.0,2036.0
168.0,250.0,1707.0,1264.0
168.0,260.0,1707.0,944.0
168.0,321.0,708.0,241.0
168.0,331.0,708.0,578.0
168.0,332.0,708.0,2934.0
169.0,1.0,662.0,704.0
169.0,10.0,662.0,2658.0
169.0,12.0,662.0,635.0
169.0,15.0,662.0,2647.0
169.0,16.0,662.0,689.0
169.0,18.0,662.0,3709.0
169.0,20.0,662.0,1912.0
169.0,27.0,662.0,713.0
169.0,43.0,662.0,686.0
169.0,44.0,662.0,85.0
169.0,47.0,662.0,1956.0
169.0,50.0,662.0,89.0
169.0,68.0,662.0,1642.0
169.0,95.0,662.0,3232.0
169.0,122.0,662.0,2031.0
169.0,123.0,662.0,682.0
169.0,125.0,662.0,720.0
169.0,128.0,662.0,2022.0
169.0,134.0,662.0,471.0
169.0,141.0,662.0,1708.0
169.0,142.0,662.0,685.0
169.0,167.0,662.0,3372.0
169.0,169.0,662.0,662.0
169.0,173.0,662.0,1924.0
169.0,175.0,662.0,661.0
169.0,178.0,662.0,3333.0
169.0,185.0,662.0,687.0
169.0,197.0,662.0,334.0
169.0,203.0,662.0,1444.0
169.0,205.0,662.0,2718.0
169.0,206.0,662.0,1892.0
169.0,214.0,662.0,1871.0
169.0,227.0,662.0,88.0
169.0,236.0,662.0,1916.0
169.0,248.0,662.0,692.0
169.0,276.0,662.0,3855.0
169.0,278.0,662.0,696.0
169.0,292.0,662.0,142.0
169.0,310.0,662.0,695.0
169.0,331.0,662.0,578.0
169.0,338.0,662.0,1868.0
169.0,341.0,662.0,1891.0
170.0,10.0,2827.0,3403.0
170.0,11.0,2827.0,333.0
170.0,18.0,1718.0,84.0
170.0,21.0,2827.0,3967.0
170.0,48.0,1718.0,3907.0
170.0,52.0,1718.0,1925.0
170.0,53.0,2827.0,733.0
170.0,56.0,2827.0,1025.0
170.0,60.0,2827.0,2938.0
170.0,61.0,2827.0,2276.0
170.0,71.0,1709.0,2306.0
170.0,81.0,1718.0,986.0
170.0,108.0,2827.0,1720.0
170.0,112.0,2827.0,1717.0
170.0,124.0,2827.0,1303.0
170.0,133.0,2827.0,5.0
170.0,134.0,1709.0,3054.0
170.0,138.0,2827.0,1711.0
170.0,143.0,1718.0,2563.0
170.0,144.0,1718.0,542.0
170.0,145.0,1718.0,1716.0
170.0,164.0,1709.0,3487.0
170.0,170.0,2827.0,1718.0
170.0,178.0,1718.0,112.0
170.0,204.0,1718.0,1686.0
170.0,214.0,1709.0,2876.0
170.0,219.0,1718.0,1695.0
170.0,220.0,2827.0,1719.0
170.0,227.0,1709.0,344.0
170.0,241.0,2827.0,3023.0
170.0,249.0,1718.0,1069.0
170.0,251.0,1709.0,1085.0
170.0,266.0,2827.0,1864.0
170.0,288.0,1718.0,1927.0
170.0,300.0,2827.0,1701.0
170.0,343.0,1718.0,183.0
171.0,1.0,1543.0,2690.0
171.0,2.0,1543.0,2743.0
171.0,7.0,1543.0,3140.0
171.0,11.0,1543.0,333.0
171.0,13.0,1543.0,429.0
171.0,15.0,1543.0,717.0
171.0,16.0,1543.0,3261.0
171.0,18.0,1543.0,57.0
171.0,20.0,1543.0,2118.0
171.0,23.0,1543.0,3536.0
171.0,27.0,1543.0,713.0
171.0,38.0,1543.0,2212.0
171.0,41.0,1543.0,357.0
171.0,43.0,1543.0,686.0
171.0,45.0,1543.0,3918.0
171.0,49.0,1543.0,3117.0
171.0,50.0,1543.0,89.0
171.0,56.0,1543.0,1026.0
171.0,62.0,1543.0,3366.0
171.0,68.0,1543.0,594.0
171.0,78.0,1543.0,86.0
171.0,86.0,1543.0,1559.0
171.0,88.0,1543.0,688.0
171.0,95.0,1543.0,3405.0
171.0,97.0,1543.0,236.0
171.0,101.0,1543.0,372.0
171.0,117.0,1543.0,137.0
171.0,122.0,1543.0,2031.0
171.0,125.0,1543.0,720.0
171.0,141.0,1543.0,238.0
171.0,142.0,1543.0,685.0
171.0,163.0,1543.0,201.0
171.0,168.0,1543.0,2464.0
171.0,171.0,1543.0,1543.0
171.0,181.0,1543.0,2221.0
171.0,183.0,1543.0,1585.0
171.0,185.0,1543.0,1543.0
171.0,188.0,1543.0,2069.0
171.0,190.0,1543.0,151.0
171.0,191.0,1543.0,140.0
171.0,197.0,1543.0,329.0
171.0,198.0,1543.0,826.0
171.0,203.0,1543.0,1444.0
171.0,215.0,1543.0,1464.0
171.0,217.0,1543.0,976.0
171.0,218.0,1543.0,148.0
171.0,221.0,1543.0,166.0
171.0,224.0,1543.0,3692.0
171.0,225.0,1543.0,84.0
171.0,236.0,1543.0,659.0
171.0,248.0,1543.0,3659.0
171.0,249.0,1543.0,1069.0
171.0,263.0,1543.0,824.0
171.0,302.0,1543.0,1497.0
171.0,316.0,1543.0,1867.0
171.0,325.0,1543.0,414.0
171.0,328.0,1543.0,24.0
171.0,330.0,1543.0,1094.0
171.0,332.0,1543.0,2934.0
171.0,334.0,1543.0,149.0
171.0,343.0,1543.0,182.0
172.0,2.0,1225.0,200.0
172.0,4.0,1887.0,3915.0
172.0,6.0,1882.0,1111.0
172.0,7.0,3777.0,3187.0
172.0,10.0,1884.0,2659.0
172.0,11.0,1883.0,333.0
172.0,14.0,3773.0,2710.0
172.0,15.0,3773.0,717.0
172.0,18.0,1226.0,3900.0
172.0,21.0,644.0,3134.0
172.0,22.0,2806.0,3834.0
172.0,23.0,644.0,268.0
172.0,25.0,1882.0,908.0
172.0,31.0,1884.0,2922.0
172.0,42.0,2924.0,921.0
172.0,44.0,1738.0,85.0
172.0,46.0,1882.0,1487.0
172.0,47.0,644.0,1980.0
172.0,48.0,1884.0,2654.0
172.0,58.0,2924.0,3070.0
172.0,59.0,644.0,1260.0
172.0,61.0,647.0,1333.0
172.0,65.0,1886.0,1445.0
172.0,66.0,2924.0,2179.0
172.0,67.0,1883.0,375.0
172.0,68.0,1279.0,1054.0
172.0,73.0,1887.0,401.0
172.0,74.0,2802.0,2053.0
172.0,75.0,1886.0,974.0
172.0,79.0,644.0,2239.0
172.0,94.0,647.0,646.0
172.0,95.0,2795.0,1514.0
172.0,107.0,1849.0,2356.0
172.0,118.0,1731.0,352.0
172.0,124.0,1886.0,3066.0
172.0,130.0,1882.0,601.0
172.0,143.0,1738.0,2564.0
172.0,145.0,1886.0,1716.0
172.0,154.0,1223.0,3579.0
172.0,166.0,1279.0,3678.0
172.0,172.0,644.0,3770.0
172.0,176.0,1225.0,502.0
172.0,178.0,950.0,2480.0
172.0,182.0,1222.0,2598.0
172.0,189.0,1887.0,1918.0
172.0,196.0,649.0,322.0
172.0,197.0,2668.0,335.0
172.0,201.0,1882.0,1389.0
172.0,204.0,1888.0,2968.0
172.0,215.0,1881.0,149.0
172.0,220.0,2252.0,1703.0
172.0,225.0,1881.0,84.0
172.0,226.0,2795.0,1434.0
172.0,227.0,3554.0,344.0
172.0,228.0,1885.0,1221.0
172.0,229.0,1224.0,2932.0
172.0,234.0,2795.0,145.0
172.0,241.0,647.0,3426.0
172.0,246.0,644.0,1025.0
172.0,250.0,1881.0,1264.0
172.0,251.0,1225.0,1085.0
172.0,253.0,647.0,1391.0
172.0,261.0,2668.0,1434.0
172.0,266.0,3776.0,1440.0
172.0,285.0,1849.0,1256.0
172.0,287.0,647.0,1385.0
172.0,289.0,1888.0,2102.0
172.0,293.0,1222.0,1264.0
172.0,298.0,1884.0,2981.0
172.0,316.0,2800.0,1867.0
172.0,330.0,3769.0,1094.0
172.0,335.0,1883.0,341.0
172.0,342.0,1885.0,1209.0
173.0,5.0,3976.0,54.0
173.0,15.0,3975.0,712.0
173.0,19.0,3975.0,256.0
173.0,20.0,3975.0,681.0
173.0,22.0,1924.0,530.0
173.0,28.0,3976.0,2046.0
173.0,48.0,1924.0,361.0
173.0,61.0,3975.0,2364.0
173.0,62.0,3976.0,1593.0
173.0,73.0,1924.0,1665.0
173.0,84.0,1444.0,2269.0
173.0,89.0,3976.0,3903.0
173.0,91.0,3976.0,3281.0
173.0,93.0,3976.0,2942.0
173.0,96.0,3975.0,339.0
173.0,99.0,3976.0,234.0
173.0,100.0,3976.0,1548.0
173.0,114.0,1924.0,1421.0
173.0,122.0,470.0,2009.0
173.0,125.0,1924.0,720.0
173.0,132.0,3975.0,3243.0
173.0,134.0,3976.0,501.0
173.0,140.0,3976.0,2499.0
173.0,141.0,3976.0,238.0
173.0,149.0,470.0,2049.0
173.0,166.0,1924.0,963.0
173.0,167.0,1924.0,3373.0
173.0,169.0,1924.0,662.0
173.0,171.0,1924.0,1543.0
173.0,173.0,1924.0,3976.0
173.0,175.0,3975.0,661.0
173.0,178.0,3975.0,3599.0
173.0,185.0,1924.0,687.0
173.0,189.0,3975.0,467.0
173.0,194.0,1924.0,2596.0
173.0,205.0,3975.0,3014.0
173.0,206.0,470.0,1892.0
173.0,214.0,470.0,1869.0
173.0,227.0,1924.0,2184.0
173.0,236.0,3976.0,659.0
173.0,254.0,3975.0,2979.0
173.0,256.0,3975.0,2976.0
173.0,267.0,3975.0,3328.0
173.0,278.0,1924.0,1896.0
173.0,280.0,470.0,481.0
173.0,295.0,3976.0,1419.0
173.0,310.0,3976.0,710.0
173.0,311.0,1924.0,253.0
173.0,313.0,470.0,2592.0
173.0,314.0,470.0,2026.0
173.0,341.0,3975.0,1891.0
174.0,32.0,1622.0,1824.0
174.0,33.0,1909.0,2951.0
174.0,56.0,1910.0,643.0
174.0,77.0,1388.0,3897.0
174.0,80.0,1905.0,1824.0
174.0,119.0,1905.0,1923.0
174.0,120.0,1910.0,1436.0
174.0,133.0,1310.0,1016.0
174.0,137.0,1909.0,2928.0
174.0,159.0,1907.0,1621.0
174.0,160.0,1388.0,2730.0
174.0,170.0,1623.0,2827.0
174.0,172.0,1909.0,2923.0
174.0,180.0,1905.0,186.0
174.0,201.0,1908.0,1389.0
174.0,214.0,1908.0,3007.0
174.0,284.0,1910.0,2932.0
174.0,309.0,1910.0,1379.0
174.0,318.0,1388.0,3069.0
175.0,7.0,661.0,3220.0
175.0,10.0,702.0,2133.0
175.0,11.0,702.0,333.0
175.0,14.0,661.0,3754.0
175.0,15.0,702.0,2958.0
175.0,16.0,702.0,3261.0
175.0,20.0,661.0,707.0
175.0,23.0,661.0,308.0
175.0,27.0,661.0,684.0
175.0,43.0,661.0,686.0
175.0,45.0,661.0,779.0
175.0,46.0,702.0,1480.0
175.0,62.0,702.0,2640.0
175.0,70.0,702.0,146.0
175.0,78.0,702.0,86.0
175.0,81.0,661.0,1535.0
175.0,88.0,661.0,688.0
175.0,95.0,661.0,3238.0
175.0,99.0,661.0,234.0
175.0,103.0,702.0,2468.0
175.0,122.0,702.0,2009.0
175.0,123.0,661.0,682.0
175.0,125.0,661.0,720.0
175.0,132.0,661.0,2006.0
175.0,134.0,661.0,472.0
175.0,167.0,661.0,3372.0
175.0,169.0,661.0,662.0
175.0,171.0,661.0,1543.0
175.0,173.0,661.0,3976.0
175.0,175.0,661.0,661.0
175.0,177.0,661.0,413.0
175.0,178.0,661.0,102.0
175.0,183.0,661.0,150.0
175.0,190.0,661.0,152.0
175.0,191.0,661.0,139.0
175.0,196.0,702.0,2289.0
175.0,198.0,702.0,826.0
175.0,203.0,661.0,1444.0
175.0,206.0,661.0,1892.0
175.0,215.0,702.0,149.0
175.0,218.0,661.0,148.0
175.0,225.0,661.0,84.0
175.0,236.0,661.0,659.0
175.0,248.0,661.0,692.0
175.0,276.0,661.0,2953.0
175.0,278.0,661.0,1913.0
175.0,310.0,661.0,695.0
175.0,325.0,661.0,1577.0
176.0,7.0,506.0,195.0
176.0,8.0,3891.0,3258.0
176.0,10.0,507.0,319.0
176.0,14.0,576.0,1182.0
176.0,22.0,509.0,521.0
176.0,24.0,2595.0,2999.0
176.0,25.0,3891.0,488.0
176.0,44.0,503.0,3592.0
176.0,54.0,503.0,2283.0
176.0,61.0,506.0,1477.0
176.0,63.0,503.0,2742.0
176.0,65.0,506.0,1445.0
176.0,66.0,3891.0,3952.0
176.0,71.0,3891.0,2305.0
176.0,87.0,576.0,3074.0
176.0,106.0,503.0,241.0
176.0,113.0,506.0,2692.0
176.0,118.0,505.0,352.0
176.0,126.0,504.0,2139.0
176.0,130.0,507.0,601.0
176.0,139.0,2594.0,2753.0
176.0,140.0,576.0,2500.0
176.0,143.0,506.0,393.0
176.0,146.0,507.0,255.0
176.0,165.0,503.0,254.0
176.0,172.0,504.0,2803.0
176.0,176.0,576.0,3891.0
176.0,178.0,503.0,93.0
176.0,208.0,2595.0,3629.0
176.0,225.0,507.0,84.0
176.0,253.0,2595.0,1391.0
176.0,259.0,504.0,2115.0
176.0,266.0,509.0,1263.0
176.0,267.0,503.0,3328.0
176.0,268.0,502.0,512.0
176.0,271.0,506.0,340.0
176.0,273.0,504.0,48.0
176.0,280.0,2962.0,482.0
176.0,307.0,2594.0,248.0
176.0,313.0,507.0,2592.0
176.0,321.0,509.0,241.0
176.0,333.0,505.0,256.0
177.0,2.0,1600.0,972.0
177.0,9.0,413.0,2320.0
177.0,21.0,413.0,890.0
177.0,29.0,413.0,2383.0
177.0,30.0,413.0,3966.0
177.0,33.0,413.0,3128.0
177.0,78.0,413.0,86.0
177.0,81.0,413.0,1537.0
177.0,111.0,413.0,1471.0
177.0,143.0,1600.0,2563.0
177.0,175.0,1600.0,702.0
177.0,177.0,413.0,413.0
177.0,195.0,413.0,1724.0
177.0,198.0,1600.0,826.0
177.0,200.0,1600.0,747.0
177.0,224.0,413.0,3692.0
177.0,233.0,413.0,1599.0
177.0,244.0,413.0,3024.0
177.0,245.0,413.0,1452.0
177.0,251.0,413.0,1085.0
177.0,255.0,1600.0,3556.0
177.0,260.0,413.0,945.0
177.0,263.0,413.0,824.0
177.0,264.0,1600.0,1086.0
177.0,302.0,1600.0,1497.0
177.0,304.0,1600.0,3107.0
177.0,327.0,1600.0,1621.0
177.0,332.0,1600.0,1071.0
177.0,339.0,1600.0,1499.0
178.0,1.0,103.0,159.0
178.0,2.0,3618.0,718.0
178.0,4.0,2993.0,3351.0
178.0,5.0,2994.0,52.0
178.0,6.0,3619.0,3944.0
178.0,7.0,101.0,3681.0
178.0,8.0,2868.0,573.0
178.0,9.0,3674.0,2264.0
178.0,10.0,3315.0,2660.0
178.0,11.0,3741.0,333.0
178.0,12.0,620.0,635.0
178.0,14.0,2994.0,2895.0
178.0,15.0,2528.0,3242.0
178.0,16.0,615.0,3239.0
178.0,17.0,2474.0,2140.0
178.0,18.0,3613.0,438.0
178.0,19.0,3346.0,256.0
178.0,20.0,2530.0,1912.0
178.0,21.0,2527.0,3896.0
178.0,22.0,2440.0,2296.0
178.0,23.0,3664.0,274.0
178.0,24.0,2994.0,2282.0
178.0,25.0,931.0,1492.0
178.0,26.0,3669.0,3470.0
178.0,27.0,3543.0,713.0
178.0,28.0,2490.0,2046.0
178.0,29.0,2490.0,3275.0
178.0,30.0,3615.0,3966.0
178.0,31.0,2250.0,645.0
178.0,32.0,99.0,1824.0
178.0,33.0,2524.0,3695.0
178.0,34.0,107.0,2105.0
178.0,35.0,2256.0,2254.0
178.0,36.0,1295.0,255.0
178.0,37.0,1435.0,2945.0
178.0,38.0,103.0,2194.0
178.0,40.0,958.0,1676.0
178.0,41.0,3741.0,36.0
178.0,42.0,1541.0,3191.0
178.0,43.0,1292.0,686.0
178.0,44.0,2862.0,3593.0
178.0,45.0,110.0,771.0
178.0,46.0,958.0,1482.0
178.0,47.0,2129.0,1996.0
178.0,48.0,2993.0,804.0
178.0,49.0,2994.0,1079.0
178.0,50.0,2833.0,89.0
178.0,52.0,3612.0,1925.0
178.0,53.0,3618.0,851.0
178.0,54.0,958.0,2543.0
178.0,55.0,2994.0,690.0
178.0,56.0,115.0,2925.0
178.0,57.0,2481.0,1068.0
178.0,58.0,3463.0,1380.0
178.0,59.0,3528.0,1260.0
178.0,60.0,2439.0,2938.0
178.0,61.0,3339.0,3344.0
178.0,62.0,2438.0,2407.0
178.0,63.0,1435.0,2741.0
178.0,66.0,2527.0,590.0
178.0,67.0,92.0,375.0
178.0,68.0,2526.0,594.0
178.0,69.0,2526.0,213.0
178.0,70.0,2525.0,1706.0
178.0,71.0,2869.0,3623.0
178.0,72.0,105.0,326.0
178.0,73.0,93.0,401.0
178.0,74.0,110.0,2055.0
178.0,75.0,2250.0,974.0
178.0,77.0,1435.0,1725.0
178.0,78.0,3339.0,86.0
178.0,80.0,2995.0,1824.0
178.0,81.0,3739.0,215.0
178.0,82.0,2528.0,2691.0
178.0,83.0,2474.0,1726.0
178.0,84.0,3674.0,2269.0
178.0,85.0,2525.0,1654.0
178.0,86.0,3671.0,1559.0
178.0,87.0,2469.0,1445.0
178.0,88.0,3670.0,688.0
178.0,89.0,116.0,3903.0
178.0,90.0,2256.0,1413.0
178.0,91.0,3674.0,3282.0
178.0,92.0,2482.0,462.0
178.0,93.0,3612.0,2921.0
178.0,94.0,2833.0,648.0
178.0,95.0,2531.0,1514.0
178.0,96.0,2249.0,2195.0
178.0,98.0,959.0,1419.0
178.0,100.0,103.0,1547.0
178.0,101.0,2473.0,3013.0
178.0,102.0,2996.0,3306.0
178.0,103.0,1542.0,2468.0
178.0,105.0,3743.0,2035.0
178.0,106.0,930.0,3396.0
178.0,107.0,2493.0,3177.0
178.0,108.0,3714.0,1720.0
178.0,109.0,2439.0,1338.0
178.0,110.0,2531.0,2877.0
178.0,111.0,112.0,1471.0
178.0,112.0,2995.0,1717.0
178.0,113.0,3610.0,1450.0
178.0,114.0,1289.0,2045.0
178.0,115.0,102.0,83.0
178.0,116.0,121.0,3355.0
178.0,117.0,112.0,137.0
178.0,118.0,3664.0,352.0
178.0,119.0,2129.0,233.0
178.0,120.0,94.0,629.0
178.0,121.0,3612.0,2966.0
178.0,122.0,2994.0,2954.0
178.0,124.0,1435.0,3066.0
178.0,125.0,931.0,720.0
178.0,127.0,94.0,2107.0
178.0,128.0,2995.0,3262.0
178.0,130.0,99.0,601.0
178.0,131.0,930.0,1384.0
178.0,133.0,3333.0,1016.0
178.0,134.0,3544.0,477.0
178.0,135.0,2531.0,583.0
178.0,136.0,3528.0,3865.0
178.0,137.0,2434.0,3680.0
178.0,138.0,2846.0,1711.0
178.0,139.0,3609.0,2751.0
178.0,140.0,3527.0,2299.0
178.0,141.0,3337.0,238.0
178.0,142.0,2993.0,685.0
178.0,143.0,2674.0,2563.0
178.0,144.0,3614.0,542.0
178.0,145.0,931.0,1716.0
178.0,146.0,2833.0,483.0
178.0,147.0,2485.0,87.0
178.0,148.0,93.0,211.0
178.0,149.0,94.0,2049.0
178.0,150.0,3613.0,2196.0
178.0,151.0,3714.0,86.0
178.0,153.0,930.0,2301.0
178.0,154.0,3671.0,1640.0
178.0,155.0,2528.0,1023.0
178.0,156.0,2475.0,829.0
178.0,158.0,2490.0,497.0
178.0,159.0,3463.0,1621.0
178.0,160.0,930.0,245.0
178.0,161.0,3461.0,1404.0
178.0,163.0,3671.0,2192.0
178.0,164.0,2995.0,1930.0
178.0,165.0,2249.0,254.0
178.0,166.0,3334.0,955.0
178.0,167.0,2862.0,3372.0
178.0,169.0,99.0,662.0
178.0,170.0,3621.0,1718.0
178.0,172.0,2995.0,1247.0
178.0,174.0,2527.0,1830.0
178.0,176.0,3742.0,2594.0
178.0,177.0,101.0,1600.0
178.0,178.0,2491.0,3714.0
178.0,180.0,2249.0,2150.0
178.0,181.0,3541.0,2221.0
178.0,184.0,2249.0,3114.0
178.0,185.0,619.0,1543.0
178.0,186.0,3612.0,567.0
178.0,187.0,94.0,81.0
178.0,188.0,3544.0,3087.0
178.0,190.0,2483.0,152.0
178.0,191.0,121.0,137.0
178.0,192.0,2527.0,2288.0
178.0,193.0,3940.0,1940.0
178.0,195.0,3615.0,3679.0
178.0,196.0,3612.0,436.0
178.0,197.0,2475.0,335.0
178.0,198.0,1541.0,826.0
178.0,199.0,2994.0,1409.0
178.0,200.0,92.0,742.0
178.0,204.0,1541.0,1682.0
178.0,205.0,2863.0,3014.0
178.0,207.0,3610.0,1024.0
178.0,208.0,3528.0,2453.0
178.0,209.0,1541.0,2134.0
178.0,211.0,2484.0,2061.0
178.0,213.0,3714.0,829.0
178.0,214.0,1435.0,3591.0
178.0,215.0,2996.0,1464.0
178.0,217.0,2525.0,976.0
178.0,219.0,3545.0,1695.0
178.0,220.0,107.0,1931.0
178.0,222.0,2994.0,677.0
178.0,223.0,2440.0,2520.0
178.0,224.0,3612.0,1059.0
178.0,225.0,1541.0,84.0
178.0,226.0,3336.0,1434.0
178.0,227.0,93.0,1662.0
178.0,228.0,3346.0,1233.0
178.0,229.0,2249.0,2932.0
178.0,230.0,2524.0,1727.0
178.0,231.0,2473.0,2258.0
178.0,232.0,1435.0,1374.0
178.0,235.0,3541.0,2695.0
178.0,237.0,3607.0,1674.0
178.0,238.0,2493.0,2395.0
178.0,239.0,2862.0,834.0
178.0,241.0,1292.0,2560.0
178.0,242.0,959.0,193.0
178.0,243.0,2492.0,260.0
178.0,244.0,930.0,3037.0
178.0,245.0,3528.0,2122.0
178.0,246.0,121.0,1025.0
178.0,247.0,2868.0,3121.0
178.0,248.0,2493.0,3659.0
178.0,249.0,3463.0,1069.0
178.0,250.0,3543.0,1264.0
178.0,252.0,2993.0,259.0
178.0,253.0,2530.0,2126.0
178.0,254.0,3340.0,2976.0
178.0,257.0,2439.0,2344.0
178.0,258.0,105.0,2129.0
178.0,260.0,2487.0,944.0
178.0,261.0,3526.0,650.0
178.0,262.0,931.0,2190.0
178.0,263.0,2437.0,824.0
178.0,265.0,3339.0,3062.0
178.0,266.0,2863.0,1262.0
178.0,267.0,931.0,3328.0
178.0,268.0,2528.0,516.0
178.0,269.0,3664.0,214.0
178.0,271.0,105.0,340.0
178.0,274.0,2847.0,1633.0
178.0,275.0,2493.0,2783.0
178.0,276.0,2994.0,1914.0
178.0,277.0,1435.0,2278.0
178.0,280.0,2482.0,2905.0
178.0,283.0,94.0,541.0
178.0,284.0,2996.0,2932.0
178.0,285.0,95.0,1387.0
178.0,286.0,2250.0,1383.0
178.0,287.0,3463.0,1258.0
178.0,288.0,2995.0,1927.0
178.0,289.0,1541.0,2102.0
178.0,290.0,3463.0,1899.0
178.0,292.0,121.0,143.0
178.0,293.0,2250.0,1264.0
178.0,295.0,110.0,1419.0
178.0,296.0,110.0,2873.0
178.0,297.0,3612.0,1210.0
178.0,298.0,3543.0,1828.0
178.0,303.0,2833.0,1403.0
178.0,304.0,99.0,676.0
178.0,306.0,2996.0,1449.0
178.0,307.0,2256.0,248.0
178.0,308.0,1541.0,542.0
178.0,311.0,2868.0,253.0
178.0,314.0,110.0,2049.0
178.0,315.0,1435.0,1926.0
178.0,316.0,105.0,1868.0
178.0,317.0,2434.0,136.0
178.0,318.0,615.0,3069.0
178.0,320.0,95.0,2037.0
178.0,322.0,2475.0,3192.0
178.0,327.0,2524.0,1621.0
178.0,329.0,1435.0,2939.0
178.0,332.0,2994.0,1063.0
178.0,333.0,93.0,256.0
178.0,335.0,2439.0,341.0
178.0,336.0,2528.0,255.0
178.0,338.0,958.0,1868.0
178.0,341.0,2129.0,3951.0
178.0,342.0,2482.0,2736.0
179.0,5.0,1673.0,2011.0
179.0,9.0,385.0,1653.0
179.0,10.0,385.0,453.0
179.0,11.0,385.0,333.0
179.0,18.0,385.0,84.0
179.0,21.0,385.0,3662.0
179.0,23.0,385.0,3043.0
179.0,28.0,385.0,2046.0
179.0,30.0,385.0,3966.0
179.0,32.0,1673.0,1824.0
179.0,33.0,1673.0,985.0
179.0,39.0,385.0,3029.0
179.0,48.0,385.0,806.0
179.0,53.0,385.0,2738.0
179.0,54.0,385.0,2283.0
179.0,60.0,1673.0,641.0
179.0,61.0,1673.0,2341.0
179.0,72.0,385.0,325.0
179.0,80.0,385.0,1824.0
179.0,81.0,1673.0,3795.0
179.0,91.0,385.0,3282.0
179.0,108.0,385.0,1720.0
179.0,121.0,1673.0,2966.0
179.0,133.0,385.0,1838.0
179.0,134.0,1673.0,3539.0
179.0,137.0,385.0,3680.0
179.0,156.0,385.0,829.0
179.0,178.0,1673.0,3714.0
179.0,179.0,1673.0,385.0
179.0,180.0,1673.0,2150.0
179.0,188.0,1673.0,3421.0
179.0,195.0,385.0,3800.0
179.0,200.0,385.0,747.0
179.0,201.0,1673.0,1389.0
179.0,205.0,385.0,2076.0
179.0,214.0,1673.0,1871.0
179.0,216.0,1673.0,1606.0
179.0,222.0,1673.0,181.0
179.0,223.0,385.0,783.0
179.0,224.0,385.0,1059.0
179.0,227.0,1673.0,88.0
179.0,233.0,385.0,431.0
179.0,238.0,385.0,2588.0
179.0,244.0,385.0,1591.0
179.0,247.0,385.0,729.0
179.0,255.0,385.0,1648.0
179.0,274.0,385.0,1638.0
179.0,285.0,385.0,1256.0
179.0,291.0,1673.0,942.0
179.0,294.0,1673.0,3080.0
179.0,298.0,1673.0,1620.0
179.0,329.0,385.0,419.0
179.0,330.0,1673.0,1094.0
179.0,332.0,1673.0,1063.0
179.0,339.0,385.0,1502.0
180.0,14.0,186.0,606.0
180.0,33.0,2150.0,3687.0
180.0,39.0,2150.0,1901.0
180.0,40.0,2150.0,1475.0
180.0,47.0,2150.0,1990.0
180.0,49.0,186.0,177.0
180.0,53.0,2150.0,1527.0
180.0,61.0,186.0,2275.0
180.0,76.0,2150.0,1383.0
180.0,77.0,186.0,2961.0
180.0,80.0,186.0,1824.0
180.0,81.0,186.0,3683.0
180.0,94.0,2150.0,646.0
180.0,133.0,186.0,2078.0
180.0,145.0,186.0,1716.0
180.0,149.0,2150.0,2049.0
180.0,156.0,186.0,829.0
180.0,164.0,186.0,3079.0
180.0,178.0,186.0,2993.0
180.0,179.0,186.0,385.0
180.0,180.0,2150.0,2150.0
180.0,195.0,2150.0,3800.0
180.0,200.0,2150.0,742.0
180.0,204.0,2150.0,3206.0
180.0,244.0,186.0,3024.0
180.0,250.0,2150.0,1264.0
180.0,251.0,2150.0,1085.0
180.0,255.0,2150.0,1648.0
180.0,266.0,2150.0,1857.0
180.0,274.0,2150.0,1635.0
180.0,285.0,2150.0,1256.0
180.0,286.0,2150.0,1383.0
180.0,289.0,2150.0,2102.0
180.0,302.0,186.0,1497.0
180.0,304.0,2150.0,3107.0
180.0,342.0,186.0,1209.0
180.0,343.0,2150.0,183.0
181.0,8.0,2221.0,575.0
181.0,11.0,2221.0,333.0
181.0,14.0,2221.0,2131.0
181.0,18.0,2221.0,84.0
181.0,22.0,2221.0,534.0
181.0,23.0,2221.0,12.0
181.0,34.0,2221.0,2105.0
181.0,41.0,2221.0,2551.0
181.0,45.0,2221.0,2460.0
181.0,57.0,2221.0,2211.0
181.0,61.0,2221.0,623.0
181.0,66.0,2221.0,3952.0
181.0,70.0,2221.0,202.0
181.0,71.0,2221.0,2306.0
181.0,72.0,2221.0,37.0
181.0,81.0,2221.0,3116.0
181.0,96.0,2221.0,339.0
181.0,109.0,2221.0,1338.0
181.0,118.0,2221.0,352.0
181.0,120.0,2221.0,2856.0
181.0,127.0,2221.0,2109.0
181.0,134.0,2221.0,3539.0
181.0,139.0,2221.0,532.0
181.0,140.0,2221.0,2191.0
181.0,143.0,2221.0,2564.0
181.0,150.0,2221.0,2196.0
181.0,152.0,2221.0,2270.0
181.0,156.0,2221.0,828.0
181.0,158.0,2221.0,497.0
181.0,161.0,2221.0,1404.0
181.0,162.0,2221.0,353.0
181.0,165.0,2221.0,254.0
181.0,166.0,2221.0,1789.0
181.0,170.0,2221.0,2827.0
181.0,171.0,2221.0,1543.0
181.0,178.0,2221.0,1435.0
181.0,181.0,2221.0,2221.0
181.0,194.0,2221.0,2566.0
181.0,209.0,2221.0,2134.0
181.0,212.0,2221.0,354.0
181.0,214.0,2221.0,1309.0
181.0,215.0,2221.0,149.0
181.0,217.0,2221.0,976.0
181.0,226.0,2221.0,1434.0
181.0,227.0,2221.0,88.0
181.0,237.0,2221.0,3060.0
181.0,247.0,2221.0,3690.0
181.0,252.0,2221.0,259.0
181.0,253.0,2221.0,2126.0
181.0,259.0,2221.0,2101.0
181.0,265.0,2221.0,3700.0
181.0,275.0,2221.0,989.0
181.0,289.0,2221.0,2102.0
181.0,307.0,2221.0,248.0
181.0,323.0,2221.0,2199.0
181.0,325.0,2221.0,2689.0
181.0,335.0,2221.0,341.0
182.0,1.0,2008.0,1898.0
182.0,3.0,2008.0,2443.0
182.0,5.0,2008.0,52.0
182.0,6.0,2008.0,1102.0
182.0,7.0,2008.0,3493.0
182.0,10.0,2008.0,3881.0
182.0,11.0,2598.0,333.0
182.0,12.0,2008.0,635.0
182.0,14.0,2598.0,3763.0
182.0,15.0,2008.0,2030.0
182.0,16.0,2598.0,2457.0
182.0,18.0,2598.0,57.0
182.0,29.0,2598.0,3272.0
182.0,37.0,2598.0,403.0
182.0,43.0,2008.0,686.0
182.0,45.0,2598.0,2003.0
182.0,48.0,2008.0,805.0
182.0,50.0,2598.0,442.0
182.0,51.0,2008.0,2580.0
182.0,54.0,2598.0,1656.0
182.0,55.0,2008.0,691.0
182.0,56.0,2598.0,1025.0
182.0,62.0,2598.0,1000.0
182.0,70.0,2008.0,2193.0
182.0,72.0,2008.0,37.0
182.0,73.0,2008.0,336.0
182.0,74.0,2598.0,2055.0
182.0,91.0,2598.0,3282.0
182.0,95.0,2008.0,2778.0
182.0,102.0,2008.0,3306.0
182.0,110.0,2008.0,2877.0
182.0,122.0,2008.0,235.0
182.0,123.0,2008.0,682.0
182.0,125.0,2008.0,720.0
182.0,128.0,2598.0,2018.0
182.0,132.0,2598.0,2593.0
182.0,134.0,2008.0,471.0
182.0,141.0,2008.0,1708.0
182.0,163.0,2598.0,398.0
182.0,168.0,2598.0,2464.0
182.0,172.0,2008.0,1741.0
182.0,178.0,2598.0,3315.0
182.0,182.0,2598.0,2598.0
182.0,185.0,2008.0,1543.0
182.0,192.0,2598.0,2288.0
182.0,196.0,2598.0,1211.0
182.0,205.0,2598.0,2717.0
182.0,227.0,2598.0,344.0
182.0,236.0,2598.0,1916.0
182.0,243.0,2008.0,2352.0
182.0,248.0,2598.0,711.0
182.0,263.0,2598.0,824.0
182.0,277.0,2598.0,244.0
182.0,281.0,2598.0,3391.0
182.0,291.0,2598.0,946.0
182.0,292.0,2008.0,1594.0
182.0,307.0,2008.0,248.0
182.0,317.0,2008.0,136.0
182.0,328.0,2598.0,1049.0
183.0,9.0,1422.0,1457.0
183.0,10.0,1585.0,2659.0
183.0,13.0,1585.0,2946.0
183.0,14.0,1422.0,2884.0
183.0,18.0,150.0,84.0
183.0,21.0,150.0,891.0
183.0,29.0,150.0,1932.0
183.0,30.0,1422.0,3966.0
183.0,45.0,1422.0,3917.0
183.0,47.0,1422.0,1805.0
183.0,51.0,1422.0,2580.0
183.0,68.0,1585.0,1642.0
183.0,73.0,150.0,336.0
183.0,78.0,1585.0,86.0
183.0,86.0,150.0,1559.0
183.0,88.0,150.0,688.0
183.0,97.0,1585.0,236.0
183.0,124.0,1585.0,3066.0
183.0,125.0,1585.0,720.0
183.0,133.0,1422.0,3888.0
183.0,135.0,150.0,788.0
183.0,143.0,150.0,2281.0
183.0,147.0,1585.0,337.0
183.0,154.0,1585.0,1640.0
183.0,163.0,1422.0,201.0
183.0,171.0,1422.0,1543.0
183.0,183.0,150.0,150.0
183.0,185.0,1585.0,703.0
183.0,189.0,1585.0,467.0
183.0,190.0,1585.0,3974.0
183.0,191.0,150.0,432.0
183.0,197.0,150.0,329.0
183.0,200.0,1585.0,2185.0
183.0,215.0,150.0,149.0
183.0,218.0,150.0,148.0
183.0,221.0,150.0,165.0
183.0,223.0,1585.0,785.0
183.0,224.0,1585.0,2518.0
183.0,304.0,1422.0,675.0
183.0,316.0,150.0,1867.0
183.0,329.0,1422.0,420.0
184.0,2.0,1972.0,2743.0
184.0,7.0,246.0,1117.0
184.0,10.0,2247.0,3930.0
184.0,11.0,1970.0,333.0
184.0,16.0,3646.0,3241.0
184.0,23.0,3114.0,2840.0
184.0,47.0,901.0,1982.0
184.0,53.0,901.0,19.0
184.0,58.0,1968.0,1380.0
184.0,61.0,194.0,2364.0
184.0,66.0,246.0,2180.0
184.0,68.0,205.0,1642.0
184.0,70.0,1969.0,1598.0
184.0,93.0,2244.0,463.0
184.0,103.0,2243.0,239.0
184.0,116.0,457.0,2830.0
184.0,120.0,903.0,2208.0
184.0,126.0,2244.0,2139.0
184.0,129.0,2450.0,833.0
184.0,130.0,458.0,1939.0
184.0,139.0,1968.0,531.0
184.0,140.0,901.0,3255.0
184.0,157.0,194.0,2248.0
184.0,160.0,1970.0,3112.0
184.0,162.0,246.0,353.0
184.0,166.0,901.0,3654.0
184.0,179.0,1968.0,385.0
184.0,181.0,2247.0,2221.0
184.0,184.0,2247.0,1972.0
184.0,200.0,246.0,846.0
184.0,202.0,194.0,3434.0
184.0,209.0,194.0,2134.0
184.0,214.0,458.0,3010.0
184.0,223.0,205.0,3889.0
184.0,226.0,458.0,1434.0
184.0,227.0,2448.0,1662.0
184.0,234.0,2450.0,80.0
184.0,240.0,1969.0,3814.0
184.0,242.0,2247.0,193.0
184.0,243.0,2247.0,3175.0
184.0,247.0,2247.0,3121.0
184.0,252.0,2450.0,2200.0
184.0,257.0,3646.0,558.0
184.0,268.0,903.0,511.0
184.0,275.0,901.0,317.0
184.0,307.0,3114.0,248.0
185.0,1.0,687.0,704.0
185.0,6.0,1543.0,1812.0
185.0,7.0,703.0,2386.0
185.0,10.0,687.0,2385.0
185.0,11.0,703.0,333.0
185.0,12.0,1543.0,3392.0
185.0,13.0,687.0,2173.0
185.0,14.0,687.0,2992.0
185.0,15.0,1543.0,2958.0
185.0,16.0,1543.0,3239.0
185.0,18.0,1543.0,1915.0
185.0,21.0,687.0,3381.0
185.0,23.0,703.0,13.0
185.0,24.0,703.0,332.0
185.0,27.0,687.0,713.0
185.0,37.0,703.0,403.0
185.0,38.0,703.0,3953.0
185.0,41.0,703.0,3899.0
185.0,43.0,1543.0,682.0
185.0,44.0,687.0,3592.0
185.0,45.0,1543.0,3859.0
185.0,46.0,687.0,1486.0
185.0,47.0,1543.0,3598.0
185.0,48.0,703.0,3907.0
185.0,50.0,687.0,990.0
185.0,53.0,703.0,850.0
185.0,56.0,703.0,1026.0
185.0,61.0,687.0,2215.0
185.0,62.0,1543.0,1034.0
185.0,64.0,687.0,824.0
185.0,66.0,703.0,2138.0
185.0,68.0,687.0,594.0
185.0,70.0,687.0,1706.0
185.0,72.0,1543.0,3190.0
185.0,73.0,703.0,1664.0
185.0,81.0,687.0,1530.0
185.0,86.0,1543.0,1559.0
185.0,88.0,703.0,688.0
185.0,89.0,687.0,3903.0
185.0,95.0,687.0,3228.0
185.0,97.0,703.0,2443.0
185.0,101.0,1543.0,1660.0
185.0,103.0,703.0,2468.0
185.0,115.0,687.0,83.0
185.0,117.0,687.0,137.0
185.0,122.0,1543.0,2033.0
185.0,125.0,687.0,720.0
185.0,128.0,687.0,2014.0
185.0,134.0,687.0,472.0
185.0,141.0,687.0,1708.0
185.0,142.0,703.0,685.0
185.0,147.0,703.0,87.0
185.0,151.0,687.0,86.0
185.0,154.0,687.0,3580.0
185.0,156.0,1543.0,829.0
185.0,168.0,687.0,1707.0
185.0,171.0,687.0,1543.0
185.0,177.0,687.0,413.0
185.0,178.0,703.0,959.0
185.0,181.0,1543.0,2221.0
185.0,183.0,703.0,150.0
185.0,185.0,687.0,687.0
185.0,190.0,687.0,2721.0
185.0,196.0,687.0,2409.0
185.0,197.0,687.0,330.0
185.0,198.0,687.0,826.0
185.0,200.0,703.0,737.0
185.0,215.0,687.0,149.0
185.0,217.0,687.0,976.0
185.0,218.0,687.0,148.0
185.0,221.0,703.0,165.0
185.0,223.0,1543.0,270.0
185.0,225.0,1543.0,84.0
185.0,234.0,703.0,80.0
185.0,243.0,687.0,260.0
185.0,248.0,687.0,2036.0
185.0,250.0,687.0,1693.0
185.0,252.0,1543.0,259.0
185.0,275.0,1543.0,989.0
185.0,276.0,703.0,2944.0
185.0,291.0,1543.0,2930.0
185.0,302.0,1543.0,1497.0
185.0,321.0,1543.0,241.0
185.0,325.0,687.0,1566.0
185.0,330.0,687.0,1094.0
185.0,334.0,703.0,149.0
185.0,336.0,703.0,255.0
186.0,2.0,2136.0,200.0
186.0,22.0,567.0,2295.0
186.0,23.0,567.0,297.0
186.0,28.0,567.0,2046.0
186.0,65.0,2136.0,1445.0
186.0,66.0,567.0,3696.0
186.0,71.0,567.0,2307.0
186.0,79.0,2136.0,585.0
186.0,87.0,567.0,1446.0
186.0,95.0,2136.0,3228.0
186.0,96.0,567.0,339.0
186.0,105.0,567.0,343.0
186.0,110.0,567.0,2877.0
186.0,114.0,2136.0,2042.0
186.0,134.0,567.0,471.0
186.0,139.0,2136.0,537.0
186.0,140.0,567.0,2191.0
186.0,146.0,2136.0,255.0
186.0,150.0,2136.0,2196.0
186.0,152.0,567.0,2901.0
186.0,153.0,2136.0,2348.0
186.0,165.0,567.0,254.0
186.0,178.0,567.0,2993.0
186.0,186.0,2136.0,567.0
186.0,194.0,2136.0,1415.0
186.0,199.0,567.0,1409.0
186.0,234.0,567.0,3058.0
186.0,252.0,2136.0,2200.0
186.0,253.0,567.0,2126.0
186.0,265.0,2136.0,2104.0
186.0,271.0,567.0,340.0
186.0,280.0,567.0,481.0
186.0,303.0,567.0,1403.0
186.0,311.0,567.0,253.0
186.0,313.0,567.0,3102.0
186.0,336.0,2136.0,255.0
187.0,2.0,2512.0,2743.0
187.0,3.0,81.0,2443.0
187.0,4.0,81.0,1198.0
187.0,6.0,81.0,1109.0
187.0,7.0,81.0,1129.0
187.0,10.0,81.0,3879.0
187.0,11.0,2512.0,333.0
187.0,13.0,81.0,1610.0
187.0,14.0,2512.0,2651.0
187.0,17.0,81.0,2315.0
187.0,18.0,81.0,380.0
187.0,20.0,81.0,1912.0
187.0,21.0,81.0,1207.0
187.0,23.0,81.0,13.0
187.0,29.0,2512.0,97.0
187.0,30.0,81.0,3966.0
187.0,31.0,2512.0,2922.0
187.0,33.0,81.0,2951.0
187.0,41.0,81.0,3899.0
187.0,44.0,2512.0,56.0
187.0,45.0,81.0,759.0
187.0,47.0,81.0,1975.0
187.0,48.0,81.0,3437.0
187.0,50.0,81.0,2636.0
187.0,53.0,81.0,9.0
187.0,54.0,81.0,2550.0
187.0,55.0,81.0,3845.0
187.0,56.0,81.0,1026.0
187.0,61.0,81.0,656.0
187.0,62.0,81.0,209.0
187.0,64.0,2512.0,2826.0
187.0,68.0,81.0,594.0
187.0,72.0,81.0,41.0
187.0,78.0,81.0,86.0
187.0,81.0,81.0,1531.0
187.0,88.0,81.0,688.0
187.0,89.0,81.0,3903.0
187.0,91.0,81.0,3283.0
187.0,103.0,2512.0,239.0
187.0,107.0,81.0,3177.0
187.0,115.0,2512.0,83.0
187.0,117.0,81.0,137.0
187.0,121.0,81.0,2966.0
187.0,125.0,81.0,720.0
187.0,128.0,81.0,3262.0
187.0,129.0,81.0,1846.0
187.0,135.0,81.0,3908.0
187.0,137.0,81.0,2928.0
187.0,139.0,81.0,532.0
187.0,141.0,2512.0,1708.0
187.0,143.0,81.0,2281.0
187.0,153.0,81.0,2198.0
187.0,156.0,81.0,829.0
187.0,159.0,81.0,1621.0
187.0,163.0,81.0,398.0
187.0,171.0,81.0,1543.0
187.0,178.0,81.0,2847.0
187.0,185.0,2512.0,1543.0
187.0,187.0,81.0,81.0
187.0,190.0,81.0,2721.0
187.0,191.0,2512.0,171.0
187.0,198.0,2512.0,826.0
187.0,200.0,81.0,3872.0
187.0,210.0,81.0,256.0
187.0,215.0,2512.0,149.0
187.0,221.0,81.0,148.0
187.0,223.0,2512.0,2521.0
187.0,224.0,81.0,867.0
187.0,225.0,81.0,84.0
187.0,227.0,81.0,88.0
187.0,234.0,81.0,3058.0
187.0,238.0,81.0,1504.0
187.0,244.0,2512.0,3808.0
187.0,246.0,81.0,1025.0
187.0,247.0,2512.0,263.0
187.0,248.0,81.0,2036.0
187.0,249.0,2512.0,1069.0
187.0,255.0,2512.0,1648.0
187.0,263.0,81.0,824.0
187.0,275.0,81.0,82.0
187.0,289.0,2512.0,2102.0
187.0,290.0,2512.0,1020.0
187.0,293.0,2512.0,1264.0
187.0,317.0,2512.0,136.0
187.0,322.0,81.0,3192.0
187.0,325.0,2512.0,1501.0
187.0,326.0,2512.0,3556.0
187.0,328.0,81.0,2509.0
187.0,329.0,81.0,1503.0
188.0,6.0,2233.0,1811.0
188.0,9.0,3420.0,1093.0
188.0,10.0,3518.0,3279.0
188.0,24.0,2070.0,1491.0
188.0,30.0,2233.0,3966.0
188.0,33.0,3419.0,2950.0
188.0,35.0,2070.0,2067.0
188.0,41.0,2068.0,357.0
188.0,52.0,3566.0,1349.0
188.0,53.0,2070.0,2738.0
188.0,60.0,2232.0,1381.0
188.0,61.0,3421.0,1477.0
188.0,62.0,3418.0,75.0
188.0,64.0,3421.0,2826.0
188.0,67.0,3566.0,375.0
188.0,68.0,2070.0,346.0
188.0,69.0,2235.0,213.0
188.0,78.0,3423.0,86.0
188.0,80.0,3085.0,1824.0
188.0,81.0,2073.0,1670.0
188.0,83.0,3492.0,1726.0
188.0,85.0,2070.0,1589.0
188.0,88.0,3521.0,688.0
188.0,107.0,2068.0,3213.0
188.0,108.0,2232.0,1720.0
188.0,112.0,3421.0,1717.0
188.0,115.0,2235.0,83.0
188.0,124.0,3492.0,3066.0
188.0,133.0,2058.0,672.0
188.0,138.0,2828.0,1704.0
188.0,148.0,3417.0,1462.0
188.0,156.0,3417.0,829.0
188.0,164.0,222.0,3489.0
188.0,170.0,3422.0,2827.0
188.0,172.0,2235.0,1882.0
188.0,178.0,3421.0,2527.0
188.0,188.0,2253.0,3420.0
188.0,190.0,2234.0,152.0
188.0,195.0,2068.0,187.0
188.0,200.0,3417.0,742.0
188.0,204.0,1545.0,3207.0
188.0,207.0,222.0,1257.0
188.0,208.0,3422.0,3630.0
188.0,211.0,3086.0,2207.0
188.0,220.0,2070.0,1719.0
188.0,222.0,3085.0,181.0
188.0,223.0,3086.0,1917.0
188.0,231.0,2072.0,2262.0
188.0,247.0,2235.0,262.0
188.0,249.0,3422.0,1069.0
188.0,261.0,3518.0,1434.0
188.0,263.0,2234.0,824.0
188.0,269.0,3087.0,214.0
188.0,272.0,2069.0,2057.0
188.0,274.0,3086.0,1639.0
188.0,279.0,2232.0,2144.0
188.0,282.0,3422.0,841.0
188.0,293.0,3086.0,1264.0
188.0,295.0,3419.0,1419.0
188.0,298.0,2234.0,3823.0
188.0,309.0,3418.0,1379.0
188.0,310.0,2154.0,710.0
188.0,318.0,2068.0,3069.0
188.0,326.0,2828.0,3556.0
188.0,329.0,3421.0,420.0
188.0,330.0,2070.0,1094.0
188.0,332.0,3520.0,1071.0
188.0,340.0,3087.0,232.0
189.0,5.0,467.0,2010.0
189.0,14.0,1918.0,3193.0
189.0,19.0,1918.0,256.0
189.0,20.0,467.0,681.0
189.0,29.0,1918.0,3524.0
189.0,32.0,1918.0,1824.0
189.0,51.0,1918.0,2580.0
189.0,61.0,1918.0,653.0
189.0,66.0,467.0,3697.0
189.0,70.0,1918.0,2193.0
189.0,90.0,1918.0,2052.0
189.0,91.0,1897.0,2762.0
189.0,93.0,1918.0,463.0
189.0,99.0,1918.0,234.0
189.0,114.0,467.0,3851.0
189.0,119.0,467.0,2141.0
189.0,122.0,1918.0,3661.0
189.0,125.0,467.0,720.0
189.0,134.0,467.0,2926.0
189.0,149.0,1918.0,2049.0
189.0,171.0,467.0,1543.0
189.0,173.0,467.0,1924.0
189.0,178.0,1918.0,3619.0
189.0,179.0,1918.0,385.0
189.0,185.0,1918.0,1543.0
189.0,189.0,467.0,1918.0
189.0,194.0,1897.0,3427.0
189.0,203.0,1918.0,1444.0
189.0,205.0,467.0,3244.0
189.0,209.0,1918.0,2134.0
189.0,275.0,467.0,2783.0
189.0,276.0,467.0,1914.0
189.0,277.0,1918.0,499.0
189.0,299.0,1918.0,3444.0
189.0,310.0,467.0,693.0
189.0,321.0,467.0,241.0
190.0,1.0,3974.0,2690.0
190.0,6.0,3974.0,2735.0
190.0,7.0,152.0,1119.0
190.0,13.0,151.0,1423.0
190.0,14.0,151.0,1174.0
190.0,15.0,152.0,712.0
190.0,16.0,3974.0,2457.0
190.0,18.0,151.0,3839.0
190.0,21.0,152.0,3295.0
190.0,23.0,3974.0,753.0
190.0,27.0,2721.0,713.0
190.0,30.0,151.0,3966.0
190.0,37.0,152.0,402.0
190.0,44.0,152.0,3057.0
190.0,45.0,152.0,3918.0
190.0,46.0,3974.0,3259.0
190.0,50.0,152.0,1999.0
190.0,51.0,151.0,2580.0
190.0,53.0,151.0,850.0
190.0,55.0,3974.0,690.0
190.0,56.0,2721.0,2925.0
190.0,60.0,3974.0,2938.0
190.0,64.0,3974.0,824.0
190.0,68.0,152.0,440.0
190.0,72.0,3974.0,323.0
190.0,73.0,2721.0,1665.0
190.0,78.0,2721.0,86.0
190.0,86.0,3974.0,1559.0
190.0,88.0,3974.0,688.0
190.0,95.0,152.0,3405.0
190.0,97.0,152.0,3594.0
190.0,99.0,3974.0,234.0
190.0,101.0,152.0,3246.0
190.0,103.0,2721.0,2468.0
190.0,110.0,152.0,2877.0
190.0,115.0,2721.0,3840.0
190.0,117.0,152.0,137.0
190.0,122.0,152.0,2024.0
190.0,125.0,3974.0,720.0
190.0,129.0,3974.0,862.0
190.0,135.0,151.0,788.0
190.0,147.0,151.0,337.0
190.0,151.0,151.0,86.0
190.0,168.0,2721.0,708.0
190.0,171.0,151.0,1543.0
190.0,178.0,151.0,3346.0
190.0,183.0,152.0,1422.0
190.0,184.0,3974.0,2450.0
190.0,185.0,3974.0,687.0
190.0,187.0,152.0,81.0
190.0,188.0,2721.0,3089.0
190.0,190.0,2721.0,3974.0
190.0,191.0,152.0,137.0
190.0,197.0,3974.0,2415.0
190.0,198.0,2721.0,826.0
190.0,200.0,151.0,3447.0
190.0,218.0,3974.0,148.0
190.0,221.0,3974.0,166.0
190.0,223.0,151.0,2521.0
190.0,225.0,2721.0,84.0
190.0,227.0,2721.0,2184.0
190.0,234.0,2721.0,80.0
190.0,235.0,152.0,2686.0
190.0,236.0,151.0,659.0
190.0,238.0,2721.0,2400.0
190.0,248.0,2721.0,3659.0
190.0,249.0,2721.0,1069.0
190.0,263.0,3974.0,824.0
190.0,264.0,152.0,1065.0
190.0,275.0,3974.0,2783.0
190.0,298.0,151.0,1828.0
190.0,299.0,152.0,2047.0
190.0,317.0,151.0,136.0
190.0,328.0,152.0,3292.0
190.0,329.0,2721.0,2650.0
190.0,332.0,2721.0,1071.0
190.0,334.0,2721.0,149.0
190.0,339.0,2721.0,1498.0
191.0,2.0,137.0,2744.0
191.0,4.0,171.0,1198.0
191.0,7.0,3561.0,460.0
191.0,9.0,435.0,2266.0
191.0,10.0,140.0,3310.0
191.0,15.0,171.0,717.0
191.0,18.0,138.0,3512.0
191.0,20.0,140.0,1895.0
191.0,23.0,138.0,3045.0
191.0,26.0,139.0,3474.0
191.0,30.0,1558.0,3966.0
191.0,33.0,138.0,985.0
191.0,43.0,1558.0,686.0
191.0,44.0,435.0,85.0
191.0,49.0,137.0,172.0
191.0,53.0,1558.0,1527.0
191.0,64.0,171.0,2826.0
191.0,78.0,138.0,86.0
191.0,86.0,140.0,1559.0
191.0,88.0,1558.0,688.0
191.0,109.0,1558.0,2982.0
191.0,115.0,1558.0,1055.0
191.0,117.0,137.0,137.0
191.0,122.0,138.0,2009.0
191.0,125.0,3561.0,720.0
191.0,128.0,435.0,579.0
191.0,151.0,138.0,86.0
191.0,175.0,434.0,661.0
191.0,177.0,171.0,413.0
191.0,183.0,137.0,1422.0
191.0,185.0,139.0,687.0
191.0,187.0,139.0,81.0
191.0,190.0,435.0,3974.0
191.0,191.0,1558.0,171.0
191.0,198.0,1558.0,826.0
191.0,200.0,137.0,736.0
191.0,204.0,138.0,1697.0
191.0,205.0,139.0,2717.0
191.0,213.0,1558.0,829.0
191.0,215.0,432.0,149.0
191.0,221.0,140.0,148.0
191.0,223.0,433.0,726.0
191.0,225.0,1558.0,84.0
191.0,234.0,138.0,145.0
191.0,236.0,1558.0,1916.0
191.0,243.0,1558.0,2350.0
191.0,263.0,140.0,824.0
191.0,275.0,1558.0,317.0
191.0,278.0,139.0,1913.0
191.0,291.0,432.0,2537.0
191.0,299.0,171.0,3444.0
191.0,317.0,138.0,136.0
191.0,328.0,435.0,3291.0
191.0,329.0,1558.0,1078.0
192.0,3.0,2288.0,2443.0
192.0,5.0,2288.0,54.0
192.0,6.0,2288.0,1812.0
192.0,7.0,2288.0,3494.0
192.0,8.0,2288.0,2584.0
192.0,10.0,2288.0,453.0
192.0,11.0,2288.0,333.0
192.0,14.0,2288.0,1154.0
192.0,18.0,2288.0,443.0
192.0,27.0,2288.0,713.0
192.0,29.0,2288.0,2646.0
192.0,37.0,2288.0,403.0
192.0,41.0,2288.0,331.0
192.0,46.0,2288.0,714.0
192.0,48.0,2288.0,807.0
192.0,50.0,2288.0,1999.0
192.0,51.0,2288.0,2580.0
192.0,54.0,2288.0,2543.0
192.0,55.0,2288.0,3843.0
192.0,62.0,2288.0,197.0
192.0,68.0,2288.0,346.0
192.0,72.0,2288.0,1212.0
192.0,73.0,2288.0,336.0
192.0,78.0,2288.0,86.0
192.0,90.0,2288.0,2051.0
192.0,91.0,2288.0,1668.0
192.0,95.0,2288.0,3227.0
192.0,102.0,2288.0,3306.0
192.0,103.0,2288.0,2468.0
192.0,107.0,2288.0,3177.0
192.0,122.0,2288.0,3661.0
192.0,128.0,2288.0,2022.0
192.0,134.0,2288.0,476.0
192.0,135.0,2288.0,788.0
192.0,141.0,2288.0,238.0
192.0,151.0,2288.0,86.0
192.0,163.0,2288.0,147.0
192.0,168.0,2288.0,2464.0
192.0,177.0,2288.0,413.0
192.0,189.0,2288.0,1918.0
192.0,192.0,2288.0,2288.0
192.0,196.0,2288.0,3288.0
192.0,197.0,2288.0,335.0
192.0,220.0,2288.0,1933.0
192.0,227.0,2288.0,1662.0
192.0,234.0,2288.0,145.0
192.0,263.0,2288.0,824.0
192.0,314.0,2288.0,1417.0
192.0,334.0,2288.0,149.0
193.0,6.0,1433.0,3712.0
193.0,7.0,1760.0,2573.0
193.0,14.0,602.0,1180.0
193.0,21.0,1942.0,450.0
193.0,23.0,1944.0,3710.0
193.0,24.0,1945.0,3189.0
193.0,25.0,1944.0,3649.0
193.0,47.0,1760.0,1955.0
193.0,66.0,1769.0,2180.0
193.0,95.0,1945.0,3232.0
193.0,97.0,1959.0,3594.0
193.0,116.0,602.0,2830.0
193.0,120.0,1945.0,1436.0
193.0,124.0,1945.0,1303.0
193.0,128.0,1760.0,3348.0
193.0,130.0,1433.0,1767.0
193.0,134.0,1940.0,2927.0
193.0,140.0,1796.0,2153.0
193.0,144.0,1769.0,1411.0
193.0,145.0,1944.0,1716.0
193.0,149.0,1957.0,2049.0
193.0,161.0,1942.0,1404.0
193.0,166.0,1760.0,3719.0
193.0,168.0,1769.0,2464.0
193.0,172.0,1959.0,1224.0
193.0,173.0,1433.0,3976.0
193.0,192.0,1943.0,2288.0
193.0,193.0,1940.0,602.0
193.0,198.0,602.0,826.0
193.0,204.0,1959.0,2970.0
193.0,223.0,1433.0,725.0
193.0,226.0,1957.0,1434.0
193.0,230.0,1957.0,1728.0
193.0,243.0,1769.0,2354.0
193.0,266.0,1959.0,3602.0
193.0,342.0,1433.0,1209.0
194.0,2.0,3427.0,3263.0
194.0,10.0,3427.0,2612.0
194.0,28.0,257.0,2046.0
194.0,42.0,257.0,920.0
194.0,66.0,3553.0,2181.0
194.0,68.0,3429.0,346.0
194.0,90.0,2566.0,2052.0
194.0,95.0,3429.0,3223.0
194.0,98.0,2566.0,1419.0
194.0,100.0,3429.0,721.0
194.0,104.0,3427.0,1448.0
194.0,114.0,3429.0,3852.0
194.0,136.0,3429.0,544.0
194.0,140.0,2566.0,3946.0
194.0,146.0,257.0,483.0
194.0,149.0,2566.0,2049.0
194.0,152.0,2596.0,2903.0
194.0,181.0,1415.0,2221.0
194.0,194.0,1415.0,2566.0
194.0,209.0,3429.0,2134.0
194.0,223.0,257.0,2520.0
194.0,243.0,257.0,2355.0
194.0,270.0,1415.0,2906.0
194.0,280.0,3553.0,2419.0
194.0,295.0,1415.0,1419.0
194.0,303.0,3427.0,1403.0
194.0,336.0,3553.0,255.0
194.0,344.0,1415.0,259.0
195.0,6.0,638.0,883.0
195.0,7.0,638.0,973.0
195.0,9.0,1729.0,1371.0
195.0,10.0,638.0,318.0
195.0,13.0,187.0,2946.0
195.0,18.0,1729.0,380.0
195.0,21.0,187.0,299.0
195.0,26.0,1724.0,3470.0
195.0,32.0,187.0,1824.0
195.0,33.0,1012.0,3806.0
195.0,39.0,187.0,3029.0
195.0,40.0,1729.0,1677.0
195.0,47.0,3800.0,1976.0
195.0,48.0,1012.0,812.0
195.0,49.0,1729.0,172.0
195.0,53.0,1724.0,852.0
195.0,54.0,638.0,2550.0
195.0,58.0,187.0,1018.0
195.0,59.0,188.0,1827.0
195.0,60.0,1729.0,2938.0
195.0,61.0,638.0,2220.0
195.0,68.0,3679.0,1054.0
195.0,75.0,3799.0,974.0
195.0,76.0,1012.0,1383.0
195.0,77.0,3799.0,2966.0
195.0,80.0,1724.0,1824.0
195.0,81.0,638.0,20.0
195.0,85.0,3799.0,1587.0
195.0,112.0,3799.0,1717.0
195.0,117.0,1012.0,137.0
195.0,121.0,638.0,2966.0
195.0,124.0,188.0,1303.0
195.0,131.0,187.0,1691.0
195.0,133.0,188.0,1017.0
195.0,134.0,1724.0,475.0
195.0,135.0,3800.0,583.0
195.0,145.0,187.0,1716.0
195.0,155.0,3799.0,1023.0
195.0,164.0,638.0,3485.0
195.0,170.0,3800.0,1718.0
195.0,178.0,638.0,3335.0
195.0,179.0,3799.0,1673.0
195.0,180.0,1729.0,2150.0
195.0,184.0,1724.0,246.0
195.0,195.0,1724.0,188.0
195.0,200.0,1724.0,747.0
195.0,216.0,188.0,1606.0
195.0,219.0,188.0,1695.0
195.0,220.0,638.0,1933.0
195.0,222.0,638.0,180.0
195.0,223.0,3799.0,267.0
195.0,229.0,188.0,2932.0
195.0,230.0,1729.0,1726.0
195.0,238.0,1012.0,3064.0
195.0,240.0,638.0,3812.0
195.0,244.0,1012.0,1591.0
195.0,247.0,638.0,730.0
195.0,251.0,3799.0,1085.0
195.0,261.0,1724.0,650.0
195.0,264.0,187.0,1065.0
195.0,274.0,188.0,1639.0
195.0,284.0,188.0,2932.0
195.0,288.0,188.0,1927.0
195.0,290.0,3800.0,1020.0
195.0,291.0,3799.0,946.0
195.0,294.0,1729.0,184.0
195.0,317.0,187.0,136.0
195.0,324.0,3679.0,1443.0
195.0,327.0,187.0,1621.0
195.0,328.0,3800.0,3656.0
195.0,330.0,3799.0,1094.0
195.0,332.0,3679.0,1071.0
196.0,2.0,1211.0,718.0
196.0,3.0,3288.0,2443.0
196.0,4.0,2289.0,21.0
196.0,6.0,1211.0,1115.0
196.0,7.0,322.0,793.0
196.0,10.0,2409.0,469.0
196.0,11.0,436.0,333.0
196.0,12.0,1211.0,3392.0
196.0,14.0,1211.0,1753.0
196.0,15.0,322.0,3242.0
196.0,19.0,436.0,256.0
196.0,21.0,2416.0,3381.0
196.0,22.0,2289.0,524.0
196.0,23.0,1211.0,3379.0
196.0,24.0,322.0,130.0
196.0,29.0,2289.0,3273.0
196.0,30.0,3288.0,3966.0
196.0,31.0,2416.0,1825.0
196.0,41.0,3288.0,357.0
196.0,43.0,1211.0,686.0
196.0,45.0,2409.0,773.0
196.0,47.0,322.0,3305.0
196.0,48.0,2416.0,383.0
196.0,49.0,2289.0,3117.0
196.0,50.0,1211.0,1999.0
196.0,51.0,322.0,2580.0
196.0,53.0,322.0,2819.0
196.0,54.0,322.0,2550.0
196.0,55.0,3288.0,3184.0
196.0,61.0,1211.0,3729.0
196.0,62.0,2409.0,1593.0
196.0,68.0,322.0,1641.0
196.0,70.0,322.0,146.0
196.0,72.0,3288.0,321.0
196.0,73.0,322.0,336.0
196.0,74.0,322.0,2055.0
196.0,78.0,436.0,86.0
196.0,80.0,2289.0,1824.0
196.0,81.0,436.0,1536.0
196.0,89.0,2409.0,3903.0
196.0,94.0,2409.0,646.0
196.0,95.0,2409.0,1508.0
196.0,98.0,1211.0,1419.0
196.0,101.0,322.0,3246.0
196.0,117.0,1211.0,137.0
196.0,120.0,322.0,2201.0
196.0,122.0,322.0,570.0
196.0,125.0,1211.0,720.0
196.0,128.0,322.0,3262.0
196.0,131.0,322.0,1384.0
196.0,134.0,1211.0,472.0
196.0,136.0,322.0,1402.0
196.0,140.0,1211.0,3253.0
196.0,141.0,2416.0,237.0
196.0,142.0,436.0,685.0
196.0,146.0,1211.0,483.0
196.0,147.0,436.0,337.0
196.0,152.0,1211.0,2902.0
196.0,153.0,2409.0,2772.0
196.0,158.0,3288.0,2591.0
196.0,163.0,2416.0,345.0
196.0,169.0,436.0,662.0
196.0,172.0,1211.0,2924.0
196.0,178.0,3288.0,2672.0
196.0,182.0,3288.0,2008.0
196.0,189.0,2289.0,467.0
196.0,191.0,1211.0,432.0
196.0,192.0,2289.0,2288.0
196.0,196.0,2416.0,322.0
196.0,197.0,3288.0,334.0
196.0,198.0,2416.0,826.0
196.0,200.0,3288.0,846.0
196.0,209.0,1211.0,2134.0
196.0,223.0,2409.0,3457.0
196.0,224.0,436.0,995.0
196.0,225.0,436.0,84.0
196.0,227.0,3288.0,2183.0
196.0,235.0,436.0,2694.0
196.0,243.0,1211.0,3175.0
196.0,247.0,322.0,3690.0
196.0,251.0,2409.0,1085.0
196.0,261.0,322.0,650.0
196.0,263.0,2289.0,824.0
196.0,264.0,436.0,173.0
196.0,273.0,2409.0,48.0
196.0,276.0,2409.0,234.0
196.0,278.0,2409.0,694.0
196.0,292.0,2409.0,3581.0
196.0,296.0,1211.0,2508.0
196.0,306.0,1211.0,1449.0
196.0,321.0,2409.0,241.0
196.0,328.0,2289.0,832.0
196.0,335.0,322.0,341.0
197.0,1.0,335.0,160.0
197.0,2.0,334.0,3144.0
197.0,3.0,350.0,2443.0
197.0,4.0,2415.0,1196.0
197.0,6.0,348.0,913.0
197.0,7.0,334.0,870.0
197.0,8.0,330.0,191.0
197.0,9.0,335.0,2406.0
197.0,10.0,329.0,2676.0
197.0,11.0,348.0,333.0
197.0,12.0,334.0,3392.0
197.0,14.0,2415.0,2886.0
197.0,15.0,2415.0,3846.0
197.0,18.0,335.0,847.0
197.0,20.0,335.0,701.0
197.0,21.0,330.0,3923.0
197.0,22.0,349.0,519.0
197.0,23.0,348.0,3538.0
197.0,24.0,350.0,1466.0
197.0,25.0,348.0,3647.0
197.0,30.0,347.0,3966.0
197.0,31.0,347.0,3820.0
197.0,32.0,335.0,1824.0
197.0,38.0,349.0,2213.0
197.0,41.0,2578.0,2551.0
197.0,43.0,335.0,686.0
197.0,44.0,335.0,3592.0
197.0,45.0,334.0,2003.0
197.0,46.0,335.0,714.0
197.0,47.0,349.0,3648.0
197.0,48.0,335.0,29.0
197.0,50.0,399.0,2637.0
197.0,51.0,350.0,2580.0
197.0,53.0,350.0,2135.0
197.0,54.0,330.0,716.0
197.0,55.0,334.0,3184.0
197.0,56.0,347.0,1026.0
197.0,58.0,335.0,3069.0
197.0,61.0,334.0,3331.0
197.0,62.0,2415.0,77.0
197.0,66.0,335.0,3572.0
197.0,68.0,335.0,346.0
197.0,70.0,330.0,146.0
197.0,72.0,2578.0,1028.0
197.0,73.0,350.0,3021.0
197.0,74.0,329.0,2055.0
197.0,78.0,2415.0,86.0
197.0,81.0,350.0,1531.0
197.0,87.0,2578.0,3074.0
197.0,88.0,330.0,688.0
197.0,89.0,335.0,3903.0
197.0,94.0,335.0,646.0
197.0,102.0,329.0,3306.0
197.0,103.0,350.0,2468.0
197.0,109.0,335.0,2985.0
197.0,115.0,335.0,83.0
197.0,117.0,347.0,137.0
197.0,122.0,2578.0,570.0
197.0,124.0,348.0,3066.0
197.0,128.0,349.0,2018.0
197.0,131.0,334.0,1384.0
197.0,133.0,329.0,2441.0
197.0,134.0,334.0,474.0
197.0,135.0,330.0,583.0
197.0,136.0,348.0,3862.0
197.0,137.0,329.0,3680.0
197.0,141.0,334.0,1708.0
197.0,142.0,335.0,685.0
197.0,143.0,335.0,2564.0
197.0,147.0,2415.0,87.0
197.0,153.0,335.0,2198.0
197.0,154.0,349.0,1640.0
197.0,157.0,348.0,2449.0
197.0,163.0,335.0,398.0
197.0,167.0,330.0,50.0
197.0,169.0,335.0,662.0
197.0,170.0,334.0,1709.0
197.0,172.0,348.0,2806.0
197.0,175.0,334.0,661.0
197.0,178.0,350.0,107.0
197.0,185.0,350.0,1543.0
197.0,186.0,347.0,2136.0
197.0,192.0,330.0,2288.0
197.0,195.0,349.0,187.0
197.0,196.0,348.0,322.0
197.0,197.0,334.0,2415.0
197.0,199.0,334.0,1409.0
197.0,204.0,2578.0,1699.0
197.0,209.0,329.0,2134.0
197.0,218.0,350.0,148.0
197.0,221.0,335.0,165.0
197.0,224.0,349.0,995.0
197.0,227.0,335.0,344.0
197.0,235.0,334.0,2688.0
197.0,236.0,2415.0,659.0
197.0,240.0,329.0,3798.0
197.0,248.0,2578.0,697.0
197.0,251.0,335.0,1085.0
197.0,253.0,349.0,1391.0
197.0,254.0,348.0,3856.0
197.0,260.0,334.0,944.0
197.0,261.0,330.0,1434.0
197.0,264.0,2578.0,1065.0
197.0,275.0,350.0,317.0
197.0,291.0,334.0,946.0
197.0,297.0,334.0,1210.0
197.0,301.0,350.0,175.0
197.0,311.0,2415.0,253.0
197.0,322.0,335.0,3192.0
197.0,338.0,348.0,1868.0
198.0,2.0,826.0,3475.0
198.0,4.0,826.0,282.0
198.0,5.0,826.0,54.0
198.0,6.0,826.0,2620.0
198.0,7.0,826.0,2775.0
198.0,9.0,826.0,1371.0
198.0,10.0,826.0,612.0
198.0,11.0,826.0,333.0
198.0,13.0,826.0,1610.0
198.0,14.0,826.0,1134.0
198.0,16.0,826.0,3261.0
198.0,18.0,826.0,1050.0
198.0,21.0,826.0,3155.0
198.0,23.0,826.0,994.0
198.0,25.0,826.0,1492.0
198.0,29.0,826.0,3524.0
198.0,30.0,826.0,3966.0
198.0,31.0,826.0,645.0
198.0,33.0,826.0,189.0
198.0,37.0,826.0,3306.0
198.0,41.0,826.0,36.0
198.0,42.0,826.0,921.0
198.0,44.0,826.0,56.0
198.0,47.0,826.0,1994.0
198.0,48.0,826.0,815.0
198.0,50.0,826.0,1999.0
198.0,53.0,826.0,2819.0
198.0,54.0,826.0,3949.0
198.0,55.0,826.0,3843.0
198.0,56.0,826.0,643.0
198.0,60.0,826.0,2861.0
198.0,61.0,826.0,3180.0
198.0,62.0,826.0,3651.0
198.0,64.0,826.0,2826.0
198.0,66.0,826.0,3696.0
198.0,68.0,826.0,594.0
198.0,72.0,826.0,3435.0
198.0,78.0,826.0,86.0
198.0,81.0,826.0,1536.0
198.0,82.0,826.0,1966.0
198.0,86.0,826.0,1559.0
198.0,88.0,826.0,688.0
198.0,89.0,826.0,3903.0
198.0,103.0,826.0,2468.0
198.0,115.0,826.0,83.0
198.0,117.0,826.0,137.0
198.0,120.0,826.0,2208.0
198.0,122.0,826.0,570.0
198.0,125.0,826.0,720.0
198.0,129.0,826.0,862.0
198.0,132.0,826.0,2593.0
198.0,139.0,826.0,2092.0
198.0,147.0,826.0,337.0
198.0,151.0,826.0,86.0
198.0,154.0,826.0,1640.0
198.0,155.0,826.0,1023.0
198.0,156.0,826.0,829.0
198.0,171.0,826.0,1543.0
198.0,172.0,826.0,1884.0
198.0,173.0,826.0,1924.0
198.0,177.0,826.0,413.0
198.0,183.0,826.0,1585.0
198.0,185.0,826.0,687.0
198.0,187.0,826.0,2512.0
198.0,188.0,826.0,3417.0
198.0,190.0,826.0,152.0
198.0,191.0,826.0,1558.0
198.0,193.0,826.0,602.0
198.0,195.0,826.0,3799.0
198.0,197.0,826.0,330.0
198.0,198.0,826.0,826.0
198.0,200.0,826.0,1067.0
198.0,204.0,826.0,2969.0
198.0,205.0,826.0,2718.0
198.0,215.0,826.0,149.0
198.0,218.0,826.0,148.0
198.0,221.0,826.0,167.0
198.0,223.0,826.0,2520.0
198.0,224.0,826.0,376.0
198.0,225.0,826.0,84.0
198.0,227.0,826.0,88.0
198.0,231.0,826.0,2064.0
198.0,234.0,826.0,145.0
198.0,236.0,826.0,659.0
198.0,238.0,826.0,2395.0
198.0,247.0,826.0,3122.0
198.0,249.0,826.0,1069.0
198.0,252.0,826.0,259.0
198.0,263.0,826.0,824.0
198.0,275.0,826.0,2783.0
198.0,291.0,826.0,942.0
198.0,317.0,826.0,136.0
198.0,322.0,826.0,3192.0
198.0,325.0,826.0,1577.0
198.0,326.0,826.0,3556.0
198.0,328.0,826.0,3783.0
198.0,329.0,826.0,420.0
198.0,331.0,826.0,578.0
198.0,336.0,826.0,255.0
199.0,6.0,1409.0,2589.0
199.0,8.0,1409.0,2871.0
199.0,14.0,2167.0,1133.0
199.0,17.0,2167.0,2764.0
199.0,21.0,1409.0,891.0
199.0,22.0,2167.0,522.0
199.0,46.0,2167.0,1487.0
199.0,55.0,2167.0,3843.0
199.0,62.0,1409.0,3387.0
199.0,65.0,1409.0,1445.0
199.0,66.0,2167.0,591.0
199.0,71.0,1409.0,2303.0
199.0,87.0,2167.0,1447.0
199.0,96.0,2167.0,339.0
199.0,100.0,1409.0,2082.0
199.0,105.0,1409.0,2116.0
199.0,106.0,2167.0,241.0
199.0,113.0,1409.0,565.0
199.0,118.0,1409.0,352.0
199.0,119.0,2167.0,1923.0
199.0,126.0,1409.0,2139.0
199.0,134.0,1409.0,471.0
199.0,136.0,1409.0,3862.0
199.0,139.0,2167.0,2496.0
199.0,140.0,1409.0,2466.0
199.0,147.0,2167.0,87.0
199.0,150.0,2167.0,2196.0
199.0,160.0,1409.0,2730.0
199.0,162.0,2167.0,353.0
199.0,178.0,2167.0,3526.0
199.0,194.0,2167.0,1415.0
199.0,199.0,1409.0,1409.0
199.0,235.0,2167.0,2695.0
199.0,257.0,1409.0,558.0
199.0,259.0,2167.0,2115.0
199.0,262.0,1409.0,2190.0
199.0,283.0,2167.0,541.0
199.0,299.0,1409.0,2047.0
199.0,303.0,2167.0,1403.0
199.0,305.0,1409.0,2359.0
199.0,313.0,2167.0,2815.0
199.0,319.0,1409.0,3633.0
199.0,323.0,1409.0,3507.0
199.0,335.0,1409.0,341.0
199.0,345.0,1409.0,2197.0
200.0,4.0,1067.0,1198.0
200.0,6.0,736.0,1111.0
200.0,7.0,1007.0,3468.0
200.0,9.0,1008.0,3072.0
200.0,13.0,3872.0,164.0
200.0,14.0,3163.0,1161.0
200.0,16.0,3447.0,2878.0
200.0,18.0,743.0,58.0
200.0,21.0,742.0,2099.0
200.0,23.0,736.0,3132.0
200.0,26.0,1009.0,1606.0
200.0,30.0,741.0,3966.0
200.0,31.0,744.0,645.0
200.0,33.0,1009.0,3807.0
200.0,35.0,741.0,2255.0
200.0,37.0,735.0,3306.0
200.0,40.0,742.0,1677.0
200.0,42.0,745.0,3191.0
200.0,43.0,1062.0,686.0
200.0,44.0,3446.0,56.0
200.0,45.0,742.0,779.0
200.0,46.0,2187.0,1480.0
200.0,47.0,742.0,1992.0
200.0,48.0,1067.0,29.0
200.0,49.0,1007.0,177.0
200.0,50.0,742.0,89.0
200.0,53.0,735.0,1526.0
200.0,54.0,1067.0,3949.0
200.0,56.0,1067.0,1026.0
200.0,62.0,1067.0,1004.0
200.0,64.0,738.0,1081.0
200.0,66.0,735.0,3572.0
200.0,68.0,2373.0,1642.0
200.0,69.0,1008.0,213.0
200.0,70.0,744.0,1706.0
200.0,72.0,742.0,323.0
200.0,77.0,2373.0,1725.0
200.0,78.0,742.0,86.0
200.0,81.0,735.0,3127.0
200.0,86.0,3446.0,1559.0
200.0,89.0,3459.0,3903.0
200.0,90.0,3694.0,2719.0
200.0,102.0,1009.0,3306.0
200.0,107.0,1067.0,1125.0
200.0,108.0,1011.0,1720.0
200.0,111.0,741.0,1507.0
200.0,117.0,2187.0,137.0
200.0,125.0,735.0,720.0
200.0,129.0,3694.0,1846.0
200.0,134.0,743.0,3539.0
200.0,137.0,3872.0,2928.0
200.0,142.0,737.0,685.0
200.0,154.0,741.0,1640.0
200.0,156.0,736.0,828.0
200.0,163.0,3447.0,147.0
200.0,165.0,742.0,254.0
200.0,166.0,3694.0,3655.0
200.0,168.0,3872.0,1707.0
200.0,171.0,745.0,1543.0
200.0,179.0,748.0,385.0
200.0,185.0,2187.0,687.0
200.0,188.0,1067.0,2070.0
200.0,191.0,747.0,1558.0
200.0,195.0,1067.0,1724.0
200.0,197.0,746.0,334.0
200.0,198.0,846.0,826.0
200.0,200.0,1067.0,3694.0
200.0,204.0,3447.0,1687.0
200.0,205.0,738.0,2718.0
200.0,210.0,2186.0,256.0
200.0,213.0,1009.0,829.0
200.0,216.0,740.0,1606.0
200.0,221.0,1062.0,148.0
200.0,223.0,846.0,3875.0
200.0,225.0,3694.0,84.0
200.0,227.0,1067.0,2184.0
200.0,234.0,2373.0,3058.0
200.0,238.0,3163.0,3558.0
200.0,244.0,740.0,3025.0
200.0,245.0,745.0,2332.0
200.0,247.0,846.0,16.0
200.0,248.0,3164.0,2036.0
200.0,249.0,743.0,1069.0
200.0,250.0,3459.0,1264.0
200.0,251.0,741.0,1085.0
200.0,263.0,846.0,824.0
200.0,266.0,736.0,1861.0
200.0,269.0,736.0,214.0
200.0,271.0,1007.0,340.0
200.0,273.0,3164.0,48.0
200.0,275.0,1067.0,317.0
200.0,281.0,1067.0,3391.0
200.0,282.0,3694.0,1617.0
200.0,290.0,735.0,1021.0
200.0,291.0,745.0,2930.0
200.0,292.0,737.0,142.0
200.0,301.0,745.0,175.0
200.0,302.0,735.0,1497.0
200.0,317.0,741.0,136.0
200.0,325.0,741.0,1564.0
200.0,328.0,747.0,24.0
200.0,329.0,740.0,419.0
200.0,330.0,1067.0,1094.0
200.0,331.0,739.0,578.0
200.0,332.0,3872.0,1063.0
201.0,6.0,1389.0,2619.0
201.0,10.0,1389.0,3880.0
201.0,14.0,1389.0,1248.0
201.0,33.0,1389.0,1647.0
201.0,39.0,1389.0,386.0
201.0,40.0,1389.0,1677.0
201.0,56.0,1389.0,3573.0
201.0,59.0,1389.0,1827.0
201.0,61.0,1389.0,1793.0
201.0,81.0,1389.0,20.0
201.0,83.0,1389.0,1726.0
201.0,85.0,1389.0,1373.0
201.0,89.0,1389.0,3903.0
201.0,94.0,1389.0,648.0
201.0,122.0,1389.0,2032.0
201.0,124.0,1389.0,1302.0
201.0,131.0,1389.0,1691.0
201.0,133.0,1389.0,674.0
201.0,159.0,1389.0,1621.0
201.0,178.0,1389.0,99.0
201.0,180.0,1389.0,186.0
201.0,201.0,1389.0,1389.0
201.0,220.0,1389.0,1703.0
201.0,223.0,1389.0,725.0
201.0,228.0,1389.0,1221.0
201.0,229.0,1389.0,2933.0
201.0,232.0,1389.0,1374.0
201.0,237.0,1389.0,3060.0
201.0,240.0,1389.0,3815.0
201.0,244.0,1389.0,1013.0
201.0,249.0,1389.0,1069.0
201.0,250.0,1389.0,1264.0
201.0,261.0,1389.0,650.0
201.0,266.0,1389.0,3602.0
201.0,284.0,1389.0,2932.0
201.0,286.0,1389.0,1383.0
201.0,287.0,1389.0,1385.0
201.0,289.0,1389.0,2102.0
201.0,291.0,1389.0,2537.0
201.0,293.0,1389.0,1264.0
201.0,297.0,1389.0,1210.0
201.0,298.0,1389.0,1265.0
201.0,300.0,1389.0,1716.0
201.0,316.0,1389.0,1867.0
201.0,318.0,1389.0,3069.0
201.0,327.0,1389.0,1621.0
202.0,2.0,3434.0,2613.0
202.0,6.0,3434.0,2723.0
202.0,7.0,258.0,1122.0
202.0,11.0,3433.0,333.0
202.0,21.0,3434.0,3948.0
202.0,25.0,3434.0,490.0
202.0,36.0,3434.0,255.0
202.0,44.0,3434.0,56.0
202.0,45.0,3433.0,797.0
202.0,48.0,3433.0,2540.0
202.0,54.0,3433.0,355.0
202.0,56.0,3434.0,975.0
202.0,61.0,258.0,2784.0
202.0,62.0,3434.0,2494.0
202.0,68.0,3434.0,440.0
202.0,70.0,258.0,1706.0
202.0,87.0,3433.0,1447.0
202.0,98.0,3433.0,1419.0
202.0,106.0,3433.0,241.0
202.0,134.0,3434.0,474.0
202.0,139.0,3433.0,2761.0
202.0,140.0,3434.0,2500.0
202.0,143.0,258.0,2281.0
202.0,157.0,3434.0,2248.0
202.0,158.0,3433.0,240.0
202.0,162.0,3433.0,353.0
202.0,163.0,3434.0,147.0
202.0,184.0,3434.0,1972.0
202.0,202.0,258.0,258.0
202.0,208.0,258.0,3631.0
202.0,228.0,3433.0,2898.0
202.0,241.0,3434.0,261.0
202.0,242.0,258.0,193.0
202.0,251.0,3434.0,1085.0
202.0,252.0,3433.0,2200.0
202.0,256.0,3434.0,2976.0
202.0,336.0,3434.0,255.0
202.0,337.0,3433.0,3023.0
203.0,3.0,1444.0,2443.0
203.0,11.0,1444.0,333.0
203.0,12.0,1444.0,635.0
203.0,15.0,1444.0,717.0
203.0,20.0,1444.0,681.0
203.0,27.0,1444.0,713.0
203.0,48.0,1444.0,812.0
203.0,50.0,1444.0,990.0
203.0,53.0,1444.0,734.0
203.0,62.0,1444.0,209.0
203.0,70.0,1444.0,202.0
203.0,73.0,1444.0,3021.0
203.0,95.0,1444.0,3233.0
203.0,97.0,1444.0,236.0
203.0,103.0,1444.0,239.0
203.0,110.0,1444.0,2877.0
203.0,122.0,1444.0,2954.0
203.0,123.0,1444.0,682.0
203.0,125.0,1444.0,720.0
203.0,128.0,1444.0,3262.0
203.0,147.0,1444.0,337.0
203.0,151.0,1444.0,86.0
203.0,152.0,1444.0,495.0
203.0,169.0,1444.0,662.0
203.0,173.0,1444.0,470.0
203.0,175.0,1444.0,702.0
203.0,178.0,1444.0,2129.0
203.0,189.0,1444.0,1897.0
203.0,203.0,1444.0,1444.0
203.0,206.0,1444.0,1892.0
203.0,215.0,1444.0,149.0
203.0,223.0,1444.0,749.0
203.0,236.0,1444.0,1916.0
203.0,278.0,1444.0,1896.0
203.0,334.0,1444.0,149.0
203.0,341.0,1444.0,3951.0
204.0,2.0,2975.0,3475.0
204.0,6.0,2970.0,883.0
204.0,7.0,1682.0,3303.0
204.0,18.0,1084.0,3839.0
204.0,21.0,1688.0,997.0
204.0,23.0,1696.0,3043.0
204.0,39.0,1688.0,3029.0
204.0,40.0,1688.0,1475.0
204.0,47.0,2176.0,1954.0
204.0,48.0,1083.0,795.0
204.0,50.0,1685.0,89.0
204.0,52.0,1699.0,1349.0
204.0,53.0,1697.0,850.0
204.0,56.0,2969.0,949.0
204.0,59.0,2973.0,1260.0
204.0,61.0,1697.0,2790.0
204.0,66.0,2974.0,2989.0
204.0,68.0,1083.0,1641.0
204.0,71.0,1690.0,3625.0
204.0,72.0,2967.0,360.0
204.0,78.0,1684.0,86.0
204.0,80.0,1683.0,1824.0
204.0,81.0,3208.0,2936.0
204.0,107.0,2175.0,900.0
204.0,108.0,1690.0,1720.0
204.0,112.0,1688.0,1717.0
204.0,115.0,2972.0,3840.0
204.0,121.0,1687.0,2966.0
204.0,133.0,2381.0,3821.0
204.0,137.0,3206.0,3680.0
204.0,138.0,1696.0,1704.0
204.0,140.0,1698.0,1398.0
204.0,143.0,1683.0,2281.0
204.0,144.0,2971.0,2088.0
204.0,145.0,1686.0,1716.0
204.0,151.0,3207.0,86.0
204.0,154.0,1687.0,3580.0
204.0,164.0,1819.0,3490.0
204.0,170.0,1683.0,1718.0
204.0,178.0,1696.0,121.0
204.0,184.0,3208.0,246.0
204.0,188.0,1696.0,2828.0
204.0,195.0,3644.0,187.0
204.0,196.0,1697.0,2409.0
204.0,198.0,2972.0,826.0
204.0,200.0,1680.0,735.0
204.0,204.0,1684.0,1819.0
204.0,214.0,2381.0,1306.0
204.0,219.0,1714.0,1695.0
204.0,220.0,2972.0,1719.0
204.0,223.0,2975.0,3574.0
204.0,232.0,2967.0,1374.0
204.0,235.0,1697.0,2695.0
204.0,239.0,1696.0,3412.0
204.0,241.0,1688.0,2548.0
204.0,243.0,1683.0,2354.0
204.0,244.0,2969.0,3808.0
204.0,247.0,2969.0,1519.0
204.0,250.0,1698.0,1693.0
204.0,252.0,1696.0,2200.0
204.0,261.0,1083.0,1434.0
204.0,264.0,1687.0,1086.0
204.0,266.0,1697.0,2336.0
204.0,279.0,1714.0,212.0
204.0,283.0,1683.0,541.0
204.0,288.0,2967.0,1927.0
204.0,290.0,1684.0,1661.0
204.0,300.0,2973.0,1701.0
204.0,304.0,1684.0,675.0
204.0,308.0,1684.0,542.0
204.0,309.0,2175.0,1379.0
204.0,313.0,2974.0,3103.0
204.0,342.0,2971.0,1209.0
204.0,343.0,2973.0,1678.0
205.0,2.0,48.0,979.0
205.0,5.0,3014.0,54.0
205.0,6.0,2718.0,1106.0
205.0,7.0,2076.0,3702.0
205.0,13.0,3244.0,2172.0
205.0,14.0,3014.0,3138.0
205.0,15.0,3244.0,2647.0
205.0,16.0,2076.0,3241.0
205.0,20.0,2717.0,699.0
205.0,23.0,3244.0,3055.0
205.0,24.0,2076.0,3376.0
205.0,27.0,2718.0,713.0
205.0,28.0,2718.0,3015.0
205.0,29.0,2717.0,2383.0
205.0,45.0,3014.0,3309.0
205.0,46.0,2717.0,1486.0
205.0,48.0,3014.0,805.0
205.0,50.0,3014.0,382.0
205.0,62.0,2717.0,778.0
205.0,67.0,3014.0,1420.0
205.0,68.0,2076.0,1641.0
205.0,73.0,2718.0,1665.0
205.0,75.0,3014.0,974.0
205.0,87.0,2718.0,1446.0
205.0,90.0,2076.0,1416.0
205.0,91.0,2717.0,3281.0
205.0,92.0,2076.0,3020.0
205.0,93.0,3244.0,2943.0
205.0,95.0,3244.0,3404.0
205.0,96.0,3244.0,339.0
205.0,98.0,48.0,1419.0
205.0,99.0,2718.0,234.0
205.0,101.0,2717.0,372.0
205.0,102.0,2076.0,3306.0
205.0,103.0,3244.0,239.0
205.0,110.0,48.0,2877.0
205.0,114.0,2718.0,3853.0
205.0,122.0,2076.0,570.0
205.0,124.0,2717.0,3066.0
205.0,125.0,2718.0,720.0
205.0,128.0,2718.0,2013.0
205.0,134.0,48.0,475.0
205.0,141.0,2717.0,238.0
205.0,142.0,2076.0,685.0
205.0,149.0,2718.0,2049.0
205.0,154.0,2076.0,3580.0
205.0,163.0,2076.0,201.0
205.0,167.0,2717.0,3372.0
205.0,168.0,2076.0,1707.0
205.0,169.0,3014.0,662.0
205.0,173.0,3014.0,3975.0
205.0,175.0,2717.0,702.0
205.0,178.0,2076.0,1294.0
205.0,186.0,3244.0,567.0
205.0,189.0,3244.0,1897.0
205.0,200.0,3014.0,735.0
205.0,203.0,3014.0,1444.0
205.0,205.0,3014.0,2076.0
205.0,209.0,2717.0,2134.0
205.0,210.0,2718.0,256.0
205.0,213.0,2717.0,829.0
205.0,224.0,3244.0,2516.0
205.0,225.0,3014.0,84.0
205.0,227.0,2076.0,2183.0
205.0,236.0,2718.0,659.0
205.0,248.0,3244.0,697.0
205.0,249.0,2076.0,1069.0
205.0,254.0,3244.0,2979.0
205.0,256.0,48.0,2976.0
205.0,273.0,2717.0,48.0
205.0,276.0,3244.0,1667.0
205.0,314.0,3244.0,1417.0
205.0,331.0,3244.0,578.0
206.0,11.0,1892.0,333.0
206.0,12.0,1892.0,635.0
206.0,15.0,1892.0,717.0
206.0,21.0,1892.0,451.0
206.0,24.0,1892.0,2286.0
206.0,28.0,1892.0,2046.0
206.0,45.0,1892.0,66.0
206.0,53.0,1892.0,3848.0
206.0,62.0,1892.0,3425.0
206.0,123.0,1892.0,682.0
206.0,125.0,1892.0,720.0
206.0,141.0,1892.0,238.0
206.0,168.0,1892.0,708.0
206.0,169.0,1892.0,662.0
206.0,173.0,1892.0,3976.0
206.0,175.0,1892.0,702.0
206.0,203.0,1892.0,1444.0
206.0,206.0,1892.0,1892.0
206.0,248.0,1892.0,3659.0
206.0,256.0,1892.0,2976.0
206.0,292.0,1892.0,2170.0
206.0,310.0,1892.0,695.0
206.0,341.0,1892.0,3951.0
207.0,7.0,1257.0,3494.0
207.0,14.0,1024.0,886.0
207.0,29.0,1024.0,91.0
207.0,31.0,1257.0,2922.0
207.0,39.0,1257.0,3026.0
207.0,53.0,1257.0,853.0
207.0,56.0,1024.0,3573.0
207.0,60.0,1024.0,2938.0
207.0,61.0,1024.0,2845.0
207.0,80.0,1257.0,1824.0
207.0,85.0,1257.0,1373.0
207.0,94.0,1257.0,646.0
207.0,112.0,1257.0,1717.0
207.0,122.0,1024.0,2032.0
207.0,124.0,1257.0,1302.0
207.0,131.0,1024.0,1692.0
207.0,133.0,1257.0,1838.0
207.0,137.0,1024.0,2928.0
207.0,163.0,1257.0,201.0
207.0,164.0,1024.0,3487.0
207.0,172.0,1024.0,3770.0
207.0,178.0,1024.0,2995.0
207.0,195.0,1257.0,1729.0
207.0,205.0,1257.0,3014.0
207.0,207.0,1257.0,1024.0
207.0,228.0,1024.0,1233.0
207.0,230.0,1257.0,3886.0
207.0,232.0,1257.0,1374.0
207.0,244.0,1257.0,3037.0
207.0,246.0,1024.0,1025.0
207.0,250.0,1024.0,1264.0
207.0,274.0,1024.0,1633.0
207.0,284.0,1257.0,2932.0
207.0,285.0,1024.0,1387.0
207.0,287.0,1257.0,1385.0
207.0,298.0,1257.0,2981.0
207.0,318.0,1024.0,3069.0
207.0,322.0,1024.0,3192.0
208.0,14.0,3630.0,1182.0
208.0,21.0,2453.0,3153.0
208.0,41.0,3630.0,2551.0
208.0,42.0,3628.0,921.0
208.0,44.0,2453.0,3592.0
208.0,48.0,801.0,818.0
208.0,56.0,3629.0,1026.0
208.0,62.0,2453.0,1030.0
208.0,65.0,3628.0,1445.0
208.0,101.0,3395.0,3246.0
208.0,106.0,3631.0,241.0
208.0,114.0,3629.0,2045.0
208.0,126.0,3631.0,2139.0
208.0,130.0,3631.0,1431.0
208.0,131.0,2454.0,1692.0
208.0,143.0,3629.0,393.0
208.0,154.0,801.0,3579.0
208.0,157.0,3631.0,3406.0
208.0,162.0,3628.0,353.0
208.0,163.0,3631.0,2077.0
208.0,166.0,3629.0,3316.0
208.0,172.0,801.0,1886.0
208.0,200.0,3630.0,1008.0
208.0,201.0,3395.0,1389.0
208.0,202.0,3630.0,3433.0
208.0,208.0,3628.0,3631.0
208.0,257.0,2454.0,3481.0
208.0,280.0,2454.0,2905.0
208.0,284.0,3630.0,2932.0
208.0,292.0,2453.0,3581.0
208.0,296.0,2454.0,2873.0
208.0,297.0,2454.0,1210.0
208.0,311.0,3629.0,253.0
208.0,312.0,3630.0,351.0
208.0,313.0,3631.0,586.0
208.0,335.0,2453.0,341.0
209.0,2.0,2134.0,2613.0
209.0,7.0,2134.0,3174.0
209.0,10.0,2134.0,2660.0
209.0,14.0,2134.0,2886.0
209.0,15.0,2134.0,2030.0
209.0,18.0,2134.0,847.0
209.0,24.0,2134.0,2625.0
209.0,28.0,2134.0,3015.0
209.0,29.0,2134.0,3524.0
209.0,33.0,2134.0,2950.0
209.0,41.0,2134.0,2551.0
209.0,45.0,2134.0,2004.0
209.0,46.0,2134.0,714.0
209.0,47.0,2134.0,1988.0
209.0,54.0,2134.0,2543.0
209.0,55.0,2134.0,3845.0
209.0,56.0,2134.0,2925.0
209.0,61.0,2134.0,1282.0
209.0,62.0,2134.0,3388.0
209.0,66.0,2134.0,2138.0
209.0,67.0,2134.0,1420.0
209.0,72.0,2134.0,1212.0
209.0,74.0,2134.0,1488.0
209.0,90.0,2134.0,1418.0
209.0,95.0,2134.0,3245.0
209.0,96.0,2134.0,339.0
209.0,98.0,2134.0,1419.0
209.0,101.0,2134.0,3013.0
209.0,106.0,2134.0,3396.0
209.0,108.0,2134.0,1720.0
209.0,110.0,2134.0,2877.0
209.0,119.0,2134.0,233.0
209.0,131.0,2134.0,1692.0
209.0,134.0,2134.0,471.0
209.0,139.0,2134.0,2759.0
209.0,140.0,2134.0,2191.0
209.0,143.0,2134.0,2564.0
209.0,152.0,2134.0,2270.0
209.0,154.0,2134.0,3579.0
209.0,156.0,2134.0,828.0
209.0,165.0,2134.0,254.0
209.0,166.0,2134.0,3676.0
209.0,167.0,2134.0,577.0
209.0,175.0,2134.0,661.0
209.0,178.0,2134.0,1297.0
209.0,189.0,2134.0,467.0
209.0,194.0,2134.0,2566.0
209.0,209.0,2134.0,2134.0
209.0,226.0,2134.0,1434.0
209.0,236.0,2134.0,659.0
209.0,241.0,2134.0,3426.0
209.0,243.0,2134.0,2351.0
209.0,248.0,2134.0,692.0
209.0,263.0,2134.0,824.0
209.0,265.0,2134.0,1396.0
209.0,270.0,2134.0,2906.0
209.0,280.0,2134.0,2894.0
209.0,336.0,2134.0,255.0
210.0,10.0,256.0,612.0
210.0,28.0,256.0,3015.0
210.0,50.0,256.0,2636.0
210.0,53.0,256.0,856.0
210.0,54.0,256.0,1656.0
210.0,71.0,256.0,2306.0
210.0,74.0,256.0,1488.0
210.0,91.0,256.0,1668.0
210.0,93.0,256.0,2940.0
210.0,107.0,256.0,3933.0
210.0,110.0,256.0,2877.0
210.0,114.0,256.0,1421.0
210.0,119.0,256.0,1923.0
210.0,127.0,256.0,2111.0
210.0,134.0,256.0,2927.0
210.0,152.0,256.0,2271.0
210.0,154.0,256.0,3580.0
210.0,167.0,256.0,3372.0
210.0,189.0,256.0,1897.0
210.0,194.0,256.0,257.0
210.0,199.0,256.0,2167.0
210.0,200.0,256.0,738.0
210.0,205.0,256.0,2718.0
210.0,209.0,256.0,2134.0
210.0,210.0,256.0,256.0
210.0,213.0,256.0,829.0
210.0,223.0,256.0,1878.0
210.0,270.0,256.0,2906.0
210.0,280.0,256.0,2907.0
210.0,284.0,256.0,2932.0
210.0,336.0,256.0,255.0
211.0,9.0,2061.0,1454.0
211.0,33.0,3416.0,3451.0
211.0,35.0,3415.0,2255.0
211.0,41.0,2071.0,36.0
211.0,69.0,3415.0,213.0
211.0,121.0,3415.0,2966.0
211.0,133.0,2207.0,3942.0
211.0,148.0,2061.0,3658.0
211.0,178.0,3415.0,3345.0
211.0,188.0,2061.0,2235.0
211.0,200.0,3415.0,1067.0
211.0,211.0,2207.0,2061.0
211.0,231.0,3416.0,3124.0
211.0,239.0,2061.0,834.0
211.0,249.0,2071.0,1069.0
211.0,272.0,3415.0,2155.0
211.0,279.0,3416.0,3084.0
211.0,304.0,2061.0,3107.0
211.0,340.0,3416.0,232.0
212.0,4.0,354.0,1198.0
212.0,6.0,354.0,1106.0
212.0,7.0,354.0,3584.0
212.0,8.0,354.0,3256.0
212.0,10.0,354.0,318.0
212.0,11.0,354.0,333.0
212.0,14.0,354.0,651.0
212.0,17.0,354.0,545.0
212.0,21.0,354.0,3380.0
212.0,22.0,354.0,529.0
212.0,23.0,354.0,271.0
212.0,29.0,354.0,2168.0
212.0,33.0,354.0,1902.0
212.0,34.0,354.0,2105.0
212.0,38.0,354.0,2213.0
212.0,41.0,354.0,36.0
212.0,45.0,354.0,771.0
212.0,47.0,354.0,1947.0
212.0,48.0,354.0,823.0
212.0,54.0,354.0,1494.0
212.0,55.0,354.0,3843.0
212.0,61.0,354.0,2670.0
212.0,66.0,354.0,3952.0
212.0,71.0,354.0,1721.0
212.0,72.0,354.0,3287.0
212.0,73.0,354.0,336.0
212.0,80.0,354.0,1824.0
212.0,81.0,354.0,3359.0
212.0,106.0,354.0,3396.0
212.0,109.0,354.0,3018.0
212.0,117.0,354.0,137.0
212.0,118.0,354.0,352.0
212.0,123.0,354.0,682.0
212.0,126.0,354.0,2139.0
212.0,127.0,354.0,2111.0
212.0,134.0,354.0,471.0
212.0,135.0,354.0,583.0
212.0,139.0,354.0,2756.0
212.0,140.0,354.0,3945.0
212.0,144.0,354.0,3510.0
212.0,161.0,354.0,1404.0
212.0,164.0,354.0,1929.0
212.0,176.0,354.0,2595.0
212.0,178.0,354.0,957.0
212.0,181.0,354.0,2221.0
212.0,208.0,354.0,3631.0
212.0,212.0,354.0,354.0
212.0,216.0,354.0,1606.0
212.0,217.0,354.0,976.0
212.0,227.0,354.0,1662.0
212.0,253.0,354.0,2126.0
212.0,259.0,354.0,2112.0
212.0,260.0,354.0,944.0
212.0,265.0,354.0,3701.0
212.0,267.0,354.0,3328.0
212.0,277.0,354.0,2277.0
212.0,289.0,354.0,2102.0
212.0,292.0,354.0,3906.0
213.0,1.0,829.0,160.0
213.0,2.0,829.0,3263.0
213.0,6.0,829.0,3503.0
213.0,11.0,829.0,333.0
213.0,14.0,829.0,3401.0
213.0,19.0,829.0,256.0
213.0,21.0,829.0,1195.0
213.0,24.0,829.0,2625.0
213.0,29.0,829.0,3171.0
213.0,30.0,829.0,3966.0
213.0,33.0,829.0,3803.0
213.0,37.0,829.0,3306.0
213.0,41.0,829.0,2551.0
213.0,44.0,829.0,3593.0
213.0,45.0,829.0,771.0
213.0,46.0,829.0,1516.0
213.0,47.0,829.0,1946.0
213.0,48.0,829.0,3907.0
213.0,49.0,829.0,172.0
213.0,53.0,829.0,849.0
213.0,54.0,829.0,1658.0
213.0,58.0,829.0,1018.0
213.0,62.0,829.0,3389.0
213.0,64.0,829.0,2826.0
213.0,70.0,829.0,1598.0
213.0,72.0,829.0,3248.0
213.0,77.0,829.0,1725.0
213.0,78.0,829.0,86.0
213.0,81.0,829.0,3795.0
213.0,85.0,829.0,1588.0
213.0,86.0,829.0,1559.0
213.0,90.0,829.0,1418.0
213.0,102.0,829.0,3306.0
213.0,115.0,829.0,2514.0
213.0,122.0,829.0,569.0
213.0,128.0,829.0,3262.0
213.0,129.0,829.0,833.0
213.0,135.0,829.0,763.0
213.0,143.0,829.0,2563.0
213.0,151.0,829.0,86.0
213.0,156.0,829.0,828.0
213.0,162.0,829.0,353.0
213.0,163.0,829.0,147.0
213.0,171.0,829.0,1543.0
213.0,178.0,829.0,2438.0
213.0,182.0,829.0,2008.0
213.0,186.0,829.0,567.0
213.0,187.0,829.0,81.0
213.0,190.0,829.0,152.0
213.0,191.0,829.0,139.0
213.0,195.0,829.0,1724.0
213.0,197.0,829.0,349.0
213.0,198.0,829.0,826.0
213.0,200.0,829.0,3447.0
213.0,205.0,829.0,2076.0
213.0,213.0,829.0,829.0
213.0,215.0,829.0,149.0
213.0,216.0,829.0,1606.0
213.0,223.0,829.0,752.0
213.0,224.0,829.0,1056.0
213.0,225.0,829.0,84.0
213.0,229.0,829.0,2932.0
213.0,244.0,829.0,1013.0
213.0,245.0,829.0,2324.0
213.0,247.0,829.0,1519.0
213.0,249.0,829.0,1069.0
213.0,260.0,829.0,642.0
213.0,263.0,829.0,824.0
213.0,273.0,829.0,48.0
213.0,277.0,829.0,499.0
213.0,282.0,829.0,841.0
213.0,291.0,829.0,2930.0
213.0,304.0,829.0,3107.0
213.0,310.0,829.0,693.0
213.0,319.0,829.0,2908.0
213.0,328.0,829.0,316.0
213.0,330.0,829.0,1094.0
213.0,332.0,829.0,1071.0
213.0,339.0,829.0,1498.0
214.0,1.0,1299.0,2831.0
214.0,2.0,1869.0,2744.0
214.0,6.0,3009.0,2620.0
214.0,7.0,1866.0,3211.0
214.0,8.0,928.0,207.0
214.0,10.0,1870.0,2659.0
214.0,11.0,1306.0,333.0
214.0,12.0,2603.0,3392.0
214.0,14.0,1866.0,3138.0
214.0,21.0,928.0,113.0
214.0,25.0,1866.0,1492.0
214.0,26.0,125.0,1085.0
214.0,29.0,3735.0,3274.0
214.0,39.0,1848.0,3029.0
214.0,42.0,2604.0,977.0
214.0,43.0,1866.0,686.0
214.0,44.0,1298.0,3593.0
214.0,45.0,126.0,3269.0
214.0,47.0,4.0,907.0
214.0,48.0,3590.0,3707.0
214.0,50.0,1870.0,2636.0
214.0,54.0,3591.0,2550.0
214.0,58.0,3.0,1380.0
214.0,61.0,3006.0,2218.0
214.0,62.0,2603.0,2407.0
214.0,63.0,1300.0,2742.0
214.0,66.0,2747.0,2138.0
214.0,68.0,3590.0,328.0
214.0,75.0,1305.0,974.0
214.0,81.0,3007.0,2963.0
214.0,89.0,1866.0,3903.0
214.0,90.0,3006.0,1416.0
214.0,94.0,3737.0,646.0
214.0,95.0,1307.0,3236.0
214.0,107.0,3011.0,2387.0
214.0,120.0,3591.0,2858.0
214.0,122.0,2605.0,2009.0
214.0,124.0,3007.0,1303.0
214.0,131.0,2605.0,1691.0
214.0,133.0,3590.0,1839.0
214.0,134.0,3467.0,3539.0
214.0,137.0,1870.0,3680.0
214.0,138.0,1300.0,1704.0
214.0,145.0,1852.0,1716.0
214.0,148.0,3467.0,230.0
214.0,159.0,3008.0,1621.0
214.0,163.0,3733.0,345.0
214.0,164.0,125.0,3079.0
214.0,166.0,1309.0,963.0
214.0,169.0,1866.0,662.0
214.0,170.0,3734.0,2827.0
214.0,172.0,3466.0,3554.0
214.0,173.0,1871.0,3975.0
214.0,178.0,1869.0,102.0
214.0,179.0,1871.0,1673.0
214.0,180.0,1866.0,2150.0
214.0,185.0,2746.0,687.0
214.0,188.0,129.0,3422.0
214.0,196.0,1300.0,2289.0
214.0,204.0,1300.0,2973.0
214.0,205.0,1290.0,3244.0
214.0,214.0,2747.0,3465.0
214.0,220.0,1869.0,1931.0
214.0,223.0,2746.0,754.0
214.0,226.0,1869.0,1434.0
214.0,229.0,2745.0,2933.0
214.0,237.0,1869.0,1674.0
214.0,241.0,3011.0,261.0
214.0,243.0,2603.0,2354.0
214.0,244.0,1871.0,3808.0
214.0,250.0,1871.0,1264.0
214.0,260.0,1871.0,945.0
214.0,261.0,129.0,650.0
214.0,266.0,1869.0,2918.0
214.0,284.0,3006.0,2932.0
214.0,291.0,1869.0,942.0
214.0,293.0,2603.0,1264.0
214.0,298.0,1305.0,2981.0
214.0,304.0,3006.0,3107.0
214.0,316.0,3010.0,1867.0
214.0,327.0,1869.0,1621.0
214.0,331.0,1298.0,578.0
214.0,338.0,3590.0,1868.0
214.0,339.0,3590.0,1498.0
214.0,342.0,1852.0,2736.0
215.0,1.0,149.0,704.0
215.0,2.0,149.0,2613.0
215.0,3.0,149.0,2443.0
215.0,5.0,149.0,2011.0
215.0,6.0,149.0,883.0
215.0,7.0,1464.0,196.0
215.0,11.0,149.0,333.0
215.0,12.0,149.0,635.0
215.0,13.0,1464.0,2368.0
215.0,14.0,1464.0,3135.0
215.0,18.0,1464.0,84.0
215.0,21.0,149.0,455.0
215.0,29.0,149.0,141.0
215.0,37.0,149.0,3533.0
215.0,38.0,149.0,3953.0
215.0,43.0,1464.0,686.0
215.0,44.0,149.0,3593.0
215.0,45.0,149.0,3916.0
215.0,48.0,1464.0,383.0
215.0,50.0,149.0,89.0
215.0,53.0,149.0,854.0
215.0,61.0,149.0,1765.0
215.0,68.0,149.0,1054.0
215.0,70.0,149.0,1705.0
215.0,73.0,149.0,401.0
215.0,78.0,149.0,86.0
215.0,81.0,149.0,20.0
215.0,86.0,149.0,1559.0
215.0,88.0,1464.0,688.0
215.0,103.0,149.0,239.0
215.0,108.0,149.0,1720.0
215.0,110.0,1464.0,2877.0
215.0,117.0,149.0,137.0
215.0,122.0,1464.0,3661.0
215.0,125.0,149.0,720.0
215.0,130.0,1464.0,601.0
215.0,134.0,1464.0,475.0
215.0,135.0,1464.0,3173.0
215.0,168.0,149.0,2464.0
215.0,169.0,1464.0,662.0
215.0,171.0,1464.0,1543.0
215.0,178.0,1464.0,3527.0
215.0,181.0,1464.0,2221.0
215.0,182.0,1464.0,2598.0
215.0,183.0,149.0,1422.0
215.0,185.0,149.0,687.0
215.0,187.0,149.0,81.0
215.0,198.0,1464.0,826.0
215.0,200.0,149.0,745.0
215.0,213.0,1464.0,829.0
215.0,215.0,149.0,1464.0
215.0,218.0,149.0,148.0
215.0,221.0,149.0,166.0
215.0,223.0,149.0,1917.0
215.0,224.0,1464.0,2518.0
215.0,234.0,149.0,145.0
215.0,236.0,1464.0,1916.0
215.0,238.0,1464.0,1504.0
215.0,241.0,1464.0,2548.0
215.0,248.0,1464.0,3659.0
215.0,292.0,149.0,3904.0
215.0,325.0,1464.0,1088.0
215.0,328.0,149.0,24.0
215.0,334.0,1464.0,149.0
216.0,9.0,1606.0,1364.0
216.0,10.0,1606.0,3310.0
216.0,18.0,1606.0,1915.0
216.0,21.0,1606.0,300.0
216.0,26.0,1606.0,3471.0
216.0,30.0,1606.0,3966.0
216.0,33.0,1606.0,988.0
216.0,42.0,1606.0,919.0
216.0,53.0,1606.0,178.0
216.0,55.0,1606.0,3843.0
216.0,56.0,1606.0,1026.0
216.0,64.0,1606.0,1081.0
216.0,67.0,1606.0,375.0
216.0,76.0,1606.0,1377.0
216.0,77.0,1606.0,3897.0
216.0,97.0,1606.0,3594.0
216.0,98.0,1606.0,1419.0
216.0,110.0,1606.0,2877.0
216.0,112.0,1606.0,1717.0
216.0,115.0,1606.0,1055.0
216.0,133.0,1606.0,3893.0
216.0,142.0,1606.0,685.0
216.0,188.0,1606.0,3089.0
216.0,191.0,1606.0,140.0
216.0,195.0,1606.0,187.0
216.0,200.0,1606.0,1067.0
216.0,216.0,1606.0,1606.0
216.0,222.0,1606.0,180.0
216.0,224.0,1606.0,376.0
216.0,244.0,1606.0,1591.0
216.0,245.0,1606.0,2325.0
216.0,246.0,1606.0,1025.0
216.0,249.0,1606.0,1069.0
216.0,251.0,1606.0,1085.0
216.0,255.0,1606.0,1648.0
216.0,264.0,1606.0,1086.0
216.0,272.0,1606.0,2065.0
216.0,282.0,1606.0,841.0
216.0,286.0,1606.0,1383.0
216.0,291.0,1606.0,2930.0
216.0,298.0,1606.0,1828.0
216.0,301.0,1606.0,175.0
216.0,304.0,1606.0,1936.0
216.0,317.0,1606.0,136.0
216.0,324.0,1606.0,1443.0
216.0,326.0,1606.0,3556.0
216.0,330.0,1606.0,1094.0
216.0,339.0,1606.0,1500.0
216.0,340.0,1606.0,232.0
217.0,2.0,976.0,3430.0
217.0,4.0,976.0,303.0
217.0,6.0,976.0,1006.0
217.0,7.0,976.0,3584.0
217.0,11.0,976.0,333.0
217.0,14.0,976.0,3754.0
217.0,18.0,976.0,437.0
217.0,20.0,976.0,2079.0
217.0,21.0,976.0,3577.0
217.0,23.0,976.0,277.0
217.0,42.0,976.0,921.0
217.0,44.0,976.0,2534.0
217.0,46.0,976.0,1482.0
217.0,53.0,976.0,1066.0
217.0,54.0,976.0,3949.0
217.0,58.0,976.0,3069.0
217.0,61.0,976.0,3182.0
217.0,75.0,976.0,974.0
217.0,88.0,976.0,688.0
217.0,115.0,976.0,830.0
217.0,120.0,976.0,2.0
217.0,122.0,976.0,2954.0
217.0,128.0,976.0,2019.0
217.0,132.0,976.0,3202.0
217.0,154.0,976.0,1640.0
217.0,160.0,976.0,3112.0
217.0,170.0,976.0,1718.0
217.0,172.0,976.0,2798.0
217.0,175.0,976.0,661.0
217.0,178.0,976.0,2475.0
217.0,185.0,976.0,687.0
217.0,200.0,976.0,1067.0
217.0,201.0,976.0,1389.0
217.0,205.0,976.0,2717.0
217.0,208.0,976.0,3631.0
217.0,212.0,976.0,354.0
217.0,215.0,976.0,1464.0
217.0,217.0,976.0,976.0
217.0,224.0,976.0,1027.0
217.0,225.0,976.0,84.0
217.0,227.0,976.0,88.0
217.0,228.0,976.0,1227.0
217.0,229.0,976.0,2932.0
217.0,232.0,976.0,1374.0
217.0,234.0,976.0,145.0
217.0,251.0,976.0,1085.0
217.0,258.0,976.0,2129.0
217.0,260.0,976.0,943.0
217.0,266.0,976.0,2606.0
217.0,275.0,976.0,82.0
217.0,291.0,976.0,942.0
217.0,293.0,976.0,1264.0
217.0,336.0,976.0,255.0
218.0,1.0,148.0,2690.0
218.0,11.0,148.0,333.0
218.0,12.0,148.0,3392.0
218.0,13.0,148.0,1937.0
218.0,14.0,148.0,3775.0
218.0,15.0,148.0,2029.0
218.0,21.0,148.0,454.0
218.0,23.0,148.0,13.0
218.0,30.0,148.0,3966.0
218.0,43.0,148.0,686.0
218.0,44.0,148.0,3057.0
218.0,46.0,148.0,1515.0
218.0,47.0,148.0,1994.0
218.0,54.0,148.0,3226.0
218.0,62.0,148.0,77.0
218.0,68.0,148.0,346.0
218.0,73.0,148.0,1665.0
218.0,78.0,148.0,86.0
218.0,81.0,148.0,215.0
218.0,86.0,148.0,1559.0
218.0,99.0,148.0,234.0
218.0,117.0,148.0,137.0
218.0,122.0,148.0,569.0
218.0,125.0,148.0,720.0
218.0,141.0,148.0,237.0
218.0,147.0,148.0,337.0
218.0,151.0,148.0,86.0
218.0,175.0,148.0,661.0
218.0,183.0,148.0,1585.0
218.0,185.0,148.0,1543.0
218.0,191.0,148.0,1558.0
218.0,197.0,148.0,348.0
218.0,198.0,148.0,826.0
218.0,200.0,148.0,736.0
218.0,203.0,148.0,1444.0
218.0,215.0,148.0,1464.0
218.0,217.0,148.0,976.0
218.0,218.0,148.0,148.0
218.0,221.0,148.0,165.0
218.0,223.0,148.0,752.0
218.0,234.0,148.0,145.0
218.0,292.0,148.0,3581.0
218.0,311.0,148.0,253.0
219.0,39.0,1695.0,3029.0
219.0,45.0,1695.0,66.0
219.0,48.0,1695.0,29.0
219.0,61.0,1695.0,3181.0
219.0,81.0,1695.0,1536.0
219.0,96.0,1695.0,338.0
219.0,108.0,1695.0,1720.0
219.0,112.0,1695.0,1717.0
219.0,124.0,1695.0,1303.0
219.0,134.0,1695.0,471.0
219.0,138.0,1695.0,1711.0
219.0,164.0,1695.0,3483.0
219.0,170.0,1695.0,2827.0
219.0,178.0,1695.0,2528.0
219.0,204.0,1695.0,2970.0
219.0,219.0,1695.0,1695.0
219.0,220.0,1695.0,1933.0
219.0,231.0,1695.0,2262.0
219.0,288.0,1695.0,1927.0
219.0,300.0,1695.0,1716.0
219.0,315.0,1695.0,1922.0
219.0,330.0,1695.0,1094.0
220.0,6.0,1702.0,1108.0
220.0,14.0,1933.0,2809.0
220.0,23.0,1703.0,3711.0
220.0,33.0,1931.0,3687.0
220.0,47.0,1719.0,603.0
220.0,53.0,1931.0,2819.0
220.0,54.0,1931.0,2550.0
220.0,56.0,1719.0,1026.0
220.0,61.0,1703.0,3957.0
220.0,73.0,1702.0,336.0
220.0,81.0,1719.0,948.0
220.0,108.0,1933.0,1720.0
220.0,112.0,1931.0,1717.0
220.0,118.0,1719.0,352.0
220.0,133.0,1719.0,3822.0
220.0,135.0,1931.0,788.0
220.0,138.0,1703.0,1704.0
220.0,164.0,1719.0,678.0
220.0,170.0,1719.0,1718.0
220.0,178.0,1933.0,2531.0
220.0,179.0,1702.0,1673.0
220.0,188.0,1931.0,3418.0
220.0,192.0,1703.0,2288.0
220.0,195.0,1931.0,1724.0
220.0,200.0,1719.0,742.0
220.0,201.0,1703.0,1389.0
220.0,204.0,1931.0,1700.0
220.0,219.0,1719.0,1695.0
220.0,220.0,1933.0,1931.0
220.0,261.0,1719.0,650.0
220.0,279.0,1719.0,212.0
220.0,284.0,1931.0,2932.0
220.0,288.0,1719.0,1927.0
220.0,300.0,1931.0,1701.0
220.0,309.0,1933.0,1379.0
220.0,315.0,1719.0,1717.0
220.0,324.0,1933.0,1443.0
220.0,332.0,1719.0,2934.0
221.0,1.0,167.0,2690.0
221.0,2.0,165.0,200.0
221.0,3.0,166.0,2443.0
221.0,11.0,167.0,333.0
221.0,13.0,166.0,2171.0
221.0,15.0,148.0,3846.0
221.0,18.0,148.0,379.0
221.0,21.0,166.0,3923.0
221.0,23.0,166.0,787.0
221.0,26.0,166.0,1606.0
221.0,30.0,165.0,3966.0
221.0,43.0,165.0,686.0
221.0,44.0,166.0,3592.0
221.0,45.0,166.0,771.0
221.0,48.0,165.0,383.0
221.0,49.0,166.0,177.0
221.0,50.0,167.0,442.0
221.0,53.0,148.0,851.0
221.0,56.0,166.0,2925.0
221.0,61.0,167.0,2274.0
221.0,62.0,167.0,73.0
221.0,68.0,148.0,328.0
221.0,72.0,166.0,3248.0
221.0,78.0,166.0,86.0
221.0,81.0,148.0,215.0
221.0,86.0,148.0,1559.0
221.0,91.0,167.0,2762.0
221.0,95.0,166.0,3232.0
221.0,125.0,166.0,720.0
221.0,134.0,167.0,476.0
221.0,147.0,165.0,337.0
221.0,148.0,166.0,230.0
221.0,163.0,148.0,398.0
221.0,166.0,166.0,956.0
221.0,168.0,148.0,1707.0
221.0,171.0,148.0,1543.0
221.0,178.0,148.0,1541.0
221.0,183.0,167.0,1422.0
221.0,185.0,148.0,703.0
221.0,187.0,167.0,2512.0
221.0,190.0,165.0,152.0
221.0,196.0,148.0,436.0
221.0,215.0,165.0,149.0
221.0,218.0,148.0,148.0
221.0,221.0,166.0,166.0
221.0,223.0,165.0,726.0
221.0,227.0,165.0,344.0
221.0,234.0,148.0,80.0
221.0,248.0,166.0,692.0
221.0,263.0,166.0,824.0
221.0,292.0,166.0,142.0
221.0,317.0,165.0,136.0
221.0,330.0,166.0,1094.0
221.0,332.0,166.0,1063.0
221.0,334.0,148.0,149.0
222.0,9.0,181.0,2125.0
222.0,10.0,677.0,3445.0
222.0,23.0,677.0,2748.0
222.0,26.0,677.0,3469.0
222.0,29.0,181.0,61.0
222.0,33.0,180.0,1650.0
222.0,39.0,180.0,386.0
222.0,48.0,181.0,820.0
222.0,53.0,677.0,853.0
222.0,72.0,677.0,1212.0
222.0,78.0,180.0,86.0
222.0,81.0,181.0,2936.0
222.0,178.0,677.0,3516.0
222.0,179.0,677.0,1673.0
222.0,195.0,677.0,188.0
222.0,198.0,180.0,826.0
222.0,200.0,180.0,3872.0
222.0,216.0,677.0,1606.0
222.0,222.0,677.0,180.0
222.0,224.0,181.0,995.0
222.0,225.0,677.0,84.0
222.0,229.0,180.0,2932.0
222.0,238.0,181.0,1616.0
222.0,244.0,677.0,3024.0
222.0,249.0,180.0,1069.0
222.0,251.0,181.0,1085.0
222.0,269.0,677.0,214.0
222.0,286.0,181.0,1383.0
222.0,304.0,180.0,2267.0
222.0,324.0,181.0,1443.0
222.0,326.0,677.0,3556.0
222.0,330.0,181.0,1094.0
223.0,2.0,728.0,2743.0
223.0,3.0,728.0,2443.0
223.0,4.0,2880.0,1198.0
223.0,6.0,752.0,879.0
223.0,7.0,267.0,1120.0
223.0,8.0,3691.0,2871.0
223.0,9.0,3574.0,3557.0
223.0,10.0,3874.0,2133.0
223.0,11.0,264.0,333.0
223.0,13.0,781.0,2391.0
223.0,14.0,749.0,2811.0
223.0,15.0,3162.0,2647.0
223.0,18.0,3889.0,84.0
223.0,21.0,3691.0,286.0
223.0,23.0,3875.0,2841.0
223.0,25.0,3160.0,905.0
223.0,29.0,2520.0,3171.0
223.0,30.0,750.0,3966.0
223.0,32.0,3889.0,1824.0
223.0,33.0,2843.0,2951.0
223.0,36.0,860.0,255.0
223.0,39.0,2520.0,3026.0
223.0,41.0,2520.0,400.0
223.0,42.0,3691.0,921.0
223.0,43.0,3889.0,682.0
223.0,44.0,2521.0,85.0
223.0,45.0,266.0,3322.0
223.0,47.0,264.0,1798.0
223.0,48.0,1213.0,809.0
223.0,49.0,2522.0,3117.0
223.0,50.0,751.0,3056.0
223.0,53.0,727.0,3358.0
223.0,54.0,2517.0,2542.0
223.0,56.0,725.0,1025.0
223.0,58.0,782.0,3069.0
223.0,61.0,2522.0,1286.0
223.0,62.0,266.0,1593.0
223.0,63.0,3875.0,2741.0
223.0,64.0,270.0,2826.0
223.0,66.0,266.0,2180.0
223.0,68.0,3574.0,328.0
223.0,72.0,782.0,37.0
223.0,75.0,2517.0,974.0
223.0,78.0,2521.0,86.0
223.0,81.0,726.0,1822.0
223.0,83.0,781.0,1726.0
223.0,86.0,3574.0,1559.0
223.0,88.0,1213.0,688.0
223.0,89.0,749.0,3903.0
223.0,94.0,3875.0,646.0
223.0,103.0,2521.0,239.0
223.0,107.0,754.0,2388.0
223.0,108.0,2521.0,1720.0
223.0,115.0,751.0,83.0
223.0,116.0,727.0,597.0
223.0,117.0,266.0,137.0
223.0,120.0,781.0,3790.0
223.0,121.0,2521.0,2966.0
223.0,122.0,3456.0,2954.0
223.0,123.0,783.0,682.0
223.0,124.0,754.0,1303.0
223.0,125.0,782.0,720.0
223.0,129.0,2520.0,826.0
223.0,130.0,783.0,1939.0
223.0,133.0,3574.0,3888.0
223.0,135.0,3875.0,3911.0
223.0,141.0,749.0,237.0
223.0,143.0,2517.0,2563.0
223.0,145.0,754.0,1716.0
223.0,146.0,749.0,483.0
223.0,147.0,724.0,337.0
223.0,151.0,1878.0,86.0
223.0,154.0,3457.0,3579.0
223.0,156.0,3162.0,829.0
223.0,168.0,2843.0,708.0
223.0,171.0,860.0,1543.0
223.0,172.0,2843.0,1222.0
223.0,178.0,784.0,2489.0
223.0,179.0,2521.0,1673.0
223.0,187.0,3874.0,81.0
223.0,188.0,725.0,2058.0
223.0,190.0,751.0,152.0
223.0,191.0,267.0,139.0
223.0,193.0,270.0,1945.0
223.0,195.0,1213.0,638.0
223.0,198.0,1214.0,826.0
223.0,200.0,2521.0,2185.0
223.0,201.0,3875.0,1389.0
223.0,213.0,2880.0,829.0
223.0,215.0,868.0,1464.0
223.0,222.0,725.0,180.0
223.0,223.0,860.0,2880.0
223.0,224.0,1917.0,1027.0
223.0,225.0,725.0,84.0
223.0,226.0,2521.0,1434.0
223.0,228.0,751.0,951.0
223.0,229.0,750.0,2933.0
223.0,234.0,1878.0,80.0
223.0,237.0,1917.0,3060.0
223.0,240.0,782.0,3816.0
223.0,244.0,264.0,3037.0
223.0,246.0,726.0,1025.0
223.0,247.0,725.0,3690.0
223.0,249.0,868.0,1069.0
223.0,251.0,2123.0,1085.0
223.0,255.0,726.0,1648.0
223.0,263.0,3457.0,824.0
223.0,264.0,752.0,1086.0
223.0,266.0,3889.0,1860.0
223.0,269.0,754.0,214.0
223.0,274.0,2880.0,1634.0
223.0,275.0,2520.0,2783.0
223.0,282.0,11.0,837.0
223.0,284.0,727.0,2932.0
223.0,288.0,784.0,1927.0
223.0,291.0,2521.0,940.0
223.0,302.0,2517.0,1497.0
223.0,304.0,2725.0,675.0
223.0,310.0,264.0,693.0
223.0,311.0,750.0,253.0
223.0,317.0,1878.0,136.0
223.0,326.0,269.0,3556.0
223.0,328.0,782.0,832.0
223.0,329.0,2517.0,2939.0
223.0,331.0,725.0,578.0
223.0,334.0,2522.0,149.0
223.0,336.0,3875.0,255.0
223.0,338.0,2521.0,1868.0
223.0,340.0,2522.0,232.0
223.0,342.0,750.0,1209.0
224.0,2.0,2518.0,3264.0
224.0,4.0,1057.0,3915.0
224.0,6.0,3692.0,910.0
224.0,7.0,2516.0,203.0
224.0,8.0,1027.0,191.0
224.0,10.0,376.0,2587.0
224.0,11.0,376.0,333.0
224.0,13.0,992.0,2174.0
224.0,14.0,991.0,2885.0
224.0,18.0,1057.0,3657.0
224.0,21.0,376.0,997.0
224.0,23.0,1027.0,279.0
224.0,24.0,2516.0,1491.0
224.0,26.0,991.0,3474.0
224.0,29.0,993.0,2383.0
224.0,30.0,376.0,3966.0
224.0,33.0,992.0,3687.0
224.0,36.0,1027.0,255.0
224.0,40.0,1059.0,1473.0
224.0,41.0,376.0,2551.0
224.0,42.0,377.0,887.0
224.0,44.0,376.0,3592.0
224.0,45.0,1027.0,66.0
224.0,46.0,1059.0,714.0
224.0,47.0,993.0,3648.0
224.0,48.0,1058.0,2654.0
224.0,49.0,2518.0,177.0
224.0,50.0,3692.0,89.0
224.0,53.0,1027.0,3448.0
224.0,54.0,2516.0,2550.0
224.0,55.0,3692.0,3843.0
224.0,56.0,1059.0,643.0
224.0,60.0,1027.0,2938.0
224.0,61.0,376.0,1281.0
224.0,64.0,2518.0,1081.0
224.0,65.0,1059.0,1445.0
224.0,68.0,993.0,346.0
224.0,70.0,1059.0,146.0
224.0,72.0,376.0,3706.0
224.0,73.0,992.0,3021.0
224.0,74.0,2516.0,2054.0
224.0,78.0,992.0,86.0
224.0,81.0,992.0,1534.0
224.0,86.0,995.0,1559.0
224.0,88.0,1027.0,688.0
224.0,89.0,991.0,3903.0
224.0,94.0,1027.0,648.0
224.0,95.0,1056.0,3231.0
224.0,98.0,376.0,1419.0
224.0,103.0,1057.0,239.0
224.0,114.0,1056.0,1421.0
224.0,115.0,2518.0,83.0
224.0,117.0,1057.0,137.0
224.0,119.0,3692.0,233.0
224.0,120.0,1027.0,1436.0
224.0,121.0,377.0,2966.0
224.0,122.0,1056.0,2033.0
224.0,123.0,377.0,682.0
224.0,124.0,991.0,3066.0
224.0,129.0,1027.0,827.0
224.0,130.0,376.0,1962.0
224.0,134.0,991.0,2927.0
224.0,135.0,376.0,3265.0
224.0,142.0,991.0,685.0
224.0,143.0,1059.0,2281.0
224.0,151.0,1059.0,86.0
224.0,154.0,376.0,3580.0
224.0,156.0,376.0,828.0
224.0,158.0,991.0,592.0
224.0,166.0,991.0,3722.0
224.0,168.0,376.0,2464.0
224.0,175.0,1027.0,661.0
224.0,177.0,1056.0,1600.0
224.0,178.0,1057.0,3340.0
224.0,179.0,1057.0,385.0
224.0,185.0,867.0,703.0
224.0,187.0,1059.0,81.0
224.0,191.0,2516.0,140.0
224.0,195.0,1059.0,187.0
224.0,197.0,1027.0,335.0
224.0,198.0,1027.0,826.0
224.0,200.0,2518.0,1062.0
224.0,205.0,2516.0,2076.0
224.0,207.0,376.0,1024.0
224.0,213.0,995.0,829.0
224.0,214.0,992.0,125.0
224.0,216.0,1027.0,1606.0
224.0,223.0,3692.0,868.0
224.0,224.0,995.0,376.0
224.0,225.0,1057.0,84.0
224.0,227.0,3692.0,344.0
224.0,234.0,1058.0,3058.0
224.0,244.0,1027.0,1591.0
224.0,247.0,992.0,861.0
224.0,251.0,1056.0,1085.0
224.0,260.0,377.0,944.0
224.0,261.0,995.0,650.0
224.0,263.0,1027.0,824.0
224.0,272.0,867.0,2057.0
224.0,274.0,377.0,1631.0
224.0,275.0,995.0,82.0
224.0,278.0,1027.0,1896.0
224.0,279.0,1059.0,2900.0
224.0,292.0,2518.0,63.0
224.0,297.0,2518.0,1210.0
224.0,317.0,1059.0,136.0
224.0,322.0,377.0,3192.0
224.0,324.0,1056.0,1443.0
224.0,328.0,995.0,831.0
224.0,329.0,2516.0,1496.0
224.0,333.0,2516.0,256.0
224.0,342.0,991.0,1209.0
225.0,2.0,84.0,3143.0
225.0,4.0,84.0,1198.0
225.0,6.0,84.0,3142.0
225.0,7.0,84.0,3494.0
225.0,10.0,84.0,3247.0
225.0,11.0,84.0,333.0
225.0,12.0,84.0,635.0
225.0,13.0,84.0,2173.0
225.0,14.0,84.0,3746.0
225.0,18.0,84.0,1915.0
225.0,21.0,84.0,848.0
225.0,23.0,84.0,994.0
225.0,24.0,84.0,358.0
225.0,29.0,84.0,3272.0
225.0,30.0,84.0,3966.0
225.0,31.0,84.0,3820.0
225.0,33.0,84.0,1646.0
225.0,37.0,84.0,2945.0
225.0,41.0,84.0,3899.0
225.0,44.0,84.0,3592.0
225.0,46.0,84.0,1515.0
225.0,48.0,84.0,822.0
225.0,49.0,84.0,3117.0
225.0,50.0,84.0,1999.0
225.0,53.0,84.0,2839.0
225.0,54.0,84.0,716.0
225.0,56.0,84.0,949.0
225.0,61.0,84.0,1763.0
225.0,62.0,84.0,3936.0
225.0,64.0,84.0,2826.0
225.0,68.0,84.0,594.0
225.0,72.0,84.0,2733.0
225.0,78.0,84.0,86.0
225.0,81.0,84.0,2148.0
225.0,89.0,84.0,3903.0
225.0,101.0,84.0,372.0
225.0,106.0,84.0,241.0
225.0,115.0,84.0,83.0
225.0,117.0,84.0,137.0
225.0,118.0,84.0,352.0
225.0,122.0,84.0,2009.0
225.0,125.0,84.0,720.0
225.0,128.0,84.0,3262.0
225.0,129.0,84.0,833.0
225.0,131.0,84.0,1692.0
225.0,135.0,84.0,763.0
225.0,137.0,84.0,2928.0
225.0,141.0,84.0,237.0
225.0,151.0,84.0,86.0
225.0,156.0,84.0,829.0
225.0,163.0,84.0,398.0
225.0,171.0,84.0,1543.0
225.0,175.0,84.0,702.0
225.0,178.0,84.0,2493.0
225.0,185.0,84.0,687.0
225.0,187.0,84.0,81.0
225.0,190.0,84.0,152.0
225.0,191.0,84.0,137.0
225.0,198.0,84.0,826.0
225.0,200.0,84.0,1008.0
225.0,218.0,84.0,148.0
225.0,221.0,84.0,166.0
225.0,223.0,84.0,2519.0
225.0,224.0,84.0,1059.0
225.0,225.0,84.0,84.0
225.0,227.0,84.0,2184.0
225.0,234.0,84.0,145.0
225.0,238.0,84.0,3081.0
225.0,246.0,84.0,1025.0
225.0,263.0,84.0,824.0
225.0,275.0,84.0,989.0
225.0,289.0,84.0,2102.0
225.0,291.0,84.0,940.0
225.0,317.0,84.0,136.0
225.0,326.0,84.0,3556.0
225.0,328.0,84.0,3783.0
225.0,329.0,84.0,419.0
226.0,2.0,1434.0,3264.0
226.0,10.0,1434.0,2132.0
226.0,14.0,1434.0,2710.0
226.0,31.0,1434.0,2922.0
226.0,32.0,1434.0,1824.0
226.0,41.0,1434.0,36.0
226.0,44.0,1434.0,3592.0
226.0,48.0,1434.0,802.0
226.0,53.0,1434.0,854.0
226.0,58.0,1434.0,1018.0
226.0,60.0,1434.0,2938.0
226.0,61.0,1434.0,2792.0
226.0,62.0,1434.0,3868.0
226.0,68.0,1434.0,440.0
226.0,72.0,1434.0,26.0
226.0,81.0,1434.0,1532.0
226.0,89.0,1434.0,3903.0
226.0,94.0,1434.0,648.0
226.0,124.0,1434.0,1303.0
226.0,131.0,1434.0,3955.0
226.0,141.0,1434.0,238.0
226.0,159.0,1434.0,1621.0
226.0,164.0,1434.0,2149.0
226.0,165.0,1434.0,254.0
226.0,166.0,1434.0,3655.0
226.0,172.0,1434.0,2924.0
226.0,178.0,1434.0,2847.0
226.0,181.0,1434.0,2221.0
226.0,183.0,1434.0,150.0
226.0,184.0,1434.0,2450.0
226.0,193.0,1434.0,1760.0
226.0,200.0,1434.0,746.0
226.0,207.0,1434.0,1257.0
226.0,214.0,1434.0,3735.0
226.0,217.0,1434.0,976.0
226.0,223.0,1434.0,2519.0
226.0,226.0,1434.0,1434.0
226.0,228.0,1434.0,1233.0
226.0,244.0,1434.0,3037.0
226.0,248.0,1434.0,711.0
226.0,250.0,1434.0,1264.0
226.0,260.0,1434.0,945.0
226.0,261.0,1434.0,650.0
226.0,266.0,1434.0,1861.0
226.0,284.0,1434.0,2932.0
226.0,285.0,1434.0,1256.0
226.0,293.0,1434.0,1264.0
226.0,298.0,1434.0,1620.0
226.0,318.0,1434.0,3069.0
226.0,322.0,1434.0,3192.0
226.0,342.0,1434.0,2736.0
227.0,1.0,1662.0,1898.0
227.0,2.0,1662.0,2040.0
227.0,4.0,2184.0,1196.0
227.0,5.0,344.0,2010.0
227.0,6.0,88.0,884.0
227.0,7.0,1662.0,870.0
227.0,8.0,2183.0,191.0
227.0,9.0,2183.0,2406.0
227.0,10.0,2184.0,3927.0
227.0,11.0,88.0,333.0
227.0,12.0,2184.0,635.0
227.0,13.0,344.0,2390.0
227.0,14.0,2184.0,1248.0
227.0,15.0,1662.0,717.0
227.0,16.0,2183.0,2879.0
227.0,18.0,1662.0,2677.0
227.0,19.0,344.0,256.0
227.0,20.0,344.0,660.0
227.0,21.0,344.0,3920.0
227.0,23.0,344.0,308.0
227.0,24.0,2183.0,43.0
227.0,29.0,2183.0,1485.0
227.0,30.0,2183.0,3966.0
227.0,33.0,1662.0,3807.0
227.0,34.0,88.0,2105.0
227.0,37.0,344.0,3535.0
227.0,41.0,2184.0,36.0
227.0,43.0,88.0,686.0
227.0,44.0,344.0,3593.0
227.0,45.0,2183.0,769.0
227.0,46.0,344.0,714.0
227.0,47.0,344.0,1980.0
227.0,48.0,2183.0,2597.0
227.0,49.0,2184.0,172.0
227.0,50.0,1662.0,382.0
227.0,53.0,2184.0,2935.0
227.0,54.0,1662.0,1001.0
227.0,56.0,1662.0,1026.0
227.0,62.0,344.0,3389.0
227.0,64.0,2184.0,2826.0
227.0,66.0,2183.0,3952.0
227.0,67.0,344.0,1420.0
227.0,68.0,344.0,1641.0
227.0,70.0,2184.0,1598.0
227.0,72.0,88.0,326.0
227.0,73.0,1662.0,333.0
227.0,74.0,2184.0,2053.0
227.0,75.0,2184.0,974.0
227.0,78.0,2184.0,86.0
227.0,81.0,2183.0,1535.0
227.0,86.0,88.0,1559.0
227.0,88.0,344.0,688.0
227.0,89.0,2184.0,3903.0
227.0,95.0,2183.0,3405.0
227.0,96.0,1662.0,338.0
227.0,103.0,2183.0,239.0
227.0,108.0,344.0,1720.0
227.0,115.0,88.0,3840.0
227.0,117.0,344.0,137.0
227.0,118.0,88.0,352.0
227.0,119.0,2184.0,233.0
227.0,121.0,344.0,2966.0
227.0,122.0,1662.0,2009.0
227.0,123.0,1662.0,682.0
227.0,125.0,2183.0,720.0
227.0,129.0,344.0,827.0
227.0,133.0,1662.0,1019.0
227.0,134.0,344.0,476.0
227.0,135.0,1662.0,765.0
227.0,137.0,1662.0,3680.0
227.0,140.0,2183.0,2500.0
227.0,141.0,2183.0,238.0
227.0,144.0,2184.0,542.0
227.0,147.0,1662.0,337.0
227.0,153.0,2183.0,2301.0
227.0,154.0,1662.0,1640.0
227.0,163.0,344.0,147.0
227.0,166.0,2184.0,3677.0
227.0,170.0,344.0,1718.0
227.0,178.0,2184.0,93.0
227.0,182.0,2184.0,2008.0
227.0,185.0,2184.0,1543.0
227.0,187.0,2184.0,81.0
227.0,190.0,2184.0,3974.0
227.0,192.0,88.0,2288.0
227.0,196.0,1662.0,2289.0
227.0,197.0,344.0,348.0
227.0,198.0,2184.0,826.0
227.0,200.0,1662.0,747.0
227.0,217.0,2183.0,976.0
227.0,221.0,2183.0,166.0
227.0,224.0,1662.0,991.0
227.0,225.0,88.0,84.0
227.0,227.0,2184.0,1662.0
227.0,234.0,1662.0,80.0
227.0,238.0,2184.0,2461.0
227.0,243.0,344.0,260.0
227.0,248.0,1662.0,2036.0
227.0,261.0,1662.0,1434.0
227.0,274.0,344.0,1637.0
227.0,275.0,1662.0,2783.0
227.0,281.0,344.0,3391.0
227.0,287.0,88.0,1385.0
227.0,306.0,88.0,1449.0
227.0,317.0,2183.0,136.0
227.0,325.0,344.0,1566.0
227.0,328.0,2183.0,24.0
227.0,334.0,344.0,149.0
228.0,2.0,1221.0,3430.0
228.0,4.0,2898.0,1198.0
228.0,6.0,951.0,3044.0
228.0,7.0,1246.0,204.0
228.0,11.0,1230.0,333.0
228.0,14.0,1233.0,2885.0
228.0,18.0,951.0,1915.0
228.0,23.0,1221.0,3642.0
228.0,31.0,1221.0,1825.0
228.0,42.0,951.0,3192.0
228.0,43.0,1230.0,686.0
228.0,44.0,951.0,3592.0
228.0,53.0,1246.0,851.0
228.0,56.0,1233.0,1826.0
228.0,60.0,1221.0,2861.0
228.0,61.0,1246.0,2436.0
228.0,70.0,1233.0,202.0
228.0,73.0,1246.0,3021.0
228.0,75.0,1221.0,974.0
228.0,77.0,2378.0,3897.0
228.0,78.0,2898.0,86.0
228.0,83.0,1229.0,1726.0
228.0,88.0,951.0,688.0
228.0,94.0,951.0,648.0
228.0,115.0,1221.0,2514.0
228.0,124.0,2378.0,1303.0
228.0,131.0,1230.0,1691.0
228.0,172.0,1227.0,1884.0
228.0,178.0,1229.0,3543.0
228.0,182.0,1230.0,2598.0
228.0,193.0,951.0,602.0
228.0,197.0,1221.0,350.0
228.0,201.0,2378.0,1389.0
228.0,214.0,1229.0,1308.0
228.0,215.0,1229.0,1464.0
228.0,217.0,951.0,976.0
228.0,221.0,1221.0,165.0
228.0,223.0,1229.0,3456.0
228.0,224.0,951.0,2516.0
228.0,228.0,2898.0,2898.0
228.0,234.0,1228.0,3058.0
228.0,243.0,1246.0,2351.0
228.0,246.0,2898.0,1025.0
228.0,250.0,1246.0,1264.0
228.0,252.0,2378.0,2200.0
228.0,260.0,1229.0,642.0
228.0,276.0,1230.0,3854.0
228.0,284.0,2378.0,2932.0
228.0,287.0,2898.0,1385.0
228.0,291.0,1246.0,2537.0
228.0,293.0,1246.0,1264.0
228.0,298.0,1246.0,1620.0
228.0,316.0,1233.0,1868.0
228.0,322.0,1221.0,3192.0
228.0,342.0,1233.0,1209.0
229.0,2.0,2932.0,3264.0
229.0,6.0,2933.0,3198.0
229.0,7.0,2932.0,3589.0
229.0,14.0,2932.0,3276.0
229.0,26.0,2933.0,1606.0
229.0,33.0,2933.0,3686.0
229.0,53.0,2932.0,17.0
229.0,54.0,2933.0,394.0
229.0,59.0,2933.0,1827.0
229.0,60.0,2932.0,641.0
229.0,61.0,2932.0,3365.0
229.0,69.0,2932.0,213.0
229.0,77.0,2932.0,1725.0
229.0,81.0,2932.0,3127.0
229.0,83.0,2933.0,1726.0
229.0,85.0,2932.0,1654.0
229.0,120.0,2932.0,630.0
229.0,121.0,2932.0,2966.0
229.0,124.0,2933.0,1303.0
229.0,131.0,2932.0,3956.0
229.0,137.0,2932.0,3680.0
229.0,159.0,2933.0,1621.0
229.0,178.0,2932.0,105.0
229.0,201.0,2932.0,1389.0
229.0,205.0,2932.0,2718.0
229.0,213.0,2933.0,829.0
229.0,214.0,2932.0,2876.0
229.0,219.0,2932.0,1695.0
229.0,223.0,2932.0,728.0
229.0,229.0,2933.0,2933.0
229.0,230.0,2932.0,2959.0
229.0,245.0,2932.0,1452.0
229.0,250.0,2933.0,1264.0
229.0,259.0,2932.0,2112.0
229.0,260.0,2933.0,944.0
229.0,270.0,2932.0,2906.0
229.0,284.0,2933.0,2932.0
229.0,285.0,2933.0,1387.0
229.0,286.0,2933.0,1383.0
229.0,287.0,2933.0,1385.0
229.0,291.0,2933.0,2537.0
229.0,293.0,2933.0,1264.0
229.0,297.0,2932.0,1210.0
229.0,298.0,2932.0,1265.0
229.0,301.0,2932.0,175.0
229.0,322.0,2932.0,3192.0
229.0,325.0,2932.0,3130.0
230.0,26.0,3886.0,1606.0
230.0,29.0,2964.0,3524.0
230.0,39.0,1727.0,3029.0
230.0,53.0,2965.0,3448.0
230.0,60.0,2964.0,2938.0
230.0,77.0,1726.0,2960.0
230.0,81.0,2965.0,1533.0
230.0,116.0,2965.0,3724.0
230.0,121.0,1727.0,2966.0
230.0,125.0,2959.0,720.0
230.0,143.0,1728.0,2564.0
230.0,178.0,2965.0,2249.0
230.0,184.0,1728.0,246.0
230.0,188.0,1727.0,3086.0
230.0,201.0,1728.0,1389.0
230.0,211.0,2959.0,3416.0
230.0,216.0,2964.0,1606.0
230.0,220.0,1726.0,1702.0
230.0,229.0,1728.0,2932.0
230.0,230.0,1726.0,1727.0
230.0,244.0,2964.0,3025.0
230.0,250.0,2959.0,1259.0
230.0,255.0,1727.0,1904.0
230.0,258.0,2959.0,2129.0
230.0,260.0,2964.0,943.0
230.0,274.0,2959.0,1643.0
230.0,284.0,1728.0,2932.0
230.0,291.0,2965.0,940.0
230.0,298.0,2964.0,1265.0
230.0,318.0,1728.0,3069.0
230.0,322.0,2959.0,3192.0
231.0,7.0,2262.0,3494.0
231.0,9.0,2257.0,1371.0
231.0,14.0,2121.0,3138.0
231.0,26.0,2121.0,1087.0
231.0,35.0,2262.0,3088.0
231.0,53.0,3125.0,851.0
231.0,69.0,2258.0,213.0
231.0,81.0,2260.0,3683.0
231.0,88.0,2259.0,688.0
231.0,97.0,2262.0,2443.0
231.0,148.0,2258.0,3090.0
231.0,178.0,665.0,3618.0
231.0,188.0,3125.0,222.0
231.0,211.0,2064.0,3415.0
231.0,222.0,3125.0,180.0
231.0,229.0,2257.0,2932.0
231.0,231.0,3125.0,2260.0
231.0,238.0,2262.0,2400.0
231.0,239.0,2262.0,3104.0
231.0,249.0,3073.0,1069.0
231.0,255.0,2262.0,1904.0
231.0,272.0,2257.0,2065.0
231.0,279.0,2260.0,2900.0
231.0,300.0,2260.0,1716.0
231.0,330.0,3125.0,1094.0
231.0,340.0,2258.0,232.0
232.0,6.0,1374.0,2620.0
232.0,7.0,1374.0,445.0
232.0,8.0,1374.0,3256.0
232.0,48.0,1374.0,806.0
232.0,53.0,1374.0,851.0
232.0,58.0,1374.0,1380.0
232.0,60.0,1374.0,2938.0
232.0,62.0,1374.0,2599.0
232.0,72.0,1374.0,2290.0
232.0,76.0,1374.0,1383.0
232.0,81.0,1374.0,1534.0
232.0,120.0,1374.0,2858.0
232.0,124.0,1374.0,1302.0
232.0,133.0,1374.0,3887.0
232.0,134.0,1374.0,475.0
232.0,137.0,1374.0,2928.0
232.0,155.0,1374.0,1023.0
232.0,159.0,1374.0,1621.0
232.0,164.0,1374.0,1712.0
232.0,172.0,1374.0,1740.0
232.0,178.0,1374.0,2869.0
232.0,195.0,1374.0,1729.0
232.0,197.0,1374.0,334.0
232.0,200.0,1374.0,736.0
232.0,201.0,1374.0,1389.0
232.0,207.0,1374.0,1257.0
232.0,228.0,1374.0,1227.0
232.0,232.0,1374.0,1374.0
232.0,237.0,1374.0,1674.0
232.0,246.0,1374.0,1025.0
232.0,250.0,1374.0,1693.0
232.0,266.0,1374.0,2602.0
232.0,285.0,1374.0,1387.0
232.0,287.0,1374.0,1258.0
232.0,293.0,1374.0,1264.0
232.0,297.0,1374.0,1210.0
232.0,298.0,1374.0,1620.0
232.0,309.0,1374.0,1379.0
232.0,342.0,1374.0,1209.0
233.0,9.0,1604.0,2265.0
233.0,13.0,1553.0,163.0
233.0,45.0,412.0,771.0
233.0,53.0,431.0,10.0
233.0,72.0,431.0,3842.0
233.0,81.0,2601.0,987.0
233.0,111.0,1603.0,1471.0
233.0,124.0,1603.0,1303.0
233.0,129.0,1603.0,827.0
233.0,151.0,1603.0,86.0
233.0,177.0,430.0,413.0
233.0,188.0,431.0,3419.0
233.0,200.0,430.0,1067.0
233.0,203.0,431.0,1444.0
233.0,223.0,431.0,2123.0
233.0,233.0,1602.0,1603.0
233.0,238.0,1583.0,2462.0
233.0,245.0,431.0,1452.0
233.0,251.0,1603.0,1085.0
233.0,264.0,431.0,2568.0
233.0,266.0,1604.0,1853.0
233.0,282.0,1603.0,841.0
233.0,304.0,431.0,1936.0
233.0,325.0,1603.0,1564.0
233.0,329.0,431.0,420.0
233.0,330.0,1603.0,1094.0
234.0,1.0,3058.0,1898.0
234.0,4.0,80.0,3149.0
234.0,5.0,145.0,2010.0
234.0,6.0,80.0,1809.0
234.0,7.0,145.0,3140.0
234.0,10.0,80.0,1426.0
234.0,11.0,80.0,333.0
234.0,12.0,3058.0,635.0
234.0,13.0,145.0,2948.0
234.0,14.0,80.0,2888.0
234.0,18.0,80.0,3289.0
234.0,21.0,3058.0,3577.0
234.0,23.0,80.0,865.0
234.0,24.0,145.0,128.0
234.0,25.0,3058.0,908.0
234.0,27.0,145.0,713.0
234.0,29.0,80.0,62.0
234.0,30.0,145.0,3966.0
234.0,33.0,145.0,1903.0
234.0,37.0,145.0,3012.0
234.0,41.0,145.0,3899.0
234.0,43.0,3058.0,686.0
234.0,44.0,145.0,3592.0
234.0,45.0,3058.0,3859.0
234.0,46.0,145.0,1516.0
234.0,47.0,145.0,1984.0
234.0,50.0,145.0,2000.0
234.0,53.0,145.0,3449.0
234.0,54.0,145.0,3224.0
234.0,56.0,145.0,1826.0
234.0,58.0,145.0,1380.0
234.0,61.0,145.0,1790.0
234.0,62.0,80.0,2494.0
234.0,63.0,145.0,2741.0
234.0,68.0,145.0,440.0
234.0,70.0,145.0,1706.0
234.0,72.0,3058.0,2291.0
234.0,78.0,80.0,86.0
234.0,82.0,145.0,1966.0
234.0,86.0,80.0,1559.0
234.0,88.0,145.0,688.0
234.0,93.0,145.0,2921.0
234.0,95.0,3058.0,1513.0
234.0,96.0,145.0,338.0
234.0,103.0,80.0,239.0
234.0,115.0,145.0,830.0
234.0,117.0,145.0,137.0
234.0,118.0,3058.0,352.0
234.0,125.0,3058.0,720.0
234.0,128.0,80.0,2013.0
234.0,129.0,80.0,825.0
234.0,130.0,80.0,1431.0
234.0,131.0,80.0,1692.0
234.0,134.0,80.0,475.0
234.0,137.0,145.0,2928.0
234.0,139.0,3058.0,531.0
234.0,141.0,145.0,238.0
234.0,147.0,145.0,337.0
234.0,154.0,3058.0,3580.0
234.0,156.0,3058.0,829.0
234.0,163.0,3058.0,147.0
234.0,166.0,80.0,3655.0
234.0,168.0,80.0,2464.0
234.0,171.0,145.0,1543.0
234.0,172.0,3058.0,1883.0
234.0,175.0,80.0,661.0
234.0,178.0,145.0,3542.0
234.0,185.0,145.0,687.0
234.0,186.0,80.0,567.0
234.0,187.0,80.0,2512.0
234.0,190.0,3058.0,3974.0
234.0,191.0,145.0,433.0
234.0,196.0,80.0,322.0
234.0,197.0,80.0,335.0
234.0,198.0,3058.0,826.0
234.0,200.0,3058.0,747.0
234.0,215.0,145.0,149.0
234.0,218.0,3058.0,148.0
234.0,221.0,80.0,165.0
234.0,223.0,3058.0,2725.0
234.0,224.0,80.0,1058.0
234.0,225.0,3058.0,84.0
234.0,227.0,80.0,2183.0
234.0,233.0,80.0,1603.0
234.0,234.0,145.0,80.0
234.0,238.0,145.0,1470.0
234.0,241.0,3058.0,261.0
234.0,245.0,145.0,2317.0
234.0,248.0,80.0,2036.0
234.0,251.0,80.0,1085.0
234.0,261.0,145.0,650.0
234.0,263.0,3058.0,824.0
234.0,275.0,145.0,2783.0
234.0,292.0,145.0,1594.0
234.0,320.0,145.0,2037.0
234.0,326.0,145.0,3556.0
234.0,328.0,3058.0,316.0
234.0,332.0,145.0,1071.0
234.0,339.0,80.0,1497.0
235.0,2.0,3622.0,2743.0
235.0,11.0,2695.0,333.0
235.0,21.0,2686.0,582.0
235.0,22.0,2696.0,521.0
235.0,28.0,2688.0,3015.0
235.0,29.0,2696.0,3275.0
235.0,33.0,2687.0,988.0
235.0,36.0,3622.0,255.0
235.0,37.0,564.0,3306.0
235.0,45.0,2696.0,779.0
235.0,49.0,2696.0,177.0
235.0,61.0,2686.0,1280.0
235.0,66.0,2687.0,3952.0
235.0,79.0,3622.0,585.0
235.0,81.0,3622.0,3683.0
235.0,87.0,2695.0,3588.0
235.0,88.0,2687.0,688.0
235.0,104.0,2696.0,1448.0
235.0,105.0,2695.0,342.0
235.0,113.0,2686.0,1450.0
235.0,118.0,564.0,352.0
235.0,122.0,3622.0,3661.0
235.0,125.0,2696.0,720.0
235.0,127.0,2696.0,2110.0
235.0,133.0,2694.0,1836.0
235.0,136.0,2696.0,3862.0
235.0,137.0,2686.0,2928.0
235.0,139.0,2695.0,3825.0
235.0,140.0,2687.0,3370.0
235.0,144.0,2694.0,3510.0
235.0,147.0,2686.0,337.0
235.0,161.0,2696.0,1404.0
235.0,184.0,564.0,2242.0
235.0,189.0,2687.0,467.0
235.0,190.0,2695.0,151.0
235.0,196.0,2694.0,2289.0
235.0,197.0,2688.0,335.0
235.0,199.0,2688.0,1409.0
235.0,205.0,2694.0,3014.0
235.0,209.0,3622.0,2134.0
235.0,235.0,2688.0,2687.0
235.0,257.0,564.0,3481.0
235.0,259.0,2688.0,2101.0
235.0,262.0,2688.0,2681.0
235.0,268.0,2686.0,510.0
235.0,271.0,564.0,340.0
235.0,281.0,2686.0,3391.0
235.0,283.0,2686.0,541.0
235.0,303.0,2686.0,1403.0
235.0,305.0,2686.0,2359.0
235.0,308.0,2686.0,542.0
235.0,313.0,2695.0,252.0
235.0,316.0,2686.0,1868.0
235.0,317.0,2686.0,136.0
235.0,319.0,2695.0,3633.0
235.0,323.0,2686.0,3507.0
235.0,335.0,2687.0,341.0
236.0,3.0,659.0,2443.0
236.0,11.0,1916.0,333.0
236.0,12.0,659.0,3392.0
236.0,14.0,659.0,1189.0
236.0,15.0,1916.0,712.0
236.0,16.0,659.0,3241.0
236.0,20.0,659.0,2118.0
236.0,43.0,1916.0,686.0
236.0,46.0,659.0,714.0
236.0,55.0,659.0,3843.0
236.0,62.0,1916.0,778.0
236.0,66.0,1916.0,2138.0
236.0,68.0,1916.0,1642.0
236.0,72.0,659.0,360.0
236.0,78.0,659.0,86.0
236.0,90.0,1916.0,2052.0
236.0,93.0,659.0,3632.0
236.0,98.0,659.0,1419.0
236.0,122.0,1916.0,2009.0
236.0,123.0,1916.0,682.0
236.0,125.0,659.0,720.0
236.0,128.0,1916.0,580.0
236.0,142.0,1916.0,685.0
236.0,167.0,1916.0,49.0
236.0,169.0,1916.0,662.0
236.0,173.0,1916.0,470.0
236.0,175.0,659.0,661.0
236.0,178.0,1916.0,1435.0
236.0,182.0,659.0,2008.0
236.0,191.0,659.0,137.0
236.0,197.0,659.0,348.0
236.0,198.0,1916.0,826.0
236.0,203.0,659.0,1444.0
236.0,205.0,1916.0,3244.0
236.0,214.0,1916.0,1305.0
236.0,215.0,659.0,149.0
236.0,236.0,1916.0,659.0
236.0,248.0,1916.0,3659.0
236.0,256.0,1916.0,2976.0
236.0,278.0,1916.0,696.0
236.0,310.0,1916.0,695.0
236.0,334.0,1916.0,149.0
237.0,8.0,1674.0,191.0
237.0,26.0,1674.0,3471.0
237.0,32.0,1674.0,1824.0
237.0,39.0,1674.0,3026.0
237.0,53.0,1674.0,415.0
237.0,58.0,1674.0,1380.0
237.0,61.0,1674.0,965.0
237.0,68.0,1674.0,1054.0
237.0,75.0,3060.0,974.0
237.0,80.0,3060.0,1824.0
237.0,107.0,1674.0,3177.0
237.0,120.0,3060.0,3033.0
237.0,124.0,3060.0,3066.0
237.0,133.0,3060.0,1644.0
237.0,155.0,3060.0,1023.0
237.0,159.0,1674.0,1621.0
237.0,174.0,1674.0,1390.0
237.0,178.0,3060.0,3612.0
237.0,195.0,3060.0,1729.0
237.0,201.0,1674.0,1389.0
237.0,207.0,3060.0,1257.0
237.0,214.0,1674.0,2604.0
237.0,227.0,1674.0,1662.0
237.0,228.0,1674.0,1246.0
237.0,232.0,1674.0,1374.0
237.0,237.0,1674.0,3060.0
237.0,244.0,3060.0,3025.0
237.0,246.0,3060.0,1025.0
237.0,250.0,3060.0,1264.0
237.0,266.0,1674.0,3606.0
237.0,274.0,3060.0,1630.0
237.0,282.0,1674.0,841.0
237.0,283.0,3060.0,541.0
237.0,316.0,1674.0,1868.0
238.0,7.0,1372.0,2576.0
238.0,9.0,1616.0,1093.0
238.0,11.0,407.0,333.0
238.0,20.0,839.0,2683.0
238.0,21.0,2588.0,890.0
238.0,23.0,3065.0,2145.0
238.0,26.0,410.0,1069.0
238.0,28.0,1608.0,3015.0
238.0,29.0,2395.0,3274.0
238.0,30.0,839.0,3966.0
238.0,33.0,1468.0,1672.0
238.0,48.0,1505.0,383.0
238.0,49.0,1616.0,177.0
238.0,51.0,2461.0,2580.0
238.0,53.0,2395.0,1522.0
238.0,61.0,1470.0,2275.0
238.0,72.0,1506.0,37.0
238.0,81.0,1505.0,2937.0
238.0,88.0,409.0,688.0
238.0,111.0,1504.0,1507.0
238.0,112.0,2400.0,1717.0
238.0,124.0,1505.0,3066.0
238.0,132.0,3064.0,3243.0
238.0,135.0,2395.0,3154.0
238.0,151.0,1468.0,86.0
238.0,171.0,1470.0,1543.0
238.0,178.0,1470.0,2129.0
238.0,181.0,3064.0,2221.0
238.0,187.0,2395.0,81.0
238.0,190.0,1608.0,151.0
238.0,200.0,3065.0,735.0
238.0,203.0,1609.0,1444.0
238.0,215.0,1504.0,1464.0
238.0,216.0,2588.0,1606.0
238.0,222.0,407.0,181.0
238.0,225.0,409.0,84.0
238.0,227.0,3065.0,2183.0
238.0,233.0,1504.0,431.0
238.0,234.0,410.0,3058.0
238.0,238.0,2398.0,1616.0
238.0,244.0,1372.0,3808.0
238.0,247.0,1505.0,2511.0
238.0,251.0,1505.0,1085.0
238.0,264.0,1504.0,1064.0
238.0,269.0,1608.0,214.0
238.0,275.0,840.0,989.0
238.0,282.0,1470.0,1617.0
238.0,291.0,1451.0,2537.0
238.0,301.0,408.0,175.0
238.0,302.0,410.0,1497.0
238.0,304.0,3558.0,676.0
238.0,317.0,2588.0,136.0
238.0,325.0,1451.0,1501.0
238.0,330.0,1505.0,1094.0
238.0,332.0,1470.0,2934.0
238.0,339.0,1470.0,1502.0
239.0,6.0,3106.0,289.0
239.0,7.0,834.0,3782.0
239.0,9.0,835.0,3552.0
239.0,23.0,3411.0,722.0
239.0,28.0,3411.0,2046.0
239.0,29.0,3106.0,91.0
239.0,32.0,3104.0,1824.0
239.0,33.0,3410.0,3451.0
239.0,53.0,1346.0,3448.0
239.0,66.0,1495.0,2179.0
239.0,75.0,834.0,974.0
239.0,80.0,3105.0,1824.0
239.0,89.0,3411.0,3903.0
239.0,129.0,3409.0,1846.0
239.0,133.0,834.0,1838.0
239.0,138.0,3410.0,1710.0
239.0,164.0,834.0,1715.0
239.0,166.0,1346.0,3718.0
239.0,178.0,3409.0,123.0
239.0,184.0,834.0,3114.0
239.0,188.0,3411.0,3085.0
239.0,204.0,3409.0,1699.0
239.0,220.0,1495.0,1933.0
239.0,238.0,3411.0,408.0
239.0,239.0,834.0,1346.0
239.0,244.0,3412.0,3809.0
239.0,245.0,3409.0,2322.0
239.0,255.0,3106.0,1648.0
239.0,264.0,3409.0,2568.0
239.0,266.0,834.0,1263.0
239.0,294.0,3410.0,185.0
239.0,304.0,3409.0,676.0
239.0,339.0,1495.0,1502.0
240.0,6.0,3039.0,2711.0
240.0,10.0,3028.0,932.0
240.0,23.0,3810.0,277.0
240.0,24.0,3815.0,332.0
240.0,27.0,3816.0,2463.0
240.0,32.0,1592.0,1824.0
240.0,33.0,3798.0,1902.0
240.0,39.0,637.0,3029.0
240.0,40.0,3815.0,1473.0
240.0,41.0,1592.0,36.0
240.0,53.0,1829.0,851.0
240.0,58.0,3039.0,1380.0
240.0,59.0,3811.0,1260.0
240.0,61.0,1592.0,1330.0
240.0,76.0,3815.0,1383.0
240.0,78.0,3059.0,86.0
240.0,80.0,3811.0,1824.0
240.0,81.0,3039.0,215.0
240.0,85.0,3039.0,1373.0
240.0,120.0,3811.0,2216.0
240.0,133.0,1592.0,1016.0
240.0,155.0,3811.0,1023.0
240.0,157.0,3040.0,2449.0
240.0,164.0,3816.0,3487.0
240.0,178.0,3040.0,2994.0
240.0,179.0,3812.0,385.0
240.0,195.0,3810.0,1724.0
240.0,200.0,3813.0,736.0
240.0,204.0,3816.0,2968.0
240.0,216.0,3039.0,1606.0
240.0,217.0,3813.0,976.0
240.0,222.0,3039.0,181.0
240.0,224.0,3815.0,2516.0
240.0,228.0,3814.0,1229.0
240.0,229.0,3039.0,2932.0
240.0,230.0,1829.0,1726.0
240.0,240.0,3814.0,3040.0
240.0,244.0,3815.0,1013.0
240.0,247.0,3813.0,263.0
240.0,250.0,3815.0,1264.0
240.0,284.0,3811.0,2932.0
240.0,291.0,3040.0,940.0
240.0,316.0,3812.0,1868.0
241.0,2.0,3034.0,2744.0
241.0,7.0,2561.0,2572.0
241.0,8.0,2561.0,191.0
241.0,10.0,2039.0,609.0
241.0,11.0,3426.0,333.0
241.0,13.0,3460.0,1613.0
241.0,14.0,2039.0,2555.0
241.0,15.0,3426.0,712.0
241.0,19.0,2562.0,256.0
241.0,21.0,3023.0,3682.0
241.0,36.0,3034.0,255.0
241.0,38.0,2039.0,3953.0
241.0,41.0,3023.0,3899.0
241.0,45.0,3023.0,773.0
241.0,48.0,2559.0,817.0
241.0,54.0,3460.0,394.0
241.0,55.0,3460.0,691.0
241.0,59.0,2560.0,1827.0
241.0,61.0,261.0,3178.0
241.0,66.0,2039.0,3952.0
241.0,67.0,2548.0,375.0
241.0,68.0,2039.0,1642.0
241.0,72.0,2561.0,327.0
241.0,73.0,3460.0,1664.0
241.0,78.0,3426.0,86.0
241.0,87.0,2039.0,1446.0
241.0,94.0,3426.0,648.0
241.0,95.0,3023.0,1513.0
241.0,97.0,261.0,3594.0
241.0,98.0,3426.0,1419.0
241.0,102.0,3034.0,3306.0
241.0,104.0,2548.0,1448.0
241.0,105.0,2039.0,2035.0
241.0,107.0,3034.0,3109.0
241.0,109.0,3426.0,2982.0
241.0,122.0,2561.0,3661.0
241.0,129.0,3460.0,862.0
241.0,143.0,2562.0,2563.0
241.0,154.0,3426.0,1640.0
241.0,157.0,2548.0,3406.0
241.0,162.0,3426.0,353.0
241.0,176.0,2559.0,509.0
241.0,178.0,2548.0,3332.0
241.0,208.0,261.0,3628.0
241.0,209.0,2562.0,2134.0
241.0,223.0,2548.0,2517.0
241.0,234.0,2548.0,3058.0
241.0,235.0,3460.0,3622.0
241.0,241.0,2559.0,2039.0
241.0,242.0,2560.0,193.0
241.0,243.0,2560.0,1540.0
241.0,248.0,2039.0,711.0
241.0,262.0,2548.0,2504.0
241.0,263.0,3023.0,824.0
241.0,266.0,2562.0,1861.0
241.0,270.0,261.0,2906.0
241.0,291.0,3426.0,942.0
241.0,305.0,2562.0,2359.0
241.0,311.0,261.0,253.0
241.0,312.0,3034.0,351.0
241.0,313.0,3023.0,2816.0
241.0,321.0,3426.0,241.0
241.0,324.0,261.0,1443.0
241.0,325.0,2559.0,2689.0
241.0,344.0,2561.0,259.0
242.0,6.0,193.0,883.0
242.0,7.0,193.0,391.0
242.0,53.0,193.0,852.0
242.0,54.0,193.0,2455.0
242.0,79.0,193.0,2817.0
242.0,106.0,193.0,3396.0
242.0,130.0,193.0,1431.0
242.0,160.0,193.0,3112.0
242.0,162.0,193.0,353.0
242.0,242.0,193.0,193.0
242.0,253.0,193.0,1391.0
242.0,262.0,193.0,2682.0
242.0,274.0,193.0,1639.0
242.0,291.0,193.0,2537.0
243.0,2.0,260.0,636.0
243.0,4.0,2352.0,1198.0
243.0,6.0,2353.0,3408.0
243.0,7.0,1540.0,3702.0
243.0,10.0,2349.0,791.0
243.0,11.0,2353.0,333.0
243.0,14.0,2350.0,1759.0
243.0,17.0,2355.0,2140.0
243.0,18.0,2352.0,1484.0
243.0,19.0,2351.0,256.0
243.0,24.0,2352.0,1491.0
243.0,25.0,2354.0,488.0
243.0,29.0,2354.0,3274.0
243.0,38.0,2354.0,2213.0
243.0,40.0,2354.0,1677.0
243.0,44.0,3432.0,3593.0
243.0,45.0,260.0,771.0
243.0,47.0,2355.0,906.0
243.0,48.0,2352.0,806.0
243.0,53.0,2351.0,19.0
243.0,54.0,1540.0,3497.0
243.0,55.0,2350.0,690.0
243.0,56.0,2350.0,1026.0
243.0,61.0,2350.0,2431.0
243.0,62.0,1540.0,3651.0
243.0,64.0,260.0,2826.0
243.0,66.0,260.0,2990.0
243.0,70.0,3175.0,146.0
243.0,72.0,2354.0,42.0
243.0,73.0,2349.0,1665.0
243.0,94.0,2353.0,646.0
243.0,95.0,2355.0,3231.0
243.0,98.0,3432.0,1419.0
243.0,103.0,2352.0,2468.0
243.0,106.0,2351.0,3396.0
243.0,107.0,3432.0,459.0
243.0,115.0,2354.0,83.0
243.0,118.0,1540.0,352.0
243.0,121.0,2355.0,2966.0
243.0,122.0,3175.0,2032.0
243.0,125.0,2349.0,720.0
243.0,131.0,3175.0,1691.0
243.0,132.0,2351.0,2593.0
243.0,133.0,2351.0,671.0
243.0,134.0,260.0,3539.0
243.0,135.0,3175.0,3154.0
243.0,139.0,2355.0,2498.0
243.0,143.0,2351.0,2564.0
243.0,147.0,2355.0,337.0
243.0,154.0,1540.0,1640.0
243.0,166.0,2353.0,3654.0
243.0,178.0,3432.0,1435.0
243.0,184.0,2351.0,904.0
243.0,195.0,2354.0,187.0
243.0,196.0,2354.0,3288.0
243.0,198.0,2351.0,826.0
243.0,202.0,3175.0,3434.0
243.0,205.0,260.0,2718.0
243.0,208.0,2355.0,2453.0
243.0,209.0,2350.0,2134.0
243.0,213.0,2354.0,829.0
243.0,214.0,2351.0,3591.0
243.0,223.0,2355.0,3875.0
243.0,230.0,2353.0,3886.0
243.0,241.0,2352.0,2560.0
243.0,242.0,2351.0,193.0
243.0,243.0,2355.0,260.0
243.0,252.0,2350.0,259.0
243.0,266.0,260.0,2875.0
243.0,279.0,3175.0,219.0
243.0,290.0,260.0,1020.0
243.0,296.0,2351.0,2508.0
243.0,298.0,2352.0,1265.0
243.0,314.0,2349.0,1417.0
243.0,328.0,2353.0,3783.0
243.0,336.0,3175.0,255.0
243.0,344.0,3175.0,259.0
244.0,4.0,3037.0,3926.0
244.0,6.0,3809.0,449.0
244.0,21.0,3037.0,3858.0
244.0,23.0,3037.0,2714.0
244.0,32.0,3025.0,1824.0
244.0,33.0,3037.0,3452.0
244.0,39.0,3025.0,3029.0
244.0,40.0,3037.0,1473.0
244.0,41.0,3024.0,2551.0
244.0,47.0,3037.0,1981.0
244.0,53.0,3809.0,854.0
244.0,58.0,3024.0,1380.0
244.0,59.0,3037.0,1260.0
244.0,60.0,3024.0,2938.0
244.0,62.0,3024.0,77.0
244.0,64.0,3808.0,1081.0
244.0,76.0,3808.0,1383.0
244.0,77.0,3808.0,2960.0
244.0,80.0,3024.0,1824.0
244.0,81.0,3037.0,3683.0
244.0,83.0,1591.0,1726.0
244.0,85.0,3037.0,1586.0
244.0,108.0,3025.0,1720.0
244.0,121.0,3024.0,2966.0
244.0,124.0,3025.0,1303.0
244.0,131.0,3037.0,1692.0
244.0,133.0,3037.0,3094.0
244.0,135.0,3037.0,3947.0
244.0,137.0,3037.0,2928.0
244.0,139.0,3024.0,2754.0
244.0,155.0,3809.0,1023.0
244.0,170.0,3809.0,2827.0
244.0,172.0,1013.0,1881.0
244.0,179.0,3809.0,385.0
244.0,180.0,3809.0,186.0
244.0,190.0,3809.0,3974.0
244.0,195.0,3808.0,188.0
244.0,200.0,3037.0,741.0
244.0,201.0,3037.0,1389.0
244.0,207.0,3024.0,1257.0
244.0,213.0,1591.0,829.0
244.0,214.0,3025.0,3011.0
244.0,216.0,3025.0,1606.0
244.0,218.0,3809.0,148.0
244.0,220.0,3808.0,1702.0
244.0,223.0,3037.0,1213.0
244.0,224.0,3808.0,993.0
244.0,226.0,3037.0,1434.0
244.0,228.0,3024.0,1230.0
244.0,230.0,3024.0,1728.0
244.0,232.0,3025.0,1374.0
244.0,239.0,1013.0,835.0
244.0,242.0,3809.0,193.0
244.0,243.0,3037.0,2352.0
244.0,244.0,3037.0,3808.0
244.0,250.0,3808.0,1264.0
244.0,272.0,1591.0,2155.0
244.0,274.0,3037.0,1637.0
244.0,284.0,3025.0,2932.0
244.0,290.0,1591.0,1899.0
244.0,292.0,3037.0,142.0
244.0,294.0,3808.0,1082.0
244.0,298.0,1591.0,1265.0
244.0,300.0,3808.0,1716.0
244.0,302.0,3025.0,1497.0
244.0,318.0,3037.0,3069.0
244.0,330.0,3025.0,1094.0
244.0,345.0,3809.0,2197.0
245.0,7.0,2166.0,3268.0
245.0,9.0,2319.0,3071.0
245.0,11.0,2122.0,333.0
245.0,14.0,2204.0,3277.0
245.0,26.0,2322.0,3473.0
245.0,33.0,2330.0,1646.0
245.0,35.0,2122.0,3083.0
245.0,53.0,2324.0,388.0
245.0,61.0,2206.0,1322.0
245.0,68.0,3666.0,346.0
245.0,164.0,2206.0,3491.0
245.0,188.0,2206.0,3417.0
245.0,190.0,2329.0,3974.0
245.0,216.0,2205.0,1606.0
245.0,222.0,3666.0,181.0
245.0,234.0,2122.0,80.0
245.0,239.0,2332.0,1495.0
245.0,245.0,2323.0,1455.0
245.0,255.0,2205.0,1022.0
245.0,262.0,2204.0,2681.0
245.0,269.0,2324.0,214.0
245.0,272.0,2327.0,2060.0
245.0,279.0,1493.0,223.0
245.0,302.0,1455.0,1497.0
245.0,339.0,1452.0,1502.0
246.0,6.0,1025.0,1812.0
246.0,10.0,1025.0,2660.0
246.0,14.0,1025.0,3778.0
246.0,18.0,1025.0,58.0
246.0,21.0,1025.0,286.0
246.0,23.0,1025.0,3045.0
246.0,31.0,1025.0,1825.0
246.0,41.0,1025.0,36.0
246.0,44.0,1025.0,3592.0
246.0,48.0,1025.0,383.0
246.0,56.0,1025.0,1026.0
246.0,66.0,1025.0,3696.0
246.0,120.0,1025.0,3786.0
246.0,131.0,1025.0,3955.0
246.0,133.0,1025.0,1838.0
246.0,137.0,1025.0,3680.0
246.0,151.0,1025.0,86.0
246.0,166.0,1025.0,966.0
246.0,172.0,1025.0,647.0
246.0,178.0,1025.0,620.0
246.0,187.0,1025.0,2512.0
246.0,207.0,1025.0,1257.0
246.0,214.0,1025.0,3006.0
246.0,223.0,1025.0,2520.0
246.0,225.0,1025.0,84.0
246.0,226.0,1025.0,1434.0
246.0,228.0,1025.0,1233.0
246.0,237.0,1025.0,1674.0
246.0,240.0,1025.0,3814.0
246.0,246.0,1025.0,1025.0
246.0,250.0,1025.0,1264.0
246.0,261.0,1025.0,650.0
246.0,266.0,1025.0,2608.0
246.0,287.0,1025.0,1258.0
247.0,2.0,3873.0,2041.0
247.0,4.0,3121.0,892.0
247.0,6.0,2532.0,1113.0
247.0,7.0,3797.0,2575.0
247.0,9.0,1519.0,1369.0
247.0,12.0,263.0,635.0
247.0,14.0,3123.0,1170.0
247.0,18.0,2532.0,30.0
247.0,21.0,3122.0,2611.0
247.0,22.0,3458.0,528.0
247.0,23.0,3797.0,13.0
247.0,26.0,861.0,3473.0
247.0,29.0,3458.0,3170.0
247.0,30.0,3797.0,3966.0
247.0,33.0,861.0,3686.0
247.0,45.0,16.0,67.0
247.0,48.0,16.0,809.0
247.0,49.0,729.0,2569.0
247.0,50.0,730.0,89.0
247.0,53.0,3873.0,1527.0
247.0,56.0,729.0,1025.0
247.0,58.0,729.0,3069.0
247.0,61.0,262.0,3178.0
247.0,62.0,730.0,1043.0
247.0,64.0,3123.0,2826.0
247.0,68.0,1889.0,440.0
247.0,78.0,3873.0,86.0
247.0,81.0,3122.0,2936.0
247.0,94.0,861.0,646.0
247.0,107.0,16.0,3176.0
247.0,115.0,3123.0,830.0
247.0,116.0,3797.0,3355.0
247.0,117.0,263.0,137.0
247.0,120.0,3123.0,1.0
247.0,121.0,3458.0,2966.0
247.0,125.0,262.0,720.0
247.0,129.0,3873.0,1846.0
247.0,131.0,861.0,1384.0
247.0,133.0,2532.0,3094.0
247.0,134.0,263.0,3539.0
247.0,156.0,3121.0,829.0
247.0,179.0,3458.0,385.0
247.0,181.0,16.0,2221.0
247.0,195.0,3122.0,188.0
247.0,198.0,2532.0,826.0
247.0,200.0,3121.0,2185.0
247.0,213.0,3690.0,829.0
247.0,216.0,2511.0,1606.0
247.0,222.0,861.0,181.0
247.0,223.0,2511.0,14.0
247.0,224.0,3458.0,995.0
247.0,228.0,3123.0,1221.0
247.0,238.0,1519.0,1506.0
247.0,240.0,3690.0,3815.0
247.0,244.0,729.0,3809.0
247.0,247.0,3873.0,263.0
247.0,248.0,861.0,711.0
247.0,249.0,2511.0,1069.0
247.0,253.0,1519.0,1391.0
247.0,255.0,2511.0,1648.0
247.0,261.0,3797.0,1434.0
247.0,264.0,1889.0,174.0
247.0,274.0,3123.0,1635.0
247.0,284.0,3690.0,2932.0
247.0,288.0,3690.0,1927.0
247.0,301.0,3797.0,175.0
247.0,311.0,3690.0,253.0
247.0,317.0,3458.0,136.0
247.0,329.0,730.0,419.0
247.0,339.0,3122.0,1502.0
248.0,1.0,711.0,160.0
248.0,3.0,2036.0,2443.0
248.0,5.0,2036.0,52.0
248.0,7.0,3659.0,3584.0
248.0,10.0,711.0,1101.0
248.0,11.0,697.0,333.0
248.0,12.0,3659.0,3392.0
248.0,13.0,2036.0,161.0
248.0,15.0,3659.0,712.0
248.0,16.0,711.0,3261.0
248.0,17.0,711.0,3368.0
248.0,18.0,3659.0,2444.0
248.0,20.0,711.0,2683.0
248.0,23.0,2036.0,312.0
248.0,24.0,711.0,1490.0
248.0,27.0,3659.0,684.0
248.0,28.0,3659.0,2046.0
248.0,30.0,711.0,3966.0
248.0,37.0,711.0,2581.0
248.0,41.0,697.0,3899.0
248.0,43.0,711.0,686.0
248.0,44.0,711.0,85.0
248.0,47.0,2036.0,1955.0
248.0,48.0,3659.0,3898.0
248.0,50.0,692.0,89.0
248.0,54.0,711.0,3224.0
248.0,61.0,711.0,2675.0
248.0,62.0,697.0,1034.0
248.0,68.0,711.0,594.0
248.0,70.0,3659.0,1598.0
248.0,71.0,692.0,1404.0
248.0,72.0,711.0,3435.0
248.0,73.0,2036.0,1665.0
248.0,81.0,692.0,1670.0
248.0,88.0,2036.0,688.0
248.0,91.0,692.0,3284.0
248.0,95.0,692.0,3227.0
248.0,97.0,2036.0,3594.0
248.0,110.0,3659.0,2877.0
248.0,117.0,697.0,137.0
248.0,122.0,697.0,3661.0
248.0,123.0,3659.0,682.0
248.0,125.0,3659.0,720.0
248.0,128.0,3659.0,2022.0
248.0,132.0,711.0,2593.0
248.0,134.0,711.0,3539.0
248.0,141.0,711.0,237.0
248.0,142.0,2036.0,685.0
248.0,147.0,711.0,87.0
248.0,153.0,711.0,2348.0
248.0,154.0,692.0,3579.0
248.0,156.0,711.0,828.0
248.0,163.0,3659.0,147.0
248.0,168.0,2036.0,2464.0
248.0,173.0,3659.0,1924.0
248.0,175.0,711.0,702.0
248.0,178.0,697.0,2995.0
248.0,182.0,697.0,2008.0
248.0,184.0,2036.0,1968.0
248.0,185.0,692.0,687.0
248.0,187.0,697.0,2512.0
248.0,188.0,3659.0,2234.0
248.0,189.0,2036.0,1918.0
248.0,190.0,3659.0,3974.0
248.0,192.0,3659.0,2288.0
248.0,197.0,3659.0,347.0
248.0,203.0,3659.0,1444.0
248.0,205.0,692.0,48.0
248.0,209.0,2036.0,2134.0
248.0,215.0,3659.0,1464.0
248.0,223.0,697.0,868.0
248.0,224.0,697.0,1059.0
248.0,227.0,2036.0,88.0
248.0,233.0,3659.0,2627.0
248.0,234.0,697.0,145.0
248.0,236.0,692.0,659.0
248.0,241.0,3659.0,2562.0
248.0,248.0,3659.0,692.0
248.0,253.0,2036.0,1391.0
248.0,264.0,3659.0,1086.0
248.0,273.0,692.0,48.0
248.0,274.0,711.0,1633.0
248.0,275.0,3659.0,2783.0
248.0,276.0,692.0,2944.0
248.0,278.0,711.0,696.0
248.0,310.0,2036.0,693.0
248.0,321.0,2036.0,241.0
248.0,325.0,692.0,3130.0
248.0,334.0,2036.0,149.0
248.0,341.0,697.0,1891.0
249.0,7.0,1069.0,3941.0
249.0,9.0,1069.0,1359.0
249.0,10.0,1069.0,2642.0
249.0,14.0,1069.0,877.0
249.0,18.0,1069.0,84.0
249.0,21.0,1069.0,2611.0
249.0,23.0,1069.0,2713.0
249.0,26.0,1069.0,3474.0
249.0,29.0,1069.0,141.0
249.0,33.0,1069.0,1649.0
249.0,35.0,1069.0,2156.0
249.0,37.0,1069.0,3307.0
249.0,39.0,1069.0,3029.0
249.0,44.0,1069.0,85.0
249.0,47.0,1069.0,907.0
249.0,49.0,1069.0,172.0
249.0,51.0,1069.0,2580.0
249.0,53.0,1069.0,2839.0
249.0,56.0,1069.0,1826.0
249.0,60.0,1069.0,1381.0
249.0,61.0,1069.0,1329.0
249.0,62.0,1069.0,1040.0
249.0,76.0,1069.0,1383.0
249.0,77.0,1069.0,2960.0
249.0,80.0,1069.0,1824.0
249.0,81.0,1069.0,3683.0
249.0,83.0,1069.0,1726.0
249.0,88.0,1069.0,688.0
249.0,94.0,1069.0,648.0
249.0,135.0,1069.0,3947.0
249.0,156.0,1069.0,829.0
249.0,170.0,1069.0,2827.0
249.0,178.0,1069.0,3541.0
249.0,179.0,1069.0,385.0
249.0,181.0,1069.0,2221.0
249.0,184.0,1069.0,194.0
249.0,188.0,1069.0,2069.0
249.0,195.0,1069.0,3799.0
249.0,198.0,1069.0,826.0
249.0,200.0,1069.0,743.0
249.0,205.0,1069.0,48.0
249.0,208.0,1069.0,801.0
249.0,211.0,1069.0,3415.0
249.0,213.0,1069.0,829.0
249.0,216.0,1069.0,1606.0
249.0,221.0,1069.0,148.0
249.0,222.0,1069.0,180.0
249.0,223.0,1069.0,726.0
249.0,229.0,1069.0,2932.0
249.0,233.0,1069.0,1603.0
249.0,238.0,1069.0,2461.0
249.0,244.0,1069.0,3808.0
249.0,249.0,1069.0,1069.0
249.0,251.0,1069.0,1085.0
249.0,264.0,1069.0,1086.0
249.0,272.0,1069.0,2057.0
249.0,274.0,1069.0,1629.0
249.0,275.0,1069.0,2783.0
249.0,278.0,1069.0,1896.0
249.0,282.0,1069.0,1617.0
249.0,301.0,1069.0,175.0
249.0,304.0,1069.0,676.0
249.0,317.0,1069.0,136.0
249.0,325.0,1069.0,2662.0
249.0,326.0,1069.0,3556.0
249.0,330.0,1069.0,1094.0
249.0,332.0,1069.0,1070.0
249.0,340.0,1069.0,232.0
250.0,6.0,1259.0,1813.0
250.0,7.0,1693.0,3782.0
250.0,18.0,1264.0,84.0
250.0,21.0,1264.0,2096.0
250.0,32.0,1259.0,1824.0
250.0,42.0,1264.0,920.0
250.0,45.0,1264.0,3321.0
250.0,50.0,1693.0,442.0
250.0,53.0,1264.0,734.0
250.0,56.0,1259.0,949.0
250.0,58.0,1264.0,3069.0
250.0,59.0,1264.0,1827.0
250.0,60.0,1264.0,641.0
250.0,61.0,1264.0,2670.0
250.0,77.0,1264.0,3897.0
250.0,80.0,1693.0,1824.0
250.0,81.0,1259.0,1536.0
250.0,83.0,1259.0,1726.0
250.0,85.0,1264.0,1589.0
250.0,89.0,1693.0,3903.0
250.0,107.0,1259.0,2571.0
250.0,115.0,1693.0,830.0
250.0,124.0,1693.0,1302.0
250.0,125.0,1264.0,720.0
250.0,133.0,1693.0,3943.0
250.0,139.0,1693.0,3509.0
250.0,156.0,1693.0,828.0
250.0,159.0,1264.0,1621.0
250.0,172.0,1264.0,1730.0
250.0,174.0,1259.0,1390.0
250.0,178.0,1259.0,3664.0
250.0,180.0,1264.0,186.0
250.0,199.0,1264.0,2167.0
250.0,201.0,1264.0,1389.0
250.0,204.0,1693.0,1083.0
250.0,214.0,1693.0,3.0
250.0,217.0,1264.0,976.0
250.0,226.0,1693.0,1434.0
250.0,228.0,1264.0,2378.0
250.0,229.0,1264.0,2932.0
250.0,232.0,1264.0,1374.0
250.0,237.0,1264.0,1674.0
250.0,244.0,1259.0,3809.0
250.0,250.0,1264.0,1259.0
250.0,260.0,1693.0,944.0
250.0,261.0,1264.0,650.0
250.0,266.0,1693.0,1263.0
250.0,274.0,1264.0,1630.0
250.0,284.0,1264.0,2932.0
250.0,285.0,1264.0,1256.0
250.0,287.0,1693.0,1385.0
250.0,290.0,1264.0,1021.0
250.0,293.0,1693.0,1264.0
250.0,294.0,1259.0,185.0
250.0,297.0,1264.0,1210.0
250.0,298.0,1693.0,1620.0
250.0,316.0,1259.0,1868.0
250.0,318.0,1259.0,3069.0
250.0,332.0,1264.0,2934.0
250.0,338.0,1693.0,1868.0
250.0,342.0,1264.0,1209.0
251.0,4.0,1085.0,1196.0
251.0,7.0,1085.0,1120.0
251.0,10.0,1085.0,3279.0
251.0,18.0,1085.0,1915.0
251.0,24.0,1085.0,358.0
251.0,26.0,1085.0,1085.0
251.0,33.0,1085.0,3452.0
251.0,41.0,1085.0,2287.0
251.0,45.0,1085.0,3309.0
251.0,48.0,1085.0,804.0
251.0,49.0,1085.0,3117.0
251.0,53.0,1085.0,2135.0
251.0,68.0,1085.0,346.0
251.0,72.0,1085.0,323.0
251.0,81.0,1085.0,2936.0
251.0,115.0,1085.0,83.0
251.0,125.0,1085.0,720.0
251.0,135.0,1085.0,788.0
251.0,145.0,1085.0,1716.0
251.0,148.0,1085.0,2823.0
251.0,178.0,1085.0,3615.0
251.0,181.0,1085.0,2221.0
251.0,187.0,1085.0,2512.0
251.0,188.0,1085.0,2828.0
251.0,196.0,1085.0,2409.0
251.0,200.0,1085.0,2187.0
251.0,216.0,1085.0,1606.0
251.0,222.0,1085.0,180.0
251.0,223.0,1085.0,2520.0
251.0,233.0,1085.0,1603.0
251.0,234.0,1085.0,145.0
251.0,238.0,1085.0,410.0
251.0,239.0,1085.0,3409.0
251.0,249.0,1085.0,1069.0
251.0,251.0,1085.0,1085.0
251.0,255.0,1085.0,1648.0
251.0,263.0,1085.0,824.0
251.0,264.0,1085.0,1065.0
251.0,269.0,1085.0,214.0
251.0,282.0,1085.0,837.0
251.0,302.0,1085.0,1497.0
251.0,304.0,1085.0,676.0
251.0,325.0,1085.0,2465.0
251.0,329.0,1085.0,420.0
251.0,330.0,1085.0,1094.0
251.0,332.0,1085.0,2934.0
251.0,339.0,1085.0,1502.0
252.0,2.0,259.0,3263.0
252.0,4.0,259.0,1200.0
252.0,7.0,259.0,3549.0
252.0,10.0,2200.0,3279.0
252.0,14.0,259.0,886.0
252.0,15.0,259.0,3242.0
252.0,17.0,259.0,548.0
252.0,21.0,2200.0,3682.0
252.0,24.0,259.0,2539.0
252.0,41.0,2200.0,3899.0
252.0,44.0,2200.0,3593.0
252.0,45.0,2200.0,144.0
252.0,47.0,259.0,1980.0
252.0,54.0,259.0,359.0
252.0,56.0,2200.0,1026.0
252.0,57.0,2200.0,2211.0
252.0,62.0,259.0,1040.0
252.0,68.0,2200.0,440.0
252.0,72.0,259.0,327.0
252.0,87.0,259.0,3586.0
252.0,95.0,259.0,2778.0
252.0,96.0,2200.0,338.0
252.0,118.0,259.0,352.0
252.0,128.0,259.0,579.0
252.0,130.0,259.0,599.0
252.0,139.0,2200.0,2759.0
252.0,143.0,259.0,2564.0
252.0,147.0,259.0,337.0
252.0,150.0,259.0,2899.0
252.0,153.0,259.0,561.0
252.0,154.0,259.0,1640.0
252.0,178.0,259.0,1542.0
252.0,182.0,2200.0,2008.0
252.0,184.0,259.0,205.0
252.0,202.0,2200.0,258.0
252.0,208.0,259.0,3631.0
252.0,228.0,2200.0,951.0
252.0,243.0,2200.0,260.0
252.0,252.0,2200.0,2200.0
252.0,263.0,259.0,824.0
252.0,273.0,259.0,48.0
252.0,310.0,259.0,695.0
252.0,313.0,259.0,586.0
252.0,314.0,259.0,2026.0
252.0,328.0,2200.0,831.0
252.0,344.0,259.0,259.0
253.0,2.0,1391.0,3264.0
253.0,6.0,1391.0,912.0
253.0,7.0,2126.0,204.0
253.0,8.0,1391.0,2139.0
253.0,9.0,1391.0,2265.0
253.0,10.0,1391.0,2094.0
253.0,12.0,1391.0,635.0
253.0,14.0,1391.0,952.0
253.0,21.0,1391.0,3156.0
253.0,22.0,1391.0,535.0
253.0,25.0,1391.0,1973.0
253.0,28.0,2126.0,2046.0
253.0,34.0,2126.0,2105.0
253.0,38.0,1391.0,2212.0
253.0,47.0,1391.0,1946.0
253.0,48.0,1391.0,383.0
253.0,50.0,2126.0,382.0
253.0,53.0,1391.0,734.0
253.0,56.0,2126.0,949.0
253.0,57.0,1391.0,1068.0
253.0,61.0,2126.0,2364.0
253.0,63.0,1391.0,247.0
253.0,66.0,1391.0,2990.0
253.0,68.0,2126.0,346.0
253.0,71.0,1391.0,2302.0
253.0,74.0,1391.0,45.0
253.0,78.0,1391.0,86.0
253.0,79.0,1391.0,2239.0
253.0,82.0,2126.0,595.0
253.0,87.0,1391.0,3067.0
253.0,91.0,2126.0,3284.0
253.0,95.0,2126.0,1513.0
253.0,106.0,1391.0,3396.0
253.0,109.0,1391.0,2230.0
253.0,113.0,1391.0,2685.0
253.0,126.0,1391.0,2139.0
253.0,128.0,2126.0,580.0
253.0,132.0,1391.0,2593.0
253.0,134.0,1391.0,473.0
253.0,140.0,1391.0,1410.0
253.0,160.0,2126.0,491.0
253.0,161.0,2126.0,1404.0
253.0,162.0,1391.0,353.0
253.0,165.0,1391.0,254.0
253.0,176.0,1391.0,506.0
253.0,178.0,1391.0,94.0
253.0,181.0,2126.0,2221.0
253.0,182.0,2126.0,2598.0
253.0,197.0,1391.0,399.0
253.0,200.0,2126.0,1067.0
253.0,205.0,2126.0,2717.0
253.0,212.0,1391.0,354.0
253.0,214.0,1391.0,3591.0
253.0,235.0,1391.0,2687.0
253.0,239.0,2126.0,3105.0
253.0,242.0,2126.0,193.0
253.0,253.0,1391.0,1391.0
253.0,259.0,1391.0,2102.0
253.0,262.0,1391.0,2372.0
253.0,265.0,2126.0,3699.0
253.0,267.0,1391.0,3328.0
253.0,271.0,2126.0,340.0
253.0,275.0,2126.0,2783.0
253.0,289.0,1391.0,2102.0
253.0,301.0,2126.0,175.0
253.0,308.0,2126.0,542.0
253.0,320.0,1391.0,2037.0
253.0,321.0,1391.0,241.0
253.0,323.0,2126.0,3507.0
253.0,337.0,1391.0,3023.0
253.0,338.0,1391.0,1868.0
254.0,5.0,2978.0,54.0
254.0,15.0,3856.0,2028.0
254.0,28.0,2976.0,2046.0
254.0,54.0,2978.0,2542.0
254.0,84.0,2980.0,2269.0
254.0,90.0,2978.0,1416.0
254.0,93.0,2980.0,2943.0
254.0,95.0,2979.0,2778.0
254.0,119.0,2976.0,1923.0
254.0,122.0,2978.0,2024.0
254.0,134.0,2979.0,2927.0
254.0,167.0,2977.0,50.0
254.0,169.0,2976.0,662.0
254.0,173.0,2976.0,470.0
254.0,175.0,2978.0,661.0
254.0,189.0,2977.0,467.0
254.0,202.0,2979.0,3434.0
254.0,205.0,2978.0,3244.0
254.0,206.0,2977.0,1892.0
254.0,226.0,2978.0,1434.0
254.0,236.0,2976.0,1916.0
254.0,243.0,2979.0,260.0
254.0,254.0,3856.0,2980.0
254.0,256.0,2978.0,2976.0
254.0,259.0,2976.0,2103.0
255.0,18.0,1022.0,3839.0
255.0,26.0,3556.0,3471.0
255.0,30.0,3556.0,3966.0
255.0,33.0,3556.0,1647.0
255.0,37.0,1648.0,403.0
255.0,45.0,1648.0,64.0
255.0,50.0,1648.0,89.0
255.0,53.0,3556.0,849.0
255.0,62.0,3556.0,3936.0
255.0,81.0,1648.0,3683.0
255.0,112.0,3556.0,1717.0
255.0,115.0,1022.0,83.0
255.0,128.0,1022.0,3262.0
255.0,147.0,1648.0,337.0
255.0,156.0,1022.0,829.0
255.0,178.0,1648.0,2524.0
255.0,179.0,3556.0,385.0
255.0,180.0,1022.0,2150.0
255.0,213.0,1648.0,829.0
255.0,216.0,1022.0,1606.0
255.0,223.0,1648.0,2521.0
255.0,233.0,1648.0,431.0
255.0,238.0,1904.0,2393.0
255.0,239.0,1022.0,1346.0
255.0,245.0,3556.0,2326.0
255.0,248.0,1648.0,692.0
255.0,255.0,3556.0,1648.0
255.0,275.0,1648.0,317.0
255.0,342.0,1648.0,1209.0
256.0,5.0,2976.0,2010.0
256.0,84.0,2976.0,2269.0
256.0,95.0,2976.0,3227.0
256.0,122.0,2976.0,2032.0
256.0,134.0,2976.0,474.0
256.0,173.0,2976.0,1444.0
256.0,210.0,2976.0,256.0
256.0,254.0,2976.0,2976.0
256.0,256.0,2976.0,2976.0
256.0,276.0,2976.0,3855.0
257.0,7.0,3481.0,1121.0
257.0,8.0,3482.0,588.0
257.0,13.0,3481.0,705.0
257.0,15.0,3481.0,2030.0
257.0,17.0,3480.0,2765.0
257.0,19.0,3480.0,256.0
257.0,22.0,2771.0,2502.0
257.0,24.0,3482.0,2286.0
257.0,47.0,3481.0,3101.0
257.0,62.0,3481.0,3652.0
257.0,71.0,3480.0,1406.0
257.0,84.0,3482.0,2269.0
257.0,87.0,3482.0,3074.0
257.0,104.0,3482.0,1448.0
257.0,105.0,3481.0,2035.0
257.0,106.0,3481.0,241.0
257.0,118.0,3482.0,352.0
257.0,126.0,3479.0,2139.0
257.0,136.0,3479.0,3327.0
257.0,139.0,3480.0,2752.0
257.0,140.0,2344.0,2191.0
257.0,143.0,3481.0,2563.0
257.0,144.0,3480.0,542.0
257.0,153.0,3482.0,2770.0
257.0,157.0,3479.0,2248.0
257.0,162.0,3481.0,353.0
257.0,172.0,3482.0,1885.0
257.0,178.0,558.0,1289.0
257.0,186.0,3479.0,2136.0
257.0,199.0,3481.0,1409.0
257.0,235.0,3480.0,2686.0
257.0,241.0,560.0,2559.0
257.0,257.0,3482.0,3482.0
257.0,262.0,558.0,2565.0
257.0,271.0,3479.0,340.0
257.0,303.0,2344.0,1403.0
257.0,305.0,3479.0,2359.0
257.0,312.0,3479.0,351.0
257.0,313.0,3481.0,2816.0
257.0,323.0,2344.0,2188.0
257.0,335.0,3482.0,341.0
257.0,336.0,3481.0,255.0
258.0,6.0,2129.0,2620.0
258.0,14.0,2129.0,876.0
258.0,18.0,2129.0,60.0
258.0,45.0,2129.0,67.0
258.0,47.0,2129.0,604.0
258.0,61.0,2129.0,1791.0
258.0,66.0,2129.0,2984.0
258.0,81.0,2129.0,1530.0
258.0,116.0,2129.0,3353.0
258.0,120.0,2129.0,2216.0
258.0,178.0,2129.0,2477.0
258.0,197.0,2129.0,335.0
258.0,258.0,2129.0,2129.0
258.0,261.0,2129.0,650.0
259.0,6.0,2113.0,2727.0
259.0,8.0,2114.0,572.0
259.0,10.0,2102.0,453.0
259.0,11.0,2113.0,333.0
259.0,14.0,2114.0,1755.0
259.0,18.0,2113.0,439.0
259.0,22.0,2101.0,2083.0
259.0,23.0,2102.0,2841.0
259.0,24.0,2103.0,2284.0
259.0,25.0,2113.0,1492.0
259.0,33.0,2113.0,3685.0
259.0,34.0,2113.0,2105.0
259.0,36.0,2103.0,255.0
259.0,38.0,2115.0,3953.0
259.0,41.0,2112.0,400.0
259.0,47.0,2103.0,1956.0
259.0,50.0,2112.0,2000.0
259.0,54.0,2112.0,2550.0
259.0,63.0,2112.0,2741.0
259.0,65.0,2113.0,1445.0
259.0,66.0,2102.0,2990.0
259.0,71.0,2103.0,2237.0
259.0,80.0,2103.0,1824.0
259.0,81.0,2114.0,948.0
259.0,82.0,2113.0,2579.0
259.0,85.0,2102.0,1589.0
259.0,87.0,2114.0,1446.0
259.0,91.0,2103.0,3282.0
259.0,106.0,2103.0,241.0
259.0,109.0,2115.0,3019.0
259.0,113.0,2115.0,565.0
259.0,114.0,2103.0,2045.0
259.0,118.0,2115.0,352.0
259.0,126.0,2114.0,2139.0
259.0,127.0,2114.0,2108.0
259.0,134.0,2112.0,477.0
259.0,136.0,2112.0,3865.0
259.0,139.0,2102.0,527.0
259.0,140.0,2115.0,3252.0
259.0,144.0,2115.0,542.0
259.0,146.0,2112.0,255.0
259.0,150.0,2112.0,2899.0
259.0,160.0,2103.0,491.0
259.0,162.0,2112.0,353.0
259.0,165.0,2101.0,254.0
259.0,176.0,2112.0,506.0
259.0,178.0,2115.0,3619.0
259.0,181.0,2115.0,2221.0
259.0,195.0,2101.0,638.0
259.0,197.0,2102.0,329.0
259.0,199.0,2115.0,1409.0
259.0,212.0,2115.0,354.0
259.0,223.0,2103.0,264.0
259.0,224.0,2103.0,1027.0
259.0,229.0,2101.0,2933.0
259.0,235.0,2113.0,2695.0
259.0,236.0,2101.0,659.0
259.0,253.0,2103.0,1391.0
259.0,254.0,2112.0,2978.0
259.0,256.0,2102.0,2976.0
259.0,259.0,2114.0,2115.0
259.0,265.0,2113.0,3698.0
259.0,267.0,2113.0,3328.0
259.0,268.0,2114.0,516.0
259.0,277.0,2112.0,244.0
259.0,280.0,2112.0,2419.0
259.0,283.0,2113.0,541.0
259.0,289.0,2112.0,2102.0
259.0,305.0,2102.0,2359.0
259.0,312.0,2103.0,351.0
259.0,323.0,2113.0,3507.0
259.0,335.0,2101.0,341.0
260.0,4.0,944.0,1196.0
260.0,6.0,943.0,3408.0
260.0,10.0,1205.0,2676.0
260.0,11.0,943.0,333.0
260.0,12.0,642.0,635.0
260.0,14.0,1205.0,1754.0
260.0,15.0,642.0,712.0
260.0,21.0,1205.0,3133.0
260.0,22.0,943.0,529.0
260.0,23.0,642.0,308.0
260.0,26.0,943.0,3471.0
260.0,29.0,945.0,367.0
260.0,30.0,944.0,3966.0
260.0,31.0,944.0,645.0
260.0,39.0,945.0,3029.0
260.0,42.0,642.0,921.0
260.0,43.0,945.0,686.0
260.0,53.0,945.0,2838.0
260.0,55.0,943.0,3843.0
260.0,59.0,642.0,1827.0
260.0,60.0,945.0,1381.0
260.0,61.0,943.0,653.0
260.0,64.0,642.0,1081.0
260.0,72.0,944.0,325.0
260.0,77.0,642.0,2960.0
260.0,80.0,943.0,1824.0
260.0,81.0,642.0,1534.0
260.0,83.0,943.0,1726.0
260.0,103.0,945.0,239.0
260.0,115.0,943.0,2514.0
260.0,116.0,1205.0,3353.0
260.0,117.0,945.0,137.0
260.0,121.0,945.0,2966.0
260.0,131.0,642.0,3956.0
260.0,137.0,642.0,2928.0
260.0,138.0,943.0,1711.0
260.0,172.0,642.0,3530.0
260.0,178.0,642.0,92.0
260.0,188.0,1205.0,3086.0
260.0,213.0,944.0,829.0
260.0,214.0,944.0,1866.0
260.0,217.0,945.0,976.0
260.0,223.0,944.0,1214.0
260.0,226.0,642.0,1434.0
260.0,229.0,1205.0,2932.0
260.0,230.0,943.0,3886.0
260.0,234.0,943.0,145.0
260.0,237.0,945.0,3060.0
260.0,240.0,642.0,3813.0
260.0,241.0,944.0,3426.0
260.0,244.0,642.0,3037.0
260.0,260.0,642.0,943.0
260.0,263.0,943.0,824.0
260.0,266.0,642.0,618.0
260.0,269.0,944.0,214.0
260.0,274.0,944.0,1382.0
260.0,284.0,944.0,2932.0
260.0,291.0,944.0,942.0
260.0,298.0,642.0,3823.0
260.0,311.0,943.0,253.0
260.0,316.0,642.0,1867.0
260.0,322.0,943.0,3192.0
260.0,338.0,642.0,1868.0
260.0,342.0,944.0,2736.0
261.0,2.0,650.0,2613.0
261.0,6.0,1434.0,2619.0
261.0,7.0,650.0,3210.0
261.0,10.0,650.0,3880.0
261.0,11.0,1434.0,333.0
261.0,14.0,650.0,2131.0
261.0,16.0,650.0,2879.0
261.0,21.0,1434.0,300.0
261.0,42.0,1434.0,3192.0
261.0,45.0,1434.0,100.0
261.0,47.0,650.0,1987.0
261.0,48.0,1434.0,32.0
261.0,49.0,1434.0,172.0
261.0,54.0,650.0,359.0
261.0,56.0,650.0,3573.0
261.0,61.0,1434.0,1334.0
261.0,62.0,650.0,3425.0
261.0,65.0,1434.0,1445.0
261.0,68.0,650.0,1641.0
261.0,72.0,650.0,324.0
261.0,82.0,1434.0,1978.0
261.0,94.0,650.0,646.0
261.0,95.0,650.0,1514.0
261.0,101.0,1434.0,3013.0
261.0,107.0,650.0,3177.0
261.0,120.0,1434.0,1.0
261.0,121.0,1434.0,2966.0
261.0,133.0,650.0,1386.0
261.0,134.0,1434.0,2927.0
261.0,140.0,1434.0,2191.0
261.0,143.0,650.0,2564.0
261.0,155.0,650.0,1023.0
261.0,164.0,650.0,3486.0
261.0,166.0,650.0,3529.0
261.0,172.0,650.0,1279.0
261.0,178.0,650.0,3668.0
261.0,183.0,650.0,1422.0
261.0,195.0,650.0,638.0
261.0,196.0,650.0,2409.0
261.0,197.0,650.0,349.0
261.0,201.0,1434.0,1389.0
261.0,213.0,1434.0,829.0
261.0,214.0,650.0,3591.0
261.0,226.0,650.0,1434.0
261.0,228.0,650.0,1227.0
261.0,243.0,650.0,2354.0
261.0,247.0,650.0,1889.0
261.0,250.0,1434.0,1693.0
261.0,258.0,650.0,2129.0
261.0,260.0,650.0,945.0
261.0,261.0,650.0,650.0
261.0,262.0,650.0,2190.0
261.0,266.0,1434.0,1285.0
261.0,268.0,650.0,512.0
261.0,287.0,1434.0,1385.0
261.0,289.0,650.0,2102.0
261.0,290.0,650.0,1899.0
261.0,293.0,650.0,1264.0
261.0,316.0,650.0,1867.0
261.0,329.0,1434.0,1496.0
261.0,337.0,1434.0,3023.0
262.0,2.0,2372.0,3143.0
262.0,6.0,2682.0,3195.0
262.0,7.0,2681.0,3268.0
262.0,10.0,2190.0,2737.0
262.0,14.0,2505.0,3277.0
262.0,17.0,2681.0,1833.0
262.0,18.0,2681.0,57.0
262.0,21.0,2372.0,3576.0
262.0,22.0,2504.0,522.0
262.0,23.0,2565.0,279.0
262.0,24.0,2365.0,1491.0
262.0,44.0,2506.0,3593.0
262.0,47.0,2506.0,1988.0
262.0,53.0,2190.0,2819.0
262.0,61.0,2565.0,2702.0
262.0,65.0,2681.0,1445.0
262.0,71.0,2505.0,2307.0
262.0,72.0,2682.0,28.0
262.0,81.0,2681.0,948.0
262.0,87.0,2504.0,3074.0
262.0,97.0,2365.0,3594.0
262.0,105.0,2504.0,2342.0
262.0,106.0,2504.0,3396.0
262.0,118.0,2372.0,352.0
262.0,122.0,2372.0,2033.0
262.0,125.0,2504.0,720.0
262.0,136.0,2190.0,1402.0
262.0,139.0,2190.0,2092.0
262.0,140.0,2681.0,2758.0
262.0,144.0,2504.0,541.0
262.0,153.0,2372.0,561.0
262.0,161.0,2506.0,1404.0
262.0,164.0,2504.0,678.0
262.0,166.0,2372.0,2782.0
262.0,178.0,2504.0,2493.0
262.0,185.0,2505.0,703.0
262.0,190.0,2565.0,152.0
262.0,197.0,2565.0,334.0
262.0,199.0,2681.0,2167.0
262.0,205.0,2504.0,2718.0
262.0,234.0,2682.0,145.0
262.0,235.0,2682.0,2688.0
262.0,241.0,2681.0,2548.0
262.0,242.0,2505.0,193.0
262.0,245.0,2190.0,2328.0
262.0,253.0,2505.0,2126.0
262.0,257.0,2681.0,3482.0
262.0,262.0,2372.0,2682.0
262.0,267.0,2565.0,3328.0
262.0,271.0,2681.0,340.0
262.0,280.0,2504.0,2907.0
262.0,281.0,2505.0,3391.0
262.0,283.0,2372.0,541.0
262.0,292.0,2190.0,3581.0
262.0,303.0,2504.0,1403.0
262.0,304.0,2565.0,2267.0
262.0,305.0,2565.0,2359.0
262.0,308.0,2682.0,542.0
262.0,312.0,2372.0,351.0
262.0,323.0,2504.0,2188.0
262.0,335.0,2565.0,341.0
263.0,2.0,824.0,2613.0
263.0,5.0,824.0,52.0
263.0,6.0,824.0,3408.0
263.0,7.0,824.0,1123.0
263.0,12.0,824.0,3392.0
263.0,13.0,824.0,164.0
263.0,14.0,824.0,1142.0
263.0,15.0,824.0,3371.0
263.0,18.0,824.0,3968.0
263.0,23.0,824.0,787.0
263.0,26.0,824.0,1087.0
263.0,30.0,824.0,3966.0
263.0,41.0,824.0,400.0
263.0,44.0,824.0,56.0
263.0,45.0,824.0,798.0
263.0,46.0,824.0,1515.0
263.0,47.0,824.0,604.0
263.0,49.0,824.0,172.0
263.0,50.0,824.0,990.0
263.0,53.0,824.0,3118.0
263.0,54.0,824.0,1494.0
263.0,55.0,824.0,3845.0
263.0,56.0,824.0,643.0
263.0,61.0,824.0,1793.0
263.0,62.0,824.0,778.0
263.0,64.0,824.0,1081.0
263.0,72.0,824.0,325.0
263.0,78.0,824.0,86.0
263.0,81.0,824.0,3116.0
263.0,86.0,824.0,1559.0
263.0,90.0,824.0,2052.0
263.0,115.0,824.0,83.0
263.0,125.0,824.0,720.0
263.0,129.0,824.0,1846.0
263.0,133.0,824.0,1836.0
263.0,135.0,824.0,766.0
263.0,143.0,824.0,2563.0
263.0,156.0,824.0,828.0
263.0,169.0,824.0,662.0
263.0,172.0,824.0,1224.0
263.0,178.0,824.0,3516.0
263.0,187.0,824.0,2512.0
263.0,198.0,824.0,826.0
263.0,200.0,824.0,741.0
263.0,213.0,824.0,829.0
263.0,223.0,824.0,2521.0
263.0,225.0,824.0,84.0
263.0,241.0,824.0,2039.0
263.0,247.0,824.0,730.0
263.0,255.0,824.0,1022.0
263.0,263.0,824.0,824.0
263.0,275.0,824.0,55.0
263.0,317.0,824.0,136.0
263.0,328.0,824.0,24.0
263.0,336.0,824.0,255.0
264.0,1.0,842.0,2690.0
264.0,2.0,3513.0,3144.0
264.0,7.0,1086.0,3468.0
264.0,9.0,1086.0,1353.0
264.0,10.0,173.0,3280.0
264.0,11.0,2949.0,333.0
264.0,18.0,174.0,443.0
264.0,21.0,842.0,3923.0
264.0,23.0,1064.0,2713.0
264.0,26.0,174.0,3472.0
264.0,28.0,1064.0,2046.0
264.0,30.0,1086.0,3966.0
264.0,33.0,173.0,3807.0
264.0,43.0,174.0,686.0
264.0,45.0,3513.0,771.0
264.0,49.0,1065.0,177.0
264.0,53.0,175.0,2935.0
264.0,54.0,175.0,2550.0
264.0,58.0,2567.0,1380.0
264.0,60.0,1064.0,2938.0
264.0,64.0,2567.0,2826.0
264.0,69.0,842.0,213.0
264.0,72.0,1065.0,323.0
264.0,78.0,173.0,86.0
264.0,81.0,842.0,3127.0
264.0,88.0,2567.0,688.0
264.0,115.0,2949.0,2514.0
264.0,117.0,1065.0,137.0
264.0,125.0,2567.0,720.0
264.0,129.0,1086.0,862.0
264.0,133.0,174.0,1016.0
264.0,141.0,1064.0,237.0
264.0,142.0,2567.0,685.0
264.0,147.0,174.0,87.0
264.0,163.0,176.0,2192.0
264.0,164.0,2567.0,3488.0
264.0,178.0,1086.0,2250.0
264.0,179.0,174.0,385.0
264.0,180.0,3513.0,186.0
264.0,185.0,173.0,703.0
264.0,188.0,2949.0,2233.0
264.0,190.0,1064.0,151.0
264.0,195.0,1086.0,187.0
264.0,196.0,2949.0,1211.0
264.0,200.0,1064.0,737.0
264.0,201.0,2567.0,1389.0
264.0,215.0,1065.0,1464.0
264.0,216.0,1086.0,1606.0
264.0,224.0,1065.0,3692.0
264.0,225.0,1065.0,84.0
264.0,229.0,1086.0,2933.0
264.0,232.0,1086.0,1374.0
264.0,233.0,1086.0,1089.0
264.0,238.0,1086.0,1451.0
264.0,249.0,1086.0,1069.0
264.0,251.0,1086.0,1085.0
264.0,253.0,2567.0,2126.0
264.0,263.0,174.0,824.0
264.0,264.0,2567.0,2568.0
264.0,282.0,1086.0,841.0
264.0,301.0,842.0,175.0
264.0,304.0,1086.0,2267.0
264.0,324.0,842.0,1443.0
264.0,326.0,1086.0,3556.0
264.0,329.0,1086.0,2939.0
264.0,330.0,176.0,1094.0
264.0,332.0,1086.0,1071.0
264.0,339.0,1086.0,1498.0
265.0,2.0,1396.0,3455.0
265.0,8.0,3063.0,2874.0
265.0,14.0,3700.0,1253.0
265.0,18.0,3062.0,3839.0
265.0,21.0,3699.0,891.0
265.0,22.0,3701.0,2084.0
265.0,25.0,3698.0,908.0
265.0,38.0,1394.0,2194.0
265.0,47.0,3701.0,1983.0
265.0,54.0,3701.0,1657.0
265.0,57.0,1396.0,1068.0
265.0,61.0,1396.0,3356.0
265.0,66.0,3699.0,2990.0
265.0,68.0,3698.0,440.0
265.0,72.0,1396.0,323.0
265.0,84.0,3698.0,2269.0
265.0,105.0,3699.0,2035.0
265.0,109.0,1396.0,2988.0
265.0,120.0,3063.0,1436.0
265.0,127.0,3062.0,2109.0
265.0,134.0,3063.0,471.0
265.0,136.0,1396.0,3327.0
265.0,139.0,3063.0,2752.0
265.0,140.0,2104.0,3255.0
265.0,143.0,3700.0,2281.0
265.0,144.0,3701.0,542.0
265.0,152.0,2104.0,484.0
265.0,161.0,3701.0,1404.0
265.0,178.0,3700.0,2480.0
265.0,181.0,3063.0,2221.0
265.0,209.0,1394.0,2134.0
265.0,253.0,3062.0,2126.0
265.0,259.0,1396.0,2102.0
265.0,265.0,2104.0,3063.0
265.0,283.0,3698.0,541.0
265.0,306.0,3699.0,1449.0
265.0,310.0,3699.0,710.0
265.0,312.0,3698.0,351.0
265.0,320.0,1396.0,2037.0
266.0,2.0,1861.0,2743.0
266.0,3.0,618.0,2443.0
266.0,4.0,1864.0,283.0
266.0,6.0,2334.0,1813.0
266.0,7.0,1437.0,460.0
266.0,10.0,1853.0,3445.0
266.0,14.0,1860.0,938.0
266.0,18.0,1437.0,2445.0
266.0,21.0,2919.0,3921.0
266.0,23.0,1440.0,3159.0
266.0,25.0,3602.0,206.0
266.0,26.0,1855.0,3471.0
266.0,31.0,2471.0,645.0
266.0,32.0,3600.0,1824.0
266.0,33.0,2919.0,1647.0
266.0,41.0,1854.0,357.0
266.0,42.0,3603.0,921.0
266.0,45.0,1865.0,1595.0
266.0,48.0,2334.0,805.0
266.0,50.0,2606.0,3056.0
266.0,53.0,1865.0,1521.0
266.0,54.0,2919.0,2542.0
266.0,56.0,2607.0,975.0
266.0,60.0,1861.0,1538.0
266.0,61.0,1861.0,2790.0
266.0,62.0,2337.0,3936.0
266.0,68.0,2606.0,328.0
266.0,77.0,3600.0,1725.0
266.0,81.0,1865.0,3794.0
266.0,85.0,618.0,3027.0
266.0,87.0,1856.0,1446.0
266.0,94.0,1863.0,648.0
266.0,105.0,2606.0,2035.0
266.0,107.0,1858.0,1125.0
266.0,111.0,1285.0,1507.0
266.0,124.0,2919.0,1302.0
266.0,130.0,1860.0,601.0
266.0,131.0,1861.0,3956.0
266.0,133.0,2608.0,3099.0
266.0,143.0,3601.0,393.0
266.0,144.0,1858.0,542.0
266.0,145.0,1857.0,1716.0
266.0,155.0,2918.0,1023.0
266.0,159.0,1865.0,1621.0
266.0,160.0,1858.0,3113.0
266.0,163.0,2609.0,147.0
266.0,166.0,3890.0,1818.0
266.0,172.0,1863.0,1247.0
266.0,178.0,1864.0,2250.0
266.0,193.0,2608.0,1432.0
266.0,195.0,2609.0,3799.0
266.0,201.0,2334.0,1389.0
266.0,202.0,2337.0,3434.0
266.0,204.0,1440.0,1682.0
266.0,205.0,1858.0,48.0
266.0,212.0,1858.0,354.0
266.0,214.0,1263.0,126.0
266.0,217.0,2606.0,976.0
266.0,226.0,1856.0,1434.0
266.0,228.0,3602.0,1227.0
266.0,229.0,1263.0,2932.0
266.0,231.0,1855.0,3125.0
266.0,232.0,1859.0,1374.0
266.0,240.0,1262.0,3815.0
266.0,241.0,2608.0,3426.0
266.0,243.0,1865.0,1540.0
266.0,244.0,2607.0,1013.0
266.0,250.0,2919.0,1693.0
266.0,258.0,1862.0,2129.0
266.0,260.0,2875.0,945.0
266.0,261.0,1854.0,650.0
266.0,266.0,1861.0,1438.0
266.0,268.0,1865.0,2503.0
266.0,284.0,1865.0,2932.0
266.0,285.0,2609.0,1256.0
266.0,287.0,1858.0,1385.0
266.0,289.0,3604.0,2102.0
266.0,291.0,3600.0,946.0
266.0,293.0,1859.0,1264.0
266.0,296.0,3606.0,2508.0
266.0,297.0,2334.0,1210.0
266.0,298.0,3604.0,3823.0
266.0,306.0,1864.0,1449.0
266.0,314.0,1861.0,2049.0
266.0,316.0,2471.0,1868.0
266.0,318.0,1857.0,3069.0
266.0,322.0,3600.0,3192.0
266.0,342.0,3602.0,1209.0
267.0,2.0,3328.0,2613.0
267.0,8.0,3328.0,192.0
267.0,22.0,3328.0,2089.0
267.0,33.0,3328.0,3451.0
267.0,36.0,3328.0,255.0
267.0,47.0,3328.0,1950.0
267.0,48.0,3328.0,3707.0
267.0,57.0,3328.0,2211.0
267.0,61.0,3328.0,2340.0
267.0,62.0,3328.0,1004.0
267.0,66.0,3328.0,3697.0
267.0,87.0,3328.0,1446.0
267.0,90.0,3328.0,1416.0
267.0,96.0,3328.0,2197.0
267.0,109.0,3328.0,2227.0
267.0,113.0,3328.0,2692.0
267.0,118.0,3328.0,352.0
267.0,122.0,3328.0,569.0
267.0,134.0,3328.0,476.0
267.0,140.0,3328.0,3832.0
267.0,142.0,3328.0,685.0
267.0,146.0,3328.0,483.0
267.0,150.0,3328.0,2196.0
267.0,158.0,3328.0,592.0
267.0,165.0,3328.0,254.0
267.0,173.0,3328.0,3975.0
267.0,178.0,3328.0,110.0
267.0,186.0,3328.0,567.0
267.0,208.0,3328.0,3629.0
267.0,212.0,3328.0,354.0
267.0,267.0,3328.0,3328.0
267.0,271.0,3328.0,340.0
267.0,306.0,3328.0,494.0
267.0,308.0,3328.0,542.0
267.0,313.0,3328.0,3102.0
267.0,335.0,3328.0,3508.0
267.0,345.0,3328.0,2197.0
268.0,17.0,510.0,3860.0
268.0,22.0,515.0,519.0
268.0,54.0,515.0,3497.0
268.0,96.0,511.0,2197.0
268.0,113.0,516.0,1450.0
268.0,136.0,511.0,1402.0
268.0,139.0,515.0,543.0
268.0,140.0,515.0,2153.0
268.0,144.0,511.0,542.0
268.0,176.0,516.0,507.0
268.0,178.0,510.0,2129.0
268.0,199.0,511.0,1409.0
268.0,212.0,515.0,354.0
268.0,241.0,512.0,2039.0
268.0,249.0,512.0,1069.0
268.0,257.0,516.0,3480.0
268.0,268.0,510.0,515.0
268.0,313.0,516.0,587.0
268.0,333.0,516.0,256.0
268.0,335.0,511.0,341.0
269.0,9.0,214.0,1653.0
269.0,26.0,214.0,1606.0
269.0,33.0,214.0,214.0
269.0,45.0,214.0,771.0
269.0,48.0,214.0,820.0
269.0,53.0,214.0,1520.0
269.0,64.0,214.0,824.0
269.0,81.0,214.0,3116.0
269.0,137.0,214.0,2928.0
269.0,178.0,214.0,2994.0
269.0,200.0,214.0,3164.0
269.0,219.0,214.0,1695.0
269.0,222.0,214.0,180.0
269.0,223.0,214.0,2520.0
269.0,225.0,214.0,84.0
269.0,230.0,214.0,2964.0
269.0,244.0,214.0,1591.0
269.0,245.0,214.0,2205.0
269.0,247.0,214.0,861.0
269.0,255.0,214.0,1022.0
269.0,264.0,214.0,2567.0
269.0,269.0,214.0,214.0
269.0,288.0,214.0,1927.0
269.0,292.0,214.0,3581.0
269.0,293.0,214.0,1264.0
269.0,301.0,214.0,175.0
269.0,329.0,214.0,420.0
269.0,330.0,214.0,1094.0
269.0,332.0,214.0,1070.0
270.0,2.0,2906.0,2614.0
270.0,5.0,2906.0,2011.0
270.0,6.0,2906.0,3712.0
270.0,7.0,2906.0,196.0
270.0,10.0,2906.0,2001.0
270.0,61.0,2906.0,1332.0
270.0,74.0,2906.0,45.0
270.0,77.0,2906.0,3897.0
270.0,87.0,2906.0,1447.0
270.0,90.0,2906.0,2051.0
270.0,101.0,2906.0,3013.0
270.0,110.0,2906.0,2877.0
270.0,114.0,2906.0,2045.0
270.0,122.0,2906.0,2009.0
270.0,134.0,2906.0,3052.0
270.0,140.0,2906.0,3531.0
270.0,143.0,2906.0,2281.0
270.0,146.0,2906.0,483.0
270.0,167.0,2906.0,3373.0
270.0,173.0,2906.0,1444.0
270.0,178.0,2906.0,3345.0
270.0,209.0,2906.0,2134.0
270.0,229.0,2906.0,2932.0
270.0,270.0,2906.0,2906.0
270.0,280.0,2906.0,2894.0
270.0,307.0,2906.0,248.0
270.0,311.0,2906.0,253.0
271.0,5.0,340.0,54.0
271.0,17.0,340.0,3866.0
271.0,21.0,340.0,300.0
271.0,22.0,340.0,1408.0
271.0,29.0,340.0,141.0
271.0,50.0,340.0,1999.0
271.0,60.0,340.0,2938.0
271.0,61.0,340.0,3320.0
271.0,71.0,340.0,2302.0
271.0,91.0,340.0,2762.0
271.0,96.0,340.0,339.0
271.0,105.0,340.0,2035.0
271.0,118.0,340.0,352.0
271.0,139.0,340.0,2496.0
271.0,140.0,340.0,3254.0
271.0,144.0,340.0,542.0
271.0,153.0,340.0,2769.0
271.0,161.0,340.0,1404.0
271.0,166.0,340.0,2376.0
271.0,178.0,340.0,2250.0
271.0,186.0,340.0,2136.0
271.0,190.0,340.0,3974.0
271.0,200.0,340.0,3164.0
271.0,235.0,340.0,2687.0
271.0,253.0,340.0,1391.0
271.0,257.0,340.0,3480.0
271.0,262.0,340.0,2505.0
271.0,271.0,340.0,340.0
271.0,273.0,340.0,48.0
271.0,312.0,340.0,351.0
271.0,319.0,340.0,3633.0
271.0,335.0,340.0,341.0
272.0,9.0,2155.0,2635.0
272.0,18.0,2057.0,2444.0
272.0,35.0,2057.0,2255.0
272.0,62.0,2155.0,1036.0
272.0,69.0,2155.0,213.0
272.0,164.0,2065.0,3079.0
272.0,178.0,2155.0,2994.0
272.0,188.0,2065.0,3087.0
272.0,211.0,2155.0,3416.0
272.0,230.0,2057.0,3886.0
272.0,231.0,2057.0,665.0
272.0,249.0,2057.0,1069.0
272.0,272.0,2057.0,2155.0
272.0,279.0,2057.0,212.0
272.0,318.0,2155.0,3069.0
272.0,340.0,2065.0,232.0
273.0,6.0,48.0,1106.0
273.0,41.0,48.0,2551.0
273.0,46.0,48.0,1516.0
273.0,53.0,48.0,849.0
273.0,62.0,48.0,198.0
273.0,68.0,48.0,1642.0
273.0,88.0,48.0,688.0
273.0,91.0,48.0,1668.0
273.0,93.0,48.0,2943.0
273.0,95.0,48.0,3238.0
273.0,96.0,48.0,339.0
273.0,114.0,48.0,2042.0
273.0,122.0,48.0,2954.0
273.0,125.0,48.0,720.0
273.0,134.0,48.0,476.0
273.0,149.0,48.0,2049.0
273.0,167.0,48.0,50.0
273.0,173.0,48.0,1924.0
273.0,176.0,48.0,576.0
273.0,178.0,48.0,2438.0
273.0,194.0,48.0,2566.0
273.0,205.0,48.0,3244.0
273.0,210.0,48.0,256.0
273.0,273.0,48.0,48.0
273.0,280.0,48.0,2419.0
274.0,4.0,1632.0,1198.0
274.0,6.0,1637.0,1810.0
274.0,9.0,1633.0,1352.0
274.0,10.0,1633.0,2642.0
274.0,11.0,1636.0,333.0
274.0,14.0,1643.0,952.0
274.0,21.0,1639.0,768.0
274.0,23.0,1643.0,3132.0
274.0,29.0,1635.0,3274.0
274.0,33.0,1628.0,1649.0
274.0,34.0,1631.0,2105.0
274.0,39.0,1638.0,3026.0
274.0,40.0,1638.0,1676.0
274.0,42.0,1639.0,3191.0
274.0,45.0,1643.0,798.0
274.0,53.0,1630.0,1066.0
274.0,56.0,1636.0,1026.0
274.0,60.0,1643.0,1381.0
274.0,61.0,1643.0,2275.0
274.0,64.0,1632.0,1081.0
274.0,80.0,1630.0,1824.0
274.0,81.0,1629.0,1532.0
274.0,83.0,1637.0,1726.0
274.0,85.0,1634.0,1373.0
274.0,103.0,1628.0,239.0
274.0,121.0,1631.0,2966.0
274.0,124.0,1629.0,1302.0
274.0,131.0,1633.0,1691.0
274.0,170.0,1632.0,1718.0
274.0,178.0,1630.0,3528.0
274.0,179.0,1629.0,1673.0
274.0,180.0,1635.0,186.0
274.0,195.0,1632.0,188.0
274.0,213.0,1632.0,829.0
274.0,214.0,1632.0,3008.0
274.0,220.0,1628.0,1933.0
274.0,223.0,1630.0,3161.0
274.0,224.0,1637.0,376.0
274.0,226.0,1629.0,1434.0
274.0,230.0,1636.0,2959.0
274.0,244.0,1630.0,1013.0
274.0,260.0,1628.0,1205.0
274.0,274.0,1628.0,1639.0
274.0,275.0,1639.0,2783.0
274.0,290.0,1630.0,1020.0
274.0,291.0,1639.0,2931.0
274.0,322.0,1635.0,3192.0
274.0,332.0,1632.0,1063.0
275.0,1.0,317.0,2690.0
275.0,2.0,989.0,3263.0
275.0,3.0,2783.0,2443.0
275.0,4.0,317.0,1198.0
275.0,7.0,989.0,203.0
275.0,9.0,989.0,1605.0
275.0,10.0,317.0,453.0
275.0,11.0,989.0,333.0
275.0,12.0,989.0,3392.0
275.0,13.0,317.0,2174.0
275.0,14.0,55.0,1175.0
275.0,15.0,2783.0,712.0
275.0,18.0,82.0,379.0
275.0,20.0,317.0,1893.0
275.0,21.0,317.0,3134.0
275.0,23.0,55.0,271.0
275.0,24.0,55.0,2999.0
275.0,26.0,989.0,1606.0
275.0,27.0,55.0,3660.0
275.0,29.0,82.0,3524.0
275.0,30.0,317.0,3966.0
275.0,33.0,989.0,3450.0
275.0,37.0,989.0,2945.0
275.0,40.0,2783.0,1677.0
275.0,41.0,55.0,2551.0
275.0,42.0,55.0,3191.0
275.0,44.0,317.0,3057.0
275.0,45.0,55.0,3977.0
275.0,46.0,989.0,714.0
275.0,47.0,2783.0,604.0
275.0,48.0,317.0,807.0
275.0,49.0,989.0,2569.0
275.0,50.0,317.0,3056.0
275.0,53.0,55.0,2135.0
275.0,54.0,2783.0,2550.0
275.0,55.0,82.0,3184.0
275.0,56.0,989.0,643.0
275.0,61.0,55.0,1765.0
275.0,62.0,2783.0,2146.0
275.0,66.0,989.0,2990.0
275.0,68.0,82.0,1054.0
275.0,70.0,317.0,202.0
275.0,72.0,989.0,35.0
275.0,73.0,82.0,333.0
275.0,78.0,317.0,86.0
275.0,81.0,317.0,3116.0
275.0,82.0,82.0,1966.0
275.0,86.0,317.0,1559.0
275.0,88.0,2783.0,688.0
275.0,89.0,317.0,3903.0
275.0,91.0,2783.0,3283.0
275.0,95.0,989.0,3237.0
275.0,97.0,317.0,3594.0
275.0,101.0,989.0,3246.0
275.0,103.0,2783.0,239.0
275.0,105.0,317.0,2035.0
275.0,106.0,989.0,241.0
275.0,107.0,989.0,3108.0
275.0,109.0,55.0,2224.0
275.0,115.0,55.0,83.0
275.0,117.0,989.0,137.0
275.0,121.0,55.0,2966.0
275.0,122.0,989.0,2009.0
275.0,125.0,55.0,720.0
275.0,129.0,317.0,833.0
275.0,131.0,989.0,3955.0
275.0,134.0,317.0,475.0
275.0,135.0,82.0,1199.0
275.0,141.0,2783.0,238.0
275.0,143.0,317.0,2563.0
275.0,147.0,82.0,337.0
275.0,151.0,2783.0,86.0
275.0,154.0,55.0,3579.0
275.0,156.0,2783.0,828.0
275.0,158.0,317.0,2591.0
275.0,163.0,55.0,201.0
275.0,167.0,989.0,3372.0
275.0,168.0,317.0,1707.0
275.0,171.0,2783.0,1543.0
275.0,172.0,55.0,1883.0
275.0,175.0,55.0,661.0
275.0,178.0,82.0,3615.0
275.0,182.0,317.0,2008.0
275.0,184.0,989.0,2247.0
275.0,185.0,2783.0,703.0
275.0,187.0,317.0,81.0
275.0,190.0,2783.0,3974.0
275.0,191.0,82.0,1558.0
275.0,195.0,55.0,1012.0
275.0,196.0,989.0,322.0
275.0,197.0,989.0,335.0
275.0,198.0,2783.0,826.0
275.0,200.0,317.0,1062.0
275.0,204.0,82.0,1683.0
275.0,213.0,989.0,829.0
275.0,217.0,55.0,976.0
275.0,221.0,55.0,165.0
275.0,222.0,989.0,181.0
275.0,223.0,317.0,3456.0
275.0,224.0,989.0,376.0
275.0,225.0,55.0,84.0
275.0,227.0,989.0,2184.0
275.0,234.0,55.0,80.0
275.0,236.0,55.0,659.0
275.0,244.0,82.0,3037.0
275.0,247.0,317.0,730.0
275.0,248.0,989.0,697.0
275.0,250.0,989.0,1264.0
275.0,255.0,55.0,3556.0
275.0,257.0,2783.0,3481.0
275.0,263.0,55.0,824.0
275.0,265.0,989.0,3699.0
275.0,274.0,989.0,1638.0
275.0,275.0,82.0,82.0
275.0,285.0,317.0,1387.0
275.0,288.0,989.0,1927.0
275.0,292.0,989.0,3581.0
275.0,301.0,2783.0,175.0
275.0,310.0,82.0,693.0
275.0,317.0,989.0,136.0
275.0,321.0,989.0,241.0
275.0,322.0,2783.0,3192.0
275.0,326.0,989.0,3556.0
275.0,328.0,2783.0,3292.0
275.0,329.0,2783.0,420.0
275.0,334.0,55.0,149.0
276.0,1.0,1914.0,160.0
276.0,2.0,3855.0,3143.0
276.0,5.0,3854.0,52.0
276.0,9.0,3854.0,1352.0
276.0,10.0,3855.0,2002.0
276.0,11.0,466.0,333.0
276.0,12.0,2952.0,3392.0
276.0,15.0,3857.0,2028.0
276.0,20.0,3854.0,1912.0
276.0,23.0,464.0,722.0
276.0,24.0,2952.0,208.0
276.0,28.0,1667.0,3015.0
276.0,41.0,3855.0,400.0
276.0,44.0,3857.0,3593.0
276.0,45.0,234.0,3150.0
276.0,48.0,3855.0,818.0
276.0,55.0,466.0,690.0
276.0,61.0,2952.0,2364.0
276.0,62.0,1914.0,1593.0
276.0,68.0,1914.0,328.0
276.0,70.0,2944.0,1705.0
276.0,72.0,2952.0,41.0
276.0,84.0,2944.0,2269.0
276.0,86.0,464.0,1559.0
276.0,91.0,465.0,3284.0
276.0,93.0,465.0,2941.0
276.0,95.0,2944.0,2778.0
276.0,99.0,1914.0,234.0
276.0,100.0,1919.0,1549.0
276.0,110.0,2952.0,2877.0
276.0,114.0,2952.0,3852.0
276.0,122.0,466.0,2954.0
276.0,128.0,2944.0,3262.0
276.0,132.0,464.0,2006.0
276.0,134.0,1667.0,472.0
276.0,140.0,3855.0,2300.0
276.0,141.0,2944.0,1708.0
276.0,143.0,3857.0,2564.0
276.0,147.0,3857.0,87.0
276.0,153.0,1667.0,2348.0
276.0,169.0,465.0,662.0
276.0,173.0,3857.0,1924.0
276.0,175.0,3855.0,702.0
276.0,182.0,3854.0,2598.0
276.0,184.0,3855.0,194.0
276.0,185.0,3854.0,703.0
276.0,186.0,2952.0,567.0
276.0,189.0,1667.0,1918.0
276.0,196.0,465.0,322.0
276.0,197.0,3854.0,399.0
276.0,206.0,1919.0,1892.0
276.0,233.0,2952.0,411.0
276.0,236.0,464.0,1916.0
276.0,241.0,1914.0,2560.0
276.0,248.0,2944.0,711.0
276.0,254.0,2952.0,2978.0
276.0,256.0,2944.0,2976.0
276.0,273.0,3855.0,48.0
276.0,276.0,466.0,1667.0
276.0,278.0,3854.0,696.0
276.0,304.0,466.0,1936.0
276.0,341.0,464.0,3951.0
277.0,7.0,2280.0,460.0
277.0,8.0,243.0,571.0
277.0,19.0,243.0,256.0
277.0,25.0,499.0,3650.0
277.0,28.0,499.0,2046.0
277.0,47.0,499.0,1977.0
277.0,61.0,244.0,2793.0
277.0,65.0,499.0,1445.0
277.0,66.0,3061.0,3952.0
277.0,82.0,244.0,2691.0
277.0,84.0,244.0,2269.0
277.0,87.0,500.0,3074.0
277.0,106.0,2277.0,241.0
277.0,126.0,244.0,2139.0
277.0,134.0,500.0,471.0
277.0,137.0,2277.0,2928.0
277.0,146.0,2279.0,255.0
277.0,152.0,2277.0,2902.0
277.0,153.0,2278.0,3221.0
277.0,158.0,2279.0,593.0
277.0,160.0,243.0,3113.0
277.0,161.0,2277.0,1404.0
277.0,162.0,2277.0,353.0
277.0,166.0,499.0,3169.0
277.0,178.0,500.0,931.0
277.0,213.0,2278.0,829.0
277.0,248.0,499.0,692.0
277.0,256.0,2277.0,2976.0
277.0,267.0,243.0,3328.0
277.0,276.0,499.0,1919.0
277.0,277.0,499.0,2278.0
277.0,280.0,2278.0,2909.0
277.0,307.0,2277.0,248.0
277.0,313.0,3061.0,587.0
277.0,320.0,243.0,352.0
278.0,9.0,1913.0,2396.0
278.0,11.0,694.0,333.0
278.0,12.0,1913.0,635.0
278.0,14.0,1896.0,1248.0
278.0,15.0,696.0,3846.0
278.0,16.0,694.0,3241.0
278.0,21.0,1896.0,3380.0
278.0,22.0,1896.0,519.0
278.0,26.0,694.0,3474.0
278.0,45.0,1913.0,2458.0
278.0,53.0,1913.0,853.0
278.0,55.0,1913.0,3843.0
278.0,62.0,1896.0,3001.0
278.0,81.0,694.0,1670.0
278.0,91.0,1896.0,1668.0
278.0,93.0,1913.0,463.0
278.0,122.0,694.0,570.0
278.0,132.0,694.0,3243.0
278.0,134.0,696.0,2926.0
278.0,147.0,1896.0,337.0
278.0,167.0,696.0,3373.0
278.0,169.0,1913.0,662.0
278.0,175.0,696.0,702.0
278.0,183.0,696.0,1585.0
278.0,203.0,1913.0,1444.0
278.0,278.0,696.0,696.0
278.0,293.0,694.0,1264.0
278.0,295.0,1913.0,1419.0
278.0,303.0,1896.0,1403.0
278.0,341.0,1896.0,3951.0
279.0,6.0,218.0,1112.0
279.0,7.0,212.0,3549.0
279.0,21.0,3571.0,3381.0
279.0,23.0,212.0,275.0
279.0,29.0,223.0,369.0
279.0,33.0,213.0,1672.0
279.0,35.0,212.0,2254.0
279.0,40.0,1472.0,1473.0
279.0,45.0,213.0,100.0
279.0,52.0,3126.0,1350.0
279.0,53.0,2144.0,1073.0
279.0,56.0,212.0,3573.0
279.0,61.0,212.0,2767.0
279.0,69.0,8.0,213.0
279.0,81.0,220.0,2937.0
279.0,88.0,219.0,688.0
279.0,97.0,212.0,3594.0
279.0,115.0,221.0,83.0
279.0,124.0,1472.0,1303.0
279.0,125.0,218.0,720.0
279.0,133.0,212.0,3888.0
279.0,134.0,212.0,474.0
279.0,135.0,212.0,3947.0
279.0,148.0,212.0,230.0
279.0,164.0,2144.0,3489.0
279.0,178.0,663.0,2479.0
279.0,185.0,219.0,687.0
279.0,188.0,212.0,2232.0
279.0,190.0,212.0,3974.0
279.0,200.0,663.0,3694.0
279.0,211.0,219.0,3415.0
279.0,222.0,3084.0,180.0
279.0,231.0,213.0,2257.0
279.0,243.0,221.0,2353.0
279.0,245.0,224.0,2204.0
279.0,249.0,224.0,1069.0
279.0,264.0,663.0,842.0
279.0,272.0,221.0,2155.0
279.0,279.0,212.0,212.0
279.0,282.0,219.0,1617.0
279.0,300.0,3084.0,1716.0
279.0,311.0,2144.0,253.0
279.0,315.0,2144.0,2538.0
279.0,326.0,221.0,3556.0
279.0,339.0,221.0,1498.0
280.0,6.0,2905.0,3876.0
280.0,16.0,480.0,689.0
280.0,19.0,481.0,256.0
280.0,21.0,2909.0,890.0
280.0,22.0,2894.0,2294.0
280.0,27.0,2906.0,2463.0
280.0,41.0,2418.0,36.0
280.0,61.0,2909.0,1790.0
280.0,84.0,482.0,2269.0
280.0,91.0,2906.0,3284.0
280.0,101.0,481.0,3246.0
280.0,110.0,2905.0,2877.0
280.0,114.0,2894.0,1421.0
280.0,118.0,2906.0,352.0
280.0,122.0,2906.0,2009.0
280.0,134.0,2905.0,476.0
280.0,146.0,2905.0,483.0
280.0,150.0,2419.0,2196.0
280.0,152.0,2905.0,2271.0
280.0,165.0,480.0,254.0
280.0,178.0,2418.0,2479.0
280.0,189.0,480.0,467.0
280.0,210.0,2909.0,256.0
280.0,270.0,2419.0,2906.0
280.0,276.0,2905.0,464.0
280.0,280.0,481.0,480.0
280.0,341.0,481.0,3951.0
281.0,3.0,3391.0,2443.0
281.0,15.0,3391.0,717.0
281.0,22.0,3391.0,2495.0
281.0,27.0,3391.0,713.0
281.0,37.0,3391.0,3533.0
281.0,41.0,3391.0,2551.0
281.0,43.0,3391.0,686.0
281.0,44.0,3391.0,85.0
281.0,46.0,3391.0,1607.0
281.0,53.0,3391.0,909.0
281.0,54.0,3391.0,2283.0
281.0,55.0,3391.0,690.0
281.0,56.0,3391.0,1026.0
281.0,61.0,3391.0,625.0
281.0,68.0,3391.0,346.0
281.0,72.0,3391.0,324.0
281.0,73.0,3391.0,401.0
281.0,74.0,3391.0,1488.0
281.0,93.0,3391.0,2921.0
281.0,95.0,3391.0,1514.0
281.0,97.0,3391.0,236.0
281.0,102.0,3391.0,3306.0
281.0,122.0,3391.0,2031.0
281.0,131.0,3391.0,3956.0
281.0,139.0,3391.0,3509.0
281.0,140.0,3391.0,2684.0
281.0,142.0,3391.0,685.0
281.0,147.0,3391.0,337.0
281.0,163.0,3391.0,345.0
281.0,178.0,3391.0,1289.0
281.0,182.0,3391.0,2598.0
281.0,185.0,3391.0,703.0
281.0,187.0,3391.0,81.0
281.0,213.0,3391.0,829.0
281.0,248.0,3391.0,697.0
281.0,250.0,3391.0,1264.0
281.0,262.0,3391.0,2365.0
281.0,281.0,3391.0,3391.0
281.0,331.0,3391.0,578.0
282.0,6.0,837.0,1006.0
282.0,7.0,1469.0,1116.0
282.0,9.0,837.0,2264.0
282.0,11.0,1469.0,333.0
282.0,14.0,841.0,3758.0
282.0,21.0,841.0,3295.0
282.0,23.0,841.0,297.0
282.0,25.0,1469.0,908.0
282.0,26.0,1617.0,1606.0
282.0,50.0,841.0,3056.0
282.0,53.0,841.0,855.0
282.0,62.0,841.0,76.0
282.0,68.0,1617.0,1054.0
282.0,81.0,1617.0,948.0
282.0,89.0,841.0,3903.0
282.0,129.0,1469.0,826.0
282.0,133.0,841.0,1017.0
282.0,143.0,1469.0,2564.0
282.0,155.0,837.0,1023.0
282.0,164.0,1469.0,3490.0
282.0,179.0,841.0,1673.0
282.0,190.0,1617.0,152.0
282.0,198.0,837.0,826.0
282.0,200.0,841.0,747.0
282.0,213.0,841.0,829.0
282.0,216.0,841.0,1606.0
282.0,222.0,841.0,181.0
282.0,223.0,1617.0,726.0
282.0,233.0,1617.0,1603.0
282.0,238.0,837.0,2401.0
282.0,239.0,837.0,3410.0
282.0,243.0,837.0,2354.0
282.0,249.0,1469.0,1069.0
282.0,251.0,841.0,1085.0
282.0,264.0,1617.0,3513.0
282.0,282.0,841.0,841.0
282.0,302.0,841.0,1497.0
282.0,304.0,1469.0,1370.0
282.0,325.0,841.0,1580.0
282.0,326.0,1469.0,3556.0
282.0,329.0,837.0,416.0
282.0,330.0,837.0,1094.0
282.0,332.0,837.0,1063.0
282.0,339.0,841.0,1500.0
283.0,2.0,541.0,2613.0
283.0,7.0,541.0,3493.0
283.0,10.0,541.0,789.0
283.0,17.0,541.0,3369.0
283.0,22.0,541.0,528.0
283.0,34.0,541.0,2105.0
283.0,38.0,541.0,2194.0
283.0,54.0,541.0,3226.0
283.0,61.0,541.0,1328.0
283.0,62.0,541.0,134.0
283.0,65.0,541.0,1445.0
283.0,71.0,541.0,2307.0
283.0,79.0,541.0,2240.0
283.0,96.0,541.0,339.0
283.0,100.0,541.0,2085.0
283.0,127.0,541.0,2111.0
283.0,136.0,541.0,544.0
283.0,139.0,541.0,563.0
283.0,140.0,541.0,2500.0
283.0,144.0,541.0,2088.0
283.0,153.0,541.0,559.0
283.0,161.0,541.0,1404.0
283.0,162.0,541.0,353.0
283.0,165.0,541.0,254.0
283.0,178.0,541.0,107.0
283.0,199.0,541.0,2167.0
283.0,237.0,541.0,1674.0
283.0,257.0,541.0,3482.0
283.0,262.0,541.0,2506.0
283.0,283.0,541.0,541.0
283.0,289.0,541.0,2102.0
283.0,308.0,541.0,542.0
284.0,2.0,2932.0,2743.0
284.0,6.0,2932.0,2435.0
284.0,9.0,2932.0,1463.0
284.0,14.0,2932.0,2669.0
284.0,21.0,2932.0,2722.0
284.0,33.0,2932.0,2950.0
284.0,41.0,2932.0,2551.0
284.0,49.0,2932.0,3117.0
284.0,53.0,2932.0,733.0
284.0,58.0,2932.0,3069.0
284.0,60.0,2932.0,1538.0
284.0,62.0,2932.0,999.0
284.0,77.0,2932.0,3897.0
284.0,80.0,2932.0,1824.0
284.0,81.0,2932.0,986.0
284.0,82.0,2932.0,595.0
284.0,83.0,2932.0,1726.0
284.0,85.0,2932.0,1373.0
284.0,94.0,2932.0,648.0
284.0,107.0,2932.0,3496.0
284.0,109.0,2932.0,2228.0
284.0,112.0,2932.0,1717.0
284.0,124.0,2932.0,1302.0
284.0,131.0,2932.0,3956.0
284.0,146.0,2932.0,255.0
284.0,164.0,2932.0,3489.0
284.0,166.0,2932.0,3720.0
284.0,170.0,2932.0,1718.0
284.0,178.0,2932.0,1293.0
284.0,201.0,2932.0,1389.0
284.0,204.0,2932.0,1682.0
284.0,207.0,2932.0,1257.0
284.0,210.0,2932.0,256.0
284.0,214.0,2932.0,1869.0
284.0,223.0,2932.0,2520.0
284.0,229.0,2932.0,2932.0
284.0,244.0,2932.0,3037.0
284.0,247.0,2932.0,730.0
284.0,250.0,2932.0,1259.0
284.0,260.0,2932.0,1205.0
284.0,284.0,2932.0,2932.0
284.0,291.0,2932.0,942.0
284.0,293.0,2932.0,1264.0
284.0,298.0,2932.0,1620.0
284.0,339.0,2932.0,1500.0
284.0,342.0,2932.0,1209.0
285.0,6.0,1256.0,2620.0
285.0,14.0,1387.0,1252.0
285.0,18.0,1256.0,84.0
285.0,31.0,1256.0,3820.0
285.0,34.0,1387.0,2105.0
285.0,50.0,1387.0,1999.0
285.0,59.0,1256.0,1827.0
285.0,72.0,1387.0,37.0
285.0,78.0,1256.0,86.0
285.0,85.0,1387.0,3027.0
285.0,124.0,1256.0,1302.0
285.0,178.0,1256.0,2438.0
285.0,180.0,1387.0,2150.0
285.0,197.0,1256.0,399.0
285.0,201.0,1387.0,1389.0
285.0,207.0,1256.0,1024.0
285.0,220.0,1256.0,1703.0
285.0,229.0,1256.0,2932.0
285.0,232.0,1256.0,1374.0
285.0,234.0,1387.0,145.0
285.0,250.0,1387.0,1264.0
285.0,266.0,1387.0,1859.0
285.0,275.0,1256.0,2783.0
285.0,285.0,1387.0,1387.0
285.0,293.0,1387.0,1264.0
285.0,298.0,1256.0,1620.0
285.0,318.0,1256.0,3069.0
285.0,332.0,1387.0,1063.0
286.0,10.0,1383.0,2005.0
286.0,33.0,1383.0,3804.0
286.0,48.0,1383.0,2540.0
286.0,58.0,1383.0,1380.0
286.0,61.0,1383.0,3725.0
286.0,76.0,1383.0,1383.0
286.0,81.0,1383.0,1537.0
286.0,120.0,1383.0,2161.0
286.0,121.0,1383.0,2966.0
286.0,138.0,1383.0,1711.0
286.0,155.0,1383.0,1023.0
286.0,178.0,1383.0,1435.0
286.0,180.0,1383.0,186.0
286.0,201.0,1383.0,1389.0
286.0,207.0,1383.0,1257.0
286.0,214.0,1383.0,1869.0
286.0,220.0,1383.0,1933.0
286.0,229.0,1383.0,2932.0
286.0,230.0,1383.0,3886.0
286.0,244.0,1383.0,1013.0
286.0,246.0,1383.0,1025.0
286.0,272.0,1383.0,2057.0
286.0,286.0,1383.0,1383.0
286.0,298.0,1383.0,3823.0
286.0,318.0,1383.0,3069.0
286.0,330.0,1383.0,1094.0
287.0,6.0,1258.0,3198.0
287.0,11.0,1385.0,333.0
287.0,14.0,1385.0,3138.0
287.0,39.0,1258.0,3029.0
287.0,44.0,1385.0,3057.0
287.0,47.0,1385.0,1975.0
287.0,53.0,1385.0,855.0
287.0,56.0,1385.0,1026.0
287.0,60.0,1385.0,1538.0
287.0,75.0,1258.0,974.0
287.0,81.0,1258.0,2148.0
287.0,88.0,1385.0,688.0
287.0,94.0,1385.0,648.0
287.0,116.0,1258.0,597.0
287.0,124.0,1385.0,3066.0
287.0,130.0,1385.0,1962.0
287.0,133.0,1385.0,1644.0
287.0,171.0,1258.0,1543.0
287.0,172.0,1385.0,1737.0
287.0,178.0,1385.0,2527.0
287.0,229.0,1258.0,2932.0
287.0,246.0,1385.0,1025.0
287.0,250.0,1385.0,1693.0
287.0,266.0,1385.0,2918.0
287.0,287.0,1258.0,1385.0
287.0,291.0,1385.0,946.0
287.0,293.0,1385.0,1264.0
287.0,298.0,1258.0,1265.0
287.0,318.0,1258.0,3069.0
287.0,342.0,1385.0,2736.0
288.0,23.0,1927.0,13.0
288.0,26.0,1927.0,3471.0
288.0,33.0,1927.0,988.0
288.0,52.0,1927.0,1351.0
288.0,53.0,1927.0,854.0
288.0,59.0,1927.0,1827.0
288.0,61.0,1927.0,2436.0
288.0,62.0,1927.0,198.0
288.0,71.0,1927.0,1721.0
288.0,81.0,1927.0,1535.0
288.0,108.0,1927.0,1720.0
288.0,112.0,1927.0,1717.0
288.0,133.0,1927.0,1015.0
288.0,134.0,1927.0,474.0
288.0,138.0,1927.0,1711.0
288.0,145.0,1927.0,1716.0
288.0,164.0,1927.0,3076.0
288.0,170.0,1927.0,2827.0
288.0,174.0,1927.0,1830.0
288.0,178.0,1927.0,105.0
288.0,195.0,1927.0,187.0
288.0,204.0,1927.0,2972.0
288.0,219.0,1927.0,1695.0
288.0,220.0,1927.0,1719.0
288.0,235.0,1927.0,2696.0
288.0,245.0,1927.0,1493.0
288.0,269.0,1927.0,214.0
288.0,288.0,1927.0,1927.0
288.0,290.0,1927.0,1021.0
288.0,300.0,1927.0,1701.0
288.0,315.0,1927.0,1717.0
288.0,318.0,1927.0,3069.0
288.0,339.0,1927.0,1498.0
288.0,343.0,1927.0,183.0
289.0,2.0,2102.0,2613.0
289.0,8.0,2102.0,191.0
289.0,22.0,2102.0,522.0
289.0,30.0,2102.0,3966.0
289.0,38.0,2102.0,2212.0
289.0,43.0,2102.0,686.0
289.0,45.0,2102.0,771.0
289.0,54.0,2102.0,1002.0
289.0,62.0,2102.0,3936.0
289.0,66.0,2102.0,2984.0
289.0,71.0,2102.0,2237.0
289.0,80.0,2102.0,1824.0
289.0,100.0,2102.0,2085.0
289.0,109.0,2102.0,2227.0
289.0,127.0,2102.0,1835.0
289.0,139.0,2102.0,1397.0
289.0,140.0,2102.0,3945.0
289.0,143.0,2102.0,2281.0
289.0,161.0,2102.0,1404.0
289.0,162.0,2102.0,353.0
289.0,178.0,2102.0,2523.0
289.0,181.0,2102.0,2221.0
289.0,199.0,2102.0,2167.0
289.0,200.0,2102.0,738.0
289.0,201.0,2102.0,1389.0
289.0,212.0,2102.0,354.0
289.0,225.0,2102.0,84.0
289.0,259.0,2102.0,2102.0
289.0,261.0,2102.0,650.0
289.0,265.0,2102.0,2104.0
289.0,266.0,2102.0,3602.0
289.0,268.0,2102.0,2503.0
289.0,283.0,2102.0,541.0
289.0,289.0,2102.0,2102.0
289.0,312.0,2102.0,351.0
289.0,320.0,2102.0,2037.0
289.0,338.0,2102.0,1868.0
290.0,29.0,1020.0,366.0
290.0,33.0,1020.0,3695.0
290.0,39.0,1661.0,3026.0
290.0,40.0,1899.0,1677.0
290.0,48.0,1899.0,2597.0
290.0,50.0,1661.0,442.0
290.0,53.0,1021.0,852.0
290.0,58.0,1661.0,1018.0
290.0,80.0,1020.0,1824.0
290.0,81.0,1020.0,1822.0
290.0,108.0,1899.0,1720.0
290.0,119.0,1661.0,1923.0
290.0,133.0,1899.0,1840.0
290.0,135.0,1661.0,3154.0
290.0,140.0,1020.0,2299.0
290.0,145.0,1020.0,1716.0
290.0,164.0,1661.0,1715.0
290.0,170.0,1899.0,1718.0
290.0,178.0,1899.0,2434.0
290.0,179.0,1021.0,1673.0
290.0,180.0,1899.0,186.0
290.0,200.0,1899.0,2187.0
290.0,219.0,1899.0,1695.0
290.0,223.0,1021.0,15.0
290.0,224.0,1899.0,2516.0
290.0,231.0,1899.0,2262.0
290.0,240.0,1899.0,3811.0
290.0,244.0,1021.0,3025.0
290.0,245.0,1020.0,2206.0
290.0,248.0,1899.0,692.0
290.0,279.0,1020.0,2144.0
290.0,290.0,1020.0,1899.0
290.0,304.0,1021.0,1936.0
290.0,325.0,1899.0,1555.0
290.0,332.0,1021.0,1071.0
291.0,2.0,2931.0,3454.0
291.0,4.0,946.0,303.0
291.0,6.0,942.0,1812.0
291.0,11.0,941.0,333.0
291.0,14.0,941.0,2883.0
291.0,18.0,2537.0,84.0
291.0,23.0,942.0,3045.0
291.0,24.0,2931.0,2539.0
291.0,26.0,2931.0,3472.0
291.0,28.0,2930.0,2046.0
291.0,42.0,2930.0,920.0
291.0,43.0,2931.0,686.0
291.0,44.0,942.0,3593.0
291.0,47.0,940.0,2547.0
291.0,50.0,2537.0,2636.0
291.0,53.0,940.0,852.0
291.0,54.0,940.0,1003.0
291.0,56.0,2930.0,2925.0
291.0,59.0,942.0,1260.0
291.0,60.0,2537.0,641.0
291.0,61.0,2931.0,654.0
291.0,72.0,2537.0,323.0
291.0,78.0,940.0,86.0
291.0,81.0,946.0,639.0
291.0,83.0,940.0,1726.0
291.0,85.0,2537.0,3038.0
291.0,88.0,942.0,688.0
291.0,89.0,941.0,3903.0
291.0,90.0,2931.0,1412.0
291.0,115.0,2930.0,3840.0
291.0,116.0,2931.0,597.0
291.0,117.0,2930.0,137.0
291.0,121.0,2537.0,2966.0
291.0,131.0,946.0,1692.0
291.0,151.0,946.0,86.0
291.0,159.0,2537.0,1621.0
291.0,163.0,946.0,201.0
291.0,175.0,942.0,661.0
291.0,178.0,2537.0,102.0
291.0,195.0,2930.0,638.0
291.0,198.0,940.0,826.0
291.0,200.0,946.0,742.0
291.0,213.0,942.0,829.0
291.0,214.0,2931.0,1300.0
291.0,216.0,941.0,1606.0
291.0,217.0,941.0,976.0
291.0,223.0,940.0,3457.0
291.0,224.0,942.0,995.0
291.0,225.0,940.0,84.0
291.0,228.0,2537.0,1233.0
291.0,229.0,2930.0,2932.0
291.0,230.0,942.0,2959.0
291.0,247.0,2931.0,3690.0
291.0,250.0,946.0,1693.0
291.0,260.0,941.0,642.0
291.0,274.0,942.0,1628.0
291.0,284.0,941.0,2932.0
291.0,291.0,2931.0,941.0
291.0,293.0,942.0,1264.0
291.0,313.0,946.0,3103.0
291.0,318.0,946.0,3069.0
291.0,321.0,940.0,241.0
291.0,322.0,940.0,3192.0
291.0,324.0,946.0,1443.0
291.0,342.0,2930.0,1209.0
292.0,2.0,760.0,2743.0
292.0,4.0,3906.0,282.0
292.0,5.0,3581.0,54.0
292.0,6.0,3581.0,2735.0
292.0,7.0,3581.0,195.0
292.0,8.0,143.0,2871.0
292.0,10.0,1594.0,453.0
292.0,11.0,3581.0,333.0
292.0,14.0,142.0,2884.0
292.0,15.0,1594.0,3846.0
292.0,18.0,1594.0,84.0
292.0,21.0,1594.0,3577.0
292.0,23.0,1594.0,2841.0
292.0,24.0,143.0,3375.0
292.0,28.0,142.0,3015.0
292.0,29.0,3581.0,3913.0
292.0,30.0,3581.0,3966.0
292.0,41.0,760.0,36.0
292.0,43.0,63.0,682.0
292.0,44.0,63.0,3593.0
292.0,45.0,760.0,2460.0
292.0,46.0,3904.0,3259.0
292.0,47.0,3906.0,1988.0
292.0,48.0,3581.0,124.0
292.0,50.0,3581.0,381.0
292.0,54.0,1594.0,2543.0
292.0,55.0,3581.0,691.0
292.0,56.0,3581.0,1026.0
292.0,61.0,808.0,1282.0
292.0,62.0,3581.0,1030.0
292.0,68.0,3581.0,1054.0
292.0,70.0,1594.0,1706.0
292.0,72.0,1594.0,3287.0
292.0,73.0,3581.0,401.0
292.0,76.0,760.0,1383.0
292.0,78.0,3581.0,86.0
292.0,79.0,143.0,2240.0
292.0,81.0,63.0,1670.0
292.0,85.0,3581.0,1373.0
292.0,89.0,1594.0,3903.0
292.0,91.0,1594.0,3284.0
292.0,95.0,808.0,3232.0
292.0,103.0,3581.0,2468.0
292.0,109.0,3581.0,2987.0
292.0,115.0,761.0,83.0
292.0,119.0,1594.0,2141.0
292.0,121.0,3581.0,2966.0
292.0,122.0,760.0,235.0
292.0,139.0,143.0,2092.0
292.0,141.0,3581.0,237.0
292.0,148.0,3581.0,231.0
292.0,151.0,3581.0,86.0
292.0,154.0,1594.0,3579.0
292.0,158.0,1594.0,497.0
292.0,171.0,142.0,1543.0
292.0,178.0,143.0,2847.0
292.0,185.0,143.0,1543.0
292.0,196.0,760.0,436.0
292.0,197.0,3905.0,2415.0
292.0,202.0,3581.0,3434.0
292.0,212.0,3904.0,354.0
292.0,215.0,3581.0,1464.0
292.0,224.0,3906.0,867.0
292.0,225.0,3906.0,84.0
292.0,227.0,1594.0,88.0
292.0,231.0,143.0,2257.0
292.0,234.0,3581.0,145.0
292.0,243.0,3581.0,3432.0
292.0,253.0,1594.0,2126.0
292.0,262.0,1594.0,2682.0
292.0,292.0,3581.0,760.0
292.0,296.0,3581.0,2508.0
292.0,301.0,1594.0,175.0
292.0,303.0,1594.0,1403.0
292.0,313.0,808.0,3102.0
292.0,321.0,1594.0,241.0
292.0,329.0,142.0,420.0
292.0,330.0,142.0,1094.0
293.0,2.0,1264.0,2744.0
293.0,7.0,1264.0,445.0
293.0,11.0,1264.0,333.0
293.0,14.0,1264.0,1252.0
293.0,31.0,1264.0,1825.0
293.0,33.0,1264.0,1903.0
293.0,42.0,1264.0,3191.0
293.0,53.0,1264.0,2838.0
293.0,59.0,1264.0,1260.0
293.0,61.0,1264.0,1765.0
293.0,62.0,1264.0,3384.0
293.0,67.0,1264.0,375.0
293.0,68.0,1264.0,346.0
293.0,72.0,1264.0,324.0
293.0,73.0,1264.0,1664.0
293.0,75.0,1264.0,974.0
293.0,94.0,1264.0,646.0
293.0,113.0,1264.0,2692.0
293.0,116.0,1264.0,598.0
293.0,118.0,1264.0,352.0
293.0,121.0,1264.0,2966.0
293.0,124.0,1264.0,1302.0
293.0,131.0,1264.0,3956.0
293.0,133.0,1264.0,3943.0
293.0,135.0,1264.0,3911.0
293.0,138.0,1264.0,1710.0
293.0,166.0,1264.0,3723.0
293.0,178.0,1264.0,2250.0
293.0,183.0,1264.0,1585.0
293.0,187.0,1264.0,2512.0
293.0,188.0,1264.0,2070.0
293.0,197.0,1264.0,349.0
293.0,198.0,1264.0,826.0
293.0,201.0,1264.0,1389.0
293.0,207.0,1264.0,1024.0
293.0,214.0,1264.0,928.0
293.0,219.0,1264.0,1695.0
293.0,225.0,1264.0,84.0
293.0,226.0,1264.0,1434.0
293.0,228.0,1264.0,2378.0
293.0,229.0,1264.0,2932.0
293.0,230.0,1264.0,1726.0
293.0,240.0,1264.0,3815.0
293.0,241.0,1264.0,3426.0
293.0,244.0,1264.0,3037.0
293.0,250.0,1264.0,1264.0
293.0,253.0,1264.0,1391.0
293.0,255.0,1264.0,1022.0
293.0,260.0,1264.0,945.0
293.0,266.0,1264.0,1864.0
293.0,269.0,1264.0,214.0
293.0,284.0,1264.0,2932.0
293.0,285.0,1264.0,1256.0
293.0,287.0,1264.0,1385.0
293.0,293.0,1264.0,1264.0
293.0,294.0,1264.0,3080.0
293.0,296.0,1264.0,2508.0
293.0,297.0,1264.0,1210.0
293.0,298.0,1264.0,3823.0
293.0,318.0,1264.0,3069.0
293.0,327.0,1264.0,1621.0
294.0,7.0,185.0,2573.0
294.0,9.0,3080.0,1454.0
294.0,11.0,1082.0,333.0
294.0,14.0,1082.0,2882.0
294.0,18.0,3080.0,3709.0
294.0,21.0,3080.0,848.0
294.0,23.0,3080.0,3869.0
294.0,33.0,3080.0,1672.0
294.0,37.0,1082.0,3012.0
294.0,40.0,3080.0,1473.0
294.0,49.0,185.0,1060.0
294.0,50.0,1082.0,441.0
294.0,53.0,1082.0,2135.0
294.0,61.0,1082.0,1478.0
294.0,81.0,184.0,1822.0
294.0,96.0,3080.0,338.0
294.0,107.0,3080.0,2388.0
294.0,108.0,3080.0,1720.0
294.0,133.0,185.0,1378.0
294.0,164.0,1082.0,1715.0
294.0,170.0,3080.0,2827.0
294.0,178.0,3080.0,2531.0
294.0,195.0,184.0,1724.0
294.0,200.0,1082.0,1067.0
294.0,219.0,185.0,1695.0
294.0,223.0,3080.0,3874.0
294.0,238.0,184.0,3065.0
294.0,239.0,184.0,834.0
294.0,244.0,3080.0,3808.0
294.0,250.0,184.0,1264.0
294.0,290.0,1082.0,1899.0
294.0,293.0,185.0,1264.0
294.0,294.0,1082.0,184.0
294.0,299.0,185.0,3444.0
294.0,330.0,3080.0,1094.0
295.0,7.0,1419.0,203.0
295.0,10.0,1419.0,3881.0
295.0,11.0,1419.0,333.0
295.0,13.0,1419.0,2946.0
295.0,14.0,1419.0,1169.0
295.0,16.0,1419.0,2878.0
295.0,17.0,1419.0,553.0
295.0,18.0,1419.0,84.0
295.0,28.0,1419.0,3015.0
295.0,29.0,1419.0,2383.0
295.0,37.0,1419.0,3022.0
295.0,41.0,1419.0,2551.0
295.0,44.0,1419.0,85.0
295.0,45.0,1419.0,3269.0
295.0,47.0,1419.0,1951.0
295.0,48.0,1419.0,32.0
295.0,53.0,1419.0,850.0
295.0,54.0,1419.0,2285.0
295.0,71.0,1419.0,1722.0
295.0,72.0,1419.0,324.0
295.0,73.0,1419.0,1664.0
295.0,90.0,1419.0,1418.0
295.0,91.0,1419.0,2762.0
295.0,94.0,1419.0,648.0
295.0,95.0,1419.0,3235.0
295.0,101.0,1419.0,372.0
295.0,102.0,1419.0,3306.0
295.0,114.0,1419.0,2044.0
295.0,116.0,1419.0,2829.0
295.0,122.0,1419.0,2009.0
295.0,128.0,1419.0,3262.0
295.0,140.0,1419.0,3832.0
295.0,146.0,1419.0,255.0
295.0,147.0,1419.0,87.0
295.0,149.0,1419.0,2049.0
295.0,152.0,1419.0,3329.0
295.0,182.0,1419.0,2598.0
295.0,189.0,1419.0,467.0
295.0,194.0,1419.0,257.0
295.0,225.0,1419.0,84.0
295.0,236.0,1419.0,1916.0
295.0,280.0,1419.0,481.0
295.0,295.0,1419.0,1419.0
295.0,314.0,1419.0,1417.0
295.0,335.0,1419.0,3508.0
296.0,2.0,2873.0,3430.0
296.0,8.0,2182.0,3258.0
296.0,14.0,2182.0,1163.0
296.0,15.0,2873.0,2027.0
296.0,22.0,2182.0,1408.0
296.0,25.0,2873.0,490.0
296.0,54.0,2508.0,1001.0
296.0,61.0,2508.0,3343.0
296.0,66.0,2182.0,3696.0
296.0,68.0,2873.0,346.0
296.0,82.0,2508.0,1978.0
296.0,85.0,2508.0,3027.0
296.0,100.0,2873.0,1549.0
296.0,109.0,2182.0,2985.0
296.0,116.0,2508.0,3353.0
296.0,127.0,2508.0,1835.0
296.0,130.0,2508.0,1963.0
296.0,134.0,2508.0,474.0
296.0,139.0,2182.0,2751.0
296.0,140.0,2508.0,1410.0
296.0,144.0,2508.0,542.0
296.0,148.0,2508.0,210.0
296.0,157.0,2508.0,2245.0
296.0,160.0,2182.0,3112.0
296.0,161.0,2182.0,1404.0
296.0,166.0,2508.0,3677.0
296.0,176.0,2508.0,507.0
296.0,178.0,2873.0,2527.0
296.0,223.0,2508.0,2520.0
296.0,226.0,2182.0,1434.0
296.0,265.0,2508.0,3701.0
296.0,266.0,2508.0,1862.0
296.0,292.0,2508.0,3905.0
296.0,296.0,2182.0,2508.0
296.0,341.0,2508.0,3951.0
297.0,6.0,1210.0,2622.0
297.0,14.0,1210.0,606.0
297.0,25.0,1210.0,488.0
297.0,42.0,1210.0,3191.0
297.0,45.0,1210.0,779.0
297.0,53.0,1210.0,3449.0
297.0,54.0,1210.0,2542.0
297.0,62.0,1210.0,1593.0
297.0,72.0,1210.0,321.0
297.0,75.0,1210.0,974.0
297.0,78.0,1210.0,86.0
297.0,81.0,1210.0,986.0
297.0,89.0,1210.0,3903.0
297.0,94.0,1210.0,648.0
297.0,106.0,1210.0,241.0
297.0,143.0,1210.0,2281.0
297.0,151.0,1210.0,86.0
297.0,152.0,1210.0,485.0
297.0,154.0,1210.0,1640.0
297.0,178.0,1210.0,107.0
297.0,198.0,1210.0,826.0
297.0,200.0,1210.0,1067.0
297.0,207.0,1210.0,1257.0
297.0,217.0,1210.0,976.0
297.0,228.0,1210.0,1230.0
297.0,246.0,1210.0,1025.0
297.0,258.0,1210.0,2129.0
297.0,291.0,1210.0,941.0
297.0,297.0,1210.0,1210.0
298.0,2.0,3823.0,3143.0
298.0,8.0,2981.0,2871.0
298.0,11.0,1620.0,333.0
298.0,18.0,3823.0,438.0
298.0,26.0,1828.0,1606.0
298.0,31.0,2981.0,645.0
298.0,33.0,1828.0,3687.0
298.0,39.0,1265.0,3029.0
298.0,48.0,1265.0,817.0
298.0,53.0,3823.0,9.0
298.0,54.0,1265.0,1656.0
298.0,57.0,1620.0,2991.0
298.0,59.0,1265.0,1260.0
298.0,60.0,1265.0,641.0
298.0,61.0,1620.0,1332.0
298.0,76.0,1620.0,1383.0
298.0,77.0,3823.0,2960.0
298.0,80.0,1265.0,1824.0
298.0,83.0,1265.0,1726.0
298.0,85.0,1828.0,1586.0
298.0,94.0,3823.0,646.0
298.0,121.0,2981.0,2966.0
298.0,122.0,1828.0,2031.0
298.0,124.0,1620.0,1302.0
298.0,127.0,1620.0,1835.0
298.0,133.0,3823.0,1838.0
298.0,137.0,3823.0,3680.0
298.0,145.0,1620.0,1716.0
298.0,154.0,1620.0,3580.0
298.0,159.0,3823.0,1621.0
298.0,178.0,2981.0,3332.0
298.0,179.0,1265.0,385.0
298.0,201.0,1265.0,1389.0
298.0,214.0,1828.0,1848.0
298.0,226.0,3823.0,1434.0
298.0,229.0,1265.0,2933.0
298.0,232.0,3823.0,1374.0
298.0,244.0,2981.0,3025.0
298.0,246.0,1620.0,1025.0
298.0,250.0,3823.0,1264.0
298.0,260.0,2981.0,1205.0
298.0,266.0,1828.0,2471.0
298.0,274.0,1620.0,1637.0
298.0,284.0,2981.0,2932.0
298.0,285.0,1620.0,1387.0
298.0,287.0,2981.0,1385.0
298.0,288.0,1265.0,1927.0
298.0,293.0,2981.0,1264.0
298.0,297.0,2981.0,1210.0
298.0,298.0,1620.0,2981.0
298.0,318.0,3823.0,3069.0
298.0,327.0,1620.0,1621.0
298.0,330.0,1620.0,1094.0
298.0,339.0,3823.0,1500.0
299.0,15.0,3444.0,3846.0
299.0,19.0,2047.0,256.0
299.0,22.0,2047.0,526.0
299.0,28.0,3444.0,3015.0
299.0,41.0,2047.0,2551.0
299.0,61.0,2047.0,3726.0
299.0,62.0,3444.0,568.0
299.0,84.0,2047.0,2269.0
299.0,87.0,2047.0,3074.0
299.0,90.0,3444.0,1412.0
299.0,92.0,3444.0,462.0
299.0,95.0,3444.0,3228.0
299.0,96.0,3444.0,339.0
299.0,99.0,2047.0,234.0
299.0,114.0,2047.0,2893.0
299.0,119.0,2047.0,1923.0
299.0,133.0,2047.0,1838.0
299.0,134.0,2047.0,2926.0
299.0,158.0,2047.0,240.0
299.0,178.0,2047.0,2868.0
299.0,189.0,2047.0,1918.0
299.0,205.0,3444.0,3244.0
299.0,235.0,2047.0,2687.0
299.0,277.0,3444.0,2277.0
299.0,299.0,3444.0,2047.0
300.0,7.0,1701.0,3431.0
300.0,9.0,1716.0,2822.0
300.0,11.0,1701.0,333.0
300.0,33.0,1701.0,1649.0
300.0,40.0,1701.0,1473.0
300.0,53.0,1701.0,1523.0
300.0,61.0,1701.0,1329.0
300.0,66.0,1716.0,590.0
300.0,77.0,1701.0,2960.0
300.0,80.0,1716.0,1824.0
300.0,108.0,1716.0,1720.0
300.0,112.0,1701.0,1717.0
300.0,133.0,1716.0,3821.0
300.0,138.0,1701.0,1704.0
300.0,159.0,1701.0,1621.0
300.0,164.0,1701.0,3491.0
300.0,170.0,1716.0,2827.0
300.0,195.0,1716.0,1729.0
300.0,201.0,1716.0,1389.0
300.0,204.0,1716.0,2974.0
300.0,219.0,1716.0,1695.0
300.0,220.0,1701.0,1703.0
300.0,244.0,1716.0,3808.0
300.0,251.0,1716.0,1085.0
300.0,284.0,1701.0,2932.0
300.0,288.0,1716.0,1927.0
300.0,290.0,1716.0,1021.0
300.0,300.0,1701.0,1716.0
300.0,332.0,1701.0,1063.0
300.0,343.0,1701.0,182.0
301.0,6.0,175.0,1809.0
301.0,21.0,175.0,897.0
301.0,26.0,175.0,1085.0
301.0,33.0,175.0,1903.0
301.0,35.0,175.0,2254.0
301.0,49.0,175.0,2569.0
301.0,53.0,175.0,853.0
301.0,72.0,175.0,34.0
301.0,80.0,175.0,1824.0
301.0,81.0,175.0,2963.0
301.0,122.0,175.0,569.0
301.0,147.0,175.0,87.0
301.0,178.0,175.0,1435.0
301.0,197.0,175.0,2415.0
301.0,200.0,175.0,1067.0
301.0,216.0,175.0,1606.0
301.0,223.0,175.0,749.0
301.0,229.0,175.0,2933.0
301.0,238.0,175.0,1505.0
301.0,249.0,175.0,1069.0
301.0,264.0,175.0,1065.0
301.0,275.0,175.0,317.0
301.0,301.0,175.0,175.0
301.0,304.0,175.0,675.0
301.0,317.0,175.0,136.0
301.0,330.0,175.0,1094.0
301.0,332.0,175.0,1070.0
302.0,14.0,1497.0,1177.0
302.0,23.0,1497.0,722.0
302.0,26.0,1497.0,1087.0
302.0,33.0,1497.0,1647.0
302.0,35.0,1497.0,2254.0
302.0,49.0,1497.0,177.0
302.0,50.0,1497.0,1999.0
302.0,53.0,1497.0,19.0
302.0,68.0,1497.0,440.0
302.0,81.0,1497.0,20.0
302.0,171.0,1497.0,1543.0
302.0,177.0,1497.0,413.0
302.0,178.0,1497.0,93.0
302.0,195.0,1497.0,1724.0
302.0,233.0,1497.0,1602.0
302.0,245.0,1497.0,2205.0
302.0,247.0,1497.0,2532.0
302.0,264.0,1497.0,1086.0
302.0,302.0,1497.0,1497.0
302.0,325.0,1497.0,1577.0
302.0,329.0,1497.0,3559.0
302.0,330.0,1497.0,1094.0
302.0,339.0,1497.0,1502.0
303.0,10.0,1403.0,2660.0
303.0,17.0,1403.0,2147.0
303.0,22.0,1403.0,3837.0
303.0,29.0,1403.0,3274.0
303.0,45.0,1403.0,3781.0
303.0,47.0,1403.0,1800.0
303.0,48.0,1403.0,29.0
303.0,53.0,1403.0,3449.0
303.0,62.0,1403.0,73.0
303.0,81.0,1403.0,1670.0
303.0,87.0,1403.0,1446.0
303.0,104.0,1403.0,566.0
303.0,135.0,1403.0,3909.0
303.0,140.0,1403.0,2191.0
303.0,153.0,1403.0,2346.0
303.0,178.0,1403.0,115.0
303.0,199.0,1403.0,1409.0
303.0,212.0,1403.0,354.0
303.0,235.0,1403.0,2696.0
303.0,244.0,1403.0,1013.0
303.0,257.0,1403.0,3479.0
303.0,262.0,1403.0,2506.0
303.0,292.0,1403.0,3581.0
303.0,303.0,1403.0,1403.0
303.0,328.0,1403.0,3292.0
304.0,8.0,1370.0,3258.0
304.0,9.0,676.0,2320.0
304.0,10.0,1936.0,3152.0
304.0,14.0,676.0,885.0
304.0,21.0,1370.0,3381.0
304.0,23.0,1936.0,311.0
304.0,26.0,1936.0,1087.0
304.0,33.0,1936.0,1651.0
304.0,50.0,2267.0,381.0
304.0,53.0,3107.0,2819.0
304.0,58.0,2267.0,1380.0
304.0,66.0,675.0,2181.0
304.0,72.0,675.0,321.0
304.0,77.0,3107.0,2960.0
304.0,81.0,3107.0,3801.0
304.0,111.0,1370.0,1471.0
304.0,117.0,3107.0,137.0
304.0,134.0,675.0,475.0
304.0,155.0,675.0,1023.0
304.0,157.0,675.0,2246.0
304.0,164.0,1370.0,3487.0
304.0,170.0,3107.0,1718.0
304.0,177.0,1936.0,413.0
304.0,178.0,3107.0,3615.0
304.0,180.0,1936.0,186.0
304.0,183.0,1936.0,150.0
304.0,184.0,3107.0,458.0
304.0,188.0,1936.0,2234.0
304.0,190.0,676.0,2721.0
304.0,200.0,1936.0,740.0
304.0,214.0,1936.0,3009.0
304.0,216.0,2267.0,1606.0
304.0,219.0,1936.0,1695.0
304.0,222.0,3107.0,181.0
304.0,223.0,2267.0,2880.0
304.0,224.0,1936.0,1058.0
304.0,225.0,3107.0,84.0
304.0,231.0,675.0,2257.0
304.0,238.0,1936.0,2588.0
304.0,239.0,1936.0,3106.0
304.0,245.0,1936.0,2319.0
304.0,247.0,1936.0,861.0
304.0,251.0,675.0,1085.0
304.0,253.0,1936.0,1391.0
304.0,255.0,1936.0,1648.0
304.0,262.0,675.0,2372.0
304.0,264.0,676.0,1065.0
304.0,266.0,676.0,1864.0
304.0,274.0,675.0,1382.0
304.0,276.0,2267.0,2953.0
304.0,279.0,1370.0,1472.0
304.0,282.0,1370.0,837.0
304.0,301.0,675.0,175.0
304.0,304.0,676.0,3107.0
304.0,306.0,1936.0,1449.0
304.0,330.0,675.0,1094.0
304.0,332.0,2267.0,1071.0
304.0,340.0,675.0,232.0
305.0,2.0,2359.0,2613.0
305.0,3.0,2359.0,2443.0
305.0,7.0,2359.0,196.0
305.0,10.0,2359.0,1426.0
305.0,11.0,2359.0,333.0
305.0,17.0,2359.0,551.0
305.0,19.0,2359.0,256.0
305.0,22.0,2359.0,521.0
305.0,30.0,2359.0,3966.0
305.0,32.0,2359.0,1824.0
305.0,48.0,2359.0,815.0
305.0,53.0,2359.0,852.0
305.0,54.0,2359.0,3224.0
305.0,62.0,2359.0,3145.0
305.0,66.0,2359.0,2989.0
305.0,71.0,2359.0,2237.0
305.0,87.0,2359.0,1447.0
305.0,100.0,2359.0,1547.0
305.0,105.0,2359.0,2035.0
305.0,139.0,2359.0,2092.0
305.0,140.0,2359.0,3972.0
305.0,153.0,2359.0,561.0
305.0,161.0,2359.0,1404.0
305.0,172.0,2359.0,1740.0
305.0,178.0,2151.0,3336.0
305.0,199.0,2151.0,2167.0
305.0,205.0,2359.0,2076.0
305.0,235.0,2359.0,2686.0
305.0,257.0,2359.0,3482.0
305.0,259.0,2359.0,2103.0
305.0,262.0,2359.0,2504.0
305.0,265.0,2359.0,2104.0
305.0,303.0,2359.0,1403.0
305.0,305.0,2359.0,2359.0
305.0,313.0,2359.0,2815.0
305.0,323.0,2359.0,2188.0
305.0,325.0,2359.0,1556.0
305.0,335.0,2359.0,341.0
305.0,339.0,2359.0,1498.0
306.0,2.0,1449.0,3144.0
306.0,8.0,1449.0,207.0
306.0,11.0,494.0,333.0
306.0,22.0,494.0,520.0
306.0,50.0,494.0,990.0
306.0,53.0,494.0,9.0
306.0,56.0,1449.0,1025.0
306.0,61.0,1449.0,3957.0
306.0,66.0,1449.0,2138.0
306.0,72.0,494.0,323.0
306.0,79.0,494.0,2240.0
306.0,87.0,1449.0,1446.0
306.0,90.0,494.0,1416.0
306.0,96.0,1449.0,338.0
306.0,104.0,1449.0,1448.0
306.0,122.0,494.0,3661.0
306.0,134.0,1449.0,2926.0
306.0,140.0,494.0,3832.0
306.0,150.0,1449.0,2899.0
306.0,152.0,1449.0,485.0
306.0,163.0,1449.0,345.0
306.0,165.0,494.0,254.0
306.0,178.0,1449.0,1435.0
306.0,208.0,1449.0,3630.0
306.0,306.0,1449.0,494.0
306.0,312.0,494.0,251.0
306.0,313.0,1449.0,3103.0
306.0,333.0,1449.0,256.0
307.0,6.0,248.0,2619.0
307.0,14.0,248.0,1176.0
307.0,22.0,248.0,2089.0
307.0,23.0,248.0,994.0
307.0,27.0,248.0,2463.0
307.0,47.0,248.0,1800.0
307.0,57.0,248.0,2991.0
307.0,61.0,248.0,1321.0
307.0,63.0,248.0,2741.0
307.0,65.0,248.0,1445.0
307.0,66.0,248.0,589.0
307.0,79.0,248.0,3514.0
307.0,82.0,248.0,1979.0
307.0,87.0,248.0,1447.0
307.0,100.0,248.0,1547.0
307.0,106.0,248.0,3396.0
307.0,107.0,248.0,3267.0
307.0,110.0,248.0,2877.0
307.0,120.0,248.0,2208.0
307.0,126.0,248.0,2139.0
307.0,134.0,248.0,3301.0
307.0,139.0,248.0,2761.0
307.0,140.0,248.0,2293.0
307.0,143.0,248.0,2563.0
307.0,144.0,248.0,540.0
307.0,154.0,248.0,3579.0
307.0,160.0,248.0,2582.0
307.0,162.0,248.0,353.0
307.0,166.0,248.0,1723.0
307.0,173.0,248.0,3975.0
307.0,176.0,248.0,505.0
307.0,178.0,248.0,3612.0
307.0,196.0,248.0,2289.0
307.0,202.0,248.0,3433.0
307.0,208.0,248.0,3629.0
307.0,241.0,248.0,2559.0
307.0,242.0,248.0,193.0
307.0,307.0,248.0,248.0
307.0,312.0,248.0,351.0
307.0,333.0,248.0,256.0
307.0,335.0,248.0,341.0
308.0,14.0,542.0,1154.0
308.0,17.0,542.0,552.0
308.0,22.0,542.0,524.0
308.0,24.0,542.0,332.0
308.0,54.0,542.0,394.0
308.0,61.0,542.0,1479.0
308.0,71.0,542.0,1405.0
308.0,95.0,542.0,2007.0
308.0,136.0,542.0,1402.0
308.0,139.0,542.0,533.0
308.0,140.0,542.0,3255.0
308.0,144.0,542.0,542.0
308.0,161.0,542.0,1404.0
308.0,178.0,542.0,3542.0
308.0,181.0,542.0,2221.0
308.0,204.0,542.0,3036.0
308.0,208.0,542.0,3630.0
308.0,225.0,542.0,84.0
308.0,235.0,542.0,2687.0
308.0,248.0,542.0,697.0
308.0,257.0,542.0,2771.0
308.0,271.0,542.0,340.0
308.0,308.0,542.0,542.0
308.0,323.0,542.0,2188.0
309.0,32.0,1379.0,1824.0
309.0,56.0,1379.0,1026.0
309.0,58.0,1379.0,3069.0
309.0,69.0,1379.0,213.0
309.0,77.0,1379.0,2960.0
309.0,80.0,1379.0,1824.0
309.0,81.0,1379.0,3796.0
309.0,131.0,1379.0,1691.0
309.0,133.0,1379.0,3092.0
309.0,155.0,1379.0,1023.0
309.0,164.0,1379.0,1930.0
309.0,178.0,1379.0,2531.0
309.0,204.0,1379.0,1700.0
309.0,237.0,1379.0,1674.0
309.0,240.0,1379.0,3815.0
309.0,274.0,1379.0,1631.0
309.0,290.0,1379.0,1899.0
309.0,298.0,1379.0,2981.0
309.0,309.0,1379.0,1379.0
309.0,318.0,1379.0,3069.0
310.0,1.0,695.0,1898.0
310.0,10.0,710.0,2659.0
310.0,11.0,693.0,333.0
310.0,12.0,695.0,635.0
310.0,15.0,693.0,3371.0
310.0,18.0,710.0,468.0
310.0,24.0,693.0,3376.0
310.0,28.0,693.0,2046.0
310.0,43.0,695.0,686.0
310.0,53.0,695.0,1527.0
310.0,54.0,695.0,3224.0
310.0,96.0,695.0,339.0
310.0,107.0,710.0,3177.0
310.0,110.0,693.0,2877.0
310.0,122.0,695.0,2024.0
310.0,134.0,693.0,2926.0
310.0,142.0,695.0,685.0
310.0,168.0,710.0,2464.0
310.0,169.0,693.0,662.0
310.0,175.0,710.0,661.0
310.0,185.0,695.0,687.0
310.0,203.0,710.0,1444.0
310.0,205.0,693.0,3244.0
310.0,206.0,693.0,1892.0
310.0,227.0,693.0,1662.0
310.0,243.0,693.0,2352.0
310.0,248.0,693.0,697.0
310.0,273.0,695.0,48.0
310.0,278.0,710.0,1913.0
310.0,310.0,693.0,693.0
310.0,331.0,710.0,578.0
310.0,341.0,693.0,3951.0
311.0,2.0,253.0,3263.0
311.0,8.0,253.0,571.0
311.0,9.0,253.0,1618.0
311.0,10.0,253.0,2659.0
311.0,11.0,253.0,333.0
311.0,13.0,253.0,1937.0
311.0,15.0,253.0,712.0
311.0,18.0,253.0,380.0
311.0,22.0,253.0,525.0
311.0,23.0,253.0,3548.0
311.0,28.0,253.0,2046.0
311.0,34.0,253.0,2105.0
311.0,45.0,253.0,771.0
311.0,48.0,253.0,32.0
311.0,50.0,253.0,89.0
311.0,54.0,253.0,2955.0
311.0,62.0,253.0,3314.0
311.0,68.0,253.0,1642.0
311.0,70.0,253.0,1598.0
311.0,72.0,253.0,323.0
311.0,73.0,253.0,1665.0
311.0,79.0,253.0,2240.0
311.0,87.0,253.0,1447.0
311.0,89.0,253.0,3903.0
311.0,94.0,253.0,646.0
311.0,96.0,253.0,2195.0
311.0,114.0,253.0,2904.0
311.0,118.0,253.0,352.0
311.0,120.0,253.0,2158.0
311.0,134.0,253.0,3539.0
311.0,138.0,253.0,1711.0
311.0,140.0,253.0,2293.0
311.0,144.0,253.0,542.0
311.0,146.0,253.0,255.0
311.0,150.0,253.0,2196.0
311.0,152.0,253.0,3424.0
311.0,161.0,253.0,1404.0
311.0,163.0,253.0,201.0
311.0,165.0,253.0,254.0
311.0,166.0,253.0,3653.0
311.0,173.0,253.0,3975.0
311.0,178.0,253.0,2129.0
311.0,186.0,253.0,2136.0
311.0,197.0,253.0,399.0
311.0,208.0,253.0,801.0
311.0,223.0,253.0,724.0
311.0,239.0,253.0,834.0
311.0,241.0,253.0,2560.0
311.0,244.0,253.0,1591.0
311.0,252.0,253.0,2200.0
311.0,267.0,253.0,3328.0
311.0,271.0,253.0,340.0
311.0,272.0,253.0,2057.0
311.0,275.0,253.0,55.0
311.0,292.0,253.0,142.0
311.0,311.0,253.0,253.0
311.0,312.0,253.0,250.0
311.0,321.0,253.0,241.0
311.0,333.0,253.0,256.0
312.0,17.0,351.0,3624.0
312.0,22.0,351.0,524.0
312.0,24.0,351.0,2282.0
312.0,30.0,351.0,3966.0
312.0,38.0,351.0,2213.0
312.0,50.0,250.0,381.0
312.0,63.0,250.0,2742.0
312.0,65.0,351.0,1445.0
312.0,66.0,251.0,2181.0
312.0,68.0,351.0,346.0
312.0,72.0,351.0,27.0
312.0,82.0,351.0,1979.0
312.0,96.0,351.0,2195.0
312.0,104.0,351.0,1448.0
312.0,105.0,351.0,2035.0
312.0,109.0,351.0,1336.0
312.0,126.0,351.0,2139.0
312.0,157.0,251.0,2449.0
312.0,160.0,351.0,487.0
312.0,176.0,251.0,502.0
312.0,243.0,351.0,260.0
312.0,253.0,351.0,1391.0
312.0,262.0,351.0,2190.0
312.0,265.0,351.0,3063.0
312.0,267.0,251.0,3328.0
312.0,306.0,250.0,1449.0
312.0,335.0,351.0,341.0
312.0,336.0,351.0,255.0
312.0,345.0,351.0,2197.0
313.0,2.0,252.0,979.0
313.0,5.0,3103.0,54.0
313.0,7.0,3377.0,1122.0
313.0,8.0,3377.0,191.0
313.0,18.0,2816.0,443.0
313.0,19.0,2815.0,256.0
313.0,25.0,3377.0,206.0
313.0,36.0,587.0,255.0
313.0,45.0,3103.0,798.0
313.0,47.0,586.0,1993.0
313.0,48.0,3102.0,383.0
313.0,50.0,3377.0,2637.0
313.0,53.0,587.0,854.0
313.0,61.0,587.0,3181.0
313.0,63.0,3102.0,2741.0
313.0,72.0,3102.0,321.0
313.0,79.0,3102.0,2240.0
313.0,92.0,2592.0,2119.0
313.0,95.0,2816.0,1514.0
313.0,96.0,586.0,339.0
313.0,98.0,498.0,1419.0
313.0,101.0,3103.0,372.0
313.0,106.0,2816.0,241.0
313.0,109.0,2592.0,1392.0
313.0,114.0,586.0,2045.0
313.0,116.0,587.0,3353.0
313.0,118.0,2592.0,352.0
313.0,126.0,2815.0,2139.0
313.0,134.0,498.0,474.0
313.0,139.0,587.0,537.0
313.0,140.0,586.0,2758.0
313.0,143.0,3102.0,2563.0
313.0,150.0,587.0,2899.0
313.0,154.0,2592.0,3580.0
313.0,158.0,3103.0,242.0
313.0,160.0,252.0,2582.0
313.0,162.0,587.0,353.0
313.0,165.0,586.0,254.0
313.0,176.0,586.0,576.0
313.0,178.0,3103.0,1435.0
313.0,196.0,3377.0,436.0
313.0,197.0,2815.0,350.0
313.0,199.0,586.0,1409.0
313.0,202.0,3103.0,3433.0
313.0,208.0,3102.0,2453.0
313.0,209.0,3377.0,2134.0
313.0,243.0,498.0,3175.0
313.0,257.0,3102.0,3482.0
313.0,262.0,3102.0,2504.0
313.0,267.0,498.0,3328.0
313.0,277.0,586.0,2278.0
313.0,305.0,3377.0,2359.0
313.0,306.0,2815.0,494.0
313.0,307.0,587.0,248.0
313.0,311.0,498.0,253.0
313.0,312.0,3102.0,351.0
313.0,313.0,2816.0,3377.0
313.0,321.0,587.0,241.0
313.0,333.0,2816.0,256.0
313.0,336.0,2815.0,255.0
313.0,337.0,3102.0,3023.0
314.0,5.0,2026.0,54.0
314.0,11.0,2049.0,333.0
314.0,12.0,2049.0,3392.0
314.0,14.0,2026.0,1248.0
314.0,15.0,2026.0,712.0
314.0,20.0,2026.0,681.0
314.0,24.0,1417.0,1491.0
314.0,41.0,2049.0,36.0
314.0,47.0,2049.0,1989.0
314.0,48.0,2026.0,818.0
314.0,51.0,2026.0,2580.0
314.0,54.0,1417.0,1002.0
314.0,61.0,2049.0,2671.0
314.0,62.0,1417.0,77.0
314.0,66.0,2026.0,591.0
314.0,68.0,2049.0,440.0
314.0,72.0,2049.0,323.0
314.0,90.0,2049.0,1416.0
314.0,95.0,2026.0,46.0
314.0,99.0,1417.0,234.0
314.0,107.0,2026.0,3933.0
314.0,114.0,1417.0,1414.0
314.0,122.0,2026.0,569.0
314.0,134.0,2026.0,475.0
314.0,147.0,1417.0,337.0
314.0,149.0,2049.0,2049.0
314.0,156.0,2049.0,829.0
314.0,167.0,1417.0,3372.0
314.0,173.0,2049.0,3975.0
314.0,178.0,2049.0,3739.0
314.0,183.0,2049.0,1585.0
314.0,196.0,2026.0,2289.0
314.0,197.0,1417.0,347.0
314.0,205.0,2049.0,2718.0
314.0,224.0,1417.0,2518.0
314.0,227.0,2049.0,2183.0
314.0,243.0,1417.0,3432.0
314.0,295.0,2049.0,1419.0
314.0,307.0,2026.0,248.0
314.0,314.0,1417.0,1417.0
315.0,10.0,1926.0,3247.0
315.0,40.0,1717.0,1676.0
315.0,52.0,1926.0,1843.0
315.0,112.0,1442.0,1717.0
315.0,115.0,1922.0,83.0
315.0,133.0,2538.0,1014.0
315.0,138.0,2538.0,1710.0
315.0,143.0,1926.0,2564.0
315.0,164.0,1442.0,3076.0
315.0,170.0,1926.0,2827.0
315.0,195.0,1922.0,187.0
315.0,219.0,1442.0,1695.0
315.0,238.0,1926.0,3065.0
315.0,288.0,1717.0,1927.0
315.0,300.0,1926.0,1701.0
315.0,315.0,1926.0,1922.0
315.0,318.0,1442.0,3069.0
315.0,322.0,2538.0,3192.0
315.0,343.0,1717.0,1441.0
316.0,6.0,1868.0,1113.0
316.0,11.0,1868.0,333.0
316.0,14.0,1868.0,1170.0
316.0,21.0,1868.0,891.0
316.0,23.0,1867.0,786.0
316.0,31.0,1868.0,2922.0
316.0,42.0,1867.0,921.0
316.0,45.0,1868.0,770.0
316.0,48.0,1868.0,818.0
316.0,50.0,1867.0,1999.0
316.0,53.0,1867.0,851.0
316.0,56.0,1868.0,1026.0
316.0,61.0,1868.0,3732.0
316.0,62.0,1867.0,1040.0
316.0,68.0,1868.0,328.0
316.0,70.0,1868.0,1705.0
316.0,81.0,1868.0,3801.0
316.0,89.0,1868.0,3903.0
316.0,103.0,1868.0,2468.0
316.0,105.0,1867.0,2117.0
316.0,111.0,1868.0,1471.0
316.0,117.0,1868.0,137.0
316.0,121.0,1868.0,2966.0
316.0,124.0,1868.0,3066.0
316.0,128.0,1868.0,2021.0
316.0,133.0,1868.0,1845.0
316.0,135.0,1868.0,3947.0
316.0,140.0,1868.0,2153.0
316.0,166.0,1868.0,956.0
316.0,172.0,1868.0,1732.0
316.0,178.0,1867.0,2846.0
316.0,183.0,1867.0,1585.0
316.0,190.0,1868.0,3974.0
316.0,196.0,1868.0,322.0
316.0,197.0,1867.0,330.0
316.0,214.0,1867.0,1870.0
316.0,219.0,1868.0,1695.0
316.0,223.0,1867.0,781.0
316.0,224.0,1867.0,2518.0
316.0,229.0,1868.0,2932.0
316.0,240.0,1868.0,3811.0
316.0,244.0,1868.0,3025.0
316.0,250.0,1868.0,1264.0
316.0,253.0,1868.0,2126.0
316.0,261.0,1868.0,650.0
316.0,266.0,1867.0,3604.0
316.0,284.0,1867.0,2932.0
316.0,289.0,1867.0,2102.0
316.0,291.0,1868.0,942.0
316.0,298.0,1867.0,2981.0
316.0,316.0,1867.0,1867.0
316.0,322.0,1867.0,3192.0
316.0,328.0,1868.0,3293.0
317.0,7.0,136.0,2572.0
317.0,11.0,136.0,333.0
317.0,12.0,136.0,3392.0
317.0,13.0,136.0,153.0
317.0,18.0,136.0,84.0
317.0,23.0,136.0,2714.0
317.0,28.0,136.0,2046.0
317.0,30.0,136.0,3966.0
317.0,37.0,136.0,403.0
317.0,43.0,136.0,686.0
317.0,45.0,136.0,2460.0
317.0,49.0,136.0,172.0
317.0,53.0,136.0,2819.0
317.0,54.0,136.0,1655.0
317.0,62.0,136.0,3637.0
317.0,64.0,136.0,2826.0
317.0,66.0,136.0,3394.0
317.0,68.0,136.0,440.0
317.0,72.0,136.0,3635.0
317.0,78.0,136.0,86.0
317.0,81.0,136.0,3794.0
317.0,107.0,136.0,1125.0
317.0,141.0,136.0,237.0
317.0,142.0,136.0,685.0
317.0,147.0,136.0,337.0
317.0,151.0,136.0,86.0
317.0,156.0,136.0,828.0
317.0,163.0,136.0,2192.0
317.0,178.0,136.0,3347.0
317.0,182.0,136.0,2008.0
317.0,187.0,136.0,81.0
317.0,190.0,136.0,152.0
317.0,191.0,136.0,139.0
317.0,196.0,136.0,322.0
317.0,198.0,136.0,826.0
317.0,200.0,136.0,3446.0
317.0,221.0,136.0,167.0
317.0,223.0,136.0,751.0
317.0,225.0,136.0,84.0
317.0,227.0,136.0,2183.0
317.0,233.0,136.0,1574.0
317.0,238.0,136.0,1506.0
317.0,263.0,136.0,824.0
317.0,275.0,136.0,317.0
317.0,282.0,136.0,841.0
317.0,317.0,136.0,136.0
317.0,325.0,136.0,1564.0
317.0,329.0,136.0,420.0
318.0,14.0,3069.0,3477.0
318.0,26.0,3069.0,1606.0
318.0,39.0,3069.0,3029.0
318.0,40.0,3069.0,1676.0
318.0,58.0,3069.0,3069.0
318.0,60.0,3069.0,2861.0
318.0,80.0,3069.0,1824.0
318.0,112.0,3069.0,1717.0
318.0,131.0,3069.0,3955.0
318.0,133.0,3069.0,1016.0
318.0,155.0,3069.0,1023.0
318.0,158.0,3069.0,249.0
318.0,164.0,3069.0,3487.0
318.0,178.0,3069.0,3543.0
318.0,201.0,3069.0,1389.0
318.0,207.0,3069.0,1024.0
318.0,230.0,3069.0,1727.0
318.0,232.0,3069.0,1374.0
318.0,237.0,3069.0,1674.0
318.0,244.0,3069.0,3808.0
318.0,246.0,3069.0,1025.0
318.0,249.0,3069.0,1069.0
318.0,250.0,3069.0,1264.0
318.0,272.0,3069.0,2060.0
318.0,286.0,3069.0,1383.0
318.0,298.0,3069.0,1620.0
318.0,309.0,3069.0,1379.0
318.0,318.0,3069.0,3069.0
318.0,330.0,3069.0,1094.0
319.0,12.0,3633.0,635.0
319.0,22.0,3633.0,520.0
319.0,87.0,3633.0,3074.0
319.0,134.0,3633.0,473.0
319.0,165.0,3633.0,254.0
319.0,175.0,3633.0,661.0
319.0,178.0,3633.0,1435.0
319.0,267.0,3633.0,3328.0
319.0,319.0,3633.0,3633.0
320.0,4.0,352.0,1198.0
320.0,8.0,2037.0,588.0
320.0,14.0,352.0,885.0
320.0,17.0,352.0,551.0
320.0,21.0,2037.0,848.0
320.0,22.0,352.0,2089.0
320.0,44.0,2037.0,3593.0
320.0,50.0,352.0,3056.0
320.0,54.0,352.0,2542.0
320.0,57.0,352.0,2211.0
320.0,63.0,352.0,2741.0
320.0,65.0,2037.0,1445.0
320.0,66.0,2037.0,2138.0
320.0,71.0,352.0,2304.0
320.0,100.0,2037.0,2091.0
320.0,105.0,2037.0,2035.0
320.0,126.0,2037.0,2139.0
320.0,139.0,2037.0,563.0
320.0,143.0,352.0,2563.0
320.0,144.0,2037.0,542.0
320.0,153.0,352.0,2768.0
320.0,162.0,352.0,353.0
320.0,176.0,2037.0,502.0
320.0,178.0,352.0,1435.0
320.0,186.0,352.0,2136.0
320.0,199.0,2037.0,1409.0
320.0,208.0,352.0,2454.0
320.0,213.0,2037.0,829.0
320.0,234.0,352.0,145.0
320.0,259.0,352.0,2114.0
320.0,267.0,352.0,3328.0
320.0,283.0,352.0,541.0
320.0,289.0,2037.0,2102.0
320.0,296.0,352.0,2508.0
320.0,320.0,352.0,352.0
321.0,2.0,241.0,3454.0
321.0,7.0,241.0,203.0
321.0,8.0,241.0,3256.0
321.0,10.0,241.0,2095.0
321.0,14.0,241.0,2883.0
321.0,23.0,241.0,2145.0
321.0,24.0,241.0,130.0
321.0,45.0,241.0,66.0
321.0,46.0,241.0,714.0
321.0,48.0,241.0,805.0
321.0,62.0,241.0,77.0
321.0,63.0,241.0,2742.0
321.0,66.0,241.0,2989.0
321.0,72.0,241.0,33.0
321.0,78.0,241.0,86.0
321.0,79.0,241.0,2590.0
321.0,81.0,241.0,1532.0
321.0,95.0,241.0,3405.0
321.0,96.0,241.0,339.0
321.0,101.0,241.0,372.0
321.0,134.0,241.0,472.0
321.0,135.0,241.0,3265.0
321.0,136.0,241.0,1832.0
321.0,146.0,241.0,255.0
321.0,150.0,241.0,2899.0
321.0,162.0,241.0,353.0
321.0,165.0,241.0,254.0
321.0,178.0,241.0,3664.0
321.0,197.0,241.0,334.0
321.0,223.0,241.0,1214.0
321.0,241.0,241.0,3034.0
321.0,251.0,241.0,1085.0
321.0,253.0,241.0,1391.0
321.0,311.0,241.0,253.0
321.0,313.0,241.0,587.0
321.0,321.0,241.0,241.0
321.0,333.0,241.0,256.0
321.0,336.0,241.0,255.0
321.0,337.0,241.0,3023.0
322.0,2.0,3192.0,972.0
322.0,4.0,3192.0,1198.0
322.0,6.0,3192.0,3550.0
322.0,7.0,3192.0,3303.0
322.0,10.0,3192.0,453.0
322.0,11.0,3192.0,333.0
322.0,14.0,3192.0,2555.0
322.0,21.0,3192.0,2722.0
322.0,23.0,3192.0,275.0
322.0,26.0,3192.0,3473.0
322.0,42.0,3192.0,920.0
322.0,53.0,3192.0,858.0
322.0,54.0,3192.0,2870.0
322.0,60.0,3192.0,2861.0
322.0,61.0,3192.0,1763.0
322.0,62.0,3192.0,3386.0
322.0,66.0,3192.0,3394.0
322.0,68.0,3192.0,1054.0
322.0,77.0,3192.0,1725.0
322.0,78.0,3192.0,86.0
322.0,81.0,3192.0,3683.0
322.0,107.0,3192.0,3177.0
322.0,125.0,3192.0,720.0
322.0,163.0,3192.0,201.0
322.0,170.0,3192.0,1718.0
322.0,176.0,3192.0,2595.0
322.0,178.0,3192.0,1435.0
322.0,197.0,3192.0,350.0
322.0,198.0,3192.0,826.0
322.0,200.0,3192.0,738.0
322.0,202.0,3192.0,258.0
322.0,212.0,3192.0,354.0
322.0,217.0,3192.0,976.0
322.0,223.0,3192.0,754.0
322.0,224.0,3192.0,993.0
322.0,230.0,3192.0,2964.0
322.0,259.0,3192.0,2113.0
322.0,260.0,3192.0,1205.0
322.0,266.0,3192.0,1856.0
322.0,279.0,3192.0,212.0
322.0,291.0,3192.0,946.0
322.0,308.0,3192.0,542.0
322.0,316.0,3192.0,1868.0
322.0,322.0,3192.0,3192.0
322.0,328.0,3192.0,24.0
322.0,342.0,3192.0,2736.0
323.0,7.0,2199.0,3210.0
323.0,17.0,2188.0,545.0
323.0,22.0,2199.0,518.0
323.0,45.0,3507.0,2644.0
323.0,61.0,3507.0,2701.0
323.0,62.0,3507.0,895.0
323.0,71.0,2199.0,1405.0
323.0,79.0,2188.0,2239.0
323.0,105.0,2188.0,2035.0
323.0,134.0,2199.0,3050.0
323.0,136.0,3507.0,1834.0
323.0,139.0,3507.0,2092.0
323.0,140.0,2188.0,2191.0
323.0,144.0,3507.0,2088.0
323.0,153.0,3507.0,561.0
323.0,161.0,2199.0,1404.0
323.0,162.0,2199.0,353.0
323.0,178.0,2199.0,101.0
323.0,199.0,2199.0,1409.0
323.0,235.0,3507.0,2695.0
323.0,257.0,3507.0,3480.0
323.0,262.0,2188.0,2372.0
323.0,303.0,3507.0,1403.0
323.0,305.0,2188.0,2359.0
323.0,308.0,2199.0,542.0
323.0,323.0,2199.0,2199.0
323.0,335.0,2188.0,3508.0
324.0,23.0,1443.0,281.0
324.0,33.0,1443.0,3685.0
324.0,108.0,1443.0,1720.0
324.0,133.0,1443.0,1836.0
324.0,163.0,1443.0,345.0
324.0,164.0,1443.0,1928.0
324.0,170.0,1443.0,1718.0
324.0,204.0,1443.0,2968.0
324.0,224.0,1443.0,377.0
324.0,247.0,1443.0,730.0
324.0,288.0,1443.0,1927.0
324.0,324.0,1443.0,1443.0
325.0,6.0,1580.0,889.0
325.0,9.0,1544.0,1456.0
325.0,13.0,3130.0,1938.0
325.0,24.0,1577.0,43.0
325.0,26.0,1088.0,1087.0
325.0,33.0,1562.0,3128.0
325.0,45.0,3130.0,2143.0
325.0,49.0,1557.0,1060.0
325.0,50.0,1566.0,2636.0
325.0,53.0,3115.0,3449.0
325.0,56.0,1075.0,1826.0
325.0,72.0,1564.0,3248.0
325.0,77.0,1557.0,1725.0
325.0,78.0,1560.0,86.0
325.0,97.0,1578.0,236.0
325.0,103.0,1556.0,2468.0
325.0,105.0,1575.0,2035.0
325.0,118.0,1557.0,352.0
325.0,122.0,1581.0,2024.0
325.0,129.0,425.0,826.0
325.0,156.0,2679.0,829.0
325.0,171.0,1582.0,1543.0
325.0,181.0,1566.0,2221.0
325.0,188.0,1582.0,3523.0
325.0,191.0,1578.0,138.0
325.0,195.0,1562.0,188.0
325.0,201.0,2662.0,1389.0
325.0,215.0,3115.0,149.0
325.0,227.0,1564.0,344.0
325.0,233.0,3130.0,1603.0
325.0,238.0,1566.0,3065.0
325.0,248.0,1556.0,697.0
325.0,251.0,1560.0,1085.0
325.0,275.0,1823.0,82.0
325.0,282.0,3115.0,1617.0
325.0,302.0,3130.0,1497.0
325.0,317.0,427.0,136.0
325.0,324.0,425.0,1443.0
325.0,325.0,1577.0,3130.0
325.0,326.0,1577.0,3556.0
325.0,329.0,1566.0,417.0
325.0,330.0,1566.0,1094.0
325.0,339.0,1566.0,1502.0
326.0,9.0,3556.0,2265.0
326.0,10.0,3556.0,3884.0
326.0,14.0,3556.0,1252.0
326.0,18.0,3556.0,1484.0
326.0,21.0,3556.0,3380.0
326.0,26.0,3556.0,1087.0
326.0,33.0,3556.0,384.0
326.0,44.0,3556.0,85.0
326.0,45.0,3556.0,2417.0
326.0,47.0,3556.0,2547.0
326.0,53.0,3556.0,9.0
326.0,61.0,3556.0,3731.0
326.0,64.0,3556.0,1081.0
326.0,77.0,3556.0,2960.0
326.0,78.0,3556.0,86.0
326.0,81.0,3556.0,3116.0
326.0,88.0,3556.0,688.0
326.0,125.0,3556.0,720.0
326.0,137.0,3556.0,3680.0
326.0,142.0,3556.0,685.0
326.0,178.0,3556.0,101.0
326.0,185.0,3556.0,1543.0
326.0,187.0,3556.0,81.0
326.0,190.0,3556.0,151.0
326.0,195.0,3556.0,1724.0
326.0,198.0,3556.0,826.0
326.0,200.0,3556.0,1067.0
326.0,216.0,3556.0,1606.0
326.0,222.0,3556.0,180.0
326.0,223.0,3556.0,784.0
326.0,224.0,3556.0,993.0
326.0,244.0,3556.0,3037.0
326.0,248.0,3556.0,2036.0
326.0,249.0,3556.0,1069.0
326.0,255.0,3556.0,3556.0
326.0,264.0,3556.0,844.0
326.0,275.0,3556.0,82.0
326.0,317.0,3556.0,136.0
326.0,322.0,3556.0,3192.0
326.0,326.0,3556.0,3556.0
326.0,330.0,3556.0,1094.0
326.0,332.0,3556.0,1071.0
327.0,11.0,1621.0,333.0
327.0,26.0,1621.0,3474.0
327.0,59.0,1621.0,1827.0
327.0,133.0,1621.0,1838.0
327.0,158.0,1621.0,497.0
327.0,159.0,1621.0,1621.0
327.0,178.0,1621.0,2250.0
327.0,180.0,1621.0,2150.0
327.0,195.0,1621.0,638.0
327.0,196.0,1621.0,2416.0
327.0,201.0,1621.0,1389.0
327.0,214.0,1621.0,126.0
327.0,298.0,1621.0,1265.0
327.0,327.0,1621.0,1621.0
328.0,2.0,2509.0,3455.0
328.0,4.0,24.0,314.0
328.0,6.0,3291.0,884.0
328.0,7.0,2513.0,1315.0
328.0,8.0,3901.0,3256.0
328.0,12.0,316.0,3392.0
328.0,13.0,831.0,153.0
328.0,14.0,1051.0,2886.0
328.0,18.0,1049.0,3657.0
328.0,23.0,831.0,2715.0
328.0,26.0,24.0,3471.0
328.0,28.0,832.0,2046.0
328.0,30.0,3901.0,3966.0
328.0,33.0,1049.0,3803.0
328.0,41.0,3901.0,331.0
328.0,45.0,24.0,771.0
328.0,47.0,24.0,1956.0
328.0,48.0,3783.0,383.0
328.0,50.0,316.0,442.0
328.0,53.0,24.0,3449.0
328.0,54.0,1049.0,716.0
328.0,58.0,3901.0,3069.0
328.0,60.0,1051.0,2938.0
328.0,62.0,2513.0,1593.0
328.0,64.0,3292.0,1081.0
328.0,66.0,3293.0,590.0
328.0,68.0,831.0,1641.0
328.0,74.0,2509.0,2054.0
328.0,78.0,1051.0,86.0
328.0,86.0,831.0,1559.0
328.0,103.0,3901.0,2468.0
328.0,115.0,832.0,830.0
328.0,121.0,2509.0,2966.0
328.0,122.0,3293.0,2032.0
328.0,129.0,3292.0,827.0
328.0,132.0,2513.0,3202.0
328.0,135.0,1049.0,3265.0
328.0,137.0,24.0,3680.0
328.0,139.0,3291.0,2752.0
328.0,147.0,3292.0,337.0
328.0,156.0,3291.0,828.0
328.0,158.0,832.0,3378.0
328.0,161.0,3291.0,1404.0
328.0,171.0,3656.0,1543.0
328.0,185.0,3656.0,703.0
328.0,187.0,3901.0,81.0
328.0,191.0,2509.0,138.0
328.0,196.0,316.0,2416.0
328.0,197.0,1049.0,335.0
328.0,198.0,3291.0,826.0
328.0,200.0,3292.0,3164.0
328.0,223.0,3292.0,868.0
328.0,224.0,3783.0,376.0
328.0,225.0,316.0,84.0
328.0,227.0,24.0,2184.0
328.0,228.0,832.0,1228.0
328.0,247.0,3783.0,2532.0
328.0,275.0,1049.0,55.0
328.0,292.0,3292.0,3581.0
328.0,313.0,3291.0,2592.0
328.0,316.0,3901.0,1868.0
328.0,317.0,3291.0,136.0
328.0,322.0,24.0,3192.0
328.0,326.0,24.0,3556.0
328.0,328.0,3783.0,3656.0
328.0,342.0,24.0,1209.0
329.0,1.0,420.0,2832.0
329.0,9.0,1077.0,2635.0
329.0,11.0,420.0,333.0
329.0,12.0,417.0,3392.0
329.0,14.0,418.0,1239.0
329.0,26.0,420.0,3473.0
329.0,27.0,420.0,713.0
329.0,28.0,423.0,2046.0
329.0,30.0,420.0,3966.0
329.0,37.0,2939.0,3022.0
329.0,49.0,418.0,1060.0
329.0,50.0,2939.0,1999.0
329.0,53.0,420.0,3167.0
329.0,68.0,420.0,1054.0
329.0,73.0,420.0,336.0
329.0,76.0,2939.0,1383.0
329.0,77.0,420.0,2966.0
329.0,78.0,420.0,86.0
329.0,81.0,419.0,387.0
329.0,86.0,417.0,1559.0
329.0,115.0,1496.0,83.0
329.0,123.0,422.0,682.0
329.0,125.0,420.0,720.0
329.0,129.0,424.0,1846.0
329.0,141.0,417.0,237.0
329.0,147.0,418.0,87.0
329.0,163.0,420.0,345.0
329.0,182.0,3559.0,2008.0
329.0,187.0,424.0,81.0
329.0,188.0,1074.0,3418.0
329.0,190.0,2939.0,2721.0
329.0,195.0,1503.0,1729.0
329.0,198.0,1503.0,826.0
329.0,200.0,419.0,739.0
329.0,216.0,1503.0,1606.0
329.0,221.0,422.0,148.0
329.0,224.0,424.0,991.0
329.0,225.0,420.0,84.0
329.0,232.0,421.0,1374.0
329.0,238.0,422.0,2393.0
329.0,247.0,2650.0,2511.0
329.0,264.0,2650.0,174.0
329.0,269.0,422.0,214.0
329.0,275.0,420.0,989.0
329.0,317.0,422.0,136.0
329.0,325.0,1077.0,3130.0
329.0,329.0,420.0,420.0
329.0,339.0,1074.0,1500.0
330.0,6.0,1094.0,2619.0
330.0,9.0,1094.0,1460.0
330.0,10.0,1094.0,3927.0
330.0,18.0,1094.0,2663.0
330.0,24.0,1094.0,43.0
330.0,26.0,1094.0,3472.0
330.0,33.0,1094.0,3806.0
330.0,39.0,1094.0,3026.0
330.0,44.0,1094.0,85.0
330.0,47.0,1094.0,1949.0
330.0,53.0,1094.0,1066.0
330.0,54.0,1094.0,2543.0
330.0,60.0,1094.0,2938.0
330.0,76.0,1094.0,1383.0
330.0,77.0,1094.0,2966.0
330.0,81.0,1094.0,215.0
330.0,89.0,1094.0,3903.0
330.0,125.0,1094.0,720.0
330.0,129.0,1094.0,833.0
330.0,155.0,1094.0,1023.0
330.0,171.0,1094.0,1543.0
330.0,178.0,1094.0,2492.0
330.0,181.0,1094.0,2221.0
330.0,200.0,1094.0,1067.0
330.0,216.0,1094.0,1606.0
330.0,217.0,1094.0,976.0
330.0,221.0,1094.0,167.0
330.0,222.0,1094.0,677.0
330.0,249.0,1094.0,1069.0
330.0,251.0,1094.0,1085.0
330.0,264.0,1094.0,1086.0
330.0,272.0,1094.0,2155.0
330.0,275.0,1094.0,82.0
330.0,282.0,1094.0,1617.0
330.0,325.0,1094.0,1577.0
330.0,330.0,1094.0,1094.0
330.0,332.0,1094.0,1063.0
330.0,339.0,1094.0,1499.0
331.0,13.0,578.0,154.0
331.0,15.0,578.0,2956.0
331.0,16.0,578.0,2879.0
331.0,17.0,578.0,3367.0
331.0,23.0,578.0,1053.0
331.0,33.0,578.0,2749.0
331.0,45.0,578.0,2459.0
331.0,51.0,578.0,2580.0
331.0,54.0,578.0,2285.0
331.0,72.0,578.0,40.0
331.0,90.0,578.0,1416.0
331.0,91.0,578.0,2762.0
331.0,102.0,578.0,3306.0
331.0,122.0,578.0,3661.0
331.0,128.0,578.0,2023.0
331.0,134.0,578.0,3539.0
331.0,142.0,578.0,685.0
331.0,167.0,578.0,3373.0
331.0,169.0,578.0,662.0
331.0,205.0,578.0,3244.0
331.0,223.0,578.0,3874.0
331.0,273.0,578.0,48.0
331.0,292.0,578.0,3581.0
331.0,314.0,578.0,2026.0
331.0,331.0,578.0,578.0
332.0,6.0,1063.0,287.0
332.0,7.0,1063.0,2600.0
332.0,10.0,1063.0,3879.0
332.0,11.0,1063.0,333.0
332.0,21.0,1070.0,2093.0
332.0,26.0,1063.0,3469.0
332.0,33.0,1071.0,3686.0
332.0,39.0,1063.0,3029.0
332.0,44.0,1071.0,85.0
332.0,47.0,1063.0,1946.0
332.0,49.0,1070.0,1079.0
332.0,50.0,1063.0,3056.0
332.0,53.0,1070.0,851.0
332.0,60.0,1063.0,1381.0
332.0,62.0,1063.0,816.0
332.0,80.0,1063.0,1824.0
332.0,81.0,2934.0,3359.0
332.0,88.0,1063.0,688.0
332.0,90.0,2934.0,1418.0
332.0,115.0,1071.0,2515.0
332.0,125.0,1071.0,720.0
332.0,129.0,2934.0,825.0
332.0,138.0,2934.0,1710.0
332.0,141.0,1070.0,238.0
332.0,148.0,1070.0,2823.0
332.0,155.0,1071.0,1023.0
332.0,156.0,1070.0,829.0
332.0,164.0,1070.0,3491.0
332.0,170.0,1063.0,1718.0
332.0,172.0,1063.0,1247.0
332.0,174.0,1070.0,1910.0
332.0,177.0,2934.0,1600.0
332.0,178.0,1070.0,2250.0
332.0,179.0,1070.0,385.0
332.0,188.0,2934.0,2235.0
332.0,195.0,1070.0,3679.0
332.0,197.0,1071.0,329.0
332.0,200.0,1063.0,2185.0
332.0,213.0,1063.0,829.0
332.0,216.0,1063.0,1606.0
332.0,220.0,1063.0,1933.0
332.0,233.0,1070.0,430.0
332.0,238.0,1063.0,3081.0
332.0,241.0,2934.0,3426.0
332.0,243.0,1063.0,2352.0
332.0,247.0,1070.0,16.0
332.0,249.0,1070.0,1069.0
332.0,251.0,1063.0,1085.0
332.0,255.0,1063.0,1648.0
332.0,263.0,1070.0,824.0
332.0,264.0,1063.0,1086.0
332.0,269.0,1063.0,214.0
332.0,274.0,1070.0,1636.0
332.0,282.0,1071.0,841.0
332.0,284.0,1071.0,2932.0
332.0,288.0,2934.0,1927.0
332.0,290.0,1071.0,1899.0
332.0,291.0,1063.0,941.0
332.0,302.0,1070.0,1497.0
332.0,304.0,1071.0,1936.0
332.0,308.0,1063.0,542.0
332.0,311.0,2934.0,253.0
332.0,330.0,1070.0,1094.0
332.0,332.0,2934.0,1070.0
333.0,2.0,256.0,636.0
333.0,5.0,256.0,2010.0
333.0,10.0,256.0,932.0
333.0,14.0,256.0,2866.0
333.0,22.0,256.0,3834.0
333.0,53.0,256.0,845.0
333.0,56.0,256.0,643.0
333.0,65.0,256.0,1445.0
333.0,66.0,256.0,2989.0
333.0,78.0,256.0,86.0
333.0,79.0,256.0,2239.0
333.0,87.0,256.0,3067.0
333.0,96.0,256.0,339.0
333.0,113.0,256.0,2692.0
333.0,128.0,256.0,3262.0
333.0,131.0,256.0,3955.0
333.0,140.0,256.0,3971.0
333.0,152.0,256.0,2902.0
333.0,154.0,256.0,1640.0
333.0,202.0,256.0,3433.0
333.0,208.0,256.0,3630.0
333.0,209.0,256.0,2134.0
333.0,224.0,256.0,3692.0
333.0,241.0,256.0,3034.0
333.0,263.0,256.0,824.0
333.0,268.0,256.0,510.0
333.0,313.0,256.0,498.0
333.0,321.0,256.0,241.0
333.0,333.0,256.0,256.0
333.0,337.0,256.0,3023.0
334.0,1.0,149.0,704.0
334.0,2.0,149.0,3454.0
334.0,5.0,149.0,54.0
334.0,11.0,149.0,333.0
334.0,12.0,149.0,635.0
334.0,13.0,149.0,1613.0
334.0,21.0,149.0,3380.0
334.0,23.0,149.0,3159.0
334.0,24.0,149.0,132.0
334.0,27.0,149.0,3660.0
334.0,38.0,149.0,2210.0
334.0,41.0,149.0,36.0
334.0,45.0,149.0,2417.0
334.0,73.0,149.0,1665.0
334.0,88.0,149.0,688.0
334.0,95.0,149.0,3238.0
334.0,117.0,149.0,137.0
334.0,125.0,149.0,720.0
334.0,134.0,149.0,2927.0
334.0,142.0,149.0,685.0
334.0,171.0,149.0,1543.0
334.0,183.0,149.0,1422.0
334.0,185.0,149.0,703.0
334.0,190.0,149.0,151.0
334.0,200.0,149.0,1007.0
334.0,215.0,149.0,149.0
334.0,221.0,149.0,148.0
334.0,223.0,149.0,2520.0
334.0,236.0,149.0,659.0
334.0,325.0,149.0,1566.0
334.0,334.0,149.0,149.0
335.0,8.0,341.0,573.0
335.0,10.0,3508.0,452.0
335.0,14.0,341.0,2883.0
335.0,17.0,341.0,2312.0
335.0,22.0,341.0,530.0
335.0,29.0,3508.0,2412.0
335.0,34.0,341.0,2105.0
335.0,45.0,341.0,779.0
335.0,53.0,341.0,1066.0
335.0,57.0,341.0,1068.0
335.0,61.0,3508.0,1771.0
335.0,62.0,341.0,3298.0
335.0,66.0,341.0,2179.0
335.0,68.0,3508.0,1642.0
335.0,71.0,341.0,2306.0
335.0,79.0,341.0,2818.0
335.0,82.0,341.0,1966.0
335.0,87.0,3508.0,1446.0
335.0,96.0,341.0,338.0
335.0,100.0,3508.0,2082.0
335.0,105.0,3508.0,2116.0
335.0,109.0,341.0,1393.0
335.0,113.0,341.0,2692.0
335.0,119.0,341.0,233.0
335.0,126.0,341.0,2139.0
335.0,127.0,3508.0,2107.0
335.0,136.0,341.0,544.0
335.0,139.0,341.0,2756.0
335.0,140.0,341.0,3832.0
335.0,153.0,341.0,561.0
335.0,162.0,3508.0,353.0
335.0,166.0,341.0,2427.0
335.0,172.0,3508.0,2802.0
335.0,178.0,3508.0,615.0
335.0,181.0,341.0,2221.0
335.0,192.0,3508.0,2288.0
335.0,199.0,341.0,1409.0
335.0,212.0,341.0,354.0
335.0,227.0,341.0,2183.0
335.0,235.0,3508.0,2687.0
335.0,257.0,3508.0,2344.0
335.0,262.0,3508.0,2506.0
335.0,266.0,3508.0,2335.0
335.0,267.0,341.0,3328.0
335.0,271.0,341.0,340.0
335.0,283.0,341.0,541.0
335.0,303.0,3508.0,1403.0
335.0,305.0,341.0,2359.0
335.0,308.0,341.0,542.0
335.0,311.0,3508.0,253.0
335.0,312.0,341.0,351.0
335.0,313.0,3508.0,3377.0
335.0,319.0,341.0,3633.0
335.0,323.0,341.0,2188.0
335.0,335.0,3508.0,341.0
335.0,336.0,341.0,255.0
336.0,5.0,255.0,52.0
336.0,17.0,255.0,3367.0
336.0,19.0,255.0,256.0
336.0,22.0,255.0,2087.0
336.0,27.0,255.0,3660.0
336.0,28.0,255.0,2046.0
336.0,29.0,255.0,2412.0
336.0,41.0,255.0,3899.0
336.0,54.0,255.0,2455.0
336.0,59.0,255.0,1827.0
336.0,63.0,255.0,2741.0
336.0,71.0,255.0,1405.0
336.0,79.0,255.0,2817.0
336.0,82.0,255.0,2691.0
336.0,95.0,255.0,1513.0
336.0,114.0,255.0,1414.0
336.0,122.0,255.0,2031.0
336.0,128.0,255.0,2016.0
336.0,134.0,255.0,3539.0
336.0,136.0,255.0,1402.0
336.0,140.0,255.0,2191.0
336.0,152.0,255.0,2178.0
336.0,153.0,255.0,2198.0
336.0,154.0,255.0,1640.0
336.0,160.0,255.0,2730.0
336.0,162.0,255.0,353.0
336.0,169.0,255.0,662.0
336.0,178.0,255.0,3664.0
336.0,195.0,255.0,638.0
336.0,209.0,255.0,2134.0
336.0,217.0,255.0,976.0
336.0,236.0,255.0,659.0
336.0,263.0,255.0,824.0
336.0,311.0,255.0,253.0
336.0,312.0,255.0,351.0
336.0,313.0,255.0,2816.0
336.0,321.0,255.0,241.0
336.0,333.0,255.0,256.0
336.0,335.0,255.0,341.0
336.0,336.0,255.0,255.0
337.0,7.0,3023.0,2664.0
337.0,8.0,3023.0,2871.0
337.0,10.0,3023.0,3279.0
337.0,19.0,3023.0,256.0
337.0,24.0,3023.0,2539.0
337.0,48.0,3023.0,32.0
337.0,50.0,3023.0,1999.0
337.0,61.0,3023.0,3950.0
337.0,66.0,3023.0,3394.0
337.0,72.0,3023.0,35.0
337.0,78.0,3023.0,86.0
337.0,79.0,3023.0,2239.0
337.0,98.0,3023.0,1419.0
337.0,106.0,3023.0,241.0
337.0,107.0,3023.0,2358.0
337.0,120.0,3023.0,2859.0
337.0,139.0,3023.0,2498.0
337.0,143.0,3023.0,2281.0
337.0,144.0,3023.0,542.0
337.0,157.0,3023.0,2246.0
337.0,160.0,3023.0,493.0
337.0,161.0,3023.0,1404.0
337.0,162.0,3023.0,353.0
337.0,166.0,3023.0,956.0
337.0,178.0,3023.0,2993.0
337.0,202.0,3023.0,258.0
337.0,208.0,3023.0,3630.0
337.0,311.0,3023.0,253.0
337.0,337.0,3023.0,3023.0
338.0,7.0,1868.0,3302.0
338.0,61.0,1868.0,3180.0
338.0,66.0,1868.0,2179.0
338.0,107.0,1868.0,2571.0
338.0,155.0,1868.0,1023.0
338.0,163.0,1868.0,2077.0
338.0,214.0,1868.0,928.0
338.0,246.0,1868.0,1025.0
338.0,250.0,1868.0,1264.0
338.0,253.0,1868.0,1391.0
338.0,316.0,1868.0,1867.0
339.0,9.0,1500.0,2266.0
339.0,33.0,1502.0,3803.0
339.0,49.0,1500.0,1061.0
339.0,53.0,1499.0,852.0
339.0,77.0,1500.0,1725.0
339.0,122.0,1499.0,2009.0
339.0,178.0,1497.0,2250.0
339.0,213.0,1500.0,829.0
339.0,229.0,1500.0,2932.0
339.0,233.0,1497.0,1570.0
339.0,282.0,1499.0,837.0
339.0,302.0,1497.0,1497.0
339.0,325.0,1498.0,1565.0
339.0,339.0,1502.0,1498.0
340.0,14.0,232.0,1250.0
340.0,33.0,232.0,988.0
340.0,35.0,232.0,2067.0
340.0,45.0,232.0,1595.0
340.0,53.0,232.0,1526.0
340.0,62.0,232.0,2494.0
340.0,69.0,232.0,213.0
340.0,148.0,232.0,211.0
340.0,158.0,232.0,242.0
340.0,164.0,232.0,3487.0
340.0,179.0,232.0,1673.0
340.0,188.0,232.0,3419.0
340.0,211.0,232.0,2071.0
340.0,216.0,232.0,1606.0
340.0,231.0,232.0,2259.0
340.0,249.0,232.0,1069.0
340.0,272.0,232.0,2056.0
340.0,279.0,232.0,1472.0
340.0,330.0,232.0,1094.0
340.0,332.0,232.0,1063.0
340.0,340.0,232.0,232.0
341.0,5.0,3951.0,52.0
341.0,6.0,1891.0,2620.0
341.0,10.0,3951.0,2142.0
341.0,16.0,3951.0,3241.0
341.0,18.0,3951.0,2444.0
341.0,19.0,1891.0,256.0
341.0,27.0,3951.0,3660.0
341.0,28.0,1891.0,2046.0
341.0,29.0,3951.0,368.0
341.0,38.0,3951.0,2213.0
341.0,43.0,3951.0,682.0
341.0,45.0,3951.0,66.0
341.0,61.0,3951.0,1765.0
341.0,72.0,1891.0,1517.0
341.0,74.0,3951.0,2054.0
341.0,91.0,3951.0,2762.0
341.0,95.0,3951.0,3237.0
341.0,96.0,1891.0,338.0
341.0,101.0,1891.0,372.0
341.0,115.0,3951.0,83.0
341.0,119.0,1891.0,2141.0
341.0,122.0,1891.0,2031.0
341.0,123.0,3951.0,682.0
341.0,134.0,3951.0,473.0
341.0,158.0,3951.0,249.0
341.0,166.0,3951.0,1965.0
341.0,169.0,3951.0,662.0
341.0,173.0,1891.0,1444.0
341.0,189.0,1891.0,467.0
341.0,194.0,3951.0,2596.0
341.0,199.0,3951.0,2167.0
341.0,200.0,1891.0,2373.0
341.0,205.0,1891.0,2717.0
341.0,206.0,1891.0,1892.0
341.0,221.0,3951.0,148.0
341.0,236.0,1891.0,659.0
341.0,248.0,1891.0,711.0
341.0,256.0,3951.0,2976.0
341.0,276.0,3951.0,1919.0
341.0,278.0,3951.0,1913.0
341.0,280.0,3951.0,2906.0
341.0,310.0,1891.0,695.0
341.0,341.0,1891.0,3951.0
342.0,6.0,2736.0,2535.0
342.0,7.0,2736.0,3110.0
342.0,10.0,2736.0,2642.0
342.0,12.0,2736.0,3392.0
342.0,14.0,2736.0,1272.0
342.0,16.0,1209.0,3240.0
342.0,23.0,1209.0,2844.0
342.0,31.0,1209.0,645.0
342.0,45.0,1209.0,3309.0
342.0,47.0,2736.0,2547.0
342.0,49.0,1209.0,1060.0
342.0,53.0,2736.0,2819.0
342.0,54.0,1209.0,1657.0
342.0,55.0,2736.0,3845.0
342.0,62.0,1209.0,2599.0
342.0,67.0,2736.0,375.0
342.0,72.0,1209.0,323.0
342.0,75.0,1209.0,974.0
342.0,78.0,1209.0,86.0
342.0,81.0,1209.0,1535.0
342.0,82.0,1209.0,1966.0
342.0,95.0,2736.0,3260.0
342.0,101.0,2736.0,372.0
342.0,106.0,2736.0,241.0
342.0,107.0,2736.0,3176.0
342.0,115.0,1209.0,83.0
342.0,121.0,1209.0,2966.0
342.0,131.0,1209.0,1691.0
342.0,143.0,2736.0,2563.0
342.0,154.0,2736.0,3579.0
342.0,156.0,1209.0,829.0
342.0,172.0,1209.0,1247.0
342.0,180.0,1209.0,186.0
342.0,184.0,2736.0,2244.0
342.0,193.0,1209.0,1943.0
342.0,195.0,1209.0,3799.0
342.0,200.0,1209.0,1067.0
342.0,208.0,2736.0,801.0
342.0,228.0,2736.0,2378.0
342.0,229.0,2736.0,2932.0
342.0,243.0,1209.0,2352.0
342.0,250.0,2736.0,1264.0
342.0,266.0,2736.0,3603.0
342.0,284.0,2736.0,2932.0
342.0,291.0,1209.0,2537.0
342.0,293.0,1209.0,1264.0
342.0,342.0,1209.0,1209.0
343.0,40.0,1678.0,1473.0
343.0,108.0,1678.0,1720.0
343.0,112.0,1441.0,1717.0
343.0,138.0,183.0,1704.0
343.0,164.0,1678.0,1715.0
343.0,219.0,1678.0,1695.0
343.0,220.0,1678.0,1719.0
343.0,288.0,1678.0,1927.0
343.0,340.0,1678.0,232.0
343.0,343.0,182.0,1678.0
344.0,7.0,259.0,460.0
344.0,24.0,259.0,3376.0
344.0,54.0,259.0,2550.0
344.0,62.0,259.0,1004.0
344.0,74.0,259.0,45.0
344.0,106.0,259.0,3396.0
344.0,130.0,259.0,600.0
344.0,132.0,259.0,2593.0
344.0,184.0,259.0,2247.0
344.0,252.0,259.0,259.0
344.0,270.0,259.0,2906.0
344.0,323.0,259.0,2188.0
344.0,336.0,259.0,255.0
344.0,344.0,259.0,259.0
345.0,32.0,2197.0,1824.0
345.0,46.0,2197.0,714.0
345.0,54.0,2197.0,1005.0
345.0,56.0,2197.0,3573.0
345.0,65.0,2197.0,1445.0
345.0,71.0,2197.0,2305.0
345.0,79.0,2197.0,2817.0
345.0,87.0,2197.0,1446.0
345.0,96.0,2197.0,339.0
345.0,100.0,2197.0,1547.0
345.0,113.0,2197.0,565.0
345.0,126.0,2197.0,2139.0
345.0,137.0,2197.0,2928.0
345.0,267.0,2197.0,3328.0
345.0,289.0,2197.0,2102.0
345.0,306.0,2197.0,1449.0
345.0,312.0,2197.0,351.0
345.0,345.0,2197.0,2197.0
