0,1,2,3,4,5,6,7,8,9,10,11,12,13,14,15,16,17,18,19,20,21,22,23,24,25,26,27,28,29,30,31,32,33,34,35,36,37,38,39,40,41,42,43,44,45,46,47,48,49,50,51,52,53,54,55,56,57,58,59,60,61,62,63,64,65,66,67,68,69,70,71,72,73,74,75,76,77,78,79,80,81,82,83,84,85,86,87,88,89,90,91,92,93,94,95,96,97,98,99,100,101,102,103,104,105,106,107,108,109,110,111,112,113,114,115,116,117,118,119,120,121,122,123,124,125,126,127,128,129,130,131,132,133,134,135,136,137,138,139,140,141,142,143,144,145,146,147,148,149,150,151,152,153,154,155,156,157,158,159,160,161,162,163,164,165,166,167,168,169,170,171,172,173,174,175,176,177,178,179,180,181,182,183,184,185,186,187,188,189,190,191,192,193,194,195,196,197,198,199,200,201,202,203,204,205,206,207,208,209,210,211,212,213,214,215,216,217,218,219,220,221,222,223,224,225,226,227,228,229,230,231,232,233,234,235,236,237,238,239,240,241,242,243,244,245,246,247,248,249,250,251,252,253,254,255,256,257,258,259,260,261,262,263,264,265,266,267,268,269,270,271,272,273,274,275,276,277,278,279,280,281,282,283,284,285,286,287,288,289,290,291,292,293,294,295,296,297,298,299,300,301,302,303,304,305,306,307,308,309,310,311,312,313,314,315,316,317,318,319,320,321,322,323,324,325,326,327,328,329,330,331,332,333,334,335,336,337,338,339,340,341,342,343,344
2.016474092585805,0.0,0.18331582659871,0.0,0.0,7.699264717145822,0.0,0.0,0.0,0.0,0.18331582659871,0.18331582659871,0.73326330639484,0.0,0.36663165319742,0.36663165319742,0.0,0.36663165319742,0.0,0.18331582659871,0.0,0.0,0.0,0.0,0.0,0.0,0.36663165319742,0.0,0.0,0.0,0.0,0.0,0.0,0.0,0.0,0.0,0.18331582659871,0.0,0.0,0.0,0.0,0.0,1.09989495959226,0.36663165319742,0.0,0.18331582659871,0.0,0.0,0.0,0.18331582659871,0.0,0.0,0.0,0.0,0.0,0.0,0.0,0.0,0.0,0.0,0.0,0.0,0.0,0.0,0.0,0.0,0.0,0.0,0.0,0.0,0.0,0.0,0.18331582659871,0.0,0.0,0.0,0.0,0.0,0.0,0.0,0.0,0.0,0.0,0.0,0.0,0.18331582659871,0.0,0.73326330639484,0.0,0.0,0.0,0.0,0.0,0.0,0.0,0.0,0.0,0.0,0.0,0.0,0.0,0.18331582659871,0.0,0.0,0.0,0.0,0.0,0.0,0.0,0.0,0.0,0.0,0.0,0.0,0.0,0.0,0.18331582659871,0.0,0.0,0.0,0.0,0.9165791329935501,0.54994747979613,0.0,1.8331582659871002,0.0,0.0,1.09989495959226,0.0,0.0,0.0,0.0,0.0,0.0,0.0,0.0,0.0,0.0,0.0,0.0,0.0,1.2832107861909712,0.0,0.0,0.0,0.0,0.18331582659871,0.0,0.0,0.0,0.0,0.0,0.0,0.0,0.0,0.0,0.0,0.0,0.0,0.0,0.0,0.0,0.18331582659871,0.0,0.0,0.0,0.0,0.0,0.0,0.0,0.73326330639484,0.18331582659871,0.0,0.0,0.0,0.0,0.0,0.0,0.0,0.0,0.0,0.18331582659871,0.0,0.0,0.18331582659871,0.0,0.0,0.0,0.0,0.0,0.0,0.0,0.0,0.0,0.0,0.0,0.0,0.0,0.0,0.36663165319742,0.0,0.0,0.0,0.0,0.0,0.0,0.0,0.0,0.0,0.0,0.0,0.0,0.0,0.0,0.18331582659871,0.0,0.0,1.8331582659871002,0.0,0.0,0.18331582659871,0.0,0.0,0.0,0.0,0.0,0.18331582659871,0.0,0.0,0.0,0.0,0.0,0.0,0.0,0.0,0.36663165319742,0.0,0.0,0.0,0.0,0.0,0.0,0.0,0.0,0.0,0.0,0.0,5.132843144763893,0.0,0.0,0.0,0.0,0.0,0.0,0.0,0.0,0.0,0.0,0.0,0.0,0.0,0.0,0.0,0.0,0.0,0.0,0.0,0.0,0.0,0.0,0.0,0.0,0.0,0.0,0.0,0.0,0.0,0.0,0.0,0.0,0.18331582659871,0.0,0.0,0.0,0.0,0.0,0.0,0.0,0.0,0.0,0.0,0.0,0.0,0.0,0.0,0.0,0.0,0.0,0.0,0.0,0.0,0.0,0.0,0.0,0.0,0.0,0.0,0.0,0.0,1.46652661278968,0.0,0.0,0.0,0.0,0.0,0.0,0.0,0.0,0.0,0.0,0.0,0.0,0.0,0.0,0.0,0.0,0.0,0.0,0.0,0.0,0.0,0.0,0.0,0.0,0.0,0.0,0.0,0.0,0.0,0.0,0.0,0.0,0.0,0.0,0.0
0.0,38.313007759130436,0.18331582659871,0.0,0.18331582659871,1.28321078619097,4.766211491566457,0.91657913299355,0.0,2.38310574578323,2.7497373989806495,2.749737398980651,0.0,2.0164740925858102,0.36663165319742,0.36663165319742,0.18331582659871,0.36663165319742,0.18331582659871,0.0,0.54994747979613,0.73326330639484,0.73326330639484,2.0164740925858102,0.73326330639484,0.0,0.18331582659871,0.91657913299355,0.73326330639484,0.0,0.0,0.0,0.0,0.0,0.0,0.0,0.36663165319742,0.0,0.0,0.0,3.29968487877678,0.0,0.36663165319742,0.73326330639484,1.6498424393883901,1.09989495959226,1.6498424393883901,1.28321078619097,0.18331582659871,0.73326330639484,0.0,0.0,0.73326330639484,10.815633769323888,0.36663165319742,0.54994747979613,0.0,0.0,0.18331582659871,0.0,2.7497373989806557,6.782685584152274,0.0,0.0,0.0,0.54994747979613,0.73326330639484,1.28321078619097,0.0,0.18331582659871,0.0,2.19978991918452,0.18331582659871,0.36663165319742,0.0,0.0,0.0,0.54994747979613,0.18331582659871,0.0,0.18331582659871,0.18331582659871,0.0,0.0,0.0,1.09989495959226,0.18331582659871,0.18331582659871,0.36663165319742,0.0,0.36663165319742,0.0,0.0,0.0,1.6498424393883901,0.18331582659871,0.0,3.116369052178075,0.0,0.18331582659871,0.73326330639484,2.9330532255793624,1.09989495959226,0.0,0.0,0.9165791329935501,0.18331582659871,0.0,0.18331582659871,0.0,0.0,0.0,0.0,0.36663165319742,0.54994747979613,0.18331582659871,0.18331582659871,0.54994747979613,0.0,0.0,0.18331582659871,2.1997899191845196,0.0,0.0,0.18331582659871,0.0,0.0,0.54994747979613,0.18331582659871,0.0,0.0,0.18331582659871,0.0,1.09989495959226,0.73326330639484,0.54994747979613,0.18331582659871,0.0,0.18331582659871,0.18331582659871,0.0,0.0,3.116369052178071,0.0,0.0,0.0,0.9165791329935501,0.0,0.0,0.0,0.73326330639484,0.36663165319742,0.73326330639484,12.098844555514862,0.0,0.0,0.18331582659871,0.0,0.0,0.0,0.0,0.18331582659871,0.18331582659871,0.0,0.0,0.73326330639484,0.18331582659871,0.0,0.0,0.0,0.18331582659871,0.18331582659871,0.73326330639484,0.18331582659871,0.0,0.0,0.18331582659871,4.5828956649677535,0.0,0.0,0.0,0.54994747979613,0.0,0.0,0.18331582659871,0.18331582659871,0.18331582659871,0.18331582659871,0.18331582659871,0.0,0.0,0.36663165319742,0.0,0.36663165319742,0.18331582659871,0.73326330639484,0.73326330639484,0.36663165319742,0.0,0.0,0.0,0.0,0.0,0.0,0.36663165319742,0.18331582659871,0.0,0.36663165319742,0.73326330639484,0.73326330639484,0.0,0.0,0.18331582659871,0.18331582659871,0.18331582659871,0.0,0.0,0.54994747979613,0.0,0.0,0.0,0.0,0.36663165319742,0.18331582659871,0.73326330639484,0.0,1.09989495959226,0.0,0.0,0.0,0.0,0.0,0.0,0.0,0.54994747979613,0.0,0.0,0.0,0.0,0.0,1.09989495959226,0.0,0.54994747979613,0.0,0.0,0.0,0.18331582659871,0.0,0.0,0.36663165319742,0.0,0.54994747979613,0.0,0.0,0.0,0.18331582659871,0.0,0.0,0.18331582659871,0.18331582659871,0.18331582659871,0.18331582659871,0.0,0.0,0.36663165319742,0.18331582659871,0.36663165319742,0.0,0.18331582659871,0.18331582659871,0.18331582659871,0.0,0.0,0.0,0.54994747979613,0.0,0.18331582659871,0.0,0.0,0.0,0.0,0.0,0.0,0.0,0.0,0.0,0.0,0.0,0.36663165319742,0.0,0.0,0.54994747979613,0.0,0.0,0.18331582659871,0.0,0.0,0.18331582659871,0.0,0.0,0.0,0.0,0.0,0.0,0.73326330639484,0.0,0.18331582659871,0.0,0.0,0.0,0.36663165319742,0.18331582659871,3.299684878776781,0.0,0.0,0.18331582659871,0.18331582659871,0.0,0.18331582659871,0.0,0.73326330639484,0.18331582659871,0.0,0.0,0.18331582659871,0.0,0.0,0.18331582659871,0.0,0.0,0.0,0.0,0.18331582659871,0.0,0.0,0.54994747979613,0.0,0.0,0.0,0.0,0.0,0.0,0.0,0.18331582659871,0.0
0.18331582659871,0.18331582659871,0.54994747979613,0.0,0.18331582659871,0.18331582659871,0.18331582659871,0.0,0.0,0.0,0.18331582659871,0.0,0.36663165319742,0.0,0.36663165319742,0.0,0.0,0.54994747979613,0.0,0.18331582659871,0.0,0.0,0.18331582659871,0.54994747979613,0.0,0.0,0.91657913299355,0.0,0.0,0.36663165319742,0.0,0.0,0.0,0.0,0.0,0.0,0.0,0.0,0.0,0.0,0.0,0.0,0.18331582659871,0.36663165319742,0.0,0.36663165319742,0.18331582659871,0.0,0.0,0.0,0.54994747979613,0.0,0.18331582659871,0.0,0.0,0.0,0.0,0.0,0.0,0.0,0.0,0.0,0.0,0.0,0.0,0.0,0.0,0.36663165319742,0.0,0.73326330639484,0.0,0.18331582659871,0.18331582659871,0.0,0.0,0.0,0.0,0.0,0.0,0.0,0.0,0.0,0.0,0.0,0.0,0.0,0.0,0.0,0.0,0.0,0.0,0.0,0.0,0.0,0.54994747979613,0.0,0.0,0.0,0.0,0.0,0.0,0.0,0.0,0.0,0.18331582659871,0.0,0.0,0.0,0.0,1.28321078619097,0.0,0.0,0.0,0.0,0.0,0.0,0.18331582659871,0.0,0.0,0.0,0.0,3.4830007053754946,0.18331582659871,0.0,0.54994747979613,0.0,0.0,0.0,0.0,0.0,0.0,1.8331582659871049,0.0,0.0,0.0,0.0,0.0,0.0,0.0,0.0,1.46652661278968,0.0,0.0,0.0,0.0,0.0,0.18331582659871,0.0,0.0,0.0,0.0,0.0,0.0,0.36663165319742,0.0,0.0,0.0,0.0,0.0,0.0,0.0,0.0,0.18331582659871,0.0,0.0,0.0,0.0,1.28321078619097,0.0,0.0,0.0,0.0,0.0,0.0,0.0,0.0,0.0,0.0,0.0,0.0,0.18331582659871,0.54994747979613,0.0,0.0,0.0,0.0,0.0,0.0,0.18331582659871,0.0,0.0,0.0,0.0,0.0,0.0,0.18331582659871,0.0,0.18331582659871,0.18331582659871,0.0,0.0,0.0,0.18331582659871,0.0,0.0,0.0,0.0,0.0,0.0,0.0,0.0,0.0,0.0,0.0,0.0,0.0,0.0,0.0,0.0,0.0,0.0,0.0,0.0,0.0,0.18331582659871,0.0,0.0,0.0,0.0,0.0,0.0,0.0,0.0,0.18331582659871,0.0,0.18331582659871,0.0,0.0,0.0,0.0,0.0,0.0,0.0,0.0,0.0,0.0,0.0,4.582895664967752,0.0,0.0,0.0,0.0,0.0,0.0,0.0,0.0,0.0,0.0,0.0,0.0,0.0,0.0,0.0,0.0,0.0,0.0,0.0,0.0,0.0,0.0,0.0,0.0,0.0,0.0,0.36663165319742,0.0,0.0,0.0,0.0,0.0,0.0,0.0,0.0,0.0,0.0,0.0,0.0,0.0,0.0,0.0,0.0,0.0,0.0,0.0,0.0,0.0,0.0,0.0,0.0,0.0,0.0,0.0,0.0,0.0,0.0,0.0,0.0,0.0,0.0,0.0,0.0,0.0,0.0,0.0,0.0,0.0,0.0,0.0,0.0,0.0,0.0,0.0,0.0,0.0,0.0,0.0,0.0,0.0,0.0,0.0,0.0,0.0,0.0,0.18331582659871,0.0,0.0,0.0,0.0,0.0,0.0,0.0,0.0,0.0,0.0,0.0
0.0,0.0,0.0,2.5664215723819397,0.18331582659871,0.36663165319742,0.18331582659871,0.18331582659871,0.18331582659871,0.54994747979613,0.36663165319742,0.0,0.36663165319742,1.28321078619097,0.36663165319742,0.0,0.0,0.36663165319742,0.0,0.0,0.36663165319742,0.0,0.54994747979613,0.18331582659871,0.0,0.0,0.0,0.0,0.18331582659871,0.18331582659871,0.0,0.0,0.18331582659871,0.0,0.0,0.0,0.0,0.0,0.0,0.0,0.18331582659871,0.0,0.18331582659871,0.18331582659871,0.73326330639484,0.0,0.0,0.18331582659871,0.0,0.36663165319742,0.0,0.54994747979613,0.73326330639484,0.36663165319742,0.0,0.18331582659871,0.0,0.0,0.0,0.0,0.36663165319742,2.7497373989806513,0.0,0.0,0.0,0.0,0.0,0.9165791329935501,0.0,1.09989495959226,0.0,0.18331582659871,0.36663165319742,0.0,0.0,0.0,0.36663165319742,0.18331582659871,0.0,0.18331582659871,0.18331582659871,0.0,0.0,0.0,0.0,0.0,0.0,0.36663165319742,0.18331582659871,0.0,0.18331582659871,0.0,0.0,0.0,0.18331582659871,0.0,0.0,0.0,0.0,0.0,0.0,0.0,0.0,0.0,0.0,0.0,2.9330532255793624,0.0,0.0,0.0,0.0,0.0,0.0,0.0,0.18331582659871,0.18331582659871,0.0,0.0,0.0,0.0,11.548897075718749,0.0,0.0,0.0,0.0,0.18331582659871,0.0,0.18331582659871,0.18331582659871,0.0,0.0,0.0,0.0,0.0,0.54994747979613,0.0,0.0,0.0,0.0,0.0,0.18331582659871,0.0,0.36663165319742,0.0,0.0,0.0,0.0,0.36663165319742,0.0,0.0,0.18331582659871,0.0,0.0,0.0,0.0,0.0,0.0,0.0,0.0,0.18331582659871,0.0,0.0,0.54994747979613,0.18331582659871,0.0,0.0,0.0,0.0,0.0,0.18331582659871,0.0,0.0,0.0,0.0,0.0,0.0,0.0,0.54994747979613,0.0,0.0,0.0,0.0,0.0,0.0,0.0,0.0,0.18331582659871,0.0,0.0,0.18331582659871,0.0,0.0,0.0,0.0,0.0,0.18331582659871,0.36663165319742,0.54994747979613,0.0,0.18331582659871,0.0,0.0,0.0,0.0,0.0,0.0,0.0,0.0,0.0,0.0,0.0,0.0,0.18331582659871,0.36663165319742,0.18331582659871,0.0,0.0,0.0,0.0,0.0,0.0,0.0,1.09989495959226,1.8331582659871013,0.73326330639484,0.0,0.18331582659871,0.0,0.0,0.0,0.0,0.0,0.0,0.0,0.0,0.0,0.0,0.0,0.0,0.0,0.0,0.18331582659871,2.0164740925858102,0.0,0.0,0.0,1.09989495959226,0.0,0.0,0.0,0.0,0.0,0.0,0.0,0.0,0.0,0.0,0.0,0.0,0.0,0.0,0.0,0.0,0.0,0.0,0.0,0.0,0.0,0.0,0.0,0.0,0.0,0.0,0.36663165319742,0.0,0.0,0.0,0.0,0.0,0.0,0.0,0.0,0.0,0.0,0.0,0.0,0.0,0.0,0.0,0.0,0.0,0.0,0.0,0.0,0.0,0.0,0.0,0.0,0.0,0.0,0.0,0.0,0.0,0.0,0.0,0.0,0.0,0.0,0.0,0.0,0.0,0.0,0.0,0.0,0.0,0.54994747979613,0.0,0.0,0.0,0.18331582659871,0.0,0.0,0.0,0.0,0.0,0.0,0.0,0.0,0.0,0.0,0.0,0.0,0.0,0.0,0.0,0.0,0.0,0.0,0.18331582659871,0.0,0.0,0.0,0.0,0.0,0.0
0.0,0.73326330639484,0.0,0.18331582659871,1.8331582659871002,0.0,0.73326330639484,0.0,0.0,0.0,0.0,0.18331582659871,0.0,0.73326330639484,0.9165791329935501,0.18331582659871,0.0,0.0,0.18331582659871,0.18331582659871,0.0,0.0,0.18331582659871,0.18331582659871,0.0,0.0,0.54994747979613,0.18331582659871,0.0,0.0,0.0,0.0,0.0,0.0,0.0,0.0,0.18331582659871,0.0,0.0,0.0,0.18331582659871,0.18331582659871,0.36663165319742,0.0,0.0,0.18331582659871,0.0,0.0,0.0,0.0,0.0,0.0,0.0,0.9165791329935501,1.6498424393883901,0.0,0.0,0.0,0.0,0.0,0.0,0.18331582659871,0.0,0.0,0.0,0.0,0.0,0.0,0.0,0.18331582659871,0.0,0.36663165319742,0.18331582659871,0.36663165319742,0.0,0.0,0.0,0.0,0.0,0.0,0.0,0.0,0.0,0.18331582659871,0.0,0.0,0.0,0.18331582659871,0.0,0.18331582659871,0.36663165319742,0.0,0.18331582659871,0.0,5.132843144763879,0.0,0.0,0.18331582659871,0.18331582659871,0.0,0.0,0.0,0.0,0.0,0.0,0.0,0.0,0.0,0.0,0.18331582659871,0.0,0.0,0.0,0.36663165319742,0.0,0.0,0.0,0.0,0.0,0.0,0.0,3.11636905217807,0.18331582659871,0.0,0.18331582659871,0.0,0.0,1.09989495959226,0.0,0.0,0.0,0.18331582659871,0.0,0.18331582659871,0.18331582659871,0.18331582659871,0.0,0.0,0.18331582659871,0.0,0.0,0.18331582659871,0.54994747979613,0.0,0.0,0.0,0.18331582659871,0.0,0.0,0.0,0.0,0.0,0.0,0.0,0.0,0.0,0.0,0.0,0.0,0.0,0.0,0.0,0.0,0.0,0.0,0.0,0.0,0.0,0.0,0.0,0.36663165319742,0.0,0.18331582659871,0.0,0.18331582659871,0.0,0.0,0.18331582659871,0.0,0.0,0.0,0.0,0.73326330639484,0.0,0.36663165319742,0.0,0.36663165319742,0.0,0.0,0.0,0.0,0.18331582659871,0.0,0.18331582659871,0.0,0.0,0.0,0.0,0.0,0.36663165319742,0.0,0.0,0.0,0.0,0.0,0.0,0.0,0.0,0.18331582659871,1.4665266127896812,0.0,0.0,0.0,0.0,0.0,0.0,0.0,0.18331582659871,0.0,0.0,0.0,0.0,0.0,0.18331582659871,0.18331582659871,0.0,0.0,0.0,0.0,0.0,0.0,0.0,0.0,0.0,0.0,0.36663165319742,0.0,0.0,0.0,0.0,0.18331582659871,0.0,0.73326330639484,0.0,0.0,0.0,0.0,0.18331582659871,0.0,0.0,0.0,0.0,0.0,0.9165791329935501,0.0,0.0,0.0,0.0,0.0,0.0,0.0,0.0,0.0,0.0,0.0,0.0,0.0,0.0,0.0,0.0,0.0,0.0,0.0,0.0,0.18331582659871,0.0,0.0,0.18331582659871,0.0,0.0,0.0,0.0,0.0,0.0,0.0,0.0,0.0,0.0,0.0,0.0,0.0,0.0,0.0,0.0,0.36663165319742,0.0,0.0,0.0,0.0,0.0,0.0,0.0,0.0,0.0,0.0,0.0,0.0,0.73326330639484,0.0,0.0,0.0,0.0,0.0,0.18331582659871,0.0,0.0,0.0,0.0,0.0,0.0,0.18331582659871,0.0,0.0,0.0,0.0,0.0,0.0,0.0,0.0,0.0,0.0,0.0,0.54994747979613,0.0,0.0,0.0,0.0,0.0,0.0,0.0,0.0,0.0,0.0,0.0,0.0
1.6498424393883901,0.54994747979613,0.0,0.91657913299355,0.0,5.31615897136259,0.9165791329935501,0.18331582659871,0.0,1.46652661278968,0.54994747979613,0.0,0.0,3.849632358572905,0.0,0.0,0.18331582659871,0.73326330639484,0.0,0.0,1.09989495959226,0.0,1.28321078619097,0.54994747979613,0.18331582659871,1.6498424393883875,0.0,0.0,0.73326330639484,0.18331582659871,0.18331582659871,0.0,0.91657913299355,0.18331582659871,0.0,0.0,0.18331582659871,0.18331582659871,0.0,0.0,0.36663165319742,4.032948185171632,0.0,0.73326330639484,3.299684878776782,0.18331582659871,0.73326330639484,0.73326330639484,0.36663165319742,3.29968487877678,0.18331582659871,0.0,5.1328431447638865,0.73326330639484,0.36663165319742,0.54994747979613,0.0,0.54994747979613,0.0,0.36663165319742,0.54994747979613,0.54994747979613,0.0,0.36663165319742,0.0,0.36663165319742,0.18331582659871,1.28321078619097,0.0,0.0,0.0,0.54994747979613,0.36663165319742,0.18331582659871,0.18331582659871,0.0,0.0,1.6498424393883901,0.0,0.0,0.73326330639484,0.0,0.36663165319742,0.0,0.18331582659871,0.0,0.0,0.54994747979613,0.18331582659871,0.18331582659871,0.0,0.0,0.0,0.0,0.0,0.18331582659871,0.0,0.0,0.0,0.0,0.0,0.0,0.18331582659871,0.0,1.46652661278968,0.0,0.54994747979613,0.18331582659871,0.18331582659871,0.0,0.0,0.0,0.18331582659871,0.73326330639484,0.18331582659871,0.0,0.0,0.0,0.0,0.0,0.0,0.0,0.0,0.0,0.18331582659871,0.18331582659871,0.0,1.28321078619097,0.0,0.0,0.0,0.18331582659871,0.0,0.18331582659871,0.18331582659871,0.0,0.18331582659871,0.0,0.0,0.73326330639484,0.0,0.0,1.46652661278968,0.18331582659871,0.18331582659871,0.0,0.0,0.0,0.0,0.0,0.0,0.18331582659871,0.0,0.0,0.0,0.18331582659871,0.0,0.0,0.0,0.0,0.0,0.0,1.46652661278968,0.0,0.0,0.36663165319742,0.0,0.0,0.0,0.0,0.18331582659871,0.0,0.18331582659871,0.0,0.0,0.0,0.0,3.48300070537549,0.0,0.0,0.0,0.0,0.0,0.0,0.0,0.0,0.0,0.0,0.0,0.0,0.18331582659871,0.91657913299355,0.18331582659871,0.36663165319742,0.0,0.18331582659871,0.54994747979613,0.18331582659871,9.899054636330368,0.91657913299355,0.18331582659871,0.0,0.0,0.0,0.18331582659871,0.0,0.0,0.0,0.0,0.0,0.0,0.0,0.0,0.36663165319742,0.18331582659871,0.18331582659871,0.0,0.0,0.0,0.0,0.0,0.0,4.949527318165172,0.36663165319742,0.73326330639484,0.0,0.0,0.9165791329935501,0.36663165319742,0.18331582659871,0.18331582659871,0.18331582659871,0.0,0.18331582659871,0.18331582659871,0.91657913299355,0.0,0.0,0.0,0.18331582659871,0.18331582659871,0.0,0.36663165319742,0.18331582659871,0.0,0.0,0.0,0.18331582659871,0.18331582659871,0.91657913299355,0.0,0.0,0.36663165319742,0.0,0.18331582659871,0.0,0.0,0.18331582659871,0.0,0.0,0.36663165319742,0.0,0.73326330639484,0.0,0.0,0.73326330639484,0.0,0.0,0.0,1.6498424393883913,0.0,0.0,0.0,0.0,1.28321078619097,0.0,0.0,0.0,0.0,0.18331582659871,0.0,2.933053225579361,0.0,0.0,0.18331582659871,0.0,0.0,0.0,0.0,0.0,0.18331582659871,0.36663165319742,0.0,0.0,0.0,0.0,0.18331582659871,0.0,0.0,0.0,0.0,0.0,0.18331582659871,0.0,0.0,0.0,0.0,0.18331582659871,0.18331582659871,0.0,0.0,0.0,0.0,0.0,0.0,3.1163690521780714,0.18331582659871,0.0,0.0,0.0,0.0,0.36663165319742,0.0,0.0,0.0,0.18331582659871,0.0,0.0,0.54994747979613,0.18331582659871,0.0,0.0,0.18331582659871,0.0,0.18331582659871,0.0,0.0,0.0,0.0,0.0,0.0,0.0,0.0,0.0,0.0
0.0,3.6663165319742,0.0,0.9165791329935501,0.9165791329935501,2.74973739898065,14.848581954495508,1.8331582659871002,0.0,0.9165791329935501,2.19978991918452,0.36663165319742,0.18331582659871,16.131792740686482,0.18331582659871,0.18331582659871,0.0,13.565371168304544,0.0,0.0,1.4665266127896812,0.54994747979613,4.766211491566459,2.56642157238194,0.36663165319742,0.36663165319742,5.316158971362592,0.18331582659871,0.54994747979613,0.36663165319742,0.18331582659871,0.54994747979613,0.18331582659871,0.18331582659871,0.0,0.0,0.36663165319742,2.566421572381935,0.0,0.0,7.14931723734969,0.54994747979613,0.36663165319742,2.74973739898065,0.73326330639484,4.032948185171623,0.9165791329935501,2.7497373989806553,0.18331582659871,0.54994747979613,0.0,0.36663165319742,0.73326330639484,5.682790624560005,0.73326330639484,0.54994747979613,0.0,0.18331582659871,0.0,0.0,2.38310574578323,4.582895664967755,0.0,0.73326330639484,1.8331582659871,2.383105745783231,0.36663165319742,2.7497373989806504,0.0,0.36663165319742,0.0,3.483000705375491,15.581845260890354,0.73326330639484,0.0,0.0,0.0,0.54994747979613,0.18331582659871,0.0,1.09989495959226,0.54994747979613,0.0,0.0,0.0,0.36663165319742,0.18331582659871,0.36663165319742,0.36663165319742,0.0,0.73326330639484,0.0,0.0,0.9165791329935501,4.949527318165177,0.36663165319742,0.0,0.73326330639484,0.0,0.0,0.0,0.0,0.18331582659871,0.73326330639484,0.0,17.048371873680036,1.46652661278968,0.0,0.0,0.0,0.18331582659871,0.0,0.0,0.18331582659871,0.18331582659871,0.18331582659871,0.18331582659871,0.54994747979613,0.0,0.0,0.73326330639484,0.54994747979613,0.18331582659871,0.0,1.09989495959226,0.0,0.0,0.36663165319742,0.18331582659871,0.36663165319742,0.36663165319742,0.18331582659871,0.18331582659871,0.73326330639484,0.36663165319742,0.0,0.36663165319742,0.36663165319742,0.36663165319742,1.46652661278968,0.18331582659871,0.0,4.766211491566462,0.73326330639484,0.9165791329935501,0.18331582659871,0.54994747979613,0.0,0.9165791329935501,0.0,0.18331582659871,0.0,0.9165791329935501,0.9165791329935501,0.0,1.28321078619097,0.73326330639484,1.6498424393883875,0.0,0.36663165319742,0.0,0.0,0.54994747979613,0.73326330639484,0.18331582659871,0.36663165319742,0.0,0.0,0.0,0.0,0.0,0.36663165319742,0.0,0.0,0.0,0.0,0.18331582659871,8.24921219694196,0.54994747979613,0.0,0.18331582659871,0.18331582659871,0.18331582659871,0.18331582659871,0.18331582659871,0.0,0.18331582659871,0.0,0.0,0.0,0.0,0.18331582659871,0.0,0.18331582659871,0.18331582659871,0.9165791329935501,4.21626401177033,0.36663165319742,0.18331582659871,0.54994747979613,0.18331582659871,0.0,0.0,10.99894959592261,0.18331582659871,0.0,0.18331582659871,0.18331582659871,1.09989495959226,0.0,0.0,3.2996848787767807,0.0,2.01647409258581,0.0,0.0,0.73326330639484,0.18331582659871,0.0,0.18331582659871,0.0,0.0,0.9165791329935501,0.91657913299355,0.36663165319742,0.18331582659871,1.09989495959226,0.18331582659871,0.0,0.0,0.0,0.18331582659871,0.0,0.18331582659871,0.0,0.0,0.0,0.0,0.18331582659871,0.0,0.36663165319742,0.0,1.09989495959226,0.0,0.54994747979613,0.0,0.18331582659871,0.0,0.54994747979613,0.36663165319742,0.0,0.18331582659871,0.54994747979613,0.0,0.0,0.0,6.232738104356137,0.0,0.73326330639484,0.36663165319742,0.91657913299355,0.0,0.54994747979613,0.0,0.0,0.9165791329935501,0.0,0.0,0.0,0.0,0.0,0.0,0.0,0.0,3.2996848787767776,0.0,0.18331582659871,0.0,0.0,0.0,0.0,0.0,0.0,0.0,0.0,0.0,0.0,0.18331582659871,0.0,0.0,0.0,0.18331582659871,0.0,0.0,0.18331582659871,0.18331582659871,0.0,0.18331582659871,0.0,0.0,0.0,0.0,0.0,0.0,0.0,0.0,0.0,0.0,0.0,0.0,0.0,0.0,0.36663165319742,0.36663165319742,0.0,0.0,1.8331582659871002,0.0,0.0,0.0,0.18331582659871,1.8331582659871002,0.0,0.0,0.0,0.0,0.0,0.18331582659871,0.0,0.0,0.0,0.0,0.0,0.0,0.18331582659871,0.36663165319742,0.0,0.0,0.18331582659871,0.0,0.0,0.0,0.0,0.18331582659871,0.0
0.0,0.36663165319742,0.0,0.0,0.0,0.18331582659871,0.73326330639484,6.04942227775744,0.0,0.36663165319742,0.73326330639484,0.0,0.0,0.36663165319742,0.0,0.0,0.0,0.0,0.0,0.0,0.0,0.18331582659871,2.3831057457832308,1.09989495959226,0.36663165319742,0.0,0.0,0.0,0.0,0.0,0.0,0.0,0.18331582659871,0.36663165319742,0.0,0.0,0.0,0.9165791329935501,0.0,0.0,0.18331582659871,0.36663165319742,0.0,0.0,0.0,0.36663165319742,1.4665266127896799,0.18331582659871,0.0,0.18331582659871,0.0,0.0,0.18331582659871,0.18331582659871,0.0,0.0,0.0,0.0,0.0,0.0,0.36663165319742,0.36663165319742,0.36663165319742,0.0,0.0,7.515948890547125,0.0,0.18331582659871,0.0,0.0,0.0,0.0,0.0,0.18331582659871,0.0,0.0,0.0,0.0,0.0,0.0,0.18331582659871,0.18331582659871,0.0,0.36663165319742,0.0,0.0,0.0,0.0,0.0,0.0,0.0,0.0,0.0,0.0,0.36663165319742,0.36663165319742,0.0,0.18331582659871,0.0,0.18331582659871,0.0,0.0,0.0,0.0,0.0,0.9165791329935501,0.18331582659871,0.0,0.54994747979613,0.36663165319742,0.0,0.0,0.18331582659871,0.0,0.0,0.18331582659871,0.0,0.0,0.0,0.0,0.36663165319742,0.0,0.0,0.0,0.0,0.9165791329935501,0.18331582659871,0.0,0.0,0.18331582659871,0.18331582659871,0.0,0.36663165319742,0.18331582659871,0.0,0.0,0.18331582659871,0.0,0.0,0.18331582659871,0.0,0.0,1.46652661278968,0.36663165319742,0.18331582659871,0.0,0.18331582659871,0.0,0.0,0.18331582659871,0.0,0.0,0.18331582659871,0.18331582659871,0.0,0.18331582659871,0.0,0.0,0.0,1.09989495959226,0.18331582659871,0.54994747979613,0.0,0.0,0.0,1.28321078619097,0.0,0.0,0.0,1.09989495959226,0.0,0.18331582659871,0.0,0.0,0.0,0.0,0.0,1.6498424393883901,0.0,0.0,0.36663165319742,0.0,0.0,0.0,0.18331582659871,0.0,0.0,0.0,0.0,0.0,0.0,0.0,0.18331582659871,0.0,0.0,0.0,0.18331582659871,0.0,0.0,0.0,0.18331582659871,0.18331582659871,0.0,0.0,0.0,0.0,0.0,0.0,0.18331582659871,0.0,0.0,0.54994747979613,0.0,0.0,0.0,0.0,0.0,0.0,0.0,0.0,0.0,0.0,0.18331582659871,0.0,0.18331582659871,0.0,0.0,0.0,0.0,0.18331582659871,0.0,0.0,0.0,0.0,0.0,0.0,0.18331582659871,0.0,0.0,0.0,0.0,0.0,0.54994747979613,0.0,0.0,0.54994747979613,0.0,0.0,0.0,0.18331582659871,0.0,0.36663165319742,0.73326330639484,0.0,0.0,0.0,0.18331582659871,0.0,1.09989495959226,0.0,0.0,0.0,0.0,0.0,0.18331582659871,0.54994747979613,0.54994747979613,0.0,0.0,0.0,0.0,0.0,0.0,0.0,0.0,0.0,0.18331582659871,0.0,0.0,0.0,0.0,0.0,0.0,0.0,0.18331582659871,0.0,0.0,0.0,0.18331582659871,0.0,0.0,0.0,0.0,0.0,0.0,2.0164740925858102,0.0,0.54994747979613,0.0,0.0,0.0,0.0,0.0,0.0,0.0,0.36663165319742,0.18331582659871,0.0,0.0,0.0,0.0,0.18331582659871,0.36663165319742,0.0,0.0,0.0,0.0,0.0,0.0,0.54994747979613,0.0,0.0,0.0,0.0,0.18331582659871,0.0,0.0,0.18331582659871,0.0,0.0,0.0,0.0,0.0,0.0,0.0,0.18331582659871,0.0,0.0,0.0,0.0,0.0,0.0,0.0,0.0,0.0
0.0,0.0,0.0,0.0,0.0,0.0,0.0,0.0,5.4994747979613,0.18331582659871,0.54994747979613,0.0,0.0,0.0,0.0,0.0,0.0,0.36663165319742,0.0,0.0,1.28321078619097,0.0,0.0,0.0,0.0,1.46652661278968,0.0,0.0,0.0,0.0,0.0,0.0,2.0164740925858102,0.0,0.0,0.0,0.0,0.0,0.0,0.0,0.0,0.0,0.0,0.18331582659871,0.18331582659871,0.0,0.0,0.18331582659871,0.0,0.0,0.0,0.0,1.46652661278968,0.0,0.0,0.0,0.0,0.0,0.0,0.0,0.0,0.18331582659871,0.0,0.18331582659871,0.0,0.0,0.0,0.0,3.1163690521780762,0.18331582659871,0.0,0.0,0.0,0.0,0.0,0.0,0.0,0.0,0.0,0.0,1.46652661278968,0.0,0.0,0.0,0.0,0.0,0.0,0.0,0.0,0.0,0.0,0.0,0.0,0.0,0.0,0.0,0.0,0.0,0.0,0.0,0.0,0.0,0.0,0.0,0.0,0.0,0.0,0.0,0.0,0.0,0.18331582659871,0.0,0.0,0.0,0.18331582659871,0.0,0.73326330639484,0.0,0.0,0.0,0.0,0.36663165319742,0.0,0.0,0.18331582659871,0.0,0.0,0.0,0.0,0.0,0.0,0.0,0.36663165319742,0.0,0.0,0.0,0.18331582659871,0.0,0.0,0.0,0.0,0.0,0.0,0.0,0.0,0.0,0.18331582659871,0.18331582659871,0.0,0.0,0.0,0.0,0.0,0.36663165319742,0.0,0.0,0.0,0.0,0.0,0.0,0.0,0.0,0.0,0.0,0.0,0.0,0.0,0.0,0.0,0.0,0.0,0.0,0.0,0.0,0.0,0.0,0.0,0.54994747979613,0.0,0.0,0.0,0.0,0.0,0.0,0.18331582659871,0.0,0.18331582659871,0.18331582659871,0.0,0.0,0.18331582659871,0.0,0.0,0.0,0.36663165319742,0.0,0.18331582659871,0.18331582659871,0.0,0.18331582659871,0.0,0.0,0.0,0.0,0.0,0.0,0.0,0.0,0.0,0.0,0.0,0.0,0.0,0.0,0.0,0.18331582659871,0.0,0.0,0.0,0.0,0.0,0.36663165319742,0.18331582659871,0.36663165319742,0.0,0.0,0.18331582659871,0.0,0.0,0.0,0.18331582659871,0.0,0.54994747979613,0.18331582659871,0.0,0.18331582659871,0.0,2.38310574578323,0.18331582659871,0.0,0.0,0.0,0.0,0.18331582659871,0.36663165319742,0.0,0.0,0.0,0.18331582659871,0.0,0.18331582659871,0.0,0.0,0.0,0.18331582659871,0.0,0.0,0.0,0.0,0.0,0.0,0.0,0.0,3.4830007053754994,0.0,0.0,0.0,0.0,0.18331582659871,0.0,0.0,0.54994747979613,0.0,0.18331582659871,0.0,0.0,0.0,0.18331582659871,0.0,0.0,0.0,1.09989495959226,0.0,0.18331582659871,0.0,0.0,0.0,0.0,0.0,0.0,0.0,0.0,0.0,0.18331582659871,0.0,0.0,0.0,0.0,0.0,0.0,0.0,0.0,0.0,2.1997899191845214,0.0,0.0,0.0,0.0,0.0,0.0,0.18331582659871,0.0,0.18331582659871,0.0,0.0,0.0,0.0,0.0,0.0,0.0,0.18331582659871,0.0,0.0,0.0,0.9165791329935501,0.18331582659871,0.0,0.0,0.18331582659871,0.0,0.0,0.18331582659871,0.0,0.0,0.0,0.0,0.0,0.0,0.36663165319742,0.0,0.0,0.0,0.0,0.0,0.0
0.0,1.09989495959226,0.0,1.09989495959226,0.18331582659871,0.54994747979613,1.28321078619097,0.54994747979613,0.18331582659871,9.1657913299355,1.6498424393883901,0.18331582659871,0.18331582659871,2.93305322557936,0.54994747979613,0.18331582659871,0.18331582659871,0.0,0.0,1.6498424393883901,2.3831057457832303,0.0,0.9165791329935501,0.36663165319742,0.54994747979613,0.18331582659871,2.38310574578323,0.0,0.73326330639484,0.18331582659871,0.18331582659871,0.18331582659871,1.46652661278968,0.36663165319742,0.0,0.0,0.54994747979613,0.0,0.0,1.28321078619097,3.299684878776781,0.0,0.18331582659871,0.36663165319742,1.09989495959226,0.36663165319742,0.54994747979613,0.36663165319742,0.18331582659871,0.18331582659871,0.0,0.0,1.8331582659871013,0.73326330639484,0.36663165319742,0.0,0.0,0.36663165319742,0.0,0.0,0.9165791329935501,0.9165791329935501,0.0,0.18331582659871,0.0,1.09989495959226,0.18331582659871,1.28321078619097,0.0,0.54994747979613,0.18331582659871,3.299684878776781,0.18331582659871,0.36663165319742,0.18331582659871,6.416053930954841,0.0,4.582895664967746,0.36663165319742,0.18331582659871,2.199789919184521,0.18331582659871,0.0,0.0,0.0,0.54994747979613,0.0,0.0,0.0,0.36663165319742,0.18331582659871,0.0,0.18331582659871,0.18331582659871,2.01647409258581,0.18331582659871,0.0,1.6498424393883901,0.0,0.0,1.28321078619097,0.36663165319742,0.0,0.0,1.09989495959226,0.18331582659871,0.0,0.0,0.0,0.0,0.0,0.0,0.0,0.0,0.18331582659871,0.73326330639484,0.18331582659871,0.0,0.18331582659871,0.18331582659871,0.36663165319742,1.09989495959226,0.0,0.0,0.0,0.0,0.0,0.18331582659871,0.0,0.0,0.0,0.18331582659871,0.18331582659871,0.18331582659871,0.18331582659871,0.0,0.0,0.18331582659871,0.0,0.18331582659871,0.18331582659871,0.18331582659871,0.54994747979613,0.0,0.18331582659871,0.0,0.18331582659871,0.0,0.0,0.0,0.18331582659871,0.0,0.0,1.09989495959226,0.0,0.0,0.0,0.0,0.18331582659871,0.18331582659871,0.0,0.0,0.18331582659871,0.18331582659871,0.0,0.0,0.0,0.0,0.0,1.09989495959226,0.0,0.18331582659871,0.0,0.0,1.46652661278968,0.0,0.0,3.4830007053754914,0.18331582659871,0.0,0.36663165319742,0.0,0.0,0.0,0.18331582659871,0.0,0.0,0.54994747979613,0.0,0.18331582659871,0.0,0.0,0.0,0.0,0.18331582659871,0.54994747979613,0.36663165319742,0.0,0.18331582659871,0.54994747979613,0.0,0.18331582659871,0.0,0.0,0.0,0.0,0.0,0.0,0.0,0.0,0.0,0.0,0.18331582659871,0.18331582659871,0.0,2.01647409258581,0.0,0.0,0.0,0.0,0.0,0.0,0.91657913299355,0.36663165319742,0.36663165319742,0.0,0.0,0.0,0.18331582659871,0.0,0.0,0.0,0.0,0.0,0.0,0.0,0.0,0.0,0.0,0.0,0.54994747979613,0.0,0.18331582659871,1.28321078619097,0.0,0.0,0.18331582659871,0.0,0.0,0.0,0.0,0.18331582659871,0.9165791329935501,0.0,0.18331582659871,0.18331582659871,0.0,0.18331582659871,0.18331582659871,0.54994747979613,0.0,0.0,0.0,0.0,0.18331582659871,0.0,0.0,0.0,0.36663165319742,0.0,0.0,0.0,0.0,0.0,0.36663165319742,0.0,0.18331582659871,0.0,0.0,0.0,0.0,0.18331582659871,0.0,0.0,0.0,0.0,0.18331582659871,0.0,0.0,0.0,0.0,0.36663165319742,0.0,0.36663165319742,0.0,0.0,0.0,0.0,0.0,0.0,0.18331582659871,0.0,0.0,0.0,0.0,0.0,0.0,0.0,0.0,0.91657913299355,0.18331582659871,0.0,0.0,0.0,0.0,0.18331582659871,0.18331582659871,0.0,0.0,0.0,7.699264717145827,11.365581249120021,0.0,0.0,0.0,0.0,0.0,0.36663165319742,0.0,0.0,0.0,0.0,0.0,0.0,0.0,0.0,0.18331582659871,0.0,0.0,0.0,0.0,0.18331582659871,0.0,0.0,0.0
0.54994747979613,2.199789919184521,0.91657913299355,0.0,0.36663165319742,0.36663165319742,3.483000705375492,0.0,0.0,1.09989495959226,18.331582659870996,4.216264011770331,0.54994747979613,1.28321078619097,1.46652661278968,0.36663165319742,0.0,0.73326330639484,0.0,0.9165791329935501,0.36663165319742,0.0,0.54994747979613,1.28321078619097,0.0,0.18331582659871,0.0,0.0,0.36663165319742,0.73326330639484,0.0,0.0,0.0,0.0,0.0,0.0,0.36663165319742,0.0,0.18331582659871,0.36663165319742,1.6498424393883901,0.18331582659871,1.09989495959226,0.54994747979613,0.73326330639484,0.54994747979613,0.0,1.6498424393883901,0.0,6.782685584152269,1.09989495959226,0.0,0.36663165319742,1.46652661278968,0.73326330639484,4.216264011770335,0.0,0.18331582659871,0.0,0.0,0.9165791329935501,1.8331582659871002,0.0,0.18331582659871,0.0,0.0,0.0,6.966001410750989,0.0,2.0164740925858102,0.0,4.0329481851716205,2.93305322557936,0.0,0.0,0.0,0.0,0.91657913299355,0.73326330639484,0.0,0.9165791329935501,0.18331582659871,0.0,0.0,0.0,0.0,0.0,0.36663165319742,1.6498424393883901,0.18331582659871,0.36663165319742,0.18331582659871,0.0,0.36663165319742,0.54994747979613,0.18331582659871,0.54994747979613,0.0,0.0,0.0,0.0,0.73326330639484,0.73326330639484,0.18331582659871,0.0,0.18331582659871,0.0,1.28321078619097,0.0,0.18331582659871,0.0,0.0,0.18331582659871,0.0,0.0,0.0,0.18331582659871,0.0,0.0,0.36663165319742,0.18331582659871,0.73326330639484,1.09989495959226,0.0,1.28321078619097,0.0,0.18331582659871,0.18331582659871,0.0,0.18331582659871,0.0,0.18331582659871,0.0,0.36663165319742,0.0,0.0,0.18331582659871,1.28321078619097,0.0,0.18331582659871,0.73326330639484,0.0,0.36663165319742,0.0,0.0,0.0,7.699264717145824,0.0,0.0,0.0,0.0,0.0,0.18331582659871,0.36663165319742,0.18331582659871,0.18331582659871,0.0,0.0,0.0,0.0,0.0,0.0,5.499474797961303,0.18331582659871,0.0,0.0,0.36663165319742,0.54994747979613,0.18331582659871,5.316158971362593,0.91657913299355,0.0,0.0,0.0,0.0,0.0,0.18331582659871,2.5664215723819397,0.0,0.0,0.0,0.0,0.0,0.0,2.3831057457832303,0.0,0.18331582659871,0.18331582659871,0.18331582659871,0.0,0.0,0.0,0.0,0.0,0.0,4.21626401177033,3.2996848787767803,0.0,0.18331582659871,0.18331582659871,0.0,0.0,0.36663165319742,0.0,0.18331582659871,0.0,0.0,0.0,0.0,0.0,0.0,0.0,0.0,0.0,0.0,0.0,0.0,0.18331582659871,0.0,0.0,0.0,0.0,0.0,0.36663165319742,1.09989495959226,0.18331582659871,7.332633063948405,0.36663165319742,0.0,0.0,0.0,0.0,0.18331582659871,0.18331582659871,0.18331582659871,0.0,0.0,0.0,0.18331582659871,0.0,0.18331582659871,0.0,0.0,0.36663165319742,0.0,0.0,0.0,0.9165791329935501,0.0,0.54994747979613,0.0,0.0,0.0,0.0,0.0,0.0,0.0,0.0,0.0,0.0,0.0,0.18331582659871,0.18331582659871,2.1997899191845214,0.0,0.0,0.0,0.0,0.0,0.0,0.0,0.0,0.18331582659871,0.91657913299355,1.0998949595922611,0.36663165319742,0.0,0.0,0.0,0.0,0.18331582659871,0.0,0.0,0.18331582659871,0.0,0.0,0.0,0.18331582659871,0.0,0.18331582659871,0.18331582659871,0.18331582659871,0.0,0.0,2.19978991918452,0.0,0.0,0.0,0.0,0.0,0.0,0.0,0.0,0.0,0.18331582659871,0.0,0.0,0.0,0.0,0.0,0.54994747979613,0.36663165319742,0.36663165319742,0.0,0.0,0.0,0.73326330639484,0.0,0.0,0.0,0.0,0.0,0.0,0.0,0.0,0.0,0.0,0.0,0.18331582659871,0.0,0.0,0.0,0.0,0.18331582659871,0.0,0.0,0.0,0.0,0.0,0.0,0.18331582659871,0.0,0.0,0.0,0.0
0.0,0.18331582659871,0.18331582659871,0.0,0.18331582659871,0.0,0.18331582659871,0.0,0.18331582659871,0.18331582659871,0.9165791329935501,3.6663165319742004,0.0,0.36663165319742,0.54994747979613,0.0,0.0,0.36663165319742,0.0,0.0,0.36663165319742,0.36663165319742,0.36663165319742,0.36663165319742,0.0,0.0,0.18331582659871,1.09989495959226,0.18331582659871,0.0,0.0,0.0,0.0,0.0,0.0,0.0,0.73326330639484,0.0,0.0,0.0,0.18331582659871,0.18331582659871,1.46652661278968,0.0,0.18331582659871,0.18331582659871,0.54994747979613,0.0,0.0,0.18331582659871,0.18331582659871,0.0,0.0,0.18331582659871,1.64984243938839,0.18331582659871,0.0,0.0,0.0,0.0,0.0,0.73326330639484,0.0,0.36663165319742,0.0,0.0,0.0,0.73326330639484,0.0,0.54994747979613,0.0,0.9165791329935501,0.54994747979613,0.0,0.0,0.0,0.0,0.18331582659871,0.0,0.0,0.0,0.0,0.0,0.0,0.18331582659871,0.0,0.0,0.18331582659871,0.18331582659871,0.0,0.36663165319742,0.0,0.0,0.0,0.73326330639484,0.0,0.36663165319742,0.0,0.0,0.0,0.0,0.54994747979613,0.0,0.0,0.0,0.0,0.0,0.0,0.0,0.0,0.0,0.0,0.0,0.0,0.18331582659871,0.0,0.0,0.0,0.18331582659871,0.0,0.0,2.01647409258581,0.18331582659871,0.0,1.09989495959226,0.0,0.0,0.73326330639484,0.0,0.18331582659871,0.0,0.18331582659871,0.0,0.18331582659871,0.18331582659871,0.0,0.0,0.0,1.46652661278968,0.0,1.28321078619097,0.54994747979613,0.36663165319742,0.0,0.0,0.0,0.18331582659871,0.0,0.0,0.0,0.0,0.0,0.0,0.54994747979613,0.0,0.18331582659871,0.0,0.0,0.0,0.0,0.0,0.0,0.54994747979613,0.0,0.0,0.0,0.0,0.54994747979613,0.0,0.0,0.0,0.0,0.0,0.0,0.0,0.0,0.0,0.18331582659871,0.0,0.0,0.0,0.18331582659871,0.0,0.0,0.36663165319742,0.0,0.0,0.0,0.0,0.0,0.18331582659871,0.0,0.0,0.0,0.0,0.73326330639484,0.18331582659871,0.0,0.0,0.0,0.0,0.0,2.933053225579365,0.0,0.18331582659871,0.36663165319742,0.0,0.0,0.0,0.0,0.0,0.0,0.0,0.0,0.18331582659871,0.0,0.0,0.73326330639484,0.0,0.0,0.0,0.0,0.0,0.0,0.18331582659871,0.0,0.18331582659871,0.0,0.0,0.0,0.0,0.0,0.0,0.18331582659871,0.0,0.54994747979613,0.0,0.0,0.0,0.0,0.0,0.0,0.36663165319742,0.18331582659871,0.18331582659871,0.0,0.0,1.28321078619097,0.0,0.0,0.0,0.0,0.0,0.0,0.0,0.0,0.0,0.0,0.54994747979613,0.0,0.0,0.18331582659871,0.0,0.0,0.0,0.0,0.0,0.0,0.0,0.0,0.0,0.0,0.0,0.0,0.73326330639484,0.54994747979613,0.0,0.54994747979613,0.0,0.0,0.0,0.0,0.0,0.0,0.0,0.0,0.0,0.0,0.0,0.0,0.0,0.0,0.0,0.0,0.0,0.0,0.0,0.0,0.0,0.0,0.0,0.0,0.0,0.0,0.0,0.0,0.0,0.0,0.0,0.18331582659871,0.0,0.0,0.0,0.18331582659871,0.0,0.0,0.54994747979613,0.0,0.0,0.0,0.0,0.0,0.0,0.0,0.0,0.0,0.0,0.0,0.0,0.0,0.0,0.0,0.0,0.18331582659871,0.0,0.0,0.0,0.0,0.0,0.0,0.0,0.0,0.0,0.0,0.0
0.91657913299355,0.18331582659871,0.0,0.0,0.0,0.0,0.18331582659871,0.0,0.0,0.36663165319742,1.28321078619097,0.18331582659871,4.0329481851716205,0.18331582659871,0.18331582659871,0.0,0.0,0.0,0.0,0.18331582659871,0.18331582659871,0.0,0.18331582659871,0.54994747979613,0.0,0.18331582659871,0.0,0.18331582659871,0.0,0.36663165319742,0.0,0.0,0.0,0.0,0.0,0.0,0.18331582659871,0.0,0.0,0.0,0.54994747979613,0.0,0.18331582659871,0.54994747979613,0.18331582659871,0.0,0.0,0.0,0.0,0.36663165319742,0.0,0.0,0.36663165319742,0.0,0.18331582659871,0.18331582659871,0.0,0.0,0.0,0.0,0.0,0.18331582659871,0.0,0.0,0.0,0.0,0.0,0.36663165319742,0.0,0.18331582659871,0.0,0.0,0.73326330639484,0.0,0.0,0.0,0.18331582659871,0.36663165319742,0.0,0.0,1.46652661278968,0.0,0.0,0.0,0.0,0.0,0.0,0.9165791329935501,0.18331582659871,0.0,0.0,0.0,0.0,0.0,0.0,0.0,0.0,0.18331582659871,0.18331582659871,0.0,0.0,0.0,0.36663165319742,0.0,0.0,0.0,0.0,0.0,0.0,0.0,0.0,0.0,0.0,0.0,0.0,0.0,1.09989495959226,0.0,0.0,0.0,0.0,0.54994747979613,0.18331582659871,0.0,0.54994747979613,0.0,0.0,0.36663165319742,0.0,0.0,0.0,0.0,0.0,0.18331582659871,0.0,0.0,0.0,0.0,0.0,0.0,0.18331582659871,0.0,0.0,0.0,0.0,0.0,0.73326330639484,0.0,0.0,0.0,0.54994747979613,0.0,0.0,0.18331582659871,0.0,0.18331582659871,0.0,0.0,0.0,0.0,0.0,0.0,0.0,0.0,0.0,0.0,0.0,0.36663165319742,0.0,0.0,0.73326330639484,0.18331582659871,0.0,0.0,0.36663165319742,0.0,0.0,0.36663165319742,0.0,0.0,0.0,0.18331582659871,0.73326330639484,0.0,0.9165791329935501,0.0,0.18331582659871,0.0,0.0,0.73326330639484,0.18331582659871,0.18331582659871,0.0,0.0,0.0,0.0,0.0,2.0164740925858102,0.0,0.36663165319742,0.0,0.0,0.0,0.0,0.54994747979613,0.0,0.0,0.0,0.0,0.0,0.0,0.0,0.0,0.0,4.7662114915664695,0.0,0.0,0.73326330639484,0.0,0.0,0.36663165319742,0.18331582659871,0.18331582659871,0.18331582659871,0.18331582659871,0.0,0.0,0.0,0.0,0.0,0.0,0.0,0.18331582659871,0.18331582659871,0.0,0.18331582659871,0.0,0.0,0.0,0.0,0.73326330639484,0.0,0.18331582659871,0.0,0.0,0.0,0.0,0.18331582659871,0.0,0.0,0.36663165319742,0.0,0.0,0.0,0.0,0.0,0.0,0.0,0.0,0.0,0.0,0.18331582659871,0.0,0.0,0.0,0.0,0.0,0.0,0.0,0.0,0.0,0.0,0.18331582659871,0.0,0.54994747979613,0.0,0.0,0.0,0.0,0.0,0.0,0.0,0.0,0.18331582659871,0.0,0.0,0.0,0.0,0.0,0.0,0.0,0.0,0.0,0.0,0.18331582659871,0.0,0.0,0.0,0.0,0.0,0.0,0.0,0.0,0.0,0.0,0.0,0.0,0.0,0.0,0.0,0.0,0.0,0.0,0.0,0.0,0.0,0.18331582659871,0.0,0.0,0.0,0.0,0.0,0.0,0.0,1.46652661278968,0.0,0.0,0.0,0.0,0.0,0.0,0.0,0.0,4.949527318165177,0.0,0.0,0.0,0.0,0.0,0.0,0.18331582659871,0.0,0.0,0.0,0.0
0.0,2.199789919184521,0.36663165319742,1.28321078619097,0.36663165319742,12.648792035311,13.382055341705843,0.73326330639484,0.36663165319742,4.032948185171622,4.03294818517162,0.18331582659871,0.0,37.39642862613687,0.18331582659871,0.0,0.0,1.28321078619097,0.0,0.0,4.949527318165176,0.36663165319742,7.33263306394841,0.0,1.28321078619097,0.18331582659871,0.0,0.18331582659871,1.6498424393883901,0.18331582659871,0.9165791329935501,0.0,0.9165791329935501,4.032948185171621,0.0,0.0,0.0,0.0,0.36663165319742,0.18331582659871,1.46652661278968,1.46652661278968,0.18331582659871,0.73326330639484,2.5664215723819415,3.299684878776782,4.399579838369045,1.46652661278968,0.18331582659871,0.54994747979613,0.0,0.18331582659871,0.54994747979613,1.64984243938839,0.18331582659871,0.36663165319742,3.29968487877678,0.0,0.0,1.46652661278968,9.53242298313293,1.46652661278968,0.0,0.36663165319742,3.116369052178075,1.8331582659871002,1.09989495959226,0.73326330639484,0.0,0.0,0.0,4.766211491566457,0.54994747979613,0.18331582659871,1.8331582659871002,0.0,0.18331582659871,0.18331582659871,0.9165791329935501,0.0,0.73326330639484,16.315108567285225,0.0,0.0,0.18331582659871,0.0,1.0998949595922611,0.0,0.36663165319742,0.0,0.0,0.0,0.0,3.1163690521780696,0.36663165319742,1.09989495959226,0.36663165319742,0.18331582659871,0.0,0.0,0.9165791329935501,0.0,0.73326330639484,0.0,0.0,0.36663165319742,1.46652661278968,0.0,1.46652661278968,0.18331582659871,0.0,0.0,0.18331582659871,0.18331582659871,1.0998949595922611,0.54994747979613,0.18331582659871,0.18331582659871,0.0,0.18331582659871,0.18331582659871,1.8331582659871002,0.0,0.36663165319742,0.36663165319742,0.36663165319742,0.0,2.19978991918452,5.68279062456001,3.116369052178075,0.73326330639484,0.36663165319742,1.09989495959226,0.36663165319742,0.36663165319742,0.18331582659871,0.54994747979613,0.0,0.0,0.36663165319742,0.18331582659871,0.0,8.065896370343246,0.0,0.0,0.18331582659871,1.46652661278968,0.0,0.18331582659871,0.0,0.36663165319742,0.0,0.0,0.18331582659871,0.0,0.54994747979613,0.0,0.0,0.0,0.36663165319742,1.46652661278968,0.18331582659871,0.36663165319742,0.18331582659871,0.18331582659871,1.09989495959226,0.0,0.54994747979613,0.0,0.18331582659871,0.0,4.216264011770328,0.0,0.0,0.18331582659871,0.36663165319742,0.0,16.131792740686496,0.0,15.39852943429166,0.36663165319742,0.9165791329935501,0.0,0.18331582659871,2.0164740925858102,0.18331582659871,1.09989495959226,0.18331582659871,13.38205534170585,0.18331582659871,0.18331582659871,0.36663165319742,0.36663165319742,0.0,0.0,2.56642157238194,1.28321078619097,4.032948185171621,0.0,0.0,0.18331582659871,0.0,0.18331582659871,0.18331582659871,0.36663165319742,0.0,0.0,0.0,0.54994747979613,0.0,0.0,0.18331582659871,0.0,2.01647409258581,0.18331582659871,0.0,0.0,0.0,0.0,2.38310574578323,0.0,0.0,19.614793446061984,2.74973739898065,0.73326330639484,1.46652661278968,9.532422983132934,0.54994747979613,0.18331582659871,0.18331582659871,0.0,0.0,0.0,0.36663165319742,0.0,0.0,0.18331582659871,0.18331582659871,0.0,0.54994747979613,0.18331582659871,0.18331582659871,2.1997899191845214,3.48300070537549,0.0,0.0,0.18331582659871,0.0,0.36663165319742,6.599369757553563,0.0,0.0,0.54994747979613,0.0,0.0,0.0,0.18331582659871,0.36663165319742,0.18331582659871,0.0,7.149317237349693,0.54994747979613,0.0,0.0,1.283210786190975,3.116369052178071,0.0,0.0,0.0,0.0,0.0,0.0,0.0,0.18331582659871,2.383105745783231,0.18331582659871,0.0,0.18331582659871,0.0,0.18331582659871,0.0,0.0,0.0,0.18331582659871,0.36663165319742,0.0,0.54994747979613,0.0,0.18331582659871,0.0,0.0,0.36663165319742,0.18331582659871,0.0,0.0,0.0,0.36663165319742,0.36663165319742,0.0,0.0,0.0,0.0,0.0,0.36663165319742,0.0,0.0,0.18331582659871,0.0,0.0,0.0,0.0,5.316158971362593,0.18331582659871,1.09989495959226,0.0,1.8331582659871013,0.0,0.0,0.0,0.18331582659871,0.0,0.54994747979613,0.0,0.0,0.0,0.18331582659871,0.18331582659871,0.73326330639484,0.9165791329935501,0.18331582659871,0.0,0.18331582659871,0.0,0.18331582659871,0.0,0.0,0.18331582659871,0.18331582659871,0.0,0.0,0.0,1.46652661278968,0.0,0.0,0.0
0.91657913299355,0.91657913299355,0.91657913299355,0.0,0.73326330639484,0.36663165319742,0.91657913299355,0.0,0.0,0.36663165319742,0.18331582659871,0.18331582659871,0.36663165319742,0.0,20.53137257905554,1.4665266127896812,0.0,0.36663165319742,0.0,0.73326330639484,0.0,0.0,0.0,1.09989495959226,0.0,0.0,11.732212902317446,0.73326330639484,0.0,0.0,0.0,0.0,0.0,0.0,0.0,0.0,0.0,0.0,0.0,0.0,0.18331582659871,0.0,1.09989495959226,0.36663165319742,0.36663165319742,0.73326330639484,0.0,0.36663165319742,0.0,0.18331582659871,0.18331582659871,0.0,0.18331582659871,0.54994747979613,2.566421572381945,0.0,0.0,0.0,0.18331582659871,0.18331582659871,0.0,0.73326330639484,0.0,0.0,0.0,0.0,0.0,0.36663165319742,0.0,3.4830007053754897,0.0,0.54994747979613,2.383105745783225,0.18331582659871,0.0,0.0,0.0,0.0,0.0,0.0,0.36663165319742,0.0,0.0,0.0,0.0,0.0,0.18331582659871,0.9165791329935501,0.0,0.18331582659871,0.36663165319742,0.0,0.0,0.0,4.94952731816517,0.0,0.0,0.0,0.0,0.0,0.73326330639484,1.09989495959226,0.36663165319742,0.0,0.0,0.0,0.0,0.0,0.0,3.29968487877678,0.0,0.0,0.0,0.73326330639484,4.39957983836904,0.0,0.18331582659871,0.0,0.0,0.0,0.0,7.149317237349691,0.9165791329935501,0.0,0.18331582659871,0.0,0.0,2.3831057457832303,0.0,0.0,0.0,0.9165791329935501,0.36663165319742,0.18331582659871,0.18331582659871,0.0,0.0,0.0,0.0,0.18331582659871,0.36663165319742,0.73326330639484,0.18331582659871,0.0,0.0,0.0,0.73326330639484,0.0,0.0,0.0,0.0,0.0,0.0,0.73326330639484,0.0,0.18331582659871,0.0,0.18331582659871,0.0,0.0,0.0,0.0,0.18331582659871,0.0,0.0,0.0,0.36663165319742,0.0,0.18331582659871,0.0,0.18331582659871,0.0,0.0,0.0,1.8331582659871,0.0,0.0,0.0,0.0,0.0,0.0,1.09989495959226,0.0,0.18331582659871,0.36663165319742,0.0,0.0,0.0,0.0,0.0,0.0,0.0,0.0,0.0,0.0,0.0,0.36663165319742,0.0,0.0,0.0,0.18331582659871,0.0,0.54994747979613,0.0,1.09989495959226,0.36663165319742,0.0,0.0,0.0,0.18331582659871,0.0,0.0,0.0,0.0,0.0,0.0,0.0,0.0,0.0,0.0,0.18331582659871,0.0,0.36663165319742,0.0,0.18331582659871,0.0,0.91657913299355,0.18331582659871,0.18331582659871,0.0,0.18331582659871,0.0,0.0,0.0,0.18331582659871,1.09989495959226,0.0,0.0,0.0,0.0,0.18331582659871,0.0,0.0,0.0,0.0,0.0,0.0,2.56642157238194,0.0,0.0,0.0,0.0,0.0,0.0,0.0,0.0,0.0,0.0,0.0,0.0,0.0,0.0,0.0,0.0,0.0,0.0,0.0,0.0,0.0,0.0,0.0,0.0,0.0,0.0,0.0,0.36663165319742,0.0,0.54994747979613,0.0,0.0,0.18331582659871,0.0,0.0,0.0,0.0,0.0,0.0,0.0,0.0,0.0,0.0,0.0,0.0,0.0,0.36663165319742,0.0,0.0,0.0,0.0,0.0,0.0,0.0,0.0,0.0,0.0,0.0,0.0,0.0,0.0,0.18331582659871,0.18331582659871,0.0,0.0,0.0,0.0,0.0,0.0,0.0,0.0,0.0,0.0,0.0,0.0,0.0,0.0,0.18331582659871,0.0,0.0,0.0,0.0,0.36663165319742,0.0,0.0,0.18331582659871,0.0,0.0,0.0,0.0,0.0,0.0,0.18331582659871,0.0,0.0,0.0,0.0
0.18331582659871,0.18331582659871,0.36663165319742,0.0,0.18331582659871,0.0,0.54994747979613,0.18331582659871,0.0,0.18331582659871,0.36663165319742,0.0,0.0,0.0,1.28321078619097,2.93305322557936,0.0,0.18331582659871,0.0,0.0,0.0,0.0,0.0,0.0,0.0,0.0,1.4665266127896812,0.0,0.36663165319742,0.0,0.0,0.0,0.0,0.0,0.0,0.0,0.18331582659871,0.0,0.0,0.0,0.0,0.0,0.36663165319742,0.36663165319742,0.0,0.0,0.18331582659871,0.36663165319742,0.18331582659871,0.73326330639484,0.0,0.0,0.18331582659871,0.36663165319742,0.0,0.0,0.0,0.0,0.0,0.0,0.0,0.36663165319742,0.18331582659871,0.0,0.0,0.0,0.0,0.0,0.0,0.0,0.0,0.18331582659871,0.0,0.0,0.0,0.0,0.0,0.36663165319742,0.0,0.0,0.0,0.0,0.0,0.0,0.0,0.0,0.0,0.0,0.9165791329935501,0.54994747979613,0.0,0.0,0.0,0.0,1.6498424393883901,0.0,0.0,0.0,0.0,0.0,0.0,0.54994747979613,0.0,0.0,0.0,0.0,0.0,0.0,0.0,0.36663165319742,0.0,0.0,0.0,0.18331582659871,0.0,0.0,0.0,0.0,0.0,0.0,0.0,9.349107156534208,3.6663165319742,0.0,0.18331582659871,0.0,0.0,2.5664215723819415,0.0,0.0,0.0,0.54994747979613,0.73326330639484,0.36663165319742,0.0,0.0,0.0,0.0,0.0,0.0,0.0,0.54994747979613,0.0,0.0,0.0,0.0,0.0,0.0,0.0,0.0,0.0,0.0,0.0,0.0,0.0,0.0,0.0,0.0,0.0,0.0,0.0,0.0,0.54994747979613,0.0,0.0,0.0,3.2996848787767776,0.18331582659871,0.36663165319742,0.0,0.0,0.0,0.18331582659871,0.0,4.9495273181651775,0.0,0.0,0.18331582659871,0.0,0.0,0.0,4.94952731816517,0.0,0.0,0.18331582659871,0.0,0.0,0.0,0.0,0.36663165319742,0.0,0.0,0.0,0.0,0.0,0.0,0.0,0.0,0.0,0.0,0.0,0.0,0.18331582659871,0.0,0.73326330639484,0.18331582659871,0.0,0.0,0.0,0.18331582659871,0.0,0.0,0.0,0.0,0.0,0.0,0.0,0.0,0.0,0.0,0.18331582659871,0.0,0.0,0.0,0.0,0.0,0.0,0.0,0.0,0.0,0.0,0.0,0.0,0.0,0.0,2.38310574578323,0.0,0.0,0.0,0.0,0.0,0.0,0.0,0.0,0.0,0.0,0.0,4.39957983836904,0.0,0.0,0.0,0.0,0.0,0.0,0.0,0.0,0.0,0.0,0.0,0.0,0.0,0.0,0.0,0.0,0.0,0.0,0.0,0.0,0.0,0.0,0.0,0.0,0.0,0.0,0.0,0.18331582659871,0.0,0.18331582659871,0.0,0.0,0.0,0.0,0.0,0.0,0.0,0.0,0.0,0.0,0.0,0.0,0.0,0.0,0.0,0.0,0.0,0.0,0.0,0.0,0.0,0.0,0.0,0.0,0.0,0.0,0.0,0.0,0.0,0.0,0.0,0.0,0.0,0.0,0.0,0.18331582659871,0.0,0.0,0.0,0.0,0.0,0.0,0.0,0.0,0.0,0.0,0.0,0.0,0.0,0.0,0.0,0.0,0.0,0.0,0.0,0.0,0.0,0.0,0.0,0.0,0.0,0.0,0.0,0.0,0.0,0.0,0.0
0.0,0.36663165319742,0.0,0.0,0.0,0.18331582659871,0.18331582659871,0.18331582659871,0.0,0.0,0.0,0.0,0.0,0.18331582659871,0.0,0.0,6.232738104356148,0.36663165319742,0.0,0.0,0.18331582659871,0.54994747979613,0.0,0.0,0.18331582659871,0.18331582659871,0.0,0.0,0.0,0.0,0.0,0.0,1.28321078619097,0.0,0.0,0.0,0.0,0.18331582659871,0.0,0.18331582659871,0.18331582659871,0.0,0.0,5.132843144763884,0.0,0.0,0.0,0.18331582659871,0.0,0.36663165319742,0.0,0.0,0.36663165319742,0.0,0.0,0.0,0.0,0.0,0.0,0.0,0.36663165319742,0.0,0.0,0.0,0.0,0.36663165319742,0.0,0.18331582659871,0.0,0.0,2.74973739898065,0.0,0.0,0.18331582659871,0.0,0.0,0.0,0.0,0.36663165319742,0.0,0.0,0.73326330639484,0.0,0.0,0.0,0.0,0.73326330639484,0.0,0.18331582659871,0.0,0.0,0.0,0.0,0.0,0.0,0.18331582659871,0.0,0.0,0.0,0.0,0.54994747979613,0.0,0.0,0.0,0.91657913299355,0.0,0.0,0.0,0.0,0.0,0.0,0.0,0.18331582659871,0.18331582659871,0.18331582659871,0.0,0.0,0.18331582659871,0.0,0.0,0.0,0.0,0.0,0.0,0.0,0.0,0.0,0.0,0.0,0.0,0.0,0.0,0.18331582659871,0.36663165319742,0.0,0.36663165319742,0.0,0.0,1.46652661278968,1.6498424393883901,0.0,0.0,0.0,0.0,0.0,0.0,0.0,0.0,0.0,0.0,0.0,0.0,3.8496323585729115,0.0,0.0,0.0,0.18331582659871,0.18331582659871,0.0,0.36663165319742,0.18331582659871,0.0,0.0,0.0,0.0,9.349107156534213,0.0,0.0,0.0,0.0,0.0,0.0,0.0,0.0,0.0,0.0,0.0,0.54994747979613,0.0,0.0,0.0,0.0,0.0,0.0,0.0,0.0,0.18331582659871,0.0,0.0,0.0,0.0,0.0,0.0,0.0,0.0,0.0,0.0,0.0,0.18331582659871,0.0,0.0,0.18331582659871,0.0,0.0,0.0,0.0,0.0,0.18331582659871,0.0,0.0,0.0,0.0,0.0,0.0,0.0,0.0,0.0,0.0,0.0,0.0,0.0,0.0,0.18331582659871,0.18331582659871,0.0,0.18331582659871,0.0,0.0,0.0,0.0,0.0,0.0,0.0,0.18331582659871,0.18331582659871,0.0,0.0,0.18331582659871,0.0,0.0,0.0,0.18331582659871,0.18331582659871,0.18331582659871,0.0,0.0,0.0,0.0,0.0,0.0,0.0,0.0,0.54994747979613,0.0,0.0,0.0,5.499474797961298,0.0,0.36663165319742,0.0,0.0,0.18331582659871,0.0,0.0,0.0,0.0,0.0,0.0,0.0,0.0,0.18331582659871,0.0,0.0,0.0,0.0,0.0,0.0,0.0,0.0,0.0,0.0,0.0,0.0,0.0,0.0,0.0,0.0,0.0,0.0,0.0,0.0,0.0,0.0,0.0,0.0,0.0,0.0,0.0,0.0,0.0,0.0,0.0,0.73326330639484,0.0,0.18331582659871,0.0,0.0,0.73326330639484,0.0,0.0,0.0,0.18331582659871,0.0,0.18331582659871,0.0,0.0,0.0,0.0,0.0,0.0,0.0,0.0,0.9165791329935501,0.0,0.0,0.0,0.0,0.0,0.0,0.0,0.0,0.18331582659871,0.0,0.0,0.18331582659871,0.36663165319742,0.0,0.0,0.0,0.0,0.0,0.0,0.0,0.0,0.0
0.18331582659871,0.18331582659871,0.18331582659871,0.54994747979613,0.36663165319742,1.28321078619097,1.28321078619097,0.18331582659871,0.0,0.18331582659871,0.54994747979613,0.54994747979613,0.0,1.09989495959226,0.18331582659871,0.18331582659871,0.0,9.715738809731631,0.0,0.0,3.2996848787767803,0.36663165319742,2.38310574578323,0.18331582659871,0.18331582659871,0.0,0.73326330639484,0.0,1.6498424393883901,2.199789919184521,0.36663165319742,0.0,1.466526612789685,0.0,0.0,0.0,0.0,0.0,0.0,0.18331582659871,1.09989495959226,0.18331582659871,0.9165791329935501,3.849632358572915,0.9165791329935501,0.91657913299355,1.28321078619097,0.36663165319742,0.0,1.46652661278968,0.36663165319742,0.0,2.74973739898065,1.09989495959226,0.0,6.59936975755357,0.0,0.0,0.0,0.0,1.28321078619097,1.28321078619097,0.0,1.09989495959226,0.0,0.73326330639484,0.0,1.8331582659871002,0.0,0.36663165319742,0.0,0.73326330639484,0.54994747979613,0.0,0.18331582659871,0.0,0.0,2.74973739898065,0.18331582659871,0.18331582659871,1.09989495959226,0.18331582659871,0.0,0.0,0.18331582659871,0.18331582659871,0.0,0.18331582659871,2.566421572381941,2.1997899191845214,0.18331582659871,0.0,0.54994747979613,0.18331582659871,0.54994747979613,0.0,0.18331582659871,0.18331582659871,0.0,0.18331582659871,0.18331582659871,0.36663165319742,1.28321078619097,0.0,0.0,0.0,6.049422277757438,0.0,0.0,0.0,0.18331582659871,0.18331582659871,0.0,1.09989495959226,3.11636905217807,0.0,0.0,0.0,0.0,0.18331582659871,0.36663165319742,1.6498424393883901,2.38310574578323,0.0,2.0164740925858102,0.36663165319742,0.0,0.18331582659871,0.73326330639484,0.18331582659871,0.18331582659871,0.36663165319742,0.18331582659871,0.54994747979613,0.73326330639484,0.0,0.54994747979613,0.0,0.0,0.54994747979613,0.73326330639484,0.18331582659871,0.0,0.18331582659871,0.0,0.0,0.18331582659871,0.0,0.0,0.0,0.36663165319742,0.54994747979613,0.0,0.0,0.0,1.09989495959226,0.0,0.18331582659871,0.18331582659871,0.0,1.6498424393883901,0.0,0.18331582659871,0.0,0.0,0.0,0.0,0.0,0.0,1.8331582659871,0.73326330639484,0.0,0.0,0.0,0.36663165319742,0.0,0.0,2.74973739898065,4.216264011770331,0.0,0.0,0.0,0.18331582659871,0.0,1.28321078619097,0.0,2.0164740925858102,0.0,0.0,0.54994747979613,0.54994747979613,0.0,0.0,0.0,0.0,0.36663165319742,0.18331582659871,2.7497373989806495,0.0,0.91657913299355,0.36663165319742,0.0,0.0,0.0,0.0,0.0,0.0,0.0,0.0,0.0,0.0,0.0,0.0,0.0,0.18331582659871,0.36663165319742,0.73326330639484,0.0,0.0,0.0,0.54994747979613,0.0,2.56642157238194,2.5664215723819415,1.09989495959226,0.0,2.016474092585811,0.0,0.0,0.0,0.0,0.0,0.0,0.73326330639484,0.0,0.18331582659871,0.0,0.0,0.0,0.0,0.0,0.0,0.18331582659871,0.0,0.0,0.0,0.0,2.566421572381935,0.0,0.18331582659871,0.0,0.18331582659871,0.54994747979613,0.0,0.73326330639484,0.0,0.0,0.18331582659871,0.18331582659871,0.0,0.0,0.0,3.4830007053754897,0.0,0.0,0.0,0.0,0.0,0.0,0.0,0.0,0.0,0.0,0.0,1.6498424393883901,0.0,0.0,0.18331582659871,0.0,0.0,0.0,0.0,0.0,0.0,0.91657913299355,0.0,0.18331582659871,0.0,0.0,0.0,0.18331582659871,0.36663165319742,0.0,0.9165791329935501,0.36663165319742,0.0,0.0,0.0,0.0,0.0,0.0,0.0,0.0,0.0,0.0,0.0,0.0,0.0,0.0,0.0,0.36663165319742,0.0,0.0,0.18331582659871,0.0,0.0,0.18331582659871,0.0,0.0,0.0,0.0,0.36663165319742,0.0,0.0,0.0,10.815633769323899,0.0,1.09989495959226,0.0,0.0,0.0,0.18331582659871,0.0,0.0,0.0,0.0,0.0,0.0,0.0,0.0,0.36663165319742,0.0,0.0,0.0,0.0
0.0,0.36663165319742,0.0,0.0,0.0,0.0,0.0,0.0,0.0,0.0,0.0,0.0,0.0,0.18331582659871,0.0,0.0,0.54994747979613,0.0,0.36663165319742,0.0,0.0,0.18331582659871,0.0,0.0,0.0,0.0,0.0,0.54994747979613,0.0,0.0,0.0,0.0,0.0,0.0,0.0,0.0,0.0,0.0,0.0,0.0,0.0,0.0,0.0,0.0,0.0,0.0,0.0,0.0,0.0,0.0,0.0,0.0,0.18331582659871,0.18331582659871,0.0,0.0,0.0,0.0,0.0,0.0,0.0,0.0,0.0,0.0,0.0,0.18331582659871,0.18331582659871,0.54994747979613,0.0,0.0,0.18331582659871,0.0,0.0,0.0,0.0,0.0,0.0,0.0,0.0,0.0,0.0,0.0,0.0,0.0,0.0,0.0,0.0,0.0,0.0,0.18331582659871,0.0,0.0,0.0,0.0,0.0,0.0,0.0,0.0,0.0,0.0,0.0,0.0,0.0,0.0,0.0,0.0,0.18331582659871,0.0,0.0,0.0,0.0,0.0,0.0,0.36663165319742,0.0,0.0,0.0,0.0,0.0,0.0,0.0,0.0,0.0,0.0,0.0,0.0,0.0,0.0,0.0,0.0,0.0,0.0,0.0,0.73326330639484,0.0,0.0,0.18331582659871,0.0,0.73326330639484,0.0,0.0,0.0,0.0,0.0,0.0,0.0,0.0,0.0,0.0,0.0,0.0,1.09989495959226,2.38310574578323,0.36663165319742,0.0,0.0,0.18331582659871,0.0,0.0,0.18331582659871,0.0,0.54994747979613,0.0,0.0,0.0,0.0,0.0,0.0,0.0,0.0,0.0,0.0,0.54994747979613,0.0,0.0,0.0,0.0,0.18331582659871,0.0,0.18331582659871,0.0,0.0,0.0,0.0,0.0,0.18331582659871,0.0,0.0,0.0,0.18331582659871,0.0,0.0,0.0,0.0,0.0,0.0,0.0,0.0,0.0,0.0,0.0,0.18331582659871,0.0,0.0,0.0,0.0,0.0,0.0,0.54994747979613,0.0,0.0,0.0,0.36663165319742,0.0,0.0,0.0,0.0,0.0,0.0,0.0,0.0,0.0,0.0,0.0,0.0,0.0,0.0,0.0,0.0,0.0,0.0,0.0,0.0,0.0,0.0,0.0,0.0,0.0,0.0,0.0,0.18331582659871,0.0,0.0,0.0,0.0,0.0,0.0,0.0,0.0,0.0,0.0,0.0,0.0,0.0,0.0,0.0,0.18331582659871,0.0,0.0,0.0,0.0,0.0,0.0,0.0,0.0,0.0,0.0,0.0,0.0,0.18331582659871,0.0,0.0,0.0,0.0,0.0,0.0,0.0,0.0,0.0,0.0,0.0,0.0,0.0,0.0,0.0,0.0,0.0,0.0,0.0,0.0,0.0,0.0,0.0,0.0,0.0,0.0,0.0,0.0,0.0,0.0,0.0,0.0,0.0,0.0,0.18331582659871,0.0,0.0,0.0,0.0,0.0,0.0,0.0,0.18331582659871,0.0,0.0,0.0,0.0,0.0,0.0,0.0,0.0,0.0,0.0,0.0,0.0,0.0,0.0,0.0,0.0,0.0,0.0,0.0,0.0,0.0,0.0,0.0,0.18331582659871,0.0,0.0,0.0,1.09989495959226,0.0,0.0,0.0,0.0
0.0,0.0,0.18331582659871,0.0,0.0,0.18331582659871,0.0,0.0,0.0,0.73326330639484,0.36663165319742,0.36663165319742,1.09989495959226,0.0,0.18331582659871,0.0,0.0,0.0,0.0,5.316158971362591,0.0,1.09989495959226,0.0,0.0,0.0,0.0,0.18331582659871,0.0,0.0,0.0,0.0,0.0,0.0,0.0,0.0,0.0,0.0,0.0,0.0,0.0,0.0,0.0,0.0,0.18331582659871,0.0,0.0,0.0,0.0,0.0,0.36663165319742,0.0,0.0,0.0,0.0,0.0,0.0,0.0,0.0,0.0,0.0,0.0,0.0,0.0,0.0,0.0,0.0,0.0,0.0,0.0,0.18331582659871,0.0,0.0,0.73326330639484,0.0,0.0,0.0,0.0,8.799159676738077,0.0,0.0,0.0,0.0,0.0,0.0,0.0,0.0,0.0,0.0,0.0,0.18331582659871,0.0,0.0,0.0,0.0,0.0,0.0,0.18331582659871,0.18331582659871,0.0,0.0,0.18331582659871,0.18331582659871,0.18331582659871,0.0,0.0,0.0,0.54994747979613,0.0,0.0,0.18331582659871,0.0,0.0,0.0,0.0,0.0,0.0,0.0,0.0,0.0,0.0,0.0,2.1997899191845214,0.73326330639484,0.0,0.18331582659871,0.0,0.0,0.0,0.54994747979613,0.0,0.0,0.0,0.0,0.73326330639484,0.0,0.0,0.0,0.0,0.0,0.0,0.9165791329935501,0.36663165319742,0.0,0.0,0.0,0.0,0.0,0.0,0.18331582659871,0.0,0.0,0.0,0.54994747979613,0.0,0.0,0.0,0.0,0.0,0.0,0.0,0.0,0.0,0.0,0.0,0.0,0.0,0.36663165319742,0.18331582659871,2.0164740925858102,0.0,0.54994747979613,0.36663165319742,0.73326330639484,0.0,3.483000705375491,0.0,0.0,0.0,0.0,0.0,0.0,0.0,0.0,0.0,1.28321078619097,0.0,0.18331582659871,0.0,0.18331582659871,0.0,0.0,0.0,0.0,0.0,0.0,0.0,0.0,0.0,0.0,0.18331582659871,0.0,0.0,0.18331582659871,0.0,0.0,0.0,0.0,0.0,0.18331582659871,0.0,0.0,0.0,0.0,0.0,0.0,0.0,0.18331582659871,0.0,0.0,0.0,0.0,0.0,0.0,0.0,0.0,0.0,0.0,0.54994747979613,0.0,0.0,0.0,0.0,0.0,0.0,0.0,0.18331582659871,0.0,0.0,0.0,0.0,0.0,0.0,0.0,0.0,0.0,0.0,0.0,0.18331582659871,0.0,0.0,0.0,0.0,0.0,0.0,0.0,0.0,0.0,0.0,0.0,0.0,0.0,0.0,0.0,0.0,0.0,0.0,0.0,0.0,0.0,0.0,0.0,0.0,0.0,0.0,0.0,0.0,0.0,0.36663165319742,0.0,0.0,0.0,0.18331582659871,0.0,0.0,0.0,0.0,0.0,0.0,0.0,0.0,0.0,0.0,0.0,0.0,0.0,0.0,0.0,0.0,0.0,0.0,0.0,0.0,0.0,0.0,0.0,0.0,0.0,0.0,0.0,0.73326330639484,0.0,0.0,0.0,0.0,0.0,0.0,0.0,0.0,0.0,0.0,0.0,0.0,0.0,0.0,0.0,0.0,0.0,0.0,0.0,0.0,0.0,0.0,0.0,0.0,0.0,0.0,0.0,0.0,0.0,0.0,0.0,0.0,0.0,0.0,0.0
0.18331582659871,0.73326330639484,0.0,1.28321078619097,0.0,0.9165791329935501,0.91657913299355,0.0,0.54994747979613,2.5664215723819397,1.46652661278968,0.91657913299355,0.18331582659871,5.132843144763878,0.18331582659871,0.0,0.0,0.9165791329935501,0.0,0.18331582659871,7.332633063948402,0.0,3.4830007053754923,0.18331582659871,0.0,0.0,0.0,0.0,0.36663165319742,0.0,0.0,0.0,0.73326330639484,0.54994747979613,0.0,0.18331582659871,0.0,0.18331582659871,0.0,0.0,1.09989495959226,0.18331582659871,0.0,0.54994747979613,1.28321078619097,0.18331582659871,1.28321078619097,0.9165791329935501,0.36663165319742,0.54994747979613,0.36663165319742,0.18331582659871,2.19978991918452,2.0164740925858102,0.18331582659871,1.09989495959226,0.0,0.0,0.0,0.54994747979613,0.73326330639484,0.9165791329935501,0.0,0.36663165319742,0.18331582659871,0.73326330639484,0.0,0.54994747979613,0.0,0.0,0.0,1.6498424393883901,0.18331582659871,0.36663165319742,0.36663165319742,2.383105745783227,0.73326330639484,0.54994747979613,0.18331582659871,0.73326330639484,0.91657913299355,0.0,0.0,0.0,0.0,0.9165791329935501,0.0,0.0,1.28321078619097,0.0,0.54994747979613,0.18331582659871,0.0,0.0,0.0,0.0,0.0,0.0,0.0,0.0,0.18331582659871,0.0,0.73326330639484,0.0,0.36663165319742,0.0,0.0,0.0,0.0,0.0,0.0,0.0,0.0,0.0,0.36663165319742,0.0,0.0,0.0,0.0,0.18331582659871,0.36663165319742,1.09989495959226,0.0,0.0,0.0,0.0,0.0,0.36663165319742,0.54994747979613,0.0,0.0,0.0,0.54994747979613,0.18331582659871,1.6498424393883901,0.18331582659871,2.016474092585811,0.0,0.18331582659871,0.73326330639484,0.0,0.0,0.73326330639484,0.0,0.36663165319742,0.0,0.36663165319742,0.0,0.0,0.0,0.18331582659871,0.0,0.0,0.18331582659871,0.0,0.18331582659871,0.0,0.18331582659871,0.36663165319742,0.0,0.0,0.0,2.5664215723819397,0.0,0.0,0.54994747979613,0.0,0.18331582659871,0.0,0.54994747979613,0.18331582659871,0.18331582659871,0.0,0.0,0.0,0.0,0.0,3.1163690521780714,0.0,0.18331582659871,0.0,0.0,0.0,0.0,0.0,0.0,0.0,0.0,0.0,0.18331582659871,0.0,0.0,0.0,0.0,2.19978991918452,1.28321078619097,1.6498424393883901,0.54994747979613,11.365581249120037,0.18331582659871,0.0,0.0,0.0,0.0,0.0,0.0,0.0,0.0,0.0,0.18331582659871,0.0,0.0,0.18331582659871,0.18331582659871,0.18331582659871,0.36663165319742,0.54994747979613,0.18331582659871,0.0,0.18331582659871,0.18331582659871,0.18331582659871,1.8331582659871002,1.28321078619097,0.54994747979613,0.36663165319742,11.548897075718745,0.36663165319742,0.18331582659871,0.18331582659871,0.0,0.0,0.0,0.18331582659871,0.0,0.0,0.0,0.0,0.18331582659871,0.18331582659871,0.54994747979613,0.0,0.0,0.91657913299355,0.0,0.0,0.18331582659871,0.0,0.54994747979613,0.0,0.18331582659871,0.0,0.18331582659871,0.0,0.0,0.0,0.0,0.0,0.0,0.0,0.0,0.0,0.0,0.0,2.7497373989806464,0.73326330639484,0.0,0.0,0.18331582659871,0.0,0.0,0.0,0.18331582659871,0.0,0.18331582659871,0.0,0.0,0.0,0.18331582659871,0.0,0.0,4.216264011770331,0.0,0.18331582659871,0.0,0.0,0.0,0.0,0.0,0.0,0.0,0.54994747979613,0.0,0.0,0.0,0.0,0.0,0.18331582659871,0.0,0.0,0.18331582659871,0.0,0.0,0.0,0.0,0.36663165319742,0.0,0.18331582659871,0.0,0.18331582659871,0.0,0.0,0.0,0.0,0.0,2.0164740925858102,0.54994747979613,0.0,0.0,0.0,0.0,1.6498424393883901,0.0,0.0,0.0,0.18331582659871,0.0,0.18331582659871,1.09989495959226,0.0,0.0,0.0,0.0,1.09989495959226,0.0,0.0,0.0,0.0,0.0,0.0,0.0,0.0,0.0,0.0,0.0
0.0,0.18331582659871,0.0,0.0,0.0,0.18331582659871,0.0,0.36663165319742,0.0,0.0,0.0,0.18331582659871,0.0,0.18331582659871,0.0,0.0,1.46652661278968,0.0,0.0,0.0,0.18331582659871,11.365581249120027,0.0,0.0,0.9165791329935501,0.0,0.0,0.18331582659871,0.0,0.18331582659871,0.0,0.0,0.18331582659871,0.91657913299355,0.0,0.18331582659871,0.0,0.36663165319742,0.0,0.0,0.0,0.0,0.0,0.36663165319742,0.0,0.0,0.18331582659871,0.0,0.18331582659871,0.0,0.0,0.0,0.18331582659871,0.0,0.0,0.0,0.0,0.0,0.0,0.0,0.36663165319742,2.199789919184525,0.0,0.0,0.36663165319742,0.91657913299355,0.0,0.0,0.0,0.0,2.383105745783231,0.0,0.0,0.0,0.18331582659871,0.0,0.0,0.0,0.18331582659871,0.0,0.18331582659871,0.0,0.0,0.73326330639484,0.0,0.0,3.1163690521780714,0.0,0.0,0.36663165319742,0.18331582659871,0.0,0.0,0.0,0.18331582659871,0.73326330639484,0.0,0.0,0.36663165319742,2.0164740925858102,0.18331582659871,0.0,0.0,0.0,0.73326330639484,0.18331582659871,0.18331582659871,0.0,0.36663165319742,6.966001410750982,0.0,0.0,1.09989495959226,0.18331582659871,0.18331582659871,0.0,0.0,1.09989495959226,0.0,0.0,0.0,0.0,0.0,0.0,0.0,0.36663165319742,0.91657913299355,0.0,0.0,0.18331582659871,0.0,0.0,0.0,0.54994747979613,0.0,1.8331582659871002,0.0,0.0,10.082370462929045,18.33158265987101,0.18331582659871,0.0,0.18331582659871,5.682790624560015,0.0,0.0,0.0,0.0,0.0,0.18331582659871,0.18331582659871,0.0,2.1997899191845196,0.0,0.0,0.0,0.0,0.18331582659871,0.0,0.0,4.216264011770331,0.36663165319742,0.0,0.0,0.0,0.0,0.0,0.0,0.0,0.0,0.0,0.0,0.0,0.0,0.0,1.2832107861909712,0.0,1.09989495959226,0.0,0.0,0.18331582659871,0.0,0.0,0.0,0.0,0.0,0.18331582659871,0.18331582659871,0.0,0.0,0.0,0.0,0.0,0.0,0.0,0.0,0.18331582659871,0.0,0.54994747979613,0.0,0.18331582659871,0.0,0.0,0.0,1.09989495959226,0.0,0.0,0.0,0.18331582659871,0.0,0.0,6.966001410750979,0.0,0.0,0.0,0.0,0.0,0.0,0.0,0.0,0.0,0.0,0.0,0.0,0.54994747979613,0.0,0.0,0.0,0.0,0.0,0.0,0.0,0.0,0.54994747979613,1.6498424393883901,0.18331582659871,0.0,0.0,0.0,0.0,0.0,0.0,0.0,0.0,0.0,0.0,0.0,0.0,0.18331582659871,0.0,0.0,0.0,0.36663165319742,0.0,0.0,0.0,1.4665266127896799,0.0,0.36663165319742,0.0,0.0,4.0329481851716205,0.0,0.0,0.36663165319742,0.0,0.0,0.91657913299355,0.0,0.0,0.9165791329935501,0.0,0.0,0.0,0.0,0.18331582659871,0.0,0.0,0.0,1.6498424393883901,0.0,0.18331582659871,3.116369052178075,0.0,0.0,0.0,0.0,0.0,0.73326330639484,0.0,0.0,0.18331582659871,0.0,0.0,0.0,0.0,0.0,0.0,0.36663165319742,0.0,0.0,0.0,2.19978991918452,0.0,0.18331582659871,0.18331582659871,0.36663165319742,0.18331582659871,0.0,0.0,0.0,0.0,0.36663165319742,0.0,0.0,0.0,0.0,0.0,0.0,0.18331582659871,0.0,0.0,0.0,0.0,0.0,0.0,0.0,0.0,0.0,0.0,0.0,0.0,0.0,0.0,0.9165791329935501,0.54994747979613,0.0,0.0,0.18331582659871,0.0,0.0,0.0,0.0,0.0,0.0
0.0,0.73326330639484,0.0,2.0164740925858102,0.0,2.19978991918452,1.2832107861909712,0.0,0.18331582659871,0.54994747979613,0.36663165319742,0.18331582659871,0.18331582659871,6.049422277757428,0.18331582659871,0.0,0.0,1.09989495959226,0.0,0.0,1.8331582659871,0.0,7.515948890547113,0.73326330639484,0.0,0.54994747979613,0.0,0.0,0.36663165319742,0.36663165319742,0.18331582659871,0.0,0.36663165319742,0.0,0.0,0.18331582659871,0.0,0.54994747979613,0.0,0.0,0.54994747979613,0.18331582659871,0.18331582659871,1.09989495959226,0.36663165319742,0.18331582659871,1.09989495959226,0.73326330639484,0.18331582659871,1.46652661278968,0.0,0.0,2.19978991918452,0.18331582659871,0.0,0.0,0.0,0.0,0.18331582659871,0.18331582659871,0.36663165319742,1.09989495959226,0.0,1.28321078619097,5.866106451158714,0.54994747979613,0.0,0.73326330639484,0.0,0.18331582659871,0.0,0.36663165319742,0.36663165319742,0.0,0.36663165319742,0.18331582659871,0.0,0.36663165319742,0.18331582659871,0.0,1.09989495959226,0.0,0.18331582659871,0.0,0.0,0.0,0.18331582659871,0.0,1.6498424393883901,0.0,0.0,0.0,0.0,0.0,0.18331582659871,0.0,0.0,0.0,0.0,0.0,0.0,0.0,0.73326330639484,0.0,0.0,0.0,0.0,0.0,0.0,0.0,0.0,0.0,0.0,0.73326330639484,0.54994747979613,0.0,0.91657913299355,0.0,0.0,0.0,0.18331582659871,0.18331582659871,0.0,0.0,0.0,0.0,0.0,0.18331582659871,0.18331582659871,0.0,0.0,0.0,0.0,0.0,0.54994747979613,0.18331582659871,0.18331582659871,0.9165791329935512,0.18331582659871,0.0,0.0,0.18331582659871,0.18331582659871,0.0,0.18331582659871,0.0,0.0,0.0,0.0,0.0,0.0,0.0,0.0,0.0,0.0,0.54994747979613,0.0,0.0,0.0,0.18331582659871,0.0,0.0,0.36663165319742,0.18331582659871,0.0,0.0,0.0,0.18331582659871,0.0,0.0,0.0,0.0,0.18331582659871,0.0,0.18331582659871,0.0,0.0,2.5664215723819397,0.0,0.0,0.0,0.0,0.0,0.36663165319742,0.0,0.0,1.28321078619097,0.0,0.0,0.36663165319742,0.0,0.18331582659871,0.0,0.0,0.0,0.18331582659871,0.36663165319742,1.28321078619097,0.36663165319742,0.73326330639484,0.0,0.0,0.0,0.0,0.0,0.0,0.0,0.0,0.0,0.0,0.0,0.0,0.18331582659871,0.73326330639484,0.0,0.18331582659871,0.0,0.0,0.0,0.18331582659871,0.0,0.18331582659871,12.465476208712301,7.332633063948395,1.46652661278968,0.0,0.54994747979613,0.18331582659871,0.0,0.0,0.0,0.0,0.0,0.0,0.0,0.0,0.0,0.0,0.0,0.0,0.0,0.0,0.0,0.0,0.0,0.0,1.28321078619097,0.36663165319742,0.0,0.0,0.18331582659871,0.0,0.0,0.0,1.8331582659871,0.0,0.0,0.0,0.18331582659871,0.18331582659871,0.18331582659871,0.0,0.36663165319742,0.0,0.0,8.799159676738096,0.0,0.0,0.0,0.0,0.0,0.0,0.0,0.0,0.73326330639484,0.0,0.0,0.0,0.0,0.0,0.0,0.54994747979613,0.0,0.0,0.0,0.0,0.0,0.0,0.0,0.0,0.0,0.36663165319742,0.0,0.18331582659871,0.0,0.0,0.0,0.0,0.0,0.0,0.0,0.0,0.0,0.36663165319742,0.0,0.0,0.0,0.0,0.0,0.0,0.0,0.0,0.0,0.18331582659871,0.0,0.0,0.0,0.0,0.0,0.0,0.0,0.0,0.0,0.0,0.18331582659871,0.0,0.0,0.0,0.36663165319742,0.0,0.0,0.54994747979613,0.0,0.0,0.0,0.0,0.0,0.0,0.0,0.0,0.0,0.0,0.0,0.0,0.0
0.18331582659871,2.5664215723819415,0.0,0.0,0.0,0.36663165319742,2.0164740925858102,0.18331582659871,0.18331582659871,1.09989495959226,2.0164740925858102,0.54994747979613,0.0,1.09989495959226,0.36663165319742,0.54994747979613,0.0,0.36663165319742,0.18331582659871,0.0,0.18331582659871,0.18331582659871,0.18331582659871,6.4160539309548446,0.54994747979613,0.0,0.54994747979613,0.0,0.36663165319742,0.18331582659871,0.0,0.0,0.36663165319742,0.0,0.0,0.54994747979613,0.0,0.0,0.0,0.0,2.9330532255793593,0.18331582659871,0.0,0.54994747979613,1.09989495959226,0.36663165319742,0.73326330639484,1.6498424393883901,0.18331582659871,0.18331582659871,0.0,0.0,1.09989495959226,3.1163690521780705,2.199789919184521,0.18331582659871,0.0,0.0,0.0,8.615843850139369,0.54994747979613,3.116369052178075,0.0,0.18331582659871,0.0,0.36663165319742,0.18331582659871,1.28321078619097,0.0,0.36663165319742,0.0,1.8331582659871,1.28321078619097,0.36663165319742,0.0,0.0,0.18331582659871,1.28321078619097,0.0,0.0,0.18331582659871,0.0,0.0,0.0,0.0,0.36663165319742,0.0,0.0,0.36663165319742,0.36663165319742,0.18331582659871,0.0,0.0,0.18331582659871,1.6498424393883901,0.0,0.18331582659871,0.54994747979613,0.0,0.0,0.36663165319742,0.0,0.18331582659871,0.0,0.18331582659871,1.28321078619097,0.18331582659871,0.0,0.0,0.18331582659871,0.0,0.0,0.0,0.73326330639484,0.36663165319742,0.0,0.0,0.0,0.0,0.18331582659871,0.0,1.28321078619097,0.18331582659871,0.0,0.9165791329935501,0.0,0.0,0.18331582659871,0.0,0.0,0.0,0.18331582659871,0.0,0.18331582659871,0.0,0.0,0.0,0.0,0.0,0.18331582659871,0.54994747979613,0.0,0.18331582659871,0.0,0.0,0.0,0.0,0.0,0.0,0.0,0.36663165319742,0.0,0.0,0.9165791329935501,0.0,0.18331582659871,0.0,0.0,0.18331582659871,0.0,0.0,0.0,0.18331582659871,0.0,0.0,0.0,0.0,0.0,0.54994747979613,0.36663165319742,0.0,0.0,0.18331582659871,0.0,0.0,0.0,0.0,2.19978991918452,0.0,0.0,0.0,0.18331582659871,0.0,0.18331582659871,0.18331582659871,0.0,0.0,0.0,0.0,0.0,0.0,0.0,0.0,0.0,0.0,0.36663165319742,1.46652661278968,0.0,0.0,0.0,0.0,0.0,0.0,0.0,0.36663165319742,0.0,0.0,0.0,3.1163690521780714,0.0,0.0,0.18331582659871,0.18331582659871,0.0,0.18331582659871,0.0,0.18331582659871,0.18331582659871,0.0,0.0,0.18331582659871,0.0,0.54994747979613,0.36663165319742,0.0,0.0,0.0,0.36663165319742,0.0,0.0,0.18331582659871,0.0,0.0,0.36663165319742,0.18331582659871,0.18331582659871,0.0,0.0,0.0,0.0,0.0,0.0,0.18331582659871,0.0,0.0,0.0,0.0,0.73326330639484,0.0,0.18331582659871,0.0,0.0,0.0,0.0,0.0,0.0,0.18331582659871,0.0,0.0,0.0,0.0,0.0,0.18331582659871,0.0,0.0,0.18331582659871,0.0,0.0,0.0,0.18331582659871,0.0,0.0,0.0,0.0,0.36663165319742,0.73326330639484,0.0,0.0,0.0,0.18331582659871,0.0,0.0,0.18331582659871,0.0,0.0,0.0,0.18331582659871,0.0,0.0,0.0,1.09989495959226,2.0164740925858102,0.0,0.0,0.36663165319742,0.0,0.0,0.0,0.0,0.0,0.18331582659871,0.0,0.0,0.0,0.0,0.0,0.0,0.0,0.0,0.0,0.36663165319742,0.0,0.54994747979613,0.18331582659871,0.0,0.0,0.18331582659871,0.0,0.0,0.0,0.0,0.0,0.0,0.0,0.0,0.0,0.0,0.18331582659871,0.0,0.0,0.0,0.0,0.0,0.0,0.0,0.18331582659871,0.0,0.0,0.0,0.0,0.0,0.0,0.0,0.0,0.0
0.0,0.9165791329935501,0.0,0.0,0.0,0.0,1.28321078619097,3.8496323585729106,0.0,0.18331582659871,0.0,0.0,0.0,1.46652661278968,0.0,0.0,0.0,0.0,0.0,0.0,0.18331582659871,0.73326330639484,0.0,0.0,6.782685584152273,0.0,0.0,0.0,0.18331582659871,0.0,0.0,0.0,0.0,0.0,0.0,0.0,0.0,0.36663165319742,0.0,0.0,0.36663165319742,0.0,0.18331582659871,1.6498424393883901,0.18331582659871,0.0,1.8331582659871013,0.0,0.0,0.0,0.0,0.0,0.18331582659871,5.499474797961298,0.18331582659871,0.0,0.0,0.0,0.0,0.0,0.18331582659871,0.9165791329935501,0.0,0.36663165319742,0.0,2.0164740925858102,0.0,0.18331582659871,0.0,0.0,0.18331582659871,0.54994747979613,0.0,0.0,0.0,0.0,0.0,0.0,0.0,0.0,0.0,1.833158265987105,0.0,0.0,0.0,0.0,0.18331582659871,0.0,0.0,0.0,0.0,0.0,0.0,0.0,0.0,0.18331582659871,0.0,0.0,0.54994747979613,0.0,0.0,0.18331582659871,0.18331582659871,0.0,0.0,0.73326330639484,0.18331582659871,0.0,0.18331582659871,0.0,0.0,0.0,0.18331582659871,0.0,0.0,1.6498424393883901,0.0,0.0,0.36663165319742,0.18331582659871,0.0,0.0,0.0,0.0,0.0,0.0,0.18331582659871,0.0,0.18331582659871,0.0,0.0,0.0,0.18331582659871,0.0,0.36663165319742,0.0,0.0,0.0,0.0,0.36663165319742,0.36663165319742,0.0,0.73326330639484,0.0,0.0,0.36663165319742,0.0,0.0,0.0,0.0,0.0,0.18331582659871,0.0,0.0,0.0,0.0,0.0,0.0,0.0,2.38310574578323,0.0,0.0,0.0,0.18331582659871,0.0,6.599369757553564,0.0,0.0,0.0,0.0,0.0,1.09989495959226,0.0,0.0,0.0,0.18331582659871,0.0,2.01647409258581,0.0,0.0,0.0,0.0,0.0,0.0,0.0,0.0,0.0,0.0,0.0,0.0,0.0,0.0,0.36663165319742,0.0,0.0,0.0,0.54994747979613,0.0,0.0,0.18331582659871,0.0,0.18331582659871,0.0,0.0,0.0,0.0,0.0,0.36663165319742,0.0,0.0,0.0,0.18331582659871,0.0,0.0,0.0,0.0,0.0,0.0,0.0,0.18331582659871,0.0,0.18331582659871,0.36663165319742,0.0,0.0,0.0,0.18331582659871,0.0,0.0,0.18331582659871,0.0,0.0,0.0,0.0,0.0,0.0,0.18331582659871,0.0,0.0,0.0,0.0,0.0,0.0,0.0,0.0,0.0,0.0,0.0,0.0,0.0,0.0,0.0,0.18331582659871,0.0,0.0,0.0,0.0,0.0,0.0,0.0,0.18331582659871,0.0,0.0,0.0,0.0,0.0,0.0,0.0,0.0,0.0,0.0,0.0,0.0,0.0,0.73326330639484,0.0,0.36663165319742,0.0,0.0,0.0,0.0,0.0,0.0,0.0,0.0,0.0,0.0,0.0,0.0,0.0,0.0,0.0,0.0,0.0,0.0,0.0,0.0,0.0,0.0,0.0,0.0,0.0,0.0,0.0,0.0,0.0,0.0,0.0,0.0,0.0,0.0,0.36663165319742,0.0,0.0,0.0,0.0,0.0,0.0,0.0,0.18331582659871,0.0,0.0,0.18331582659871,0.0,0.0,0.0,0.0,0.0,0.0,0.0,0.0,0.0,0.0,0.0,0.0,0.0,0.0,0.0,0.0,0.0,0.0,0.0,0.0,0.0,0.0
0.0,0.9165791329935512,0.0,0.0,0.0,0.18331582659871,0.18331582659871,0.0,2.19978991918452,0.18331582659871,0.18331582659871,0.0,0.0,0.18331582659871,0.0,0.0,0.36663165319742,0.0,0.0,0.0,0.54994747979613,0.0,1.28321078619097,0.54994747979613,0.0,22.364530845042637,0.0,0.0,0.0,0.0,0.0,0.0,1.46652661278968,0.0,0.0,0.0,0.0,0.0,0.18331582659871,0.0,0.0,0.0,0.0,0.18331582659871,0.0,0.0,1.6498424393883901,0.0,0.36663165319742,0.18331582659871,0.0,0.0,2.016474092585811,0.54994747979613,0.0,0.0,0.0,0.0,0.0,0.0,0.54994747979613,0.18331582659871,0.0,0.0,0.0,0.0,0.0,0.0,0.0,0.0,0.0,0.0,0.0,0.0,0.0,0.18331582659871,0.18331582659871,0.0,0.0,0.0,1.8331582659871002,0.0,0.0,0.0,0.0,0.0,0.18331582659871,0.0,0.0,0.0,0.0,0.0,0.0,0.0,0.0,0.0,0.0,0.0,0.0,0.0,0.0,0.0,0.0,0.18331582659871,0.0,0.0,0.18331582659871,0.0,0.0,0.0,0.0,0.0,0.0,0.0,0.18331582659871,0.0,0.0,0.0,0.0,0.0,0.0,0.0,0.0,0.0,0.0,0.0,0.0,0.18331582659871,0.0,0.0,0.18331582659871,0.0,0.0,0.0,0.0,0.0,0.0,0.0,0.0,0.18331582659871,0.0,0.0,0.54994747979613,0.0,0.0,0.0,0.18331582659871,0.0,0.0,0.0,0.0,0.0,0.0,0.0,0.0,0.0,0.0,0.0,0.0,0.0,0.0,0.0,0.0,0.0,0.0,0.0,0.0,0.0,0.0,0.0,0.0,0.0,0.0,0.0,0.0,0.0,0.0,5.132843144763891,0.0,0.0,0.0,0.0,0.0,0.18331582659871,0.18331582659871,0.0,0.0,0.0,0.18331582659871,0.18331582659871,0.0,0.0,0.0,0.0,0.18331582659871,0.54994747979613,0.0,0.0,0.0,0.54994747979613,0.0,0.0,0.0,0.0,0.18331582659871,0.0,2.7497373989806513,0.0,0.0,0.0,0.0,0.0,0.0,0.18331582659871,0.0,2.016474092585811,0.18331582659871,0.0,0.0,0.0,0.9165791329935512,0.54994747979613,0.36663165319742,0.9165791329935501,0.0,0.0,0.54994747979613,0.0,0.0,0.0,0.54994747979613,0.0,0.18331582659871,0.0,0.0,0.0,0.0,0.36663165319742,0.0,0.0,0.0,0.0,0.0,0.0,1.28321078619097,0.0,0.36663165319742,0.0,0.36663165319742,0.0,2.0164740925858102,0.0,0.0,0.0,0.0,0.0,0.0,0.0,0.0,0.0,0.0,0.0,0.0,0.18331582659871,0.0,0.18331582659871,0.0,0.0,0.54994747979613,0.0,0.0,0.0,0.0,0.0,0.73326330639484,0.36663165319742,0.0,0.0,0.0,0.0,0.0,0.36663165319742,0.0,0.0,0.0,0.0,0.0,0.18331582659871,0.0,0.0,0.54994747979613,0.0,0.0,0.0,0.0,0.0,0.0,0.0,0.0,0.0,0.54994747979613,0.36663165319742,0.0,0.36663165319742,0.0,0.0,0.0,0.0,0.0,0.0,0.0,0.0,0.0,0.0,0.0,0.0,0.0,0.18331582659871,0.0,0.0,0.0,0.18331582659871,0.0,0.0,0.18331582659871,0.18331582659871,0.0,0.18331582659871,0.0,3.849632358572914,0.0,1.28321078619097,0.0,0.0,0.0,0.0,0.0,0.0,0.18331582659871,0.0,0.0,0.0,0.0,0.0,0.0
2.016474092585811,0.0,0.36663165319742,0.0,0.18331582659871,0.0,5.499474797961301,0.0,0.0,7.1493172373497025,0.36663165319742,0.36663165319742,0.0,0.18331582659871,7.332633063948402,1.28321078619097,0.0,0.36663165319742,0.0,2.3831057457832303,0.0,0.0,0.0,0.54994747979613,0.0,0.0,8.06589637034324,0.18331582659871,0.0,0.0,0.0,0.0,0.0,0.0,0.0,0.0,0.18331582659871,0.0,0.0,0.0,0.54994747979613,0.0,2.0164740925858102,0.18331582659871,0.18331582659871,0.18331582659871,0.0,0.0,0.0,0.18331582659871,0.0,0.0,0.18331582659871,0.36663165319742,0.73326330639484,0.0,0.0,0.0,0.0,0.0,0.0,0.36663165319742,0.0,0.0,0.0,0.0,0.0,0.18331582659871,0.0,0.18331582659871,0.0,0.0,0.54994747979613,0.0,0.0,0.0,0.0,0.18331582659871,0.0,0.0,0.0,0.0,0.0,0.0,0.0,0.0,0.0,0.36663165319742,0.0,0.0,0.0,0.0,0.0,0.0,4.766211491566461,0.0,0.18331582659871,0.18331582659871,0.0,0.0,0.0,1.09989495959226,0.0,0.0,0.0,0.0,0.0,0.0,0.0,0.0,0.0,0.0,0.0,0.0,0.36663165319742,0.0,0.0,0.0,0.18331582659871,0.0,0.0,5.682790624560009,0.18331582659871,0.0,0.36663165319742,0.0,0.0,1.6498424393883901,0.18331582659871,0.0,0.0,0.0,0.0,2.56642157238194,0.0,0.0,0.0,0.0,0.0,0.0,0.18331582659871,0.18331582659871,0.54994747979613,0.0,0.0,0.0,0.18331582659871,0.0,0.0,0.0,0.0,0.0,0.0,0.0,0.0,0.0,0.0,0.0,0.0,0.0,0.0,0.0,0.0,0.0,0.0,0.0,0.0,0.36663165319742,0.36663165319742,0.0,0.0,0.0,0.0,0.0,0.18331582659871,0.0,0.0,0.54994747979613,0.0,0.0,0.0,0.18331582659871,0.0,0.0,0.0,0.0,0.0,0.0,0.0,0.18331582659871,0.0,0.0,0.0,0.0,0.0,0.0,0.18331582659871,0.0,0.0,0.0,0.0,0.0,0.0,0.0,0.73326330639484,0.0,0.0,0.0,0.0,0.0,0.0,0.0,0.54994747979613,0.0,0.18331582659871,0.0,0.0,1.6498424393883901,0.0,0.0,0.0,0.0,0.0,0.0,0.0,0.0,0.18331582659871,0.0,0.0,0.0,0.0,0.0,0.0,0.0,0.0,0.73326330639484,0.0,0.0,0.0,0.18331582659871,0.0,0.0,0.0,0.0,0.0,0.0,0.0,1.46652661278968,0.0,0.0,0.0,0.0,0.0,0.18331582659871,0.0,0.0,0.0,0.0,0.0,0.0,0.0,0.0,0.0,0.0,0.0,0.0,0.0,0.0,0.0,0.0,0.0,0.0,0.0,0.0,0.0,0.0,0.0,0.0,0.0,0.18331582659871,0.18331582659871,0.0,0.0,0.0,0.0,0.0,0.0,0.0,0.0,0.0,0.0,0.0,0.0,0.0,0.18331582659871,0.0,0.0,0.0,0.0,0.0,0.0,0.0,0.0,0.0,0.0,0.0,0.0,0.0,0.0,0.0,0.0,0.0,0.0,0.0,0.0,0.0,0.18331582659871,0.0,0.0,0.0,0.0,0.0,0.0,0.0,0.54994747979613,0.0,0.0,0.0,0.0,0.0,0.0,0.0,0.0,0.0,0.0,0.18331582659871,0.0,0.0,0.0,0.0,0.0,0.0,0.18331582659871,0.0,0.0
0.0,1.46652661278968,0.0,0.0,0.54994747979613,0.0,0.18331582659871,0.0,0.0,0.18331582659871,0.0,1.6498424393883901,0.0,2.7497373989806544,0.18331582659871,0.0,0.0,0.0,0.0,0.0,0.0,0.0,0.18331582659871,0.54994747979613,0.0,0.0,0.18331582659871,4.949527318165173,0.0,0.0,0.0,0.0,0.0,0.0,0.0,0.18331582659871,0.0,0.0,0.0,0.0,0.0,0.0,1.28321078619097,0.0,0.0,0.0,0.0,0.0,0.18331582659871,0.36663165319742,0.0,0.0,0.0,0.73326330639484,0.0,0.18331582659871,0.0,0.0,0.0,0.36663165319742,0.18331582659871,0.0,0.0,0.18331582659871,0.0,0.0,0.0,0.0,0.0,0.54994747979613,0.0,0.0,0.54994747979613,0.0,0.0,0.0,0.0,0.0,0.0,0.0,0.0,0.0,0.0,0.54994747979613,0.0,0.0,0.54994747979613,0.18331582659871,0.18331582659871,0.18331582659871,2.5664215723819415,0.18331582659871,1.6498424393883901,0.0,0.0,0.0,0.0,0.36663165319742,1.09989495959226,0.0,0.36663165319742,0.0,0.0,0.0,0.0,0.0,0.0,0.0,0.0,2.0164740925858102,0.0,0.0,0.0,0.73326330639484,1.28321078619097,0.0,0.36663165319742,0.0,0.54994747979613,0.0,0.0,1.2832107861909712,0.0,0.0,0.0,0.0,0.0,0.0,0.0,0.0,0.0,0.18331582659871,0.0,4.399579838369041,0.0,0.0,0.0,0.0,0.0,0.0,1.6498424393883901,13.932002821501959,0.0,0.0,0.0,0.0,0.0,0.0,0.36663165319742,0.0,0.0,0.0,0.0,0.18331582659871,0.0,0.0,0.0,0.0,0.0,0.0,0.0,0.0,0.73326330639484,0.0,0.0,0.18331582659871,0.73326330639484,0.0,0.0,0.0,0.0,0.0,0.18331582659871,0.0,0.0,0.0,0.0,0.36663165319742,0.18331582659871,0.0,0.0,0.18331582659871,0.0,0.0,0.0,0.18331582659871,0.0,0.0,0.0,0.18331582659871,0.0,0.0,0.0,0.0,0.0,0.0,0.0,0.0,0.0,0.0,0.0,0.0,0.0,0.0,2.566421572381941,0.36663165319742,0.0,0.0,0.18331582659871,0.36663165319742,0.0,0.0,0.0,0.0,0.0,0.0,0.0,0.0,0.0,0.0,0.0,0.0,0.0,0.0,0.18331582659871,0.0,0.0,0.0,0.0,0.0,0.0,0.0,0.0,0.0,0.0,0.18331582659871,0.0,0.0,0.0,0.0,0.0,0.0,0.0,0.0,0.0,0.0,0.0,0.36663165319742,0.0,0.0,0.0,0.0,0.0,0.18331582659871,0.0,0.18331582659871,0.0,0.0,0.0,0.0,0.0,0.18331582659871,0.0,0.0,0.0,0.0,0.0,0.0,0.0,0.0,0.0,0.0,0.18331582659871,0.0,0.0,0.73326330639484,0.0,0.0,0.0,0.0,0.0,0.0,0.0,0.0,0.0,0.0,0.0,0.0,0.0,0.0,0.0,0.0,0.0,0.0,0.0,0.0,0.0,0.0,0.0,0.0,0.0,0.0,0.0,0.0,0.0,0.0,0.0,0.0,0.0,0.0,0.0,0.0,0.18331582659871,0.73326330639484,0.0,0.0,0.0,0.0,0.0,0.0,0.0,0.0,0.0,0.0,0.0,0.0,0.0,0.0,0.18331582659871,0.0,0.18331582659871,0.0,0.0,0.0,0.36663165319742,0.0,0.0,0.0,0.0,0.0,0.73326330639484,0.0,0.0,0.0,0.0
0.0,1.09989495959226,0.0,0.36663165319742,0.0,0.36663165319742,0.36663165319742,0.18331582659871,0.0,0.18331582659871,1.8331582659871,0.18331582659871,0.0,1.09989495959226,0.54994747979613,0.0,0.0,0.73326330639484,0.0,0.0,0.9165791329935501,0.0,0.36663165319742,0.36663165319742,0.0,0.0,0.0,0.36663165319742,2.3831057457832303,0.73326330639484,0.0,0.0,0.0,0.18331582659871,0.0,0.0,0.0,0.0,0.0,0.54994747979613,0.18331582659871,0.0,0.0,0.73326330639484,1.46652661278968,0.9165791329935501,0.18331582659871,1.28321078619097,0.0,0.54994747979613,0.0,0.0,0.36663165319742,0.54994747979613,0.36663165319742,0.0,0.0,0.0,0.0,0.18331582659871,0.36663165319742,0.18331582659871,0.0,0.36663165319742,0.0,0.18331582659871,0.0,3.1163690521780714,0.0,0.18331582659871,0.0,1.6498424393883901,0.36663165319742,0.0,0.0,0.0,0.0,0.18331582659871,1.649842439388395,0.0,0.9165791329935501,0.0,0.0,0.0,0.0,0.0,0.18331582659871,0.36663165319742,0.0,0.0,0.73326330639484,0.0,0.0,0.0,0.18331582659871,0.18331582659871,0.0,0.36663165319742,0.0,0.0,0.0,0.18331582659871,0.0,0.0,0.0,0.0,0.0,0.0,0.0,0.0,0.0,0.18331582659871,0.0,0.0,0.54994747979613,0.0,0.0,0.18331582659871,0.0,0.0,0.0,0.18331582659871,0.0,0.0,0.0,0.0,0.0,0.36663165319742,0.0,0.0,0.0,0.18331582659871,0.0,0.18331582659871,1.46652661278968,0.0,0.0,0.0,0.18331582659871,0.18331582659871,0.18331582659871,0.18331582659871,0.0,0.0,0.0,0.0,0.18331582659871,0.0,0.0,0.0,0.18331582659871,0.18331582659871,0.18331582659871,0.18331582659871,0.0,0.36663165319742,0.18331582659871,5.31615897136259,0.0,0.0,0.0,0.0,0.0,0.0,0.0,0.36663165319742,0.0,0.0,0.0,0.0,0.0,0.0,0.0,0.0,0.0,0.0,0.18331582659871,1.28321078619097,0.18331582659871,0.0,0.0,0.0,0.0,0.0,0.54994747979613,0.0,0.18331582659871,0.0,0.0,0.18331582659871,0.18331582659871,0.18331582659871,0.0,0.18331582659871,0.0,0.0,2.56642157238194,0.18331582659871,0.0,0.18331582659871,0.0,0.0,0.0,0.0,0.0,0.0,0.0,0.0,0.0,0.0,0.0,0.36663165319742,0.0,0.18331582659871,6.599369757553562,0.0,0.0,0.0,0.0,0.0,0.0,0.0,0.54994747979613,0.36663165319742,0.36663165319742,0.0,0.54994747979613,0.0,0.0,0.0,0.0,0.0,0.0,0.0,0.0,0.0,0.0,0.0,0.0,0.0,0.18331582659871,0.0,0.0,0.0,0.0,0.18331582659871,0.18331582659871,0.18331582659871,0.0,0.0,0.0,0.0,0.0,0.0,0.0,0.0,0.0,0.0,0.0,0.0,0.0,0.0,0.0,0.0,0.0,0.0,0.0,0.0,0.0,0.0,0.18331582659871,0.0,0.0,0.0,0.18331582659871,0.0,0.0,0.36663165319742,0.36663165319742,0.0,0.0,0.0,0.0,0.0,0.0,0.0,0.0,0.0,0.0,0.0,0.0,0.36663165319742,0.0,0.0,0.0,0.0,0.18331582659871,0.0,0.0,0.0,0.0,0.0,2.0164740925858102,0.0,0.0,0.0,0.18331582659871,0.18331582659871,0.0,0.0,0.0,0.0,0.0,0.0,0.0,0.0,0.0,0.0,0.0,0.0,0.0,0.0,0.0,0.0,0.0,0.0,0.0,0.0,0.0,0.0,0.0,0.0,0.0,0.0,0.0,0.54994747979613,0.0,0.0,0.0,0.0,0.0,0.0,0.0,0.0,0.18331582659871
0.0,0.0,0.9165791329935501,0.18331582659871,0.0,1.09989495959226,0.9165791329935501,0.0,0.0,0.73326330639484,0.36663165319742,0.36663165319742,0.73326330639484,0.36663165319742,0.0,0.18331582659871,0.0,3.299684878776781,0.0,0.0,2.9330532255793575,0.36663165319742,0.54994747979613,0.0,0.0,0.0,0.0,0.0,0.54994747979613,9.165791329935491,0.0,0.0,2.7497373989806526,0.0,0.0,0.0,0.0,0.0,0.0,0.0,0.0,0.0,0.0,6.782685584152272,0.36663165319742,0.36663165319742,0.18331582659871,0.36663165319742,0.18331582659871,0.54994747979613,0.0,0.0,0.54994747979613,0.18331582659871,0.0,0.73326330639484,0.0,0.0,0.0,0.0,1.09989495959226,0.54994747979613,0.0,0.36663165319742,0.0,0.0,0.0,0.36663165319742,0.0,0.18331582659871,0.0,0.36663165319742,0.36663165319742,0.0,4.399579838369046,0.0,0.0,4.399579838369039,0.0,0.0,0.18331582659871,0.0,0.36663165319742,0.0,0.0,0.18331582659871,0.0,2.7497373989806513,0.54994747979613,0.18331582659871,0.0,0.0,0.0,0.0,0.73326330639484,0.0,0.0,0.0,0.0,0.0,0.0,0.0,0.18331582659871,0.0,0.18331582659871,0.0,0.54994747979613,0.0,0.0,0.18331582659871,0.0,0.0,0.0,0.0,0.73326330639484,0.0,0.36663165319742,0.0,0.0,0.18331582659871,0.0,0.0,0.0,0.0,0.36663165319742,0.0,0.0,0.18331582659871,3.299684878776775,0.0,0.0,0.0,0.0,0.0,0.0,0.0,0.0,0.0,0.18331582659871,0.0,0.36663165319742,0.0,0.0,0.0,0.0,0.0,0.0,0.0,0.0,0.0,2.19978991918452,0.0,0.0,0.0,0.0,0.36663165319742,0.0,0.18331582659871,0.0,0.0,0.0,0.0,0.36663165319742,0.0,0.0,0.18331582659871,0.0,0.54994747979613,0.0,0.0,0.18331582659871,0.0,0.0,0.0,0.36663165319742,0.0,0.0,1.8331582659871002,0.0,0.18331582659871,0.0,0.18331582659871,0.0,0.0,0.18331582659871,0.0,2.016474092585811,0.0,0.0,0.73326330639484,0.18331582659871,0.0,0.0,0.0,0.0,0.0,0.36663165319742,6.966001410750997,0.0,0.18331582659871,0.0,0.0,0.36663165319742,0.54994747979613,0.0,0.0,0.0,0.0,0.0,0.0,0.0,0.0,0.18331582659871,0.36663165319742,0.0,0.0,0.0,0.18331582659871,0.0,0.0,0.0,0.0,1.09989495959226,0.91657913299355,2.19978991918452,0.0,0.91657913299355,0.0,0.0,0.0,0.0,0.0,0.18331582659871,1.46652661278968,0.0,0.0,0.0,0.18331582659871,0.0,0.0,0.0,0.0,0.0,0.0,0.0,0.18331582659871,0.0,0.0,0.18331582659871,0.0,0.18331582659871,0.0,0.0,0.0,0.0,0.0,0.0,0.0,0.0,0.0,0.0,0.0,2.7497373989806495,0.18331582659871,0.0,0.0,0.0,0.0,0.0,0.0,0.0,0.0,0.0,0.0,6.232738104356144,0.0,0.0,0.0,0.0,0.0,0.0,0.0,0.0,0.0,0.0,0.0,0.0,0.0,0.18331582659871,0.0,0.0,0.18331582659871,0.0,0.0,0.0,0.0,0.0,0.0,0.0,0.0,0.0,0.0,0.0,0.18331582659871,0.0,0.0,0.0,0.0,0.0,0.0,0.0,0.0,0.0,0.0,0.0,0.0,0.18331582659871,0.0,0.0,0.0,0.0,2.199789919184521,0.0,0.0,0.0,0.0,0.0,0.54994747979613,0.91657913299355,0.0,0.0,0.0,0.0,0.0,0.0,0.0,0.0,0.0,0.18331582659871,0.0,0.0,0.18331582659871,0.0,0.0,0.0
0.0,0.0,0.0,0.0,0.0,0.36663165319742,0.18331582659871,0.18331582659871,0.0,0.0,0.0,0.0,0.0,1.09989495959226,0.0,0.0,0.0,0.18331582659871,0.0,0.0,0.0,0.0,0.18331582659871,0.0,0.0,0.0,0.0,0.0,0.0,0.0,4.766211491566461,0.36663165319742,0.0,0.0,0.0,0.0,0.0,0.0,0.0,0.0,0.0,0.0,0.0,0.18331582659871,0.18331582659871,0.18331582659871,0.18331582659871,0.0,0.0,0.18331582659871,0.0,0.0,0.0,0.18331582659871,0.0,0.36663165319742,0.0,0.0,0.0,0.0,0.18331582659871,0.54994747979613,0.0,0.0,0.0,0.0,0.0,0.0,0.0,0.0,0.0,0.0,0.0,0.0,0.0,0.0,0.0,0.0,0.0,0.36663165319742,0.0,0.0,0.0,0.0,0.54994747979613,0.0,0.0,0.0,0.0,0.0,0.18331582659871,0.0,0.0,0.73326330639484,0.0,0.0,0.0,0.0,0.0,0.0,0.0,0.0,0.0,0.0,0.0,0.0,0.0,0.0,0.0,0.0,0.0,0.0,0.0,0.0,0.0,0.0,0.0,0.0,0.0,0.36663165319742,0.0,0.0,0.0,0.18331582659871,0.0,0.0,0.0,0.0,0.18331582659871,0.18331582659871,0.18331582659871,0.0,0.0,0.0,0.0,0.0,0.0,0.0,0.0,0.0,0.0,0.0,0.0,0.0,0.0,0.0,0.0,0.0,0.0,0.0,0.0,0.0,0.0,0.0,0.0,0.0,0.0,0.0,0.0,0.0,0.0,0.0,0.0,0.0,0.0,0.36663165319742,0.0,0.0,0.0,0.0,0.0,0.18331582659871,0.0,0.0,0.0,0.0,0.0,0.73326330639484,0.0,0.36663165319742,0.0,0.0,0.0,0.0,0.0,0.0,0.0,0.0,0.0,0.0,0.0,0.0,0.0,0.0,0.0,0.0,0.0,0.0,0.0,0.18331582659871,0.0,0.0,0.0,0.0,0.0,0.0,0.18331582659871,0.0,0.0,0.0,0.0,0.0,0.0,0.0,0.0,0.0,0.0,0.0,0.0,0.0,0.0,0.0,0.0,0.0,0.36663165319742,0.0,0.0,0.54994747979613,0.0,0.18331582659871,0.0,0.0,0.0,0.0,0.0,0.0,0.0,0.0,0.0,0.0,0.0,0.0,2.0164740925858102,0.0,0.0,0.0,0.0,0.0,0.0,0.0,0.0,0.0,0.0,0.0,0.0,0.0,0.0,0.0,0.0,0.0,0.0,0.0,0.0,0.0,0.0,0.73326330639484,0.0,0.0,0.0,0.0,0.0,0.0,0.0,0.0,0.0,0.0,0.0,0.0,0.0,0.18331582659871,0.0,0.0,0.0,0.0,0.18331582659871,0.0,0.0,0.0,0.0,0.0,0.0,0.0,0.73326330639484,0.0,0.0,0.0,0.36663165319742,0.0,0.0,0.0,0.0,0.0,0.0,0.0,0.0,0.0,0.0,0.0,0.0,0.0,0.0,0.0,0.0,0.0,0.0,0.18331582659871,0.0,0.0,0.0,0.0,0.0,0.18331582659871,0.0,0.0,0.0,0.18331582659871,0.0,0.0,0.0,0.0,0.0,0.0,0.0,0.0,0.0,0.0,0.0,0.0,0.0,0.0,0.0,0.18331582659871,0.0,0.0,0.0
0.0,0.36663165319742,0.0,0.0,0.0,0.0,0.54994747979613,0.0,0.0,0.0,0.0,0.0,0.0,0.0,0.0,0.0,0.0,0.0,0.0,0.0,0.36663165319742,0.0,0.0,0.0,0.0,0.0,0.0,0.0,0.0,0.0,0.0,1.46652661278968,0.18331582659871,0.0,0.18331582659871,0.0,0.0,0.0,0.9165791329935501,0.18331582659871,0.0,0.0,0.0,0.0,0.0,0.0,0.0,0.0,0.0,0.0,0.0,0.0,2.7497373989806513,0.0,0.0,1.6498424393883901,0.0,0.54994747979613,0.0,0.18331582659871,0.0,0.0,0.0,0.0,0.0,0.0,0.0,0.0,0.0,0.0,0.0,0.0,0.0,0.0,0.0,0.18331582659871,0.0,0.0,0.0,0.54994747979613,1.6498424393883901,0.0,0.0,0.0,0.0,0.0,0.0,0.0,0.0,0.0,0.0,0.0,0.0,0.0,0.0,0.0,0.0,0.0,0.0,0.0,0.0,0.0,0.0,0.0,0.18331582659871,0.0,0.0,0.0,0.0,0.0,0.0,0.0,0.0,0.0,0.18331582659871,0.0,0.18331582659871,0.0,0.0,0.18331582659871,0.0,0.0,0.0,0.0,0.0,0.0,0.0,0.0,0.0,0.0,2.7497373989806553,0.0,0.36663165319742,0.0,0.0,0.0,0.36663165319742,0.0,0.0,0.0,0.0,0.0,0.0,0.0,0.0,0.0,0.0,0.0,0.0,0.0,0.0,0.0,0.0,0.0,0.0,0.18331582659871,0.0,0.0,0.0,0.0,0.0,0.0,0.0,0.36663165319742,0.0,0.0,0.0,0.0,0.0,0.54994747979613,0.0,0.0,0.0,0.0,0.0,0.0,0.0,0.18331582659871,0.0,0.0,0.0,0.0,0.0,0.0,0.0,0.0,0.0,0.0,0.18331582659871,0.0,0.0,0.0,0.0,0.0,0.18331582659871,0.0,0.0,0.0,0.0,0.0,0.0,0.0,0.0,0.0,0.0,0.0,0.0,0.0,0.0,0.0,0.0,0.0,0.0,0.18331582659871,0.0,0.0,0.0,0.0,0.0,0.0,0.0,0.0,0.0,0.0,0.0,0.0,0.0,0.0,0.0,0.0,0.0,0.0,0.0,0.0,0.0,0.0,0.0,0.0,0.0,0.18331582659871,0.36663165319742,0.0,0.0,0.18331582659871,0.0,0.0,0.0,0.0,0.0,0.18331582659871,0.0,0.0,0.0,0.0,0.0,0.0,0.0,0.0,0.0,0.18331582659871,0.0,0.0,0.0,0.0,0.0,0.91657913299355,0.0,0.0,0.0,0.0,0.0,0.0,0.0,0.0,0.0,0.0,0.0,0.0,0.0,0.0,0.0,0.0,0.0,0.0,0.0,0.18331582659871,0.0,0.0,0.0,0.0,0.0,0.0,0.0,0.0,0.0,0.0,0.0,0.18331582659871,0.0,0.0,0.0,0.0,0.0,0.0,0.0,0.0,0.0,0.0,0.54994747979613,0.0,0.0,0.0,0.0,0.0,0.0,0.0,0.0,0.18331582659871,0.0,0.0,0.0,0.18331582659871,0.0,0.0,0.0,0.0,0.0,0.0,0.0,0.0,0.0,0.0,0.0,0.0,0.0,0.0,0.0,0.0,0.0,0.0,0.0,0.0,0.0,0.0,0.18331582659871
0.0,0.0,0.0,0.0,0.0,1.28321078619097,0.18331582659871,0.0,3.299684878776781,0.18331582659871,0.54994747979613,0.0,0.18331582659871,0.18331582659871,0.18331582659871,0.0,0.0,0.18331582659871,0.0,0.0,0.91657913299355,0.18331582659871,1.649842439388385,0.18331582659871,0.0,1.28321078619097,0.0,0.0,0.0,4.216264011770334,0.0,0.18331582659871,12.648792035310967,0.0,0.18331582659871,0.0,0.18331582659871,0.0,2.56642157238194,1.46652661278968,0.0,0.0,0.0,0.36663165319742,0.18331582659871,0.0,0.18331582659871,0.18331582659871,0.36663165319742,0.0,0.0,0.18331582659871,3.666316531974206,0.0,0.0,0.0,0.0,0.18331582659871,0.0,1.8331582659871,0.36663165319742,0.18331582659871,0.0,0.18331582659871,0.0,0.18331582659871,0.0,0.18331582659871,0.0,0.0,0.0,0.0,0.0,0.0,0.0,0.73326330639484,0.36663165319742,0.18331582659871,0.0,0.54994747979613,4.399579838369044,0.0,0.18331582659871,0.0,0.54994747979613,0.0,0.0,0.36663165319742,0.0,0.0,0.0,0.0,0.0,0.0,0.0,0.0,0.0,0.0,0.0,0.0,0.18331582659871,0.0,0.18331582659871,0.0,0.0,0.0,0.0,20.164740925858105,0.0,0.0,0.0,0.0,0.0,0.0,0.0,0.0,0.54994747979613,0.18331582659871,0.0,0.0,0.36663165319742,0.0,0.0,0.18331582659871,0.0,0.0,0.0,0.0,0.0,0.0,0.73326330639484,0.0,0.54994747979613,0.0,0.0,0.0,0.0,0.36663165319742,0.0,0.0,0.0,0.0,0.18331582659871,0.0,0.36663165319742,0.0,0.18331582659871,0.0,0.0,0.0,0.0,0.0,0.0,0.0,0.0,0.36663165319742,0.0,0.0,0.0,0.18331582659871,0.0,0.0,0.0,0.18331582659871,0.0,0.0,0.0,0.18331582659871,0.0,1.09989495959226,0.18331582659871,0.0,0.0,0.0,0.0,0.0,0.0,0.9165791329935501,5.132843144763883,4.399579838369046,0.0,0.0,0.0,0.0,0.18331582659871,0.0,0.73326330639484,0.36663165319742,0.0,0.0,0.0,0.0,0.0,0.0,4.7662114915664615,0.0,0.18331582659871,0.18331582659871,0.0,0.54994747979613,0.0,0.0,0.0,0.54994747979613,0.0,0.18331582659871,0.0,0.0,0.73326330639484,0.0,0.18331582659871,0.0,0.18331582659871,0.0,0.0,1.6498424393883901,0.0,0.0,0.36663165319742,0.0,0.0,2.5664215723819397,0.54994747979613,0.36663165319742,0.0,0.0,0.0,0.0,0.0,0.18331582659871,0.0,0.0,0.0,0.0,0.0,0.0,0.0,1.09989495959226,0.9165791329935501,0.36663165319742,0.0,0.0,0.0,1.6498424393883901,0.36663165319742,0.0,0.54994747979613,0.18331582659871,1.28321078619097,0.18331582659871,0.54994747979613,0.0,0.0,0.0,0.18331582659871,0.0,0.0,0.0,0.0,0.18331582659871,0.18331582659871,0.36663165319742,0.18331582659871,1.28321078619097,0.36663165319742,0.0,0.0,0.0,0.54994747979613,0.0,0.0,0.0,0.0,1.09989495959226,0.73326330639484,0.0,0.0,0.18331582659871,0.18331582659871,0.0,0.0,0.36663165319742,0.0,0.0,0.0,0.73326330639484,0.36663165319742,0.54994747979613,0.0,1.8331582659871002,0.0,0.36663165319742,0.0,0.36663165319742,0.0,0.0,0.0,0.36663165319742,0.0,0.54994747979613,0.18331582659871,0.18331582659871,0.0,19.248161792864565,0.0,0.0,0.18331582659871,0.0,0.0,0.0,0.0,0.0,0.0,0.0,0.0,0.0,0.0,0.0,0.0,0.0,0.0,0.0,0.0,0.36663165319742,0.0,1.28321078619097,0.0,0.18331582659871,0.36663165319742,0.91657913299355,0.0,0.9165791329935501,0.0,0.0,0.0,0.0,0.0,0.0,0.0,0.0,0.18331582659871,0.0,0.0,0.0,0.0
0.0,0.0,0.0,0.0,0.0,0.18331582659871,0.18331582659871,0.36663165319742,0.0,0.18331582659871,0.0,0.0,0.0,10.998949595922612,0.0,0.0,0.0,0.18331582659871,0.0,0.0,0.0,0.73326330639484,0.0,0.0,0.18331582659871,0.0,0.0,0.0,0.0,0.0,0.0,0.0,0.0,4.032948185171619,0.0,0.0,0.0,0.18331582659871,0.0,0.0,0.0,0.0,0.0,0.18331582659871,0.0,0.0,0.0,0.0,0.0,0.18331582659871,0.0,0.0,0.0,0.18331582659871,0.0,0.0,0.73326330639484,0.0,0.0,0.0,0.18331582659871,0.18331582659871,0.0,0.0,0.0,0.9165791329935501,0.0,0.18331582659871,0.0,0.0,0.0,0.0,0.0,0.0,0.0,0.0,0.0,0.0,0.0,0.0,0.18331582659871,0.0,0.0,0.0,9.53242298313292,0.0,0.0,0.0,0.0,0.0,0.0,0.0,0.0,0.0,0.0,0.0,0.0,0.0,0.0,0.0,0.0,0.0,0.0,0.0,0.0,0.0,0.0,0.0,0.36663165319742,0.0,0.0,0.0,0.0,0.18331582659871,0.0,0.73326330639484,0.0,0.0,0.0,0.0,0.0,0.0,0.0,0.0,0.0,0.0,0.73326330639484,0.0,0.0,0.0,0.0,0.0,0.0,0.18331582659871,0.0,0.0,0.0,0.0,0.36663165319742,1.46652661278968,0.0,0.0,0.0,0.0,0.0,0.0,0.0,0.0,0.0,0.0,0.0,0.0,0.0,0.0,0.0,0.0,0.0,0.0,0.0,0.0,0.0,0.0,0.0,0.0,0.0,0.36663165319742,0.0,0.0,0.0,0.0,0.0,0.0,0.0,0.0,0.0,0.0,0.0,0.0,0.0,0.0,1.4665266127896799,0.0,0.0,0.0,0.0,0.0,0.0,0.0,0.0,0.0,0.0,0.0,0.0,0.0,0.0,0.0,0.0,0.0,0.36663165319742,0.0,0.0,0.0,0.0,0.0,0.0,0.0,0.0,0.0,0.0,0.0,0.0,0.36663165319742,0.0,0.0,0.0,0.0,0.18331582659871,0.0,0.0,0.0,0.0,0.0,0.0,0.0,0.0,0.0,0.0,0.0,0.0,0.0,0.0,0.0,0.0,0.0,0.0,0.18331582659871,0.0,0.0,0.0,0.0,0.0,0.0,0.0,0.0,0.0,0.0,0.0,0.0,0.0,0.0,0.0,0.0,0.73326330639484,0.0,0.0,0.0,0.0,0.0,2.01647409258581,0.0,0.0,0.0,0.0,0.0,0.36663165319742,0.0,0.0,0.0,0.0,0.0,0.0,0.0,0.0,0.0,0.0,0.0,0.0,0.0,0.0,0.0,0.0,0.0,0.36663165319742,0.0,0.0,0.0,0.0,0.0,0.54994747979613,0.0,0.0,0.0,0.0,0.0,0.0,0.0,0.0,0.0,0.0,0.0,0.0,0.0,0.0,0.0,0.0,0.0,0.0,0.0,0.0,0.0,0.18331582659871,0.0,0.0,0.0,0.0,0.0,0.0,0.0,0.0,0.0,0.0,0.0,0.0,0.0,0.0,0.0,0.0,0.0,0.0,0.0,0.0,0.0,0.0,0.0,0.36663165319742,0.0,0.0,0.0,0.0,0.0,0.0,0.0,0.0,0.0,0.0
0.0,0.0,0.0,0.0,0.0,0.0,0.0,0.0,0.36663165319742,0.54994747979613,0.0,0.0,0.0,0.0,0.0,0.0,0.0,0.0,0.0,0.0,0.0,0.0,0.0,0.0,0.0,0.0,0.0,0.0,0.0,0.0,0.0,0.0,0.0,0.0,0.36663165319742,0.0,0.0,0.0,0.0,0.0,0.0,0.18331582659871,0.0,0.0,0.0,0.0,0.0,0.0,0.0,0.0,0.0,0.0,0.36663165319742,0.18331582659871,0.0,0.0,0.0,0.0,0.0,0.0,0.0,0.0,0.0,0.0,0.0,0.0,0.0,0.0,1.09989495959226,0.0,0.0,0.0,0.0,0.0,0.0,0.0,0.0,0.0,0.0,0.18331582659871,0.0,0.0,0.0,0.0,0.0,0.0,0.0,0.0,0.0,0.0,0.0,0.0,0.0,0.0,0.0,0.0,0.0,0.0,0.0,0.0,0.0,0.0,0.0,0.0,0.0,0.0,0.18331582659871,0.0,0.0,0.0,0.0,0.0,0.0,0.0,0.0,0.0,0.0,0.0,0.0,0.0,0.0,0.0,0.0,0.0,0.0,0.0,0.0,0.0,0.0,0.0,0.0,0.0,0.0,0.0,0.0,0.0,0.0,0.0,0.0,0.0,0.0,0.0,0.0,0.0,0.0,0.0,0.0,0.18331582659871,0.0,0.0,0.0,0.0,0.0,0.0,0.0,0.0,0.0,0.0,0.0,0.0,0.0,0.0,0.0,0.18331582659871,0.0,0.0,0.0,0.0,0.0,0.0,0.0,0.0,0.0,0.0,0.0,0.0,0.0,0.0,0.0,0.0,0.0,0.0,0.0,0.0,0.0,0.0,0.0,1.6498424393883913,0.0,0.0,0.0,0.0,0.0,0.0,0.0,0.0,0.0,0.0,0.0,0.0,0.0,0.0,0.0,0.0,0.0,0.0,0.0,0.0,0.0,0.0,1.6498424393883901,0.0,0.0,0.0,0.0,0.18331582659871,0.0,0.0,0.0,0.0,0.0,0.0,0.0,0.0,0.0,0.0,0.0,0.0,0.0,0.0,0.0,0.0,0.0,0.0,0.0,0.0,0.0,0.0,0.36663165319742,0.0,0.0,0.0,0.0,0.0,0.0,0.0,0.0,0.0,0.18331582659871,0.0,0.0,0.0,0.0,0.0,0.0,0.0,0.0,0.0,0.0,0.0,0.0,0.0,0.0,0.0,0.0,0.0,0.0,0.0,0.0,0.0,0.0,0.18331582659871,0.0,0.0,0.0,0.0,0.0,0.0,1.649842439388395,0.0,0.0,0.0,0.0,0.0,0.0,0.0,0.0,0.0,0.0,0.0,0.0,0.0,0.0,0.0,0.0,0.0,0.0,0.0,0.0,0.0,0.0,0.0,0.0,0.0,0.0,0.0,0.0,0.0,0.0,0.0,0.0,0.0,0.0,0.0,0.0,0.0,0.0,0.0,0.0,0.0,0.0,0.0,0.0,0.0,0.0,0.0,0.0,0.0,0.0,0.0,0.0,0.0,0.0,0.0,0.0,0.0,0.0,0.0,0.0,0.18331582659871,0.0,0.0,0.0,0.0,0.0
0.0,0.0,0.0,0.0,0.18331582659871,0.0,0.36663165319742,0.0,0.0,0.0,0.0,0.0,0.0,0.0,0.0,0.0,0.0,0.0,0.0,0.0,0.0,0.0,0.0,0.18331582659871,0.0,0.0,0.0,0.18331582659871,0.0,0.0,0.0,0.0,0.0,0.0,0.0,1.6498424393883901,0.0,0.0,0.0,0.0,0.0,0.0,0.0,0.0,0.0,0.0,0.0,1.09989495959226,0.0,0.0,0.0,0.0,0.0,0.0,0.0,0.0,0.0,0.0,0.0,0.0,0.18331582659871,0.18331582659871,0.0,0.0,0.0,0.0,0.0,0.0,0.0,0.0,0.0,0.0,0.18331582659871,0.0,0.0,0.0,0.0,0.0,0.0,0.0,0.0,0.0,0.0,0.0,0.0,0.0,0.0,0.0,0.0,0.18331582659871,0.0,0.0,0.0,0.0,0.18331582659871,0.0,0.0,0.18331582659871,0.0,0.0,0.18331582659871,0.0,0.0,0.0,0.0,0.0,0.0,0.0,0.0,0.0,0.0,0.0,0.0,0.0,0.0,0.0,0.0,0.18331582659871,0.0,0.0,0.0,0.0,0.0,0.0,0.0,0.0,0.0,0.18331582659871,0.0,0.0,0.0,0.0,0.0,0.18331582659871,0.0,0.0,0.0,0.0,0.18331582659871,0.18331582659871,0.0,0.0,0.18331582659871,0.0,0.0,0.0,0.0,0.0,0.0,0.0,0.0,0.18331582659871,0.0,0.0,0.0,0.0,0.0,0.0,0.0,0.0,0.18331582659871,0.0,0.0,0.0,0.18331582659871,0.0,0.0,0.0,0.0,0.0,0.0,0.0,0.0,0.0,0.0,0.0,0.0,0.54994747979613,0.0,0.0,0.0,0.0,0.0,0.0,0.0,0.0,0.0,0.0,0.0,0.0,0.0,0.0,0.0,0.0,0.0,0.0,0.0,0.0,0.0,0.0,0.0,0.0,0.0,0.0,0.0,0.0,0.0,0.0,0.0,0.18331582659871,0.0,0.0,0.0,0.0,0.18331582659871,0.0,0.0,0.0,0.0,0.0,0.0,0.0,0.0,0.0,0.0,0.0,0.18331582659871,0.0,0.0,0.0,0.0,0.0,0.0,0.0,0.18331582659871,0.0,0.0,0.0,0.0,0.0,0.0,0.0,0.0,0.18331582659871,0.0,0.0,0.0,0.0,0.0,0.0,0.0,0.0,0.0,0.0,0.0,0.0,0.0,0.0,3.2996848787767847,0.0,0.0,0.0,0.0,0.0,0.0,0.0,0.18331582659871,0.0,0.0,0.0,0.0,0.0,0.0,0.0,0.0,0.0,0.0,0.0,0.0,0.18331582659871,0.0,0.0,0.0,0.0,0.0,0.0,0.0,0.0,0.0,0.0,0.0,0.0,0.0,0.0,0.18331582659871,0.0,0.0,0.0,0.0,0.0,0.0,0.0,0.0,0.0,0.0,0.36663165319742,0.0,0.0,0.0,0.0,0.18331582659871,0.0,0.0,0.0,0.0,0.0,0.0,0.0,0.0,0.0,0.0,0.0,0.0,0.0,0.0,0.0,0.0,0.0,0.0,0.0,0.0,0.0,0.0,0.0,0.0,0.0,0.0,0.0,0.0,0.0,0.0,0.0,0.0,0.0,0.0
0.18331582659871,1.28321078619097,0.0,0.0,0.0,0.0,0.36663165319742,0.0,0.0,0.36663165319742,0.0,0.36663165319742,0.0,0.18331582659871,0.0,0.0,0.18331582659871,0.18331582659871,0.0,0.18331582659871,0.0,0.18331582659871,0.0,0.0,0.0,0.18331582659871,0.18331582659871,0.0,0.18331582659871,0.0,0.0,0.0,0.0,0.0,0.0,0.0,1.46652661278968,0.0,0.0,0.0,0.18331582659871,0.0,0.0,0.18331582659871,0.0,0.18331582659871,0.0,0.36663165319742,0.0,0.18331582659871,0.54994747979613,0.0,0.0,1.09989495959226,0.36663165319742,0.0,0.0,0.0,0.0,0.0,0.0,0.36663165319742,0.0,0.0,0.0,0.0,2.0164740925858102,0.0,0.0,0.0,0.0,0.18331582659871,1.6498424393883901,0.0,0.0,0.0,0.0,0.0,0.0,0.0,0.0,0.0,0.0,0.0,0.0,0.18331582659871,0.36663165319742,0.0,0.18331582659871,0.18331582659871,0.0,0.0,0.0,0.0,0.18331582659871,0.0,0.18331582659871,0.18331582659871,0.0,0.0,0.0,0.54994747979613,0.18331582659871,0.0,0.0,0.0,0.0,0.0,0.0,0.0,0.0,0.0,0.0,0.0,0.18331582659871,0.0,0.0,0.36663165319742,0.0,0.0,0.0,0.18331582659871,0.0,0.0,0.0,0.0,0.0,0.18331582659871,0.36663165319742,0.0,0.0,0.54994747979613,0.0,0.18331582659871,0.0,0.0,0.0,0.0,0.0,0.0,0.0,0.36663165319742,0.18331582659871,0.0,0.0,0.0,0.54994747979613,0.0,0.0,0.0,0.18331582659871,0.0,0.0,0.0,0.0,0.0,0.0,0.0,0.0,0.0,0.0,0.0,0.36663165319742,0.0,0.0,0.0,0.0,0.18331582659871,0.0,0.0,0.0,0.0,0.0,0.0,0.0,0.0,0.18331582659871,0.0,0.0,0.0,0.0,1.46652661278968,0.0,0.0,5.8661064511587275,0.0,0.0,0.0,0.0,0.0,0.0,0.0,0.0,0.0,0.0,0.0,0.36663165319742,0.0,0.0,0.18331582659871,0.0,0.0,0.0,0.0,0.18331582659871,0.0,0.0,0.0,0.0,0.0,0.0,0.18331582659871,0.0,0.0,0.0,0.0,0.0,0.0,0.0,0.0,0.18331582659871,0.0,0.0,0.18331582659871,0.0,0.0,0.18331582659871,0.0,0.0,0.0,0.0,0.0,0.0,0.36663165319742,0.0,0.0,0.0,0.0,0.18331582659871,0.0,0.18331582659871,0.0,0.0,0.0,0.0,0.0,0.0,0.0,0.0,0.0,0.0,0.0,0.0,0.0,0.18331582659871,0.0,0.0,0.0,0.0,0.0,0.0,0.0,0.0,0.0,0.0,0.0,0.0,0.0,0.0,0.0,0.0,0.0,0.0,0.0,0.0,0.0,0.0,0.0,0.0,0.0,0.0,0.0,0.0,0.0,0.0,0.0,0.0,0.0,0.0,0.0,0.0,0.0,0.0,0.0,0.54994747979613,0.0,0.0,0.0,0.0,0.0,0.0,0.0,0.0,0.0,0.0,0.0,0.0,0.0,0.0,0.0,0.0,0.0,0.0,0.18331582659871,0.0,0.0,0.0,0.0,0.0,0.0,0.0,0.0,0.0,0.0,0.0,0.0,0.0,0.0,0.0,0.0,0.0,0.0,0.0,0.0,0.0,0.0,0.0,0.0,0.0,0.0,0.0,0.0,0.0,0.0,0.0
0.0,0.18331582659871,0.0,0.0,0.0,0.0,4.766211491566462,0.36663165319742,0.0,0.18331582659871,0.0,0.0,0.0,0.0,0.0,0.0,0.0,0.0,0.0,0.0,0.18331582659871,0.18331582659871,0.0,0.0,0.18331582659871,0.0,0.0,0.0,0.0,0.0,0.0,0.0,0.0,0.73326330639484,0.0,0.0,0.0,1.6498424393883901,0.0,0.0,0.0,0.0,0.0,0.0,0.0,0.0,0.18331582659871,0.0,0.0,0.0,0.0,0.0,0.0,0.0,0.18331582659871,0.0,0.9165791329935501,0.0,0.0,0.0,0.18331582659871,0.0,0.0,0.0,0.36663165319742,2.9330532255793598,0.0,0.0,0.0,0.0,0.0,0.0,0.0,0.0,0.18331582659871,0.0,0.0,0.0,0.0,0.0,0.0,0.0,0.0,0.0,0.0,0.0,0.0,0.0,0.36663165319742,0.0,0.0,0.0,0.0,0.0,0.0,0.18331582659871,0.0,0.0,0.0,0.0,0.0,0.0,0.0,0.0,0.0,0.9165791329935501,0.18331582659871,0.0,0.54994747979613,0.0,0.0,0.0,0.0,0.0,0.0,0.0,0.0,0.18331582659871,0.0,0.0,0.0,0.0,0.0,0.0,0.0,0.18331582659871,0.0,0.0,0.0,0.0,0.0,0.0,0.0,0.18331582659871,0.0,0.0,0.0,0.0,0.0,0.0,0.0,0.0,0.0,0.0,0.0,0.0,0.0,0.0,0.0,0.0,0.0,0.0,0.0,0.0,0.0,0.36663165319742,0.0,0.0,0.0,0.18331582659871,0.18331582659871,0.36663165319742,0.0,0.0,0.0,0.18331582659871,0.0,0.0,0.0,0.18331582659871,0.0,0.0,0.0,0.0,0.0,0.36663165319742,0.0,0.36663165319742,0.0,0.0,0.0,0.0,0.0,0.0,1.283210786190975,0.0,0.0,0.0,0.0,0.0,0.0,0.0,0.0,0.0,0.0,0.0,0.0,0.0,0.0,0.0,0.0,0.0,0.0,0.0,0.0,0.0,0.0,0.0,0.0,0.0,0.0,0.36663165319742,0.0,0.0,0.0,0.0,0.18331582659871,0.0,0.0,0.0,0.0,0.0,0.0,0.0,0.0,0.0,0.0,0.0,0.0,0.0,0.0,0.0,0.0,0.0,0.0,0.0,0.0,0.0,0.0,0.0,0.18331582659871,0.0,0.0,0.0,0.0,0.0,0.0,0.0,0.0,0.0,0.0,0.0,0.73326330639484,0.0,0.0,0.0,0.0,0.0,0.0,0.0,0.0,0.0,0.0,0.0,0.18331582659871,0.0,0.0,0.0,0.0,0.0,0.0,0.0,0.0,0.0,0.0,0.0,0.0,0.0,0.0,0.0,0.0,0.0,0.0,0.0,0.0,0.0,0.0,0.0,0.0,0.0,0.0,0.0,0.0,0.0,0.0,0.18331582659871,0.0,0.0,0.0,0.0,0.0,0.0,0.0,0.0,0.0,0.0,0.18331582659871,0.0,0.0,0.0,0.0,0.36663165319742,0.0,0.0,0.0,0.0,0.0,0.0,0.0,0.18331582659871,0.0,0.0,0.0,0.0,0.0,0.0,0.0,0.0,0.0,0.0,0.0,0.0,0.0,0.0,0.0,0.0,0.0,0.0,0.0,0.0,0.0,0.0,0.0,0.0,0.0
0.0,0.0,0.0,0.0,0.0,0.0,0.0,0.0,0.0,0.18331582659871,0.0,0.0,0.0,0.18331582659871,0.0,0.0,0.0,0.36663165319742,0.0,0.0,0.0,0.0,0.0,0.0,0.0,0.18331582659871,0.0,0.0,0.0,0.0,0.0,0.54994747979613,1.8331582659871002,0.0,0.0,0.0,0.0,0.0,17.59831935347617,0.18331582659871,0.0,0.0,0.0,0.0,0.0,0.0,0.0,0.0,0.0,0.0,0.0,0.0,4.0329481851716205,0.0,0.0,0.0,0.0,0.36663165319742,0.0,0.0,0.0,0.0,0.0,0.0,0.0,0.0,0.0,0.0,0.0,0.0,0.0,0.0,0.0,0.0,0.0,0.0,0.0,0.0,0.0,0.73326330639484,0.73326330639484,0.0,0.0,0.0,0.18331582659871,0.0,0.0,0.0,0.18331582659871,0.0,0.0,0.0,0.0,0.0,0.0,0.0,0.0,0.0,0.0,0.0,0.0,0.0,0.0,0.0,0.0,0.0,0.0,0.0,0.0,0.0,0.0,0.0,0.0,0.0,0.0,0.0,0.0,0.0,0.0,0.0,0.18331582659871,0.0,0.0,0.18331582659871,0.0,0.0,0.0,0.0,0.0,0.0,0.0,0.0,0.36663165319742,0.0,0.0,0.0,0.18331582659871,0.0,0.0,0.0,0.0,0.0,0.0,0.0,0.0,0.0,0.0,0.0,0.0,0.0,0.0,0.0,0.0,0.0,0.0,0.0,0.18331582659871,0.0,0.0,0.0,0.0,0.0,0.0,0.18331582659871,0.0,0.0,0.0,0.0,0.0,0.0,0.0,0.0,0.0,0.18331582659871,0.0,0.0,0.0,0.36663165319742,3.299684878776781,3.11636905217807,0.0,0.0,0.0,0.0,0.0,0.0,0.0,0.0,0.0,0.0,0.0,0.0,0.0,0.0,0.73326330639484,0.0,0.0,0.0,0.0,0.9165791329935501,0.0,0.0,0.0,0.0,0.0,0.0,0.0,0.0,0.0,0.0,0.0,0.0,0.0,0.18331582659871,0.0,0.18331582659871,0.0,0.0,0.18331582659871,0.0,0.0,0.0,0.0,0.0,0.0,0.0,0.0,0.0,0.18331582659871,0.18331582659871,0.0,0.0,0.0,0.0,0.0,0.0,0.18331582659871,0.0,0.0,0.36663165319742,0.0,0.0,0.0,0.54994747979613,0.0,0.0,0.0,0.0,0.18331582659871,0.36663165319742,0.0,0.0,0.0,0.0,0.0,0.0,0.0,0.0,0.0,0.0,0.0,0.0,0.0,0.0,0.0,0.0,0.0,0.0,0.0,0.0,0.0,0.0,0.0,0.54994747979613,0.0,0.0,0.0,0.0,0.0,0.0,0.0,0.0,0.0,0.0,0.0,0.0,0.0,0.0,0.0,0.9165791329935501,0.0,0.0,0.0,0.0,0.0,0.0,0.0,0.18331582659871,0.0,0.0,0.0,0.0,0.0,0.0,0.0,0.0,0.0,0.0,0.0,0.0,0.0,0.0,0.0,0.0,0.0,0.0,0.0,0.0,0.0,0.0,0.0,0.0,0.0,0.0,0.0,0.0,0.18331582659871,0.0,0.0,0.36663165319742,0.0,2.93305322557936,0.0,0.0,0.0,0.0,0.0,0.0,0.0,0.0,0.0,0.0,0.0,0.0,0.0
0.0,0.0,0.0,0.0,0.0,0.0,0.0,0.0,0.0,0.0,0.54994747979613,0.0,0.0,0.0,0.0,0.0,0.0,0.18331582659871,0.0,0.0,0.0,0.0,0.0,0.0,0.0,0.0,0.0,0.0,0.0,0.0,0.0,0.18331582659871,0.9165791329935501,0.0,0.0,0.0,0.0,0.0,0.0,0.54994747979613,0.0,0.0,0.0,0.0,0.0,0.0,0.0,0.0,0.0,0.0,0.0,0.0,0.54994747979613,0.0,0.0,0.0,0.0,0.36663165319742,0.0,0.0,0.0,0.0,0.0,0.0,0.0,0.0,0.0,0.9165791329935501,0.0,0.0,0.0,0.0,0.0,0.0,0.0,0.73326330639484,0.0,0.0,0.0,0.54994747979613,0.36663165319742,0.0,0.0,0.0,0.0,0.0,0.91657913299355,0.0,0.73326330639484,0.0,0.0,1.466526612789685,0.0,0.0,0.0,0.0,0.0,0.0,0.0,0.0,0.18331582659871,0.0,0.0,0.0,0.0,0.0,0.0,0.18331582659871,0.0,0.0,0.0,0.36663165319742,0.18331582659871,0.0,0.36663165319742,0.0,0.0,0.0,0.73326330639484,0.0,0.0,0.0,0.0,0.0,0.0,0.0,0.0,0.0,0.0,0.0,0.0,0.0,0.36663165319742,0.0,0.0,0.0,0.0,0.18331582659871,0.0,0.0,0.0,0.0,0.0,0.0,0.0,0.0,0.0,0.36663165319742,0.18331582659871,0.0,0.0,0.0,0.0,0.0,0.0,0.0,0.0,0.0,0.0,0.0,0.0,0.0,0.0,0.18331582659871,0.0,0.0,0.0,0.0,0.0,0.0,0.0,0.0,0.0,0.0,0.0,0.0,0.0,0.36663165319742,1.09989495959226,0.18331582659871,0.0,0.0,0.0,0.0,0.0,0.36663165319742,0.0,0.0,0.0,0.18331582659871,0.0,0.0,0.0,0.0,0.36663165319742,0.0,0.0,0.18331582659871,0.0,0.0,0.0,0.0,0.0,0.18331582659871,0.0,0.0,0.0,0.0,0.0,0.0,0.0,0.0,0.0,0.0,0.0,0.0,0.0,0.0,0.0,0.0,0.0,0.0,0.18331582659871,0.0,0.0,0.0,0.0,0.0,0.0,0.0,0.0,0.0,0.0,0.0,0.0,0.0,0.0,0.0,0.0,0.0,0.0,0.0,0.0,0.18331582659871,0.36663165319742,0.0,0.0,0.0,0.0,0.18331582659871,0.0,0.0,0.0,0.0,0.18331582659871,0.0,0.0,0.0,0.0,0.0,0.0,0.0,0.0,0.0,0.0,0.0,0.0,0.0,1.28321078619097,0.0,0.0,0.0,0.0,0.18331582659871,0.36663165319742,0.0,0.0,0.0,2.56642157238194,0.0,0.0,0.0,0.0,0.0,0.0,0.18331582659871,0.0,0.0,0.0,0.36663165319742,0.0,0.0,0.0,1.09989495959226,0.0,0.0,0.0,0.0,0.0,9.899054636330344,0.0,0.0,0.0,0.0,0.0,0.0,0.0,0.0,0.0,0.0,0.0,0.0,0.0,0.0,0.0,0.0,0.0,1.09989495959226,0.0,0.0,0.0,0.0,0.0,0.0,0.0,0.0,0.0,0.0,0.0,0.0,0.0,0.0,0.0,0.0,0.0,0.0,0.0,0.0,0.0,0.0,0.0,0.0,0.0,0.0,0.0
0.0,2.19978991918452,0.18331582659871,0.0,0.73326330639484,0.36663165319742,2.0164740925858102,0.0,0.0,0.9165791329935501,4.9495273181651696,0.54994747979613,0.0,0.91657913299355,0.0,0.0,0.0,1.09989495959226,0.0,0.0,0.73326330639484,0.0,0.54994747979613,2.9330532255793598,0.18331582659871,0.18331582659871,0.0,0.0,0.0,0.54994747979613,0.0,0.0,0.0,0.0,0.0,0.0,0.36663165319742,0.0,0.0,0.0,6.232738104356148,0.0,0.36663165319742,1.28321078619097,7.1493172373497,0.9165791329935501,0.0,2.19978991918452,0.18331582659871,1.28321078619097,0.18331582659871,0.0,0.18331582659871,5.316158971362595,2.5664215723819415,0.0,0.0,0.0,0.0,0.0,0.18331582659871,1.6498424393883901,0.0,0.0,0.0,0.18331582659871,0.0,1.09989495959226,0.0,2.016474092585811,0.0,4.766211491566465,2.0164740925858102,0.0,0.0,0.0,0.18331582659871,0.54994747979613,0.0,0.0,0.0,0.0,0.0,0.0,0.0,0.0,0.18331582659871,0.9165791329935512,0.36663165319742,0.73326330639484,0.18331582659871,0.0,0.0,0.0,0.36663165319742,0.0,0.36663165319742,0.18331582659871,0.0,0.0,0.0,0.0,0.0,0.0,0.0,0.36663165319742,0.0,0.0,0.0,0.18331582659871,0.0,0.0,0.0,0.0,1.28321078619097,0.0,0.0,0.0,0.0,0.0,0.0,1.28321078619097,0.0,0.36663165319742,0.36663165319742,0.0,0.0,0.18331582659871,0.0,0.0,3.11636905217807,0.18331582659871,0.0,0.0,0.18331582659871,0.0,0.0,0.0,0.0,0.0,1.28321078619097,0.0,0.36663165319742,0.0,0.0,0.0,2.19978991918452,0.0,0.0,0.18331582659871,0.0,0.0,0.0,1.28321078619097,0.0,0.0,0.0,0.0,0.0,0.0,0.0,0.0,0.36663165319742,0.0,0.0,0.0,0.36663165319742,0.36663165319742,0.0,0.0,0.0,0.18331582659871,0.0,0.0,0.0,0.0,0.0,1.649842439388395,0.0,0.0,0.0,0.0,0.0,0.0,0.18331582659871,0.0,0.36663165319742,0.0,0.0,0.0,0.0,0.36663165319742,0.0,0.0,0.0,0.9165791329935501,4.21626401177033,0.0,0.0,0.0,0.0,0.0,0.0,0.0,0.0,0.0,0.0,0.0,0.36663165319742,0.0,0.0,0.36663165319742,0.18331582659871,0.0,0.0,0.0,0.0,0.0,0.0,0.18331582659871,0.18331582659871,0.0,0.18331582659871,0.0,0.36663165319742,0.0,2.3831057457832303,0.18331582659871,0.0,0.0,0.0,0.0,0.0,0.18331582659871,0.0,0.18331582659871,0.0,0.0,0.0,0.0,0.18331582659871,0.0,0.18331582659871,0.0,0.0,0.0,0.18331582659871,0.73326330639484,0.0,0.0,0.0,0.54994747979613,0.0,0.0,0.0,0.0,0.0,0.0,0.0,0.0,0.0,0.0,0.18331582659871,0.0,0.0,0.0,0.0,0.18331582659871,0.0,0.0,0.0,0.0,0.18331582659871,0.0,0.18331582659871,0.18331582659871,0.0,0.0,0.0,0.18331582659871,0.18331582659871,0.0,0.0,0.0,0.0,0.0,0.0,0.0,0.0,0.0,0.0,0.36663165319742,0.0,0.0,1.09989495959226,0.0,0.0,0.0,0.0,0.0,0.0,0.0,0.0,0.0,0.0,0.0,0.0,0.0,0.0,0.0,0.0,0.0,0.0,0.0,0.0,0.0,0.0,0.0,0.0,0.0,0.0,0.0,0.0,0.0,0.18331582659871,0.0,0.0,0.0,0.0,0.0,0.0,0.0,0.0,0.0,0.0,0.0,0.18331582659871,0.0,0.0,0.0,0.0,0.0,0.0,0.0,0.0
0.0,0.0,0.0,0.18331582659871,0.18331582659871,4.032948185171624,0.0,0.36663165319742,0.0,4.2162640117703365,0.36663165319742,0.0,0.0,2.016474092585811,0.18331582659871,0.0,0.0,0.18331582659871,0.0,0.0,0.73326330639484,0.0,0.73326330639484,0.0,0.0,0.0,0.0,0.0,0.0,0.0,0.18331582659871,0.0,0.18331582659871,0.0,0.18331582659871,0.0,0.0,0.0,0.0,0.0,0.0,1.46652661278968,0.0,0.0,0.18331582659871,0.0,0.0,0.0,0.0,0.36663165319742,0.0,0.0,0.18331582659871,0.36663165319742,0.0,1.28321078619097,0.0,0.0,0.0,0.0,0.0,0.73326330639484,0.0,0.73326330639484,0.0,0.0,2.56642157238194,0.36663165319742,0.0,0.0,0.0,0.18331582659871,2.3831057457832303,0.0,1.46652661278968,0.0,0.0,0.36663165319742,0.0,0.0,0.0,0.0,0.0,0.0,0.0,0.0,0.18331582659871,0.0,0.0,0.0,0.0,0.0,0.0,0.0,0.0,0.0,0.0,0.0,0.0,0.0,0.0,0.0,0.0,0.0,0.0,0.0,0.73326330639484,0.0,0.18331582659871,0.0,0.0,0.0,0.0,0.0,0.36663165319742,0.0,0.0,0.0,0.0,0.0,0.36663165319742,0.18331582659871,0.0,0.0,0.0,0.0,0.0,0.0,0.0,0.0,0.18331582659871,0.0,0.0,0.0,0.0,0.0,0.18331582659871,0.0,0.18331582659871,0.0,0.0,0.0,0.0,0.0,0.0,0.0,0.0,0.0,0.0,0.0,0.18331582659871,0.0,0.0,0.36663165319742,0.0,0.0,0.0,0.0,0.0,0.0,0.0,0.0,1.46652661278968,0.0,0.0,0.18331582659871,0.0,0.0,0.0,0.0,0.0,0.18331582659871,0.0,0.0,0.0,0.0,0.0,1.6498424393883901,0.0,0.0,0.0,0.0,0.0,0.0,0.0,0.0,0.0,0.0,0.0,0.54994747979613,0.0,0.0,0.0,0.0,0.36663165319742,0.0,0.54994747979613,0.36663165319742,0.0,0.18331582659871,0.0,0.0,0.0,0.0,1.28321078619097,0.0,0.0,0.0,0.0,0.0,0.0,0.0,0.0,0.0,0.0,0.0,0.18331582659871,0.0,0.0,0.0,0.0,0.0,0.36663165319742,0.73326330639484,0.0,0.0,0.0,0.73326330639484,0.36663165319742,0.0,0.0,0.0,0.0,0.18331582659871,0.0,0.0,0.0,0.0,0.0,0.0,0.0,0.0,0.0,0.36663165319742,0.0,0.0,0.0,0.0,0.0,0.36663165319742,0.0,0.0,0.0,0.0,0.0,0.0,0.0,0.0,0.0,0.0,0.0,0.0,0.0,0.0,0.0,0.18331582659871,0.0,0.0,0.0,0.0,0.0,0.0,0.0,0.0,0.0,0.0,0.0,0.0,0.0,0.0,0.0,0.0,0.0,0.18331582659871,0.0,0.0,0.54994747979613,0.0,0.0,0.0,0.73326330639484,0.0,3.299684878776781,0.0,0.0,0.0,0.0,0.0,0.0,0.0,0.0,0.0,0.0,0.0,0.0,0.0,0.0,0.0,0.0,0.0,0.0,0.0,0.0,0.0,0.0,0.0,0.18331582659871,0.0,0.0,0.0,0.0,0.54994747979613,0.0,0.0,0.0,0.0,0.0,0.0,0.0,0.0,0.0,0.0,0.0,0.0,0.0,0.0,0.0,0.0,0.0,0.0,0.0,0.36663165319742,0.0,0.0,0.0
4.032948185171621,0.36663165319742,0.73326330639484,0.0,0.73326330639484,0.0,0.36663165319742,0.0,0.0,0.18331582659871,0.54994747979613,1.09989495959226,0.36663165319742,0.0,1.8331582659871002,0.36663165319742,0.0,1.09989495959226,0.0,0.36663165319742,0.0,0.0,0.0,1.09989495959226,0.0,0.0,2.5664215723819397,6.782685584152276,0.18331582659871,0.0,0.0,0.0,0.0,0.0,0.0,0.0,0.36663165319742,0.0,0.0,0.0,0.18331582659871,0.0,7.69926471714583,1.2832107861909712,0.18331582659871,0.18331582659871,1.28321078619097,0.73326330639484,0.54994747979613,1.09989495959226,0.18331582659871,0.0,14.298634474699371,3.483000705375491,0.36663165319742,14.298634474699401,0.0,0.0,0.0,0.0,0.18331582659871,0.36663165319742,0.0,0.0,0.0,0.0,0.0,0.18331582659871,0.0,0.54994747979613,0.0,0.54994747979613,0.36663165319742,0.73326330639484,0.0,0.0,0.0,0.73326330639484,0.0,0.0,0.0,0.0,0.0,0.0,0.0,0.0,0.0,0.0,0.73326330639484,0.18331582659871,0.0,0.0,0.36663165319742,0.0,2.01647409258581,0.0,2.56642157238194,0.0,0.0,0.0,0.0,0.9165791329935501,0.36663165319742,0.0,0.0,0.0,0.0,0.0,0.0,0.36663165319742,0.18331582659871,0.0,0.0,0.0,0.18331582659871,0.0,1.46652661278968,0.0,0.0,0.18331582659871,0.0,2.93305322557936,1.09989495959226,0.0,0.54994747979613,0.0,0.0,0.36663165319742,0.0,0.0,0.0,0.36663165319742,0.0,0.54994747979613,0.0,0.0,0.0,0.0,0.0,0.0,0.36663165319742,1.09989495959226,0.0,0.0,0.0,0.0,0.54994747979613,0.0,0.0,0.0,0.36663165319742,0.0,0.0,0.0,0.0,0.0,0.0,0.0,0.0,0.0,0.0,0.0,0.36663165319742,0.0,0.0,0.0,0.18331582659871,1.09989495959226,2.0164740925858102,0.0,6.049422277757435,0.0,0.0,0.0,0.0,0.0,0.0,0.73326330639484,0.0,0.0,0.0,0.36663165319742,0.0,0.0,1.46652661278968,0.18331582659871,0.0,0.0,1.09989495959226,0.18331582659871,0.36663165319742,0.0,0.0,0.0,0.0,10.99894959592261,0.54994747979613,0.0,0.0,0.18331582659871,0.0,0.0,0.18331582659871,0.0,0.18331582659871,0.0,0.0,0.0,0.0,0.0,0.0,0.0,0.0,0.0,2.38310574578323,0.0,0.0,1.09989495959226,0.0,0.0,0.18331582659871,0.0,0.0,0.18331582659871,0.9165791329935501,0.0,0.54994747979613,0.18331582659871,0.0,0.0,0.0,0.0,0.0,0.18331582659871,0.0,0.9165791329935501,0.0,0.0,0.0,0.0,0.0,0.0,0.0,0.0,0.0,0.0,0.0,3.48300070537549,0.0,0.0,0.0,0.0,0.0,0.0,0.0,0.0,0.0,0.0,0.0,0.0,0.0,0.0,0.0,0.36663165319742,0.0,0.0,0.0,0.0,0.0,0.0,0.0,0.0,0.0,0.0,0.54994747979613,0.0,0.0,0.0,0.0,0.0,2.56642157238194,0.0,0.0,0.0,0.0,0.0,0.0,0.0,0.36663165319742,0.0,0.0,0.0,0.0,0.0,0.0,0.0,0.0,0.0,0.0,0.0,0.0,0.0,0.0,0.0,0.0,0.0,0.0,0.0,0.0,1.46652661278968,0.0,0.0,0.0,0.0,0.0,0.0,2.0164740925858124,0.0,0.0,0.0,0.0,0.0,0.0,0.0,0.0,0.0,0.0,0.0,0.18331582659871,0.0,0.0,0.0,0.0,0.18331582659871,0.0,0.0,0.0,0.0,0.0,0.0,1.6498424393883901,0.0,0.0,0.0,0.0
0.0,0.36663165319742,0.73326330639484,0.54994747979613,0.0,0.18331582659871,3.6663165319741995,0.0,0.0,0.73326330639484,1.09989495959226,0.18331582659871,0.36663165319742,0.9165791329935501,0.73326330639484,0.36663165319742,7.6992647171458195,4.216264011770325,0.0,0.18331582659871,1.09989495959226,0.0,0.36663165319742,0.36663165319742,0.0,1.6498424393883901,0.0,0.0,0.18331582659871,4.032948185171622,0.73326330639484,0.0,0.0,0.0,0.0,0.0,0.18331582659871,0.0,0.0,0.0,0.36663165319742,0.0,0.9165791329935501,6.599369757553561,0.18331582659871,0.0,0.9165791329935501,0.73326330639484,0.18331582659871,2.74973739898065,0.18331582659871,0.0,0.73326330639484,0.54994747979613,0.0,2.7497373989806513,0.0,0.0,0.0,0.0,0.73326330639484,0.54994747979613,0.36663165319742,1.09989495959226,0.0,0.18331582659871,0.0,0.54994747979613,0.0,0.0,5.682790624560009,0.36663165319742,0.0,0.18331582659871,0.0,0.0,0.0,3.116369052178071,0.0,0.0,0.18331582659871,0.54994747979613,0.0,0.0,0.0,0.0,0.0,1.09989495959226,0.36663165319742,0.36663165319742,0.0,0.0,0.18331582659871,0.0,0.54994747979613,0.0,0.18331582659871,0.18331582659871,0.0,0.0,0.0,0.18331582659871,0.36663165319742,0.0,0.0,0.18331582659871,13.198739515107128,0.0,0.0,0.0,0.0,0.0,0.0,0.0,2.199789919184521,0.0,0.0,0.0,0.0,0.18331582659871,0.18331582659871,0.73326330639484,0.18331582659871,0.0,1.09989495959226,11.732212902317434,0.0,0.0,1.6498424393883901,0.0,0.18331582659871,0.18331582659871,0.0,0.0,0.91657913299355,0.0,0.0,0.0,0.0,0.0,0.36663165319742,0.54994747979613,0.73326330639484,0.0,0.0,0.0,0.36663165319742,0.0,0.0,0.0,0.54994747979613,0.0,3.849632358572911,0.18331582659871,0.0,0.0,0.0,0.18331582659871,0.18331582659871,0.0,0.0,1.28321078619097,0.18331582659871,0.0,0.0,0.0,0.18331582659871,0.54994747979613,0.0,0.0,0.54994747979613,0.0,0.18331582659871,0.0,0.18331582659871,0.18331582659871,0.0,1.28321078619097,0.0,0.0,0.0,0.0,0.0,0.18331582659871,0.73326330639484,0.0,1.8331582659871002,0.18331582659871,0.0,0.54994747979613,0.73326330639484,0.18331582659871,0.18331582659871,0.0,0.18331582659871,0.18331582659871,0.0,2.016474092585811,0.0,0.18331582659871,0.0,0.18331582659871,0.0,0.0,0.18331582659871,0.0,0.0,0.18331582659871,0.0,0.0,0.0,0.0,0.0,0.0,0.36663165319742,0.0,0.36663165319742,0.18331582659871,0.0,0.0,0.18331582659871,0.0,1.46652661278968,1.09989495959226,1.46652661278968,0.54994747979613,0.54994747979613,0.0,0.0,0.0,0.0,0.0,0.0,2.3831057457832303,0.0,0.36663165319742,0.0,0.0,0.0,0.0,0.0,0.0,0.0,0.0,0.0,0.0,0.18331582659871,0.36663165319742,0.18331582659871,0.0,0.0,0.0,0.0,0.0,0.0,0.0,0.0,0.0,0.0,0.18331582659871,0.0,0.0,0.36663165319742,0.36663165319742,0.18331582659871,0.0,0.0,0.0,0.0,0.0,0.0,0.0,0.0,0.0,1.6498424393883901,0.18331582659871,0.0,0.0,0.0,0.0,0.0,0.0,0.0,0.0,0.0,0.0,0.18331582659871,0.0,0.0,0.0,0.36663165319742,0.36663165319742,0.0,0.18331582659871,0.0,0.0,0.0,0.0,0.0,0.0,0.0,0.0,0.0,0.0,0.0,0.0,0.18331582659871,0.0,0.0,0.0,0.0,0.0,0.0,0.18331582659871,0.0,0.0,0.54994747979613,0.0,0.0,1.28321078619097,0.0,0.0,0.0,0.0,0.0,0.18331582659871,0.0,0.54994747979613,0.0,0.0,0.18331582659871,0.0,0.0,0.0,0.0,0.0,0.0,0.0,0.0,0.0,0.0,0.0,0.0,0.0,0.0
0.0,2.933053225579361,0.0,0.9165791329935501,0.18331582659871,1.28321078619097,0.54994747979613,0.0,0.0,1.28321078619097,1.28321078619097,0.36663165319742,0.18331582659871,0.54994747979613,0.91657913299355,0.0,0.0,1.09989495959226,0.0,0.0,1.6498424393883901,0.0,0.9165791329935501,0.36663165319742,0.18331582659871,0.0,0.18331582659871,0.18331582659871,1.8331582659871002,0.18331582659871,0.0,0.0,0.36663165319742,0.18331582659871,0.0,0.0,0.18331582659871,0.18331582659871,0.0,0.0,7.1493172373496945,0.36663165319742,0.0,0.18331582659871,4.949527318165169,0.91657913299355,0.18331582659871,2.016474092585811,0.0,0.9165791329935501,0.18331582659871,0.0,0.54994747979613,2.3831057457832303,0.54994747979613,0.0,0.18331582659871,0.18331582659871,0.0,0.0,0.36663165319742,2.7497373989806513,0.0,0.0,0.0,0.9165791329935501,0.0,1.46652661278968,0.0,0.18331582659871,0.0,2.19978991918452,0.18331582659871,0.0,0.0,0.0,0.36663165319742,0.73326330639484,0.73326330639484,0.0,0.18331582659871,0.18331582659871,0.36663165319742,0.0,0.0,0.18331582659871,0.0,0.73326330639484,1.64984243938839,0.0,0.54994747979613,0.0,0.0,0.0,0.73326330639484,0.0,0.18331582659871,0.0,0.0,0.0,0.0,0.0,0.18331582659871,0.0,0.0,0.0,0.0,0.0,0.0,0.0,0.36663165319742,0.0,0.0,0.18331582659871,0.36663165319742,0.91657913299355,0.18331582659871,0.18331582659871,0.0,0.0,0.0,0.36663165319742,0.18331582659871,0.0,0.18331582659871,1.28321078619097,0.0,1.46652661278968,0.0,0.0,0.0,0.0,0.0,0.18331582659871,0.73326330639484,0.0,0.0,0.0,0.0,0.18331582659871,0.73326330639484,0.0,0.18331582659871,0.0,0.0,0.0,0.18331582659871,0.0,0.0,0.0,0.18331582659871,0.0,0.0,0.54994747979613,0.0,0.0,0.0,0.36663165319742,0.0,0.18331582659871,0.0,0.0,0.0,0.0,0.0,0.0,0.18331582659871,0.18331582659871,0.0,0.0,0.36663165319742,0.0,0.36663165319742,0.0,0.54994747979613,0.0,0.0,1.6498424393883901,0.0,0.0,0.0,0.0,0.0,0.18331582659871,0.18331582659871,0.0,0.36663165319742,0.0,0.0,0.36663165319742,0.0,0.54994747979613,0.0,0.0,0.0,0.36663165319742,1.28321078619097,0.0,0.0,0.0,0.0,0.18331582659871,0.0,0.18331582659871,0.18331582659871,0.0,0.0,0.18331582659871,0.0,0.0,0.0,0.0,0.73326330639484,0.18331582659871,1.8331582659871002,0.0,0.0,0.0,0.0,0.0,0.18331582659871,0.0,0.18331582659871,0.36663165319742,0.0,0.0,2.19978991918452,0.0,0.0,0.0,0.0,0.0,0.0,0.54994747979613,0.0,0.0,0.0,0.18331582659871,0.0,0.0,0.73326330639484,0.0,0.36663165319742,0.0,0.0,0.0,0.0,0.0,0.0,0.18331582659871,0.0,0.0,0.18331582659871,0.0,0.0,0.18331582659871,0.0,0.0,0.0,0.0,0.0,0.36663165319742,0.73326330639484,0.0,0.0,0.18331582659871,0.0,0.0,0.73326330639484,0.0,0.0,0.0,0.18331582659871,0.0,0.0,0.18331582659871,0.0,0.18331582659871,0.0,0.0,0.0,0.0,0.0,0.0,0.0,0.0,0.0,0.0,0.0,0.0,0.0,0.36663165319742,0.0,0.0,0.0,0.0,0.18331582659871,0.0,0.0,0.0,0.0,0.0,0.0,0.18331582659871,0.0,0.0,0.0,0.0,0.0,0.18331582659871,5.682790624560004,0.0,0.0,0.0,0.0,0.0,0.0,0.0,0.0,0.0,0.18331582659871,0.0,0.0,0.0,0.0,0.0,0.0,0.18331582659871,0.0,0.0,0.18331582659871,0.0,0.0,0.36663165319742,0.0,0.0,0.0,0.0,0.0,0.0,0.0,0.0,0.0,0.0,0.0
0.0,0.36663165319742,0.18331582659871,0.0,0.0,0.0,1.28321078619097,0.0,0.0,0.0,0.36663165319742,0.0,0.0,2.0164740925858102,0.9165791329935501,0.0,0.0,0.0,0.0,0.18331582659871,0.0,0.0,0.0,0.36663165319742,0.0,0.0,0.0,0.0,0.18331582659871,0.54994747979613,0.0,0.0,0.0,0.0,0.0,0.0,0.0,0.0,0.0,0.0,0.9165791329935501,0.0,0.18331582659871,0.18331582659871,0.54994747979613,1.8331582659871002,0.18331582659871,0.54994747979613,0.18331582659871,0.36663165319742,0.18331582659871,0.0,0.0,0.9165791329935501,2.19978991918452,0.0,0.0,0.0,0.0,0.0,0.54994747979613,2.01647409258581,0.0,0.0,0.0,0.0,0.18331582659871,0.36663165319742,0.0,0.18331582659871,0.0,0.54994747979613,0.54994747979613,0.54994747979613,0.0,0.0,0.0,0.18331582659871,0.0,1.8331582659871002,0.18331582659871,0.0,0.18331582659871,0.0,0.0,0.0,0.0,0.0,0.18331582659871,0.73326330639484,0.36663165319742,0.0,0.0,0.0,1.09989495959226,0.54994747979613,0.18331582659871,1.6498424393883901,0.0,0.0,0.18331582659871,0.18331582659871,2.1997899191845174,0.0,0.18331582659871,0.0,0.0,0.0,0.18331582659871,0.0,0.0,0.0,0.0,0.0,0.54994747979613,0.18331582659871,0.0,0.0,0.0,0.0,0.0,1.09989495959226,0.18331582659871,0.0,0.0,0.0,0.0,0.18331582659871,0.0,0.0,0.0,0.18331582659871,0.0,0.0,0.18331582659871,0.0,0.18331582659871,0.0,0.0,0.0,0.0,0.0,0.36663165319742,0.0,0.0,0.0,0.73326330639484,0.0,0.18331582659871,0.0,0.36663165319742,0.0,0.0,0.54994747979613,0.0,0.18331582659871,0.0,0.0,0.0,0.0,0.0,0.0,0.0,0.0,0.0,0.0,0.18331582659871,0.18331582659871,0.18331582659871,0.0,0.0,0.0,0.0,0.0,0.0,0.91657913299355,0.0,2.9330532255793575,0.0,0.0,0.0,0.18331582659871,0.0,0.0,0.0,0.0,0.0,0.0,0.0,0.18331582659871,0.0,0.36663165319742,0.0,0.0,0.0,0.18331582659871,0.36663165319742,0.0,0.18331582659871,0.18331582659871,0.0,0.0,0.0,0.0,0.0,0.0,0.0,0.0,0.54994747979613,0.0,0.0,0.18331582659871,0.54994747979613,0.0,0.0,0.0,0.0,0.0,0.0,0.0,0.0,0.0,0.0,0.18331582659871,0.36663165319742,0.0,1.28321078619097,0.0,0.0,0.0,0.0,0.0,0.0,0.54994747979613,0.0,0.18331582659871,0.0,0.0,0.0,0.0,0.36663165319742,0.0,0.0,0.0,0.0,0.0,0.0,0.0,0.0,0.0,0.0,0.0,0.0,0.0,0.0,0.0,0.0,0.0,0.0,0.36663165319742,0.36663165319742,0.0,0.0,0.0,0.0,0.0,0.0,0.0,0.0,0.0,0.0,0.0,0.18331582659871,0.0,0.0,0.0,0.0,0.0,0.0,0.0,0.0,0.0,0.0,0.0,0.0,0.0,0.0,0.0,0.0,0.0,0.0,1.46652661278968,0.0,0.0,0.0,0.0,0.0,0.18331582659871,0.0,0.0,0.0,0.0,0.0,0.0,0.0,0.0,0.0,0.73326330639484,0.0,0.0,0.0,0.0,0.18331582659871,0.0,0.0,0.0,0.73326330639484,0.0,0.0,0.0,0.36663165319742,0.0,0.0,0.0,0.0,0.0,0.0,0.0,0.0,0.0,0.0,0.0,0.0,0.0,0.18331582659871,0.0,0.18331582659871,0.0,0.0,0.0,0.0,0.0,0.0,0.0,0.0
0.0,1.6498424393883913,0.0,0.18331582659871,0.36663165319742,0.73326330639484,1.28321078619097,0.73326330639484,0.0,0.18331582659871,0.18331582659871,0.0,0.0,2.74973739898065,0.18331582659871,0.0,0.0,0.36663165319742,0.0,0.36663165319742,1.09989495959226,0.18331582659871,0.18331582659871,0.18331582659871,2.0164740925858102,0.36663165319742,0.0,0.18331582659871,0.18331582659871,0.9165791329935501,0.18331582659871,0.0,0.0,0.54994747979613,0.0,0.0,0.0,0.18331582659871,0.36663165319742,0.18331582659871,0.18331582659871,0.0,0.36663165319742,0.36663165319742,0.54994747979613,0.0,13.38205534170584,0.18331582659871,0.18331582659871,0.36663165319742,0.0,0.0,1.46652661278968,0.73326330639484,0.0,0.0,0.18331582659871,0.0,1.28321078619097,0.36663165319742,1.28321078619097,0.0,0.0,0.54994747979613,0.36663165319742,0.9165791329935501,0.0,0.18331582659871,0.0,0.0,0.0,0.36663165319742,0.18331582659871,0.0,0.0,0.0,0.0,0.18331582659871,0.9165791329935501,0.0,0.54994747979613,1.46652661278968,0.0,0.18331582659871,0.36663165319742,0.0,0.0,0.18331582659871,0.18331582659871,0.0,0.0,0.0,0.0,0.36663165319742,0.0,0.0,0.0,0.36663165319742,0.0,0.0,0.0,0.18331582659871,0.0,0.0,0.0,0.54994747979613,1.46652661278968,0.0,0.18331582659871,0.0,0.0,0.0,0.0,0.18331582659871,0.0,0.0,0.0,0.18331582659871,0.0,0.0,0.0,0.18331582659871,0.0,0.18331582659871,0.0,0.18331582659871,0.0,0.18331582659871,0.0,1.8331582659871,0.0,0.0,0.18331582659871,0.0,0.18331582659871,0.0,0.0,0.0,0.0,0.0,0.18331582659871,0.0,0.9165791329935501,0.0,0.0,0.0,0.0,0.18331582659871,0.0,0.18331582659871,0.18331582659871,0.0,0.0,0.18331582659871,0.0,0.0,0.18331582659871,0.0,0.0,0.36663165319742,0.0,0.54994747979613,0.0,0.18331582659871,0.0,1.09989495959226,0.0,0.0,0.0,0.0,0.0,0.18331582659871,0.0,0.0,0.0,0.0,0.0,2.93305322557936,0.0,0.0,0.0,0.0,0.0,0.0,0.0,0.0,0.0,0.0,0.0,0.0,0.18331582659871,0.0,0.0,0.0,0.0,0.0,0.0,0.0,0.0,0.36663165319742,0.0,0.54994747979613,0.0,0.54994747979613,0.0,0.0,0.0,0.36663165319742,0.0,0.0,0.0,0.0,0.0,0.54994747979613,0.0,0.0,0.0,0.0,0.0,0.36663165319742,0.0,0.0,0.36663165319742,0.0,0.0,0.0,0.0,0.0,0.0,0.0,0.0,0.0,0.0,0.18331582659871,0.0,0.0,0.0,0.0,0.0,0.0,0.0,0.0,1.6498424393883901,0.0,0.0,0.0,0.54994747979613,0.0,7.8825805437445435,0.0,0.0,0.36663165319742,0.0,0.0,0.0,0.0,0.0,0.0,0.0,0.0,0.18331582659871,0.0,0.0,0.0,0.0,0.0,0.0,0.0,0.0,0.0,0.0,0.0,0.0,0.0,0.0,0.0,0.0,0.0,0.0,0.0,0.0,0.0,0.0,0.0,0.0,0.0,0.0,0.0,0.0,0.0,0.0,0.0,0.0,0.0,0.0,0.0,0.18331582659871,0.0,0.0,0.0,0.0,0.0,0.0,0.0,0.0,0.18331582659871,0.0,0.0,0.0,0.0,0.0,0.0,0.18331582659871,0.0,0.0,0.0,0.0,0.0,0.0,0.18331582659871,0.0,0.0,0.0,0.0,0.0,0.18331582659871,0.18331582659871,0.36663165319742,0.0,0.18331582659871,0.0,0.18331582659871,0.0,0.0,0.0,0.0,0.18331582659871,0.0,0.18331582659871,0.0,0.0,0.18331582659871,0.0,0.18331582659871,0.0
0.0,2.19978991918452,0.0,0.0,0.18331582659871,0.9165791329935501,1.09989495959226,0.18331582659871,0.18331582659871,0.54994747979613,2.56642157238194,0.36663165319742,0.54994747979613,1.09989495959226,0.18331582659871,0.36663165319742,0.0,0.73326330639484,0.0,0.0,1.64984243938839,0.0,2.016474092585811,1.28321078619097,0.18331582659871,0.0,0.18331582659871,0.0,1.09989495959226,0.36663165319742,0.18331582659871,0.0,0.36663165319742,0.0,0.0,0.36663165319742,0.0,0.0,0.0,0.0,2.0164740925858102,0.0,0.36663165319742,2.1997899191845196,2.19978991918452,0.36663165319742,0.54994747979613,8.249212196941956,0.0,0.36663165319742,0.0,0.18331582659871,1.28321078619097,1.6498424393883901,2.1997899191845214,0.18331582659871,0.0,0.36663165319742,0.0,0.0,2.0164740925858102,1.6498424393883901,0.0,0.36663165319742,0.0,0.18331582659871,0.0,1.8331582659871,0.0,0.18331582659871,0.18331582659871,1.8331582659871013,0.18331582659871,15.031897781094226,0.0,0.0,0.54994747979613,0.9165791329935501,0.0,0.36663165319742,0.73326330639484,0.0,0.0,0.0,0.18331582659871,0.18331582659871,0.0,0.36663165319742,0.36663165319742,0.18331582659871,0.36663165319742,0.18331582659871,0.54994747979613,0.18331582659871,0.18331582659871,0.18331582659871,0.0,0.0,0.0,0.0,1.09989495959226,2.9330532255793598,0.36663165319742,0.0,0.18331582659871,0.0,0.0,0.54994747979613,0.0,0.0,0.0,0.18331582659871,0.0,0.0,0.36663165319742,0.0,0.0,0.0,0.0,0.0,0.18331582659871,0.54994747979613,0.0,0.0,0.73326330639484,0.0,0.0,1.28321078619097,0.36663165319742,0.0,0.18331582659871,0.54994747979613,0.18331582659871,0.18331582659871,0.36663165319742,0.0,0.0,0.0,0.18331582659871,0.18331582659871,0.18331582659871,0.0,0.54994747979613,0.0,1.8331582659871,0.0,1.28321078619097,0.0,0.0,0.0,0.36663165319742,0.0,0.36663165319742,0.73326330639484,0.18331582659871,0.36663165319742,0.0,0.0,0.0,0.0,0.18331582659871,0.18331582659871,0.36663165319742,0.18331582659871,0.0,0.18331582659871,0.54994747979613,0.18331582659871,0.0,0.54994747979613,1.46652661278968,0.0,0.0,0.18331582659871,0.0,0.18331582659871,0.0,2.56642157238194,0.18331582659871,0.0,0.0,0.0,0.0,0.0,0.9165791329935501,0.0,0.18331582659871,0.0,0.0,0.18331582659871,0.0,0.0,0.0,0.0,0.0,0.73326330639484,0.9165791329935501,0.0,0.0,0.54994747979613,0.0,0.0,1.6498424393883901,0.0,0.54994747979613,0.0,0.18331582659871,0.54994747979613,0.0,0.0,0.0,0.0,0.54994747979613,0.18331582659871,0.18331582659871,0.0,0.0,0.0,0.0,0.0,0.0,0.0,1.09989495959226,0.54994747979613,0.36663165319742,0.18331582659871,1.28321078619097,0.0,0.18331582659871,0.0,0.0,0.0,0.0,0.18331582659871,0.36663165319742,0.0,0.0,0.0,0.0,0.0,0.36663165319742,0.0,0.18331582659871,0.0,0.0,0.36663165319742,0.54994747979613,0.18331582659871,0.18331582659871,0.0,0.0,0.0,0.18331582659871,0.0,0.0,0.0,0.0,0.0,0.0,0.36663165319742,0.36663165319742,0.0,0.0,0.0,0.0,0.0,14.115318648100676,0.0,6.416053930954845,0.0,0.0,0.0,0.18331582659871,0.0,0.36663165319742,4.58289566496775,0.0,0.0,0.0,0.0,0.0,0.18331582659871,0.0,0.0,0.0,0.0,0.0,0.0,0.18331582659871,0.18331582659871,0.18331582659871,0.73326330639484,0.0,0.0,0.0,0.0,0.0,0.0,0.0,0.0,0.0,0.0,0.54994747979613,0.0,0.0,0.0,0.0,0.0,0.0,0.0,1.46652661278968,0.0,0.18331582659871,0.0,0.0,2.199789919184521,0.18331582659871,0.0,0.0,0.18331582659871,0.18331582659871,0.0,0.0,0.0,0.18331582659871,0.0,0.0,0.0,0.0,0.0,0.0,0.18331582659871,0.0,0.0,0.0,0.0,0.0,0.0,0.0,0.0,0.18331582659871,0.0,0.0,0.0,0.0
0.0,0.0,0.0,0.0,0.0,0.0,0.0,0.0,0.18331582659871,0.18331582659871,0.18331582659871,0.0,0.18331582659871,0.36663165319742,0.0,0.18331582659871,0.0,0.0,0.0,0.0,0.0,0.0,0.18331582659871,0.0,0.73326330639484,0.54994747979613,0.0,0.18331582659871,0.0,0.18331582659871,0.0,0.0,0.54994747979613,0.0,0.0,0.0,0.36663165319742,0.0,0.0,0.0,0.0,0.0,0.0,0.0,0.0,0.0,0.0,0.18331582659871,0.9165791329935501,0.0,0.0,0.0,1.09989495959226,0.0,0.0,0.0,0.0,0.0,0.0,0.18331582659871,0.0,0.0,0.0,0.0,0.0,0.18331582659871,0.0,0.0,0.0,0.0,0.0,0.0,0.0,0.0,0.0,0.0,0.0,0.36663165319742,0.0,0.0,0.18331582659871,0.0,0.0,0.0,0.0,0.0,0.0,0.0,0.54994747979613,0.0,0.0,0.0,0.0,0.0,0.0,0.0,0.0,0.0,0.18331582659871,0.0,0.0,0.0,0.0,0.0,0.0,0.0,0.0,0.0,0.0,0.0,0.0,0.0,0.0,0.0,0.0,0.0,0.73326330639484,0.0,0.0,0.0,0.36663165319742,0.0,0.0,0.0,0.36663165319742,0.0,0.0,0.0,0.18331582659871,0.0,0.0,0.0,0.0,0.0,0.0,0.0,0.18331582659871,0.0,0.0,0.0,0.0,0.0,0.0,0.0,0.0,0.0,0.0,0.0,0.0,0.0,0.0,0.0,0.0,0.0,0.0,0.18331582659871,0.0,0.0,0.0,0.0,0.0,0.0,0.0,0.0,0.0,0.0,0.0,0.9165791329935501,0.0,0.0,0.0,0.0,0.0,0.0,0.0,0.0,0.36663165319742,0.0,0.0,0.0,0.0,0.0,0.0,0.0,0.18331582659871,0.0,0.0,0.18331582659871,0.0,0.0,0.0,0.0,0.0,0.0,0.0,0.0,0.18331582659871,0.54994747979613,0.0,0.73326330639484,0.0,0.0,0.0,0.0,0.0,0.0,0.0,0.0,0.0,0.0,0.0,0.0,0.0,0.0,0.0,0.0,0.0,0.0,0.0,0.0,0.0,0.0,0.54994747979613,0.0,0.36663165319742,0.0,0.0,0.0,0.0,0.0,0.0,0.0,0.0,0.0,0.18331582659871,0.0,0.0,0.18331582659871,0.0,0.0,0.0,0.0,0.0,0.0,0.0,0.0,0.54994747979613,0.0,0.36663165319742,0.0,0.18331582659871,0.0,0.0,0.0,0.18331582659871,0.0,0.0,0.0,0.0,0.0,0.0,0.0,0.18331582659871,0.36663165319742,0.0,0.0,0.0,0.0,0.0,0.0,0.0,0.0,0.0,0.0,0.18331582659871,0.0,0.0,0.0,0.0,0.0,0.0,0.36663165319742,0.0,0.18331582659871,0.0,0.0,0.0,0.0,0.0,0.0,0.0,0.0,0.0,0.18331582659871,0.0,0.0,0.0,0.0,0.0,0.0,0.36663165319742,0.0,0.0,0.0,0.0,0.0,0.0,0.0,0.0,0.0,0.0,0.0,0.0,0.0,0.0,0.0,0.18331582659871,0.0,0.0,0.0,0.0,0.0,0.0,0.18331582659871,0.36663165319742,0.0,0.0,0.18331582659871,0.18331582659871,0.0,0.0,0.54994747979613,0.0,0.0,0.0,0.0,0.0,0.0,0.0,0.0,0.0,0.0,0.0,0.0,0.0
0.36663165319742,1.09989495959226,0.36663165319742,0.54994747979613,0.9165791329935501,6.599369757553575,1.28321078619097,0.18331582659871,0.0,0.18331582659871,8.249212196941954,1.09989495959226,0.54994747979613,3.666316531974205,2.19978991918452,0.18331582659871,0.73326330639484,2.19978991918452,0.0,0.18331582659871,2.933053225579361,0.0,1.8331582659871013,0.36663165319742,0.0,0.0,0.18331582659871,0.0,0.9165791329935501,2.9330532255793598,0.18331582659871,0.0,0.36663165319742,0.0,0.0,0.18331582659871,0.36663165319742,0.0,0.0,0.0,0.73326330639484,0.0,1.09989495959226,2.74973739898065,0.54994747979613,0.18331582659871,0.18331582659871,0.54994747979613,0.0,6.2327381043561445,5.31615897136259,0.0,0.18331582659871,0.18331582659871,0.0,0.36663165319742,0.0,0.0,0.0,0.0,0.54994747979613,0.73326330639484,0.0,0.18331582659871,0.18331582659871,0.18331582659871,0.0,2.19978991918452,0.18331582659871,0.18331582659871,0.0,3.483000705375495,0.36663165319742,5.86610645115872,0.36663165319742,0.0,0.0,0.73326330639484,0.0,0.0,0.36663165319742,0.0,0.0,0.0,0.0,0.9165791329935501,0.0,0.0,0.18331582659871,0.0,0.0,0.0,0.0,0.18331582659871,0.54994747979613,0.0,0.0,0.36663165319742,0.0,0.0,0.0,1.8331582659871002,1.28321078619097,0.0,0.18331582659871,0.0,0.0,0.54994747979613,0.36663165319742,0.0,0.0,0.0,0.0,0.0,1.6498424393883901,0.0,1.28321078619097,0.18331582659871,0.0,0.0,0.18331582659871,1.09989495959226,0.18331582659871,0.0,1.28321078619097,0.0,0.0,0.36663165319742,0.36663165319742,0.0,0.0,1.6498424393883901,0.0,0.36663165319742,0.73326330639484,0.0,0.36663165319742,0.73326330639484,0.0,0.18331582659871,0.91657913299355,0.0,5.866106451158723,0.0,0.18331582659871,0.0,0.9165791329935501,0.0,0.54994747979613,0.0,0.18331582659871,0.0,0.0,0.18331582659871,0.0,0.0,0.0,0.0,0.0,0.0,0.0,0.0,0.18331582659871,0.0,0.0,0.18331582659871,0.36663165319742,0.18331582659871,0.0,2.0164740925858102,0.54994747979613,0.0,0.0,0.0,0.18331582659871,0.0,0.0,1.46652661278968,0.0,0.0,0.18331582659871,0.0,0.0,0.0,1.6498424393883913,0.0,0.36663165319742,0.18331582659871,0.0,1.09989495959226,0.18331582659871,1.09989495959226,0.18331582659871,0.0,0.18331582659871,3.2996848787767794,1.09989495959226,1.09989495959226,0.0,0.54994747979613,0.0,0.0,9.532422983132928,0.0,0.18331582659871,0.0,0.0,0.0,0.0,0.0,0.0,0.0,0.18331582659871,0.36663165319742,0.18331582659871,0.36663165319742,0.0,0.0,0.0,0.0,0.18331582659871,0.0,2.0164740925858102,3.29968487877678,0.9165791329935501,0.36663165319742,0.54994747979613,0.0,0.0,0.0,0.0,0.0,0.0,1.28321078619097,0.0,1.46652661278968,0.0,0.0,0.0,0.0,0.0,0.0,1.28321078619097,0.0,0.0,0.0,0.18331582659871,4.399579838369043,0.0,0.36663165319742,0.18331582659871,0.0,0.0,0.0,0.0,0.0,0.0,0.0,0.36663165319742,0.0,0.0,0.0,0.9165791329935501,0.18331582659871,0.0,0.0,0.0,0.0,0.0,0.0,0.18331582659871,0.0,0.0,1.6498424393883901,1.8331582659871002,0.0,0.0,0.0,0.0,0.0,0.0,0.18331582659871,0.0,0.0,0.0,0.0,0.0,0.0,0.0,0.0,0.18331582659871,0.18331582659871,0.0,0.18331582659871,0.0,0.0,0.0,0.0,0.0,0.18331582659871,0.18331582659871,0.0,0.0,0.0,0.0,4.766211491566471,0.0,0.0,0.0,0.0,0.36663165319742,0.18331582659871,0.18331582659871,0.18331582659871,0.0,0.54994747979613,0.36663165319742,0.0,0.0,0.18331582659871,0.0,0.0,0.0,0.0,0.0,0.36663165319742,0.0,0.73326330639484,0.0,0.0,0.0,0.0,0.0,0.0,0.0,0.0,0.0,0.0,0.0,0.0,0.0,0.0,0.18331582659871,0.0,0.0
1.46652661278968,0.0,0.54994747979613,0.0,0.18331582659871,0.36663165319742,0.73326330639484,0.0,0.0,0.0,0.18331582659871,0.73326330639484,0.18331582659871,0.18331582659871,1.28321078619097,0.0,0.0,0.0,0.0,0.0,0.18331582659871,0.0,0.18331582659871,0.18331582659871,0.0,0.0,0.0,0.36663165319742,0.18331582659871,0.0,0.0,0.0,0.0,0.0,0.0,0.0,0.9165791329935501,0.0,0.0,0.0,0.54994747979613,0.0,0.0,4.216264011770331,0.0,0.0,0.54994747979613,0.18331582659871,0.0,6.966001410750979,2.749737398980656,0.0,0.0,0.0,1.09989495959226,0.0,0.0,0.0,0.0,0.0,0.54994747979613,0.18331582659871,0.0,0.0,0.0,0.0,0.0,0.0,0.0,0.18331582659871,0.0,0.54994747979613,0.0,0.0,0.0,0.0,0.0,0.0,0.0,0.0,0.0,0.0,0.0,0.0,0.0,0.0,0.0,0.0,0.36663165319742,0.18331582659871,0.0,0.0,0.0,0.0,0.73326330639484,0.0,0.0,0.0,0.0,0.0,0.0,0.0,0.0,0.0,0.0,0.0,0.0,0.0,0.0,0.0,0.0,0.0,0.0,0.0,0.0,0.0,0.0,0.0,0.0,0.0,0.0,1.46652661278968,0.36663165319742,0.0,0.0,0.0,0.0,0.0,0.18331582659871,0.0,0.0,1.09989495959226,0.18331582659871,0.0,0.18331582659871,0.0,0.0,0.18331582659871,0.0,0.0,0.0,1.6498424393883901,0.18331582659871,0.0,0.0,0.0,0.36663165319742,0.0,0.0,0.0,0.0,0.0,0.0,0.18331582659871,0.0,0.0,0.18331582659871,0.0,0.0,0.0,0.0,0.0,0.0,0.0,0.0,0.0,0.0,0.91657913299355,0.0,0.0,0.0,0.0,0.0,0.0,0.0,0.0,0.0,0.36663165319742,0.0,0.0,0.0,0.0,0.0,0.0,0.18331582659871,0.0,0.0,0.0,0.0,0.0,0.0,0.0,0.0,0.0,0.0,0.0,0.0,0.0,0.0,0.36663165319742,0.0,0.0,0.0,0.0,0.18331582659871,0.0,0.0,0.0,0.0,0.0,0.0,0.0,1.2832107861909712,0.0,0.0,0.0,0.0,0.0,0.0,0.54994747979613,0.0,0.0,0.0,0.0,0.0,0.0,0.0,0.0,0.0,0.0,0.0,0.0,0.0,0.36663165319742,0.0,0.0,0.0,0.73326330639484,0.0,0.0,0.0,0.0,0.0,0.0,0.0,0.0,0.0,0.0,1.8331582659871,0.0,0.0,0.0,0.0,0.0,0.0,0.0,0.0,0.0,0.0,0.0,0.0,0.0,0.0,0.0,0.0,0.0,0.0,0.0,0.0,0.0,0.0,0.0,0.0,0.0,0.0,0.18331582659871,0.0,0.18331582659871,0.0,0.0,0.18331582659871,0.0,0.0,0.0,0.0,0.0,0.0,0.0,0.0,0.0,0.0,0.0,0.0,0.0,0.0,0.0,0.0,0.0,0.0,0.0,0.0,0.0,0.0,0.0,0.0,0.0,0.0,0.0,0.0,0.0,0.0,0.0,0.0,0.36663165319742,0.0,0.0,0.0,0.0,0.0,0.0,0.0,0.0,0.0,0.0,0.0,0.0,0.0,0.0,0.18331582659871,0.0,0.0,0.0,0.0,0.0,0.0,0.0,0.0,0.0,0.0,0.0,0.0,0.0,0.0,0.0,0.0
0.0,0.0,0.0,0.0,0.0,0.18331582659871,0.36663165319742,0.0,0.0,0.0,0.0,0.0,0.0,0.18331582659871,0.0,0.0,0.0,0.0,0.0,0.0,0.0,0.0,0.0,0.0,0.0,0.0,0.0,0.0,0.0,0.0,0.0,0.0,2.38310574578323,0.0,0.0,0.0,0.0,0.0,0.0,0.18331582659871,0.0,0.0,0.0,0.0,0.0,0.0,0.0,0.0,0.0,0.0,0.0,0.73326330639484,0.18331582659871,0.0,0.0,0.0,0.0,0.0,0.0,0.0,0.18331582659871,0.0,0.0,0.0,0.0,0.0,0.0,0.0,0.0,0.0,0.18331582659871,0.0,0.0,0.0,0.0,0.0,0.0,0.18331582659871,0.0,0.0,0.18331582659871,0.0,0.0,0.0,0.0,0.0,0.0,0.0,0.0,0.0,0.0,0.0,0.0,0.0,0.0,0.0,0.0,0.0,0.0,0.0,0.0,0.0,0.0,0.0,0.0,0.0,0.0,0.0,0.0,0.0,0.0,0.0,0.0,0.0,0.0,0.0,0.0,0.0,0.0,0.0,0.0,0.0,0.0,0.0,0.0,0.0,0.0,0.0,0.0,0.0,0.0,0.0,0.73326330639484,0.0,0.0,0.0,0.0,0.0,0.0,0.0,0.0,0.0,0.0,0.0,0.18331582659871,0.0,0.0,0.18331582659871,0.0,0.0,0.0,0.0,0.0,0.0,0.18331582659871,1.09989495959226,0.0,0.0,0.0,0.0,0.0,0.0,0.0,1.09989495959226,0.0,0.0,0.0,0.0,0.0,0.36663165319742,0.0,0.0,0.0,0.0,0.0,0.0,0.0,0.18331582659871,0.0,0.0,0.0,0.0,0.0,0.0,0.0,0.0,0.0,0.0,0.0,0.0,0.0,0.0,0.0,0.0,0.0,0.0,0.0,0.0,0.0,0.0,0.0,0.0,0.0,0.36663165319742,0.0,0.0,0.0,0.0,0.0,0.0,0.0,0.0,0.18331582659871,0.0,0.0,0.0,0.0,0.0,0.0,0.54994747979613,0.0,0.0,0.0,0.0,0.0,0.0,0.0,0.0,0.0,0.0,0.0,0.0,0.0,0.0,0.0,0.0,0.36663165319742,0.0,0.0,0.0,0.0,0.0,0.0,0.0,0.73326330639484,0.0,0.0,0.0,0.0,0.0,0.0,0.0,0.0,0.0,0.0,0.0,0.0,0.0,0.0,0.0,0.0,0.0,0.0,0.0,0.0,0.0,0.0,0.0,0.0,0.0,0.0,0.0,0.0,0.0,0.0,0.0,0.0,0.0,0.0,0.0,0.0,0.0,0.0,0.0,0.0,0.0,0.0,0.0,0.0,0.0,0.0,0.0,0.0,0.0,0.0,0.0,0.0,0.0,0.0,0.0,0.0,0.0,0.0,0.0,0.0,0.0,0.0,0.0,0.0,0.0,0.0,0.0,0.0,0.0,0.91657913299355,0.0,0.18331582659871,0.0,0.0,0.0,0.0,0.0,0.0,0.0,0.0,0.0,0.0,0.0,0.0,0.0,0.0,0.0,0.0,0.0,0.0,0.0,0.0,0.0,0.0,0.0,0.0,0.0,0.18331582659871,0.0,0.0
0.18331582659871,0.18331582659871,0.0,2.19978991918452,0.0,4.582895664967756,0.36663165319742,0.18331582659871,2.19978991918452,0.36663165319742,0.36663165319742,0.18331582659871,0.0,1.46652661278968,0.0,0.0,0.18331582659871,1.09989495959226,0.0,0.0,0.54994747979613,0.18331582659871,2.93305322557936,0.36663165319742,0.18331582659871,3.1163690521780714,0.0,0.0,0.54994747979613,0.18331582659871,0.0,0.36663165319742,3.666316531974206,0.0,0.36663165319742,0.0,0.18331582659871,0.0,4.766211491566468,0.73326330639484,0.0,0.0,6.416053930954844,0.9165791329935501,0.18331582659871,0.0,0.54994747979613,0.36663165319742,2.38310574578323,0.36663165319742,0.0,0.0,29.14721642919491,0.18331582659871,0.0,0.18331582659871,0.0,0.54994747979613,0.18331582659871,4.39957983836904,0.36663165319742,0.73326330639484,0.0,1.4665266127896799,0.0,0.18331582659871,0.0,0.54994747979613,0.0,0.0,0.0,0.0,0.18331582659871,0.0,0.0,0.54994747979613,0.54994747979613,0.91657913299355,0.0,1.09989495959226,6.049422277757427,0.0,0.0,0.0,1.09989495959226,0.18331582659871,0.0,0.18331582659871,0.18331582659871,0.0,0.18331582659871,0.0,0.0,0.18331582659871,0.0,0.18331582659871,0.0,0.18331582659871,0.0,0.0,0.0,0.0,0.0,0.0,0.18331582659871,0.18331582659871,0.0,0.54994747979613,0.91657913299355,0.0,0.36663165319742,0.0,0.0,0.0,1.46652661278968,0.0,3.29968487877678,0.18331582659871,0.0,0.54994747979613,18.33158265987101,0.0,0.0,0.18331582659871,0.73326330639484,0.0,0.0,0.36663165319742,1.8331582659871002,0.0,0.18331582659871,0.36663165319742,0.54994747979613,0.0,0.0,0.0,0.36663165319742,0.18331582659871,0.0,0.0,0.0,0.18331582659871,0.0,0.0,0.18331582659871,0.0,0.9165791329935501,0.9165791329935501,0.0,0.0,0.18331582659871,0.0,0.0,0.0,0.54994747979613,1.28321078619097,0.0,0.0,0.0,0.0,0.0,0.18331582659871,0.0,0.36663165319742,0.36663165319742,0.0,0.0,0.0,0.0,0.73326330639484,0.0,0.0,0.0,0.0,0.18331582659871,0.0,0.18331582659871,2.0164740925858102,2.933053225579361,0.0,0.18331582659871,0.0,0.0,0.0,0.0,0.0,0.73326330639484,1.64984243938839,0.0,0.73326330639484,0.0,0.0,0.0,0.0,1.09989495959226,0.18331582659871,0.73326330639484,0.18331582659871,0.0,3.6663165319742004,0.0,0.0,0.0,0.18331582659871,0.0,0.0,0.0,0.0,0.0,0.36663165319742,0.36663165319742,0.0,8.43252802354067,1.28321078619097,1.09989495959226,2.3831057457832294,0.0,1.8331582659871002,0.36663165319742,0.73326330639484,0.18331582659871,0.36663165319742,10.9989495959226,4.03294818517163,0.54994747979613,0.18331582659871,0.0,0.36663165319742,2.19978991918452,0.36663165319742,1.09989495959226,0.36663165319742,0.36663165319742,1.6498424393883901,0.0,0.0,0.18331582659871,3.1163690521780714,0.18331582659871,0.36663165319742,0.0,0.0,0.0,0.36663165319742,0.36663165319742,0.0,2.5664215723819397,0.18331582659871,2.7497373989806513,0.73326330639484,0.91657913299355,0.0,0.18331582659871,0.0,0.54994747979613,0.18331582659871,0.0,0.0,0.0,0.54994747979613,0.0,0.0,1.46652661278968,0.54994747979613,0.18331582659871,0.18331582659871,0.0,0.0,0.91657913299355,0.0,0.0,0.0,0.0,0.73326330639484,2.5664215723819397,0.0,0.0,0.18331582659871,1.09989495959226,0.0,0.0,0.36663165319742,0.0,0.36663165319742,0.18331582659871,0.0,0.18331582659871,0.0,0.18331582659871,0.9165791329935501,0.73326330639484,0.18331582659871,0.18331582659871,0.0,0.18331582659871,0.0,0.0,0.18331582659871,0.0,0.54994747979613,2.566421572381941,0.18331582659871,0.0,1.09989495959226,0.0,0.18331582659871,0.0,0.0,0.0,0.73326330639484,0.0,0.0,0.0,0.18331582659871,0.0,0.0,0.36663165319742,0.0,0.0,0.0,0.18331582659871,0.54994747979613,0.0,0.0,0.54994747979613,0.54994747979613,0.0,0.18331582659871,0.73326330639484,0.73326330639484,0.0,0.91657913299355,0.0,0.0,0.0,0.0,0.0,0.18331582659871,0.36663165319742,0.0,0.0,0.0,0.0,0.0,0.0
0.18331582659871,7.88258054374454,0.0,0.18331582659871,0.36663165319742,0.18331582659871,5.316158971362592,0.54994747979613,0.0,0.73326330639484,1.8331582659871002,0.9165791329935501,0.0,0.9165791329935501,0.9165791329935501,0.0,0.0,0.73326330639484,0.36663165319742,0.0,0.54994747979613,0.36663165319742,0.18331582659871,4.3995798383690445,0.0,0.0,0.18331582659871,0.36663165319742,0.9165791329935501,0.0,0.0,0.0,0.36663165319742,0.0,0.0,0.0,1.09989495959226,0.0,0.0,0.0,2.199789919184521,0.0,4.582895664967751,0.18331582659871,0.54994747979613,1.6498424393883901,1.09989495959226,0.36663165319742,0.73326330639484,0.18331582659871,0.0,0.0,0.91657913299355,13.38205534170583,2.38310574578323,0.18331582659871,0.0,0.18331582659871,0.0,0.73326330639484,0.9165791329935501,1.6498424393883901,0.0,0.0,0.0,0.0,0.54994747979613,0.54994747979613,0.0,0.0,0.18331582659871,3.483000705375491,0.36663165319742,1.09989495959226,0.18331582659871,0.18331582659871,0.0,0.36663165319742,0.0,0.0,0.73326330639484,0.0,0.0,0.0,0.0,0.0,0.18331582659871,0.18331582659871,1.09989495959226,0.0,0.36663165319742,0.0,0.0,0.18331582659871,4.399579838369043,0.0,0.0,0.91657913299355,0.36663165319742,0.36663165319742,0.73326330639484,0.0,0.0,0.0,0.0,2.56642157238194,0.0,0.0,0.0,0.0,0.0,0.0,0.0,0.54994747979613,0.0,0.0,0.0,0.0,0.0,1.09989495959226,0.0,3.116369052178071,0.0,0.0,0.18331582659871,0.0,0.18331582659871,1.833158265987105,0.0,0.54994747979613,0.18331582659871,0.36663165319742,0.0,0.73326330639484,0.18331582659871,0.0,0.0,0.0,0.0,0.0,0.0,0.0,0.54994747979613,0.0,0.0,0.0,0.9165791329935501,0.0,0.0,0.0,0.0,0.18331582659871,0.0,8.06589637034325,0.0,0.54994747979613,0.0,0.0,0.0,0.54994747979613,0.0,0.0,0.73326330639484,0.0,0.18331582659871,0.0,0.18331582659871,0.36663165319742,0.54994747979613,0.0,0.0,0.18331582659871,0.18331582659871,0.0,0.0,0.18331582659871,0.0,4.9495273181651775,0.18331582659871,0.0,0.0,0.18331582659871,0.0,0.36663165319742,1.28321078619097,0.0,0.0,0.0,0.0,0.0,0.0,0.36663165319742,0.0,0.0,0.0,0.18331582659871,1.09989495959226,0.18331582659871,0.0,5.132843144763882,0.0,0.0,0.0,0.0,0.18331582659871,0.0,0.0,0.0,0.36663165319742,0.36663165319742,0.0,0.54994747979613,0.0,0.18331582659871,0.0,0.0,0.36663165319742,0.0,0.0,0.0,0.36663165319742,0.0,0.18331582659871,0.36663165319742,0.18331582659871,0.0,0.73326330639484,0.0,0.36663165319742,0.0,0.0,0.0,0.0,0.36663165319742,0.0,0.36663165319742,0.0,0.0,0.0,0.0,0.36663165319742,0.0,0.0,0.0,0.0,0.0,0.0,0.0,0.0,0.0,0.0,0.36663165319742,0.0,0.18331582659871,0.0,0.0,0.0,0.0,0.0,0.0,0.0,0.0,0.18331582659871,0.0,0.18331582659871,0.54994747979613,0.0,0.0,0.0,0.0,0.0,0.0,0.0,0.0,0.54994747979613,0.0,0.0,0.0,0.0,0.0,0.0,0.0,0.0,0.0,0.0,0.0,0.0,0.0,1.46652661278968,0.0,0.18331582659871,11.365581249120037,0.0,0.0,0.36663165319742,0.0,0.0,0.0,0.0,0.0,0.0,0.0,0.0,0.0,1.28321078619097,0.0,0.0,0.18331582659871,0.0,0.0,0.0,0.0,1.8331582659871,0.54994747979613,0.0,0.18331582659871,0.0,0.0,0.0,0.0,0.0,0.0,0.0,0.0,0.18331582659871,0.0,0.0,0.18331582659871,0.0,0.0,0.18331582659871,0.0,0.0,0.0,0.0,0.0,0.0,0.0,0.0,0.0,0.0,0.0,0.0,0.0,0.0
0.0,0.73326330639484,0.0,0.18331582659871,1.09989495959226,0.36663165319742,0.36663165319742,0.0,0.0,0.54994747979613,1.09989495959226,1.09989495959226,0.0,0.73326330639484,0.73326330639484,0.0,0.0,0.18331582659871,0.0,0.0,0.0,0.0,0.73326330639484,0.91657913299355,0.0,0.0,2.19978991918452,0.0,0.54994747979613,0.18331582659871,0.0,0.0,0.0,0.0,0.0,0.0,0.18331582659871,0.0,0.0,0.0,1.09989495959226,0.0,0.18331582659871,0.0,0.18331582659871,2.0164740925858102,0.54994747979613,0.9165791329935501,0.18331582659871,0.54994747979613,0.0,0.0,0.0,1.28321078619097,9.715738809731643,0.18331582659871,0.0,0.0,0.0,0.0,0.0,0.36663165319742,0.0,0.18331582659871,0.0,0.0,0.0,0.73326330639484,0.0,0.0,0.0,3.6663165319742004,0.91657913299355,0.18331582659871,0.0,0.0,0.0,0.54994747979613,0.0,7.332633063948407,0.36663165319742,0.0,0.0,0.0,0.0,0.0,0.0,0.0,0.36663165319742,0.73326330639484,0.18331582659871,0.0,0.0,0.0,0.73326330639484,0.18331582659871,0.0,0.73326330639484,0.0,0.0,0.36663165319742,1.8331582659871,0.0,0.0,0.0,0.0,0.0,0.0,0.0,0.0,0.0,0.0,0.0,0.0,0.54994747979613,0.0,0.0,0.0,0.0,0.0,0.0,2.383105745783231,0.0,0.0,0.0,0.0,0.0,1.6498424393883901,0.0,0.0,0.18331582659871,0.54994747979613,0.0,0.18331582659871,0.0,0.0,0.54994747979613,0.0,0.0,0.0,0.18331582659871,0.0,0.0,0.0,0.0,0.0,0.36663165319742,0.0,0.0,0.0,0.0,0.0,0.0,1.09989495959226,0.0,0.18331582659871,0.0,0.0,0.0,0.0,0.0,0.0,0.18331582659871,0.0,0.0,0.0,4.39957983836905,0.18331582659871,0.0,0.0,0.0,0.18331582659871,0.0,0.0,0.18331582659871,0.0,0.0,0.54994747979613,0.0,0.0,0.0,0.18331582659871,0.0,0.0,0.0,0.0,0.0,0.0,0.0,0.18331582659871,0.0,0.73326330639484,0.0,0.0,0.0,0.18331582659871,0.54994747979613,0.0,0.0,0.0,0.0,0.0,0.0,0.0,0.0,0.0,0.0,0.0,0.54994747979613,0.0,0.0,0.0,0.0,0.0,0.0,0.18331582659871,0.0,0.0,0.0,0.0,0.54994747979613,0.0,0.0,0.0,0.36663165319742,0.0,0.18331582659871,0.0,0.0,0.0,0.0,0.0,0.0,0.0,0.0,0.54994747979613,0.0,0.0,0.0,0.0,1.28321078619097,0.0,0.0,0.0,0.0,0.0,0.0,0.0,0.0,0.0,0.0,0.0,0.0,0.0,0.0,0.0,0.0,0.0,0.0,0.0,0.0,0.0,0.0,0.0,0.0,0.0,0.0,0.0,0.0,0.0,0.0,0.0,0.36663165319742,0.0,0.0,0.0,0.0,3.11636905217807,0.0,0.0,0.0,0.0,0.0,0.0,0.0,0.0,0.0,0.0,0.0,0.0,0.0,0.18331582659871,0.0,0.0,0.0,0.0,0.0,0.0,0.0,0.0,0.0,0.0,0.0,0.0,0.0,0.0,0.0,0.0,0.0,0.18331582659871,0.0,0.0,0.0,0.18331582659871,0.0,0.0,0.18331582659871,0.0,0.0,0.0,0.0,0.0,0.0,0.0,0.0,0.0,0.0,0.0,0.0,0.0,0.0,0.0,0.0,0.0,0.0,0.0,0.0,0.0,0.0,0.0,0.0,0.0,0.0,0.0,0.0
0.18331582659871,0.36663165319742,0.0,0.73326330639484,0.0,0.54994747979613,0.73326330639484,0.0,0.18331582659871,0.0,0.54994747979613,1.09989495959226,0.0,0.36663165319742,0.18331582659871,0.0,0.0,2.016474092585811,0.0,0.0,0.54994747979613,0.0,1.46652661278968,0.18331582659871,0.0,0.0,0.0,0.0,0.0,0.18331582659871,0.54994747979613,0.18331582659871,0.54994747979613,0.0,0.0,0.0,0.0,0.0,0.0,0.0,0.54994747979613,0.73326330639484,7.88258054374454,1.8331582659871013,0.0,0.0,0.73326330639484,0.36663165319742,0.0,0.18331582659871,0.0,0.0,0.54994747979613,0.0,0.73326330639484,4.582895664967756,0.0,0.0,0.0,0.0,0.36663165319742,0.36663165319742,0.0,0.0,0.0,0.0,0.18331582659871,0.36663165319742,0.0,0.18331582659871,0.0,1.09989495959226,0.36663165319742,0.0,0.54994747979613,0.0,0.18331582659871,0.0,1.09989495959226,0.18331582659871,0.0,0.0,0.0,0.0,0.18331582659871,0.0,0.0,0.91657913299355,0.18331582659871,0.0,0.0,0.0,0.0,0.36663165319742,0.0,0.0,0.0,0.0,0.0,0.0,0.0,0.18331582659871,0.54994747979613,0.0,0.18331582659871,0.0,0.0,0.0,0.0,0.0,0.0,0.0,0.0,0.0,0.54994747979613,0.18331582659871,0.36663165319742,0.0,0.0,2.566421572381945,0.0,0.36663165319742,0.0,0.0,0.0,0.0,0.18331582659871,4.032948185171621,1.46652661278968,0.0,0.54994747979613,0.0,2.19978991918452,0.18331582659871,0.0,0.0,0.36663165319742,0.0,0.0,0.18331582659871,0.0,0.18331582659871,0.0,0.54994747979613,0.9165791329935501,0.0,0.18331582659871,0.0,0.0,0.0,0.18331582659871,0.0,0.0,0.0,0.0,0.0,0.18331582659871,0.0,0.0,0.0,0.0,0.0,0.18331582659871,0.0,0.0,0.0,0.0,0.0,0.18331582659871,0.18331582659871,0.36663165319742,0.36663165319742,0.0,0.0,0.0,0.0,0.0,4.766211491566455,0.0,0.0,0.0,0.0,0.0,0.0,1.0998949595922611,0.0,0.73326330639484,0.0,0.0,0.36663165319742,0.18331582659871,0.0,0.0,0.0,0.0,0.0,0.36663165319742,0.36663165319742,0.0,0.36663165319742,0.73326330639484,0.18331582659871,0.0,0.18331582659871,0.0,0.0,0.18331582659871,0.0,0.0,0.0,0.0,0.0,0.0,0.36663165319742,0.0,0.18331582659871,0.18331582659871,0.0,0.0,0.0,0.36663165319742,0.0,0.54994747979613,0.18331582659871,2.19978991918452,0.18331582659871,0.0,1.4665266127896799,0.18331582659871,0.0,0.0,0.0,0.0,4.216264011770335,0.36663165319742,0.0,0.0,0.0,0.0,0.0,0.0,0.18331582659871,0.0,0.36663165319742,0.0,0.91657913299355,0.0,0.0,0.18331582659871,0.18331582659871,0.0,2.5664215723819415,0.0,0.0,0.0,0.0,0.0,0.0,0.0,0.0,0.0,0.0,0.0,0.0,0.0,0.18331582659871,0.0,0.0,0.18331582659871,0.0,0.0,0.0,0.0,0.18331582659871,0.18331582659871,0.0,0.0,0.0,0.18331582659871,0.0,0.0,0.0,0.0,0.0,0.0,0.0,0.18331582659871,0.0,0.0,0.0,0.0,0.18331582659871,0.73326330639484,0.0,0.0,0.0,0.0,0.0,0.0,0.0,0.0,0.0,0.0,0.0,0.0,0.18331582659871,0.0,0.0,0.0,0.0,0.0,0.0,0.36663165319742,0.0,0.0,1.09989495959226,0.0,0.0,0.0,0.0,0.36663165319742,0.0,0.0,0.0,0.0,0.0,0.0,0.18331582659871,0.0,0.0,0.0,0.18331582659871,1.28321078619097,0.0,0.0,0.0,0.0,0.0,0.0,0.0,0.0,0.18331582659871,0.0,0.0,0.0
0.0,0.0,0.0,0.0,0.0,0.18331582659871,0.36663165319742,0.54994747979613,0.0,0.18331582659871,0.0,0.0,0.0,0.54994747979613,0.0,0.0,0.0,0.0,0.0,0.0,0.0,0.0,0.0,0.0,0.18331582659871,0.0,0.0,0.0,0.0,0.0,0.0,0.0,0.0,2.3831057457832303,0.0,0.0,0.0,0.36663165319742,0.0,0.0,0.0,0.0,0.0,0.0,0.0,0.0,0.36663165319742,0.18331582659871,0.0,0.0,0.0,0.0,0.0,0.0,0.18331582659871,0.0,0.73326330639484,0.0,0.0,0.0,0.36663165319742,0.0,0.36663165319742,0.0,0.18331582659871,2.01647409258581,0.0,0.0,0.0,0.0,0.0,0.0,0.0,0.0,0.0,0.0,0.0,0.0,0.36663165319742,0.0,0.0,0.18331582659871,0.0,0.0,0.0,0.0,0.0,0.0,0.0,0.18331582659871,0.0,0.0,0.0,0.0,0.0,0.54994747979613,0.0,0.0,0.0,0.0,0.0,0.0,0.0,0.0,0.0,0.36663165319742,0.0,0.0,1.46652661278968,0.0,0.0,0.0,0.0,0.0,0.0,0.0,0.0,0.0,0.18331582659871,0.18331582659871,0.0,0.0,0.0,0.0,0.0,0.0,0.0,0.0,0.0,0.0,0.0,0.0,0.0,0.0,0.0,0.0,0.0,0.0,0.0,0.0,0.0,0.0,0.0,0.0,0.0,0.0,0.0,0.0,0.0,0.0,0.0,0.0,0.0,0.0,0.0,0.0,0.0,0.0,0.0,0.18331582659871,0.0,1.8331582659871013,0.0,0.0,0.0,0.0,0.0,0.0,0.0,0.0,0.0,0.0,0.0,0.0,0.0,0.0,0.0,0.18331582659871,0.0,0.0,0.36663165319742,0.0,0.0,0.0,0.0,0.0,0.0,0.0,0.0,0.0,0.0,0.0,0.0,0.0,0.0,0.0,0.0,0.0,0.0,0.0,0.0,0.0,0.0,0.0,0.0,0.0,0.0,0.18331582659871,0.0,0.0,0.0,0.0,0.0,0.0,0.0,0.0,0.0,0.0,0.0,0.0,0.0,0.0,0.0,0.0,0.0,0.0,0.0,0.0,0.0,0.0,0.0,0.0,0.0,0.0,0.0,0.0,0.0,0.0,0.0,0.0,0.18331582659871,0.0,0.0,0.0,0.0,0.0,0.0,0.0,0.0,0.0,0.0,0.0,0.36663165319742,0.0,0.0,0.0,0.0,0.0,0.0,0.0,0.0,0.0,0.0,0.0,0.0,0.18331582659871,0.0,0.0,0.0,0.0,0.0,0.0,0.0,0.0,0.0,0.0,0.0,0.0,0.0,0.0,0.0,0.0,0.0,0.0,0.0,0.0,0.0,0.0,0.0,0.0,0.0,0.0,0.0,0.0,0.0,0.0,0.0,0.0,0.0,0.0,0.0,0.0,0.0,0.0,0.0,0.0,0.0,0.0,0.0,0.0,0.0,0.0,0.18331582659871,0.0,0.0,0.0,0.0,0.0,0.0,0.0,0.73326330639484,0.0,0.0,0.0,0.0,0.0,0.0,0.0,0.0,0.0,0.0,0.0,0.0,0.0,0.0,0.0,0.0,0.0,0.0,0.0,0.0,0.0,0.0,0.0,0.0
0.0,0.0,0.0,0.0,0.0,0.18331582659871,0.91657913299355,0.0,0.0,0.18331582659871,0.18331582659871,0.18331582659871,0.0,0.0,0.0,0.0,0.0,0.0,0.0,0.0,0.18331582659871,0.0,0.18331582659871,0.18331582659871,0.0,0.0,0.0,0.0,0.36663165319742,0.0,0.0,0.54994747979613,0.0,0.0,0.0,0.0,0.0,0.0,1.46652661278968,0.36663165319742,0.0,0.0,0.0,0.0,0.0,0.0,0.18331582659871,0.0,0.0,0.0,0.0,0.0,0.36663165319742,0.0,0.0,0.18331582659871,0.0,2.93305322557936,0.36663165319742,0.36663165319742,0.18331582659871,0.36663165319742,0.0,0.0,0.0,0.0,0.0,0.0,0.36663165319742,0.0,0.0,0.36663165319742,0.0,0.0,0.0,0.54994747979613,0.0,0.0,0.0,1.09989495959226,0.0,0.0,0.0,0.0,0.9165791329935501,0.0,0.0,0.0,0.0,0.0,0.0,0.0,0.0,0.0,0.0,0.0,0.0,0.0,0.0,0.0,0.0,0.0,0.0,0.0,0.0,0.0,0.0,0.0,0.0,0.0,0.0,0.0,0.0,0.0,0.0,0.0,0.0,0.0,0.0,0.36663165319742,0.0,0.0,0.0,0.0,0.0,0.0,0.0,0.0,0.18331582659871,0.0,0.0,0.0,3.11636905217807,0.0,0.0,0.0,0.0,0.0,0.36663165319742,0.0,0.0,0.0,0.18331582659871,0.0,0.0,0.0,0.18331582659871,0.0,0.0,0.0,0.0,0.0,0.0,0.0,0.36663165319742,0.0,0.0,0.0,0.0,0.0,0.0,0.0,0.18331582659871,0.0,0.0,0.0,0.0,0.0,0.0,0.0,0.0,0.18331582659871,0.0,0.0,0.0,0.0,0.0,0.36663165319742,0.18331582659871,0.0,0.0,0.0,0.0,0.18331582659871,0.0,0.0,0.0,0.0,0.0,0.0,0.0,0.0,0.0,0.0,0.18331582659871,0.0,0.0,0.0,0.0,0.18331582659871,0.0,0.0,0.0,0.0,0.0,0.0,0.18331582659871,0.0,0.0,0.0,0.0,0.0,0.18331582659871,0.18331582659871,0.0,0.0,0.54994747979613,0.0,0.0,0.18331582659871,0.0,0.0,0.0,0.0,0.0,0.0,0.0,0.0,0.0,0.36663165319742,0.0,0.18331582659871,0.0,0.0,0.0,0.0,0.18331582659871,0.0,0.18331582659871,0.9165791329935501,0.0,0.0,0.18331582659871,1.09989495959226,0.0,0.0,0.0,0.0,0.0,0.73326330639484,0.0,0.0,0.0,0.0,0.0,0.0,0.0,0.0,0.0,0.18331582659871,0.0,0.0,0.0,0.0,0.0,0.0,0.0,0.0,0.0,0.0,0.0,0.0,0.0,0.0,0.0,0.0,0.0,0.0,0.0,0.0,0.0,0.0,0.0,0.0,0.0,0.0,0.0,0.0,0.0,0.0,0.0,0.0,0.0,0.0,0.0,0.0,0.0,0.36663165319742,0.0,0.0,0.0,0.0,0.0,0.18331582659871,0.0,0.0,0.0,0.0,0.36663165319742,0.0,0.0,0.0,0.0,0.0,0.0,0.0,0.0,0.36663165319742,0.0,0.0,0.0,0.0,0.0,0.0,0.0,0.0,0.0,0.0,0.0,0.0,0.0,0.0,0.0,0.0,0.0,0.0,0.0,0.0,0.0,0.0,0.0,0.0,0.18331582659871,0.0,0.0
0.0,0.0,0.0,0.0,0.0,0.73326330639484,0.0,0.0,0.0,0.0,0.18331582659871,0.0,0.0,0.36663165319742,0.0,0.0,0.0,0.18331582659871,0.0,0.0,0.0,0.0,0.36663165319742,0.0,0.0,0.0,0.0,0.0,0.0,0.0,0.0,0.0,0.18331582659871,0.0,0.0,0.0,0.0,0.0,0.18331582659871,0.0,0.0,0.0,0.0,0.0,0.0,0.0,2.566421572381941,0.0,0.0,0.0,0.0,0.0,0.0,0.0,0.0,0.18331582659871,0.0,0.0,2.5664215723819446,0.18331582659871,11.548897075718745,0.0,0.0,0.0,0.0,0.0,0.0,0.0,0.18331582659871,0.0,0.0,0.0,0.0,0.0,0.0,0.18331582659871,0.18331582659871,0.0,0.0,0.36663165319742,0.18331582659871,0.0,0.0,0.0,0.54994747979613,0.0,0.0,0.0,0.0,0.0,0.0,0.0,0.0,0.36663165319742,0.0,0.0,0.0,0.0,0.0,0.0,0.0,0.0,0.0,0.0,0.0,0.0,0.0,0.0,0.0,0.0,0.0,0.0,0.0,0.0,0.0,0.0,0.0,0.0,0.0,0.0,0.18331582659871,1.28321078619097,0.0,0.36663165319742,0.0,0.0,0.0,0.0,0.0,0.0,0.36663165319742,0.0,1.8331582659871013,0.0,0.0,0.0,0.54994747979613,0.0,0.0,0.0,0.0,0.0,0.0,0.0,0.18331582659871,0.0,0.0,0.0,0.0,0.0,0.0,0.0,0.0,0.9165791329935501,0.0,0.0,0.0,0.0,0.0,0.0,0.0,0.0,0.0,0.36663165319742,0.0,0.0,0.0,0.0,0.0,0.0,0.0,0.18331582659871,0.0,0.0,0.0,0.0,0.0,0.91657913299355,0.18331582659871,0.0,0.0,0.0,0.0,0.0,0.0,0.0,0.0,0.0,0.0,0.0,0.0,0.0,0.0,0.0,0.0,0.0,0.0,0.0,0.0,0.0,0.0,0.0,0.0,0.18331582659871,0.0,0.0,0.0,0.0,0.0,0.0,0.0,0.0,0.0,0.18331582659871,0.0,0.0,0.0,0.0,0.0,0.0,0.0,0.0,0.0,0.0,0.0,0.0,0.0,0.0,0.36663165319742,0.18331582659871,0.0,0.18331582659871,0.0,0.0,0.0,0.0,0.0,0.0,0.0,0.36663165319742,1.09989495959226,0.0,0.0,0.36663165319742,0.0,0.0,0.0,0.0,0.0,0.54994747979613,0.0,0.0,0.0,0.0,0.0,0.0,0.0,0.0,0.0,0.18331582659871,0.0,0.0,0.0,0.0,0.0,0.36663165319742,0.0,0.0,0.0,0.0,0.0,0.0,0.0,0.0,0.0,0.0,0.0,0.0,0.0,0.0,0.0,0.0,0.0,0.0,0.0,0.0,0.18331582659871,0.91657913299355,0.0,0.0,0.18331582659871,0.0,0.18331582659871,0.0,0.0,0.0,0.0,0.73326330639484,0.0,0.36663165319742,0.0,0.0,0.0,0.0,0.0,0.0,0.0,0.0,0.0,0.0,0.0,0.0,0.0,0.0,0.0,0.0,0.0,0.18331582659871,0.0,0.0,0.0,0.18331582659871,0.0,0.0,0.0,0.0,0.0,0.0,0.0,0.0,0.0,0.0,0.0,0.0,0.0,0.18331582659871,0.0,0.0,0.0,0.0,0.0,0.18331582659871,0.0,0.0,0.0
0.0,0.0,0.0,0.18331582659871,0.0,0.18331582659871,0.0,0.0,0.18331582659871,0.36663165319742,0.18331582659871,0.0,0.0,0.18331582659871,0.0,0.0,0.0,0.0,0.0,0.54994747979613,0.18331582659871,0.0,0.73326330639484,2.5664215723819424,0.0,0.0,0.0,0.0,0.0,0.0,0.0,0.36663165319742,0.91657913299355,0.0,0.0,0.0,0.0,0.0,0.18331582659871,0.0,0.0,0.0,0.0,0.0,0.0,0.0,0.0,0.18331582659871,0.18331582659871,0.54994747979613,0.0,0.0,2.3831057457832303,10.632317942725175,0.0,0.18331582659871,0.0,0.18331582659871,0.18331582659871,5.682790624560016,16.131792740686485,0.18331582659871,0.0,0.18331582659871,0.0,0.0,0.0,0.0,0.18331582659871,0.0,0.0,0.18331582659871,0.0,0.0,0.0,0.0,0.0,0.0,0.0,0.18331582659871,1.09989495959226,0.0,0.0,0.0,0.0,0.0,0.0,0.18331582659871,0.18331582659871,0.73326330639484,0.0,0.0,0.0,0.18331582659871,0.0,0.0,0.0,0.0,0.0,0.0,0.0,0.0,0.0,0.0,0.0,0.0,0.0,0.0,0.0,0.0,0.0,0.0,0.0,0.0,0.0,0.0,0.18331582659871,0.0,0.0,0.0,0.0,1.28321078619097,0.0,0.54994747979613,0.0,0.0,0.0,0.0,0.0,0.0,0.36663165319742,0.0,0.18331582659871,0.54994747979613,0.0,0.0,0.0,0.0,0.0,0.0,0.0,2.01647409258581,0.0,0.0,0.0,0.0,0.0,0.0,0.18331582659871,0.0,0.0,0.0,0.0,0.0,0.0,0.0,0.0,0.0,1.09989495959226,0.0,0.0,0.0,0.18331582659871,0.0,0.0,0.0,0.0,0.0,0.0,0.36663165319742,0.0,0.0,0.0,0.0,0.0,0.0,0.0,2.933053225579361,0.9165791329935501,0.0,0.0,0.0,0.0,0.0,0.36663165319742,0.0,0.0,0.0,0.0,0.0,0.0,0.0,0.0,0.0,0.18331582659871,0.0,0.0,0.0,0.0,0.0,0.54994747979613,0.0,0.0,0.0,0.0,0.0,0.0,0.0,0.0,0.0,0.0,0.0,0.0,9.165791329935498,0.0,0.0,0.0,0.0,0.0,0.0,0.0,0.0,0.54994747979613,0.18331582659871,0.0,0.18331582659871,0.0,1.8331582659871002,1.09989495959226,0.0,0.0,0.0,0.0,0.0,0.0,0.0,0.0,0.0,0.0,0.36663165319742,0.0,0.0,0.0,1.28321078619097,0.0,0.0,0.0,0.0,8.065896370343262,0.18331582659871,0.0,0.0,0.0,0.0,0.0,0.0,0.0,0.0,0.0,1.28321078619097,0.0,0.0,0.0,0.0,0.0,0.18331582659871,0.0,0.0,0.0,0.0,0.0,0.0,0.0,0.18331582659871,0.0,0.0,0.0,0.0,0.0,0.0,0.0,0.0,0.0,0.54994747979613,0.0,0.0,0.18331582659871,0.0,0.0,0.0,2.383105745783231,0.0,0.0,0.0,0.0,0.0,0.0,0.0,0.0,0.0,0.0,0.0,0.0,0.0,0.0,0.0,0.0,0.0,0.0,0.0,0.0,0.0,0.0,0.0,0.0,0.0,0.0,0.0,0.0,0.0,0.0,0.0,0.0,0.0,0.0,0.0,0.36663165319742,0.0,1.09989495959226,0.36663165319742,0.0,2.5664215723819352,0.0,0.18331582659871,0.0,0.0,0.0,0.0,0.0,0.0,0.0,0.0,0.0,0.0,0.0
0.0,0.36663165319742,0.0,0.18331582659871,0.0,0.73326330639484,0.91657913299355,0.36663165319742,0.0,0.18331582659871,0.18331582659871,0.0,0.0,3.8496323585729146,0.0,0.0,0.0,0.36663165319742,0.0,0.0,0.18331582659871,0.54994747979613,0.54994747979613,0.18331582659871,0.36663165319742,0.36663165319742,0.0,0.54994747979613,0.18331582659871,0.18331582659871,0.18331582659871,0.0,0.73326330639484,0.54994747979613,0.0,0.0,0.0,0.0,0.36663165319742,0.0,0.18331582659871,0.18331582659871,0.0,0.54994747979613,0.36663165319742,0.0,1.28321078619097,0.73326330639484,0.0,0.0,0.0,0.0,1.09989495959226,0.73326330639484,0.36663165319742,0.18331582659871,0.36663165319742,0.18331582659871,8.98247550333679,2.74973739898065,23.831057457832323,1.09989495959226,0.18331582659871,0.0,2.56642157238194,2.016474092585811,0.18331582659871,0.18331582659871,0.0,0.18331582659871,0.36663165319742,0.73326330639484,0.18331582659871,0.0,0.36663165319742,0.0,0.0,0.36663165319742,0.36663165319742,0.0,1.09989495959226,0.36663165319742,0.0,0.18331582659871,0.0,0.0,0.36663165319742,0.0,0.36663165319742,0.36663165319742,0.0,0.0,0.0,1.09989495959226,0.0,0.0,2.016474092585811,0.36663165319742,0.0,0.36663165319742,0.18331582659871,0.0,0.54994747979613,0.0,0.18331582659871,0.18331582659871,0.18331582659871,0.18331582659871,3.116369052178071,0.0,0.0,0.18331582659871,0.0,0.0,0.0,1.28321078619097,0.18331582659871,0.18331582659871,0.9165791329935501,0.73326330639484,0.18331582659871,0.18331582659871,0.0,0.54994747979613,0.18331582659871,0.0,0.36663165319742,0.0,0.18331582659871,1.09989495959226,0.18331582659871,0.0,0.9165791329935501,0.36663165319742,0.18331582659871,0.54994747979613,0.18331582659871,0.18331582659871,0.18331582659871,1.09989495959226,0.0,0.36663165319742,0.54994747979613,0.9165791329935501,0.0,0.18331582659871,0.18331582659871,0.0,0.0,0.0,0.0,0.0,0.18331582659871,0.18331582659871,0.0,0.0,0.0,0.54994747979613,0.0,0.18331582659871,0.18331582659871,0.0,0.0,0.18331582659871,2.566421572381945,2.93305322557936,0.0,0.36663165319742,0.0,0.18331582659871,0.0,0.73326330639484,0.73326330639484,0.18331582659871,0.0,0.0,0.0,31.713638001576854,0.0,0.18331582659871,0.0,0.18331582659871,0.0,0.0,0.18331582659871,0.0,0.73326330639484,0.0,0.54994747979613,0.36663165319742,0.0,0.0,0.73326330639484,0.0,0.0,0.0,0.73326330639484,0.0,0.0,0.18331582659871,0.54994747979613,0.0,0.0,0.36663165319742,0.36663165319742,0.0,0.18331582659871,0.0,0.36663165319742,0.0,0.0,0.36663165319742,0.0,0.9165791329935501,0.0,0.0,0.36663165319742,0.0,0.18331582659871,0.0,0.0,0.0,0.36663165319742,0.36663165319742,0.18331582659871,0.73326330639484,0.0,0.18331582659871,0.36663165319742,0.0,0.0,0.18331582659871,0.0,0.0,0.0,0.0,0.18331582659871,0.0,0.0,0.0,0.0,0.0,0.36663165319742,0.73326330639484,0.73326330639484,0.18331582659871,0.0,0.0,1.28321078619097,0.54994747979613,0.0,0.18331582659871,0.36663165319742,0.0,0.18331582659871,0.0,0.0,0.73326330639484,0.0,0.73326330639484,3.2996848787767803,1.09989495959226,0.0,0.0,0.18331582659871,1.46652661278968,0.18331582659871,0.0,0.0,0.0,0.36663165319742,0.18331582659871,0.0,0.0,0.54994747979613,2.9330532255793638,0.18331582659871,0.0,0.0,0.18331582659871,0.0,0.0,0.0,0.18331582659871,0.18331582659871,0.0,0.0,0.18331582659871,0.36663165319742,0.0,0.36663165319742,0.36663165319742,0.54994747979613,0.0,0.0,0.0,0.0,0.18331582659871,0.0,0.0,0.0,0.0,0.0,0.0,0.0,1.09989495959226,0.18331582659871,0.18331582659871,0.0,0.0,0.0,0.0,0.9165791329935501,0.36663165319742,0.0,0.36663165319742,0.0,0.18331582659871,0.0,0.18331582659871,0.0,0.18331582659871,0.0,0.18331582659871,0.0,0.0,0.36663165319742,0.18331582659871,0.0,0.0,0.0,0.18331582659871,0.0,0.0,0.18331582659871,0.36663165319742,0.18331582659871,0.54994747979613,0.0,0.0,0.0,0.0,0.0,0.0,0.0
0.0,3.116369052178071,0.0,0.54994747979613,0.0,0.91657913299355,10.082370462929036,0.54994747979613,0.36663165319742,2.0164740925858102,4.582895664967757,1.46652661278968,0.54994747979613,0.73326330639484,0.36663165319742,0.36663165319742,0.0,0.73326330639484,0.0,0.54994747979613,0.54994747979613,0.73326330639484,2.0164740925858102,2.19978991918452,0.0,0.0,0.18331582659871,0.18331582659871,0.36663165319742,0.36663165319742,0.54994747979613,0.0,0.0,0.0,0.0,0.0,0.18331582659871,0.0,0.0,0.0,2.56642157238194,1.28321078619097,0.36663165319742,0.73326330639484,4.216264011770331,1.28321078619097,0.9165791329935501,2.19978991918452,0.36663165319742,0.18331582659871,0.18331582659871,0.0,0.91657913299355,7.149317237349682,0.73326330639484,0.18331582659871,0.18331582659871,0.18331582659871,0.18331582659871,0.18331582659871,0.73326330639484,4.949527318165171,0.0,1.09989495959226,0.0,0.54994747979613,0.0,2.0164740925858102,0.0,0.36663165319742,0.18331582659871,4.582895664967753,0.54994747979613,0.36663165319742,0.0,0.0,2.383105745783225,1.09989495959226,0.0,0.0,0.18331582659871,0.18331582659871,0.0,0.0,0.36663165319742,0.36663165319742,0.18331582659871,0.73326330639484,0.54994747979613,0.18331582659871,1.09989495959226,0.0,2.19978991918452,0.18331582659871,0.73326330639484,1.6498424393883913,0.54994747979613,0.36663165319742,0.0,0.0,0.54994747979613,0.0,0.36663165319742,0.0,0.36663165319742,1.09989495959226,0.18331582659871,0.18331582659871,0.18331582659871,0.0,0.0,0.18331582659871,0.18331582659871,0.0,0.54994747979613,0.36663165319742,0.54994747979613,0.18331582659871,0.0,0.18331582659871,0.0,0.18331582659871,0.36663165319742,0.0,0.54994747979613,0.54994747979613,0.0,0.54994747979613,0.0,0.0,0.0,0.18331582659871,0.54994747979613,1.28321078619097,0.36663165319742,0.73326330639484,0.18331582659871,0.0,0.18331582659871,2.383105745783235,0.0,0.18331582659871,2.1997899191845214,0.0,6.232738104356135,0.36663165319742,3.6663165319742013,1.46652661278968,0.18331582659871,0.0,1.09989495959226,0.36663165319742,0.73326330639484,2.0164740925858102,0.54994747979613,0.36663165319742,0.0,0.0,0.18331582659871,0.18331582659871,0.0,0.0,0.54994747979613,0.36663165319742,0.0,0.18331582659871,0.0,0.18331582659871,0.0,0.0,0.54994747979613,0.0,0.73326330639484,0.0,0.36663165319742,0.0,0.0,2.749737398980651,0.0,0.9165791329935501,0.18331582659871,0.0,0.36663165319742,0.0,0.36663165319742,0.36663165319742,0.18331582659871,0.9165791329935501,0.0,0.0,0.18331582659871,0.0,0.0,0.18331582659871,0.0,0.18331582659871,1.09989495959226,0.36663165319742,0.18331582659871,0.18331582659871,0.18331582659871,0.0,0.73326330639484,0.0,0.18331582659871,0.0,0.0,0.54994747979613,0.54994747979613,0.0,0.0,0.0,0.73326330639484,0.0,0.0,0.0,0.0,0.73326330639484,0.0,0.0,0.0,0.0,1.8331582659871,0.18331582659871,9.349107156534213,0.0,0.36663165319742,0.18331582659871,0.0,0.0,0.0,0.0,0.0,0.18331582659871,0.0,0.54994747979613,0.0,0.36663165319742,0.0,0.0,0.36663165319742,0.0,0.18331582659871,0.0,0.0,0.0,0.36663165319742,0.36663165319742,0.18331582659871,0.54994747979613,0.18331582659871,0.18331582659871,0.0,0.0,0.36663165319742,0.0,1.46652661278968,0.0,0.0,0.0,0.18331582659871,0.18331582659871,0.54994747979613,0.0,0.0,0.18331582659871,0.18331582659871,0.0,0.54994747979613,0.0,0.18331582659871,0.0,0.18331582659871,0.0,1.09989495959226,0.36663165319742,0.0,0.0,0.18331582659871,0.18331582659871,0.0,0.18331582659871,0.36663165319742,0.0,0.0,0.0,0.0,0.18331582659871,0.18331582659871,0.0,0.18331582659871,0.9165791329935501,0.0,0.18331582659871,0.18331582659871,0.36663165319742,0.0,0.18331582659871,0.0,0.0,0.0,0.0,3.8496323585729213,0.0,1.833158265987101,0.0,0.0,0.0,0.18331582659871,0.0,0.18331582659871,0.36663165319742,0.9165791329935501,0.54994747979613,0.0,0.18331582659871,2.01647409258581,0.0,0.0,0.0,1.46652661278968,1.28321078619097,0.0,0.0,0.0,0.0,0.0,0.0,0.18331582659871,0.18331582659871,0.0,1.8331582659871002,0.0,0.0,0.0,0.0,0.0,0.18331582659871,0.0,0.36663165319742,0.0,0.18331582659871,0.0,0.0,0.0
0.0,0.0,0.0,0.0,0.0,0.0,0.0,0.36663165319742,0.0,0.0,0.0,0.0,0.0,0.0,0.0,0.0,0.0,0.0,0.0,0.0,0.18331582659871,0.0,0.18331582659871,0.0,0.18331582659871,0.0,0.0,0.0,0.0,0.0,0.0,0.0,0.0,0.0,0.0,0.0,0.0,0.18331582659871,0.0,0.0,0.0,0.0,0.0,0.0,0.18331582659871,0.0,0.0,0.18331582659871,0.0,0.0,0.0,0.0,0.0,0.18331582659871,0.0,0.0,1.6498424393883901,0.0,0.0,0.0,0.0,0.0,0.9165791329935501,0.0,0.0,1.09989495959226,0.0,0.0,0.0,0.0,0.18331582659871,0.0,0.0,0.0,0.0,0.0,0.0,0.0,0.0,0.0,0.0,0.36663165319742,0.0,0.0,0.0,0.0,0.0,0.0,0.18331582659871,0.0,0.0,0.0,0.0,0.0,0.0,0.18331582659871,0.0,0.0,0.0,0.18331582659871,0.0,0.0,0.0,0.0,0.0,0.0,0.18331582659871,0.0,3.2996848787767803,0.0,0.0,0.0,0.0,0.0,0.18331582659871,0.0,0.0,0.0,0.0,0.18331582659871,0.0,0.0,0.0,0.0,0.0,0.36663165319742,0.0,0.0,0.0,0.0,0.0,0.0,0.0,0.0,0.0,0.0,0.0,0.0,0.36663165319742,0.36663165319742,0.0,0.0,0.0,0.0,0.0,0.0,0.0,0.0,0.0,0.0,0.0,0.0,0.0,0.0,0.0,0.0,0.0,0.18331582659871,0.0,0.54994747979613,0.0,1.09989495959226,0.0,0.0,0.0,0.0,0.0,0.0,0.0,0.0,0.0,0.0,0.18331582659871,0.0,0.0,0.18331582659871,0.0,0.0,0.0,0.0,0.0,0.0,0.0,0.18331582659871,0.0,0.0,0.0,0.0,0.0,0.0,0.0,0.0,0.0,0.0,0.0,0.0,0.0,0.0,0.18331582659871,0.0,0.0,0.0,0.0,0.0,0.0,0.0,0.0,0.0,0.0,0.0,0.0,0.0,0.0,0.0,0.0,0.0,0.0,0.0,0.0,0.0,0.0,0.0,0.0,0.0,0.0,0.0,0.0,0.0,0.0,0.0,0.0,0.0,0.0,0.18331582659871,0.0,0.0,0.0,0.0,0.0,0.0,0.0,0.0,0.0,0.0,0.0,0.0,0.0,0.0,0.0,0.0,0.0,0.0,1.8331582659871013,0.0,0.0,0.0,0.0,0.0,0.18331582659871,0.0,0.0,0.0,0.0,0.0,0.0,0.0,0.18331582659871,0.0,0.0,0.0,0.0,0.0,0.0,0.0,0.0,0.0,0.0,0.0,0.0,0.0,0.0,0.0,0.0,0.0,0.0,0.0,0.0,0.0,0.0,0.0,0.0,0.0,0.0,0.0,0.0,0.0,0.0,0.0,0.0,0.0,0.0,0.0,0.0,0.0,0.0,0.18331582659871,0.18331582659871,0.0,0.0,0.0,0.0,0.18331582659871,0.0,0.0,0.0,0.0,0.0,0.0,0.0,0.18331582659871,0.18331582659871,0.0,0.0,0.0,0.0,0.0,0.0,0.0,0.0,0.0,0.0,0.0,0.0,0.0,0.0,0.36663165319742,0.0,0.0,0.0,0.0,0.0,0.0,0.0,0.0,0.0
0.0,0.18331582659871,0.54994747979613,0.0,0.54994747979613,0.73326330639484,0.36663165319742,0.0,0.18331582659871,0.9165791329935501,0.0,0.18331582659871,0.36663165319742,18.88153013966715,0.0,0.0,0.0,1.28321078619097,0.0,0.0,1.8331582659871002,0.0,6.599369757553558,0.73326330639484,0.36663165319742,0.36663165319742,0.0,0.18331582659871,0.0,0.9165791329935501,0.0,0.0,0.18331582659871,0.0,0.0,0.0,0.0,0.0,0.0,3.48300070537549,0.18331582659871,0.0,0.0,1.0998949595922611,0.0,0.18331582659871,0.54994747979613,0.73326330639484,0.73326330639484,1.28321078619097,0.0,0.0,1.28321078619097,0.36663165319742,0.18331582659871,1.46652661278968,0.0,0.0,0.0,0.0,0.36663165319742,0.54994747979613,0.0,2.19978991918452,0.0,0.18331582659871,0.0,0.18331582659871,0.0,0.0,0.0,0.18331582659871,0.0,0.0,0.0,0.0,0.0,0.36663165319742,0.0,0.0,0.36663165319742,0.0,0.0,0.0,0.18331582659871,0.0,0.0,1.8331582659871002,0.18331582659871,0.0,0.18331582659871,0.0,0.0,0.0,0.0,0.0,0.0,0.0,0.0,0.0,0.0,0.0,0.18331582659871,0.0,0.0,0.18331582659871,0.0,0.0,0.0,0.0,0.0,0.0,0.0,0.0,1.6498424393883901,0.0,0.0,0.0,0.0,0.0,0.0,0.0,0.0,0.0,0.54994747979613,0.0,0.0,0.18331582659871,0.18331582659871,0.0,0.0,0.0,0.0,0.0,0.36663165319742,0.0,0.0,0.0,0.0,0.0,0.18331582659871,0.18331582659871,0.18331582659871,0.0,0.0,0.0,0.18331582659871,0.0,1.4665266127896812,0.0,0.18331582659871,0.0,0.0,0.0,0.0,0.36663165319742,0.0,0.0,0.0,0.0,0.0,0.0,0.18331582659871,0.0,0.0,0.0,0.0,0.0,0.0,0.0,0.73326330639484,0.0,0.0,0.0,0.0,0.0,0.0,0.18331582659871,0.0,0.0,0.0,0.18331582659871,0.0,0.0,0.18331582659871,0.0,0.91657913299355,0.0,0.0,0.36663165319742,0.54994747979613,0.0,0.0,0.0,0.0,0.0,0.18331582659871,0.36663165319742,0.0,0.36663165319742,0.0,0.0,0.0,0.0,0.18331582659871,0.0,0.0,0.0,0.0,0.0,0.0,0.0,2.3831057457832303,0.0,1.64984243938839,0.36663165319742,0.0,0.0,0.0,0.0,0.0,0.0,2.7497373989806513,1.28321078619097,0.54994747979613,0.0,0.54994747979613,0.36663165319742,0.0,0.18331582659871,0.0,0.0,0.0,0.36663165319742,0.0,0.0,0.0,0.0,0.0,0.0,0.0,0.0,0.0,1.46652661278968,0.0,0.0,4.03294818517162,0.0,0.18331582659871,0.18331582659871,0.0,0.0,0.0,0.0,0.0,0.0,0.0,0.0,0.0,0.0,0.0,0.0,0.36663165319742,0.0,0.0,0.18331582659871,0.0,0.0,0.0,0.0,0.0,0.0,0.0,0.0,0.18331582659871,0.0,0.0,0.0,0.0,0.0,0.0,0.0,0.0,0.0,0.0,0.0,0.0,0.18331582659871,0.0,0.54994747979613,0.0,0.0,0.0,0.0,0.0,0.0,0.0,0.0,0.0,0.0,0.0,0.0,0.0,0.0,0.0,0.0,0.0,0.0,0.0,0.0,0.0,0.0,0.0,0.0,0.0,0.0,0.36663165319742,0.0,0.0,0.0,0.0,0.0,0.0,0.0,0.0,1.6498424393883913,0.0,0.0,0.73326330639484,0.0,0.0,0.0,0.0,0.18331582659871,0.0,0.0,0.0,0.0,0.0,0.0,0.0,0.18331582659871,0.0,0.0,0.0
0.0,0.18331582659871,0.0,0.0,0.0,0.18331582659871,0.18331582659871,0.0,0.0,0.0,0.18331582659871,0.0,0.0,4.216264011770333,0.0,0.0,0.18331582659871,0.0,0.0,0.0,2.0164740925858102,0.36663165319742,4.21626401177034,0.0,0.0,0.0,0.0,0.0,0.18331582659871,0.0,0.0,0.0,0.0,0.0,0.0,0.0,0.0,0.0,0.0,0.0,0.0,0.18331582659871,0.0,0.0,0.36663165319742,0.0,0.18331582659871,0.0,0.0,0.0,0.0,0.0,0.0,0.0,0.0,0.0,0.18331582659871,0.0,0.0,0.0,3.483000705375497,0.0,0.18331582659871,0.0,2.7497373989806513,0.36663165319742,0.0,0.0,0.0,0.0,0.36663165319742,0.0,0.0,0.0,0.0,0.0,0.0,0.0,0.0,0.0,0.0,0.0,0.0,0.18331582659871,0.0,0.0,1.09989495959226,0.0,0.0,0.0,0.0,0.18331582659871,0.0,0.0,0.0,0.0,0.0,0.0,0.0,0.0,0.0,0.0,0.0,0.0,0.0,0.18331582659871,0.0,0.0,0.0,0.0,0.0,0.0,0.0,0.0,0.0,0.0,0.0,1.09989495959226,0.0,0.0,0.0,0.0,0.0,0.0,0.0,0.0,0.0,0.0,0.0,0.0,0.0,0.0,0.0,0.18331582659871,0.0,0.18331582659871,0.0,0.0,0.18331582659871,0.54994747979613,0.0,0.0,0.0,1.6498424393883901,0.0,0.0,0.0,0.0,0.0,0.36663165319742,0.0,0.0,0.18331582659871,0.0,0.0,0.0,0.0,0.0,0.0,0.18331582659871,0.0,0.0,0.0,0.0,0.0,0.36663165319742,0.0,0.0,0.0,0.0,0.0,1.6498424393883901,0.0,0.0,0.0,0.36663165319742,0.0,0.36663165319742,0.0,0.0,0.0,0.0,0.0,0.0,0.0,0.0,0.0,0.0,0.0,0.0,0.0,0.0,0.0,0.0,0.0,0.0,0.0,0.0,0.18331582659871,0.0,0.0,0.0,0.0,0.0,0.0,0.0,0.0,0.18331582659871,0.0,0.0,0.0,0.0,0.18331582659871,0.0,0.0,0.0,0.0,0.0,0.0,0.0,0.0,0.0,0.0,0.0,0.0,0.0,0.0,0.0,0.0,0.0,0.0,0.0,0.0,0.0,0.0,0.0,0.0,0.0,0.0,0.0,0.0,0.0,0.0,0.0,0.0,0.0,0.0,0.0,0.0,0.0,0.0,0.0,0.18331582659871,0.0,0.0,0.0,0.0,0.0,0.0,0.0,0.0,0.0,0.0,0.0,0.0,0.0,0.18331582659871,0.18331582659871,0.0,0.0,0.18331582659871,0.0,0.0,0.0,0.0,0.0,0.0,0.0,0.0,0.0,0.0,0.0,0.0,0.0,0.0,0.0,0.0,0.0,0.0,0.0,0.0,0.0,0.0,0.0,0.0,0.0,0.0,0.0,0.0,0.0,0.0,0.0,0.0,0.0,0.18331582659871,0.0,0.0,0.0,0.0,0.0,0.0,0.54994747979613,0.0,0.0,0.0,0.0,0.0,0.0,0.0,0.0,0.0,0.0,0.0,0.0,0.0,0.0,0.0,0.0,0.0,0.0,0.0,0.0,0.0,0.0,0.36663165319742,0.0,0.0,0.0,0.0,0.0,0.0,0.0,0.0,0.0,0.0
0.0,0.54994747979613,0.0,0.0,0.0,0.18331582659871,1.6498424393883901,5.13284314476388,0.18331582659871,0.36663165319742,0.36663165319742,0.0,0.0,0.73326330639484,0.0,0.0,0.0,0.9165791329935501,0.18331582659871,0.0,0.54994747979613,0.54994747979613,2.19978991918452,0.0,2.0164740925858102,0.0,0.0,0.0,0.18331582659871,0.18331582659871,0.0,0.0,0.18331582659871,2.19978991918452,0.0,0.0,0.0,0.73326330639484,0.0,0.0,0.0,0.0,0.0,0.0,0.18331582659871,0.0,0.9165791329935501,0.18331582659871,0.36663165319742,0.18331582659871,0.0,0.0,0.36663165319742,0.54994747979613,0.0,0.18331582659871,0.9165791329935501,0.0,0.0,0.0,0.73326330639484,0.18331582659871,1.28321078619097,0.18331582659871,0.0,17.78163518007489,0.0,0.18331582659871,0.0,0.0,0.18331582659871,0.18331582659871,0.36663165319742,0.36663165319742,0.0,0.0,0.0,0.18331582659871,0.18331582659871,0.0,0.18331582659871,0.73326330639484,0.0,0.0,0.0,0.0,0.54994747979613,0.0,0.0,0.54994747979613,0.0,0.0,0.0,0.0,0.0,0.54994747979613,0.0,0.0,0.0,0.36663165319742,0.0,0.0,0.18331582659871,0.18331582659871,0.18331582659871,2.3831057457832303,0.0,0.0,3.11636905217807,0.0,0.0,0.0,0.18331582659871,0.36663165319742,0.0,0.91657913299355,0.0,0.0,0.18331582659871,0.0,0.0,0.0,0.0,0.0,0.0,0.54994747979613,1.28321078619097,0.0,0.0,0.91657913299355,0.0,0.36663165319742,17.598319353476175,0.0,0.18331582659871,0.0,0.36663165319742,0.0,0.0,0.54994747979613,0.0,0.18331582659871,0.9165791329935501,0.36663165319742,0.0,0.18331582659871,0.18331582659871,0.0,0.18331582659871,0.73326330639484,0.36663165319742,0.0,0.0,0.18331582659871,0.0,0.54994747979613,0.0,0.18331582659871,0.0,0.18331582659871,1.09989495959226,1.28321078619097,0.0,0.0,0.0,0.18331582659871,0.0,0.0,0.0,0.0,0.0,0.0,0.0,0.0,0.0,0.18331582659871,0.0,3.483000705375493,0.0,0.0,1.09989495959226,0.18331582659871,0.0,0.0,0.18331582659871,0.0,0.0,0.0,0.0,0.0,0.0,0.0,0.0,0.0,0.18331582659871,0.36663165319742,0.18331582659871,0.0,0.0,0.0,0.0,0.0,0.0,2.3831057457832374,0.0,0.0,0.0,0.0,0.0,0.0,0.0,2.0164740925858102,0.18331582659871,0.18331582659871,0.0,0.0,0.36663165319742,0.0,0.0,0.0,0.0,0.0,0.18331582659871,0.0,0.36663165319742,0.0,0.18331582659871,0.0,0.0,0.0,0.0,0.0,0.0,0.0,0.91657913299355,0.18331582659871,0.0,0.18331582659871,0.0,0.0,0.0,0.0,0.36663165319742,0.0,0.0,0.0,0.0,0.0,0.0,0.0,0.0,0.0,5.499474797961297,0.0,0.0,0.0,0.0,0.0,1.09989495959226,0.0,0.36663165319742,0.0,0.0,0.0,0.36663165319742,0.36663165319742,0.0,0.18331582659871,0.0,0.0,0.0,0.0,0.0,0.0,0.0,0.0,0.36663165319742,0.0,0.0,0.0,0.0,0.0,0.0,0.0,0.0,0.0,0.0,0.0,0.18331582659871,0.0,0.0,0.0,0.18331582659871,0.0,0.0,2.3831057457832303,0.0,0.0,0.0,0.0,0.0,0.0,0.0,0.18331582659871,0.9165791329935501,0.36663165319742,0.18331582659871,0.0,0.0,0.0,0.18331582659871,0.0,0.18331582659871,0.0,0.0,0.0,0.0,0.0,0.0,0.0,0.0,0.0,0.0,0.0,0.0,0.0,0.0,0.0,0.0,0.0,0.0,0.0,0.0,0.0,0.0,0.0,0.0,0.18331582659871,0.0,0.0,0.0,0.0,0.0,0.0,0.18331582659871
0.0,0.73326330639484,0.0,0.0,0.18331582659871,0.18331582659871,0.18331582659871,0.0,0.0,0.18331582659871,0.36663165319742,0.0,0.0,0.0,0.0,0.0,0.0,0.0,0.0,0.0,0.0,0.0,0.36663165319742,0.36663165319742,0.0,0.0,0.0,0.18331582659871,0.18331582659871,0.0,0.0,0.0,0.0,0.0,0.0,0.0,0.0,0.0,0.0,0.0,0.0,3.8496323585729164,0.0,0.18331582659871,0.0,0.0,0.0,0.0,0.0,0.18331582659871,0.0,0.0,0.0,0.54994747979613,0.0,0.0,0.0,0.0,0.0,0.0,0.36663165319742,0.36663165319742,0.0,0.0,0.0,0.0,1.6498424393883901,0.18331582659871,0.0,0.0,0.0,0.18331582659871,0.54994747979613,0.18331582659871,0.0,0.0,0.0,0.0,0.0,0.0,0.0,0.0,0.0,0.0,0.0,0.0,0.0,0.0,0.0,0.36663165319742,0.0,0.0,0.0,0.0,1.6498424393883901,0.0,0.0,0.73326330639484,0.0,0.0,2.3831057457832303,0.0,0.18331582659871,0.0,0.0,0.0,0.0,0.0,0.0,0.0,0.0,0.0,0.0,0.18331582659871,0.0,0.0,0.0,0.0,0.0,0.0,0.0,0.18331582659871,0.0,0.0,0.0,0.0,0.0,0.0,0.0,0.0,0.0,0.18331582659871,0.18331582659871,0.18331582659871,0.0,0.18331582659871,0.18331582659871,0.0,0.18331582659871,0.0,0.0,0.0,0.36663165319742,0.0,0.0,0.0,0.0,0.36663165319742,0.18331582659871,0.0,0.0,0.0,0.0,0.0,0.0,0.0,0.0,0.0,0.0,0.0,0.0,0.0,0.0,0.0,0.0,0.0,0.0,0.0,0.0,0.0,0.0,0.0,0.0,0.0,0.0,0.0,0.0,0.36663165319742,0.0,0.0,0.0,0.0,0.0,0.0,0.0,0.0,0.0,0.0,0.0,0.54994747979613,0.0,0.0,0.0,0.54994747979613,0.0,0.0,0.0,0.0,0.0,0.0,0.0,0.0,0.0,0.0,0.36663165319742,0.0,0.0,0.0,0.54994747979613,0.0,0.0,0.0,0.0,0.0,0.0,0.0,0.0,0.0,0.0,0.0,0.0,0.0,0.0,0.18331582659871,0.0,0.0,0.0,0.0,0.0,0.0,0.0,0.0,0.0,0.0,0.0,0.0,0.0,0.0,0.0,0.0,0.0,0.0,0.0,0.0,0.0,0.0,0.0,0.0,0.0,0.0,0.0,0.0,0.0,0.0,0.0,0.0,0.0,0.0,0.0,0.0,0.0,0.0,0.0,0.0,0.0,0.0,0.0,0.0,0.0,0.0,0.0,0.0,0.0,0.0,0.0,0.0,0.0,0.0,0.0,0.0,0.0,0.0,0.0,0.0,0.0,0.0,0.0,0.0,0.0,0.0,0.0,0.0,0.18331582659871,0.0,0.18331582659871,0.0,0.0,0.0,0.0,0.0,0.0,0.0,0.0,0.0,0.0,0.0,0.0,0.0,0.0,0.0,0.0,0.0,0.0,0.0,0.0,0.0,0.0,0.0,0.0,0.0,0.18331582659871,0.0,0.0,0.0,0.0,0.0,0.0,0.0,0.0,0.0,0.0,0.0,0.0,0.0,0.0,0.0,0.0,0.0,0.0,0.0,0.0,0.0,0.0,0.0,0.0
0.18331582659871,0.73326330639484,0.18331582659871,0.54994747979613,0.54994747979613,0.9165791329935501,1.28321078619097,0.0,0.0,1.09989495959226,5.132843144763879,0.91657913299355,0.54994747979613,1.28321078619097,0.18331582659871,0.18331582659871,0.0,1.8331582659871002,0.0,0.18331582659871,0.36663165319742,0.0,2.0164740925858102,0.9165791329935501,0.18331582659871,0.0,0.18331582659871,0.0,0.54994747979613,0.54994747979613,0.0,0.18331582659871,0.0,0.0,0.0,0.0,0.0,0.0,0.0,0.36663165319742,1.09989495959226,0.73326330639484,1.09989495959226,0.73326330639484,0.36663165319742,0.54994747979613,0.54994747979613,1.09989495959226,0.0,2.7497373989806504,0.0,0.0,0.36663165319742,2.0164740925858102,1.28321078619097,0.18331582659871,0.0,0.0,0.0,0.0,0.54994747979613,1.28321078619097,0.0,0.36663165319742,0.0,0.73326330639484,0.36663165319742,7.882580543744529,0.0,1.28321078619097,0.0,4.949527318165171,0.36663165319742,0.73326330639484,0.0,0.0,0.0,1.46652661278968,0.0,0.0,0.18331582659871,0.0,0.0,0.0,0.0,0.36663165319742,0.0,0.36663165319742,2.3831057457832308,0.18331582659871,0.18331582659871,0.0,0.0,0.54994747979613,3.29968487877678,0.0,0.18331582659871,0.9165791329935501,0.0,0.0,0.36663165319742,0.54994747979613,0.73326330639484,0.0,0.0,0.0,0.0,0.0,2.016474092585815,0.18331582659871,0.0,0.18331582659871,0.0,0.0,0.73326330639484,0.0,0.9165791329935501,0.0,0.0,0.0,0.0,0.73326330639484,0.18331582659871,0.0,2.19978991918452,0.0,0.0,0.18331582659871,0.18331582659871,0.0,0.0,1.09989495959226,0.0,0.18331582659871,0.36663165319742,0.0,0.18331582659871,0.0,0.0,0.0,1.09989495959226,0.0,0.36663165319742,0.0,0.0,0.36663165319742,0.54994747979613,0.0,0.0,0.0,0.54994747979613,0.0,0.18331582659871,0.73326330639484,0.0,0.54994747979613,0.36663165319742,0.0,0.0,0.0,0.0,0.0,0.9165791329935501,0.0,0.0,0.0,0.18331582659871,0.18331582659871,0.36663165319742,0.36663165319742,0.36663165319742,0.0,0.0,0.0,0.0,0.0,0.0,1.8331582659871,0.0,0.0,0.0,0.0,0.18331582659871,0.36663165319742,0.73326330639484,0.18331582659871,1.09989495959226,0.0,0.0,0.36663165319742,1.0998949595922611,0.36663165319742,0.0,0.0,0.0,4.766211491566461,1.8331582659871002,0.54994747979613,0.0,0.18331582659871,0.18331582659871,0.18331582659871,0.18331582659871,0.0,0.18331582659871,0.0,0.0,0.0,0.0,0.0,0.0,0.0,0.18331582659871,0.0,0.18331582659871,0.0,0.0,0.36663165319742,0.0,0.0,0.0,0.0,0.73326330639484,0.36663165319742,0.73326330639484,0.91657913299355,2.0164740925858102,0.0,0.0,0.0,0.0,0.0,0.0,0.54994747979613,0.36663165319742,0.0,0.0,0.18331582659871,0.0,0.18331582659871,0.54994747979613,0.18331582659871,0.18331582659871,0.54994747979613,0.18331582659871,0.0,0.0,0.36663165319742,0.0,0.18331582659871,0.0,0.18331582659871,0.18331582659871,0.0,0.0,0.0,0.0,0.0,0.18331582659871,0.0,0.0,0.0,0.0,0.36663165319742,0.0,0.18331582659871,0.0,0.0,0.0,0.54994747979613,0.0,0.0,0.0,0.0,1.09989495959226,0.18331582659871,0.0,0.0,0.18331582659871,0.0,0.18331582659871,0.0,0.0,0.0,0.18331582659871,0.0,0.0,0.0,0.0,0.0,0.0,0.36663165319742,2.1997899191845174,0.0,0.0,0.0,0.0,0.0,0.0,0.36663165319742,0.0,0.0,0.0,0.0,0.0,0.73326330639484,0.0,0.0,0.0,0.0,1.46652661278968,0.36663165319742,0.0,0.0,0.0,0.18331582659871,0.0,0.0,0.0,0.0,0.0,0.54994747979613,0.0,0.0,0.0,0.0,0.0,0.36663165319742,0.0,0.0,0.0,0.0,0.0,0.0,0.0,0.0,0.0,0.0,0.0,0.0,0.18331582659871,0.0,0.0,0.18331582659871,0.0
0.0,0.0,0.0,0.0,0.0,0.0,0.0,0.0,0.0,0.0,0.0,0.0,0.0,0.0,0.0,0.0,0.0,0.0,0.0,0.0,0.0,0.0,0.0,0.0,0.0,0.0,0.0,0.0,0.0,0.0,0.0,0.0,0.0,0.0,0.18331582659871,0.0,0.0,0.0,0.0,0.0,0.0,0.0,0.0,0.0,0.18331582659871,0.0,0.0,0.0,0.0,0.18331582659871,0.0,0.36663165319742,0.36663165319742,0.0,0.0,0.0,0.0,1.09989495959226,0.0,0.0,0.0,0.0,0.0,0.0,0.0,0.0,0.0,0.0,0.9165791329935501,0.0,0.0,0.0,0.0,0.0,0.0,0.0,0.0,0.0,0.0,0.0,0.0,0.0,0.0,0.0,0.0,0.0,0.0,0.9165791329935501,0.0,0.0,0.0,0.0,0.0,0.0,0.0,0.0,0.0,0.0,0.0,0.0,0.0,0.0,0.0,0.0,0.0,0.0,0.0,0.0,0.0,0.0,0.0,0.0,0.0,0.0,0.0,0.0,0.18331582659871,0.0,0.0,0.0,0.0,0.0,0.0,0.0,4.032948185171619,0.0,0.0,0.0,0.0,0.0,0.0,0.0,0.18331582659871,0.0,0.0,0.0,0.0,0.0,0.0,0.0,0.0,0.0,0.0,0.0,0.0,0.0,0.0,0.73326330639484,0.0,0.0,0.0,0.0,0.0,0.0,0.0,0.0,0.0,0.0,0.0,0.0,0.0,0.0,0.18331582659871,0.18331582659871,0.0,0.0,0.0,0.0,0.0,0.0,0.0,0.0,0.0,0.0,0.0,0.0,0.0,1.46652661278968,0.0,0.0,0.0,0.0,0.0,0.0,0.0,0.0,0.0,8.615843850139374,0.0,0.0,0.18331582659871,0.0,0.0,0.0,0.0,0.0,0.0,0.0,0.0,0.0,0.0,0.0,0.0,0.0,0.0,0.0,0.0,0.0,0.0,0.0,0.73326330639484,0.0,0.0,0.0,0.0,0.18331582659871,0.0,0.0,0.0,0.0,0.0,0.0,0.0,0.0,0.0,0.0,0.0,0.0,0.0,0.0,0.18331582659871,0.0,0.0,0.0,0.0,0.0,0.0,0.0,0.0,0.0,0.0,0.0,0.0,0.0,0.0,0.0,0.0,0.0,0.0,0.18331582659871,0.0,0.0,0.0,0.0,0.0,0.0,0.0,0.0,0.0,0.0,0.0,0.0,0.0,0.91657913299355,0.0,0.0,0.0,0.0,0.0,0.0,0.0,4.21626401177033,0.0,0.0,0.0,0.0,0.0,0.0,4.032948185171621,0.0,0.0,0.18331582659871,0.0,0.0,0.0,0.0,0.0,0.0,0.0,0.0,0.0,0.0,0.0,0.0,0.0,0.0,0.0,0.0,0.0,0.54994747979613,0.36663165319742,0.0,0.0,0.0,0.0,0.0,0.0,0.0,0.0,0.0,0.0,0.0,0.0,0.0,0.0,0.0,0.0,0.0,0.0,0.0,0.0,0.0,0.0,0.0,0.0,0.0,0.0,0.0,0.0,0.0,0.0,0.0,0.0,0.0,0.0,0.0,0.0,0.0,0.0,0.54994747979613,0.0,0.0,0.0,0.0,0.0
0.18331582659871,0.18331582659871,0.18331582659871,0.0,0.18331582659871,0.0,0.36663165319742,0.0,0.0,0.18331582659871,2.0164740925858102,1.46652661278968,0.18331582659871,0.73326330639484,6.049422277757436,0.18331582659871,0.0,0.36663165319742,0.0,0.18331582659871,1.46652661278968,0.0,0.36663165319742,0.0,0.0,0.0,0.54994747979613,0.0,0.0,0.18331582659871,0.0,0.0,0.0,0.0,0.0,0.0,0.0,0.0,0.0,0.0,3.483000705375486,0.0,0.18331582659871,0.18331582659871,0.36663165319742,0.0,0.18331582659871,0.73326330639484,0.18331582659871,0.36663165319742,0.0,0.0,0.36663165319742,0.18331582659871,0.0,0.18331582659871,0.0,0.0,0.0,0.0,0.0,0.18331582659871,0.0,0.0,0.0,0.0,0.0,0.73326330639484,0.0,2.5664215723819397,0.0,0.73326330639484,0.18331582659871,0.0,0.0,0.0,0.0,0.18331582659871,0.0,0.0,0.0,0.0,0.0,0.0,0.0,0.0,0.0,0.54994747979613,0.0,0.0,0.0,0.0,0.18331582659871,0.0,0.18331582659871,0.0,0.36663165319742,0.0,0.0,0.0,0.0,0.18331582659871,0.54994747979613,0.0,0.0,0.0,0.0,0.0,0.0,0.0,0.0,0.0,0.0,0.0,0.36663165319742,0.0,0.18331582659871,0.0,0.0,0.0,1.46652661278968,0.73326330639484,0.18331582659871,0.0,0.36663165319742,0.0,0.0,0.18331582659871,0.54994747979613,0.0,0.36663165319742,0.18331582659871,0.0,0.18331582659871,0.0,0.0,0.0,0.0,0.0,0.0,2.7497373989806473,0.73326330639484,0.18331582659871,0.0,0.0,0.0,0.36663165319742,0.0,0.0,0.0,0.0,0.0,0.36663165319742,0.0,0.0,0.0,0.0,0.0,0.0,0.0,0.0,0.0,0.18331582659871,0.0,0.0,0.0,0.0,0.18331582659871,0.18331582659871,0.0,0.0,0.0,0.0,0.0,0.0,0.0,0.0,0.54994747979613,0.0,0.0,0.0,0.18331582659871,0.0,0.0,1.28321078619097,0.0,0.0,0.0,0.0,0.18331582659871,0.0,0.0,0.0,0.0,0.0,0.73326330639484,14.298634474699398,0.18331582659871,0.0,0.18331582659871,0.0,0.0,0.36663165319742,0.0,0.18331582659871,0.36663165319742,0.0,0.0,0.0,0.0,0.0,0.0,0.18331582659871,0.0,0.73326330639484,0.0,0.0,0.0,0.0,0.0,0.18331582659871,0.0,0.0,0.0,0.18331582659871,0.0,0.9165791329935501,0.0,0.0,0.0,0.0,0.0,0.0,0.18331582659871,0.0,0.0,0.0,0.18331582659871,0.18331582659871,0.0,0.0,0.0,0.0,0.0,0.0,0.0,0.0,0.0,0.0,0.0,0.0,0.0,0.0,0.0,0.0,0.0,0.0,0.0,0.18331582659871,0.0,0.0,0.0,0.18331582659871,0.0,0.0,0.0,0.0,0.0,0.0,0.0,0.0,0.0,0.0,0.0,1.09989495959226,0.18331582659871,0.0,0.0,0.0,0.0,0.0,0.0,0.0,0.0,0.0,0.0,0.0,0.0,0.0,0.0,0.0,0.0,0.0,0.0,0.18331582659871,0.0,0.0,0.0,0.0,0.0,0.0,0.0,0.0,0.0,0.0,0.36663165319742,0.0,0.0,0.0,0.0,0.0,0.18331582659871,0.0,0.0,0.0,0.18331582659871,0.36663165319742,0.0,0.0,0.0,0.0,0.0,0.0,0.0,0.0,0.0,0.0,0.0,0.0,0.0,0.0,0.0,0.0,0.0,0.0,0.0,0.0,0.0,0.0,0.0,0.36663165319742,0.0,0.0,0.0,0.0
0.0,0.18331582659871,0.0,0.0,0.0,0.0,0.18331582659871,0.36663165319742,0.0,0.18331582659871,0.0,0.0,0.0,0.18331582659871,0.0,0.0,0.9165791329935501,0.54994747979613,0.0,0.0,0.0,2.566421572381945,0.0,0.0,0.18331582659871,0.0,0.0,0.0,0.0,0.0,0.0,0.0,0.0,0.0,0.0,0.0,0.0,0.0,0.0,0.0,0.0,0.0,0.0,3.116369052178071,0.0,0.0,0.54994747979613,0.0,0.0,0.0,0.0,0.0,0.0,0.0,0.0,0.18331582659871,0.73326330639484,0.0,0.0,0.0,1.28321078619097,0.0,0.54994747979613,0.0,0.0,0.0,0.0,0.0,0.0,0.0,8.249212196941947,0.0,0.0,0.0,0.0,0.0,0.0,0.54994747979613,0.0,0.0,3.11636905217807,0.9165791329935501,0.0,0.0,0.0,0.0,0.36663165319742,0.0,0.0,0.0,0.0,0.18331582659871,0.0,0.0,1.09989495959226,0.0,0.0,0.0,0.0,0.36663165319742,0.0,0.0,0.0,0.0,0.18331582659871,0.54994747979613,0.36663165319742,0.0,0.18331582659871,0.0,0.0,0.0,0.91657913299355,0.18331582659871,0.0,0.0,0.0,0.0,0.0,0.36663165319742,0.0,0.0,0.0,0.0,0.0,0.0,0.0,0.0,0.0,0.0,0.0,0.0,0.18331582659871,0.18331582659871,0.0,3.1163690521780714,0.0,0.0,1.6498424393883901,3.2996848787767803,0.0,0.0,0.0,2.0164740925858102,0.0,0.0,0.0,0.0,0.0,0.0,0.0,0.18331582659871,1.8331582659871002,0.0,0.0,0.0,0.0,0.0,0.0,0.0,0.54994747979613,3.1163690521780736,0.0,0.0,0.0,0.18331582659871,0.0,0.0,0.0,0.18331582659871,0.0,0.0,0.0,0.0,0.0,0.0,0.0,0.54994747979613,0.0,0.0,0.0,0.0,0.0,0.18331582659871,0.0,0.9165791329935512,0.0,0.0,0.0,0.0,0.0,0.0,0.0,0.0,0.0,0.0,0.0,0.18331582659871,0.36663165319742,0.18331582659871,0.18331582659871,0.0,0.0,0.0,0.0,0.0,0.0,0.18331582659871,0.0,0.0,0.0,0.54994747979613,0.0,0.0,0.0,0.0,0.18331582659871,0.0,0.0,0.18331582659871,0.0,0.0,0.36663165319742,0.0,0.0,0.0,0.0,0.0,0.0,0.0,0.0,0.0,0.0,0.0,0.0,0.0,0.0,0.0,0.0,0.0,0.0,0.0,0.0,0.0,0.0,0.0,0.0,0.0,0.0,0.0,0.0,0.0,0.18331582659871,0.0,0.0,0.0,0.54994747979613,0.0,0.0,0.0,0.0,1.28321078619097,0.0,0.0,0.0,0.0,0.18331582659871,0.0,0.0,0.0,1.28321078619097,0.0,0.0,0.0,0.0,0.0,0.0,0.0,0.0,0.0,0.0,0.0,1.28321078619097,0.0,0.0,0.0,0.0,0.18331582659871,0.0,0.0,0.0,0.0,0.0,0.0,0.0,0.18331582659871,0.0,0.0,0.0,0.0,0.0,0.0,0.0,0.0,0.54994747979613,0.18331582659871,0.0,0.54994747979613,0.0,0.0,0.0,0.0,0.0,0.18331582659871,0.0,0.0,0.0,0.0,0.0,0.36663165319742,0.54994747979613,0.0,0.18331582659871,0.0,0.0,0.0,0.0,0.0,0.0,0.0,0.0,0.0,0.0,0.0,2.01647409258581,0.73326330639484,0.18331582659871,0.0,0.0,0.0,0.0,0.0,0.0,0.0,0.0
0.0,1.28321078619097,0.0,0.0,0.0,0.36663165319742,3.6663165319742017,0.18331582659871,0.0,2.5664215723819397,8.06589637034325,1.8331582659871002,0.54994747979613,0.9165791329935501,0.73326330639484,0.18331582659871,0.0,0.91657913299355,0.0,6.599369757553555,0.9165791329935501,0.36663165319742,0.91657913299355,1.8331582659871002,0.36663165319742,0.0,0.18331582659871,0.18331582659871,0.54994747979613,0.0,0.0,0.0,0.0,0.0,0.0,0.0,0.73326330639484,0.0,0.0,0.0,2.9330532255793598,0.0,1.28321078619097,0.18331582659871,0.54994747979613,0.73326330639484,0.54994747979613,1.8331582659871,0.0,2.3831057457832308,0.18331582659871,0.0,0.0,1.8331582659871002,6.049422277757441,0.18331582659871,0.0,0.18331582659871,0.0,0.0,0.18331582659871,2.93305322557936,0.0,0.18331582659871,0.0,0.0,0.18331582659871,4.216264011770332,0.0,0.9165791329935501,0.0,16.31510856728521,7.882580543744543,3.1163690521780714,0.0,0.0,0.0,4.032948185171621,0.54994747979613,0.0,0.54994747979613,0.0,0.0,0.0,0.0,0.73326330639484,0.0,0.9165791329935501,3.849632358572911,0.18331582659871,0.36663165319742,0.0,0.18331582659871,0.18331582659871,2.0164740925858147,0.0,0.0,0.73326330639484,0.0,0.0,0.18331582659871,0.9165791329935501,0.54994747979613,0.0,0.0,0.18331582659871,0.0,0.0,0.0,0.0,0.0,0.0,0.18331582659871,0.0,0.36663165319742,0.0,0.36663165319742,0.0,0.18331582659871,0.0,0.18331582659871,0.36663165319742,0.36663165319742,0.36663165319742,0.73326330639484,0.18331582659871,0.0,0.54994747979613,0.18331582659871,0.0,0.18331582659871,0.0,0.0,0.18331582659871,0.18331582659871,0.0,0.0,0.0,0.0,0.0,0.73326330639484,0.54994747979613,1.46652661278968,0.0,0.54994747979613,0.0,3.11636905217807,0.0,0.54994747979613,0.18331582659871,0.18331582659871,0.0,0.0,0.73326330639484,0.0,0.18331582659871,0.0,1.28321078619097,0.0,0.0,0.0,0.0,1.8331582659871002,0.0,0.0,0.18331582659871,0.18331582659871,0.0,0.0,0.36663165319742,0.0,0.0,0.0,0.0,0.0,0.0,0.0,3.29968487877678,0.0,0.0,0.18331582659871,0.0,0.0,0.0,0.9165791329935501,0.0,0.9165791329935501,0.0,0.18331582659871,0.73326330639484,0.0,0.36663165319742,0.0,0.0,0.0,2.016474092585811,3.299684878776775,0.36663165319742,0.0,0.18331582659871,0.0,0.0,0.0,0.0,0.18331582659871,0.0,0.0,0.0,0.36663165319742,0.0,0.0,0.18331582659871,0.36663165319742,0.0,0.0,0.0,0.0,0.0,0.0,0.0,0.18331582659871,0.0,0.18331582659871,0.36663165319742,1.6498424393883901,0.0,4.582895664967751,0.0,0.0,0.0,0.0,0.0,0.0,0.18331582659871,0.54994747979613,0.0,0.0,0.0,0.0,0.18331582659871,0.18331582659871,0.0,0.18331582659871,0.0,0.0,0.18331582659871,0.0,0.18331582659871,0.0,0.0,0.0,0.36663165319742,0.0,0.0,0.0,0.0,0.0,0.0,0.18331582659871,0.0,0.0,0.36663165319742,1.28321078619097,0.0,0.18331582659871,0.0,0.0,0.0,0.0,0.0,0.0,0.0,0.0,0.36663165319742,0.18331582659871,0.9165791329935501,0.0,0.0,0.0,0.0,0.0,0.0,0.0,0.0,0.0,0.0,0.0,0.0,0.18331582659871,0.0,0.0,0.54994747979613,0.0,0.0,0.36663165319742,0.0,0.0,0.0,0.0,0.0,0.0,0.0,0.0,0.0,0.0,0.0,0.18331582659871,0.18331582659871,0.0,0.0,0.0,0.0,0.0,0.18331582659871,0.0,0.54994747979613,0.18331582659871,0.0,0.0,0.0,0.0,0.18331582659871,0.0,0.18331582659871,0.0,0.0,0.0,0.0,0.18331582659871,0.0,0.0,1.09989495959226,0.0,0.0,0.18331582659871,0.0,0.18331582659871,0.36663165319742,0.0,0.0,0.18331582659871,0.0,0.0,0.18331582659871,0.0
0.18331582659871,0.36663165319742,0.73326330639484,0.0,0.36663165319742,0.36663165319742,9.899054636330343,0.0,0.18331582659871,0.18331582659871,2.56642157238194,0.54994747979613,0.54994747979613,0.54994747979613,2.9330532255793584,0.0,0.0,0.0,0.0,0.18331582659871,0.18331582659871,0.0,0.36663165319742,0.73326330639484,0.18331582659871,0.0,1.46652661278968,0.0,0.0,0.0,0.0,0.18331582659871,0.0,0.0,0.0,0.0,1.28321078619097,0.0,0.0,0.0,0.9165791329935501,0.0,0.9165791329935501,0.18331582659871,0.18331582659871,0.73326330639484,0.36663165319742,0.54994747979613,0.0,1.46652661278968,0.36663165319742,0.0,0.0,0.0,0.54994747979613,0.36663165319742,0.0,0.0,0.0,0.0,0.18331582659871,0.36663165319742,0.0,0.0,0.0,0.0,1.46652661278968,0.73326330639484,0.0,0.0,0.0,6.96600141075098,8.982475503336799,0.0,0.0,0.0,0.0,0.18331582659871,0.0,0.0,0.0,0.0,0.0,0.0,0.0,0.0,0.0,0.18331582659871,0.73326330639484,0.0,0.18331582659871,0.0,0.0,0.0,0.54994747979613,0.0,0.0,0.36663165319742,0.0,0.0,0.18331582659871,0.73326330639484,0.0,0.0,0.18331582659871,0.0,0.0,0.0,0.0,0.0,0.0,0.0,0.0,0.0,0.0,0.18331582659871,0.0,0.0,0.18331582659871,0.0,0.0,1.8331582659871002,0.0,0.0,0.0,0.0,0.0,0.73326330639484,0.0,0.0,0.0,0.18331582659871,0.0,0.18331582659871,0.0,0.0,0.0,0.0,0.0,0.0,0.54994747979613,0.54994747979613,0.0,0.0,0.0,0.0,2.9330532255793598,0.0,0.36663165319742,0.0,0.18331582659871,0.0,0.0,0.0,0.0,0.0,0.0,0.0,0.0,0.0,0.0,0.0,0.18331582659871,0.0,0.0,0.0,0.0,0.18331582659871,0.0,0.18331582659871,0.36663165319742,0.18331582659871,0.0,0.0,0.0,0.0,0.0,0.9165791329935501,0.0,0.0,0.0,1.28321078619097,0.0,0.0,0.9165791329935501,0.0,0.0,0.0,0.0,0.0,0.0,0.36663165319742,0.0,0.0,0.0,0.9165791329935501,1.09989495959226,0.0,0.0,0.0,0.0,0.0,0.18331582659871,0.0,0.18331582659871,0.18331582659871,0.0,0.0,0.18331582659871,0.0,0.0,0.0,0.0,0.0,0.36663165319742,0.0,0.0,0.0,0.0,0.18331582659871,0.18331582659871,0.0,0.18331582659871,0.0,0.18331582659871,0.0,0.36663165319742,0.0,0.0,0.0,0.0,0.0,0.0,0.0,0.0,0.0,0.0,0.0,0.0,0.0,0.9165791329935501,0.0,0.0,0.0,0.0,0.0,0.0,0.18331582659871,0.0,0.0,0.0,0.0,0.18331582659871,0.0,0.0,0.18331582659871,0.0,0.0,0.0,0.0,0.18331582659871,0.0,0.0,0.0,0.0,0.0,0.0,0.0,0.0,0.0,0.0,0.0,0.0,0.0,1.46652661278968,0.0,0.0,0.0,0.0,0.0,0.36663165319742,0.0,0.0,0.0,0.0,0.0,0.0,0.0,0.0,0.0,0.0,0.36663165319742,0.0,0.0,0.36663165319742,0.0,0.0,0.0,0.0,0.0,0.0,0.0,0.0,0.0,0.0,0.0,0.0,0.0,0.0,0.0,0.0,0.0,0.0,0.0,0.0,0.0,0.0,0.0,0.0,0.0,0.0,0.0,0.0,0.0,0.18331582659871,0.18331582659871,0.0,0.0,0.0,0.0,0.18331582659871,0.0,0.0,0.0,0.0,0.0,0.0,0.18331582659871,0.0,0.0,0.0,0.0,0.0,0.0,0.0
0.0,0.36663165319742,0.0,0.0,0.73326330639484,0.0,0.18331582659871,0.18331582659871,0.0,0.36663165319742,0.0,0.0,0.0,0.0,0.0,0.0,0.0,0.18331582659871,0.0,0.18331582659871,0.0,0.0,0.0,0.36663165319742,0.0,0.0,0.36663165319742,0.0,0.18331582659871,0.0,0.0,0.0,0.18331582659871,0.0,0.0,0.0,0.36663165319742,0.0,0.18331582659871,0.0,0.36663165319742,0.0,0.18331582659871,0.18331582659871,0.0,0.18331582659871,0.0,14.481950301298111,0.0,0.54994747979613,0.0,0.0,0.0,0.0,0.0,0.0,0.0,0.0,0.0,0.0,0.0,0.18331582659871,0.18331582659871,0.0,0.0,0.0,0.36663165319742,2.93305322557936,0.0,0.0,0.0,0.0,0.0,2.74973739898065,0.0,0.0,0.0,0.18331582659871,0.0,0.0,0.18331582659871,0.0,0.0,0.0,0.0,0.0,0.18331582659871,0.0,0.18331582659871,0.0,0.0,0.18331582659871,0.0,0.0,4.399579838369044,0.36663165319742,0.0,2.0164740925858102,0.0,0.0,0.54994747979613,0.0,0.18331582659871,0.0,0.0,0.0,0.0,0.0,0.0,0.18331582659871,0.0,0.0,0.0,0.0,0.0,0.0,0.0,0.0,0.18331582659871,0.0,0.0,0.18331582659871,0.0,0.0,0.0,0.0,0.0,0.0,0.0,0.0,0.0,2.383105745783231,0.0,0.0,0.18331582659871,0.18331582659871,0.0,0.0,0.0,0.18331582659871,0.0,0.18331582659871,0.18331582659871,0.0,0.0,0.18331582659871,0.0,0.0,0.0,0.0,0.0,0.0,0.0,0.18331582659871,0.0,0.54994747979613,0.0,0.0,0.0,0.0,0.0,0.0,0.0,0.0,0.18331582659871,0.0,0.36663165319742,0.0,0.0,0.0,0.0,0.0,0.18331582659871,0.0,0.18331582659871,0.0,0.0,0.54994747979613,0.0,0.0,0.0,0.9165791329935501,0.18331582659871,0.0,0.0,0.0,0.0,0.0,0.0,0.0,0.0,0.0,0.0,0.18331582659871,0.0,0.0,0.0,0.0,0.0,0.0,0.0,0.0,0.0,0.0,0.18331582659871,0.0,0.0,0.0,0.18331582659871,0.0,0.0,0.0,0.0,0.18331582659871,0.0,0.0,0.0,0.0,0.0,0.0,0.0,0.0,0.18331582659871,0.0,0.0,0.0,0.0,0.0,0.0,0.0,0.0,0.0,0.0,0.0,0.0,0.18331582659871,0.0,0.0,0.0,0.0,0.18331582659871,0.0,0.18331582659871,0.0,0.0,0.0,0.0,0.18331582659871,0.0,0.0,0.0,0.0,0.0,0.0,0.0,0.0,0.0,0.0,0.0,0.0,0.0,0.0,0.0,0.0,0.0,0.0,0.0,0.0,0.0,0.0,0.0,0.0,0.18331582659871,0.0,0.0,0.0,0.0,0.0,0.0,0.0,0.0,0.0,0.0,0.0,0.0,0.0,0.0,0.0,0.0,0.0,0.0,0.0,0.0,0.0,0.18331582659871,0.0,0.0,0.0,0.0,0.0,0.0,0.0,0.0,0.0,0.0,0.0,0.0,0.18331582659871,0.0,0.0,0.0,0.0,0.18331582659871,0.18331582659871,0.0,0.0,0.18331582659871,0.0,0.0,0.0,0.0,0.0,0.0,0.0,0.0,0.0,0.0,0.0,0.0,0.0,0.0,0.0,0.0,0.0,0.0,0.0,0.0,0.0,0.0,0.0,0.18331582659871,0.0,0.0,0.18331582659871,0.0
0.0,0.0,0.0,0.0,0.0,0.18331582659871,0.0,0.0,0.0,0.18331582659871,0.0,0.0,0.0,3.1163690521780714,0.0,0.0,0.0,0.0,0.18331582659871,0.0,0.0,0.0,0.18331582659871,0.0,0.0,0.0,0.0,0.0,0.0,0.0,0.0,0.0,0.0,0.0,0.0,0.0,0.0,0.0,0.0,0.0,0.18331582659871,1.28321078619097,0.0,0.0,0.18331582659871,0.18331582659871,0.0,0.0,0.0,0.0,0.0,0.0,0.0,0.18331582659871,0.0,0.0,0.0,0.36663165319742,0.0,0.0,0.18331582659871,0.18331582659871,0.0,0.0,0.0,0.0,3.8496323585729098,0.18331582659871,0.0,0.0,0.0,0.0,0.36663165319742,0.0,0.9165791329935501,0.0,0.0,1.09989495959226,0.0,0.0,0.0,0.0,0.0,0.0,0.0,0.0,0.0,0.0,0.0,0.0,0.0,0.0,0.0,0.0,0.0,0.0,0.0,0.0,0.0,0.0,0.0,0.0,0.0,0.0,0.0,0.0,1.649842439388385,0.0,0.0,0.0,0.0,0.0,0.0,0.0,0.0,0.0,0.0,0.0,0.0,0.0,0.0,0.0,0.0,0.0,0.0,0.0,0.0,0.0,0.0,0.0,0.18331582659871,0.0,0.0,0.18331582659871,0.0,0.0,0.0,0.0,0.0,0.0,0.0,0.0,0.0,0.0,0.0,0.0,0.0,0.0,0.0,0.0,0.0,0.0,0.0,0.18331582659871,0.0,0.0,0.0,0.0,0.0,0.0,0.0,0.0,0.0,0.0,0.0,0.0,0.18331582659871,0.0,0.0,0.0,0.0,0.36663165319742,0.0,0.0,0.0,0.0,0.0,0.0,0.0,0.0,0.0,0.0,0.0,0.0,0.0,0.0,0.0,0.0,0.0,0.0,0.0,0.0,0.0,0.0,0.0,0.0,0.0,0.18331582659871,0.0,0.18331582659871,0.0,0.0,0.0,0.0,0.9165791329935501,0.0,0.0,0.0,0.0,0.0,0.0,0.0,0.0,0.0,0.0,0.0,0.0,0.0,0.0,0.0,0.0,0.0,0.18331582659871,0.0,0.0,0.0,0.0,0.18331582659871,0.0,0.0,0.0,0.0,0.0,0.0,0.0,0.0,0.0,0.0,0.18331582659871,0.0,0.0,0.0,0.0,0.0,0.0,0.0,0.18331582659871,0.0,0.0,0.0,0.0,0.0,0.0,0.0,0.18331582659871,0.0,0.0,0.0,0.0,0.0,0.0,0.0,0.0,0.0,0.0,0.0,0.0,0.18331582659871,0.0,0.0,0.0,0.0,0.0,0.0,0.0,0.0,0.0,0.0,0.0,0.0,0.0,0.0,0.0,0.0,0.0,0.0,0.0,0.0,0.0,0.18331582659871,0.0,0.0,0.0,0.0,0.0,0.0,0.0,0.0,0.0,0.0,0.0,0.0,0.0,0.0,0.0,0.0,0.0,0.0,0.0,0.0,0.0,0.0,0.0,0.0,0.0,0.0,0.0,0.0,0.0,0.0,0.0,0.0,0.0,0.0,0.0,0.0,0.0,0.0,0.0,0.0,0.0,0.0,0.0,0.0,0.0,0.0,0.0,0.0,0.0,0.18331582659871,0.0,0.54994747979613,0.0,0.0,0.0
0.0,0.0,0.0,0.0,0.0,0.18331582659871,0.0,0.0,0.0,14.66526612789682,0.18331582659871,0.0,0.0,0.18331582659871,0.0,0.0,0.0,0.0,0.0,0.0,3.8496323585729124,0.0,0.0,0.0,0.0,0.0,0.0,0.0,0.0,0.0,0.0,0.9165791329935501,0.54994747979613,0.36663165319742,0.0,0.0,0.0,0.0,0.18331582659871,0.36663165319742,0.0,0.0,0.0,0.0,0.0,0.0,0.0,0.0,0.0,0.0,0.0,0.0,0.36663165319742,0.0,0.0,0.0,0.0,0.18331582659871,0.36663165319742,0.18331582659871,0.36663165319742,0.0,0.0,0.0,0.0,0.0,0.0,0.18331582659871,0.0,0.0,0.0,0.0,0.0,0.0,0.0,0.73326330639484,0.0,0.0,0.0,1.46652661278968,1.09989495959226,0.0,0.0,0.0,0.0,0.0,0.0,0.0,0.0,0.0,0.0,0.0,0.0,0.0,0.0,0.0,0.0,0.0,0.0,0.0,0.0,0.0,0.0,0.0,0.0,0.0,0.0,0.0,0.0,0.0,0.0,0.0,0.0,0.0,0.0,0.0,0.0,0.0,0.0,0.73326330639484,0.36663165319742,0.0,0.0,0.0,0.0,0.0,0.0,0.0,0.0,0.0,0.0,0.0,0.36663165319742,0.0,0.0,0.0,0.18331582659871,0.0,0.0,0.0,0.0,0.0,0.0,0.0,0.0,0.0,0.0,0.0,0.0,0.0,0.0,0.0,0.0,0.0,0.73326330639484,0.0,0.0,0.0,0.0,0.0,0.0,0.0,0.0,0.0,0.0,0.0,0.0,0.0,0.0,0.0,0.0,0.0,0.0,0.0,0.0,0.0,0.0,0.36663165319742,0.0,0.0,0.0,0.0,0.0,0.0,0.0,0.0,0.0,0.0,0.0,0.0,0.0,0.0,0.0,0.0,0.54994747979613,0.0,0.0,0.0,0.0,0.36663165319742,0.0,0.0,0.0,0.0,0.0,0.0,0.0,0.0,0.0,0.0,0.0,0.0,0.0,0.0,0.0,1.09989495959226,0.0,0.0,0.0,0.0,0.0,0.0,0.0,0.0,0.0,0.0,0.0,0.0,0.0,0.0,0.0,0.0,0.18331582659871,0.0,0.0,0.0,0.0,0.18331582659871,0.0,0.18331582659871,0.0,0.0,0.0,0.9165791329935501,0.0,0.0,0.0,0.0,0.0,0.0,0.0,0.0,0.0,0.0,0.0,0.0,0.0,0.0,0.0,0.0,0.0,0.0,0.0,0.0,0.0,0.0,0.0,0.0,0.0,0.0,0.0,0.0,0.0,0.0,0.0,0.0,0.0,0.0,0.0,0.0,0.0,0.0,0.0,0.0,0.0,0.0,0.0,0.0,0.0,0.0,0.36663165319742,0.0,0.0,0.0,0.0,0.0,0.0,0.36663165319742,0.0,0.18331582659871,0.0,0.73326330639484,0.0,0.0,0.0,0.0,0.0,0.0,0.0,0.0,0.0,0.0,0.0,0.0,0.0,0.0,0.0,0.18331582659871,0.0,0.0,0.0,0.0,0.0,0.0,0.0,0.0,0.0,0.0,0.0,0.0,0.0,0.18331582659871,0.0,0.0,0.0,0.0,0.0,0.0,0.0,0.0,0.0,0.0,0.0,0.0,0.0
0.0,0.0,0.0,10.44900211612645,0.0,0.36663165319742,0.0,0.0,0.18331582659871,0.18331582659871,0.18331582659871,0.0,0.0,0.0,0.0,0.0,0.0,0.0,0.0,0.0,0.36663165319742,0.0,0.0,0.0,0.0,0.18331582659871,0.0,0.0,0.0,0.0,0.0,0.0,0.9165791329935501,0.0,0.0,0.0,0.0,0.0,0.0,0.0,0.0,0.0,0.0,0.0,0.54994747979613,0.0,0.0,0.73326330639484,0.0,0.0,0.0,0.0,13.015423688508399,0.0,0.0,0.0,0.0,0.18331582659871,0.0,0.18331582659871,0.0,1.09989495959226,0.0,0.0,0.0,0.18331582659871,0.0,0.0,0.0,0.0,0.0,0.0,0.0,0.0,0.0,0.0,0.54994747979613,0.0,0.0,0.18331582659871,0.54994747979613,0.0,0.73326330639484,0.0,1.46652661278968,0.0,0.0,0.0,0.18331582659871,0.0,0.0,0.0,0.0,0.36663165319742,0.0,0.0,0.0,0.0,0.0,0.0,0.0,0.0,0.0,0.0,0.0,0.18331582659871,0.0,0.0,4.0329481851716205,0.0,0.0,0.0,0.0,0.0,0.18331582659871,0.0,0.0,0.18331582659871,0.0,0.0,0.54994747979613,0.0,0.0,0.0,0.0,0.0,0.0,0.0,0.0,0.0,0.0,0.0,0.54994747979613,0.0,0.18331582659871,0.0,0.18331582659871,0.0,0.0,0.0,0.0,0.0,0.0,0.0,0.0,0.0,0.0,0.0,0.0,0.0,0.0,0.0,0.0,0.0,0.0,0.18331582659871,0.0,0.0,0.0,0.0,0.0,0.0,0.0,0.18331582659871,0.0,0.0,0.0,2.19978991918452,0.0,0.0,0.0,0.0,0.0,0.18331582659871,0.0,0.0,0.0,0.36663165319742,0.0,0.18331582659871,0.0,0.0,0.0,0.0,0.0,0.0,0.18331582659871,0.0,0.0,0.0,0.0,0.0,0.0,0.0,0.18331582659871,0.0,0.18331582659871,0.0,0.0,0.0,0.0,0.0,0.0,0.0,0.0,0.0,0.0,0.0,0.0,0.0,0.18331582659871,0.18331582659871,0.36663165319742,0.18331582659871,0.0,0.18331582659871,0.18331582659871,0.0,0.0,0.0,0.0,0.0,1.46652661278968,0.18331582659871,0.0,0.0,0.0,0.0,0.18331582659871,0.18331582659871,0.0,0.0,0.0,0.0,0.0,0.0,0.0,0.54994747979613,0.18331582659871,0.0,0.0,0.0,0.54994747979613,0.73326330639484,0.0,0.0,0.0,0.0,0.0,0.0,0.0,0.0,0.0,0.0,0.0,0.0,0.0,0.0,0.18331582659871,0.18331582659871,0.0,0.0,0.0,0.0,0.0,0.18331582659871,0.0,0.0,0.0,0.0,0.0,0.0,0.0,0.18331582659871,0.0,0.0,0.0,0.0,0.0,0.0,0.0,0.0,0.0,0.54994747979613,0.0,0.0,0.0,0.0,0.0,0.18331582659871,0.18331582659871,0.18331582659871,0.0,0.0,0.0,0.0,0.0,0.0,0.0,0.0,0.0,0.0,0.0,0.0,0.0,0.36663165319742,0.0,0.0,0.0,0.0,0.0,0.0,0.0,0.0,0.0,0.73326330639484,0.0,0.0,0.0,0.0,0.0,0.0,0.0,0.0,0.0,0.0,0.0,0.0,0.0,0.0,0.0,0.0,0.0,0.0,0.0,0.0,0.0,0.0,0.0,0.0,0.0,0.0,0.0,0.0,0.0
0.0,0.18331582659871,0.0,0.54994747979613,0.18331582659871,0.18331582659871,0.73326330639484,0.0,0.0,4.399579838369046,0.36663165319742,0.0,0.18331582659871,0.36663165319742,0.0,0.18331582659871,0.0,1.28321078619097,0.0,16.31510856728521,1.09989495959226,0.0,0.54994747979613,0.54994747979613,0.0,0.0,0.0,0.0,0.18331582659871,1.6498424393883901,0.0,0.0,0.36663165319742,0.0,0.0,0.0,0.18331582659871,0.0,0.0,0.0,0.18331582659871,0.0,0.54994747979613,1.6498424393883913,0.18331582659871,0.36663165319742,0.18331582659871,0.18331582659871,0.0,0.18331582659871,0.0,0.0,0.9165791329935501,0.36663165319742,0.0,0.0,0.0,0.0,0.0,0.0,0.0,2.016474092585815,0.0,0.0,0.0,0.18331582659871,0.0,0.0,0.0,0.0,0.0,1.28321078619097,0.54994747979613,0.36663165319742,7.882580543744544,0.0,0.0,11.915528728916161,0.0,0.0,0.18331582659871,0.0,0.0,0.0,0.0,1.46652661278968,0.0,0.18331582659871,0.18331582659871,0.0,0.0,0.0,0.0,0.0,1.09989495959226,0.0,0.0,0.0,0.0,0.0,0.0,0.0,0.0,0.0,0.0,0.0,1.28321078619097,0.0,0.0,0.18331582659871,0.0,0.0,0.0,0.0,0.73326330639484,0.0,0.18331582659871,0.0,0.0,0.0,0.0,0.0,0.0,0.0,0.18331582659871,0.18331582659871,0.0,0.18331582659871,5.682790624560015,0.0,0.0,0.0,0.18331582659871,0.18331582659871,0.18331582659871,0.0,0.0,0.0,0.0,0.0,0.18331582659871,0.0,0.0,0.0,0.0,0.0,0.0,0.0,0.0,0.0,0.36663165319742,0.0,0.18331582659871,0.0,0.0,0.18331582659871,0.0,5.682790624560016,0.0,0.0,0.0,0.0,0.54994747979613,0.0,0.0,0.18331582659871,0.0,0.0,0.0,0.0,0.0,0.0,0.0,0.0,0.18331582659871,0.0,0.18331582659871,0.54994747979613,0.0,0.0,0.0,0.18331582659871,0.0,0.0,0.0,0.0,0.54994747979613,0.0,0.0,0.91657913299355,0.9165791329935501,0.0,0.0,0.0,0.0,0.18331582659871,0.73326330639484,1.8331582659871002,0.0,0.91657913299355,0.0,0.0,0.0,23.4644258046349,0.0,0.0,0.0,0.0,0.0,0.0,0.18331582659871,0.0,0.36663165319742,0.0,0.0,0.0,0.18331582659871,0.0,0.0,0.0,0.18331582659871,0.18331582659871,0.91657913299355,0.18331582659871,1.28321078619097,0.0,0.18331582659871,0.18331582659871,0.0,0.0,0.0,0.0,0.0,0.18331582659871,0.0,0.73326330639484,0.0,0.0,0.0,0.0,0.0,0.0,0.0,0.0,0.0,0.0,0.0,0.0,0.0,0.18331582659871,0.0,0.0,0.0,0.0,0.0,0.0,0.0,0.0,0.0,0.0,0.0,0.0,0.73326330639484,0.0,0.0,0.0,0.0,0.0,0.0,0.0,0.0,0.0,0.0,0.0,3.6663165319742004,0.0,0.0,0.0,0.0,0.0,0.0,0.18331582659871,0.0,0.0,0.0,0.0,0.0,0.0,0.0,0.0,0.0,0.0,0.0,0.0,0.0,0.0,0.0,0.0,0.0,0.0,0.0,0.0,0.0,0.0,0.0,0.0,0.0,0.0,0.0,0.0,0.0,0.0,0.0,0.0,0.0,0.0,0.36663165319742,0.0,0.0,0.0,1.28321078619097,1.28321078619097,0.0,0.0,0.0,0.0,0.0,0.18331582659871,0.18331582659871,0.0,0.0,0.0,0.0,0.0,0.0,0.0,0.0,0.0,0.0,0.0,0.0,0.0,0.0,0.0,0.0
0.0,0.18331582659871,0.0,0.0,0.0,0.0,0.0,0.18331582659871,0.0,0.36663165319742,0.36663165319742,0.0,0.0,0.36663165319742,0.0,0.0,0.0,0.0,0.0,0.0,0.18331582659871,0.36663165319742,0.0,0.0,0.0,0.0,0.0,0.18331582659871,1.8331582659871049,0.0,0.0,0.0,0.18331582659871,0.0,0.0,0.18331582659871,0.0,0.18331582659871,0.0,0.0,0.18331582659871,0.0,0.0,0.18331582659871,0.36663165319742,0.0,0.0,0.18331582659871,0.0,0.54994747979613,0.0,0.0,0.0,0.0,0.0,0.0,0.0,0.0,0.0,0.0,0.9165791329935501,0.18331582659871,0.0,0.0,1.8331582659871002,0.36663165319742,0.0,0.0,0.0,0.0,0.0,0.0,0.0,0.0,0.0,0.0,0.0,0.0,2.7497373989806544,0.0,0.0,0.0,0.0,0.18331582659871,0.0,0.0,0.18331582659871,0.0,0.18331582659871,0.0,0.0,0.0,0.0,0.0,0.0,0.54994747979613,0.0,0.0,0.0,0.0,0.0,0.0,0.0,0.0,0.0,1.28321078619097,0.0,0.0,0.54994747979613,0.0,0.0,0.0,0.0,0.36663165319742,0.0,0.18331582659871,0.0,0.0,0.0,0.0,0.0,0.18331582659871,0.0,0.0,0.0,0.0,0.18331582659871,0.0,0.0,0.0,0.0,0.18331582659871,0.0,0.36663165319742,0.91657913299355,0.0,0.0,0.0,0.18331582659871,0.36663165319742,0.0,0.0,0.18331582659871,0.0,0.0,0.36663165319742,0.0,0.0,0.36663165319742,0.18331582659871,0.0,1.09989495959226,0.0,0.0,0.0,0.0,0.0,1.09989495959226,0.0,0.0,0.0,0.0,0.36663165319742,0.0,2.56642157238194,0.0,0.0,0.0,0.0,0.0,0.0,0.0,0.0,0.0,0.0,0.0,0.0,0.18331582659871,0.0,0.0,0.0,0.0,0.0,0.0,0.0,0.18331582659871,0.0,0.0,0.0,0.0,0.0,0.0,0.18331582659871,0.0,0.0,0.0,0.0,0.0,0.0,0.0,0.0,0.0,0.0,0.0,0.0,0.0,0.0,0.0,0.0,0.0,0.0,0.0,0.0,0.0,0.0,0.0,0.0,0.0,0.0,0.0,0.0,0.0,0.0,0.0,0.0,0.0,0.36663165319742,0.0,0.0,0.0,0.0,0.0,0.0,0.0,0.18331582659871,0.0,0.0,0.0,0.0,0.0,0.91657913299355,0.0,0.18331582659871,0.0,0.0,0.0,0.0,0.0,0.0,0.0,0.0,0.18331582659871,0.36663165319742,0.0,0.0,0.0,0.0,0.0,0.0,0.0,0.0,0.0,0.0,0.0,0.0,0.0,0.18331582659871,0.0,0.0,0.0,0.0,0.0,0.0,0.0,0.0,0.0,0.0,0.0,0.0,0.0,0.0,0.0,0.0,0.0,0.0,0.0,0.0,0.0,0.18331582659871,0.0,0.0,1.09989495959226,0.0,0.0,0.0,0.0,0.0,0.0,0.0,0.0,0.0,0.0,0.0,0.0,0.0,1.28321078619097,0.18331582659871,0.0,0.0,0.0,0.54994747979613,0.18331582659871,0.9165791329935501,0.0,0.0,0.0,0.0,0.0,0.0,0.0,0.36663165319742,0.0,0.0,0.0,0.0,0.0,0.0,0.0,0.0,0.0,0.0,0.0,0.18331582659871,0.0,0.0,0.36663165319742,0.0,0.0,0.0,0.0,0.0,0.0,0.0,0.0,0.73326330639484
0.0,0.0,0.0,0.0,0.0,0.0,0.18331582659871,0.0,0.0,0.18331582659871,0.18331582659871,0.0,0.0,0.0,0.0,0.0,0.0,0.73326330639484,0.0,0.0,0.18331582659871,0.0,0.18331582659871,0.0,0.0,0.18331582659871,0.0,0.0,0.0,0.0,0.0,0.73326330639484,0.36663165319742,0.0,0.91657913299355,0.0,0.0,0.0,0.36663165319742,0.0,0.0,0.0,0.0,0.0,0.0,0.54994747979613,0.0,0.18331582659871,0.0,0.0,0.0,0.0,0.73326330639484,0.18331582659871,7.699264717145834,0.0,0.0,1.28321078619097,0.73326330639484,0.18331582659871,0.18331582659871,0.0,0.0,0.0,0.0,0.0,0.0,0.54994747979613,0.0,0.0,0.0,0.0,0.0,0.0,0.0,1.6498424393883901,0.36663165319742,0.0,0.0,3.8496323585729098,1.6498424393883901,0.0,0.0,0.0,0.9165791329935501,0.0,0.0,0.0,0.0,0.0,0.0,0.0,0.0,0.0,0.0,0.0,0.0,0.0,0.0,0.0,0.18331582659871,0.0,0.0,0.0,0.0,0.0,0.0,0.0,0.54994747979613,0.0,0.0,0.36663165319742,0.0,0.0,0.0,0.0,0.0,0.0,0.0,1.0998949595922611,0.18331582659871,0.0,0.0,0.0,0.0,0.0,0.0,0.0,0.0,0.0,0.18331582659871,0.0,0.73326330639484,0.0,0.0,0.0,0.18331582659871,0.0,0.0,0.0,0.0,0.0,0.0,0.0,0.0,0.0,0.0,0.0,0.0,0.0,0.0,0.0,0.0,0.0,0.0,0.0,0.0,0.0,0.0,0.0,0.0,0.0,0.0,2.56642157238194,0.0,0.0,0.0,0.0,0.0,0.0,0.0,0.0,0.0,0.0,0.0,0.0,0.0,0.54994747979613,0.36663165319742,0.18331582659871,0.0,0.0,0.0,0.0,0.0,0.0,0.0,0.18331582659871,0.0,0.0,0.0,0.0,0.0,0.0,1.46652661278968,0.0,0.0,0.0,0.0,0.18331582659871,0.0,0.0,0.0,0.18331582659871,0.0,0.0,0.0,0.0,0.0,0.0,0.0,0.54994747979613,0.0,0.18331582659871,0.0,0.0,0.0,0.0,0.18331582659871,0.0,0.0,0.0,0.0,0.0,0.0,0.0,0.0,0.0,0.0,0.18331582659871,0.0,0.18331582659871,0.36663165319742,0.0,0.18331582659871,0.0,0.18331582659871,0.36663165319742,0.36663165319742,0.73326330639484,0.0,0.0,0.18331582659871,2.56642157238194,0.0,0.0,0.0,0.0,0.0,2.0164740925858102,0.0,0.0,0.0,0.0,0.0,0.0,0.0,0.0,0.0,0.0,0.0,0.0,0.0,0.0,0.0,0.0,0.0,0.0,0.0,0.0,0.0,0.0,0.0,0.18331582659871,0.0,0.0,0.0,0.0,0.18331582659871,0.0,0.0,0.0,0.0,0.0,0.0,0.36663165319742,0.0,0.0,0.0,0.73326330639484,0.18331582659871,0.0,0.0,0.0,0.0,0.0,0.0,0.18331582659871,0.0,0.54994747979613,0.0,1.46652661278968,0.18331582659871,0.0,0.0,0.0,0.0,0.0,0.18331582659871,0.0,0.0,0.0,0.0,0.0,0.0,0.0,0.0,0.18331582659871,0.0,0.0,0.0,0.0,0.0,0.0,0.0,0.0,0.0,0.0,0.0,0.0,0.0,0.0,0.0,0.0,0.0,0.0,0.0,0.0,0.0,0.0,0.0,0.0,0.0,0.0,0.0
0.0,0.18331582659871,0.0,0.18331582659871,0.0,1.09989495959226,0.9165791329935501,0.0,0.73326330639484,0.36663165319742,3.299684878776781,0.0,0.18331582659871,0.73326330639484,0.0,0.0,0.0,0.54994747979613,0.0,0.0,0.9165791329935501,0.18331582659871,1.4665266127896812,0.18331582659871,0.18331582659871,19.614793446061984,0.0,0.18331582659871,1.64984243938839,0.18331582659871,0.0,1.09989495959226,5.682790624560011,0.0,0.0,0.0,0.0,0.0,1.6498424393883901,0.0,0.36663165319742,0.18331582659871,0.0,0.36663165319742,0.18331582659871,0.0,0.18331582659871,0.18331582659871,0.0,0.54994747979613,0.0,1.46652661278968,9.1657913299355,0.54994747979613,0.36663165319742,0.18331582659871,0.0,0.0,0.0,2.0164740925858102,0.91657913299355,0.54994747979613,0.0,0.18331582659871,0.18331582659871,0.18331582659871,0.0,0.36663165319742,0.0,0.0,0.36663165319742,0.0,0.0,0.0,0.0,1.2832107861909712,0.54994747979613,1.28321078619097,0.0,1.28321078619097,8.982475503336786,0.0,0.36663165319742,0.0,0.73326330639484,0.36663165319742,0.0,0.0,0.0,0.0,0.0,0.0,0.0,0.0,0.0,0.0,0.0,0.0,0.0,0.0,0.0,0.0,0.36663165319742,0.0,0.0,0.36663165319742,0.0,2.749737398980647,0.0,0.0,0.18331582659871,0.18331582659871,0.0,0.0,0.18331582659871,0.0,0.36663165319742,0.0,0.0,0.18331582659871,0.0,0.0,0.0,0.18331582659871,0.0,0.0,0.18331582659871,0.0,0.18331582659871,0.18331582659871,0.54994747979613,0.0,1.28321078619097,0.18331582659871,0.91657913299355,0.0,0.0,0.18331582659871,0.0,0.73326330639484,0.0,0.0,1.0998949595922611,0.0,0.0,0.0,0.0,0.18331582659871,0.0,0.0,0.18331582659871,0.0,0.0,0.0,0.54994747979613,1.28321078619097,0.0,0.0,0.0,0.18331582659871,0.0,0.0,0.0,0.54994747979613,0.0,0.18331582659871,0.36663165319742,0.0,0.0,0.9165791329935501,0.0,0.0,0.0,0.0,0.18331582659871,0.0,0.0,2.0164740925858102,0.9165791329935501,4.94952731816518,0.18331582659871,0.0,0.0,0.0,0.0,0.0,0.54994747979613,0.73326330639484,0.0,0.18331582659871,0.0,0.0,0.0,0.0,1.28321078619097,0.0,0.0,0.36663165319742,0.18331582659871,1.8331582659871002,0.91657913299355,0.0,0.0,0.18331582659871,0.0,0.0,0.0,0.0,0.0,0.0,0.18331582659871,0.0,0.54994747979613,0.18331582659871,0.0,2.0164740925858102,0.0,0.18331582659871,0.54994747979613,0.36663165319742,0.0,1.2832107861909712,3.6663165319741946,0.18331582659871,0.0,0.18331582659871,0.73326330639484,0.0,0.0,0.36663165319742,0.0,0.73326330639484,0.0,0.18331582659871,0.18331582659871,0.0,0.0,1.09989495959226,0.18331582659871,0.0,0.0,0.0,0.0,1.6498424393883901,0.0,0.0,1.8331582659871,0.0,0.73326330639484,1.09989495959226,0.73326330639484,0.0,0.18331582659871,0.0,0.73326330639484,0.0,0.18331582659871,0.0,0.0,0.36663165319742,0.18331582659871,0.0,0.0,0.36663165319742,0.0,0.18331582659871,0.0,0.0,0.36663165319742,0.0,0.0,0.0,0.0,0.73326330639484,0.18331582659871,0.0,0.0,0.0,1.46652661278968,0.0,0.0,0.18331582659871,0.0,0.0,0.0,0.18331582659871,0.0,0.0,0.0,0.18331582659871,0.36663165319742,0.18331582659871,0.18331582659871,0.36663165319742,0.0,0.0,1.09989495959226,0.18331582659871,0.0,0.18331582659871,1.46652661278968,0.54994747979613,0.18331582659871,0.18331582659871,0.0,0.0,0.0,0.0,0.0,0.0,0.0,0.0,0.0,0.0,0.0,0.54994747979613,0.0,0.0,0.0,0.0,0.18331582659871,0.18331582659871,0.0,0.18331582659871,0.18331582659871,0.9165791329935501,0.0,0.18331582659871,0.18331582659871,1.09989495959226,0.0,1.8331582659871002,0.0,0.0,0.0,0.0,0.0,0.0,0.18331582659871,0.0,0.0,6.232738104356132,0.0,0.0,0.0
0.0,0.0,0.0,0.0,0.0,0.0,0.18331582659871,0.73326330639484,0.0,0.18331582659871,0.0,0.0,0.0,19.248161792864565,0.0,0.0,0.0,0.0,0.0,0.0,0.0,0.0,0.18331582659871,0.73326330639484,1.09989495959226,0.0,0.0,0.0,0.0,0.0,0.18331582659871,0.0,0.0,0.18331582659871,0.0,0.0,0.0,0.0,0.0,0.0,0.0,0.0,0.0,0.0,0.0,0.0,0.0,0.0,0.0,0.0,0.0,0.0,0.0,0.0,0.0,0.0,0.0,0.0,0.0,0.0,0.73326330639484,0.0,0.0,0.0,0.0,0.36663165319742,0.0,0.0,0.0,0.0,0.0,0.0,0.0,0.0,0.0,0.0,0.0,0.0,0.0,0.0,0.0,3.666316531974201,0.0,0.0,0.0,0.0,0.0,0.0,0.0,0.0,0.0,0.0,0.0,0.0,0.0,0.18331582659871,0.0,0.0,0.0,0.0,0.0,0.0,0.0,0.0,0.0,0.0,0.36663165319742,0.0,0.0,0.0,0.0,0.0,0.0,0.0,0.0,0.36663165319742,0.36663165319742,0.0,0.0,0.0,0.0,0.0,0.0,0.0,0.0,0.0,0.0,0.0,0.0,0.36663165319742,0.0,0.0,0.0,0.0,0.0,0.18331582659871,0.0,0.0,0.0,0.0,0.0,0.0,0.18331582659871,0.0,0.0,0.0,0.0,0.0,0.0,0.0,0.0,0.0,0.0,0.0,0.0,0.0,0.0,0.0,0.0,0.54994747979613,0.0,0.0,0.0,0.0,0.0,0.73326330639484,0.0,0.0,0.0,0.0,0.0,0.0,0.0,0.0,0.0,0.0,0.0,2.0164740925858076,0.0,0.0,0.0,0.0,0.0,0.0,0.0,0.0,0.0,0.0,0.0,0.0,0.0,0.0,0.0,0.0,0.0,0.0,0.0,0.0,0.0,0.0,0.0,0.0,0.0,0.0,0.0,0.0,0.0,0.0,0.0,0.0,0.0,0.0,0.0,0.0,0.0,0.0,0.0,0.0,0.0,0.0,0.0,0.0,0.18331582659871,0.0,0.0,0.0,0.0,0.0,0.0,0.0,0.0,0.0,0.0,2.383105745783231,0.0,0.0,0.0,0.18331582659871,0.0,0.0,0.0,0.0,0.0,0.0,0.0,0.0,0.0,0.0,0.0,0.0,0.0,0.0,0.18331582659871,0.0,0.0,0.0,0.0,0.0,0.73326330639484,0.0,0.0,0.0,0.0,0.0,0.18331582659871,0.0,0.0,0.0,0.0,0.0,0.0,0.0,0.0,0.0,0.0,0.0,0.0,0.0,0.0,0.0,0.0,0.0,0.0,0.0,0.0,0.0,0.18331582659871,0.0,0.0,0.0,0.18331582659871,0.36663165319742,0.0,0.0,0.0,0.18331582659871,0.0,0.0,0.0,0.0,0.0,0.0,0.0,0.0,0.0,0.0,0.0,0.0,0.0,0.0,0.0,0.0,0.0,0.0,0.0,0.0,0.0,0.0,0.0,0.0,0.0,0.0,0.0,0.0,0.0,0.0,0.0,0.0,0.0,0.0,0.0,0.0,0.0,0.0,0.0,0.0,0.0,0.0,0.0,0.0,0.0,0.0,0.0,0.0,0.0
0.0,0.0,0.0,0.0,0.0,0.0,0.0,0.0,0.0,0.0,0.0,0.0,0.0,4.399579838369042,0.0,0.0,0.0,0.0,0.0,0.0,0.18331582659871,0.0,0.36663165319742,0.0,0.0,0.0,0.0,0.0,0.0,0.0,0.0,0.18331582659871,0.0,0.0,0.0,0.0,0.0,0.0,0.18331582659871,0.0,0.0,0.0,0.0,0.0,0.91657913299355,0.0,0.0,0.0,0.0,0.0,0.0,0.0,0.0,0.0,0.0,0.0,0.0,0.0,0.18331582659871,0.54994747979613,0.18331582659871,0.0,0.0,0.0,0.0,0.0,0.0,0.0,0.0,0.0,0.0,0.0,0.0,0.0,0.18331582659871,0.0,0.36663165319742,0.0,0.0,0.0,0.18331582659871,0.54994747979613,2.5664215723819397,0.0,0.36663165319742,0.0,0.0,0.0,0.0,0.0,0.0,0.0,0.0,0.0,0.0,0.0,0.0,0.0,0.0,0.0,0.0,0.0,0.0,0.0,0.0,0.0,2.5664215723819397,0.0,0.18331582659871,0.0,0.0,0.0,0.0,0.0,0.0,0.73326330639484,0.0,0.0,0.0,0.0,0.18331582659871,0.0,0.0,0.0,0.0,0.0,0.0,0.0,0.0,0.0,0.0,0.0,0.36663165319742,0.0,0.0,0.0,0.0,0.0,0.0,0.0,0.0,0.0,0.18331582659871,0.0,0.0,0.0,0.0,0.0,0.0,0.0,0.0,0.0,0.0,0.0,0.0,0.0,0.0,0.0,0.0,0.0,0.0,0.0,0.0,0.0,0.0,0.0,0.0,0.0,0.0,0.0,0.0,0.0,0.0,0.0,0.0,0.0,0.0,1.28321078619097,0.0,0.0,0.0,0.0,0.0,0.0,0.0,0.0,0.0,0.0,0.0,0.0,0.0,0.0,0.0,0.0,0.36663165319742,0.0,0.0,0.0,0.0,0.18331582659871,0.54994747979613,0.0,0.0,0.0,0.0,0.0,0.0,0.0,0.0,0.0,0.0,0.0,0.0,0.36663165319742,0.0,0.18331582659871,0.18331582659871,0.0,0.0,0.0,0.0,0.0,9.532422983132934,0.0,0.0,0.0,0.0,0.0,0.54994747979613,0.73326330639484,0.0,0.0,0.0,0.0,0.0,0.0,0.0,0.0,0.0,0.0,0.0,0.0,0.0,0.73326330639484,0.0,0.0,0.0,0.0,0.18331582659871,0.0,0.0,0.0,0.0,0.0,0.0,0.0,0.0,0.73326330639484,0.0,0.18331582659871,0.0,0.0,0.0,0.0,0.0,0.0,0.0,0.0,0.0,0.0,0.0,0.0,0.0,0.0,0.0,0.0,0.0,0.0,0.0,0.0,0.0,0.0,0.0,0.18331582659871,0.0,0.0,0.0,0.0,0.0,0.0,0.73326330639484,0.0,0.0,0.0,0.0,0.0,0.0,0.0,0.0,0.0,0.18331582659871,0.0,0.0,0.0,0.0,0.0,0.0,0.0,0.0,0.0,0.0,0.0,0.18331582659871,0.0,0.0,0.0,0.0,0.0,0.0,0.0,0.0,0.36663165319742,0.0,0.0,0.0,0.0,0.0,0.0,0.0,0.0,0.0,0.0,0.0,0.0,0.0,0.0,0.0,0.0,0.0,0.0,0.0,0.0,0.0,0.0,0.0
0.0,0.0,0.0,0.0,0.0,0.0,0.0,0.0,0.0,0.0,0.0,0.0,0.0,0.0,0.0,0.0,0.0,0.0,0.18331582659871,0.0,0.0,1.6498424393883913,0.0,0.0,0.0,0.0,0.0,0.18331582659871,0.0,0.0,0.0,0.0,0.0,0.0,0.0,0.0,0.0,0.0,0.0,0.0,0.0,0.0,0.0,0.0,0.0,0.0,0.0,0.0,0.0,0.0,0.0,0.0,0.0,0.0,0.0,0.0,0.0,0.0,0.0,0.0,0.18331582659871,0.0,0.0,0.0,0.0,0.0,0.0,0.0,0.0,0.0,0.18331582659871,0.0,0.0,0.0,0.0,0.0,0.0,0.0,0.0,0.0,0.0,0.0,0.0,1.6498424393883901,0.0,0.0,0.18331582659871,0.0,0.0,0.0,0.18331582659871,0.0,0.0,0.0,0.18331582659871,0.0,0.0,0.0,2.383105745783231,0.0,0.0,0.0,0.0,0.0,0.0,0.0,0.0,0.0,0.0,0.0,0.0,0.0,0.0,0.0,0.0,0.0,0.0,0.0,0.54994747979613,0.0,0.0,0.18331582659871,0.0,0.0,0.0,0.0,0.18331582659871,0.0,0.0,0.0,0.0,0.0,0.0,0.9165791329935501,0.0,0.0,0.0,0.0,0.0,0.36663165319742,0.0,0.0,0.0,0.0,0.0,0.0,0.0,0.0,0.0,0.0,0.0,0.0,0.0,0.0,0.0,0.0,0.18331582659871,0.54994747979613,0.0,0.0,0.0,0.0,0.0,0.0,0.18331582659871,0.0,0.0,0.0,0.0,0.0,0.0,0.0,0.18331582659871,0.0,0.0,0.0,0.0,0.0,0.0,0.0,0.0,0.0,0.0,0.0,0.0,0.0,0.0,0.0,0.0,0.0,0.0,0.0,0.0,0.0,0.0,0.0,0.0,0.0,0.0,0.0,0.0,0.0,0.0,0.0,0.0,0.0,0.0,0.0,0.0,0.18331582659871,0.0,0.0,0.0,0.0,0.0,0.0,0.0,0.0,0.0,0.0,0.0,0.0,0.0,0.0,0.0,0.0,0.0,0.0,0.0,0.0,0.0,0.0,0.0,0.0,0.0,0.0,0.0,0.0,0.0,0.0,0.0,0.0,0.0,0.0,0.0,0.0,0.0,0.73326330639484,0.0,0.0,0.0,0.0,0.0,0.0,0.0,1.46652661278968,0.0,0.0,0.0,0.0,0.0,0.0,0.0,0.0,0.18331582659871,0.0,0.0,0.0,0.0,0.0,0.0,0.0,0.0,0.0,0.0,0.18331582659871,13.565371168304548,0.0,0.0,0.18331582659871,0.0,0.0,0.0,0.0,0.0,0.0,0.0,0.0,0.0,0.0,0.0,0.0,0.0,0.0,0.0,0.0,0.0,0.0,0.18331582659871,0.0,0.0,0.0,0.0,0.0,0.0,0.0,0.0,0.0,0.0,0.0,0.0,0.0,0.0,0.0,0.0,0.0,0.0,0.0,0.0,0.0,0.0,0.0,0.0,0.0,0.0,0.0,0.0,0.0,0.0,0.0,0.0,0.0,0.0,0.0,0.0,0.0,0.0,0.0,0.0,0.0,0.0,0.0,0.0,0.0,0.0
0.0,0.0,0.0,1.09989495959226,0.0,0.0,0.0,0.0,0.18331582659871,0.18331582659871,0.0,0.0,0.0,0.54994747979613,0.0,0.0,0.0,0.0,0.0,0.0,0.73326330639484,0.0,0.0,0.0,0.0,0.0,0.0,0.0,0.0,0.0,0.73326330639484,0.0,0.36663165319742,2.933053225579355,0.0,0.0,0.0,0.18331582659871,0.18331582659871,0.0,0.0,0.18331582659871,0.0,0.0,1.46652661278968,0.0,0.0,0.54994747979613,0.0,0.0,0.0,0.0,0.73326330639484,0.0,0.0,0.18331582659871,0.54994747979613,0.36663165319742,1.466526612789685,0.0,0.36663165319742,1.28321078619097,0.0,0.0,0.0,1.09989495959226,0.0,0.0,0.0,0.0,0.0,0.0,0.0,0.0,0.0,0.54994747979613,1.09989495959226,0.0,0.0,0.9165791329935501,0.54994747979613,0.0,0.9165791329935501,0.0,2.74973739898065,0.0,0.0,0.0,0.0,0.0,0.0,0.0,0.0,0.0,0.0,0.0,0.0,0.0,0.0,0.0,0.0,0.0,0.0,0.0,0.0,0.0,0.0,0.18331582659871,0.0,0.0,0.0,0.36663165319742,0.0,0.0,0.0,0.0,0.0,0.0,0.0,0.54994747979613,0.9165791329935501,0.0,0.0,0.9165791329935501,0.0,0.0,0.54994747979613,0.0,0.0,0.0,0.18331582659871,0.0,0.73326330639484,0.0,0.0,0.0,0.0,0.0,0.0,0.0,0.0,0.0,0.0,0.0,0.0,0.0,0.0,0.0,0.0,0.0,0.0,0.0,0.0,0.0,0.0,0.0,0.0,0.0,0.18331582659871,0.0,0.0,0.0,0.0,0.36663165319742,0.0,0.0,0.0,0.0,0.0,0.0,0.0,0.0,0.0,0.18331582659871,0.0,0.0,0.0,0.36663165319742,0.0,0.36663165319742,0.0,0.0,0.0,0.18331582659871,0.0,0.0,0.0,5.866106451158714,0.0,0.0,0.0,0.0,0.0,0.0,0.36663165319742,0.0,0.0,0.0,0.0,0.18331582659871,0.9165791329935501,0.0,0.0,0.0,0.18331582659871,0.0,0.18331582659871,0.0,0.0,0.0,0.0,0.0,0.0,0.36663165319742,0.0,0.0,0.0,0.0,0.0,0.0,0.0,0.18331582659871,0.18331582659871,0.0,0.0,0.0,0.0,0.0,0.0,0.18331582659871,0.0,0.0,0.0,0.0,0.0,0.0,0.0,0.0,0.0,0.73326330639484,0.18331582659871,0.0,0.0,0.9165791329935501,0.18331582659871,0.0,0.0,0.0,0.0,2.0164740925858102,0.0,0.0,0.18331582659871,0.0,0.0,0.0,0.18331582659871,0.0,0.18331582659871,0.18331582659871,0.18331582659871,0.0,0.0,0.0,0.0,19.798109272660703,0.0,0.0,0.0,0.0,0.0,0.0,0.18331582659871,0.36663165319742,0.0,0.0,0.0,0.0,0.0,0.0,0.0,0.0,0.0,0.0,0.0,0.0,0.0,0.0,0.0,0.18331582659871,0.0,0.0,0.0,0.0,0.0,0.0,0.0,0.36663165319742,0.0,0.0,0.0,0.0,0.0,0.18331582659871,0.0,0.0,0.0,0.0,0.18331582659871,0.0,0.0,0.0,0.0,0.0,0.0,0.0,0.0,0.0,0.0,0.0,0.0,0.18331582659871,0.0,0.0,0.0,0.0,0.0,0.0,0.0,0.0,0.0,0.0,0.0,0.0,0.0,0.0,0.0,0.0,0.0,0.0,0.0,0.0,0.0,0.0,0.0
0.0,1.8331582659871,0.18331582659871,0.0,0.0,0.18331582659871,0.18331582659871,0.0,0.0,0.36663165319742,0.0,0.0,0.36663165319742,0.0,0.0,0.0,0.0,0.18331582659871,0.0,0.0,1.8331582659871002,0.0,0.0,0.0,0.0,0.0,0.0,0.0,0.18331582659871,0.0,0.0,0.0,0.0,0.0,0.0,0.0,0.18331582659871,0.0,0.0,0.0,0.0,0.0,0.0,0.0,0.18331582659871,0.0,0.0,0.0,0.18331582659871,0.0,0.0,0.0,0.54994747979613,0.0,0.36663165319742,0.0,0.0,0.0,0.0,0.0,0.0,0.0,0.0,0.0,0.0,0.0,0.0,0.0,0.0,0.0,0.0,0.36663165319742,0.0,0.0,0.0,0.0,0.0,1.6498424393883901,0.0,0.0,0.36663165319742,0.0,0.0,0.0,0.0,1.46652661278968,0.0,0.0,0.18331582659871,0.18331582659871,0.0,0.0,0.0,0.0,0.0,0.0,0.0,0.0,0.0,0.0,0.0,0.0,0.0,0.0,0.0,0.0,0.0,0.0,0.0,0.0,0.0,0.0,0.0,0.0,0.18331582659871,0.0,0.54994747979613,0.0,0.0,0.0,0.0,0.36663165319742,0.0,0.0,0.0,0.0,0.0,0.0,0.0,0.0,0.0,0.0,0.0,0.0,0.18331582659871,0.0,0.36663165319742,0.0,0.0,0.0,0.0,0.0,0.0,0.0,0.0,0.0,0.0,0.0,0.0,0.0,0.0,0.0,0.0,0.0,0.0,0.36663165319742,0.0,0.18331582659871,0.0,0.0,0.0,0.0,0.18331582659871,0.0,0.0,0.0,0.0,0.0,0.0,0.0,0.9165791329935501,0.0,0.0,0.0,0.0,0.0,0.0,0.18331582659871,0.0,0.0,0.0,1.28321078619097,0.18331582659871,0.0,1.28321078619097,0.0,0.0,0.0,0.18331582659871,0.73326330639484,0.54994747979613,0.0,0.0,0.0,0.18331582659871,0.0,0.36663165319742,0.0,0.0,0.18331582659871,0.0,0.0,0.0,0.0,0.0,0.0,0.0,0.0,0.0,0.0,0.0,0.0,0.54994747979613,0.0,0.0,0.0,0.18331582659871,0.0,0.0,0.0,0.0,0.18331582659871,0.0,0.36663165319742,0.18331582659871,0.0,0.0,0.0,0.0,0.0,0.0,0.0,0.0,0.54994747979613,0.0,0.0,0.0,0.0,0.0,0.0,0.0,0.0,0.0,0.0,0.0,0.0,0.0,0.18331582659871,0.0,0.0,0.0,0.0,0.0,0.0,0.0,0.0,0.0,0.0,0.0,0.0,0.0,0.0,0.0,0.18331582659871,0.0,0.0,0.0,0.0,0.0,0.0,0.0,0.0,0.0,0.0,0.36663165319742,0.0,0.0,0.0,0.0,0.0,0.0,0.0,0.0,0.0,0.0,0.0,0.0,0.0,0.0,0.0,0.0,0.0,0.0,0.0,0.0,0.0,0.0,0.0,0.0,0.0,0.0,0.0,0.0,0.0,0.0,0.0,0.0,0.0,0.0,0.0,0.0,0.0,0.0,0.0,0.0,0.0,0.0,0.0,0.0,0.0,0.0,0.0,0.0,0.0,0.0,0.0,0.0,1.6498424393883901,0.54994747979613,0.0,0.0,0.0,0.0,0.0,0.0,0.0,0.0,0.0,0.0,0.0,0.0,0.0,0.0,0.0,0.0
0.0,0.54994747979613,0.0,0.0,0.0,0.0,0.0,0.0,0.0,0.0,0.18331582659871,0.0,0.0,2.016474092585815,2.19978991918452,0.0,0.54994747979613,0.18331582659871,0.0,0.0,0.18331582659871,1.6498424393883901,2.016474092585815,0.0,0.0,0.18331582659871,0.0,2.0164740925858102,0.18331582659871,0.0,0.0,0.0,0.0,0.18331582659871,0.0,0.0,0.0,0.18331582659871,0.0,1.46652661278968,0.0,0.0,0.54994747979613,0.0,0.18331582659871,0.0,0.0,0.0,0.0,0.0,0.0,0.0,0.0,0.0,0.0,0.0,0.0,0.0,0.0,0.0,0.18331582659871,0.0,0.0,0.0,2.0164740925858102,0.0,0.0,0.0,0.0,0.0,0.18331582659871,0.0,0.0,0.0,0.0,0.0,0.0,0.0,0.18331582659871,0.0,0.0,0.0,0.0,0.18331582659871,0.0,0.0,7.69926471714582,0.0,0.0,0.0,0.18331582659871,0.0,0.0,0.0,0.18331582659871,1.28321078619097,0.0,0.0,0.0,0.0,0.0,0.0,0.0,0.36663165319742,0.36663165319742,0.91657913299355,0.0,0.0,0.0,4.766211491566468,0.0,0.0,2.56642157238194,1.6498424393883901,0.0,0.18331582659871,0.0,2.383105745783231,0.18331582659871,0.0,0.0,0.18331582659871,0.0,0.0,0.18331582659871,0.0,0.0,0.0,0.0,0.0,0.0,0.0,0.0,2.9330532255793598,0.0,0.18331582659871,0.0,0.0,0.18331582659871,3.483000705375491,0.0,0.18331582659871,0.0,1.09989495959226,0.0,0.0,0.0,0.0,0.0,0.54994747979613,0.0,0.0,0.18331582659871,0.0,0.0,0.0,0.0,0.0,0.0,0.18331582659871,0.0,0.18331582659871,0.0,0.0,0.0,0.0,0.0,0.0,0.0,0.0,0.0,0.0,0.0,0.0,0.0,0.18331582659871,0.0,0.73326330639484,0.0,0.0,0.0,0.0,0.0,0.0,0.0,0.54994747979613,0.0,0.0,0.0,0.0,0.0,0.0,0.0,0.0,0.0,0.0,0.18331582659871,0.0,15.031897781094232,0.18331582659871,0.0,0.0,0.0,0.0,0.0,0.0,0.0,0.0,0.0,0.0,0.0,0.0,0.0,0.0,0.0,0.0,0.0,0.0,0.0,0.0,0.0,0.0,0.0,0.0,0.0,0.0,0.0,0.0,0.0,0.0,0.0,0.0,0.0,0.18331582659871,0.18331582659871,0.0,0.0,0.0,0.0,0.0,0.0,0.0,0.18331582659871,0.0,0.0,0.0,0.0,0.0,0.0,0.0,0.0,0.0,0.18331582659871,0.0,0.0,0.0,0.18331582659871,0.0,0.36663165319742,0.0,0.0,0.0,0.0,0.0,0.0,0.0,0.18331582659871,0.0,0.0,0.0,0.18331582659871,0.0,0.0,0.0,0.0,0.0,0.18331582659871,0.0,0.0,0.0,0.0,0.0,0.18331582659871,0.0,0.0,0.0,0.0,0.0,0.0,0.0,0.0,0.0,0.0,0.0,0.0,0.18331582659871,0.0,0.0,1.09989495959226,0.18331582659871,0.0,0.0,0.18331582659871,0.0,0.0,0.18331582659871,0.18331582659871,0.0,0.0,0.0,0.18331582659871,0.18331582659871,0.36663165319742,0.0,0.0,0.0,0.0,0.0,0.0,0.0,0.18331582659871,0.0,0.0,0.0,0.0,0.0,0.0,0.0,0.0,0.0,0.18331582659871,0.0,1.28321078619097,0.0,0.0,0.0,0.0,0.0,0.0,0.0,0.0,0.0,0.0,0.0,0.18331582659871
0.36663165319742,0.0,0.0,0.0,0.18331582659871,0.0,0.91657913299355,0.0,0.18331582659871,0.0,1.09989495959226,0.18331582659871,0.36663165319742,0.36663165319742,0.18331582659871,0.0,0.0,0.54994747979613,0.0,0.0,0.18331582659871,0.0,0.18331582659871,0.0,0.0,0.18331582659871,0.54994747979613,0.0,0.0,0.73326330639484,0.0,0.0,0.0,0.0,0.0,0.0,0.0,0.0,0.0,0.0,1.649842439388395,0.0,0.0,1.28321078619097,0.36663165319742,0.18331582659871,0.0,0.0,0.0,0.36663165319742,0.18331582659871,0.0,0.18331582659871,0.18331582659871,0.0,1.09989495959226,0.0,0.0,0.0,0.0,0.0,0.0,0.0,2.016474092585811,0.0,0.0,0.0,0.9165791329935501,0.18331582659871,0.54994747979613,0.0,0.54994747979613,0.0,0.0,0.0,0.0,0.0,0.36663165319742,0.0,0.0,0.36663165319742,0.0,0.0,0.0,0.0,0.73326330639484,0.0,3.6663165319742017,0.18331582659871,0.18331582659871,0.18331582659871,0.0,0.0,0.0,0.0,0.0,0.0,0.0,0.0,0.0,0.0,0.0,0.18331582659871,0.0,0.0,0.0,0.0,0.0,0.0,0.18331582659871,0.0,0.0,0.0,0.0,0.36663165319742,0.0,0.18331582659871,0.0,0.0,0.0,0.0,0.54994747979613,0.0,0.0,0.18331582659871,0.0,0.0,0.0,0.0,0.0,0.0,0.0,0.0,0.0,0.0,0.0,0.18331582659871,0.0,0.0,0.0,0.0,0.36663165319742,0.0,0.0,0.0,0.0,0.36663165319742,0.0,0.0,0.0,0.0,0.0,0.0,0.0,0.0,0.0,0.0,0.0,0.0,0.0,0.0,0.0,0.0,0.0,0.0,0.0,0.18331582659871,0.18331582659871,0.18331582659871,0.0,1.09989495959226,0.0,0.0,0.0,0.0,0.0,0.0,0.54994747979613,0.0,0.0,0.0,0.0,0.0,0.0,1.46652661278968,0.0,0.36663165319742,0.0,0.0,0.36663165319742,0.0,0.0,0.0,0.0,0.0,0.0,0.36663165319742,0.36663165319742,0.0,0.0,0.0,0.0,0.0,0.0,0.18331582659871,0.0,0.0,0.0,0.0,0.18331582659871,0.0,0.0,0.0,0.0,0.36663165319742,0.18331582659871,1.8331582659871,0.18331582659871,0.0,0.0,0.36663165319742,0.0,0.54994747979613,0.0,0.0,0.0,0.36663165319742,0.0,0.0,0.0,0.0,0.0,0.0,0.36663165319742,0.36663165319742,0.0,0.73326330639484,0.0,0.0,0.0,0.0,0.0,0.18331582659871,0.0,0.0,0.0,0.0,0.18331582659871,0.0,2.3831057457832303,0.0,0.0,0.0,0.0,0.0,0.0,0.0,0.0,0.0,0.0,0.0,0.0,1.6498424393883901,0.0,0.0,0.0,0.0,0.0,0.0,0.0,0.0,0.0,0.0,0.0,0.18331582659871,0.0,0.0,0.0,0.18331582659871,0.0,0.0,0.0,0.0,0.0,0.0,0.0,0.18331582659871,0.0,0.0,0.0,0.0,0.0,0.0,0.0,0.0,0.0,0.0,0.0,0.0,0.0,0.0,0.0,0.0,0.0,0.0,0.0,0.0,0.0,0.0,0.0,0.0,0.0,0.0,0.0,0.0,0.0,0.18331582659871,0.0,0.0,0.0,0.0,0.0,0.0,0.0,0.0,0.0,0.0,0.18331582659871,0.18331582659871,0.0,0.0,0.18331582659871,0.0,0.0,0.0,0.0,0.0,0.0,0.0,0.0,0.0,0.0,0.0,0.0,0.0
0.0,0.18331582659871,0.0,0.0,0.0,0.18331582659871,0.54994747979613,0.0,0.0,0.0,0.73326330639484,1.2832107861909712,0.36663165319742,0.54994747979613,0.36663165319742,0.18331582659871,0.0,3.2996848787767816,0.18331582659871,0.18331582659871,0.36663165319742,0.0,0.54994747979613,0.36663165319742,0.0,0.0,0.0,0.18331582659871,0.54994747979613,0.73326330639484,0.0,0.0,0.0,0.0,0.0,0.0,0.0,0.0,0.0,0.0,0.73326330639484,0.0,0.73326330639484,0.36663165319742,1.28321078619097,0.18331582659871,0.18331582659871,0.9165791329935501,0.73326330639484,0.73326330639484,0.0,0.0,0.0,0.36663165319742,0.18331582659871,1.28321078619097,0.0,0.0,0.0,0.0,0.18331582659871,0.18331582659871,0.0,0.18331582659871,0.0,0.0,0.0,1.8331582659871002,0.18331582659871,0.18331582659871,0.0,1.28321078619097,0.36663165319742,0.0,0.18331582659871,0.0,0.0,0.18331582659871,0.0,0.0,0.18331582659871,0.0,0.0,0.0,0.0,0.0,0.0,0.18331582659871,3.666316531974202,0.0,0.0,0.0,0.0,0.0,0.0,0.0,0.0,0.18331582659871,0.0,0.0,0.36663165319742,0.73326330639484,0.54994747979613,0.0,0.0,0.0,0.0,0.0,0.0,0.54994747979613,0.0,0.18331582659871,0.0,0.36663165319742,0.54994747979613,0.18331582659871,0.18331582659871,0.0,0.0,0.0,0.0,0.54994747979613,0.0,0.18331582659871,1.09989495959226,0.0,0.0,0.0,0.0,0.0,0.0,0.0,0.0,0.0,0.36663165319742,0.18331582659871,0.18331582659871,0.0,0.0,0.0,1.09989495959226,0.0,0.18331582659871,0.0,0.0,0.0,0.36663165319742,0.0,0.0,0.0,0.36663165319742,0.0,0.0,0.0,0.0,0.0,0.54994747979613,0.0,0.0,0.0,0.18331582659871,0.0,0.36663165319742,0.0,0.0,11.915528728916165,0.0,0.18331582659871,0.0,0.0,0.18331582659871,0.0,0.18331582659871,0.0,0.0,0.0,0.0,1.09989495959226,0.0,0.0,0.0,0.0,0.0,0.0,0.18331582659871,0.54994747979613,1.8331582659871013,0.0,0.0,0.0,0.0,0.36663165319742,0.0,0.0,0.0,0.36663165319742,0.0,0.18331582659871,0.0,0.0,0.0,0.0,0.0,0.18331582659871,0.0,0.0,0.0,0.0,0.0,0.0,0.0,0.0,0.18331582659871,0.0,0.18331582659871,0.0,0.0,0.0,0.0,0.0,0.18331582659871,0.0,0.18331582659871,0.36663165319742,0.36663165319742,0.18331582659871,0.18331582659871,0.0,0.0,0.0,0.0,0.0,0.18331582659871,0.0,0.0,0.0,0.0,0.0,0.0,0.18331582659871,0.0,0.0,0.0,0.18331582659871,0.0,0.0,0.0,0.0,0.18331582659871,0.0,0.0,0.0,0.0,0.18331582659871,0.0,0.0,0.0,0.0,0.0,0.0,0.0,0.0,0.0,0.0,0.0,0.0,0.0,0.0,0.0,0.0,0.0,0.0,0.0,0.0,0.36663165319742,0.0,0.0,0.0,0.0,0.0,0.0,0.18331582659871,0.0,0.0,0.0,0.0,0.0,0.0,0.0,0.0,0.36663165319742,0.18331582659871,0.0,0.0,0.0,0.0,0.0,0.0,0.0,0.18331582659871,0.0,0.0,0.0,0.0,0.0,0.0,0.0,0.0,0.0,0.0,0.0,0.0,0.0,0.0,0.0,0.0,0.0,0.0,0.0,0.0,0.0,0.0,0.0,0.0,0.0,0.0,0.0,0.0,0.0,0.0,0.0,0.0,0.0,0.0,0.18331582659871,0.0,0.0,0.0,0.0,0.0,0.0,0.0,0.0,0.0,0.0
0.18331582659871,0.54994747979613,0.0,0.18331582659871,0.0,0.0,0.36663165319742,0.0,0.0,0.0,0.54994747979613,0.0,0.0,0.0,0.36663165319742,0.73326330639484,0.0,0.18331582659871,0.0,0.18331582659871,0.0,0.0,0.0,0.0,0.0,0.0,0.0,0.36663165319742,0.0,0.18331582659871,0.0,0.0,0.18331582659871,0.0,0.0,0.18331582659871,0.0,0.0,0.0,0.0,0.54994747979613,0.0,0.18331582659871,0.36663165319742,0.0,0.18331582659871,0.18331582659871,0.0,0.0,0.0,0.0,0.0,0.36663165319742,0.0,0.18331582659871,0.0,0.0,0.0,0.0,0.0,0.0,0.18331582659871,0.0,0.0,0.0,0.0,0.0,0.0,0.0,0.0,0.0,0.0,0.18331582659871,0.0,0.0,0.0,0.0,0.18331582659871,0.0,0.0,0.0,0.0,0.0,0.0,0.0,0.0,0.0,0.0,0.18331582659871,3.1163690521780714,0.18331582659871,0.0,0.0,0.0,0.73326330639484,0.18331582659871,0.0,0.18331582659871,0.0,0.0,0.0,0.36663165319742,0.18331582659871,0.0,0.0,0.0,0.0,0.0,0.0,0.0,0.0,0.0,0.0,3.1163690521780714,0.36663165319742,0.0,0.0,0.0,0.0,0.0,0.0,4.582895664967756,0.0,0.0,0.0,0.0,0.0,0.0,0.0,0.0,0.0,0.18331582659871,0.0,0.73326330639484,0.0,0.0,0.0,0.0,0.0,0.0,0.0,0.0,0.0,0.0,0.0,0.18331582659871,0.0,0.0,2.56642157238194,0.0,0.0,0.0,0.0,0.18331582659871,0.0,0.0,0.0,0.0,0.0,0.0,0.0,0.0,0.0,0.0,0.0,0.0,0.73326330639484,0.0,0.0,0.0,0.0,0.0,0.0,0.0,0.0,0.18331582659871,0.0,0.0,0.0,0.0,0.0,0.18331582659871,0.0,0.0,0.0,0.0,0.0,0.0,0.0,0.0,0.0,0.0,0.0,0.0,0.0,0.0,0.0,0.0,0.0,0.18331582659871,0.0,0.0,0.0,0.0,0.73326330639484,0.0,0.0,0.0,0.36663165319742,0.0,0.0,0.0,0.18331582659871,0.0,0.0,0.0,0.0,0.0,0.0,0.0,0.0,0.0,0.0,0.0,0.0,0.0,0.0,0.0,0.0,0.0,0.0,0.0,0.0,0.0,0.0,0.0,0.0,0.0,0.0,0.0,0.0,0.0,0.0,0.0,0.0,0.0,0.0,0.0,0.0,0.0,0.0,0.0,0.0,0.18331582659871,0.0,0.0,0.0,0.0,0.0,0.0,0.0,0.0,0.0,0.0,0.0,0.0,0.0,0.0,0.0,0.0,0.18331582659871,0.0,0.18331582659871,0.0,0.0,0.36663165319742,0.0,0.0,0.0,0.0,0.0,0.0,0.0,0.0,0.0,0.0,0.0,0.0,0.18331582659871,0.0,0.0,0.0,0.0,0.0,0.54994747979613,0.0,0.0,0.0,0.18331582659871,0.0,0.0,0.0,0.0,0.0,0.0,0.0,0.0,0.0,0.0,0.0,0.0,0.0,0.0,0.91657913299355,0.0,0.0,0.0,0.0,0.0,0.0,0.0,0.0,0.0,0.0,0.0,0.0,0.0,0.0,0.0,0.0,0.0,0.0,0.0,0.0,0.0,0.0,0.0,0.0,0.0,0.0,0.0,0.0,0.0,0.0,0.0
0.0,0.9165791329935501,0.18331582659871,0.0,0.54994747979613,0.18331582659871,2.0164740925858124,0.0,1.6498424393883901,0.18331582659871,0.36663165319742,0.36663165319742,0.0,5.4994747979613,0.18331582659871,0.0,0.0,1.46652661278968,0.0,0.18331582659871,0.18331582659871,0.0,0.0,0.18331582659871,0.0,0.18331582659871,0.54994747979613,2.74973739898065,0.18331582659871,0.0,0.0,0.0,0.0,0.0,0.0,0.18331582659871,0.36663165319742,0.0,0.0,0.0,0.54994747979613,0.0,0.0,0.0,0.0,0.36663165319742,0.0,0.18331582659871,0.18331582659871,0.0,0.18331582659871,0.0,0.18331582659871,0.18331582659871,0.73326330639484,0.18331582659871,0.0,0.0,0.0,0.9165791329935501,0.36663165319742,1.46652661278968,0.0,0.0,0.0,0.0,0.36663165319742,0.0,0.0,0.0,0.0,0.18331582659871,0.18331582659871,0.0,0.0,0.0,0.0,0.0,0.0,0.0,0.18331582659871,0.0,0.0,0.36663165319742,0.0,0.0,10.449002116126476,0.0,0.36663165319742,0.18331582659871,10.632317942725198,0.0,4.94952731816518,0.0,0.54994747979613,0.0,0.0,0.0,0.18331582659871,0.0,0.0,0.18331582659871,0.0,0.0,0.0,0.0,0.0,0.0,0.0,1.6498424393883901,0.18331582659871,0.0,0.0,1.28321078619097,0.18331582659871,0.0,0.0,0.0,0.36663165319742,0.0,0.0,6.232738104356134,0.0,0.0,0.18331582659871,0.0,0.0,0.36663165319742,0.36663165319742,0.0,0.0,0.18331582659871,0.0,1.6498424393883901,0.0,0.0,0.0,0.0,0.0,0.0,0.18331582659871,0.18331582659871,0.0,0.0,0.0,0.18331582659871,0.0,0.0,0.18331582659871,0.0,0.0,0.0,0.0,0.36663165319742,0.0,0.0,0.0,0.36663165319742,0.0,0.0,0.0,0.0,0.36663165319742,0.0,0.0,0.0,0.18331582659871,0.0,0.0,0.0,0.18331582659871,0.0,0.0,0.0,0.36663165319742,0.0,0.0,7.882580543744534,0.18331582659871,0.0,0.0,0.0,0.0,0.0,0.18331582659871,0.18331582659871,0.0,0.0,1.09989495959226,0.0,0.0,0.0,0.0,0.0,0.0,0.18331582659871,0.18331582659871,0.0,0.0,0.0,0.0,0.0,0.0,0.0,4.032948185171621,0.0,0.0,0.0,0.18331582659871,0.0,0.0,0.0,0.0,0.0,0.18331582659871,0.0,0.0,0.0,0.0,0.0,0.0,0.0,0.0,0.0,0.18331582659871,0.0,0.0,0.0,0.0,0.0,0.0,0.18331582659871,0.0,0.0,0.0,0.0,0.0,0.0,0.0,0.0,0.0,0.0,0.0,0.0,0.0,0.0,0.0,0.18331582659871,0.0,0.0,0.0,0.0,0.18331582659871,0.0,0.0,1.09989495959226,0.0,0.0,0.0,0.0,0.0,0.0,0.0,0.0,0.0,0.0,0.0,0.0,0.0,0.0,0.0,0.0,0.18331582659871,0.0,0.18331582659871,1.466526612789675,0.0,0.0,0.0,0.54994747979613,0.0,0.0,0.0,0.0,0.0,0.0,0.0,0.0,0.0,0.0,0.0,0.0,0.18331582659871,0.0,0.18331582659871,0.0,0.0,0.0,0.0,0.0,0.0,0.0,0.0,0.0,0.0,0.0,0.0,0.0,0.0,0.0,0.0,0.0,0.0,0.18331582659871,0.0,0.0,0.0,0.0,0.0,0.0,0.0,0.0,0.0,0.0,0.0,0.0,0.0,0.0,0.0,0.0,0.18331582659871,0.0,0.0,0.0,0.0,0.0,0.0,0.0,0.0,0.0,0.36663165319742,0.0,0.0,0.0,0.0
0.0,0.0,0.0,0.0,0.0,0.0,0.0,0.0,0.0,0.0,0.0,0.0,0.0,0.18331582659871,0.0,0.0,0.0,0.0,0.0,0.0,0.0,0.0,0.0,0.0,0.0,0.0,0.0,0.18331582659871,0.0,0.0,0.0,0.0,0.0,0.0,0.0,0.0,0.0,0.0,0.0,0.0,0.0,0.0,0.0,0.0,0.0,0.0,0.0,0.36663165319742,0.0,0.0,0.0,0.0,0.0,0.0,0.0,0.0,0.0,0.0,0.0,0.0,0.0,0.0,0.0,0.0,0.0,0.0,0.0,0.0,0.0,0.0,0.0,0.0,0.0,0.0,0.0,0.0,0.0,0.0,0.0,0.0,0.0,0.0,0.0,0.18331582659871,0.0,0.0,0.0,0.0,0.0,0.0,0.18331582659871,0.18331582659871,0.0,0.0,0.0,0.0,0.0,0.0,0.0,0.0,0.0,0.0,0.0,0.0,0.0,0.0,0.0,0.0,0.0,0.18331582659871,0.0,0.0,0.18331582659871,0.18331582659871,0.0,0.0,0.0,0.0,1.28321078619097,0.0,0.0,0.0,0.0,0.0,0.0,0.0,0.0,0.0,0.0,0.0,0.0,0.0,0.0,0.0,0.0,0.0,0.0,0.0,0.0,0.0,0.0,0.0,0.0,0.0,0.0,0.0,0.0,0.0,0.18331582659871,0.0,0.0,0.0,0.0,0.0,0.0,0.0,0.0,0.0,0.0,0.0,0.0,0.0,0.0,0.0,0.0,0.0,0.0,0.0,0.0,0.0,0.0,0.0,0.0,0.0,0.0,0.0,0.0,0.0,0.0,0.0,0.0,0.0,0.0,0.0,0.0,0.0,0.0,0.0,0.0,0.0,0.0,0.0,0.0,0.0,0.0,0.0,0.0,0.0,0.18331582659871,0.0,0.0,0.0,0.0,0.0,0.0,0.0,0.0,0.0,0.0,0.0,0.0,0.0,0.0,0.0,0.0,0.0,0.0,0.0,0.0,0.0,0.0,0.0,0.0,0.0,0.0,0.0,0.0,0.0,0.0,0.0,0.0,0.0,0.0,0.0,0.0,0.0,0.0,0.0,0.0,0.0,0.0,0.0,0.0,0.0,0.0,0.0,0.0,0.0,0.0,0.0,0.0,0.0,0.0,0.0,0.0,0.0,0.0,0.0,0.0,0.0,0.0,0.0,0.0,0.0,0.0,0.0,0.0,0.0,0.0,0.0,0.0,0.0,0.0,0.0,0.0,0.0,0.0,0.0,0.0,0.0,0.0,0.0,0.0,0.0,0.0,0.0,0.0,0.0,0.0,0.0,0.0,0.0,0.0,0.0,0.0,0.0,0.0,0.0,0.36663165319742,0.0,0.0,0.0,0.0,0.0,0.0,0.0,0.0,0.0,0.0,0.0,0.0,0.0,0.0,0.0,0.0,0.0,0.0,0.0,0.0,0.0,0.0,0.0,0.0,0.0,0.0,0.0,0.0,0.0,0.0,0.0,0.0,0.0,0.0,0.0,0.0,0.0,0.0,0.0,0.0,0.0,0.0,0.0,0.0,0.0,0.0
0.0,0.18331582659871,0.0,0.0,1.46652661278968,0.0,0.0,0.0,0.0,0.18331582659871,0.0,0.0,0.0,0.18331582659871,0.18331582659871,0.0,0.0,0.0,0.0,0.18331582659871,0.0,0.0,0.0,0.0,0.0,0.0,0.0,1.46652661278968,0.18331582659871,0.0,0.0,0.0,0.0,0.0,0.0,0.0,0.18331582659871,0.0,0.0,0.0,0.18331582659871,0.0,0.0,0.18331582659871,0.0,0.0,0.0,0.0,0.18331582659871,0.18331582659871,0.0,0.0,0.0,0.36663165319742,0.0,0.0,0.0,0.0,0.0,0.0,0.18331582659871,3.483000705375493,0.0,0.0,0.0,0.0,0.0,0.0,0.0,0.0,0.0,0.0,0.0,0.18331582659871,0.0,0.0,0.0,0.18331582659871,0.0,0.0,0.0,0.0,0.0,0.0,0.0,0.0,0.0,0.0,0.0,0.36663165319742,2.0164740925858102,0.0,0.54994747979613,0.0,0.73326330639484,0.0,0.0,0.0,0.18331582659871,0.0,0.0,0.0,0.0,0.0,0.0,0.0,0.0,0.0,0.0,6.4160539309548605,0.0,0.0,0.0,1.09989495959226,0.0,0.0,0.18331582659871,0.0,0.36663165319742,0.0,0.0,1.09989495959226,0.0,0.0,0.36663165319742,0.0,0.0,1.09989495959226,0.0,0.0,0.0,0.0,0.0,1.6498424393883901,0.0,0.0,0.0,0.0,0.0,0.0,0.18331582659871,0.0,0.0,0.0,0.0,0.0,0.0,0.0,0.0,0.0,0.0,0.0,0.0,0.0,0.0,0.0,0.0,0.0,0.0,0.0,0.0,0.0,0.0,0.0,0.18331582659871,0.0,1.6498424393883901,0.0,0.0,0.0,0.0,0.0,0.9165791329935501,0.0,0.0,0.0,0.0,0.18331582659871,0.0,0.0,0.0,0.0,0.0,0.0,0.54994747979613,0.0,0.0,0.0,5.499474797961294,0.0,0.0,0.0,0.0,0.0,0.0,0.18331582659871,0.0,0.0,0.0,0.0,0.0,0.0,0.18331582659871,0.0,0.73326330639484,0.36663165319742,0.0,0.0,0.0,0.0,0.0,0.0,0.0,0.0,0.0,0.0,0.0,0.36663165319742,0.0,0.0,0.0,0.0,0.0,0.0,0.0,0.0,0.0,0.0,0.0,0.0,0.0,0.0,0.0,0.0,0.0,1.09989495959226,0.0,0.0,0.0,0.0,0.0,0.0,0.0,0.0,0.0,0.0,0.0,0.36663165319742,0.0,0.0,0.0,0.0,0.18331582659871,0.18331582659871,0.0,0.36663165319742,0.0,0.0,0.0,0.0,0.0,0.0,0.0,0.0,0.0,0.0,0.0,0.0,0.0,0.0,0.0,0.0,1.09989495959226,0.0,0.0,3.6663165319741924,0.0,0.54994747979613,0.0,0.0,0.0,0.0,0.0,0.0,0.0,0.0,0.0,0.0,0.0,0.0,0.0,0.0,0.0,0.0,0.0,0.0,0.0,0.0,0.18331582659871,0.0,0.0,0.0,0.0,0.0,0.0,0.0,0.0,0.0,0.0,0.73326330639484,0.0,0.0,0.0,0.0,0.0,0.0,0.0,0.0,0.0,0.0,0.0,0.0,0.0,0.0,0.0,0.0,0.0,0.0,0.0,0.0,0.0,0.0,0.0,0.0,0.0,0.0,0.0,0.0,0.0,0.0,0.18331582659871,0.0,0.0,0.0,0.0
0.18331582659871,0.0,0.36663165319742,0.0,0.0,0.18331582659871,0.36663165319742,0.0,0.0,0.0,0.0,0.0,0.0,1.6498424393883901,0.0,0.0,0.0,0.0,0.18331582659871,0.0,0.0,0.0,0.0,0.0,0.0,0.0,0.0,0.0,0.0,0.0,0.9165791329935501,0.0,0.0,0.0,0.0,0.0,0.0,0.0,0.0,0.0,0.0,0.18331582659871,0.0,0.0,0.18331582659871,0.0,0.36663165319742,0.18331582659871,0.0,0.0,0.18331582659871,0.0,0.18331582659871,0.0,0.0,0.0,0.0,0.0,0.36663165319742,0.0,0.54994747979613,0.73326330639484,0.0,0.0,0.0,0.0,0.0,0.36663165319742,0.0,0.0,0.18331582659871,0.0,0.0,0.0,0.0,0.0,0.0,0.0,0.0,0.0,0.73326330639484,0.0,0.18331582659871,0.0,0.0,0.0,0.0,0.0,0.0,0.0,0.0,0.0,0.0,1.28321078619097,0.0,0.0,0.0,0.0,0.0,0.0,0.0,0.0,0.0,0.0,0.0,0.0,0.54994747979613,0.0,0.18331582659871,0.0,0.0,0.0,0.0,0.0,0.0,0.0,0.0,0.0,0.0,0.0,0.18331582659871,0.0,0.0,0.0,0.0,0.0,0.0,0.0,0.0,0.0,0.0,0.0,0.0,0.0,0.0,0.0,0.36663165319742,0.0,0.0,0.0,0.0,0.0,0.0,0.0,0.0,0.0,0.0,0.0,0.73326330639484,0.0,0.0,0.0,0.0,0.18331582659871,0.0,0.0,0.0,0.0,0.18331582659871,0.0,0.0,0.0,0.0,0.0,0.0,2.3831057457832303,0.0,0.0,0.0,0.0,0.0,0.36663165319742,0.0,0.0,0.0,0.18331582659871,0.0,0.73326330639484,0.0,0.36663165319742,0.0,0.0,0.0,0.0,0.0,0.0,0.0,0.0,0.0,0.0,0.0,0.0,0.0,0.0,0.0,0.54994747979613,1.28321078619097,0.0,0.0,0.0,0.0,0.0,0.0,0.0,0.0,0.0,0.36663165319742,0.0,0.0,0.0,0.0,0.0,0.0,0.18331582659871,0.0,0.0,0.18331582659871,0.0,0.0,0.0,0.0,0.0,0.54994747979613,0.18331582659871,0.0,0.18331582659871,0.0,0.18331582659871,0.0,0.0,0.0,0.0,0.0,0.0,0.0,0.0,0.0,0.0,0.0,0.0,0.0,0.0,0.0,0.0,0.0,0.0,0.18331582659871,0.0,0.0,0.18331582659871,0.0,0.0,0.0,0.0,0.0,0.0,0.0,0.0,0.0,0.18331582659871,2.1997899191845214,0.0,0.0,0.0,0.0,0.36663165319742,0.0,0.0,0.0,0.0,0.0,0.0,0.0,0.18331582659871,0.0,0.0,0.18331582659871,0.0,0.0,0.0,0.0,0.0,0.0,0.0,0.18331582659871,0.0,0.36663165319742,0.0,0.0,0.0,0.0,0.0,0.36663165319742,0.0,0.0,0.0,0.36663165319742,0.9165791329935501,0.0,0.0,0.0,0.0,0.0,0.0,0.0,0.0,0.0,0.0,0.0,0.0,0.18331582659871,0.0,0.0,0.0,0.0,0.0,0.0,0.0,0.0,0.0,0.0,0.0,0.0,0.0,0.0,0.0,0.0,0.18331582659871,0.0,0.0,0.0,0.0,0.0,0.0,0.0,0.0,0.0,0.0,0.0,0.0,0.0,0.0,0.0,0.0,0.0
0.73326330639484,1.6498424393883901,2.01647409258581,0.0,1.6498424393883901,0.0,1.09989495959226,0.18331582659871,0.0,0.54994747979613,0.73326330639484,0.73326330639484,0.36663165319742,1.09989495959226,3.4830007053754914,0.36663165319742,0.0,0.9165791329935501,0.18331582659871,0.73326330639484,0.0,0.0,0.18331582659871,0.73326330639484,0.0,0.0,1.28321078619097,0.36663165319742,0.0,1.4665266127896812,0.0,0.0,0.0,0.0,0.0,0.18331582659871,0.18331582659871,0.0,0.0,0.0,0.54994747979613,0.0,3.4830007053754897,0.18331582659871,0.36663165319742,0.9165791329935501,0.0,0.9165791329935501,0.0,1.28321078619097,0.54994747979613,0.0,0.0,2.933053225579361,2.0164740925858102,0.36663165319742,0.0,0.0,0.0,0.0,0.54994747979613,0.73326330639484,0.0,0.0,0.0,0.0,0.73326330639484,4.582895664967746,0.0,0.0,0.18331582659871,1.28321078619097,0.54994747979613,2.93305322557936,0.0,0.0,0.0,1.46652661278968,0.0,0.0,0.18331582659871,0.0,0.0,0.0,0.0,0.0,0.0,0.0,0.18331582659871,0.0,0.0,0.0,0.54994747979613,0.0,17.964951006673584,0.36663165319742,0.0,3.8496323585729124,0.18331582659871,0.0,1.46652661278968,0.36663165319742,0.18331582659871,0.0,0.0,0.18331582659871,0.18331582659871,0.0,0.0,0.18331582659871,0.0,0.0,0.0,0.36663165319742,1.4665266127896812,0.0,0.0,0.0,0.18331582659871,0.0,0.0,5.499474797961307,0.36663165319742,0.0,0.54994747979613,0.0,0.0,0.91657913299355,0.0,0.0,0.0,2.19978991918452,0.18331582659871,1.09989495959226,0.18331582659871,0.36663165319742,0.0,0.0,0.91657913299355,0.0,0.0,0.0,0.36663165319742,0.0,0.0,0.0,0.73326330639484,0.0,0.36663165319742,0.0,0.36663165319742,0.9165791329935501,0.18331582659871,1.46652661278968,0.0,0.0,0.0,0.0,0.0,0.18331582659871,0.0,0.0,0.18331582659871,0.0,0.0,0.0,1.8331582659871002,0.18331582659871,0.0,0.0,0.0,0.18331582659871,0.0,0.0,0.54994747979613,0.0,0.0,2.56642157238194,0.0,0.0,0.0,2.566421572381941,0.0,0.0,0.0,0.0,0.18331582659871,0.18331582659871,0.18331582659871,0.0,0.54994747979613,0.0,0.0,0.0,0.0,0.18331582659871,0.18331582659871,0.18331582659871,0.0,0.18331582659871,0.0,0.0,0.0,0.0,0.18331582659871,0.0,0.0,0.0,1.6498424393883901,0.36663165319742,0.0,0.0,0.0,0.36663165319742,0.0,0.0,0.0,0.0,0.0,0.0,0.0,0.0,0.91657913299355,1.28321078619097,0.36663165319742,0.0,0.9165791329935501,0.0,0.0,0.0,0.0,0.0,0.0,0.0,0.0,0.36663165319742,0.0,0.0,0.0,0.0,0.36663165319742,0.0,0.54994747979613,0.0,0.0,0.0,0.0,0.9165791329935501,0.0,0.0,0.0,0.0,0.0,0.18331582659871,0.0,0.18331582659871,0.36663165319742,0.0,0.0,0.0,0.36663165319742,0.0,0.18331582659871,0.0,0.0,0.0,0.18331582659871,0.0,0.0,0.0,0.0,0.0,0.91657913299355,0.0,1.09989495959226,0.0,0.0,0.18331582659871,0.0,0.0,0.36663165319742,0.0,0.0,0.0,0.18331582659871,0.0,0.0,0.0,0.0,0.0,0.0,0.0,0.0,0.0,1.46652661278968,0.0,0.0,0.0,0.0,0.0,0.0,0.0,0.0,0.0,0.36663165319742,0.0,0.0,8.799159676738086,0.0,0.18331582659871,0.0,0.0,0.0,4.0329481851716205,0.0,0.0,0.18331582659871,0.0,0.0,0.0,0.0,0.0,0.18331582659871,0.0,0.0,0.0,0.0,0.36663165319742,0.0,0.0,0.0,0.0,0.0,0.18331582659871,0.0,1.28321078619097,0.0,0.0,0.0,0.0,0.0,0.0,0.0,0.0,0.0
0.0,0.36663165319742,0.0,0.0,0.0,0.0,0.0,0.18331582659871,0.0,0.18331582659871,0.18331582659871,0.18331582659871,0.0,0.36663165319742,0.0,0.0,0.18331582659871,0.0,0.18331582659871,0.0,0.0,0.54994747979613,0.18331582659871,0.0,0.0,0.0,0.0,0.0,0.0,0.0,0.0,0.0,0.0,0.0,0.0,0.0,0.0,0.0,0.0,0.0,0.0,0.0,0.0,0.18331582659871,0.0,0.18331582659871,0.0,0.18331582659871,0.0,0.0,0.0,0.0,0.0,0.54994747979613,0.73326330639484,0.0,0.0,0.0,0.0,0.0,0.36663165319742,0.0,0.0,0.0,0.18331582659871,0.18331582659871,0.0,0.0,0.0,0.0,0.0,0.0,0.0,0.0,0.0,0.0,0.0,0.0,0.73326330639484,0.0,0.0,0.36663165319742,0.0,0.0,0.0,0.0,2.19978991918452,0.0,0.0,0.18331582659871,0.0,0.0,0.0,0.0,0.0,4.399579838369047,0.0,0.0,0.0,0.18331582659871,0.0,0.0,0.0,0.0,0.18331582659871,0.0,0.0,0.0,0.18331582659871,0.0,0.0,0.0,0.54994747979613,0.18331582659871,0.0,0.0,0.0,1.6498424393883901,0.18331582659871,0.0,0.0,0.0,0.0,0.0,0.0,0.0,0.18331582659871,0.0,0.0,0.0,0.0,0.0,0.0,1.6498424393883901,0.0,0.18331582659871,0.0,0.0,0.18331582659871,0.36663165319742,0.0,0.0,0.36663165319742,0.0,0.0,0.18331582659871,0.0,0.0,0.0,1.8331582659871002,0.0,0.0,0.0,0.0,0.0,0.0,0.0,0.0,0.0,0.18331582659871,0.0,0.0,0.0,0.0,0.18331582659871,0.0,0.0,0.0,0.0,0.0,0.0,0.18331582659871,0.0,0.0,0.0,0.0,0.0,0.18331582659871,0.0,0.0,0.0,0.0,0.0,0.0,0.0,0.0,0.0,0.0,0.0,0.0,0.0,0.0,0.0,0.0,0.0,0.0,0.0,0.0,2.5664215723819415,0.0,0.0,0.0,0.0,0.0,0.0,0.0,0.0,0.0,0.0,0.18331582659871,0.0,0.0,0.0,0.0,0.0,0.0,0.0,0.0,0.0,0.0,0.0,0.0,0.0,0.0,0.0,0.0,0.0,0.0,0.0,0.0,0.0,0.0,0.0,4.032948185171625,0.0,0.0,0.0,0.0,0.0,0.0,0.0,0.0,0.18331582659871,0.18331582659871,0.0,0.0,0.0,0.0,0.0,0.0,0.0,0.18331582659871,0.0,0.0,0.0,0.0,0.18331582659871,0.0,0.0,0.0,0.0,0.0,0.18331582659871,0.0,0.0,0.0,0.54994747979613,0.18331582659871,0.0,0.0,0.73326330639484,0.0,0.0,0.0,0.0,0.0,0.36663165319742,0.0,0.0,0.0,0.0,0.0,0.0,0.0,0.0,0.0,0.0,0.0,0.18331582659871,0.0,0.0,0.0,0.0,0.0,0.0,0.0,0.0,0.0,0.18331582659871,0.0,0.0,0.0,0.36663165319742,0.0,0.0,0.54994747979613,0.0,0.0,0.0,0.0,0.18331582659871,0.0,0.73326330639484,0.0,0.0,0.0,0.0,0.0,0.0,0.0,0.18331582659871,0.0,0.0,0.0,0.0,0.0,0.0,0.0,0.0,0.0,0.0,0.18331582659871,0.36663165319742,0.0,0.0,0.0,0.0,0.0,0.0,0.0,0.18331582659871,0.0,0.0,0.0,0.54994747979613
0.18331582659871,0.0,0.0,0.0,0.0,0.0,0.0,0.0,0.0,0.0,0.36663165319742,0.18331582659871,0.36663165319742,0.0,0.36663165319742,0.0,0.0,0.18331582659871,0.0,0.0,0.0,0.0,0.36663165319742,0.36663165319742,0.0,0.0,0.18331582659871,0.0,0.0,0.0,0.0,0.0,0.0,0.0,0.0,0.0,0.0,0.0,0.0,0.0,0.0,0.0,0.18331582659871,0.18331582659871,0.18331582659871,0.0,0.0,0.36663165319742,0.0,0.0,0.0,0.0,0.0,0.0,0.0,0.0,0.0,0.0,0.0,0.0,4.94952731816518,0.73326330639484,0.0,0.0,0.0,0.0,0.0,0.18331582659871,0.0,1.09989495959226,0.0,0.18331582659871,0.0,0.0,0.0,0.0,0.18331582659871,0.18331582659871,0.0,0.0,0.0,0.0,0.0,0.0,0.0,0.0,0.0,0.0,0.0,0.0,0.0,0.0,0.0,0.0,0.18331582659871,0.0,0.9165791329935501,0.0,0.0,0.0,0.0,0.0,0.18331582659871,0.0,0.0,0.0,0.0,0.0,0.0,0.0,0.0,0.0,0.18331582659871,0.0,0.0,0.0,0.0,0.0,0.0,0.0,0.18331582659871,0.36663165319742,0.0,0.0,0.0,0.0,0.0,0.18331582659871,0.0,0.0,0.0,0.0,0.0,0.0,0.0,0.0,0.0,0.0,0.0,0.18331582659871,0.54994747979613,0.18331582659871,0.0,0.0,0.0,0.0,0.0,0.0,0.0,0.0,0.0,0.0,0.0,0.0,0.0,0.0,0.0,0.0,0.0,0.0,0.0,0.0,0.0,0.18331582659871,0.0,0.0,0.0,0.73326330639484,0.0,0.0,0.0,0.0,0.0,0.0,0.0,0.0,0.0,0.18331582659871,0.0,0.0,0.0,0.0,0.36663165319742,0.0,0.0,0.0,0.0,0.0,0.0,0.36663165319742,0.0,0.0,0.0,0.0,0.0,0.18331582659871,0.18331582659871,0.0,0.0,0.0,0.0,0.0,0.0,0.0,0.0,0.0,0.0,0.0,0.0,0.0,0.0,0.0,0.0,0.0,0.0,0.0,0.0,0.0,0.0,0.0,0.0,0.0,0.0,0.0,0.0,0.0,0.36663165319742,0.0,0.0,0.0,0.0,0.0,0.0,0.0,0.0,0.0,0.0,0.18331582659871,0.0,0.0,0.0,0.0,0.18331582659871,0.0,0.0,0.0,0.0,0.18331582659871,0.0,0.0,0.0,0.0,0.0,0.0,0.0,0.0,0.0,0.0,0.0,0.0,0.0,2.93305322557936,0.0,0.0,0.0,0.0,0.0,0.0,0.0,0.0,0.0,0.0,0.18331582659871,0.0,0.0,0.0,0.0,0.0,0.0,0.0,0.0,0.0,0.0,0.0,0.0,0.0,0.0,0.0,0.0,0.0,0.0,0.18331582659871,0.0,0.0,0.0,0.0,0.0,0.0,0.0,0.0,0.0,0.0,0.18331582659871,0.0,0.0,0.0,0.0,0.0,0.0,0.0,0.0,0.0,0.0,0.0,0.0,0.0,0.0,0.0,0.0,0.0,0.0,0.0,0.0,0.0,0.0,0.0,0.0,0.0,0.0,0.0,0.0,0.0,0.0,0.0,0.0,0.0,0.0,0.0,0.0,0.0,0.0,0.0,0.0,0.0,0.0
0.0,1.09989495959226,0.0,0.18331582659871,0.54994747979613,0.0,7.515948890547111,0.0,0.0,2.933053225579361,0.0,0.0,0.0,0.18331582659871,0.0,0.0,0.0,0.18331582659871,0.0,0.0,0.0,0.0,0.0,1.09989495959226,0.0,0.0,0.54994747979613,0.0,0.18331582659871,0.0,0.0,0.0,0.0,0.0,0.0,0.0,0.0,0.0,0.0,0.0,0.36663165319742,0.0,0.0,0.0,0.18331582659871,0.36663165319742,0.36663165319742,0.0,0.0,0.18331582659871,0.0,0.0,0.9165791329935501,0.36663165319742,0.36663165319742,0.0,0.0,0.0,0.0,0.0,0.0,0.18331582659871,0.0,0.0,0.0,0.0,0.54994747979613,0.18331582659871,0.0,0.0,0.0,0.0,0.18331582659871,0.9165791329935501,0.0,0.0,0.0,0.0,0.0,0.0,0.36663165319742,0.0,0.0,0.0,0.0,0.0,0.0,0.0,0.0,0.0,0.0,0.0,0.0,0.0,1.64984243938839,0.0,0.0,3.6663165319742004,0.0,0.18331582659871,0.54994747979613,0.0,0.0,0.0,0.0,0.0,0.0,0.0,0.0,0.0,0.0,0.0,0.0,0.0,0.0,0.0,0.0,0.0,0.0,0.0,0.0,0.54994747979613,0.0,0.0,0.0,0.0,0.0,0.0,0.0,0.0,0.0,0.0,0.0,0.0,0.0,0.0,0.0,0.0,0.0,0.0,0.0,0.0,0.18331582659871,0.0,0.0,0.0,0.0,1.09989495959226,0.0,0.0,0.0,0.0,0.0,0.73326330639484,0.0,0.0,0.0,0.0,0.0,0.0,0.0,0.0,0.0,0.0,0.0,0.18331582659871,0.0,0.0,0.0,0.0,0.0,0.0,0.0,0.0,0.0,0.54994747979613,0.0,2.0164740925858102,0.0,0.0,0.0,0.0,0.0,0.0,0.0,0.0,0.36663165319742,0.36663165319742,0.0,0.0,0.0,0.0,0.0,0.54994747979613,0.0,0.0,0.0,0.0,0.0,0.0,0.0,0.0,0.0,0.0,0.0,0.0,0.0,0.0,5.682790624560015,0.0,0.0,0.0,0.0,0.0,0.0,0.0,0.18331582659871,0.0,0.0,0.0,0.0,0.0,0.0,0.0,0.0,0.0,0.0,0.0,0.0,0.0,0.18331582659871,0.0,0.0,0.0,0.0,0.0,0.0,0.0,0.0,0.0,0.18331582659871,0.0,0.0,0.0,0.0,0.0,0.0,0.0,0.0,0.0,0.18331582659871,0.0,0.0,0.18331582659871,0.0,0.0,0.0,0.0,0.0,0.0,0.0,0.0,0.0,0.0,0.0,0.0,0.0,0.0,0.0,0.0,0.0,0.0,0.18331582659871,0.0,0.0,0.0,0.0,0.0,0.0,0.0,0.0,0.0,0.0,0.0,0.0,0.0,0.0,0.0,0.0,0.0,0.0,0.0,0.0,0.0,0.18331582659871,0.0,0.0,0.0,0.0,0.0,0.0,0.0,0.0,0.0,0.0,0.0,0.0,0.0,0.0,0.0,0.0,0.0,0.0,0.0,0.0,0.0,0.0,0.0,0.0,0.0,0.0,0.0,0.0,0.0,0.0,0.0,0.0,0.18331582659871,0.0,0.0,0.0,0.0,0.0,0.0,0.0,0.0,0.18331582659871,0.0,0.0,0.0,0.0,0.0,0.0,0.0,0.0
0.0,0.0,0.0,0.0,0.18331582659871,0.0,0.0,0.0,0.0,0.0,0.18331582659871,0.0,0.0,0.18331582659871,0.18331582659871,0.0,0.0,0.18331582659871,0.18331582659871,0.18331582659871,0.0,1.28321078619097,0.0,0.0,1.28321078619097,0.0,0.0,1.09989495959226,0.0,0.0,0.0,0.0,0.0,0.0,0.0,0.0,0.0,0.0,0.0,0.0,0.0,0.0,0.0,0.0,0.0,0.0,0.0,0.0,0.0,0.0,0.0,0.0,0.0,0.18331582659871,0.0,0.0,0.0,0.0,0.0,0.0,0.0,0.0,0.0,0.0,0.0,0.0,0.0,0.0,0.0,0.0,0.0,0.0,0.0,0.0,0.0,0.0,0.0,0.0,0.0,0.0,0.0,0.0,0.0,1.6498424393883901,0.0,0.0,0.54994747979613,0.0,0.0,0.0,0.36663165319742,0.0,0.18331582659871,0.0,0.36663165319742,0.0,0.0,0.0,1.28321078619097,0.0,0.0,0.0,0.0,0.0,0.0,0.0,0.0,0.0,0.0,0.54994747979613,0.0,0.0,0.0,0.36663165319742,0.0,0.0,0.0,0.0,0.0,0.0,0.0,0.36663165319742,0.0,0.0,0.0,0.0,0.0,0.18331582659871,0.0,0.0,0.0,0.0,0.0,0.36663165319742,0.0,0.0,0.0,0.0,0.0,0.36663165319742,0.0,0.18331582659871,0.0,0.0,0.0,0.0,0.0,0.0,0.0,0.0,0.0,0.18331582659871,0.0,0.0,0.0,0.0,0.0,0.0,0.0,0.0,0.0,0.0,0.0,0.0,0.18331582659871,0.36663165319742,0.18331582659871,0.0,0.0,0.0,0.0,0.0,0.0,0.0,0.0,0.0,0.0,0.36663165319742,0.0,0.0,0.0,0.0,0.18331582659871,0.0,0.0,0.18331582659871,0.0,0.0,1.46652661278968,0.0,0.0,0.0,0.0,0.18331582659871,0.0,0.0,0.36663165319742,0.0,0.0,0.0,0.0,0.0,0.0,0.0,0.0,0.18331582659871,0.0,0.0,0.0,0.0,0.0,0.0,0.0,0.0,0.0,0.0,0.0,1.28321078619097,0.0,0.0,0.0,0.0,0.0,0.0,0.0,0.0,0.0,0.0,0.0,0.0,0.0,0.0,0.0,0.0,0.0,0.9165791329935512,0.0,0.0,0.0,0.0,0.18331582659871,0.0,0.0,0.0,0.0,0.0,0.0,0.0,0.0,0.0,0.0,0.0,0.0,0.0,0.0,0.0,0.0,0.0,0.0,0.0,0.0,0.0,0.0,0.0,0.0,0.0,0.0,0.0,0.0,0.0,0.0,0.0,0.0,0.0,0.0,0.18331582659871,0.0,0.0,0.0,0.0,0.0,0.0,0.0,0.0,0.0,0.0,0.0,0.0,0.0,0.0,0.0,0.0,0.0,0.0,0.0,0.0,0.0,0.0,0.0,0.0,0.0,0.0,0.0,0.0,0.0,0.0,0.0,0.0,0.0,0.0,0.0,0.0,0.18331582659871,0.0,0.0,0.0,0.0,0.0,0.0,0.0,0.0,0.0,0.0,0.0,0.0,0.0,0.0,0.0,0.0,0.0,0.0,0.0,0.0,0.0,0.0,0.0,0.0,0.0,0.0,0.0,0.0,0.0,0.0,0.0,0.0
0.0,0.0,0.0,0.0,0.0,0.0,0.0,0.0,0.0,0.0,0.0,0.0,0.0,0.18331582659871,0.0,0.0,0.18331582659871,0.0,0.0,0.0,0.0,0.9165791329935501,0.0,0.18331582659871,0.18331582659871,0.0,0.0,0.0,0.0,0.0,0.0,0.0,0.0,0.0,0.0,0.0,0.0,0.0,0.0,0.0,0.0,0.0,0.0,0.0,0.0,0.0,0.0,0.0,0.0,0.18331582659871,0.0,0.0,0.0,0.54994747979613,0.0,0.0,0.0,0.0,0.0,0.0,0.73326330639484,0.0,0.36663165319742,0.0,0.0,0.18331582659871,0.0,0.0,0.0,0.0,0.73326330639484,0.0,0.0,0.0,0.0,0.0,0.0,0.0,0.0,0.0,0.0,0.0,0.0,0.0,0.0,0.0,0.0,0.0,0.0,0.0,0.0,0.0,0.0,0.0,0.0,1.28321078619097,0.0,0.0,0.18331582659871,4.032948185171615,0.0,0.0,0.0,2.0164740925858102,0.18331582659871,0.0,0.0,0.0,0.0,0.0,0.0,0.0,0.18331582659871,0.0,0.0,0.0,0.0,0.0,0.0,0.0,0.0,0.0,0.0,0.0,0.0,0.0,3.2996848787767803,0.0,0.0,0.0,0.0,0.0,0.0,0.0,0.0,0.18331582659871,0.0,0.0,1.6498424393883901,2.93305322557936,0.0,0.0,0.0,0.9165791329935501,0.0,0.0,0.18331582659871,0.0,1.09989495959226,0.0,0.0,0.18331582659871,0.0,0.0,0.0,0.0,0.0,0.0,0.0,0.0,0.0,6.232738104356144,0.0,0.0,12.465476208712284,0.18331582659871,0.0,0.0,0.0,0.0,0.0,0.0,0.0,0.0,0.0,0.0,0.0,0.73326330639484,0.0,0.0,0.0,0.0,0.0,0.0,0.0,0.0,0.0,0.0,0.0,0.0,0.0,0.0,0.0,0.54994747979613,0.0,0.0,0.18331582659871,0.0,0.0,0.0,0.0,0.0,0.0,0.0,0.0,0.0,0.0,0.0,0.0,0.0,0.0,0.0,0.0,0.0,0.0,0.0,0.0,0.0,0.0,0.0,0.0,0.0,0.0,0.0,0.0,0.0,0.0,0.0,0.0,0.0,0.0,0.0,0.0,0.0,0.0,0.0,0.0,0.0,0.0,0.0,0.0,0.0,0.0,0.0,0.0,0.0,0.0,0.0,0.0,0.0,0.0,0.0,0.0,0.0,0.0,0.0,0.54994747979613,0.0,0.0,0.0,0.0,0.0,0.0,0.0,0.18331582659871,0.0,0.0,0.0,0.0,0.0,0.0,0.0,0.0,0.0,0.0,0.0,0.0,0.0,0.0,0.0,0.0,0.0,4.21626401177033,0.0,0.0,0.0,0.0,0.0,1.28321078619097,0.0,0.0,0.0,0.0,0.0,0.0,0.36663165319742,0.0,0.0,0.0,0.0,0.0,0.0,0.0,0.0,0.0,0.0,0.18331582659871,0.36663165319742,0.0,0.0,0.0,0.0,0.0,0.0,0.0,0.0,0.0,0.0,0.0,3.8496323585729124,0.0,0.0,0.0,0.0,0.0,0.0,0.0,0.0,0.0,0.0,0.0,0.0,0.0,0.0,0.9165791329935501,0.0,0.0,0.0,0.0,0.0,0.0,0.0,0.0,0.0,0.0
0.0,0.0,0.0,0.0,0.0,0.0,0.18331582659871,0.0,0.0,3.6663165319742,0.18331582659871,0.0,0.0,0.0,0.54994747979613,0.18331582659871,0.0,0.18331582659871,0.0,0.0,0.18331582659871,0.0,0.0,0.18331582659871,0.0,0.0,0.0,0.18331582659871,0.0,0.0,0.0,0.0,0.0,0.0,0.0,0.0,0.0,0.0,0.0,0.18331582659871,0.18331582659871,0.0,0.0,0.0,0.54994747979613,0.18331582659871,0.0,1.46652661278968,0.18331582659871,0.0,0.0,0.0,0.0,1.28321078619097,0.73326330639484,0.0,0.0,0.0,0.0,0.0,0.36663165319742,0.73326330639484,0.0,0.0,0.0,0.18331582659871,0.36663165319742,0.54994747979613,0.0,0.0,0.0,0.36663165319742,0.0,0.54994747979613,0.0,0.0,0.0,0.0,0.0,0.0,0.0,0.18331582659871,0.0,0.0,0.0,0.0,0.0,0.0,0.18331582659871,0.0,0.0,0.0,0.18331582659871,0.0,2.5664215723819397,0.0,0.18331582659871,5.682790624560019,0.0,0.0,2.7497373989806495,0.0,0.18331582659871,0.0,0.0,0.0,0.0,0.0,0.0,0.36663165319742,0.0,0.0,0.0,0.0,0.0,0.0,0.0,0.0,0.0,0.18331582659871,0.18331582659871,0.36663165319742,0.0,0.0,0.18331582659871,0.0,0.0,0.0,0.0,0.0,0.0,0.36663165319742,0.0,0.18331582659871,0.0,0.18331582659871,0.0,0.0,0.0,0.0,0.36663165319742,0.0,0.0,0.0,0.0,0.0,0.0,0.0,0.18331582659871,0.0,0.0,0.0,0.0,0.54994747979613,0.0,0.18331582659871,0.0,0.0,0.0,0.0,0.0,0.0,0.0,0.0,0.18331582659871,0.0,0.18331582659871,0.0,0.0,0.0,1.28321078619097,0.0,0.0,0.0,0.0,0.0,0.0,1.09989495959226,0.0,0.0,0.0,0.0,0.0,0.0,0.0,0.0,0.0,0.0,0.0,0.73326330639484,0.18331582659871,0.0,0.18331582659871,0.18331582659871,0.0,0.18331582659871,0.0,0.0,0.0,0.18331582659871,0.0,0.0,0.0,0.0,0.36663165319742,0.0,0.0,0.0,2.93305322557936,0.0,0.0,0.0,0.0,0.0,0.0,0.0,0.0,0.0,0.0,0.0,0.0,0.0,0.36663165319742,0.0,1.46652661278968,0.0,0.18331582659871,0.0,0.0,0.0,0.0,0.0,0.0,0.0,0.0,0.0,0.0,0.0,0.0,0.0,0.18331582659871,0.0,0.0,0.0,0.0,0.0,0.18331582659871,0.0,0.0,0.0,0.0,0.0,0.0,0.0,0.0,0.0,0.0,0.0,0.18331582659871,0.0,0.18331582659871,0.0,0.0,0.0,0.0,0.0,0.0,0.0,0.0,0.18331582659871,0.0,0.0,0.0,0.0,0.0,0.18331582659871,0.0,0.0,0.0,0.0,0.0,0.0,0.0,0.0,0.0,0.0,0.0,0.0,0.0,0.0,0.0,0.0,0.0,0.0,0.18331582659871,0.0,0.0,0.0,0.0,0.0,0.0,0.0,0.0,0.0,0.0,0.0,0.0,0.0,0.0,0.0,0.0,0.0,0.0,0.54994747979613,0.0,0.0,0.0,0.0,0.0,0.0,0.0,0.0,0.0,0.0,0.0,0.0,0.0,0.0,0.0,0.0,0.0,0.0,0.0,0.0,0.0,0.0,0.0,0.0,0.0,0.0,0.0,0.18331582659871,0.0,0.0,0.0
0.91657913299355,2.566421572381935,0.0,0.0,0.36663165319742,0.0,0.18331582659871,0.0,0.0,0.36663165319742,1.28321078619097,0.73326330639484,0.36663165319742,0.0,0.9165791329935501,0.36663165319742,0.0,0.36663165319742,0.0,0.36663165319742,0.0,0.0,0.0,0.0,0.0,0.0,0.36663165319742,0.36663165319742,0.36663165319742,0.0,0.0,0.0,0.0,0.0,0.0,0.0,0.91657913299355,0.0,0.0,0.0,0.36663165319742,0.0,0.36663165319742,0.18331582659871,0.18331582659871,0.18331582659871,0.0,3.483000705375491,0.0,1.8331582659871002,0.18331582659871,0.0,0.0,0.0,1.4665266127896799,0.36663165319742,0.0,0.0,0.0,0.0,0.0,0.54994747979613,0.0,0.0,0.0,0.0,0.0,0.36663165319742,0.0,0.36663165319742,0.0,1.09989495959226,0.18331582659871,0.0,0.0,0.0,0.0,0.0,0.0,0.0,0.0,0.0,0.0,0.0,0.0,1.09989495959226,0.0,0.0,0.54994747979613,0.18331582659871,0.0,0.0,0.0,0.0,1.28321078619097,0.0,0.18331582659871,0.0,0.0,0.0,0.0,7.5159488905471195,0.0,0.0,0.0,0.0,0.0,0.0,0.0,0.18331582659871,0.0,0.0,0.0,0.0,0.0,0.0,0.0,0.0,0.0,0.0,0.0,4.03294818517162,0.0,0.0,0.36663165319742,0.0,0.0,1.09989495959226,0.0,0.0,0.0,0.54994747979613,0.0,0.0,0.0,0.0,0.54994747979613,0.0,0.0,0.0,0.18331582659871,0.0,2.3831057457832348,0.0,0.0,0.0,0.91657913299355,0.0,0.0,0.0,0.0,0.0,0.0,0.18331582659871,0.0,0.18331582659871,0.0,0.0,0.0,0.0,0.0,0.0,1.09989495959226,0.0,0.0,0.0,0.0,0.0,0.18331582659871,0.0,0.0,0.0,0.0,0.0,0.18331582659871,0.0,0.0,0.36663165319742,0.0,0.0,0.0,0.54994747979613,0.0,0.0,0.0,0.0,0.0,0.0,0.0,0.0,0.18331582659871,0.18331582659871,0.0,0.0,0.0,0.18331582659871,0.0,0.0,0.0,0.0,0.0,0.0,0.0,0.0,0.18331582659871,0.0,0.0,0.0,0.0,0.0,0.0,0.0,0.0,0.0,0.18331582659871,0.0,0.0,0.0,0.0,0.0,0.18331582659871,0.0,0.0,0.0,0.0,0.0,0.0,0.0,0.0,0.0,0.0,0.0,0.0,0.0,0.0,0.18331582659871,0.0,0.0,0.0,0.0,0.0,0.0,0.0,0.0,0.0,0.0,0.0,0.73326330639484,0.0,0.0,0.0,0.0,0.0,0.0,0.0,0.0,0.0,0.0,0.0,0.0,0.0,0.0,0.0,0.0,0.0,0.0,0.0,0.0,0.0,0.0,0.0,0.0,0.18331582659871,0.0,0.0,0.0,0.0,0.0,0.0,0.0,0.18331582659871,0.0,0.0,0.0,0.0,0.0,0.0,0.0,0.0,0.0,0.0,0.0,0.0,0.0,0.0,0.0,0.0,0.0,0.0,0.0,0.0,0.0,0.0,0.0,0.0,0.0,0.0,0.0,0.0,0.0,0.0,0.0,0.0,0.0,0.0,0.0,0.0,0.0,0.0,0.0,0.0,0.0,0.0,0.0,0.0,0.0,0.0,0.0,0.0,0.0,0.0,0.0,0.0,0.0,0.0,0.0,0.0,0.0,0.0,0.0,0.0,0.0,0.0,0.0,0.0
0.18331582659871,0.54994747979613,0.18331582659871,0.18331582659871,0.0,0.18331582659871,0.18331582659871,0.0,0.18331582659871,0.0,0.73326330639484,0.18331582659871,0.36663165319742,0.73326330639484,0.0,0.0,0.0,1.28321078619097,0.0,0.0,0.54994747979613,0.0,0.73326330639484,0.18331582659871,0.0,0.0,0.18331582659871,0.0,0.18331582659871,0.54994747979613,0.0,0.0,0.9165791329935501,0.0,0.0,0.0,0.36663165319742,0.0,0.0,0.0,0.18331582659871,0.0,0.0,0.9165791329935501,0.0,1.09989495959226,0.0,0.18331582659871,0.0,1.28321078619097,0.0,0.0,0.0,0.18331582659871,0.0,0.18331582659871,0.0,0.18331582659871,0.0,0.0,0.36663165319742,0.18331582659871,0.0,0.0,0.0,0.0,0.0,1.46652661278968,0.0,0.18331582659871,0.0,1.8331582659871,0.0,0.0,0.18331582659871,0.0,0.0,0.0,0.0,0.0,0.36663165319742,0.0,0.0,0.0,0.0,0.0,0.0,0.0,1.09989495959226,0.0,0.0,0.0,0.0,0.0,0.0,0.0,0.18331582659871,0.0,0.0,0.0,0.18331582659871,0.0,2.74973739898065,0.0,0.0,0.0,0.0,0.0,0.0,0.0,0.0,0.0,0.0,0.0,0.9165791329935501,0.0,0.18331582659871,0.54994747979613,0.18331582659871,0.0,0.0,0.9165791329935501,0.18331582659871,0.0,2.5664215723819397,0.0,0.0,0.0,0.0,0.0,0.0,0.0,0.0,1.0998949595922611,0.73326330639484,0.0,0.18331582659871,0.0,0.0,0.0,0.0,0.0,0.0,0.0,0.0,0.0,0.54994747979613,0.0,0.0,0.0,0.18331582659871,0.0,0.0,0.0,0.0,0.36663165319742,0.0,0.0,0.0,0.0,0.0,0.0,0.91657913299355,0.0,0.0,0.0,0.0,0.9165791329935501,0.0,0.0,0.0,0.0,0.0,0.0,0.0,0.0,0.0,0.73326330639484,0.0,0.0,0.0,0.0,0.0,0.18331582659871,0.18331582659871,0.0,0.54994747979613,0.0,0.0,0.9165791329935512,0.0,0.91657913299355,0.0,0.0,0.0,0.54994747979613,0.18331582659871,0.0,0.0,0.54994747979613,0.0,0.0,0.18331582659871,0.0,0.18331582659871,0.0,0.0,0.0,0.0,0.0,0.0,0.0,0.18331582659871,0.0,0.54994747979613,0.0,0.0,0.0,0.0,0.0,0.0,0.0,0.9165791329935501,3.8496323585729106,0.0,0.0,1.4665266127896799,0.0,0.18331582659871,0.0,0.0,0.0,0.0,0.73326330639484,0.0,0.0,0.0,0.0,0.0,0.0,0.0,0.0,0.18331582659871,0.0,0.0,0.0,0.0,0.0,0.0,0.0,0.0,0.0,0.0,0.0,0.0,0.0,0.0,0.0,0.18331582659871,0.0,0.0,0.0,0.18331582659871,0.0,0.0,0.0,0.0,0.0,0.0,0.0,0.0,0.0,0.0,2.1997899191845196,0.36663165319742,0.0,0.0,0.0,0.0,0.0,0.0,0.0,0.0,0.0,0.0,0.18331582659871,0.0,0.0,0.0,0.0,0.0,0.9165791329935512,0.0,0.0,0.0,0.0,0.0,0.0,0.0,0.0,0.0,0.0,0.0,0.0,0.0,0.0,0.0,0.0,0.0,0.0,0.18331582659871,0.0,0.0,0.0,0.0,0.36663165319742,0.0,0.0,0.0,0.0,0.0,0.0,0.0,0.0,0.18331582659871,0.0,0.0,1.6498424393883901,0.0,0.0,0.0,0.0,0.0,0.0,0.0,0.0,0.0,0.0,0.0,0.0,0.0,0.0,0.0,0.0,0.0
0.0,0.0,0.0,0.0,0.0,0.0,0.73326330639484,0.0,0.0,0.0,0.18331582659871,0.0,0.0,0.0,0.0,0.0,0.0,0.0,0.0,0.0,0.0,0.0,0.0,0.0,0.0,0.0,0.0,0.0,0.0,0.0,0.0,0.0,0.0,0.0,0.0,0.0,0.0,0.0,0.0,0.0,0.0,0.0,0.0,0.0,0.0,0.0,0.0,0.0,0.0,0.0,0.0,0.0,0.0,0.0,0.0,0.0,0.0,0.0,0.0,0.0,0.18331582659871,0.0,0.18331582659871,0.0,0.0,0.18331582659871,0.0,0.0,0.0,0.0,0.0,0.0,0.0,0.0,0.0,0.0,0.0,0.0,0.0,0.0,0.0,0.0,0.0,0.0,0.0,0.0,0.0,0.0,0.0,0.0,0.18331582659871,0.0,0.0,0.0,0.0,0.18331582659871,0.0,0.0,0.0,0.73326330639484,0.0,0.0,0.0,0.36663165319742,0.0,0.18331582659871,0.0,0.0,0.0,0.0,0.0,0.0,0.0,0.36663165319742,0.0,0.0,0.0,0.0,0.18331582659871,0.0,0.0,0.0,0.0,0.0,0.0,0.0,0.0,0.0,0.0,0.0,0.0,0.0,0.0,0.0,0.0,0.0,0.0,0.0,0.18331582659871,0.54994747979613,0.0,0.0,0.0,0.0,0.0,0.0,0.0,0.0,0.0,0.18331582659871,0.0,0.0,0.0,0.0,0.0,0.0,0.0,0.0,0.0,0.0,0.0,0.0,0.0,0.0,2.3831057457832303,0.0,0.0,0.0,0.0,0.0,0.18331582659871,0.0,0.0,0.0,0.0,0.0,0.0,0.0,0.0,0.0,0.0,0.0,0.0,0.0,0.0,0.18331582659871,0.0,0.0,0.0,0.0,0.0,0.0,0.0,0.18331582659871,0.0,0.0,0.0,0.0,0.0,0.0,0.0,0.0,0.0,0.0,0.0,0.0,0.0,0.0,0.0,0.0,0.0,0.0,0.0,0.0,0.0,0.0,0.0,0.0,0.0,0.0,0.0,0.0,0.0,0.0,0.0,0.0,0.0,0.0,0.0,0.0,0.0,0.0,0.0,0.0,0.0,0.0,0.0,0.0,0.0,0.0,0.18331582659871,0.0,0.0,0.0,0.0,0.0,0.0,0.0,0.0,0.0,0.0,0.0,0.0,0.0,0.0,0.0,0.18331582659871,0.0,0.0,0.0,0.0,0.0,0.0,0.0,0.0,0.0,0.18331582659871,0.0,0.0,0.0,0.0,0.0,0.0,0.0,0.0,0.0,0.0,0.0,0.0,0.0,0.0,0.0,0.0,0.0,0.0,0.0,0.0,0.0,0.0,0.0,0.0,0.0,0.0,0.0,0.0,0.0,0.0,0.0,0.0,0.0,0.0,0.0,0.0,0.0,0.0,0.18331582659871,0.0,0.0,0.0,0.0,0.0,0.0,0.18331582659871,0.0,0.0,0.0,0.0,0.0,0.0,0.0,0.0,0.0,0.0,0.0,0.0,0.0,0.0,0.0,0.0,0.0,0.0,0.0,0.0,0.0,0.0,0.0,0.0,0.0,0.0,0.0,0.36663165319742,0.0,0.0,0.0,0.0
0.0,0.18331582659871,0.0,0.0,0.0,2.0164740925858102,0.0,0.0,0.0,0.36663165319742,0.18331582659871,0.0,0.0,0.0,0.0,0.0,0.18331582659871,0.0,0.0,0.0,0.73326330639484,0.73326330639484,0.18331582659871,0.0,0.0,0.0,0.0,0.0,0.0,0.9165791329935501,0.0,0.0,0.0,0.0,0.0,0.0,0.0,0.0,0.0,0.0,0.0,0.0,0.0,0.0,0.18331582659871,0.0,0.9165791329935501,0.0,0.0,0.0,0.0,0.0,0.0,0.18331582659871,0.0,0.18331582659871,0.18331582659871,0.0,0.0,0.0,0.0,0.18331582659871,0.0,0.0,0.18331582659871,0.0,0.0,0.0,0.0,0.0,1.28321078619097,0.0,0.0,0.0,0.0,0.0,0.0,0.0,0.0,0.0,0.0,0.0,0.0,0.0,0.0,0.0,0.36663165319742,0.0,0.18331582659871,0.0,0.0,0.0,0.0,0.0,0.0,0.18331582659871,0.0,0.0,0.0,0.18331582659871,0.0,0.0,0.0,0.0,2.0164740925858102,0.0,0.0,0.0,0.0,0.0,0.0,0.0,0.18331582659871,0.0,0.0,0.0,0.0,0.18331582659871,0.0,0.0,0.0,0.0,0.0,0.0,0.18331582659871,0.0,0.0,0.0,0.0,0.0,0.0,0.0,0.0,0.54994747979613,0.0,0.18331582659871,0.0,0.0,0.36663165319742,1.6498424393883901,0.0,0.0,0.0,0.18331582659871,0.0,0.0,0.0,0.0,0.0,0.0,0.0,0.0,0.73326330639484,0.36663165319742,0.0,0.0,0.0,0.0,0.0,0.0,0.18331582659871,0.18331582659871,0.0,0.0,0.0,0.0,0.0,0.0,0.0,0.0,0.0,0.0,0.0,0.0,0.0,0.0,0.0,0.54994747979613,0.0,0.0,0.0,0.0,0.0,0.0,0.0,0.18331582659871,0.0,0.0,0.0,0.0,0.0,0.0,0.0,0.0,0.0,0.0,0.0,0.0,0.36663165319742,0.0,0.0,0.0,0.0,0.0,0.0,0.0,0.0,0.0,0.0,0.0,0.0,0.0,0.0,0.0,0.0,0.0,0.0,0.0,0.0,0.0,0.0,0.0,0.0,0.0,0.0,0.0,0.0,0.0,0.0,0.0,0.0,0.0,0.0,0.0,0.18331582659871,0.0,0.0,0.0,0.0,0.0,0.18331582659871,0.0,0.0,0.0,0.0,0.0,0.0,0.0,0.0,0.0,0.0,0.0,0.0,0.0,0.0,0.0,0.91657913299355,0.0,0.0,0.0,0.0,2.9330532255793615,0.0,0.0,0.0,0.0,0.0,0.36663165319742,0.0,0.0,1.8331582659871,0.0,0.0,0.0,0.0,0.0,0.18331582659871,0.0,0.0,0.0,0.0,0.0,0.0,0.0,0.0,0.0,0.0,0.0,0.0,0.0,0.0,0.0,0.0,0.0,0.0,0.0,0.0,0.0,0.0,0.0,0.0,0.0,0.18331582659871,0.0,0.36663165319742,0.0,0.0,0.54994747979613,0.0,0.0,0.0,0.18331582659871,0.0,0.0,0.0,0.36663165319742,0.0,0.0,0.0,0.0,0.0,0.0,0.18331582659871,0.0,0.36663165319742,0.0,0.0,0.0,0.0,0.0,0.0,0.0,0.0,0.0,1.8331582659871,0.0,0.0,0.0,0.0,0.0,0.0,0.0,0.0,0.0,0.0
0.0,0.18331582659871,0.0,0.0,0.0,0.0,22.91447832483875,0.18331582659871,0.0,0.0,0.0,0.0,0.0,0.18331582659871,0.0,0.0,0.0,0.0,0.0,0.0,0.0,0.73326330639484,0.0,0.18331582659871,0.18331582659871,0.0,0.0,0.0,0.18331582659871,0.0,0.0,0.0,0.0,0.0,0.0,0.0,0.0,0.18331582659871,0.0,0.0,0.18331582659871,0.0,0.0,0.0,0.18331582659871,0.0,0.36663165319742,0.0,0.0,0.0,0.0,0.0,0.0,12.832107861909698,0.0,0.0,0.0,0.18331582659871,0.0,0.0,1.2832107861909712,1.6498424393883913,0.18331582659871,0.0,0.18331582659871,0.54994747979613,0.0,0.18331582659871,0.0,0.0,0.18331582659871,0.73326330639484,0.0,0.0,0.0,0.0,0.0,0.0,0.0,0.0,0.0,0.0,0.0,0.0,0.0,0.0,1.8331582659871,0.0,0.0,0.18331582659871,0.0,0.0,0.0,0.0,0.0,0.36663165319742,0.0,0.0,0.0,0.0,0.0,0.0,0.0,0.0,0.18331582659871,3.6663165319741995,1.4665266127896812,0.0,0.0,0.0,0.0,0.0,0.54994747979613,0.0,0.18331582659871,0.0,0.0,0.54994747979613,0.0,0.0,0.0,0.0,0.0,0.0,0.0,0.36663165319742,0.0,0.18331582659871,0.0,0.0,0.0,0.0,0.0,0.18331582659871,0.0,0.0,0.0,0.0,0.0,0.73326330639484,0.0,0.0,0.73326330639484,0.18331582659871,0.0,0.0,0.0,0.0,0.0,0.0,0.0,0.0,0.36663165319742,0.0,0.0,0.0,0.0,0.18331582659871,0.0,0.9165791329935501,0.0,0.18331582659871,0.0,0.0,0.0,0.18331582659871,0.0,0.0,0.0,0.0,0.0,0.0,0.0,0.0,0.0,0.0,0.0,1.09989495959226,0.0,0.0,0.0,0.0,0.0,0.18331582659871,0.0,0.0,0.0,0.0,0.0,0.0,0.0,0.0,0.0,0.0,0.0,0.18331582659871,0.0,0.0,0.18331582659871,0.0,0.0,0.36663165319742,0.0,0.0,0.0,0.0,0.0,0.36663165319742,0.0,0.0,0.0,0.18331582659871,0.0,0.18331582659871,0.0,0.0,0.0,0.0,0.0,0.0,0.0,0.0,0.0,0.18331582659871,0.0,0.0,0.0,0.0,0.0,0.0,0.0,0.0,0.0,0.0,0.0,0.0,0.0,0.0,0.0,0.0,0.0,0.0,0.0,0.0,0.0,0.0,0.0,0.0,0.0,0.18331582659871,0.18331582659871,0.0,0.0,0.0,0.0,0.0,0.18331582659871,0.0,0.0,0.0,0.0,0.0,0.0,0.0,0.36663165319742,0.0,0.0,0.0,0.0,0.0,0.0,0.0,0.0,0.0,0.0,0.0,0.18331582659871,0.0,0.0,0.0,0.0,0.0,0.0,0.0,0.0,0.0,0.0,0.0,0.0,0.0,0.0,0.18331582659871,0.0,0.0,0.0,0.0,0.18331582659871,0.0,0.0,0.0,0.0,0.0,0.0,0.0,0.0,0.0,0.0,0.0,0.0,0.0,0.0,0.0,0.9165791329935501,0.0,0.0,0.0,0.0,0.0,0.0,0.0,0.18331582659871,0.0,0.0,0.0,0.0,0.0,0.0,0.0,0.0,0.0,0.0,0.0,0.0,0.0,0.0,0.18331582659871,0.36663165319742,0.0,0.0,0.0,0.0,0.0,0.0,0.36663165319742,0.0
0.0,0.18331582659871,0.0,1.28321078619097,0.18331582659871,0.36663165319742,1.09989495959226,0.0,0.0,0.18331582659871,0.36663165319742,0.18331582659871,0.0,2.383105745783231,0.0,0.0,0.0,4.216264011770329,0.0,0.0,0.18331582659871,0.0,0.18331582659871,0.18331582659871,0.54994747979613,0.0,0.0,0.0,0.0,0.0,0.0,0.0,0.0,0.0,0.0,0.0,0.0,0.18331582659871,0.0,0.0,0.36663165319742,0.18331582659871,0.0,0.9165791329935501,0.0,0.0,0.9165791329935501,0.18331582659871,0.18331582659871,0.18331582659871,0.18331582659871,0.18331582659871,0.36663165319742,0.54994747979613,0.0,0.0,0.18331582659871,0.0,0.0,0.0,0.18331582659871,0.9165791329935501,0.18331582659871,0.18331582659871,0.0,0.18331582659871,0.0,0.18331582659871,0.0,0.0,0.0,0.18331582659871,0.0,0.0,0.18331582659871,0.0,0.0,2.016474092585811,0.0,0.36663165319742,0.0,0.0,0.0,0.0,0.0,0.0,0.0,0.0,0.0,0.0,0.18331582659871,0.0,0.0,0.0,1.28321078619097,0.0,0.0,0.0,0.0,0.0,0.0,0.0,0.0,0.0,0.0,1.46652661278968,2.0164740925858076,0.0,0.0,0.0,0.0,0.0,0.0,0.36663165319742,0.0,0.0,0.0,0.0,0.0,0.0,0.18331582659871,0.0,0.0,0.0,0.18331582659871,0.0,0.0,0.0,0.0,0.54994747979613,0.0,0.0,0.18331582659871,0.0,0.0,0.0,0.18331582659871,0.0,0.18331582659871,0.0,0.0,0.0,0.0,0.0,0.0,0.0,0.0,0.0,0.18331582659871,0.0,0.0,0.0,0.0,0.0,0.0,0.0,0.18331582659871,0.0,0.0,0.0,0.36663165319742,0.18331582659871,0.54994747979613,0.18331582659871,0.0,0.0,0.18331582659871,0.0,0.0,0.0,0.0,0.0,0.18331582659871,0.0,0.18331582659871,0.0,0.0,1.6498424393883901,0.0,0.0,0.0,0.0,0.0,0.18331582659871,0.0,0.0,0.0,0.18331582659871,0.0,0.0,0.0,0.0,0.18331582659871,0.0,0.0,0.18331582659871,0.18331582659871,0.0,0.0,0.18331582659871,0.0,0.0,0.0,7.882580543744519,0.0,0.0,0.0,0.0,0.0,0.0,0.0,0.0,0.0,3.2996848787767803,0.0,0.18331582659871,0.0,0.0,0.0,0.0,0.0,0.0,0.36663165319742,0.0,0.0,0.0,0.0,0.18331582659871,0.0,0.0,0.0,0.0,0.0,0.0,0.0,0.0,0.0,0.0,0.0,0.0,0.18331582659871,0.18331582659871,0.54994747979613,0.36663165319742,0.0,0.0,0.18331582659871,0.0,0.0,0.18331582659871,0.0,0.0,0.18331582659871,0.0,0.0,0.0,0.0,0.0,0.0,0.0,0.54994747979613,0.0,0.0,0.0,0.0,0.0,0.0,0.0,0.0,0.0,0.0,0.0,0.0,0.0,0.91657913299355,0.0,0.0,0.0,0.0,0.0,0.0,0.0,0.0,0.0,0.0,0.0,0.0,0.0,0.0,0.0,0.0,0.0,0.18331582659871,0.0,0.0,0.0,0.0,0.0,0.0,0.0,0.0,0.0,0.0,0.0,0.0,0.0,0.0,0.0,0.0,1.0998949595922611,0.0,0.0,0.0,0.18331582659871,0.0,0.0,0.0,0.0,0.0,0.0,0.0,0.36663165319742,0.0,0.0,0.0,0.0,0.0,0.0,0.0,0.0,0.0,0.0,0.0,0.0,0.18331582659871,0.0,0.0,0.0,0.0,0.0,0.0,0.0,0.0,0.0,0.0
0.0,0.0,0.0,0.0,0.0,0.18331582659871,0.18331582659871,0.0,0.0,0.0,10.632317942725187,0.0,0.0,0.0,0.0,0.0,0.0,0.0,0.0,0.0,0.18331582659871,0.0,0.0,0.0,0.0,0.0,0.0,0.0,0.0,0.0,0.0,0.0,0.73326330639484,0.0,0.0,0.0,0.0,0.0,0.0,0.54994747979613,0.18331582659871,0.9165791329935501,0.0,0.0,0.36663165319742,0.0,7.515948890547097,0.0,0.0,0.54994747979613,0.0,0.18331582659871,1.28321078619097,0.0,0.0,0.18331582659871,0.0,0.0,0.18331582659871,0.18331582659871,0.36663165319742,0.18331582659871,0.0,0.0,0.0,0.0,0.0,0.0,0.0,0.0,0.0,0.0,0.73326330639484,0.0,0.0,0.0,0.0,0.0,0.0,0.0,1.46652661278968,0.0,0.0,0.0,0.0,0.0,0.0,0.0,0.18331582659871,0.0,0.0,0.0,0.0,0.0,0.0,0.0,0.0,0.0,0.0,0.0,0.0,0.0,0.0,0.0,0.0,0.0,0.18331582659871,7.149317237349706,0.0,0.0,0.0,2.19978991918452,0.0,0.0,0.0,0.0,0.0,0.0,0.0,0.0,0.0,0.0,0.0,0.0,0.0,0.0,0.0,0.0,0.0,0.0,0.0,0.0,6.782685584152279,0.0,0.0,0.0,0.0,2.3831057457832303,0.36663165319742,0.0,0.0,0.0,6.232738104356137,0.0,0.0,0.0,0.0,0.0,0.0,0.0,0.0,0.0,0.0,0.0,0.0,0.0,0.0,0.0,0.0,0.0,0.0,0.0,0.0,1.8331582659871002,0.0,0.0,0.0,0.0,0.0,3.4830007053754852,0.0,0.0,0.0,0.0,0.0,0.0,0.36663165319742,0.9165791329935501,16.498424393883916,0.0,0.0,0.0,0.0,0.0,0.0,0.0,0.0,1.8331582659871002,0.0,0.0,0.0,0.0,0.0,0.0,0.36663165319742,0.0,0.0,0.0,0.0,0.18331582659871,0.0,0.0,0.0,0.54994747979613,0.0,0.0,0.0,0.0,0.0,0.0,0.0,0.0,0.0,0.0,0.0,0.0,0.0,0.0,0.0,1.6498424393883901,0.0,0.0,0.18331582659871,0.0,0.0,0.0,2.74973739898065,0.0,0.0,0.0,0.18331582659871,0.0,0.0,0.0,0.0,0.0,0.0,0.0,0.0,0.0,0.0,0.0,0.0,0.18331582659871,0.0,0.0,0.0,0.0,0.0,0.0,0.0,0.0,0.0,0.0,0.0,0.0,0.0,0.0,0.0,0.0,0.0,0.0,0.0,0.0,0.0,0.0,0.0,0.0,0.0,0.0,0.0,0.0,0.0,0.73326330639484,0.0,0.0,0.0,0.0,0.18331582659871,0.0,0.0,0.0,0.0,0.18331582659871,0.0,0.0,0.0,0.73326330639484,0.0,0.18331582659871,0.0,0.0,0.0,1.09989495959226,0.0,0.0,0.0,0.0,0.0,2.383105745783231,0.0,0.0,0.0,0.0,0.0,0.0,0.0,0.0,0.18331582659871,0.0,0.0,0.0,0.0,0.0,0.36663165319742,0.0,0.0,0.0,0.0,0.0,0.0,0.0,0.0,1.6498424393883901,0.0,0.0,0.0,0.0,0.0,0.73326330639484,0.0,0.0,0.0,0.0,0.0,0.0,0.0,0.0,0.0,0.0,0.0,0.18331582659871,0.36663165319742,0.0,0.0
0.0,0.0,0.0,0.0,0.0,0.0,0.18331582659871,0.54994747979613,0.0,0.0,0.0,0.0,0.0,0.73326330639484,0.0,0.0,0.0,0.0,0.0,0.0,0.0,0.36663165319742,0.0,0.18331582659871,0.18331582659871,0.0,0.0,0.0,0.18331582659871,0.0,0.0,0.0,0.0,0.36663165319742,0.0,0.0,0.0,0.54994747979613,0.0,0.0,0.18331582659871,0.0,0.0,0.0,0.0,0.0,0.0,0.0,0.0,0.0,0.0,0.0,0.18331582659871,0.0,0.0,0.18331582659871,0.18331582659871,0.0,0.0,0.0,4.216264011770331,0.0,1.28321078619097,0.0,0.0,2.933053225579361,0.0,0.36663165319742,0.0,0.36663165319742,0.18331582659871,0.0,0.0,0.18331582659871,0.0,0.0,0.0,0.0,0.54994747979613,0.0,0.18331582659871,1.09989495959226,0.0,0.0,0.18331582659871,0.0,0.0,0.0,0.18331582659871,0.0,0.0,0.0,0.0,0.0,0.18331582659871,0.0,0.0,0.0,0.0,0.0,0.0,0.0,0.0,0.0,0.0,0.54994747979613,0.0,0.0,4.949527318165171,0.0,0.0,0.0,0.0,0.0,0.0,0.0,0.0,0.0,0.0,0.0,0.0,0.0,0.0,0.0,0.0,0.36663165319742,7.149317237349685,0.18331582659871,0.0,0.0,0.0,1.46652661278968,0.0,5.316158971362587,0.0,0.0,0.0,0.0,0.0,0.18331582659871,0.0,0.0,0.0,0.0,0.0,0.0,0.0,0.0,0.0,0.0,0.0,0.54994747979613,0.0,0.0,0.0,0.0,0.0,0.0,0.0,6.049422277757435,0.18331582659871,0.9165791329935501,0.0,0.0,0.0,0.0,0.0,0.0,0.0,0.0,0.18331582659871,0.0,0.0,0.0,0.0,0.18331582659871,0.0,0.54994747979613,0.0,0.0,3.116369052178075,0.18331582659871,0.0,0.0,0.0,0.0,0.0,0.0,0.0,0.0,0.0,0.0,0.18331582659871,0.0,0.0,0.0,0.0,0.0,0.36663165319742,0.0,0.0,0.0,0.0,0.0,0.0,0.0,0.0,0.0,0.0,0.0,0.0,5.499474797961303,0.0,0.0,0.0,0.0,0.0,0.0,0.0,0.0,0.0,0.0,0.0,0.0,0.0,0.0,0.0,0.0,0.0,0.0,0.0,0.0,0.0,0.0,0.0,0.0,0.0,0.0,0.0,0.0,0.0,0.0,0.0,0.0,0.0,0.0,0.0,0.0,0.0,0.0,0.0,0.0,1.8331582659871013,0.0,0.0,0.0,0.18331582659871,0.0,0.73326330639484,0.0,0.0,0.0,0.0,0.0,0.18331582659871,0.36663165319742,2.38310574578323,0.0,0.0,0.0,0.0,0.0,0.0,0.0,0.0,0.0,0.54994747979613,0.0,0.0,0.0,0.0,0.0,0.0,0.0,0.0,0.0,0.0,0.0,0.0,0.0,0.0,0.0,0.0,0.0,0.0,0.0,0.0,0.0,0.0,0.0,0.0,0.0,0.0,0.0,0.0,0.18331582659871,0.0,0.0,0.0,0.0,0.0,0.18331582659871,0.0,0.0,0.0,0.0,0.0,0.0,0.0,0.0,0.54994747979613,0.0,0.0,0.0,0.0,0.0,0.0,0.0,0.0,0.0,0.0,0.18331582659871,0.0,0.0,0.18331582659871,0.0,0.0,0.0,0.0,0.0,0.0,0.0,0.0,0.0,0.0
0.36663165319742,0.0,0.36663165319742,0.0,0.18331582659871,0.0,0.0,0.0,0.0,0.18331582659871,0.0,0.0,0.18331582659871,0.0,1.09989495959226,0.0,0.0,0.18331582659871,0.0,0.18331582659871,0.18331582659871,18.148266833272313,0.0,0.18331582659871,0.0,0.0,0.0,0.0,0.18331582659871,0.0,0.0,0.0,0.0,0.0,0.0,0.0,0.0,0.0,0.0,0.0,0.54994747979613,0.0,0.0,0.36663165319742,0.18331582659871,0.0,0.18331582659871,0.18331582659871,0.0,0.0,0.0,0.0,0.0,0.0,0.18331582659871,0.0,0.0,0.0,0.0,0.0,0.0,0.36663165319742,0.0,0.0,0.0,0.18331582659871,0.18331582659871,0.18331582659871,0.0,0.0,0.0,0.0,0.0,0.0,0.0,0.0,0.0,0.0,0.0,0.0,0.0,0.0,0.0,0.18331582659871,0.0,0.0,0.54994747979613,0.0,0.36663165319742,0.36663165319742,2.1997899191845214,0.0,9.715738809731624,0.0,0.18331582659871,0.0,0.0,0.0,0.0,0.0,0.0,0.0,0.0,0.0,0.0,0.18331582659871,0.0,0.0,0.0,2.749737398980651,0.0,0.0,0.0,0.0,0.0,0.0,0.0,0.0,0.0,0.0,0.0,4.76621149156646,0.0,0.0,0.0,0.0,0.0,0.36663165319742,0.0,0.0,0.0,0.0,0.0,1.09989495959226,0.0,0.0,0.0,0.0,0.18331582659871,0.0,0.0,0.0,0.0,0.0,0.0,0.0,0.0,0.0,0.0,0.0,0.0,0.0,0.0,0.0,0.0,0.0,0.0,0.0,0.0,0.0,0.0,0.0,0.0,0.0,0.18331582659871,0.0,0.0,0.0,0.18331582659871,0.0,0.0,0.0,0.18331582659871,0.0,0.0,0.0,0.0,0.18331582659871,0.0,0.0,0.0,0.18331582659871,0.0,0.0,0.18331582659871,0.0,0.0,0.0,2.3831057457832303,0.0,0.0,0.0,0.0,0.18331582659871,0.0,0.0,0.0,0.0,0.0,0.0,0.0,0.0,0.0,0.0,0.54994747979613,0.0,0.0,0.0,0.91657913299355,0.0,0.0,0.0,0.0,0.0,0.0,0.0,0.0,0.0,0.0,0.0,0.0,0.0,0.0,0.0,0.0,0.0,0.0,0.0,0.0,0.0,0.0,0.0,0.0,0.0,0.0,0.73326330639484,0.0,0.18331582659871,0.0,0.0,0.0,0.0,0.0,0.0,0.0,0.0,0.0,0.36663165319742,0.0,0.0,0.0,0.0,0.0,0.0,0.0,0.0,0.0,0.0,0.0,0.0,0.0,0.0,0.0,0.0,0.0,0.0,0.0,0.0,0.0,0.18331582659871,0.0,0.0,6.599369757553568,0.0,0.0,3.1163690521780754,0.0,0.18331582659871,0.0,0.0,0.0,0.0,0.0,0.0,0.0,0.0,0.0,0.0,0.0,0.0,0.0,0.0,0.0,0.0,0.0,0.0,0.0,0.0,0.0,0.0,0.0,0.0,0.0,0.0,0.0,0.0,0.18331582659871,0.18331582659871,0.0,0.0,0.0,0.0,0.0,0.0,0.0,0.0,0.0,0.0,0.0,0.0,0.0,0.0,0.0,0.0,0.0,0.0,0.0,0.0,0.0,0.0,0.0,0.0,0.0,0.0,0.0,0.0,0.0,0.0,0.0,0.0,0.0,0.0,0.0,0.0,0.0
0.0,0.0,0.0,0.0,0.0,0.0,0.0,0.0,0.36663165319742,0.0,0.0,0.0,0.0,0.18331582659871,0.0,0.0,0.0,0.0,0.0,0.0,0.18331582659871,0.0,0.9165791329935501,0.0,0.0,0.0,0.0,0.0,0.18331582659871,0.0,0.0,0.0,0.0,0.0,0.0,0.0,0.0,0.0,0.0,0.18331582659871,0.0,0.0,0.0,0.0,0.0,0.0,0.0,0.18331582659871,0.0,0.0,0.18331582659871,0.0,0.36663165319742,0.0,0.0,0.0,0.0,0.0,0.0,0.0,0.0,0.0,0.0,0.0,0.0,0.0,0.0,0.0,0.0,0.0,0.0,0.0,0.0,0.0,0.0,0.0,0.0,0.0,0.0,0.0,0.54994747979613,0.0,0.0,0.0,0.0,0.0,0.0,0.0,0.0,0.0,0.0,0.0,0.0,0.0,0.0,0.0,0.0,0.0,0.0,0.0,0.0,0.0,0.0,0.0,0.0,0.0,0.0,0.0,0.0,0.0,1.46652661278968,0.0,0.0,0.0,0.0,0.0,0.0,0.0,0.0,0.0,0.0,0.0,0.0,0.0,0.0,0.0,0.0,0.0,0.0,0.0,0.0,0.0,0.0,0.0,0.0,0.0,0.0,0.0,0.0,0.0,0.0,0.0,0.0,0.0,0.0,0.0,0.0,0.0,0.0,0.0,0.0,0.0,0.0,0.0,0.0,0.18331582659871,0.0,0.0,0.0,0.0,0.0,0.0,0.0,0.0,0.0,0.0,0.0,0.0,0.0,0.0,0.0,0.0,0.0,0.0,0.0,0.0,0.0,4.766211491566462,0.0,0.0,0.0,0.0,0.0,0.0,0.0,0.0,0.0,0.0,0.0,0.0,0.0,0.0,0.0,0.0,0.0,0.0,0.0,0.0,0.0,0.73326330639484,0.0,0.0,0.0,0.0,0.0,0.0,0.0,0.0,0.0,0.0,0.0,0.0,0.0,0.0,0.0,0.0,0.0,0.0,0.0,0.0,0.0,0.0,0.0,0.0,0.0,0.0,0.0,0.0,0.0,0.0,0.0,0.0,1.09989495959226,0.0,0.0,0.0,0.0,0.0,0.0,0.0,0.0,0.0,0.0,0.0,0.0,0.0,0.36663165319742,0.0,0.0,0.0,0.0,0.0,0.0,0.0,0.0,0.0,0.0,0.0,0.0,0.18331582659871,0.0,0.0,0.0,0.0,0.0,0.18331582659871,0.0,0.0,0.0,0.0,0.0,0.0,0.0,0.0,0.0,0.0,0.0,0.0,0.0,0.0,0.0,0.0,0.0,0.0,0.0,0.0,0.0,0.0,0.0,0.0,0.0,0.0,0.0,0.0,0.0,0.0,0.0,0.0,0.0,0.0,0.0,0.0,0.0,0.0,0.0,0.0,0.0,0.0,0.0,0.0,0.0,0.0,0.0,0.0,0.0,0.0,0.0,0.0,0.0,0.0,0.0,0.0,0.0,0.0,0.0,0.0,0.0,0.0,0.54994747979613,0.0,0.0,0.0,0.0,0.0,0.0,0.0,0.0,0.0,0.0,0.0,0.0,0.0,0.0,0.0,0.0
0.0,0.0,0.0,0.0,0.0,0.0,0.0,0.0,0.0,0.0,0.0,0.0,0.0,0.0,0.0,0.0,0.0,0.0,0.0,0.0,0.0,0.0,0.0,0.0,0.0,0.0,0.0,0.0,0.18331582659871,0.0,0.0,0.0,0.0,0.0,0.0,0.0,0.0,0.0,0.0,0.18331582659871,0.0,0.0,0.0,0.0,0.0,0.0,0.0,0.0,0.0,0.18331582659871,0.0,0.0,0.0,0.0,0.0,0.18331582659871,0.0,0.0,0.0,0.0,0.36663165319742,0.0,0.0,0.0,0.0,0.0,0.0,0.0,0.0,0.0,0.0,0.0,0.0,0.0,0.0,0.0,0.0,0.0,0.0,0.0,0.73326330639484,0.0,0.0,0.0,0.18331582659871,0.0,0.0,0.0,0.0,0.0,0.0,0.0,0.0,0.0,0.0,0.0,0.0,0.0,0.0,0.0,0.0,0.0,0.0,0.0,0.0,0.0,0.0,0.36663165319742,0.0,0.0,0.0,2.38310574578323,0.0,0.0,0.0,0.0,0.0,0.0,0.0,0.0,0.0,0.0,0.0,0.0,0.0,0.0,0.0,0.0,0.0,0.0,0.0,0.0,1.46652661278968,0.0,0.0,0.0,0.0,4.216264011770335,0.0,0.0,0.0,0.0,0.18331582659871,0.0,1.6498424393883901,0.0,0.0,0.0,0.0,0.0,0.0,0.0,0.0,0.0,0.0,0.0,0.0,0.0,0.0,0.0,0.0,0.0,0.0,3.29968487877678,0.0,0.0,0.0,0.0,0.0,0.54994747979613,0.0,0.0,0.0,0.0,0.0,0.0,0.18331582659871,2.9330532255793598,0.0,0.0,0.0,0.0,0.0,0.0,0.0,0.0,0.0,0.0,0.0,0.0,0.0,0.0,0.0,0.0,0.0,0.0,0.0,0.0,0.0,0.0,0.0,0.0,0.0,0.9165791329935501,0.0,0.0,0.18331582659871,0.0,0.0,0.0,0.0,0.0,0.0,0.0,0.0,0.0,0.0,0.0,1.28321078619097,0.91657913299355,0.0,0.0,0.0,0.0,0.0,0.0,0.0,0.0,0.0,0.0,0.0,0.0,0.0,0.0,0.0,0.0,0.0,0.0,0.0,0.0,0.0,0.0,0.0,0.18331582659871,0.0,0.0,0.0,0.0,0.0,0.0,0.0,0.0,0.0,0.0,0.0,0.18331582659871,0.0,0.0,0.0,0.0,0.0,0.0,0.0,0.0,0.0,0.0,0.0,0.0,0.18331582659871,0.0,0.0,0.0,0.0,0.0,0.0,0.0,0.0,0.0,0.0,0.0,0.0,0.0,0.0,0.0,0.18331582659871,0.0,0.0,0.36663165319742,0.0,0.0,0.0,0.0,0.0,0.0,0.0,0.0,0.0,0.0,0.0,0.18331582659871,0.0,0.0,0.0,0.0,0.0,0.0,0.0,0.0,0.0,0.0,0.0,0.0,0.0,0.0,0.73326330639484,0.0,0.0,1.4665266127896812,0.0,0.0,0.0,0.0,0.0,0.36663165319742,0.0,0.0,0.0,0.0,0.0,0.0,0.0,0.0,0.0,0.0,0.0,0.0,0.0,0.0,0.0,0.0,0.0,0.0,0.18331582659871,0.0,0.0
0.0,0.0,0.0,0.0,0.0,0.0,0.0,0.18331582659871,0.0,0.0,0.0,0.0,0.0,0.18331582659871,0.0,0.0,0.0,0.0,0.0,0.0,4.582895664967746,2.38310574578323,0.73326330639484,0.0,0.0,0.0,0.0,0.0,0.0,0.0,0.0,0.0,0.0,0.18331582659871,0.0,0.0,0.0,0.0,0.18331582659871,0.0,0.0,0.0,0.0,0.0,0.0,0.0,0.18331582659871,0.0,0.0,0.0,0.0,0.0,0.0,0.0,0.0,0.0,0.0,0.0,0.0,0.0,0.0,0.0,0.0,0.0,0.18331582659871,0.18331582659871,0.0,0.0,0.0,0.0,0.0,0.0,0.0,0.0,0.0,0.0,0.0,0.0,0.0,0.0,0.36663165319742,0.0,0.0,0.0,0.0,0.0,3.48300070537549,0.0,0.0,0.0,0.0,0.0,0.0,0.0,0.0,0.36663165319742,0.0,0.0,0.0,0.0,0.18331582659871,0.0,0.0,0.18331582659871,0.0,0.36663165319742,0.0,0.0,0.0,0.0,0.0,0.0,1.09989495959226,0.0,0.0,0.0,0.0,0.73326330639484,0.18331582659871,0.0,0.0,0.0,0.0,0.0,0.0,0.0,0.0,0.0,0.0,0.0,0.0,0.0,0.0,0.0,0.0,0.18331582659871,0.0,0.0,3.4830007053754937,1.46652661278968,0.0,0.0,0.36663165319742,4.582895664967747,0.0,0.0,0.0,0.0,0.0,0.18331582659871,0.0,0.0,0.54994747979613,0.0,0.0,0.0,0.0,0.18331582659871,0.0,0.0,0.0,0.18331582659871,0.0,0.0,0.0,0.0,0.0,0.0,0.0,0.0,0.0,0.0,0.0,0.0,0.0,0.18331582659871,0.0,0.0,0.0,0.0,0.0,0.0,0.0,0.0,0.0,0.0,0.0,0.0,0.0,0.0,0.0,0.0,0.0,0.0,0.0,0.0,0.0,0.0,2.383105745783225,0.0,0.0,0.0,0.0,0.0,0.0,0.0,0.0,0.0,0.0,0.0,0.0,0.0,0.0,0.0,0.0,0.0,0.0,0.0,0.0,0.0,0.0,0.0,0.36663165319742,0.36663165319742,0.0,0.0,0.0,0.0,0.0,0.0,0.0,0.0,0.0,0.0,3.1163690521780754,0.0,0.0,0.0,0.0,0.0,0.0,0.0,0.0,0.0,0.0,0.0,0.0,0.0,0.0,0.0,0.0,0.0,0.18331582659871,0.0,0.0,0.0,0.0,0.0,0.0,0.0,0.0,0.36663165319742,0.0,0.0,0.0,0.0,0.18331582659871,2.38310574578323,0.0,0.0,0.0,0.0,0.0,0.0,0.0,0.0,0.0,0.0,0.0,0.0,0.0,0.0,0.0,0.0,0.0,0.0,0.0,0.0,0.0,0.0,0.0,0.0,0.0,0.0,0.0,0.0,0.0,0.0,0.18331582659871,0.0,0.0,0.0,0.0,0.0,0.0,0.18331582659871,0.0,0.0,0.0,0.0,0.0,0.36663165319742,0.0,0.0,0.0,0.0,0.0,0.0,0.0,0.36663165319742,0.0,0.0,0.0,0.0,0.0,0.0,0.0,0.0,0.0,0.0,0.0,0.0,0.0,0.0,0.0,0.0,0.0,0.0,0.0,0.0,0.0,0.0,0.0,0.0,0.18331582659871
0.18331582659871,0.54994747979613,0.0,0.0,0.9165791329935501,0.18331582659871,0.0,0.0,0.0,0.18331582659871,0.0,0.0,0.0,0.36663165319742,1.28321078619097,0.36663165319742,0.0,0.0,0.36663165319742,0.0,0.36663165319742,0.0,0.36663165319742,0.18331582659871,0.0,0.0,0.0,0.54994747979613,0.18331582659871,0.0,0.0,0.0,0.0,0.0,0.0,0.18331582659871,0.0,0.0,0.0,0.0,0.36663165319742,0.0,0.0,0.0,0.18331582659871,11.91552872891616,0.0,0.0,0.18331582659871,0.0,0.0,0.0,0.18331582659871,0.54994747979613,1.28321078619097,0.0,0.0,0.0,0.0,0.0,0.0,0.36663165319742,0.0,0.0,0.0,0.36663165319742,0.18331582659871,0.0,0.0,0.0,0.0,0.0,0.0,0.0,0.0,0.0,0.0,0.0,0.36663165319742,0.0,0.0,0.0,0.0,0.0,0.0,0.0,0.73326330639484,0.0,0.18331582659871,1.6498424393883901,0.73326330639484,0.18331582659871,0.0,0.0,0.54994747979613,0.36663165319742,0.0,0.0,0.0,0.0,0.36663165319742,0.0,0.0,0.36663165319742,0.0,0.0,0.36663165319742,0.0,0.0,0.54994747979613,0.0,0.0,0.0,14.848581954495522,0.0,0.0,0.0,0.0,0.18331582659871,0.0,0.0,1.09989495959226,0.0,0.0,0.18331582659871,0.0,0.0,0.18331582659871,0.0,0.0,0.0,0.36663165319742,0.0,1.28321078619097,0.0,0.0,0.0,0.0,0.0,0.36663165319742,0.0,0.0,0.0,0.0,0.0,1.6498424393883901,0.18331582659871,0.0,18.331582659871025,0.18331582659871,0.18331582659871,1.09989495959226,0.0,0.0,0.0,0.0,0.0,0.0,0.0,0.0,0.0,0.0,0.0,0.0,0.0,0.18331582659871,0.9165791329935501,0.0,0.0,0.0,0.0,0.0,0.18331582659871,0.0,0.0,0.0,0.0,0.9165791329935501,0.0,0.0,0.0,0.0,0.0,0.0,0.0,0.0,0.0,0.0,0.36663165319742,0.0,0.0,0.0,0.0,0.0,0.0,0.0,0.18331582659871,0.0,0.18331582659871,0.0,0.0,0.0,0.0,0.0,0.54994747979613,0.0,0.0,0.36663165319742,0.0,4.76621149156646,0.0,0.0,0.0,0.0,0.0,0.0,0.0,0.0,0.0,0.0,0.0,0.0,0.0,0.54994747979613,0.0,0.0,0.0,0.0,0.0,0.0,0.0,0.0,0.0,0.0,0.0,0.0,0.0,0.0,0.0,0.0,0.18331582659871,0.0,0.0,0.0,0.0,0.0,0.0,0.0,0.0,0.0,0.0,0.0,0.0,0.0,0.0,0.0,0.0,0.0,0.18331582659871,0.0,0.0,0.0,0.0,0.0,0.0,0.0,0.0,0.0,0.0,2.5664215723819415,0.0,0.0,0.18331582659871,0.0,0.0,0.18331582659871,0.0,0.0,0.0,3.48300070537549,0.0,0.0,0.0,0.0,0.0,0.0,0.0,0.0,0.0,0.0,0.0,0.0,0.0,0.0,0.18331582659871,0.0,0.0,0.0,0.0,0.0,0.0,0.0,0.0,0.0,0.0,0.0,0.0,0.0,0.0,0.0,0.54994747979613,0.0,0.18331582659871,0.54994747979613,0.0,0.0,0.0,0.0,0.18331582659871,0.0,0.18331582659871,0.0,0.0,0.0,0.0,0.0,0.0,0.0,0.0,0.0,0.0,0.0,0.0,0.0,0.0,0.36663165319742,0.0,0.0,0.0,0.0,0.0,0.0,0.0,0.18331582659871,0.0
0.36663165319742,0.18331582659871,0.0,0.73326330639484,0.36663165319742,0.54994747979613,0.73326330639484,0.0,0.0,0.18331582659871,0.73326330639484,0.73326330639484,0.36663165319742,0.54994747979613,2.0164740925858102,0.0,0.18331582659871,1.833158265987095,0.0,0.0,0.18331582659871,0.0,0.73326330639484,0.36663165319742,0.0,0.0,0.18331582659871,0.36663165319742,1.46652661278968,2.3831057457832303,0.0,0.0,0.54994747979613,0.0,0.0,0.0,0.0,0.0,0.0,6.9660014107509935,0.18331582659871,0.18331582659871,0.0,2.5664215723819415,0.18331582659871,0.18331582659871,0.18331582659871,0.36663165319742,0.36663165319742,1.28321078619097,0.0,0.0,1.28321078619097,0.0,0.0,0.9165791329935501,0.0,0.0,0.0,0.0,0.54994747979613,0.36663165319742,0.0,1.09989495959226,0.0,0.18331582659871,0.0,1.09989495959226,0.0,0.54994747979613,0.0,0.9165791329935501,0.0,0.0,0.0,0.0,0.0,0.73326330639484,0.0,0.0,0.0,0.0,0.0,0.0,0.0,1.8331582659871013,0.0,0.0,0.54994747979613,0.54994747979613,0.0,0.0,0.0,0.0,0.18331582659871,0.0,0.0,0.0,0.0,0.0,0.0,0.0,0.36663165319742,0.0,0.0,0.18331582659871,0.0,0.0,0.0,0.0,0.18331582659871,0.0,0.0,0.0,4.0329481851716205,0.0,0.0,0.0,0.0,0.0,0.18331582659871,0.0,0.0,0.0,0.18331582659871,0.0,0.0,0.0,1.09989495959226,0.0,0.0,0.0,0.0,0.0,0.36663165319742,0.0,0.0,0.0,0.0,0.0,0.0,0.91657913299355,1.09989495959226,0.0,0.0,0.18331582659871,0.18331582659871,0.0,0.73326330639484,0.0,0.54994747979613,0.0,0.0,0.0,0.0,0.73326330639484,0.0,0.0,0.0,0.0,0.0,0.0,0.0,0.0,0.0,0.0,0.0,0.0,0.0,0.0,0.36663165319742,0.0,0.0,0.0,0.0,0.0,0.0,0.91657913299355,0.0,0.0,0.0,0.0,0.0,0.0,0.73326330639484,0.0,0.54994747979613,0.0,0.0,0.54994747979613,0.18331582659871,0.18331582659871,0.0,0.0,0.0,0.0,0.36663165319742,1.46652661278968,0.0,0.36663165319742,0.0,0.0,0.0,0.0,0.0,0.0,0.0,0.0,0.0,0.0,0.0,0.0,0.36663165319742,0.0,0.73326330639484,0.18331582659871,0.18331582659871,0.18331582659871,0.0,0.0,0.18331582659871,0.0,4.03294818517162,3.2996848787767794,0.73326330639484,0.0,0.18331582659871,0.0,0.0,0.0,0.0,0.0,0.0,0.36663165319742,0.0,0.18331582659871,0.0,0.0,0.0,0.0,0.18331582659871,0.0,0.18331582659871,0.0,0.0,0.0,0.18331582659871,0.0,0.0,0.0,0.0,0.0,0.0,0.0,0.0,0.0,0.0,0.0,0.0,0.0,0.18331582659871,0.0,0.9165791329935501,0.0,0.0,0.0,0.0,0.0,0.0,0.0,0.0,0.0,0.0,0.18331582659871,0.54994747979613,0.0,0.0,0.0,0.0,0.0,0.0,0.0,0.0,0.0,0.0,0.0,0.0,0.0,0.0,0.54994747979613,0.0,0.0,0.0,0.0,0.0,0.0,0.0,0.0,0.0,0.0,0.0,0.0,0.0,0.0,0.0,0.0,0.0,0.0,0.0,0.0,0.0,0.0,0.0,0.0,0.0,0.0,0.73326330639484,0.0,0.0,0.0,0.0,0.0,0.0,0.0,0.0,0.0,0.0,0.91657913299355,4.03294818517162,0.0,0.0,0.0,0.0,0.0,0.0,0.0,0.0,0.0,0.0,0.0,0.0,0.0,0.0,0.0,0.0
0.0,0.0,0.18331582659871,0.0,0.0,0.18331582659871,0.0,0.91657913299355,0.0,0.0,0.0,0.0,0.0,0.54994747979613,0.0,0.0,0.0,0.0,0.0,0.0,0.0,0.18331582659871,0.18331582659871,0.0,5.132843144763881,0.0,0.0,0.0,0.0,0.0,0.0,0.0,0.0,0.0,0.0,0.0,0.18331582659871,0.0,0.0,0.0,0.0,0.0,0.0,1.283210786190975,0.18331582659871,0.0,0.54994747979613,0.0,0.0,0.0,0.0,0.0,0.0,0.0,0.36663165319742,0.0,0.0,0.0,0.0,0.0,1.09989495959226,0.0,0.18331582659871,0.0,0.0,1.09989495959226,0.0,0.0,0.0,0.0,0.0,0.18331582659871,0.0,0.0,0.0,0.0,0.0,0.0,0.36663165319742,0.0,0.0,0.9165791329935501,0.0,0.0,0.0,0.0,0.0,0.0,0.54994747979613,0.0,0.0,0.0,0.0,0.0,0.0,0.0,0.0,0.0,0.0,0.0,0.0,0.0,0.0,0.0,0.18331582659871,0.0,0.18331582659871,0.0,0.36663165319742,0.0,0.0,0.0,0.0,0.0,0.0,1.0998949595922611,0.0,0.0,0.0,0.0,0.0,0.0,0.0,0.0,0.0,0.0,0.18331582659871,0.0,0.0,2.0164740925858102,0.0,0.0,0.0,0.0,0.0,0.0,0.0,0.0,0.18331582659871,0.0,0.0,0.0,0.0,0.0,0.0,0.0,0.0,0.0,0.0,0.0,0.0,0.0,0.0,0.0,0.0,0.18331582659871,0.0,0.18331582659871,0.0,0.36663165319742,0.0,0.0,0.0,0.0,0.0,1.8331582659871002,0.0,0.0,0.0,0.0,0.0,0.0,0.0,0.0,0.0,0.18331582659871,0.0,0.73326330639484,0.0,0.0,0.0,0.0,0.18331582659871,0.18331582659871,0.0,0.0,0.0,0.0,0.0,0.0,0.0,0.0,0.9165791329935501,0.0,0.0,0.0,0.0,0.0,0.0,0.0,0.0,0.0,0.0,0.0,0.0,0.0,0.0,0.0,0.0,0.0,0.0,0.0,0.0,0.18331582659871,0.0,0.0,0.0,0.0,0.0,0.0,0.0,0.0,0.18331582659871,0.0,0.0,0.0,0.18331582659871,0.0,0.0,0.18331582659871,0.0,0.0,0.0,0.18331582659871,0.0,0.0,0.0,0.0,0.0,0.0,0.0,0.0,0.0,0.0,0.0,0.0,0.0,0.0,0.0,0.0,0.0,0.54994747979613,0.18331582659871,0.0,0.0,0.0,0.0,0.18331582659871,0.0,0.0,0.0,0.18331582659871,0.0,0.0,0.36663165319742,0.18331582659871,0.0,0.0,0.0,0.0,0.0,0.0,0.0,0.0,0.0,0.36663165319742,0.0,0.0,0.0,0.0,0.18331582659871,0.0,0.0,0.0,0.0,0.0,0.36663165319742,0.0,0.0,0.0,0.0,0.0,0.0,0.0,0.0,0.36663165319742,0.0,0.0,0.0,0.0,0.0,0.0,0.0,0.0,0.0,0.18331582659871,0.18331582659871,0.0,0.0,0.0,0.0,0.0,0.0,0.18331582659871,0.0,0.18331582659871,0.0,0.0,0.0,0.0,0.0,0.0,0.0,0.0,0.0,0.0,0.0,0.0,0.0,0.0,0.0,0.0,0.18331582659871,0.0,0.0,0.0,0.18331582659871,0.0,0.0,0.0,0.18331582659871,0.0,0.0,0.0,0.0
0.73326330639484,0.36663165319742,1.466526612789675,0.0,0.0,0.0,0.18331582659871,0.0,1.28321078619097,0.0,0.18331582659871,0.0,0.36663165319742,0.0,0.18331582659871,0.0,0.0,0.36663165319742,0.0,0.0,0.0,0.0,0.18331582659871,0.18331582659871,0.0,0.0,0.36663165319742,0.0,0.0,0.18331582659871,0.0,0.0,0.0,0.0,0.0,0.0,0.0,0.0,0.0,0.0,0.18331582659871,0.0,0.18331582659871,0.0,0.0,0.18331582659871,0.0,0.36663165319742,0.18331582659871,0.73326330639484,0.0,0.0,0.73326330639484,0.0,0.0,0.18331582659871,0.0,0.0,0.0,0.0,0.0,0.18331582659871,0.0,0.0,0.0,0.0,0.0,0.73326330639484,0.0,0.0,0.0,0.0,0.0,0.0,0.0,0.0,0.0,0.0,0.0,0.0,0.0,0.0,0.0,0.0,0.0,1.28321078619097,0.0,0.36663165319742,0.0,0.0,0.0,0.0,0.18331582659871,0.0,0.0,0.0,0.0,0.0,0.18331582659871,0.0,0.0,0.0,0.0,0.0,0.0,0.0,0.0,0.0,0.0,0.0,0.0,0.0,0.0,0.0,0.0,0.0,3.666316531974202,0.0,0.0,1.6498424393883901,0.0,0.36663165319742,0.0,0.0,1.8331582659871,0.0,0.0,0.0,0.18331582659871,0.0,0.0,0.0,0.0,0.0,0.18331582659871,0.0,0.0,0.0,0.0,0.0,0.0,0.0,0.0,0.0,0.0,0.0,0.0,0.0,0.0,0.0,0.18331582659871,0.0,0.0,0.0,0.36663165319742,0.0,0.0,0.0,0.0,0.0,0.0,0.0,0.0,0.0,0.0,0.0,0.0,0.18331582659871,0.0,0.0,0.36663165319742,0.18331582659871,0.0,0.0,0.18331582659871,0.0,0.0,0.18331582659871,0.0,0.0,0.0,0.0,0.0,0.0,0.36663165319742,0.0,0.0,0.0,0.0,2.016474092585811,0.0,0.0,0.0,0.0,0.0,0.0,4.58289566496775,0.54994747979613,0.0,0.54994747979613,0.0,0.0,0.0,0.0,0.0,0.0,0.0,0.0,0.0,0.0,0.0,0.0,0.18331582659871,0.0,0.36663165319742,0.0,0.0,0.36663165319742,0.0,0.0,0.0,0.18331582659871,0.36663165319742,0.0,0.0,0.0,0.0,0.0,0.0,0.0,0.0,0.0,0.0,0.0,0.0,0.0,0.0,0.0,0.0,0.0,0.0,0.0,0.0,0.0,0.0,0.0,0.18331582659871,1.28321078619097,0.0,0.0,0.18331582659871,0.0,0.0,0.0,0.0,0.0,0.0,0.0,0.0,0.0,0.0,0.0,0.0,0.0,0.0,0.0,0.0,0.0,0.0,0.0,0.0,0.0,0.0,0.0,0.54994747979613,0.0,0.0,0.0,0.0,0.0,0.0,0.0,0.0,0.0,0.0,0.0,0.0,0.0,0.0,0.0,6.966001410750993,0.0,0.0,0.0,0.0,0.0,0.0,0.0,0.0,0.0,0.0,0.0,0.0,0.0,0.0,0.0,0.0,0.0,0.0,0.0,0.0,0.0,0.0,0.0,0.0,3.1163690521780723,0.0,0.0,0.0,0.0,0.0,0.0,0.0,0.0,0.0,0.0,0.0,0.0,0.0,0.0,0.0,0.0,0.0,0.18331582659871,0.0,0.0,0.0,0.0,0.0,0.0,0.0,0.0,0.0,0.0,0.0
0.0,0.0,0.0,0.0,0.0,0.0,0.18331582659871,0.0,0.0,0.18331582659871,0.18331582659871,0.0,0.0,1.46652661278968,0.0,0.0,0.0,0.18331582659871,0.0,0.0,0.0,0.73326330639484,0.36663165319742,0.0,0.0,0.0,0.18331582659871,0.0,0.18331582659871,0.0,0.0,0.0,0.18331582659871,0.0,0.0,0.18331582659871,0.0,0.0,0.0,0.18331582659871,0.0,0.0,0.0,0.0,0.0,0.0,0.18331582659871,0.18331582659871,0.0,0.0,0.0,0.0,0.18331582659871,0.0,0.0,0.0,0.0,0.0,0.0,0.0,0.0,0.18331582659871,0.0,0.0,0.73326330639484,0.54994747979613,0.0,0.18331582659871,0.0,0.0,0.0,0.0,0.0,0.0,0.0,0.0,0.0,0.0,0.18331582659871,0.0,0.36663165319742,0.0,0.0,0.0,0.0,0.0,3.1163690521780705,0.0,0.0,0.0,0.0,0.0,0.0,0.0,0.18331582659871,1.6498424393883901,0.0,0.0,0.0,0.0,0.18331582659871,0.0,0.54994747979613,0.18331582659871,0.0,0.18331582659871,0.0,0.0,0.54994747979613,0.0,0.0,0.0,0.18331582659871,0.0,0.0,0.0,0.0,5.3161589713625945,0.0,0.0,0.0,0.0,0.0,0.0,3.1163690521780714,0.0,3.666316531974195,0.0,0.0,0.0,0.0,0.0,0.0,0.18331582659871,0.0,0.0,0.0,0.0,0.18331582659871,0.54994747979613,0.0,0.18331582659871,0.36663165319742,0.0,0.0,0.0,0.0,0.0,0.0,2.19978991918452,0.0,0.0,0.18331582659871,0.0,0.0,0.0,0.18331582659871,0.18331582659871,0.0,0.18331582659871,0.0,0.18331582659871,0.0,0.0,0.0,0.0,0.0,0.18331582659871,0.0,0.0,0.0,0.0,0.0,0.0,0.0,0.18331582659871,0.0,0.54994747979613,0.0,0.0,0.0,0.0,0.0,0.0,0.0,0.36663165319742,0.0,0.0,0.0,0.0,0.0,0.0,0.18331582659871,0.0,0.0,0.0,0.0,0.0,0.18331582659871,0.0,0.0,0.0,0.0,0.0,0.0,0.0,0.0,0.0,0.0,0.0,0.0,0.0,0.0,0.18331582659871,0.0,0.0,0.0,0.0,0.0,0.0,0.0,0.0,0.0,0.0,0.0,0.0,2.566421572381945,0.0,0.0,0.0,0.0,0.0,0.0,0.0,0.18331582659871,0.0,0.0,0.0,0.0,0.0,0.0,0.0,0.0,0.0,0.0,0.0,0.0,0.0,0.0,0.0,0.0,0.18331582659871,0.0,0.0,0.0,0.0,0.18331582659871,0.0,0.18331582659871,0.0,0.18331582659871,0.18331582659871,0.0,0.0,0.0,0.0,0.18331582659871,0.0,0.0,0.0,2.19978991918452,0.0,0.0,0.0,0.0,0.0,0.0,0.0,0.0,0.18331582659871,0.0,0.0,0.0,0.0,0.0,0.0,0.0,0.0,0.18331582659871,0.0,0.0,0.0,0.0,0.0,0.0,0.0,0.0,0.0,0.18331582659871,0.0,0.0,0.0,0.18331582659871,0.0,0.18331582659871,0.18331582659871,0.0,0.0,0.0,0.0,0.36663165319742,0.54994747979613,0.18331582659871,0.0,0.0,0.0,0.0,0.0,0.0,0.0,0.0,0.0,0.0,0.0,0.0,0.0,0.0,0.0,0.0,0.0,0.0,0.0,0.0,0.0,0.0,0.0,0.0,0.0,0.0,0.0,0.0,0.0,0.0,0.0,0.0
0.0,0.0,0.0,0.0,0.0,0.0,0.0,0.0,0.0,0.0,0.18331582659871,0.0,0.0,0.0,0.0,0.0,0.0,0.0,0.0,0.0,0.0,0.0,0.0,0.0,0.0,0.0,0.0,0.73326330639484,0.0,0.0,0.0,0.0,0.0,0.0,0.0,0.0,0.0,0.0,0.0,1.649842439388395,0.18331582659871,0.0,0.18331582659871,0.0,0.0,0.0,0.0,0.0,0.0,0.0,0.0,0.0,0.0,0.0,0.0,0.18331582659871,0.0,0.0,0.0,0.0,0.73326330639484,0.0,0.0,0.0,0.0,0.0,0.0,0.0,0.0,0.0,0.0,0.0,0.0,0.0,0.0,0.0,0.0,0.0,0.0,0.0,0.0,0.0,0.0,0.36663165319742,0.0,0.0,0.18331582659871,0.18331582659871,0.0,0.0,0.73326330639484,0.9165791329935501,0.0,0.0,0.18331582659871,0.0,0.0,0.0,0.0,0.0,0.0,0.0,0.0,0.0,0.0,0.0,0.0,0.0,0.0,0.0,0.0,0.0,0.0,0.0,0.0,0.0,0.0,0.0,6.416053930954846,0.0,0.0,0.36663165319742,0.0,0.0,0.0,0.0,0.0,0.0,0.0,0.18331582659871,0.0,0.0,0.0,2.38310574578323,0.0,0.0,0.0,0.0,0.0,0.0,0.0,0.0,0.0,0.0,0.0,0.0,0.0,0.0,0.18331582659871,0.0,0.0,0.0,0.0,0.0,0.0,0.0,0.0,0.0,0.0,0.18331582659871,0.0,0.18331582659871,0.0,0.0,0.0,0.18331582659871,0.18331582659871,0.0,0.0,0.0,0.0,0.0,0.0,0.36663165319742,0.0,0.0,0.0,0.18331582659871,0.0,0.0,0.0,0.0,0.0,0.0,0.0,0.18331582659871,0.0,0.0,0.18331582659871,0.0,0.0,0.0,0.0,0.0,0.0,0.0,0.0,0.0,0.36663165319742,0.0,0.0,0.0,0.0,0.0,0.36663165319742,0.0,0.0,0.0,0.0,0.0,0.0,0.0,0.0,0.0,0.0,0.18331582659871,0.0,0.0,0.0,0.0,0.0,0.0,0.0,0.36663165319742,0.0,0.0,0.18331582659871,0.0,0.0,0.0,0.0,0.0,0.0,0.0,0.0,0.0,0.0,0.0,0.0,0.0,0.0,0.0,0.0,0.18331582659871,0.0,0.0,0.0,0.18331582659871,0.0,0.0,0.0,0.0,0.0,0.0,0.0,0.0,0.0,0.0,0.0,0.0,0.0,0.0,0.0,0.0,0.0,0.0,0.0,0.0,0.0,0.0,0.0,0.0,0.0,0.0,0.0,0.0,0.18331582659871,0.0,0.0,0.0,0.0,0.0,0.0,0.0,0.0,0.0,0.0,0.0,0.0,0.18331582659871,0.0,0.0,0.0,0.0,0.0,0.0,0.0,0.0,1.09989495959226,0.0,0.0,0.0,0.0,0.0,0.0,0.0,0.0,0.0,0.0,0.0,0.0,0.0,0.0,0.0,0.0,0.0,0.0,0.0,0.0,0.0,0.18331582659871,0.0,0.0,0.0,0.0,0.0,0.0,0.0,0.0,0.0,0.0,0.0,0.0,0.0,0.0,0.36663165319742,0.0,0.0,0.0,0.0,0.0,0.0,0.0,0.0,0.0
0.0,0.18331582659871,0.0,0.0,0.0,0.54994747979613,0.36663165319742,0.0,0.0,0.36663165319742,0.73326330639484,0.0,0.0,0.36663165319742,0.0,0.0,0.0,0.0,0.0,0.0,0.18331582659871,0.0,0.18331582659871,0.0,0.0,0.0,0.0,0.0,0.0,0.0,0.18331582659871,0.0,0.0,0.0,0.0,0.0,0.0,0.0,0.0,0.0,0.0,0.0,0.0,0.0,0.18331582659871,0.0,0.18331582659871,0.18331582659871,0.0,0.0,0.0,0.0,0.36663165319742,0.73326330639484,0.0,0.54994747979613,0.0,0.0,0.0,0.0,1.46652661278968,0.18331582659871,0.0,0.0,0.0,0.0,0.0,0.0,0.0,0.0,0.0,0.0,0.0,0.0,0.0,0.0,0.0,0.0,0.0,0.18331582659871,1.09989495959226,0.18331582659871,0.0,0.18331582659871,0.0,0.0,0.0,0.0,0.0,0.0,0.0,0.0,0.0,0.36663165319742,0.0,0.18331582659871,0.0,0.0,0.0,0.0,0.0,0.0,0.0,0.0,0.0,0.0,0.0,0.0,0.0,0.0,0.0,0.0,0.0,0.0,0.0,0.0,0.54994747979613,0.0,0.0,1.6498424393883901,0.0,0.0,0.0,0.0,0.0,0.0,0.0,0.0,0.0,0.18331582659871,0.0,0.0,0.18331582659871,0.0,0.0,0.0,8.06589637034325,0.0,0.0,0.0,0.0,0.0,0.54994747979613,0.0,0.0,0.0,0.0,0.0,0.0,0.0,0.0,0.0,0.18331582659871,0.0,0.0,0.0,0.0,0.18331582659871,0.0,0.18331582659871,0.0,0.0,0.0,0.18331582659871,0.0,0.0,0.18331582659871,0.0,0.0,0.0,0.0,0.0,0.0,0.0,0.0,0.0,0.0,6.966001410750975,0.0,0.0,0.0,0.0,0.0,0.0,0.0,0.0,0.0,0.0,0.0,2.933053225579356,0.0,0.0,3.8496323585729098,0.0,0.0,0.0,0.0,0.0,0.0,0.0,0.0,0.0,0.0,0.0,0.0,0.0,0.0,0.0,0.0,0.0,0.0,0.0,0.0,0.0,0.0,0.0,0.0,0.18331582659871,0.0,0.0,0.0,0.0,0.0,0.36663165319742,0.0,0.0,0.0,0.0,0.0,0.18331582659871,0.0,0.18331582659871,0.0,0.0,0.0,0.0,0.36663165319742,0.0,0.0,0.0,0.18331582659871,0.0,0.0,0.0,0.0,0.0,5.499474797961301,0.0,0.0,0.0,0.0,0.0,0.54994747979613,0.0,0.0,0.18331582659871,0.0,0.36663165319742,0.0,0.0,0.0,0.0,0.0,0.0,0.0,0.0,0.0,0.0,0.0,0.0,0.0,0.0,0.0,0.0,2.01647409258581,0.0,0.18331582659871,0.0,0.0,0.0,0.0,0.0,0.0,0.18331582659871,0.0,0.0,0.0,0.0,0.0,0.0,0.0,0.0,0.0,0.0,0.0,0.0,0.0,0.0,0.0,0.0,0.0,0.0,0.0,0.0,0.0,0.0,0.0,0.0,0.0,0.0,0.0,0.0,0.0,0.0,0.0,0.0,0.0,0.0,0.0,0.0,0.0,0.0,0.0,0.0,0.0,0.0,0.0,0.0,0.0,0.0,0.0,0.0,0.0,0.0,0.0,0.0,0.36663165319742,0.0,0.0,0.0,0.0,0.0,0.0,0.0,0.0
0.0,0.0,0.0,2.19978991918452,0.0,0.0,1.09989495959226,0.18331582659871,0.0,0.0,0.0,0.0,0.0,0.36663165319742,0.0,0.0,0.0,0.18331582659871,0.0,0.0,0.0,0.18331582659871,0.0,0.0,0.0,0.0,0.0,0.0,0.0,0.0,0.0,0.0,0.36663165319742,0.0,0.0,0.0,0.0,0.0,0.0,0.0,0.0,0.18331582659871,0.0,0.0,0.0,0.0,0.0,0.18331582659871,0.18331582659871,0.0,0.0,0.0,1.6498424393883901,0.0,0.0,0.0,0.0,0.0,0.0,0.18331582659871,0.18331582659871,0.18331582659871,0.0,0.0,0.0,0.0,0.0,0.0,0.0,0.0,0.0,0.0,0.0,0.0,0.0,0.36663165319742,0.9165791329935501,0.0,0.0,0.0,0.36663165319742,0.0,0.36663165319742,0.0,1.46652661278968,0.0,0.0,0.0,0.0,0.0,0.0,0.0,0.0,0.0,0.0,0.0,0.0,0.0,0.0,0.0,0.0,0.0,0.18331582659871,0.0,0.0,0.0,0.0,0.0,0.0,0.0,0.0,0.0,0.0,0.0,0.0,0.0,0.36663165319742,0.0,0.0,0.0,1.28321078619097,0.0,0.0,0.18331582659871,0.0,0.0,0.0,0.0,0.18331582659871,0.0,2.5664215723819415,0.0,0.36663165319742,0.0,0.0,0.0,0.18331582659871,0.0,0.0,0.0,0.0,0.0,0.0,0.0,0.0,0.0,0.0,0.0,0.0,0.0,0.0,0.0,0.0,0.0,0.0,0.0,0.0,0.0,0.0,0.54994747979613,0.0,0.0,0.0,0.0,0.0,0.0,0.0,3.299684878776785,0.0,0.0,0.0,0.0,0.0,0.18331582659871,0.0,0.0,0.0,1.28321078619097,0.0,0.0,0.0,0.0,0.18331582659871,0.0,0.0,0.0,0.0,0.0,0.0,0.0,0.0,0.0,0.0,0.0,0.18331582659871,0.0,0.0,0.0,0.0,0.0,0.0,0.0,0.0,0.0,0.0,0.0,0.0,0.0,0.0,0.0,0.0,0.0,0.0,0.18331582659871,0.18331582659871,0.0,0.0,0.0,0.0,0.0,0.0,0.0,7.149317237349693,0.0,0.0,0.18331582659871,0.0,0.0,0.73326330639484,0.0,0.0,0.0,0.0,0.0,0.0,0.0,0.0,0.0,0.0,0.0,0.0,0.0,0.0,0.73326330639484,0.0,0.0,0.0,0.0,0.0,0.18331582659871,0.0,0.0,0.0,0.0,0.0,0.0,0.0,0.0,0.0,0.36663165319742,0.0,0.0,0.0,0.0,0.0,0.18331582659871,0.0,0.0,0.0,0.0,0.0,0.0,0.0,0.18331582659871,0.9165791329935512,0.0,0.0,0.0,0.0,0.0,0.0,0.0,0.0,0.54994747979613,0.0,0.0,0.0,0.0,0.0,0.0,0.0,0.0,0.0,0.0,0.0,0.0,0.0,0.36663165319742,0.0,0.0,0.0,0.0,0.0,0.0,0.0,0.0,0.0,0.0,0.0,0.0,0.18331582659871,0.0,0.0,0.0,0.0,0.18331582659871,0.0,0.0,0.0,0.0,0.0,0.0,0.0,0.0,0.0,0.0,0.18331582659871,0.18331582659871,0.0,0.0,0.0,0.18331582659871,0.0,0.0,0.0,0.0,0.0,0.0,0.0,0.0,0.0,0.0,0.0,0.0,0.0
0.9165791329935501,1.8331582659871002,3.116369052178075,0.0,1.28321078619097,0.18331582659871,0.54994747979613,0.0,0.0,0.0,1.09989495959226,1.8331582659871,0.0,0.0,14.481950301298104,4.58289566496775,0.0,0.36663165319742,0.0,2.199789919184521,0.36663165319742,0.0,0.0,0.54994747979613,0.0,0.0,4.21626401177033,2.19978991918452,0.0,0.18331582659871,0.0,0.0,0.0,0.0,0.0,0.0,1.09989495959226,0.0,0.0,0.0,0.9165791329935501,0.0,8.615843850139372,0.54994747979613,0.36663165319742,1.46652661278968,0.0,0.73326330639484,0.36663165319742,1.09989495959226,0.73326330639484,0.0,0.18331582659871,1.28321078619097,1.8331582659871002,0.0,0.0,0.0,0.0,1.28321078619097,0.18331582659871,1.09989495959226,0.0,0.0,0.0,0.0,0.36663165319742,0.54994747979613,0.0,1.28321078619097,0.0,0.54994747979613,2.5664215723819397,0.73326330639484,0.18331582659871,0.0,0.0,0.36663165319742,0.0,0.0,0.0,0.0,0.0,0.0,0.0,0.0,0.0,0.18331582659871,0.54994747979613,2.93305322557936,5.682790624560007,0.0,0.18331582659871,0.0,3.48300070537549,0.0,0.18331582659871,1.28321078619097,0.0,0.0,1.28321078619097,6.599369757553564,0.73326330639484,0.0,0.0,0.0,0.36663165319742,0.0,0.0,3.483000705375491,0.0,0.0,0.0,0.9165791329935501,0.18331582659871,0.18331582659871,0.0,0.0,0.9165791329935501,0.0,0.0,39.596218545321385,6.96600141075098,0.0,1.833158265987105,0.0,0.0,25.48089989722072,0.18331582659871,0.0,0.0,1.6498424393883901,0.0,1.28321078619097,0.0,0.0,0.18331582659871,0.0,0.0,0.0,0.54994747979613,1.8331582659871002,0.0,0.0,0.0,0.54994747979613,1.6498424393883901,0.0,0.36663165319742,0.0,0.0,0.0,0.18331582659871,0.36663165319742,0.0,0.0,0.0,0.0,0.0,0.0,0.0,0.0,4.216264011770331,0.0,0.0,0.0,1.6498424393883913,0.36663165319742,0.36663165319742,0.0,1.28321078619097,0.18331582659871,0.0,0.0,5.132843144763876,0.0,0.0,1.09989495959226,0.0,0.0,0.18331582659871,1.46652661278968,0.18331582659871,0.0,5.316158971362597,0.0,0.18331582659871,0.0,0.9165791329935501,0.36663165319742,0.0,0.18331582659871,0.0,0.0,0.0,0.73326330639484,0.54994747979613,0.0,0.18331582659871,0.0,0.9165791329935501,0.0,1.28321078619097,0.0,6.599369757553554,0.18331582659871,0.0,0.0,0.18331582659871,0.0,0.0,0.0,0.18331582659871,0.0,0.18331582659871,0.0,0.0,1.09989495959226,0.0,0.0,0.18331582659871,0.0,0.73326330639484,0.0,0.36663165319742,0.0,0.54994747979613,0.0,1.8331582659871002,0.0,0.0,0.0,0.18331582659871,0.0,0.0,1.09989495959226,0.0,0.0,0.0,0.0,0.9165791329935501,0.0,0.18331582659871,0.0,0.0,0.0,0.0,10.082370462929044,0.0,0.18331582659871,0.18331582659871,0.0,0.0,0.73326330639484,0.0,0.0,0.0,0.0,0.0,0.0,0.0,0.18331582659871,0.0,0.0,0.0,0.0,0.0,0.0,0.0,0.0,0.0,0.0,0.73326330639484,0.0,0.73326330639484,4.76621149156646,0.18331582659871,0.73326330639484,0.18331582659871,0.36663165319742,0.54994747979613,0.0,0.0,0.0,0.0,0.0,0.0,0.0,0.0,0.0,0.0,0.0,0.0,0.0,0.36663165319742,0.0,0.0,0.18331582659871,0.0,0.0,0.0,0.0,0.0,0.0,0.0,0.0,0.18331582659871,0.18331582659871,0.0,0.36663165319742,0.36663165319742,0.0,0.0,2.0164740925858102,0.0,0.0,0.0,0.0,0.0,0.0,0.0,0.0,0.0,0.0,0.18331582659871,0.0,0.0,0.0,0.0,0.0,0.36663165319742,0.0,0.18331582659871,0.18331582659871,0.0,0.0,0.0,0.0,0.36663165319742,0.0,1.8331582659871013,0.0,0.0,0.0,0.0
0.54994747979613,1.46652661278968,0.54994747979613,0.0,0.18331582659871,0.0,0.18331582659871,0.0,0.0,0.0,2.19978991918452,0.18331582659871,0.18331582659871,0.0,2.933053225579361,0.9165791329935501,0.0,0.54994747979613,0.0,0.36663165319742,0.0,0.0,0.0,0.36663165319742,0.0,0.0,0.54994747979613,0.0,0.0,0.0,0.0,0.0,0.0,0.0,0.0,0.0,0.0,0.0,0.0,0.0,0.0,0.0,0.18331582659871,0.36663165319742,0.0,0.0,0.0,0.0,0.0,2.38310574578323,0.0,0.0,0.0,0.0,0.0,0.0,0.0,0.0,0.0,0.0,0.0,0.0,0.0,0.0,0.0,0.18331582659871,0.0,0.0,0.0,0.36663165319742,0.0,0.18331582659871,0.0,0.18331582659871,0.0,0.0,0.18331582659871,0.18331582659871,0.0,0.0,0.0,0.0,0.0,0.0,0.0,0.0,0.0,0.0,0.0,0.0,0.0,0.0,0.0,0.0,0.0,0.0,0.0,0.0,0.18331582659871,0.0,0.0,0.0,0.0,0.0,0.0,0.0,0.0,0.0,0.0,0.0,0.0,0.0,0.0,0.18331582659871,0.0,0.0,0.18331582659871,0.0,0.0,0.0,0.0,5.132843144763876,3.48300070537549,0.0,0.73326330639484,0.0,0.0,1.28321078619097,0.0,0.0,0.0,0.0,0.0,0.18331582659871,0.0,0.0,0.0,0.0,0.0,0.0,0.0,0.0,0.73326330639484,0.0,0.0,0.0,0.0,0.0,0.0,0.0,0.0,0.0,0.0,0.18331582659871,0.0,0.0,0.0,0.0,0.0,0.0,0.0,0.0,0.18331582659871,0.0,0.0,0.0,0.0,0.0,0.0,0.0,0.0,0.0,0.0,0.0,0.0,0.0,0.0,0.54994747979613,0.0,0.0,0.0,3.6663165319742013,0.0,0.0,0.0,0.0,0.0,0.0,0.0,0.0,0.0,0.0,0.0,0.0,0.0,0.0,0.18331582659871,0.0,0.0,0.0,0.0,0.0,0.0,0.0,0.18331582659871,14.665266127896802,0.0,0.0,0.0,0.0,0.0,0.0,0.0,0.0,0.0,0.0,0.0,0.18331582659871,0.0,0.0,0.0,0.0,0.36663165319742,0.0,0.0,0.0,0.0,0.0,0.0,0.0,0.0,0.0,0.0,0.18331582659871,0.0,1.8331582659871002,0.0,0.0,0.0,0.0,0.0,0.0,0.0,0.0,0.0,0.0,0.0,2.383105745783231,0.0,0.0,0.0,0.0,0.0,0.0,0.0,0.0,0.0,0.0,0.0,0.0,0.0,0.0,0.0,0.0,0.0,0.0,0.0,0.0,0.0,0.0,0.0,0.0,0.0,0.0,0.0,0.0,0.0,0.0,0.0,0.0,0.0,0.0,0.0,0.0,0.0,0.0,0.0,0.0,0.0,0.0,0.0,0.0,0.0,0.0,0.0,0.0,0.0,0.0,0.0,0.0,0.0,0.0,0.0,0.0,0.0,0.0,0.0,0.0,0.0,0.0,0.0,0.0,0.0,0.0,0.0,0.0,0.0,0.0,0.0,0.0,0.0,0.0,0.0,0.0,0.0,0.0,0.0,0.0,0.0,0.0,0.0,0.0,0.0,0.18331582659871,0.0,0.0,0.0,0.0,0.0,0.0,0.0,0.0,0.0,0.0,0.0
0.0,0.0,0.0,0.0,0.0,0.0,0.0,0.0,0.0,0.18331582659871,0.0,0.0,0.0,0.0,0.0,0.0,0.0,0.0,0.0,0.0,0.0,0.0,0.0,0.18331582659871,0.0,0.0,0.0,0.0,1.09989495959226,0.0,0.0,0.0,0.18331582659871,0.0,0.0,0.0,0.0,0.36663165319742,0.0,0.0,0.0,0.0,0.0,0.0,0.0,0.0,0.18331582659871,0.0,0.0,0.0,0.0,0.0,0.18331582659871,0.0,0.0,0.0,0.0,0.0,1.8331582659871,0.0,0.18331582659871,0.0,0.0,0.0,0.0,0.0,0.0,0.18331582659871,0.0,0.0,0.0,0.18331582659871,0.0,0.0,0.0,0.0,0.0,0.0,0.0,0.0,0.18331582659871,0.18331582659871,0.0,0.0,0.18331582659871,0.0,0.0,0.0,0.0,0.0,0.0,0.0,0.0,0.0,0.0,0.0,0.0,0.0,0.0,0.0,0.0,0.0,0.0,0.9165791329935501,0.0,0.0,0.0,0.0,0.0,0.0,0.0,0.0,0.0,0.0,0.0,0.0,0.0,0.0,0.0,0.0,0.0,0.0,0.0,2.1997899191845196,0.0,0.0,0.0,0.0,0.0,0.0,0.0,0.0,2.74973739898065,0.0,0.73326330639484,0.0,0.0,0.0,0.0,0.0,0.0,0.0,0.0,0.0,0.0,0.0,0.0,0.0,0.0,0.0,0.0,0.0,0.0,0.0,0.0,0.0,0.0,0.0,0.54994747979613,0.0,0.0,0.0,0.0,0.36663165319742,0.0,0.0,0.0,0.0,0.0,0.18331582659871,0.0,0.0,0.0,0.18331582659871,0.0,0.0,0.0,2.7497373989806513,0.36663165319742,0.0,0.0,0.0,0.0,0.0,0.0,0.0,0.0,0.0,0.0,0.0,0.0,0.0,0.0,0.0,0.0,0.0,0.18331582659871,0.0,0.0,0.0,0.18331582659871,0.0,0.0,0.18331582659871,0.0,0.0,0.0,0.0,0.0,0.0,0.0,0.0,0.0,0.36663165319742,0.0,0.0,0.0,0.0,0.0,0.0,0.0,0.18331582659871,0.0,0.0,0.0,0.18331582659871,0.0,0.0,0.0,0.0,0.0,0.0,0.0,0.0,0.0,0.0,0.36663165319742,0.0,0.0,0.0,0.0,0.0,0.0,0.18331582659871,0.0,0.0,0.0,0.0,0.0,0.73326330639484,0.0,0.0,0.0,0.0,0.0,0.0,0.0,0.0,0.0,0.0,0.0,0.0,0.0,0.0,0.0,0.73326330639484,0.18331582659871,0.0,0.0,0.0,0.0,0.0,0.0,0.18331582659871,0.0,0.0,0.0,0.0,2.19978991918452,0.0,0.0,0.0,0.0,1.6498424393883901,0.18331582659871,0.0,0.36663165319742,0.0,0.0,0.0,0.0,0.0,0.0,0.0,0.0,0.0,0.0,0.18331582659871,0.0,0.0,0.0,0.0,0.0,0.18331582659871,0.0,0.0,0.0,0.0,0.0,0.0,0.0,0.0,0.0,0.0,0.0,0.18331582659871,0.0,0.0,0.0,0.0,0.0,0.0,0.0,0.0,0.0,0.0,0.0,0.0,0.0,0.0,0.0,0.0,0.0,0.0,0.0,0.0,0.0,0.0,0.0,0.0,0.0,0.18331582659871,0.0,0.0,0.0
2.38310574578323,0.0,0.0,0.36663165319742,0.36663165319742,0.18331582659871,0.36663165319742,0.0,0.18331582659871,0.36663165319742,1.2832107861909712,1.46652661278968,5.6827906245600115,0.0,0.36663165319742,0.18331582659871,0.0,3.483000705375491,0.0,0.18331582659871,0.0,0.0,0.18331582659871,0.36663165319742,0.0,0.18331582659871,0.36663165319742,0.0,0.18331582659871,0.18331582659871,0.0,0.0,0.0,0.0,0.0,0.0,0.36663165319742,0.0,0.0,0.0,0.73326330639484,0.0,0.36663165319742,2.0164740925858102,1.6498424393883901,1.28321078619097,0.36663165319742,0.18331582659871,0.18331582659871,3.84963235857291,0.18331582659871,0.0,0.36663165319742,0.36663165319742,0.0,0.18331582659871,0.0,0.18331582659871,0.0,0.0,0.18331582659871,0.18331582659871,0.0,0.18331582659871,0.0,0.0,0.0,1.28321078619097,1.09989495959226,0.18331582659871,0.0,1.09989495959226,0.0,0.18331582659871,0.0,0.0,0.0,0.0,0.0,0.0,0.0,0.0,0.0,0.0,0.0,1.09989495959226,0.0,1.6498424393883901,1.28321078619097,0.0,0.18331582659871,0.0,0.0,0.0,0.18331582659871,0.0,0.18331582659871,0.0,0.0,0.0,0.0,0.18331582659871,1.09989495959226,0.0,0.0,0.0,0.0,0.0,0.0,0.0,0.0,0.0,0.18331582659871,0.18331582659871,0.54994747979613,0.0,0.36663165319742,1.28321078619097,0.0,0.0,0.0,1.8331582659871002,2.5664215723819397,0.0,5.499474797961297,0.0,0.0,0.18331582659871,0.0,0.0,0.0,0.18331582659871,0.0,0.18331582659871,0.73326330639484,0.0,0.0,0.0,0.0,0.18331582659871,0.36663165319742,12.465476208712287,0.0,0.0,0.0,0.0,0.18331582659871,0.0,0.0,0.0,0.36663165319742,0.0,0.0,0.0,0.0,0.54994747979613,0.91657913299355,0.0,0.0,0.0,0.0,0.18331582659871,0.36663165319742,0.0,0.0,0.0,0.36663165319742,0.91657913299355,0.36663165319742,0.0,4.766211491566454,0.18331582659871,0.54994747979613,0.0,0.0,0.0,0.0,0.54994747979613,0.0,0.0,0.0,0.0,2.0164740925858102,0.18331582659871,1.46652661278968,0.0,0.0,0.0,0.0,0.54994747979613,0.54994747979613,0.0,0.0,0.0,0.18331582659871,0.36663165319742,0.0,1.09989495959226,0.18331582659871,0.0,0.0,0.0,0.0,0.0,0.0,0.18331582659871,0.0,0.0,0.0,0.0,0.0,0.18331582659871,0.0,0.0,1.09989495959226,0.0,0.0,0.0,0.0,0.0,2.5664215723819415,0.0,0.36663165319742,0.36663165319742,0.36663165319742,0.0,0.54994747979613,0.0,0.0,0.0,0.0,0.0,0.0,0.54994747979613,0.54994747979613,0.54994747979613,0.0,0.0,0.0,0.0,0.0,0.0,1.28321078619097,0.0,0.0,0.0,0.36663165319742,0.36663165319742,0.0,0.0,0.18331582659871,0.0,0.0,0.0,0.0,0.0,0.0,0.0,0.0,0.0,0.0,0.36663165319742,0.18331582659871,0.0,0.0,0.0,0.0,0.0,0.0,0.0,0.0,0.0,0.18331582659871,0.0,1.09989495959226,0.0,0.0,0.18331582659871,0.0,0.0,0.0,0.0,0.0,0.0,0.0,0.0,0.0,0.0,0.0,0.0,0.0,0.36663165319742,0.0,0.18331582659871,0.0,0.0,0.0,0.0,0.0,0.0,0.0,0.0,0.0,0.0,0.0,0.0,0.0,0.0,0.0,0.0,0.0,0.0,0.0,0.0,0.0,0.0,0.0,0.0,0.0,0.0,0.0,0.0,0.0,0.0,0.0,0.0,0.0,0.9165791329935501,0.0,0.0,0.0,0.0,0.0,0.18331582659871,0.0,0.0,0.0,0.0,0.0,0.0,0.0,0.0,0.0,0.0,0.0
0.0,0.36663165319742,0.0,0.0,0.0,0.0,0.0,0.54994747979613,0.0,1.46652661278968,0.0,0.0,0.0,0.18331582659871,0.0,0.0,0.0,0.0,0.0,0.0,0.0,0.18331582659871,0.0,0.0,0.18331582659871,0.73326330639484,0.0,0.0,0.0,0.0,0.0,0.0,0.0,0.0,0.0,0.0,0.0,0.18331582659871,0.0,0.0,0.0,0.0,0.0,16.865056047081346,0.54994747979613,0.0,0.18331582659871,0.0,0.0,0.0,0.0,0.0,0.0,0.18331582659871,0.0,0.18331582659871,0.18331582659871,0.0,0.0,0.0,0.18331582659871,0.73326330639484,0.18331582659871,0.0,0.0,1.09989495959226,0.0,0.0,0.0,0.0,0.0,0.0,0.0,0.0,0.0,0.0,0.0,0.0,0.73326330639484,0.0,0.0,0.0,0.0,0.0,0.0,0.0,0.0,0.0,0.0,0.0,0.0,0.0,0.0,0.0,0.0,0.18331582659871,0.0,0.0,0.0,0.0,0.0,0.0,0.0,0.0,0.0,0.18331582659871,0.0,0.0,0.0,0.0,0.0,0.0,0.18331582659871,0.0,0.0,0.0,0.0,0.0,0.0,0.18331582659871,0.0,0.0,0.0,0.0,0.0,9.349107156534222,0.0,0.0,0.0,0.0,0.0,0.0,0.0,0.0,0.0,0.18331582659871,0.0,0.0,0.0,0.54994747979613,0.0,0.0,1.6498424393883913,0.0,0.0,0.0,0.0,0.0,0.0,0.0,0.0,0.0,0.0,0.0,0.0,0.0,0.0,0.18331582659871,0.0,0.0,0.0,0.73326330639484,0.0,0.0,0.0,0.0,0.0,0.0,0.0,0.0,0.0,0.0,0.0,0.0,0.0,0.54994747979613,0.0,0.54994747979613,0.0,0.0,0.0,0.0,0.0,0.0,0.0,0.0,0.0,0.0,0.0,0.0,0.0,0.0,0.0,0.0,0.0,0.0,0.0,0.0,0.18331582659871,0.0,0.0,0.0,0.0,0.0,0.0,0.0,0.0,1.46652661278968,0.0,0.18331582659871,0.0,0.18331582659871,0.0,0.0,0.0,0.0,0.0,0.0,0.0,0.0,0.0,0.0,0.0,0.0,0.0,0.0,0.0,0.0,0.0,0.0,0.0,0.0,0.0,0.0,0.0,0.0,0.0,0.0,0.0,0.0,0.0,0.18331582659871,0.0,0.0,0.0,0.0,0.0,0.0,0.0,0.0,0.0,0.18331582659871,0.18331582659871,0.0,0.0,0.0,0.0,0.0,0.36663165319742,0.0,0.0,0.0,0.0,0.0,0.18331582659871,0.0,0.0,0.0,0.0,0.0,0.0,0.0,0.0,0.0,0.0,0.0,0.0,0.0,0.0,0.0,0.0,0.0,0.73326330639484,0.0,0.0,0.0,0.0,0.0,0.0,0.0,0.0,0.0,0.0,0.0,0.0,0.0,0.0,0.0,0.0,0.0,0.0,0.0,0.0,0.0,0.0,0.0,0.0,0.0,0.0,0.0,0.0,0.54994747979613,0.73326330639484,0.0,0.0,0.0,0.0,0.0,0.0,1.649842439388395,0.0,0.0,0.0,0.0,0.0,0.0,0.0,0.0,0.0,0.0,0.0,0.0,0.0,0.0,0.0,0.0,0.0,0.0,0.0,0.0,0.0,0.0,0.0,0.0,0.0
0.0,0.0,0.0,0.0,0.18331582659871,0.0,0.0,0.0,0.0,0.0,0.0,0.0,0.0,0.0,0.0,0.0,0.0,0.0,0.0,0.0,0.18331582659871,1.28321078619097,0.36663165319742,0.0,0.54994747979613,0.0,0.0,0.0,0.0,0.0,0.0,0.0,0.0,2.3831057457832303,0.0,0.0,0.0,0.0,0.0,0.0,0.0,0.0,0.0,0.0,0.36663165319742,0.0,0.0,0.0,0.0,0.0,0.0,0.0,0.0,0.0,0.0,0.0,0.0,0.0,0.0,0.0,0.18331582659871,0.0,0.0,0.0,0.0,0.9165791329935501,0.0,0.0,0.0,0.18331582659871,0.0,0.0,0.0,0.0,0.0,0.0,0.0,0.0,0.0,0.0,0.18331582659871,0.0,0.0,0.36663165319742,0.0,0.0,0.0,0.0,0.0,0.0,0.0,0.0,0.0,0.0,0.0,0.0,0.0,0.0,0.0,0.18331582659871,0.0,0.0,0.0,0.0,0.0,0.0,0.0,0.0,0.36663165319742,0.0,0.0,0.0,0.0,0.0,0.0,0.0,0.0,0.36663165319742,0.0,0.0,0.0,0.0,0.0,0.0,0.0,0.36663165319742,0.91657913299355,0.0,0.0,0.0,0.0,0.0,0.0,0.0,0.18331582659871,0.0,0.0,0.0,0.18331582659871,0.54994747979613,0.0,0.0,0.0,0.18331582659871,0.0,0.0,0.0,0.0,0.0,0.0,0.0,0.0,0.0,0.0,0.0,0.0,0.0,0.0,0.0,0.0,0.0,1.6498424393883901,0.0,0.0,0.0,0.0,0.0,0.0,0.0,0.0,0.0,0.0,0.0,0.0,0.0,0.54994747979613,0.0,1.0998949595922611,0.0,0.0,0.54994747979613,0.0,0.0,0.0,0.0,0.0,0.0,0.0,0.0,0.0,0.0,0.0,0.0,0.0,0.0,0.0,0.0,0.0,0.0,0.18331582659871,0.18331582659871,0.0,0.0,0.0,0.0,0.0,0.0,0.0,0.0,0.0,0.0,1.46652661278968,0.0,0.0,0.0,0.0,0.0,0.0,0.0,0.0,0.0,0.0,0.18331582659871,0.0,0.0,0.0,0.18331582659871,0.0,0.0,0.0,0.0,0.0,0.0,0.0,0.0,0.0,0.0,0.0,0.0,0.0,0.0,0.0,0.0,0.0,0.0,0.0,0.0,0.0,0.0,0.0,0.0,0.0,0.36663165319742,0.0,0.0,0.0,0.0,0.0,2.566421572381941,0.0,0.18331582659871,0.0,0.0,0.0,0.54994747979613,0.0,0.0,0.0,0.0,0.0,0.0,0.0,0.0,0.0,0.0,0.0,0.0,0.0,0.0,0.0,0.0,0.0,0.0,0.0,0.0,0.0,0.0,0.0,1.46652661278968,0.0,0.0,0.0,0.0,0.0,0.0,0.0,0.0,0.0,0.0,0.0,0.0,0.0,0.0,0.0,0.0,0.0,0.0,0.0,0.0,0.0,0.0,0.0,0.0,0.0,0.0,0.0,0.0,0.0,0.0,1.46652661278968,0.0,0.0,0.0,0.0,0.0,0.0,0.0,0.0,0.0,0.0,0.0,0.0,0.0,0.0,0.0,0.0,0.0,0.0,0.0,0.0,0.0,0.0,0.0,0.0,0.0
1.09989495959226,0.9165791329935501,0.18331582659871,0.0,0.36663165319742,0.18331582659871,0.0,0.0,0.18331582659871,0.18331582659871,0.18331582659871,0.18331582659871,0.18331582659871,0.0,4.032948185171623,0.36663165319742,0.0,0.18331582659871,0.0,0.0,0.0,0.0,0.36663165319742,0.18331582659871,0.0,0.0,0.9165791329935501,0.9165791329935501,2.3831057457832303,0.36663165319742,0.0,0.0,0.0,0.0,0.0,0.18331582659871,0.36663165319742,0.0,0.0,0.0,0.18331582659871,0.0,0.18331582659871,0.18331582659871,1.09989495959226,0.0,0.0,0.36663165319742,0.0,0.54994747979613,0.18331582659871,0.0,0.0,0.9165791329935501,0.54994747979613,4.399579838369029,0.0,0.0,0.0,0.36663165319742,0.0,0.18331582659871,0.0,0.0,0.0,0.0,0.0,0.18331582659871,0.0,0.0,0.0,0.73326330639484,0.54994747979613,0.54994747979613,0.0,0.0,0.18331582659871,0.36663165319742,0.0,0.0,0.36663165319742,0.0,0.0,0.0,0.0,0.0,0.0,0.0,0.0,0.18331582659871,0.0,0.0,0.18331582659871,0.0,0.9165791329935501,0.0,0.0,0.0,0.0,0.0,0.0,0.36663165319742,0.18331582659871,0.0,0.0,0.0,0.0,0.0,0.0,0.18331582659871,0.18331582659871,0.0,0.0,0.0,0.0,0.0,0.0,0.0,0.0,0.0,0.18331582659871,8.982475503336797,0.0,0.0,0.0,0.0,0.0,2.74973739898065,0.0,0.0,0.0,0.18331582659871,0.0,0.18331582659871,0.0,0.0,0.0,0.0,0.0,0.0,0.0,0.0,0.36663165319742,0.0,0.0,0.0,0.18331582659871,0.0,0.0,0.0,0.0,0.0,0.0,0.0,0.0,0.0,0.0,0.0,0.0,0.0,0.0,0.0,0.18331582659871,0.0,0.18331582659871,0.0,0.36663165319742,0.18331582659871,0.36663165319742,0.0,0.0,0.0,0.0,0.0,0.0,0.0,0.0,0.0,0.0,0.0,0.0,1.09989495959226,0.0,0.0,0.0,0.0,0.0,0.0,0.0,0.0,0.0,0.18331582659871,0.0,0.0,0.0,0.18331582659871,0.54994747979613,0.0,0.0,0.0,0.36663165319742,0.0,0.0,0.0,0.0,0.18331582659871,0.0,0.0,0.0,0.0,0.0,0.0,0.0,0.0,0.0,0.0,0.36663165319742,0.0,0.0,0.0,0.0,0.0,0.54994747979613,0.0,0.0,0.0,0.0,0.0,0.0,0.0,0.0,0.0,0.0,0.0,0.0,1.09989495959226,0.0,0.0,0.0,0.0,0.0,0.0,0.0,0.0,0.0,0.0,0.0,1.28321078619097,0.0,0.0,0.0,0.18331582659871,0.0,0.0,0.0,0.0,0.0,0.0,0.0,0.0,0.0,0.0,0.0,0.0,0.0,0.0,0.0,0.0,0.0,0.0,0.0,0.0,0.18331582659871,0.0,0.0,0.0,0.0,0.0,0.0,0.0,0.0,0.0,0.0,0.0,0.0,0.0,0.0,0.0,0.0,0.0,0.0,1.28321078619097,0.0,0.0,0.0,0.0,0.0,0.0,0.0,0.0,0.0,0.0,0.0,0.0,0.0,0.0,0.0,0.0,0.0,0.0,0.0,0.36663165319742,0.0,0.18331582659871,0.0,0.0,0.0,0.0,0.0,0.0,0.0,0.0,0.0,0.0,0.0,0.0,0.0,0.18331582659871,0.18331582659871,0.0,0.18331582659871,0.0,0.0,0.0,0.0,0.0,0.0,0.0,0.0,0.0,0.0,0.0,0.0,0.0,0.0
0.0,0.36663165319742,0.0,0.0,0.18331582659871,0.0,3.6663165319742013,0.0,0.0,0.18331582659871,0.9165791329935501,0.18331582659871,0.0,10.815633769323878,0.0,0.0,0.0,0.54994747979613,0.0,0.73326330639484,0.0,0.0,0.36663165319742,0.0,0.0,0.0,0.0,0.0,0.0,3.1163690521780714,0.0,0.0,0.0,0.0,0.0,0.0,0.18331582659871,0.0,0.0,0.0,0.18331582659871,0.0,0.0,1.09989495959226,0.54994747979613,0.0,0.18331582659871,0.18331582659871,0.0,0.0,0.0,0.0,0.54994747979613,0.18331582659871,0.0,0.0,0.0,0.0,0.0,0.0,0.18331582659871,0.54994747979613,0.0,0.73326330639484,0.0,0.0,0.0,0.18331582659871,0.0,0.0,0.0,0.18331582659871,0.18331582659871,0.18331582659871,0.0,0.0,0.0,10.449002116126486,0.0,0.0,0.0,0.0,0.0,0.0,0.0,0.0,0.0,1.28321078619097,0.36663165319742,0.18331582659871,0.18331582659871,0.0,0.0,0.0,0.18331582659871,0.0,0.0,0.0,0.0,0.0,0.0,0.0,0.18331582659871,0.0,0.0,0.0,0.36663165319742,0.0,0.0,0.0,0.0,0.0,0.0,0.0,2.74973739898065,0.0,0.18331582659871,0.0,0.0,0.18331582659871,0.0,0.0,0.0,0.0,0.18331582659871,0.0,0.0,0.0,4.766211491566455,0.0,0.0,0.0,0.0,0.0,0.18331582659871,0.0,0.0,0.0,0.0,0.0,0.0,0.0,0.0,0.0,0.0,0.0,0.18331582659871,0.0,0.0,0.0,0.36663165319742,0.0,0.0,0.0,0.0,2.0164740925858102,0.0,0.0,0.0,0.0,0.0,0.0,0.0,0.0,0.0,0.0,0.36663165319742,0.18331582659871,0.0,0.0,0.0,0.0,0.0,0.0,0.0,0.0,0.0,0.18331582659871,0.0,0.0,0.0,0.0,0.0,0.0,0.0,0.0,2.1997899191845214,0.0,0.0,1.2832107861909712,0.36663165319742,0.0,0.0,0.0,0.0,0.0,0.0,1.46652661278968,0.0,0.73326330639484,0.0,0.0,0.0,0.0,0.0,0.0,0.0,0.0,0.18331582659871,0.0,0.0,0.0,0.54994747979613,0.18331582659871,0.0,0.18331582659871,0.0,0.0,0.0,0.0,0.0,0.0,1.6498424393883901,0.0,0.9165791329935501,0.18331582659871,0.18331582659871,0.0,0.0,0.0,0.0,0.0,0.0,0.54994747979613,0.0,0.0,0.0,0.18331582659871,0.0,0.0,0.0,0.0,0.0,0.0,0.0,0.0,0.36663165319742,0.0,0.0,0.0,0.0,0.18331582659871,0.0,0.0,0.0,0.0,0.0,0.0,0.0,0.0,0.0,0.0,1.28321078619097,0.0,0.0,0.0,0.0,0.0,0.0,0.0,0.0,0.0,0.0,0.0,3.8496323585729084,0.0,0.0,0.0,0.0,0.0,0.0,0.0,0.0,0.0,0.0,0.0,0.0,0.0,0.0,0.0,0.0,0.0,0.0,0.0,0.0,0.0,0.0,0.0,0.0,0.0,0.0,0.0,0.0,0.0,0.0,0.0,0.0,0.0,0.0,0.0,0.0,0.0,0.0,0.0,0.0,0.0,2.56642157238194,0.0,0.0,0.0,0.0,0.0,0.0,0.0,0.0,0.18331582659871,0.0,0.18331582659871,0.18331582659871,0.0,0.0,0.0,0.0,0.0,0.0,0.0,0.0,0.18331582659871,0.0,0.0,0.0,0.18331582659871,0.0,0.0,0.0
0.0,0.0,0.0,0.0,0.0,0.0,0.36663165319742,0.18331582659871,0.0,0.0,0.18331582659871,0.0,0.0,0.54994747979613,0.0,0.0,0.0,0.0,0.0,0.0,0.0,0.18331582659871,0.0,0.0,0.18331582659871,0.0,0.0,0.0,0.0,0.0,0.18331582659871,0.0,0.0,0.0,0.0,0.0,0.0,0.18331582659871,0.0,0.0,0.0,0.0,0.0,0.36663165319742,0.0,0.0,8.615843850139376,0.18331582659871,0.0,0.0,0.0,0.0,0.18331582659871,0.36663165319742,0.18331582659871,0.0,0.18331582659871,0.0,0.0,0.54994747979613,1.28321078619097,0.0,0.0,0.0,0.0,0.9165791329935501,0.0,0.18331582659871,0.0,0.0,0.0,0.0,0.0,0.0,0.18331582659871,0.0,0.0,0.0,0.0,0.0,0.0,0.18331582659871,0.0,0.0,0.0,0.0,0.0,0.0,0.0,0.0,0.0,0.0,0.18331582659871,0.0,0.0,0.0,0.0,0.0,0.0,0.0,0.0,0.0,0.0,0.0,0.0,0.0,6.232738104356145,0.0,0.0,0.0,0.0,0.0,0.0,0.0,0.0,0.73326330639484,0.0,0.0,0.0,0.18331582659871,0.0,0.0,0.0,0.0,0.0,0.0,0.0,0.0,0.0,9.165791329935507,0.0,0.0,0.0,0.0,0.18331582659871,0.0,0.0,0.0,0.0,0.0,0.0,0.0,0.18331582659871,0.0,0.0,0.0,0.0,0.18331582659871,0.0,0.0,0.0,0.0,0.0,0.0,0.0,0.91657913299355,0.0,0.0,0.0,0.0,0.0,0.0,0.0,0.0,0.0,1.6498424393883901,0.0,0.0,0.0,0.0,0.0,0.36663165319742,0.0,0.0,0.0,0.18331582659871,0.0,1.28321078619097,0.0,0.0,0.0,0.0,0.0,0.18331582659871,0.0,0.0,0.0,0.0,0.0,0.0,0.0,0.0,0.73326330639484,0.0,0.0,0.0,0.0,0.0,0.0,0.0,0.0,0.0,0.0,0.0,0.0,0.0,0.0,0.0,0.0,0.0,0.0,0.0,0.0,0.0,0.0,0.0,0.0,0.0,0.0,0.0,0.0,0.0,0.18331582659871,0.0,0.0,0.0,0.0,0.0,0.18331582659871,0.18331582659871,0.0,0.0,0.0,0.0,0.0,0.0,0.0,0.0,0.0,0.0,0.0,0.0,0.18331582659871,0.0,0.0,0.0,0.0,0.0,0.0,0.0,0.0,0.0,0.0,0.0,0.0,0.0,0.0,0.0,0.0,0.18331582659871,0.0,0.0,0.0,0.0,0.0,0.18331582659871,0.0,0.0,0.0,0.0,0.0,0.0,0.0,0.0,0.0,0.0,0.0,0.0,0.0,0.0,0.0,0.0,0.0,0.0,0.0,0.0,0.0,0.0,0.0,0.0,0.0,0.0,0.0,0.0,0.0,0.0,0.0,0.0,0.0,0.0,0.0,0.0,0.0,0.0,0.0,0.0,0.0,0.18331582659871,0.0,0.0,0.0,0.0,0.0,0.0,0.0,0.0,0.0,0.0,0.0,0.0,0.0,0.0,0.0,0.0,0.0,0.0,0.18331582659871,0.0,0.0,0.0,0.0,0.0,0.0,0.0,0.0,0.0,0.0,0.0,0.0,0.0,0.0,0.0,0.0,0.0,0.0
0.0,0.18331582659871,0.0,0.0,0.0,0.0,0.18331582659871,0.0,0.0,0.0,0.0,0.0,0.0,0.18331582659871,0.0,0.0,0.0,0.54994747979613,0.0,0.0,0.18331582659871,0.0,0.18331582659871,0.0,0.0,0.18331582659871,0.0,0.0,0.0,0.0,0.0,0.0,0.54994747979613,0.0,0.0,0.0,0.0,0.0,0.0,0.0,0.54994747979613,0.0,0.0,0.0,0.18331582659871,0.0,0.0,0.0,0.0,0.18331582659871,0.0,0.18331582659871,0.18331582659871,0.36663165319742,0.0,0.54994747979613,0.0,0.0,0.18331582659871,0.0,0.91657913299355,0.0,0.0,0.0,0.0,0.36663165319742,0.0,0.0,0.0,0.18331582659871,0.0,1.4665266127896799,0.0,0.0,0.0,0.0,0.18331582659871,0.0,0.0,0.0,0.18331582659871,0.0,0.18331582659871,0.0,0.73326330639484,0.0,0.0,0.0,0.0,0.0,0.0,0.0,0.0,0.18331582659871,0.0,0.0,0.0,0.0,0.0,0.0,0.0,0.0,0.0,0.0,0.0,0.0,0.0,0.0,0.0,0.0,0.0,0.18331582659871,0.0,0.0,0.0,0.0,0.0,0.0,0.0,0.0,1.6498424393883913,0.0,0.0,0.0,0.0,0.0,0.0,0.0,0.18331582659871,0.0,1.8331582659871,0.0,0.36663165319742,0.0,0.18331582659871,0.0,0.54994747979613,0.0,0.0,0.0,0.36663165319742,0.0,0.0,0.0,0.0,0.0,0.0,0.0,0.0,0.0,0.0,0.0,0.0,0.0,0.0,0.0,0.0,0.0,0.0,0.9165791329935501,0.0,0.36663165319742,0.0,0.0,0.0,0.0,0.0,0.0,0.0,0.0,0.0,0.0,0.0,0.0,0.0,0.0,0.0,2.5664215723819446,0.0,0.0,0.0,0.0,0.36663165319742,0.0,0.0,0.0,0.0,0.0,0.0,0.0,0.0,0.0,0.0,0.0,0.18331582659871,0.0,1.09989495959226,0.0,0.0,0.0,0.0,0.0,0.0,0.0,0.0,0.0,0.0,0.0,0.0,0.0,0.0,0.0,0.0,0.18331582659871,0.0,0.0,0.18331582659871,0.0,0.0,0.0,0.0,0.18331582659871,0.0,0.0,0.0,0.36663165319742,0.0,0.36663165319742,0.54994747979613,0.18331582659871,0.0,0.0,0.18331582659871,0.0,0.18331582659871,0.0,0.0,0.0,0.0,0.0,0.18331582659871,0.0,0.0,0.18331582659871,0.0,0.0,0.18331582659871,0.0,0.0,0.0,0.0,0.0,0.0,0.0,0.0,0.0,0.0,0.0,0.0,0.73326330639484,0.0,0.0,0.0,0.0,0.0,0.54994747979613,0.0,0.0,0.0,0.0,0.0,0.0,0.0,0.18331582659871,0.0,0.0,0.0,0.0,0.0,0.0,0.0,0.0,0.0,0.0,0.0,0.18331582659871,0.0,0.0,0.0,0.0,0.0,0.0,0.73326330639484,0.0,0.0,0.0,0.0,0.54994747979613,0.0,0.0,0.0,0.0,0.0,0.0,0.0,0.0,0.0,0.0,0.0,0.0,0.36663165319742,0.0,0.18331582659871,0.0,0.0,0.0,0.0,0.0,0.0,0.0,0.0,0.0,0.0,0.0,0.0,0.0,0.0,0.0,0.0,0.0,0.0,0.0,0.73326330639484,0.0,0.0,0.0,0.0,0.0,0.0,0.0,0.0,0.54994747979613,0.0,0.0,0.0
0.0,0.18331582659871,0.36663165319742,0.0,0.0,0.36663165319742,0.54994747979613,0.0,0.0,0.18331582659871,0.36663165319742,0.0,0.0,0.18331582659871,4.216264011770328,0.0,0.18331582659871,0.18331582659871,0.0,0.0,0.0,0.0,0.0,0.73326330639484,0.18331582659871,0.0,0.18331582659871,0.18331582659871,0.36663165319742,0.0,0.0,0.0,0.0,0.0,0.0,0.0,0.18331582659871,0.0,0.0,0.0,0.54994747979613,0.0,2.016474092585805,0.18331582659871,0.18331582659871,0.54994747979613,0.18331582659871,0.36663165319742,0.0,10.26568628952776,1.09989495959226,0.0,0.0,1.46652661278968,20.16474092585812,0.18331582659871,0.0,0.0,0.0,0.0,0.36663165319742,0.18331582659871,0.0,0.0,0.0,0.0,0.18331582659871,0.18331582659871,0.0,0.0,0.0,0.54994747979613,0.18331582659871,0.73326330639484,0.18331582659871,0.0,0.0,0.36663165319742,0.0,0.0,0.0,0.0,0.0,0.0,0.0,0.0,0.18331582659871,0.0,0.0,0.0,0.18331582659871,0.0,0.0,0.0,2.0164740925858102,0.0,0.0,0.18331582659871,0.0,0.0,0.18331582659871,0.36663165319742,0.18331582659871,0.0,0.0,0.0,0.0,0.0,0.0,0.0,0.0,0.0,0.0,0.0,0.18331582659871,0.18331582659871,0.0,0.0,0.0,0.0,0.0,1.8331582659871002,0.0,0.0,0.0,0.0,0.0,1.28321078619097,0.0,0.0,0.0,1.28321078619097,0.0,0.0,0.0,0.0,0.0,0.0,0.0,0.0,0.0,0.0,0.18331582659871,0.0,0.0,0.0,0.18331582659871,0.0,0.18331582659871,0.0,0.0,0.0,0.0,0.18331582659871,0.0,0.0,0.0,0.0,0.0,0.0,0.0,0.0,0.0,0.0,0.0,0.0,0.0,0.0,0.18331582659871,0.0,0.18331582659871,0.0,0.0,0.0,0.0,0.0,0.0,0.73326330639484,0.0,0.0,0.0,0.91657913299355,0.0,0.0,0.54994747979613,0.0,0.0,0.0,0.0,0.0,0.0,0.18331582659871,0.0,0.0,0.0,0.18331582659871,0.0,0.0,0.0,0.0,0.0,0.0,0.0,0.0,0.0,0.0,0.0,0.0,0.18331582659871,0.0,0.0,0.0,0.0,0.0,0.0,0.0,0.0,0.0,0.0,0.0,0.0,0.0,0.0,0.0,0.0,0.0,0.18331582659871,0.0,0.0,0.0,0.0,0.0,0.0,0.54994747979613,0.0,0.0,0.0,0.18331582659871,0.0,0.0,0.18331582659871,0.0,0.18331582659871,0.0,0.0,0.0,0.0,0.18331582659871,0.0,0.0,0.0,0.18331582659871,0.0,0.0,0.0,0.0,0.0,0.0,0.0,0.0,0.0,0.0,0.0,0.0,0.0,0.0,0.0,0.0,0.0,0.0,0.0,0.0,0.0,0.0,0.18331582659871,0.0,0.0,0.0,0.0,0.0,0.18331582659871,0.0,0.0,0.0,0.18331582659871,0.0,0.0,0.0,0.0,0.0,0.0,0.18331582659871,0.0,0.0,0.0,0.0,0.0,0.0,0.0,0.0,0.0,0.0,0.0,0.0,0.0,0.0,0.0,0.0,0.0,0.0,0.0,0.0,0.0,0.0,0.0,0.0,0.0,0.0,0.0,0.0,0.0,0.0,0.0,0.0,0.0,0.0,0.0,0.0,0.0,0.0,0.0,0.0,0.0,0.0,0.0,0.0,0.0,0.0,0.0,0.0,0.0,0.0,0.0,0.0,0.0
0.0,0.18331582659871,0.0,0.18331582659871,0.0,0.73326330639484,0.0,1.28321078619097,0.18331582659871,0.0,0.0,0.0,0.0,0.36663165319742,0.18331582659871,0.18331582659871,0.0,0.18331582659871,0.0,0.0,0.18331582659871,0.0,0.0,0.0,0.0,0.0,0.0,0.0,0.73326330639484,0.0,0.0,0.54994747979613,0.54994747979613,0.0,0.0,0.0,0.0,0.0,0.54994747979613,0.36663165319742,0.0,0.18331582659871,0.0,0.0,0.0,0.0,0.18331582659871,0.18331582659871,0.0,0.0,0.0,0.36663165319742,0.54994747979613,0.18331582659871,0.0,1.4665266127896812,0.0,5.132843144763884,1.6498424393883901,0.0,0.73326330639484,0.18331582659871,0.0,0.0,0.0,11.732212902317423,0.0,0.0,0.18331582659871,0.0,0.0,0.0,0.0,0.0,0.0,0.54994747979613,0.73326330639484,0.0,0.0,0.73326330639484,5.316158971362591,0.0,0.0,0.0,0.9165791329935501,0.18331582659871,0.0,0.0,0.0,0.0,0.18331582659871,0.0,0.0,0.0,0.36663165319742,0.0,0.18331582659871,0.0,0.0,0.0,0.0,0.0,0.0,0.0,0.0,0.0,0.0,7.149317237349687,0.0,0.0,0.0,4.399579838369037,0.0,0.0,0.0,0.0,0.0,0.18331582659871,0.0,0.36663165319742,0.36663165319742,0.9165791329935501,0.0,4.21626401177033,0.0,0.0,0.18331582659871,2.0164740925858102,0.0,0.0,0.73326330639484,0.0,13.565371168304525,0.0,0.0,0.0,0.18331582659871,0.9165791329935501,0.18331582659871,0.18331582659871,0.0,0.0,0.0,0.0,3.6663165319742,0.0,0.0,0.0,0.0,0.0,0.0,0.0,0.0,0.0,2.56642157238194,0.18331582659871,0.0,0.0,0.54994747979613,0.0,0.0,0.0,0.18331582659871,5.866106451158721,0.0,0.18331582659871,0.0,0.0,0.0,5.132843144763875,0.0,0.0,0.0,0.0,0.0,0.0,0.0,3.666316531974206,0.0,0.0,0.0,0.91657913299355,0.0,0.0,0.0,0.0,0.0,0.18331582659871,0.0,0.0,0.0,0.0,0.0,0.0,0.0,0.0,0.18331582659871,0.0,0.0,0.36663165319742,3.1163690521780714,0.0,0.0,0.73326330639484,0.0,0.0,0.18331582659871,0.0,0.0,0.0,0.0,0.0,0.0,1.8331582659871002,0.0,0.0,0.18331582659871,0.0,0.18331582659871,0.73326330639484,0.0,0.0,0.18331582659871,0.18331582659871,0.0,0.36663165319742,0.18331582659871,0.0,0.18331582659871,0.0,0.0,1.8331582659871002,0.0,0.0,2.7497373989806553,0.0,0.9165791329935501,0.0,0.54994747979613,0.0,0.0,0.0,0.0,0.73326330639484,0.18331582659871,0.0,0.0,0.0,0.36663165319742,0.0,0.0,0.0,0.0,0.0,0.0,0.0,0.0,0.0,0.0,0.18331582659871,0.54994747979613,0.0,0.0,0.0,0.0,0.36663165319742,0.0,0.0,0.0,0.0,0.0,0.18331582659871,0.0,0.0,0.0,0.0,0.0,0.0,0.9165791329935501,0.0,0.0,0.0,0.0,0.54994747979613,0.0,0.0,0.18331582659871,0.18331582659871,0.0,0.36663165319742,0.36663165319742,0.0,0.18331582659871,0.73326330639484,0.0,0.0,0.0,0.18331582659871,0.0,0.36663165319742,0.0,0.0,0.0,0.73326330639484,0.0,0.0,0.0,0.0,0.73326330639484,0.0,0.0,0.0,0.0,0.0,0.18331582659871,0.9165791329935501,0.0,5.49947479796131,0.18331582659871,0.0,0.0,0.0,0.0,0.18331582659871,0.0,0.0,0.73326330639484,0.0,0.0,0.0,0.0,0.0,0.0,0.0,0.0,0.0,0.0,0.0,0.0,0.0,0.0,0.0,0.18331582659871,0.0,0.0
0.0,0.36663165319742,0.0,0.0,2.3831057457832303,0.0,0.18331582659871,0.18331582659871,0.18331582659871,0.18331582659871,0.18331582659871,0.18331582659871,0.0,0.18331582659871,0.18331582659871,0.54994747979613,0.36663165319742,0.0,0.36663165319742,0.36663165319742,0.0,0.36663165319742,0.36663165319742,0.0,0.0,0.0,0.54994747979613,2.933053225579361,0.0,0.18331582659871,0.0,0.0,0.0,0.0,0.0,0.18331582659871,0.36663165319742,0.18331582659871,0.0,0.0,0.0,0.0,0.18331582659871,0.18331582659871,0.18331582659871,0.18331582659871,0.0,0.0,0.0,0.18331582659871,0.0,0.0,0.18331582659871,0.18331582659871,0.18331582659871,0.18331582659871,0.0,0.0,0.0,0.0,0.36663165319742,0.73326330639484,0.18331582659871,0.0,0.18331582659871,0.0,0.73326330639484,0.0,0.0,0.0,0.18331582659871,0.54994747979613,0.0,0.0,0.0,0.0,0.0,0.0,0.36663165319742,0.0,0.0,0.0,0.0,2.19978991918452,0.0,0.36663165319742,1.28321078619097,0.0,0.18331582659871,0.18331582659871,2.74973739898065,0.0,1.28321078619097,0.0,0.36663165319742,0.0,0.0,0.0,0.36663165319742,0.0,0.36663165319742,0.18331582659871,1.8331582659871024,0.0,0.18331582659871,0.18331582659871,0.0,0.0,9.532422983132925,2.19978991918452,0.0,0.18331582659871,0.0,1.6498424393883901,0.18331582659871,0.0,0.0,0.0,2.19978991918452,0.0,0.0,2.0164740925858102,0.18331582659871,0.0,0.0,0.0,0.0,0.18331582659871,0.0,0.0,0.0,0.0,0.0,10.632317942725175,0.0,0.0,0.0,0.0,0.0,0.0,1.28321078619097,0.18331582659871,0.36663165319742,0.0,0.0,0.18331582659871,0.0,0.0,0.18331582659871,0.0,0.0,0.18331582659871,0.18331582659871,0.36663165319742,0.0,0.0,0.18331582659871,0.0,0.0,0.0,0.0,0.0,0.0,0.0,0.18331582659871,0.36663165319742,1.46652661278968,0.0,0.36663165319742,0.0,0.0,0.0,0.36663165319742,0.0,0.54994747979613,0.0,0.0,0.9165791329935501,0.0,0.0,0.0,0.18331582659871,0.0,0.18331582659871,0.18331582659871,0.36663165319742,0.0,0.0,0.18331582659871,0.0,0.0,0.0,0.0,0.18331582659871,0.0,0.0,0.0,0.0,0.0,0.0,0.0,0.0,0.18331582659871,0.0,1.8331582659871,0.0,0.0,0.0,0.18331582659871,0.36663165319742,0.0,0.0,0.0,0.0,0.9165791329935501,0.0,0.0,0.0,0.73326330639484,0.0,0.0,0.0,0.18331582659871,0.36663165319742,0.0,0.0,0.0,0.18331582659871,0.0,0.0,0.0,0.0,0.0,0.0,0.0,0.0,0.0,0.0,0.0,0.0,0.0,0.0,0.54994747979613,0.0,0.0,0.0,0.0,0.54994747979613,0.0,0.0,0.0,0.0,0.18331582659871,0.91657913299355,0.0,0.54994747979613,0.0,0.0,0.0,0.0,0.54994747979613,0.0,0.18331582659871,0.0,3.116369052178075,0.0,0.18331582659871,0.0,0.0,0.18331582659871,0.0,0.0,0.0,0.0,0.18331582659871,1.09989495959226,0.0,0.18331582659871,0.0,0.18331582659871,0.0,0.0,0.0,0.0,0.0,0.0,0.0,0.0,0.0,0.0,0.0,0.0,0.0,0.0,0.73326330639484,0.18331582659871,0.0,0.0,0.9165791329935501,0.0,0.0,0.0,0.0,0.0,0.0,0.18331582659871,0.0,0.0,0.0,0.36663165319742,0.36663165319742,0.0,0.36663165319742,0.91657913299355,0.0,0.0,0.0,0.0,0.18331582659871,0.0,0.0,0.0,0.0,0.0,0.0,0.0,0.0,0.0,0.0,0.0,0.0,0.0,0.0,0.0,0.0,0.18331582659871,0.0,0.0,0.0,0.0,0.73326330639484,0.0,0.0,0.0,0.0
0.0,0.36663165319742,0.0,2.0164740925858102,0.0,0.54994747979613,0.0,0.18331582659871,0.0,0.54994747979613,0.0,0.18331582659871,0.0,0.73326330639484,0.0,0.0,0.0,0.36663165319742,0.0,0.18331582659871,1.8331582659871002,0.0,0.73326330639484,0.0,0.0,0.18331582659871,0.0,0.0,0.18331582659871,0.0,0.0,0.0,0.18331582659871,0.0,0.0,0.0,0.0,0.0,0.0,0.0,0.18331582659871,0.0,0.0,0.54994747979613,1.28321078619097,0.18331582659871,0.18331582659871,0.18331582659871,0.0,0.54994747979613,0.0,0.0,0.18331582659871,0.18331582659871,0.0,0.0,0.0,0.0,0.0,0.0,0.18331582659871,0.18331582659871,0.0,0.18331582659871,0.0,0.18331582659871,0.0,0.36663165319742,0.0,0.18331582659871,0.0,0.0,0.0,0.0,0.0,0.18331582659871,0.0,0.18331582659871,0.73326330639484,0.0,0.54994747979613,0.0,0.0,0.0,0.0,0.0,0.0,0.18331582659871,0.18331582659871,0.0,0.91657913299355,0.0,0.0,0.18331582659871,0.0,0.0,0.0,0.0,0.0,0.0,0.0,0.0,0.36663165319742,0.0,0.0,0.0,0.0,0.0,0.0,0.0,0.0,0.0,0.0,0.0,0.54994747979613,0.0,0.0,0.0,0.0,0.18331582659871,0.36663165319742,0.0,0.0,0.18331582659871,0.0,0.0,0.0,0.0,0.0,0.0,0.0,0.0,0.0,0.18331582659871,3.666316531974201,0.0,0.0,0.0,0.0,0.18331582659871,0.0,0.0,0.36663165319742,0.0,0.0,0.0,0.0,0.0,0.0,0.0,0.0,0.0,0.0,0.18331582659871,0.0,0.0,0.0,2.38310574578323,0.0,0.0,0.0,0.0,0.0,0.0,0.0,0.18331582659871,0.0,0.0,0.0,0.0,0.0,0.18331582659871,0.0,0.0,0.0,0.0,0.0,0.18331582659871,0.0,0.0,0.0,0.0,0.0,0.0,0.0,0.0,0.18331582659871,0.0,0.0,0.36663165319742,0.0,0.0,0.0,0.0,0.0,0.0,0.54994747979613,0.0,0.0,0.0,0.0,0.0,0.0,0.0,0.0,0.0,0.0,0.0,0.0,0.0,0.0,0.0,13.198739515107127,0.0,0.0,0.0,0.0,0.0,0.0,0.0,0.0,0.0,0.18331582659871,0.73326330639484,0.18331582659871,0.0,0.18331582659871,0.0,0.0,0.0,0.0,0.0,0.0,0.0,0.0,0.0,0.0,0.0,0.0,0.0,0.0,0.0,0.18331582659871,0.0,0.0,0.0,1.09989495959226,0.0,0.18331582659871,0.0,0.0,0.0,0.0,0.0,0.0,0.0,0.0,0.0,0.0,0.0,0.18331582659871,0.0,0.18331582659871,0.0,0.0,0.0,0.0,0.0,0.18331582659871,0.0,0.0,0.0,0.0,0.0,0.54994747979613,0.0,0.0,0.18331582659871,0.18331582659871,0.0,0.0,0.0,0.0,0.0,0.0,0.0,0.0,0.0,0.0,0.0,0.0,0.18331582659871,0.0,0.0,0.0,0.0,0.0,0.0,0.0,0.0,0.0,0.0,1.28321078619097,0.0,0.0,0.0,0.0,0.0,0.0,0.0,0.0,0.0,0.18331582659871,0.0,0.0,0.0,0.0,0.0,0.0,0.0,0.0,0.0,0.0,0.0,0.18331582659871,0.0,0.0,0.18331582659871,0.0,0.0,0.0,0.0,0.0,0.0,0.0,0.0,0.0,0.0,0.0,0.0,0.0,0.0,0.0,0.0,0.0
0.0,0.18331582659871,0.0,0.0,0.0,0.0,0.0,0.36663165319742,0.0,0.18331582659871,0.0,0.0,0.0,0.18331582659871,0.0,0.0,0.36663165319742,0.0,0.0,0.0,0.0,2.0164740925858102,0.0,0.18331582659871,0.18331582659871,0.0,0.0,0.0,0.0,0.0,0.0,0.0,0.0,0.0,0.0,0.0,0.0,0.0,0.0,0.0,0.0,0.0,0.0,0.18331582659871,0.18331582659871,0.0,1.28321078619097,0.0,0.0,0.0,0.0,0.0,0.0,0.0,0.0,0.18331582659871,0.0,0.0,0.0,0.0,17.415003526877474,0.54994747979613,0.0,0.0,0.0,0.0,0.18331582659871,0.0,0.0,0.0,0.73326330639484,0.0,0.0,0.0,0.0,0.0,0.0,2.74973739898065,0.0,0.0,0.0,0.18331582659871,0.0,0.0,0.0,0.0,0.18331582659871,0.0,0.0,0.0,0.0,0.0,0.0,0.0,12.282160382113576,0.18331582659871,0.0,0.0,0.0,0.18331582659871,0.18331582659871,0.0,0.0,0.18331582659871,0.18331582659871,0.0,0.0,0.0,0.0,0.0,0.0,0.0,0.0,0.0,0.0,0.0,0.0,0.0,0.0,0.0,0.0,0.0,0.0,0.0,0.18331582659871,0.0,0.0,0.0,0.0,0.0,0.0,0.0,0.0,0.0,0.0,1.6498424393883901,0.0,0.0,2.3831057457832294,4.21626401177033,0.0,0.0,0.0,1.09989495959226,0.0,0.0,0.0,0.0,0.0,0.0,0.0,0.18331582659871,0.9165791329935501,0.0,0.0,0.0,0.0,0.0,0.0,0.0,0.0,0.0,0.0,0.0,0.0,0.0,0.0,0.0,0.0,0.0,0.0,0.18331582659871,0.0,0.0,0.0,0.0,0.0,0.54994747979613,0.0,0.0,1.6498424393883901,0.0,0.0,1.6498424393883901,0.0,0.0,0.0,0.0,0.0,0.0,0.0,0.0,0.0,0.54994747979613,0.0,0.0,0.0,0.0,0.18331582659871,0.0,0.0,0.0,0.0,0.0,0.0,0.0,0.0,0.0,0.0,0.0,0.0,0.0,0.0,0.0,0.0,0.0,0.0,0.0,0.0,0.0,0.0,0.0,0.0,0.0,0.0,0.0,0.0,0.0,0.0,0.0,0.0,0.0,0.0,0.0,5.132843144763882,0.0,0.0,0.0,0.0,0.0,0.0,0.0,0.0,0.0,0.0,0.0,0.0,0.0,0.0,0.0,0.0,0.0,0.0,0.0,0.0,0.0,0.0,0.0,0.0,0.0,0.18331582659871,2.19978991918452,0.0,0.0,0.0,0.0,0.0,0.0,0.0,0.0,0.18331582659871,0.0,0.0,0.0,0.0,0.0,0.0,0.0,0.0,0.0,0.0,0.0,0.36663165319742,0.0,0.0,0.0,0.0,0.0,0.0,0.0,0.0,0.0,0.0,0.0,0.0,0.0,0.0,0.0,0.0,0.0,0.0,0.0,0.18331582659871,0.0,0.73326330639484,0.0,0.0,1.09989495959226,0.0,0.0,0.0,0.0,0.0,0.0,0.0,0.0,0.0,0.0,0.0,0.0,0.0,0.0,0.36663165319742,0.0,0.0,0.0,0.0,0.0,0.0,0.0,0.0,0.0,0.0,0.0,2.383105745783231,0.0,0.0,0.0,0.0,0.0,0.0,0.0,0.0,0.0,0.0
0.0,0.0,0.0,0.0,0.0,0.36663165319742,0.0,0.18331582659871,0.0,0.0,0.0,0.0,0.0,0.18331582659871,0.0,0.0,0.0,0.0,0.0,0.0,1.09989495959226,0.0,0.73326330639484,0.18331582659871,0.0,0.0,0.0,0.0,0.0,0.0,0.0,0.18331582659871,0.0,0.0,0.0,0.18331582659871,0.0,0.0,0.54994747979613,0.0,0.0,0.18331582659871,0.0,0.0,0.0,0.0,0.0,0.0,0.0,0.54994747979613,0.0,0.18331582659871,1.09989495959226,0.0,0.0,1.09989495959226,0.0,0.0,0.18331582659871,0.18331582659871,0.18331582659871,0.0,0.0,0.18331582659871,0.18331582659871,0.18331582659871,0.0,0.18331582659871,0.0,0.0,0.0,0.0,0.18331582659871,0.0,0.0,0.18331582659871,0.0,0.0,0.0,0.36663165319742,0.18331582659871,0.0,0.0,0.0,0.0,0.0,0.0,0.0,0.0,0.0,0.0,0.0,0.0,0.0,0.0,0.0,0.0,0.0,0.0,0.0,0.0,0.18331582659871,0.0,0.0,0.0,0.0,0.0,0.0,0.18331582659871,0.0,0.0,0.0,0.0,0.0,0.0,0.0,0.0,0.0,0.0,3.48300070537549,0.36663165319742,0.18331582659871,0.0,0.0,0.0,0.0,0.0,0.0,0.18331582659871,0.0,2.56642157238194,0.0,0.36663165319742,0.0,0.0,0.0,2.199789919184525,0.0,0.0,0.18331582659871,0.18331582659871,0.0,0.0,0.0,0.0,0.0,0.18331582659871,0.0,0.0,0.0,0.0,0.0,0.18331582659871,0.0,0.0,0.0,0.0,0.0,0.0,0.36663165319742,0.0,0.0,0.0,2.199789919184521,0.0,0.18331582659871,0.0,0.0,0.0,0.0,0.0,0.0,0.0,0.0,0.0,0.0,0.0,1.09989495959226,0.0,0.0,0.0,0.0,0.0,0.0,0.0,0.0,0.0,0.0,0.0,0.0,0.0,0.0,0.18331582659871,0.0,0.0,0.0,0.0,0.0,0.0,0.18331582659871,0.18331582659871,0.0,0.0,11.732212902317446,0.0,0.0,0.18331582659871,0.0,0.0,0.0,0.18331582659871,0.0,0.18331582659871,0.36663165319742,0.0,0.0,0.18331582659871,0.0,0.18331582659871,0.0,0.0,0.0,0.18331582659871,0.0,0.18331582659871,0.0,0.0,0.18331582659871,0.18331582659871,0.0,0.0,0.0,0.0,0.18331582659871,0.54994747979613,0.0,0.36663165319742,0.0,0.0,0.0,0.0,0.0,0.0,0.0,0.36663165319742,3.6663165319742013,0.0,0.0,0.0,0.18331582659871,0.0,0.0,0.0,0.0,0.0,0.0,0.0,0.36663165319742,0.0,0.36663165319742,0.18331582659871,0.0,0.0,0.0,0.0,0.0,0.0,0.0,0.18331582659871,0.0,0.0,0.0,0.0,0.0,0.18331582659871,0.0,0.0,0.0,0.0,0.0,0.0,0.0,0.0,0.18331582659871,0.0,0.0,0.0,0.0,0.0,0.0,0.54994747979613,0.0,0.0,0.0,0.18331582659871,0.0,0.0,0.0,0.0,0.0,0.0,0.0,0.0,0.0,0.0,0.0,0.0,0.0,0.0,0.0,0.0,0.0,0.0,0.0,0.0,0.18331582659871,0.0,0.0,0.0,0.0,0.0,0.0,0.0,0.0,0.0,0.36663165319742,0.0,0.0,0.0,0.0,0.0,0.0,0.0,0.0,0.0,0.0,0.0,0.0,0.18331582659871,0.0,0.0,0.18331582659871,0.0,0.0,0.0
0.0,0.0,0.0,0.0,0.0,0.0,0.18331582659871,0.0,0.0,0.0,0.0,0.0,0.0,0.0,0.0,0.0,0.0,0.0,0.0,0.0,0.0,0.0,0.36663165319742,0.0,0.0,0.0,0.0,0.0,0.0,0.0,0.0,0.0,0.18331582659871,0.0,0.0,0.0,0.0,0.0,0.0,0.0,0.0,0.0,0.0,0.0,0.0,0.0,0.0,0.18331582659871,0.0,0.0,0.0,0.18331582659871,0.36663165319742,0.0,0.0,0.0,0.0,0.0,0.0,0.0,0.0,0.0,0.0,0.0,0.0,0.0,0.0,0.0,0.0,0.0,0.0,0.0,0.0,0.0,0.0,0.0,0.0,0.0,0.0,0.0,0.0,0.0,0.0,0.0,0.0,0.0,0.0,0.0,0.18331582659871,0.0,0.0,0.0,0.0,0.0,0.0,0.0,0.0,0.0,0.0,0.0,0.0,0.0,0.0,0.0,0.0,0.0,0.0,2.3831057457832303,0.0,0.0,0.0,0.9165791329935501,0.0,0.0,0.0,0.0,0.0,0.0,0.0,0.0,0.0,0.0,0.0,0.0,0.0,0.0,0.0,0.0,0.0,0.0,0.0,0.0,0.9165791329935501,0.0,0.0,0.0,0.0,5.132843144763882,0.0,0.0,0.0,0.0,0.0,0.0,0.0,0.0,0.0,0.0,0.0,0.0,0.0,0.0,0.0,0.0,0.0,0.0,0.0,0.0,0.0,0.0,0.0,0.0,0.0,4.3995798383690445,0.0,0.0,0.0,0.0,0.0,3.4830007053754897,0.0,0.0,0.0,0.0,0.0,0.0,0.0,5.132843144763877,0.0,0.0,0.0,0.0,0.0,0.0,0.0,0.0,0.0,0.36663165319742,0.0,0.0,0.0,0.0,0.0,0.0,0.18331582659871,0.0,0.0,0.0,0.0,0.18331582659871,0.18331582659871,0.0,0.0,0.91657913299355,0.0,0.0,0.0,0.0,0.0,0.0,0.0,0.0,0.0,0.0,0.0,0.0,0.0,0.0,2.749737398980655,6.966001410750974,0.0,0.0,0.18331582659871,0.0,0.0,0.0,0.0,0.0,0.0,0.0,0.0,0.0,0.0,0.0,0.0,0.0,0.0,0.0,0.0,0.0,0.0,0.0,0.0,0.0,0.0,0.0,0.0,0.0,0.0,0.0,0.0,0.0,0.0,0.0,0.0,0.0,0.0,0.0,0.0,0.0,0.0,0.0,0.0,0.0,0.0,0.0,0.0,0.0,0.18331582659871,0.0,0.0,0.0,0.0,0.0,0.0,0.0,0.0,0.0,0.0,0.0,0.0,0.0,0.0,0.0,0.0,0.0,0.0,3.6663165319742,0.0,0.0,0.0,0.0,0.18331582659871,0.0,0.0,0.0,0.0,0.0,0.0,1.8331582659871002,0.0,0.0,0.0,0.0,0.0,0.0,0.0,0.0,0.0,0.0,0.0,0.0,0.0,0.0,0.18331582659871,0.0,0.0,0.0,0.0,0.0,0.0,0.0,0.0,0.0,0.0,0.0,0.0,0.0,0.0,0.0,0.0,0.36663165319742,0.0,0.0,0.0,0.0,0.0,0.0,0.0,0.0,0.0,0.0,0.18331582659871,0.0,0.0
0.0,0.0,0.0,0.0,0.0,0.18331582659871,0.18331582659871,0.18331582659871,0.0,0.0,0.0,2.38310574578323,0.0,0.36663165319742,0.0,0.0,0.73326330639484,0.18331582659871,0.0,0.0,0.0,7.69926471714582,0.0,0.0,0.18331582659871,0.0,0.0,0.0,0.0,0.0,0.0,0.0,0.18331582659871,0.0,0.0,0.0,0.0,0.0,0.0,0.0,0.0,0.0,0.0,0.18331582659871,0.18331582659871,0.0,0.18331582659871,0.0,0.0,0.0,0.0,0.0,0.18331582659871,0.0,0.0,0.0,0.0,0.0,0.0,0.0,1.09989495959226,0.18331582659871,0.36663165319742,0.0,0.18331582659871,0.36663165319742,0.0,0.36663165319742,0.0,0.0,1.09989495959226,0.0,0.0,0.0,0.0,0.0,0.0,1.09989495959226,0.0,0.0,0.0,0.0,0.0,0.0,0.0,0.0,0.73326330639484,0.0,0.0,0.36663165319742,0.0,0.0,0.18331582659871,0.0,0.36663165319742,0.36663165319742,0.0,0.0,0.0,2.19978991918452,0.0,0.0,0.0,0.0,0.36663165319742,0.0,0.0,0.0,0.0,4.032948185171625,0.0,0.0,0.36663165319742,0.0,0.0,0.0,0.0,0.54994747979613,0.0,0.18331582659871,0.0,0.18331582659871,0.0,0.0,0.0,0.0,0.36663165319742,0.0,0.0,0.0,0.0,0.0,0.18331582659871,0.18331582659871,0.0,0.9165791329935501,0.0,0.0,9.165791329935487,2.9330532255793598,0.0,0.0,0.0,1.6498424393883901,0.0,0.36663165319742,0.0,0.0,0.0,0.36663165319742,0.0,0.0,1.28321078619097,0.0,0.0,0.0,0.0,0.0,0.0,0.0,9.165791329935514,0.18331582659871,0.0,0.0,0.18331582659871,0.0,0.0,0.0,0.0,0.0,0.0,0.0,0.0,0.0,0.0,0.18331582659871,0.0,0.73326330639484,0.0,0.0,0.0,0.0,0.0,0.0,0.0,0.18331582659871,0.0,0.0,0.0,0.18331582659871,0.0,0.0,0.0,0.0,0.0,0.0,0.0,0.0,0.9165791329935501,0.0,0.0,0.0,0.0,0.0,1.28321078619097,0.0,0.0,0.0,0.0,0.0,0.0,0.54994747979613,0.0,0.0,0.0,0.0,0.0,0.0,0.0,0.0,0.0,0.0,0.0,0.0,0.0,0.0,0.0,0.0,0.0,0.0,0.0,0.0,0.0,1.8331582659871002,1.46652661278968,0.18331582659871,0.0,0.0,0.0,0.0,0.0,0.0,0.0,0.0,0.0,0.0,0.0,0.0,0.0,0.0,0.0,0.0,0.36663165319742,0.0,0.0,0.0,0.36663165319742,0.0,0.0,0.0,0.0,2.0164740925858102,0.0,0.0,0.0,0.0,0.18331582659871,0.36663165319742,0.0,0.0,3.483000705375495,0.0,0.0,0.0,0.0,0.0,0.36663165319742,0.0,0.0,0.73326330639484,0.0,0.0,0.54994747979613,0.0,0.18331582659871,0.0,0.0,0.0,0.18331582659871,0.0,0.0,0.0,0.0,0.0,0.0,0.0,0.0,0.0,0.0,0.0,0.0,0.0,0.73326330639484,0.0,0.36663165319742,0.18331582659871,0.0,1.46652661278968,0.0,0.0,0.0,0.0,0.0,0.0,0.0,0.0,0.0,0.0,0.0,0.18331582659871,0.0,0.0,0.18331582659871,0.0,0.0,0.0,0.0,0.0,0.0,0.0,0.0,0.0,0.0,0.0,1.09989495959226,0.36663165319742,0.0,0.0,0.0,0.0,0.0,0.0,0.0,0.0,0.0
0.0,0.36663165319742,0.0,0.0,0.0,4.76621149156646,1.28321078619097,0.0,0.0,0.18331582659871,0.18331582659871,0.18331582659871,0.0,0.18331582659871,0.18331582659871,0.18331582659871,1.09989495959226,0.18331582659871,0.18331582659871,0.0,0.18331582659871,12.8321078619097,0.18331582659871,0.18331582659871,0.36663165319742,0.0,0.18331582659871,0.36663165319742,0.18331582659871,0.18331582659871,0.0,0.0,0.0,1.46652661278968,0.18331582659871,0.0,0.0,0.0,0.0,0.0,0.0,0.0,0.0,0.0,0.18331582659871,0.0,0.18331582659871,0.18331582659871,0.0,0.0,0.0,0.0,0.18331582659871,0.0,0.0,0.0,0.0,0.0,0.0,0.0,1.28321078619097,0.54994747979613,0.18331582659871,0.0,0.54994747979613,0.18331582659871,0.0,0.0,0.0,0.0,2.19978991918452,0.18331582659871,0.0,0.0,0.0,0.0,0.0,1.09989495959226,0.18331582659871,0.0,0.18331582659871,0.18331582659871,0.0,0.18331582659871,0.0,0.0,6.232738104356143,0.0,0.0,0.36663165319742,0.0,0.18331582659871,0.0,0.0,0.0,1.28321078619097,0.0,0.18331582659871,0.0,2.19978991918452,0.0,0.0,0.0,0.0,1.6498424393883913,0.36663165319742,0.0,0.0,0.0,0.18331582659871,0.0,0.0,1.09989495959226,0.0,0.0,0.0,0.0,1.28321078619097,0.0,0.0,0.0,0.36663165319742,0.0,0.0,0.0,0.54994747979613,0.9165791329935501,0.0,0.0,0.0,0.0,0.0,0.0,0.18331582659871,0.54994747979613,3.29968487877678,0.0,0.0,1.8331582659871002,23.2811099780362,0.0,0.0,0.0,4.76621149156646,0.0,0.36663165319742,0.0,0.0,0.0,1.6498424393883901,0.18331582659871,0.18331582659871,1.28321078619097,0.0,0.0,0.0,0.18331582659871,0.18331582659871,0.0,0.0,1.6498424393883901,0.18331582659871,0.0,0.18331582659871,0.54994747979613,0.0,0.18331582659871,0.0,0.0,0.0,0.0,0.0,0.0,0.0,0.0,0.18331582659871,0.0,1.46652661278968,0.0,0.0,0.18331582659871,0.0,0.0,0.36663165319742,0.0,0.18331582659871,0.0,0.0,0.0,0.0,0.0,0.0,0.18331582659871,0.0,0.0,0.36663165319742,0.18331582659871,0.0,2.74973739898065,0.0,0.0,0.0,0.0,0.0,0.0,0.0,0.0,0.0,0.0,0.0,0.0,0.9165791329935501,0.0,0.0,0.0,0.0,0.0,0.0,0.0,0.0,0.0,0.0,0.0,0.0,0.0,0.0,0.0,0.0,0.0,0.0,0.0,0.0,0.18331582659871,0.0,3.8496323585729098,0.0,0.0,0.0,0.0,0.0,0.0,0.0,0.0,0.0,0.0,0.0,0.0,0.0,0.0,0.0,0.0,0.0,0.18331582659871,0.0,0.0,0.0,1.28321078619097,0.0,0.73326330639484,0.0,0.0,4.216264011770331,0.0,0.0,1.6498424393883901,0.0,0.54994747979613,0.9165791329935501,0.0,0.0,0.36663165319742,0.0,0.0,0.0,0.0,0.0,0.0,0.0,0.0,0.18331582659871,0.0,0.0,1.28321078619097,0.0,0.0,0.0,0.0,0.0,0.9165791329935501,0.0,0.0,0.0,0.0,0.0,0.0,0.0,0.0,0.0,0.0,0.0,0.18331582659871,0.0,4.216264011770331,0.0,1.8331582659871002,0.0,0.18331582659871,0.18331582659871,0.0,0.0,0.0,0.0,0.18331582659871,0.0,0.0,0.18331582659871,0.0,0.0,0.0,0.18331582659871,0.0,0.0,0.18331582659871,0.0,0.0,0.0,0.0,0.0,0.0,0.0,0.0,0.0,0.0,0.0,3.1163690521780714,0.18331582659871,0.0,0.0,0.0,0.0,0.0,0.0,0.0,0.0,0.0
0.36663165319742,0.0,1.4665266127896799,0.0,0.0,0.0,0.18331582659871,0.0,2.5664215723819375,0.18331582659871,1.28321078619097,1.09989495959226,0.18331582659871,0.54994747979613,3.4830007053754914,0.18331582659871,0.0,2.1997899191845223,0.0,0.0,0.36663165319742,0.0,0.0,0.0,0.0,0.0,0.9165791329935501,7.882580543744535,0.73326330639484,0.54994747979613,0.0,0.0,0.0,0.0,0.0,0.0,0.36663165319742,0.0,0.0,0.0,0.18331582659871,0.0,1.46652661278968,0.18331582659871,1.4665266127896812,0.73326330639484,2.3831057457832303,0.18331582659871,0.0,0.73326330639484,0.0,0.0,0.0,0.54994747979613,0.18331582659871,0.0,0.0,0.0,0.0,0.0,0.0,0.36663165319742,0.0,0.18331582659871,0.0,0.0,0.0,0.9165791329935501,0.0,3.1163690521780696,0.0,4.21626401177033,0.36663165319742,0.18331582659871,0.0,0.0,0.0,0.9165791329935501,0.0,0.0,0.0,0.0,0.0,0.0,0.0,0.18331582659871,0.0,0.0,2.9330532255793553,0.18331582659871,0.9165791329935501,0.0,0.18331582659871,0.0,0.54994747979613,0.0,0.54994747979613,0.0,0.0,0.36663165319742,0.0,0.73326330639484,0.0,0.0,0.0,0.0,0.0,0.0,0.0,0.18331582659871,0.0,0.0,0.0,0.0,0.18331582659871,0.0,0.0,0.0,0.0,0.0,0.0,3.1163690521780762,0.0,0.0,1.28321078619097,0.0,0.0,0.54994747979613,0.18331582659871,0.0,0.36663165319742,0.0,0.0,0.54994747979613,0.0,0.0,0.18331582659871,0.0,0.0,0.0,6.049422277757431,1.46652661278968,1.28321078619097,0.0,0.0,0.0,0.54994747979613,0.0,0.0,0.0,0.0,0.0,0.0,0.0,0.0,0.18331582659871,0.0,0.0,0.0,0.0,0.0,0.0,0.54994747979613,0.0,0.0,0.0,0.0,0.36663165319742,0.18331582659871,0.0,0.0,0.0,0.18331582659871,0.0,0.0,0.0,0.0,0.54994747979613,0.0,0.0,0.0,0.0,0.0,0.0,0.54994747979613,0.0,0.0,0.0,0.0,0.18331582659871,0.18331582659871,0.36663165319742,0.0,0.0,0.0,0.18331582659871,0.0,0.18331582659871,0.0,0.18331582659871,0.0,0.0,0.73326330639484,0.0,0.0,0.18331582659871,0.0,0.0,0.0,0.0,0.0,0.0,0.18331582659871,0.0,0.0,0.0,0.0,0.54994747979613,0.0,0.0,0.0,0.0,0.0,0.0,0.18331582659871,0.0,1.09989495959226,0.0,0.0,0.0,0.0,0.0,0.0,0.18331582659871,0.0,0.0,0.0,0.0,0.0,0.0,0.0,0.18331582659871,0.0,0.0,0.0,0.0,0.0,0.54994747979613,0.0,0.0,0.0,0.0,0.0,0.0,0.0,0.0,0.0,0.0,0.0,0.0,0.0,0.0,0.0,0.0,0.0,0.0,0.0,0.0,0.0,0.0,0.0,0.0,0.0,0.0,0.36663165319742,7.882580543744531,0.0,0.0,0.0,0.0,0.0,0.18331582659871,0.0,0.0,0.0,0.0,0.0,0.0,0.0,0.0,0.0,0.18331582659871,0.18331582659871,0.0,0.0,0.0,0.0,0.0,0.0,0.0,0.0,0.0,0.0,0.0,0.0,0.0,0.0,0.0,0.0,0.0,0.0,0.0,0.0,0.0,0.0,0.0,0.0,0.0,0.0,0.0,0.0,0.0,0.0,0.0,0.18331582659871,0.0,0.0,0.0,0.0,0.0,0.0,0.0,0.0,0.0,0.0,0.0,0.0,0.0,0.0,0.0,0.18331582659871,0.0,0.0,0.0,0.0
2.0164740925858102,0.18331582659871,0.0,0.0,0.18331582659871,0.0,0.0,0.0,0.0,0.0,0.18331582659871,0.36663165319742,0.0,0.0,1.28321078619097,0.18331582659871,0.0,0.18331582659871,0.0,0.0,0.0,0.0,0.0,0.18331582659871,0.0,0.0,0.0,0.54994747979613,0.0,0.0,0.0,0.0,0.0,0.0,0.0,0.0,0.18331582659871,0.0,0.0,0.0,0.18331582659871,0.0,0.54994747979613,0.0,0.36663165319742,0.18331582659871,0.0,0.0,0.36663165319742,0.0,0.0,0.0,0.18331582659871,0.0,0.0,0.0,0.0,0.0,0.0,0.0,0.18331582659871,0.18331582659871,0.0,0.0,0.0,0.0,0.0,0.36663165319742,0.0,0.73326330639484,0.0,0.91657913299355,0.0,0.0,0.0,0.0,0.0,0.0,0.0,0.0,0.36663165319742,0.0,0.0,0.0,0.0,0.0,0.0,0.0,0.0,0.0,0.0,0.0,0.0,0.0,0.0,0.0,0.18331582659871,0.0,0.0,0.0,0.0,0.18331582659871,0.0,0.0,0.0,0.0,0.0,0.0,0.0,0.0,0.0,0.0,0.0,0.0,0.0,0.0,0.18331582659871,0.0,0.18331582659871,0.0,0.0,0.9165791329935501,0.0,0.0,13.015423688508417,0.0,0.0,0.0,0.0,0.0,0.0,0.0,0.0,0.0,0.0,0.0,0.0,0.0,0.0,0.0,0.73326330639484,1.46652661278968,0.0,0.0,0.0,0.9165791329935512,0.18331582659871,0.0,0.0,0.0,0.0,0.0,0.0,0.18331582659871,0.0,0.0,0.0,0.0,0.0,0.0,0.0,0.0,0.36663165319742,0.0,0.0,0.0,0.0,0.36663165319742,0.18331582659871,0.0,0.36663165319742,0.0,0.0,0.0,1.09989495959226,0.0,0.0,0.18331582659871,0.0,0.0,0.0,0.0,0.0,0.0,1.09989495959226,0.0,0.18331582659871,0.0,0.0,0.0,0.0,0.0,0.0,0.0,0.0,0.0,0.0,0.0,0.0,0.18331582659871,0.0,0.0,0.0,0.0,0.18331582659871,0.0,0.0,0.0,0.0,0.0,0.0,0.0,0.0,0.0,0.0,0.0,0.0,0.0,0.0,0.0,0.0,0.0,0.0,0.0,0.0,0.0,0.0,0.0,0.0,0.0,0.0,0.0,0.0,0.0,0.18331582659871,0.36663165319742,0.0,0.0,0.0,0.0,0.0,0.0,0.0,0.0,0.0,0.0,0.0,0.36663165319742,0.0,0.0,0.0,0.0,0.0,0.0,0.0,0.0,0.0,0.0,0.18331582659871,0.0,0.0,0.0,0.0,0.0,0.0,0.0,0.0,0.0,0.0,0.0,0.0,0.0,0.0,0.0,0.0,0.0,0.0,0.0,0.0,0.0,0.0,0.0,0.0,0.0,0.0,0.0,0.0,0.0,0.0,0.0,0.0,0.0,0.0,0.0,0.0,0.0,0.0,0.0,0.0,0.0,0.0,0.0,0.0,0.0,0.0,0.0,0.0,0.0,0.0,4.399579838369039,0.0,0.0,0.0,0.0,0.0,0.0,0.0,0.0,0.0,0.0,0.0,0.0,0.0,0.0,0.0,0.0,0.0,0.0,0.0,0.0,0.0,0.0,0.0,0.18331582659871,0.0,0.0,0.0,0.0,0.0,0.0,0.0,0.0,0.0,0.0,0.0
0.0,2.016474092585815,0.0,0.0,0.0,0.9165791329935501,2.0164740925858102,0.36663165319742,0.0,0.18331582659871,0.73326330639484,0.0,0.18331582659871,0.54994747979613,0.18331582659871,0.0,0.0,0.36663165319742,0.0,0.0,1.09989495959226,0.18331582659871,0.73326330639484,0.18331582659871,0.0,0.0,0.18331582659871,0.0,0.36663165319742,1.09989495959226,0.0,0.0,0.0,0.0,0.54994747979613,0.18331582659871,0.18331582659871,0.0,0.0,0.0,0.73326330639484,1.09989495959226,0.0,1.09989495959226,0.9165791329935501,0.0,0.73326330639484,2.19978991918452,0.0,8.249212196941956,0.0,0.0,0.36663165319742,2.933053225579361,0.0,0.18331582659871,0.0,0.0,0.0,0.0,0.54994747979613,1.46652661278968,0.0,0.0,0.0,0.73326330639484,0.0,0.36663165319742,0.0,0.18331582659871,0.0,1.09989495959226,0.0,0.36663165319742,0.0,0.0,0.0,0.73326330639484,0.0,0.0,1.09989495959226,0.0,0.0,0.0,0.0,0.0,0.18331582659871,0.0,0.18331582659871,0.0,0.0,0.0,0.0,0.0,1.09989495959226,0.0,0.0,0.36663165319742,0.0,0.18331582659871,0.54994747979613,0.91657913299355,0.36663165319742,0.0,0.0,1.46652661278968,0.0,3.116369052178065,0.0,0.0,0.0,0.0,0.18331582659871,0.0,0.91657913299355,0.0,0.0,0.18331582659871,0.0,0.0,0.0,0.54994747979613,0.0,0.0,0.0,11.732212902317443,0.0,0.36663165319742,0.0,0.18331582659871,0.0,0.0,0.18331582659871,0.0,0.18331582659871,0.0,0.0,0.18331582659871,0.0,0.36663165319742,0.36663165319742,0.0,4.032948185171621,0.73326330639484,0.0,0.0,0.0,0.0,0.0,0.18331582659871,0.0,0.0,0.0,1.8331582659871002,0.0,0.36663165319742,0.0,0.0,0.0,0.0,0.18331582659871,0.0,0.18331582659871,0.0,0.0,0.0,0.0,0.0,0.0,0.0,0.0,0.0,0.0,0.0,0.18331582659871,0.18331582659871,0.0,7.5159488905471115,0.0,0.0,15.031897781094237,0.18331582659871,0.18331582659871,0.54994747979613,0.18331582659871,0.0,0.18331582659871,0.18331582659871,0.0,0.18331582659871,0.0,0.18331582659871,0.0,0.36663165319742,0.0,0.18331582659871,0.0,0.0,0.0,0.18331582659871,0.0,0.18331582659871,0.0,2.3831057457832348,0.0,0.0,0.0,0.91657913299355,0.0,0.0,0.0,0.0,0.36663165319742,0.18331582659871,0.0,0.0,0.0,0.0,0.0,0.0,0.0,0.0,0.36663165319742,0.0,0.0,0.0,0.0,0.0,0.0,0.0,0.0,0.0,0.0,0.18331582659871,0.0,0.0,0.0,0.0,0.0,0.0,0.54994747979613,0.0,0.36663165319742,0.54994747979613,0.0,0.0,0.0,0.18331582659871,0.0,0.0,0.0,0.18331582659871,0.0,0.0,0.0,0.0,0.0,0.0,0.36663165319742,0.0,0.0,0.0,4.5828956649677455,0.0,0.0,0.36663165319742,0.0,0.0,0.0,0.0,0.0,0.0,0.0,0.0,0.18331582659871,0.0,0.18331582659871,0.0,0.18331582659871,0.0,0.0,0.0,0.0,0.18331582659871,0.0,0.0,0.0,0.0,0.0,0.0,0.18331582659871,0.0,0.0,0.0,0.0,0.0,0.18331582659871,0.0,0.0,0.0,0.0,0.0,0.0,0.18331582659871,0.0,0.0,0.0,0.0,0.0,0.0,0.0,0.0,1.28321078619097,0.0,0.0,0.0,0.0,0.0,0.0,0.0,0.0,0.0,0.0,0.0,0.0,0.0,0.0,0.0,0.0,0.73326330639484,0.0,0.0,0.0,0.0,0.0,0.0,0.36663165319742,0.0,0.0,0.0,0.0,0.18331582659871,0.0,0.0,0.0
0.0,0.0,0.0,0.0,0.0,0.0,0.0,0.54994747979613,0.0,0.0,0.0,0.0,0.0,1.6498424393883913,0.18331582659871,0.0,0.36663165319742,0.0,0.0,0.0,0.0,6.049422277757425,0.0,0.0,0.0,0.0,0.0,0.0,0.0,0.0,0.0,0.0,0.0,0.0,0.0,0.0,0.0,0.18331582659871,0.0,0.0,0.18331582659871,0.0,0.0,0.18331582659871,0.0,0.0,0.0,0.0,0.0,0.0,0.0,0.0,0.0,0.0,0.0,0.0,0.0,0.0,0.0,0.0,0.54994747979613,0.9165791329935501,0.0,0.0,1.28321078619097,0.18331582659871,0.0,0.18331582659871,0.0,0.0,3.11636905217807,0.0,0.0,0.0,0.0,0.0,0.0,0.0,0.0,0.0,0.0,0.0,0.0,0.0,0.0,0.0,0.0,0.0,0.0,0.0,0.0,0.0,0.0,0.0,2.933053225579361,0.0,0.0,0.0,0.0,2.56642157238194,0.0,0.0,0.0,0.0,0.0,0.0,0.0,0.0,0.18331582659871,0.0,0.0,0.0,0.91657913299355,0.18331582659871,0.0,0.0,0.0,0.18331582659871,0.0,0.0,0.0,0.0,0.0,0.0,0.0,0.0,0.0,0.0,0.0,0.0,0.18331582659871,0.0,0.54994747979613,0.0,0.0,1.46652661278968,0.0,0.0,6.599369757553555,3.6663165319742,0.0,0.0,1.833158265987095,14.481950301298104,0.0,0.0,0.0,0.0,0.0,0.0,0.0,0.0,1.46652661278968,0.0,0.0,0.0,0.0,0.0,0.0,0.0,2.199789919184521,1.28321078619097,0.18331582659871,0.0,0.0,0.0,0.0,0.0,0.0,0.0,0.0,0.18331582659871,0.0,0.0,0.18331582659871,0.0,0.0,0.36663165319742,0.0,0.0,0.0,0.0,0.0,0.18331582659871,0.0,0.18331582659871,0.0,0.0,0.0,0.0,0.0,0.0,0.0,0.0,0.0,0.0,0.0,0.0,0.0,0.0,0.0,0.0,0.0,0.18331582659871,0.0,0.0,0.0,0.0,0.0,0.0,0.0,0.0,0.0,0.0,0.0,0.0,0.0,0.0,0.0,0.0,0.0,0.0,0.0,0.0,0.91657913299355,0.0,0.0,0.0,0.0,0.0,0.0,0.0,0.0,0.0,1.46652661278968,0.0,0.0,0.0,0.0,0.0,0.0,0.0,0.0,0.0,0.0,0.0,0.0,0.0,0.0,0.0,0.0,0.0,0.0,0.0,0.0,0.0,0.36663165319742,0.0,0.18331582659871,0.0,0.0,0.54994747979613,0.0,0.0,0.0,0.0,0.0,0.91657913299355,0.0,0.0,0.0,0.0,0.0,0.0,0.0,0.0,0.0,0.0,0.0,0.0,0.0,0.0,0.9165791329935501,0.0,0.0,0.0,0.0,0.0,0.0,0.0,0.0,0.0,0.0,0.0,0.0,0.0,0.0,0.0,0.0,0.0,0.0,0.0,0.0,0.0,0.18331582659871,0.0,0.0,0.73326330639484,0.0,0.0,0.18331582659871,0.0,0.0,0.0,0.0,0.0,0.0,0.0,0.0,0.36663165319742,0.0,0.0,0.18331582659871,0.0,0.0,0.0,0.0,0.0,0.0,0.0,0.0,0.0,0.0,0.0,0.73326330639484,0.0,0.73326330639484,0.0,0.0,0.0,0.0,0.0,0.0,0.0,0.0
0.0,0.0,0.0,0.0,0.0,0.0,0.18331582659871,0.0,0.0,0.0,0.0,0.18331582659871,0.0,0.0,0.0,0.0,0.0,0.0,0.0,0.0,0.0,0.0,0.0,0.0,0.0,0.0,0.0,0.0,0.0,0.0,0.0,0.0,0.0,0.0,0.0,0.0,0.0,0.0,0.0,0.0,0.0,0.0,0.0,0.0,0.0,0.0,0.0,0.54994747979613,0.0,0.0,0.0,0.36663165319742,0.18331582659871,0.0,0.0,0.54994747979613,0.0,0.0,0.18331582659871,0.18331582659871,0.0,4.582895664967753,0.0,0.0,0.0,0.0,0.0,0.18331582659871,0.0,0.0,0.0,0.0,0.0,0.18331582659871,0.0,0.0,0.0,0.0,0.0,0.0,0.0,0.0,0.0,0.0,0.0,0.0,0.0,0.0,0.0,0.0,0.0,0.0,0.0,0.0,0.0,0.0,0.0,0.0,0.0,0.0,0.0,0.0,0.0,0.0,0.0,0.0,0.36663165319742,0.18331582659871,0.0,0.0,0.0,0.18331582659871,0.0,0.0,0.0,0.0,0.0,0.0,0.0,0.0,0.0,0.0,0.0,0.0,0.0,0.0,0.0,0.0,0.0,0.0,0.0,0.0,0.36663165319742,0.0,0.0,0.0,0.18331582659871,0.36663165319742,0.0,0.0,0.0,0.0,0.0,0.0,1.28321078619097,0.0,0.18331582659871,0.0,0.0,0.0,0.0,0.0,0.0,0.0,0.36663165319742,0.0,0.0,0.0,0.0,0.0,0.0,0.0,0.0,0.73326330639484,0.0,0.0,0.0,0.0,0.0,0.18331582659871,0.0,0.18331582659871,0.0,0.0,0.0,0.0,0.0,0.36663165319742,0.0,0.0,0.0,0.0,0.0,0.0,0.0,0.0,0.0,0.0,0.0,0.0,0.0,0.0,0.0,0.0,0.0,0.0,0.0,0.0,0.0,0.18331582659871,0.0,0.0,0.0,0.36663165319742,0.0,0.0,0.0,0.0,0.0,0.0,0.0,0.0,0.0,0.9165791329935501,0.0,0.0,0.18331582659871,0.0,0.0,0.18331582659871,0.0,0.0,0.0,0.0,0.0,0.0,0.0,0.0,0.0,0.0,0.0,0.0,0.0,0.0,0.0,0.0,0.0,0.0,0.0,0.0,0.0,0.0,0.0,0.18331582659871,0.0,0.0,0.18331582659871,0.0,0.0,0.0,0.0,0.0,0.0,0.0,0.0,0.0,0.0,0.0,0.0,0.0,0.0,0.0,0.0,0.0,0.0,0.0,0.0,0.0,0.0,0.0,0.0,0.0,0.0,0.0,0.0,0.0,0.0,0.0,0.0,0.0,0.0,0.0,0.0,0.0,0.0,0.0,0.0,0.36663165319742,0.0,0.0,0.0,0.0,0.0,0.0,0.0,0.0,0.0,0.18331582659871,0.0,0.18331582659871,0.0,0.0,0.0,0.0,0.0,0.0,0.0,0.0,0.0,0.0,0.0,0.0,0.0,0.0,0.18331582659871,0.0,0.0,0.0,0.0,0.0,0.0,0.0,0.0,0.0,0.0,0.0,0.0,0.0,0.0,0.0,0.0,0.0,0.0,0.0,0.0,0.0,0.0,0.0,0.0,0.0,0.0,0.0,0.0,0.0,0.0
0.0,0.0,0.0,0.0,0.18331582659871,0.0,0.0,0.0,0.0,0.0,0.0,0.0,0.0,0.18331582659871,0.0,0.0,0.0,0.0,0.0,0.18331582659871,0.0,0.18331582659871,0.0,0.18331582659871,0.54994747979613,0.0,0.0,0.0,0.0,0.0,0.0,0.0,0.0,0.0,0.0,0.0,0.0,0.0,0.0,0.0,0.0,0.0,0.0,0.0,0.0,0.0,0.0,0.0,0.0,0.0,0.0,0.0,0.0,0.0,0.0,0.0,0.0,0.0,0.0,0.0,0.36663165319742,0.0,0.0,0.0,0.0,0.0,0.18331582659871,0.54994747979613,0.0,0.0,0.0,0.0,0.0,0.0,0.0,0.0,0.0,0.0,0.18331582659871,0.0,0.0,0.0,0.0,0.0,0.0,0.0,0.0,0.0,0.0,0.18331582659871,0.18331582659871,0.0,0.0,0.0,0.0,0.0,0.0,0.0,0.0,0.18331582659871,0.18331582659871,0.0,0.0,0.0,0.0,0.0,0.0,0.0,0.0,0.0,0.0,0.0,0.0,0.54994747979613,0.18331582659871,0.18331582659871,0.0,0.0,0.0,0.0,0.0,0.36663165319742,0.0,0.0,0.0,0.0,0.0,0.54994747979613,0.0,0.0,0.0,0.0,0.0,0.18331582659871,0.0,0.0,0.0,0.0,0.0,0.36663165319742,0.0,1.09989495959226,0.0,0.0,0.0,0.54994747979613,0.0,0.0,0.0,0.0,0.0,0.36663165319742,0.18331582659871,0.0,0.0,0.0,0.0,0.0,0.0,0.0,0.0,0.0,0.0,0.0,0.0,0.0,0.0,0.0,0.0,0.0,0.0,0.0,0.0,0.0,0.0,0.0,0.0,0.0,0.0,0.0,0.0,0.0,0.0,0.0,0.0,0.18331582659871,0.0,0.0,0.0,0.0,0.0,0.0,0.0,0.0,0.0,0.0,0.0,0.0,0.0,0.0,0.0,0.0,0.0,0.0,0.18331582659871,0.0,0.0,0.0,0.0,0.18331582659871,0.0,0.0,0.0,0.0,0.0,0.0,0.0,0.0,0.0,0.0,0.0,0.0,0.0,0.0,0.0,0.0,0.0,0.0,0.0,0.0,0.0,0.0,0.0,0.0,0.0,0.0,0.0,0.0,0.0,0.0,0.18331582659871,0.0,0.0,0.0,0.0,0.0,0.0,0.0,0.0,0.0,0.0,0.0,0.0,0.0,0.0,0.0,0.0,0.0,0.0,0.0,0.0,0.0,0.0,0.0,0.0,0.0,0.0,0.0,0.0,0.54994747979613,0.0,0.0,0.0,0.0,0.0,0.0,0.0,0.0,0.0,0.0,0.0,0.0,0.0,0.0,0.0,0.0,0.0,0.0,0.0,0.0,0.0,0.0,0.0,0.0,0.18331582659871,0.0,0.0,0.0,0.0,0.0,0.0,0.0,0.0,0.0,0.18331582659871,0.0,0.0,0.0,0.0,0.0,0.36663165319742,0.0,0.18331582659871,0.0,0.0,0.0,0.0,0.0,0.0,0.0,0.18331582659871,0.0,0.0,0.0,0.0,0.0,0.0,0.0,0.0,0.0,0.0,0.0,0.18331582659871,0.0,0.0,0.0,0.0,0.0,0.0,0.0,0.0,0.0,0.0,0.0,0.0
0.18331582659871,0.9165791329935501,0.36663165319742,0.0,0.36663165319742,0.0,0.73326330639484,0.0,0.18331582659871,0.18331582659871,3.483000705375491,0.54994747979613,1.6498424393883913,0.91657913299355,0.9165791329935501,0.36663165319742,0.0,0.36663165319742,0.0,0.18331582659871,0.0,0.18331582659871,0.0,0.36663165319742,0.0,0.0,1.28321078619097,0.0,0.18331582659871,0.18331582659871,0.0,0.0,0.18331582659871,0.0,0.0,0.0,0.18331582659871,0.0,0.0,0.0,1.28321078619097,0.0,0.73326330639484,0.54994747979613,0.0,0.73326330639484,0.18331582659871,0.18331582659871,0.18331582659871,0.91657913299355,0.18331582659871,0.0,0.0,0.73326330639484,1.09989495959226,0.18331582659871,0.0,0.0,0.0,0.18331582659871,0.0,2.7497373989806544,0.0,0.0,0.0,0.0,0.0,1.46652661278968,0.0,0.54994747979613,0.0,0.73326330639484,0.73326330639484,0.18331582659871,0.0,0.0,0.0,0.36663165319742,0.54994747979613,0.0,0.36663165319742,0.0,0.0,0.0,0.0,0.18331582659871,0.0,0.18331582659871,0.36663165319742,0.18331582659871,0.0,0.0,0.0,0.0,0.9165791329935501,0.0,0.18331582659871,0.0,0.0,0.0,0.0,0.54994747979613,0.18331582659871,0.0,0.0,0.0,0.0,0.18331582659871,0.0,0.0,0.0,0.0,0.0,0.0,0.0,0.0,0.18331582659871,0.0,0.0,0.0,0.0,0.9165791329935501,0.0,0.0,0.18331582659871,0.0,0.0,0.36663165319742,0.54994747979613,0.0,0.0,0.0,0.0,0.18331582659871,0.18331582659871,0.0,0.73326330639484,0.0,0.0,0.0,0.54994747979613,0.0,0.0,0.0,0.0,0.0,3.29968487877678,0.0,0.18331582659871,0.0,0.0,0.0,0.0,0.0,0.0,0.0,0.0,0.0,0.0,0.0,0.0,0.0,0.91657913299355,0.0,0.0,0.18331582659871,0.0,0.36663165319742,0.0,0.0,0.0,0.0,0.0,0.0,0.0,0.0,0.0,0.36663165319742,0.0,0.0,0.0,0.0,0.18331582659871,0.0,1.09989495959226,0.0,0.0,0.0,0.0,0.36663165319742,0.0,0.0,0.0,0.0,0.0,1.09989495959226,0.73326330639484,0.18331582659871,0.0,0.0,0.0,0.18331582659871,0.36663165319742,0.0,0.18331582659871,0.18331582659871,0.0,0.0,0.0,0.0,0.0,0.0,0.18331582659871,0.0,0.18331582659871,0.0,0.0,0.0,0.0,0.0,0.36663165319742,0.0,0.0,0.0,0.18331582659871,0.0,1.28321078619097,0.0,0.0,0.0,0.0,0.0,0.54994747979613,0.0,0.0,0.36663165319742,0.0,0.0,0.0,0.0,0.0,0.0,0.0,0.0,0.0,0.0,0.18331582659871,0.18331582659871,0.0,0.0,0.0,0.0,0.0,0.0,0.0,0.0,0.0,0.0,0.0,0.0,0.0,0.18331582659871,0.0,8.982475503336786,0.0,0.0,0.0,0.0,0.0,0.0,0.0,0.0,0.0,0.0,0.0,0.18331582659871,0.0,0.0,0.0,0.0,0.18331582659871,0.0,0.0,0.0,0.0,0.0,0.0,0.0,0.0,0.0,0.18331582659871,0.18331582659871,0.0,0.0,0.18331582659871,0.0,0.0,0.0,0.0,0.0,0.18331582659871,0.0,0.0,0.0,0.0,0.0,0.0,0.0,0.0,0.0,0.0,0.0,0.18331582659871,0.0,0.0,0.0,0.18331582659871,0.0,0.0,0.0,0.0,0.0,0.0,0.0,0.0,0.0,0.0,0.0,0.54994747979613,0.0,0.0,0.0,0.0,0.0,0.0,0.0,0.0,0.0,0.0,0.0,0.0,0.0,0.0,0.0,0.0
0.0,0.0,0.0,0.0,0.0,0.0,0.0,0.0,0.18331582659871,0.0,0.0,0.0,0.0,0.0,0.0,0.0,0.0,0.0,0.0,0.0,0.0,0.0,0.0,0.18331582659871,0.0,0.0,0.0,0.0,0.18331582659871,0.0,0.0,0.0,0.18331582659871,0.0,0.0,0.0,0.0,0.0,0.0,0.0,0.0,0.0,0.0,0.0,0.0,0.0,0.0,0.0,0.0,0.0,0.0,0.0,0.54994747979613,0.0,0.0,0.0,0.0,0.0,0.0,0.0,0.0,0.73326330639484,0.0,0.0,0.0,0.0,0.0,0.0,0.0,0.0,0.0,0.0,0.18331582659871,0.0,0.0,0.0,0.0,0.0,0.0,0.0,0.0,0.0,0.0,0.0,0.0,0.0,0.0,0.0,0.0,0.0,0.0,0.0,0.0,0.0,0.0,0.0,0.0,2.3831057457832303,0.0,0.0,0.18331582659871,0.0,0.0,0.0,0.0,0.0,0.0,0.0,0.0,0.0,0.0,0.0,0.0,0.0,0.0,0.0,0.0,0.0,0.0,0.0,0.0,0.0,0.0,0.0,0.0,0.0,0.0,0.0,0.0,0.0,0.0,0.0,0.0,0.0,0.0,0.0,0.0,0.0,0.0,0.0,0.0,0.0,0.0,0.0,0.0,0.0,0.0,4.03294818517161,0.0,0.0,0.0,0.0,0.0,0.0,0.0,0.0,0.0,0.54994747979613,0.0,0.0,0.0,0.0,0.0,0.0,0.0,0.0,0.0,0.0,0.0,0.0,0.0,0.0,0.0,0.0,0.0,0.0,0.0,0.0,0.0,0.0,0.0,0.0,0.0,0.0,0.0,0.0,0.0,4.582895664967753,0.0,0.0,0.0,0.0,0.0,0.0,0.0,0.0,0.0,0.0,0.0,0.36663165319742,0.0,0.0,0.0,0.0,0.0,0.0,0.0,0.0,0.0,0.0,0.18331582659871,0.0,0.0,0.0,0.0,0.0,0.0,0.0,0.0,0.18331582659871,0.0,0.0,0.0,0.0,0.0,0.0,0.0,0.0,0.0,0.0,3.8496323585728995,0.0,0.0,0.0,0.0,0.0,0.0,0.0,0.0,0.0,0.0,0.0,0.0,0.0,0.0,0.0,0.0,0.0,0.0,0.0,0.0,0.0,0.0,0.0,0.0,0.0,0.0,0.0,0.0,0.0,0.0,0.0,0.0,0.0,0.0,0.0,0.0,0.0,0.0,0.0,0.0,0.0,0.0,0.0,0.0,0.0,0.0,0.0,0.73326330639484,0.0,0.0,0.0,0.0,0.0,0.0,0.0,0.0,0.0,0.0,0.0,0.0,0.0,0.0,0.0,1.64984243938839,0.0,0.0,0.0,0.0,0.0,0.0,0.0,0.0,0.0,0.0,0.0,0.0,0.0,0.0,0.0,0.0,0.0,0.0,0.0,0.0,0.0,0.0,0.0,0.0,0.0,0.0,0.0,0.0,0.0,0.18331582659871,0.0,0.0,0.0,0.0,0.0,0.0,0.54994747979613,0.0,0.0,0.0,0.0,0.0,0.0,0.0,2.383105745783231,0.0,0.0,0.0,0.0,0.0
0.0,0.18331582659871,0.0,0.0,0.0,0.18331582659871,0.54994747979613,0.0,0.0,0.0,0.18331582659871,0.0,0.0,0.0,0.18331582659871,0.0,0.0,0.0,0.0,1.28321078619097,0.0,0.0,0.0,0.0,0.0,0.0,0.0,0.18331582659871,0.0,0.0,0.0,0.0,0.0,0.0,0.0,0.0,0.0,0.0,0.0,0.18331582659871,0.0,0.0,0.0,0.0,0.0,0.0,0.0,0.0,0.0,0.0,0.0,0.0,0.0,0.18331582659871,0.0,0.0,0.0,0.0,0.0,0.0,0.18331582659871,0.0,0.0,0.0,0.0,0.0,0.18331582659871,0.18331582659871,0.0,0.0,0.0,0.73326330639484,0.0,0.0,0.0,0.0,0.18331582659871,0.0,0.0,0.0,0.36663165319742,0.0,0.0,0.0,0.0,0.0,0.0,0.0,0.0,4.032948185171626,0.18331582659871,0.0,0.0,0.18331582659871,1.09989495959226,0.0,0.0,0.36663165319742,0.0,1.09989495959226,0.0,0.0,0.0,0.0,0.0,0.0,0.0,0.0,0.18331582659871,0.0,0.0,0.0,0.0,5.682790624560013,0.0,0.0,0.0,0.0,0.36663165319742,0.0,0.0,0.18331582659871,0.0,0.0,0.0,0.0,0.0,0.0,0.0,0.0,0.0,0.18331582659871,0.0,0.36663165319742,0.0,0.0,0.0,0.0,0.0,0.0,0.0,0.0,0.18331582659871,0.0,0.18331582659871,0.0,0.0,0.0,0.54994747979613,0.0,0.0,0.36663165319742,0.0,0.0,0.0,0.0,0.0,0.0,0.0,0.0,0.0,0.0,0.0,0.0,0.0,0.0,0.0,0.0,0.0,0.0,0.0,0.0,0.0,0.0,0.0,0.0,0.0,0.0,0.0,0.36663165319742,0.0,0.0,0.0,0.0,0.0,0.18331582659871,0.18331582659871,0.0,0.36663165319742,0.0,0.0,0.0,0.0,0.36663165319742,0.18331582659871,0.0,0.0,0.0,0.0,0.0,0.0,0.0,0.0,0.0,0.36663165319742,0.0,0.0,0.0,0.0,0.0,0.0,0.0,0.0,0.0,0.0,0.0,0.0,0.0,0.0,0.0,0.0,0.0,0.0,0.0,0.0,0.0,0.0,0.0,0.0,0.0,0.0,0.0,0.0,0.0,0.0,0.0,0.0,0.0,0.0,0.0,0.0,0.0,0.0,0.0,0.0,0.0,0.0,0.0,0.0,0.0,0.0,0.0,0.18331582659871,0.0,0.0,0.0,0.0,0.0,0.0,0.0,0.0,0.0,0.0,0.0,0.0,0.0,0.0,0.0,0.0,0.18331582659871,0.0,0.0,0.0,0.0,0.0,0.0,0.0,0.0,0.0,0.54994747979613,0.0,0.0,0.0,0.0,0.0,0.0,0.0,0.0,0.0,0.0,0.0,0.0,0.0,0.0,0.0,0.0,0.18331582659871,0.18331582659871,0.0,0.0,0.0,0.0,0.0,0.0,0.0,0.0,0.0,0.0,0.0,0.0,0.0,0.0,0.0,0.0,0.0,0.0,0.0,0.0,0.0,0.0,0.0,0.0,0.0,0.0,0.0,0.0,0.0,0.0,0.0,0.0,0.0,0.0,0.0,0.0,0.0,0.0,0.0,0.0,0.0,0.0,0.0,0.0,0.0,0.0,0.0
0.0,0.0,0.0,0.0,0.0,0.0,0.0,0.0,0.0,0.18331582659871,0.0,0.0,0.0,0.0,0.0,0.0,0.0,0.0,0.0,0.0,0.0,0.73326330639484,0.0,0.0,0.0,0.0,0.0,0.0,0.0,0.0,0.0,0.0,0.0,0.0,0.0,0.0,0.0,0.0,0.0,0.0,0.18331582659871,0.0,0.0,0.0,0.0,0.0,0.0,0.0,0.0,0.0,0.0,0.0,0.0,0.0,0.18331582659871,0.0,0.0,0.0,0.0,0.0,0.18331582659871,0.18331582659871,0.0,0.0,0.18331582659871,0.18331582659871,0.0,0.18331582659871,0.0,0.0,0.18331582659871,0.18331582659871,0.0,0.0,0.0,0.0,0.0,0.0,0.18331582659871,0.0,0.0,0.0,0.0,0.0,0.0,0.0,0.18331582659871,0.0,0.0,0.0,0.0,0.0,0.0,0.0,0.0,1.46652661278968,0.0,0.0,0.0,0.0,0.0,0.0,0.0,0.36663165319742,0.0,0.0,0.0,0.0,0.36663165319742,0.0,0.0,0.0,0.0,0.18331582659871,0.0,0.0,0.0,1.28321078619097,0.0,0.0,0.0,0.0,0.0,0.0,0.0,0.0,0.0,0.0,0.0,0.0,0.0,0.0,0.0,0.0,0.0,0.18331582659871,0.0,0.0,0.73326330639484,1.649842439388395,0.0,0.0,0.18331582659871,0.0,0.0,0.0,0.0,0.0,0.0,2.38310574578323,0.0,1.09989495959226,0.0,0.18331582659871,0.0,0.0,0.0,0.0,0.0,0.0,0.0,0.0,0.0,0.0,0.18331582659871,0.0,0.0,0.0,0.0,0.0,0.0,0.0,0.0,0.0,0.0,0.0,0.0,1.6498424393883901,0.0,0.0,0.0,0.0,0.0,0.0,0.0,4.5828956649677615,0.0,0.0,0.0,0.0,0.0,0.0,0.0,0.0,0.0,0.18331582659871,0.18331582659871,0.0,0.0,0.0,0.0,0.0,0.0,0.0,0.0,0.0,0.0,0.18331582659871,0.0,0.0,0.0,0.0,0.0,0.0,0.0,0.0,0.0,0.0,0.0,0.0,0.0,0.0,0.0,0.0,0.0,0.0,0.0,0.0,0.0,0.0,0.0,0.0,0.0,0.0,0.0,0.0,0.0,0.0,0.0,0.0,0.0,0.0,0.0,0.0,0.0,0.0,0.0,0.0,0.0,0.0,0.0,0.18331582659871,0.0,0.0,0.0,0.0,0.0,0.0,0.0,0.0,0.0,0.0,0.0,0.0,0.0,0.0,0.54994747979613,0.0,0.0,0.0,1.6498424393883901,0.0,0.0,0.0,0.0,0.0,0.0,0.0,0.0,0.18331582659871,0.0,0.0,0.0,0.0,0.0,0.0,0.0,0.0,0.0,0.0,0.0,0.0,0.0,0.0,0.0,0.0,0.0,0.0,0.0,0.0,0.0,0.0,0.0,0.0,0.0,0.0,0.0,0.0,0.0,0.0,10.815633769323899,0.0,0.0,0.0,0.0,0.0,0.0,0.0,0.0,0.0,2.56642157238194,0.0,0.0,0.0,0.0,0.0,0.0,0.0,0.0,0.0,0.0,0.0,0.0,0.0,0.0,0.0,0.0,0.0,0.0,0.0,0.0,0.0,0.0,0.0,0.0
0.0,0.0,0.0,0.0,0.0,0.0,0.0,0.0,0.36663165319742,0.9165791329935501,0.0,0.36663165319742,0.18331582659871,0.54994747979613,0.0,1.8331582659871002,0.0,1.09989495959226,0.0,0.0,0.18331582659871,0.0,0.18331582659871,0.0,0.0,0.0,0.0,0.0,0.18331582659871,1.6498424393883913,0.36663165319742,0.0,0.18331582659871,0.0,0.0,0.0,0.0,0.0,0.0,0.0,0.0,0.0,0.0,0.9165791329935501,0.0,0.0,0.0,0.73326330639484,0.0,1.8331582659871002,0.0,0.0,1.8331582659871002,0.18331582659871,0.0,0.18331582659871,0.0,0.0,0.0,0.18331582659871,0.0,0.36663165319742,0.0,0.36663165319742,0.0,0.0,0.0,0.18331582659871,0.0,0.0,0.0,0.0,0.36663165319742,0.0,0.0,0.0,0.0,1.09989495959226,0.0,0.0,0.18331582659871,0.0,0.0,0.0,0.0,0.54994747979613,0.0,0.0,0.0,0.0,0.0,0.0,0.0,0.0,0.18331582659871,0.0,0.0,0.0,0.0,0.0,0.0,0.0,0.18331582659871,0.0,0.0,0.0,0.0,0.0,0.0,0.0,0.0,0.0,0.0,0.0,3.6663165319742,0.0,0.73326330639484,0.0,0.0,0.0,0.0,0.0,0.0,0.0,0.18331582659871,0.0,0.0,0.0,1.6498424393883901,0.0,0.0,0.0,0.0,0.0,0.0,0.0,0.0,0.0,0.0,0.0,0.36663165319742,0.0,0.0,0.0,0.0,0.0,0.54994747979613,0.0,0.0,0.0,1.28321078619097,0.0,0.0,0.0,0.0,0.36663165319742,0.0,0.0,0.0,0.0,0.0,0.0,0.0,0.0,0.0,0.0,0.0,0.0,0.0,0.0,0.0,0.0,0.0,0.0,0.0,0.0,0.0,0.54994747979613,0.0,0.0,0.0,0.0,0.0,0.0,0.0,0.0,0.36663165319742,11.915528728916152,0.0,0.36663165319742,0.18331582659871,0.0,0.0,0.0,0.0,0.0,0.18331582659871,1.09989495959226,0.0,0.36663165319742,0.0,0.0,0.18331582659871,0.0,0.0,0.0,0.0,0.0,0.0,0.0,0.0,0.18331582659871,0.36663165319742,0.0,0.0,0.0,0.18331582659871,0.0,0.0,0.0,0.0,0.0,0.36663165319742,0.18331582659871,0.18331582659871,0.0,0.0,0.0,0.0,0.0,0.0,0.0,0.0,0.36663165319742,0.0,0.0,0.0,0.18331582659871,0.0,0.0,0.0,0.0,0.0,0.0,0.18331582659871,0.0,0.18331582659871,0.0,0.0,0.0,0.0,0.0,0.0,0.0,0.0,0.0,0.0,0.0,0.0,0.0,0.0,0.0,0.18331582659871,0.0,0.0,0.0,0.0,0.0,0.0,0.0,0.0,0.0,0.0,0.0,2.016474092585811,0.0,0.0,0.0,0.0,0.0,0.0,0.0,0.0,0.0,0.0,0.0,0.0,0.0,0.0,0.0,0.18331582659871,0.18331582659871,0.0,0.0,0.0,0.0,0.0,0.0,0.0,0.0,0.0,0.0,0.0,0.0,0.0,0.0,0.0,0.0,0.0,0.18331582659871,0.0,0.0,0.0,0.0,0.0,0.0,0.0,0.0,0.0,0.0,0.0,0.0,0.0,0.0,0.0,0.0,0.0,0.18331582659871,1.09989495959226,0.0,0.0,0.0,0.0,0.0,0.0,0.0,0.0,0.0,0.0,0.0,0.0,0.0,0.0,0.0,0.0
0.0,0.0,0.0,0.0,0.0,0.0,0.18331582659871,0.18331582659871,0.0,0.0,0.0,0.0,0.0,0.0,0.0,0.0,0.18331582659871,0.0,0.36663165319742,0.0,0.0,0.18331582659871,0.0,0.0,0.0,0.0,0.0,0.0,0.0,0.0,0.0,0.0,0.0,0.0,0.0,0.18331582659871,0.0,0.0,0.0,0.0,0.0,0.0,0.0,0.0,0.0,0.0,0.0,0.0,0.0,0.0,0.0,0.0,0.0,0.0,0.0,0.0,0.0,0.0,0.0,0.0,0.0,0.0,0.0,0.0,0.0,0.0,0.0,0.0,0.0,0.0,0.0,0.0,0.0,0.0,0.0,0.0,0.0,0.0,0.18331582659871,0.0,0.0,0.0,0.0,0.18331582659871,0.0,0.0,0.18331582659871,0.0,0.0,0.54994747979613,0.0,0.0,0.0,0.0,0.0,0.18331582659871,0.0,0.0,0.18331582659871,0.18331582659871,0.18331582659871,0.0,0.0,0.18331582659871,0.18331582659871,0.0,0.0,0.0,0.18331582659871,0.0,0.0,0.0,0.0,0.0,0.0,0.0,0.0,0.0,0.0,0.0,0.0,0.0,0.0,0.0,0.0,0.0,0.0,0.0,0.0,0.0,0.0,0.0,0.0,0.18331582659871,0.0,0.36663165319742,0.0,0.0,0.0,0.36663165319742,0.0,0.0,0.0,0.0,0.0,0.36663165319742,0.0,0.0,0.0,0.91657913299355,0.0,0.54994747979613,0.0,0.0,0.0,0.0,0.0,0.0,0.0,0.0,0.18331582659871,0.0,0.0,0.0,0.36663165319742,0.0,0.0,0.0,0.0,0.0,0.0,0.0,0.0,0.0,0.0,0.0,0.0,0.0,0.0,0.0,0.0,0.0,0.0,0.0,0.0,0.0,0.0,0.0,0.0,0.0,0.0,0.0,0.0,0.0,0.0,0.18331582659871,0.0,0.0,0.0,0.0,0.0,0.0,0.0,0.0,0.0,0.0,0.0,0.0,0.18331582659871,0.0,0.0,0.0,0.0,0.0,0.0,0.0,0.0,0.0,0.0,0.0,0.0,0.0,0.0,0.0,0.0,0.0,0.0,0.0,0.0,0.0,0.0,0.0,0.0,0.0,0.0,0.0,0.0,0.0,0.0,0.0,0.0,0.0,0.0,0.0,0.0,0.0,0.0,0.0,0.0,0.0,0.0,0.0,0.18331582659871,0.0,0.0,0.0,0.0,0.0,0.0,0.0,0.0,0.0,0.0,0.0,0.0,0.0,0.0,0.0,0.0,0.0,0.0,0.0,0.0,0.0,0.0,0.0,0.0,0.0,0.0,0.0,0.0,0.0,0.0,0.0,0.0,0.0,0.0,0.0,0.0,0.0,0.0,0.0,0.0,0.0,0.0,0.0,0.0,0.0,0.0,0.0,0.0,0.0,0.18331582659871,0.0,0.18331582659871,0.36663165319742,0.0,0.36663165319742,0.0,0.0,0.0,0.0,0.0,0.0,0.0,0.0,0.0,0.0,0.36663165319742,0.0,0.0,0.0,0.0,0.0,0.0,0.0,0.0,0.0,0.0,0.0,0.0,0.0,0.0,0.0,0.0,0.18331582659871,0.0,0.0,0.0,0.0,0.0,0.0,0.0,0.0,0.0
0.0,4.582895664967754,0.0,0.0,0.0,0.36663165319742,0.73326330639484,0.0,0.0,0.0,0.0,0.0,0.0,0.0,0.0,0.0,5.13284314476388,0.0,0.0,0.18331582659871,0.0,1.09989495959226,0.0,0.0,0.0,0.0,0.0,0.0,0.0,0.0,0.0,0.0,0.36663165319742,0.0,0.0,0.0,0.0,0.18331582659871,0.0,0.0,0.0,0.0,0.0,0.0,0.0,0.18331582659871,0.54994747979613,0.0,0.0,0.18331582659871,0.0,0.0,0.0,0.0,0.0,0.0,0.0,0.0,0.0,0.0,0.18331582659871,0.9165791329935501,0.0,0.0,0.0,0.18331582659871,0.0,0.18331582659871,0.0,0.0,8.432528023540664,0.0,0.0,0.0,0.0,0.0,0.0,3.4830007053754906,0.18331582659871,0.0,0.0,0.0,0.0,0.0,0.0,0.0,0.18331582659871,0.0,0.0,0.0,0.0,0.0,0.0,0.0,0.0,0.36663165319742,0.0,0.0,0.0,0.73326330639484,0.0,0.0,0.0,0.0,2.0164740925858102,0.0,0.18331582659871,0.0,0.0,0.0,0.0,0.0,0.0,0.18331582659871,0.0,0.0,0.0,0.18331582659871,0.0,0.0,0.0,0.0,0.0,0.0,0.0,0.0,0.18331582659871,0.0,0.0,0.0,0.18331582659871,0.0,0.0,0.0,0.0,4.58289566496775,0.0,0.0,1.09989495959226,1.28321078619097,0.0,0.0,0.0,0.54994747979613,0.0,0.0,0.0,0.0,0.18331582659871,0.0,0.0,0.0,17.781635180074886,0.18331582659871,0.0,0.0,0.18331582659871,0.0,0.0,0.0,0.73326330639484,0.0,0.0,0.0,0.0,0.36663165319742,0.0,0.0,0.0,0.0,0.0,0.0,0.0,0.0,0.0,0.0,0.0,0.36663165319742,0.0,0.0,0.0,0.0,0.0,0.0,0.0,0.0,0.0,0.0,0.0,0.0,0.0,0.0,0.0,0.0,0.18331582659871,0.0,0.54994747979613,0.0,0.0,0.0,0.0,0.0,0.0,0.0,0.36663165319742,0.0,0.0,0.0,0.0,0.0,0.0,0.0,0.0,0.0,0.0,0.0,0.0,0.0,0.0,0.0,0.0,0.0,0.0,0.0,0.0,0.0,1.8331582659871002,0.0,0.0,0.0,0.0,0.0,0.0,0.0,0.36663165319742,0.0,0.0,0.0,0.0,0.0,0.0,0.0,0.18331582659871,0.0,0.0,0.0,0.0,0.0,0.0,0.0,0.0,0.0,0.0,0.0,0.0,0.0,4.0329481851716205,0.0,0.36663165319742,0.0,0.0,0.18331582659871,0.0,0.0,0.0,0.0,0.0,0.36663165319742,0.0,0.0,2.19978991918452,0.0,0.0,0.0,0.18331582659871,0.0,0.0,0.0,0.0,0.0,0.0,0.0,0.18331582659871,0.0,0.0,0.0,0.0,0.0,0.0,0.0,0.0,0.0,0.0,0.0,0.18331582659871,0.0,0.0,0.0,0.0,0.0,0.0,0.0,0.36663165319742,0.0,1.6498424393883901,0.0,0.0,0.18331582659871,0.0,0.0,0.0,0.0,0.18331582659871,0.18331582659871,0.0,0.0,0.0,0.0,0.0,0.0,0.18331582659871,0.0,0.18331582659871,0.0,0.0,0.0,0.0,0.0,0.0,0.0,0.0,0.0,0.0,0.0,4.582895664967752,0.18331582659871,0.0,0.0,0.18331582659871,0.0,0.0,0.0,0.0,0.0,0.0
0.0,10.082370462929063,0.18331582659871,0.0,0.18331582659871,0.18331582659871,0.36663165319742,0.0,0.0,0.18331582659871,0.9165791329935501,0.73326330639484,0.0,0.0,0.18331582659871,0.0,0.0,0.0,0.0,0.0,0.36663165319742,0.0,0.18331582659871,0.54994747979613,0.0,0.0,0.0,0.0,0.0,0.0,0.0,0.0,0.0,0.0,0.0,0.0,0.36663165319742,0.0,0.0,0.0,0.54994747979613,0.0,0.0,0.0,0.18331582659871,0.36663165319742,0.0,0.18331582659871,0.0,0.0,0.0,0.0,0.0,4.7662114915664615,0.73326330639484,0.0,0.0,0.0,0.0,0.0,0.18331582659871,0.36663165319742,0.0,0.0,0.0,0.0,0.54994747979613,1.28321078619097,0.0,0.18331582659871,0.0,0.36663165319742,0.18331582659871,0.91657913299355,0.0,0.0,0.0,0.0,0.0,0.0,0.0,0.0,0.0,0.18331582659871,0.0,0.0,0.18331582659871,0.0,0.0,0.18331582659871,0.0,0.0,0.0,0.0,1.6498424393883901,0.18331582659871,0.0,0.36663165319742,0.0,0.0,1.09989495959226,0.18331582659871,0.0,0.0,0.36663165319742,3.2996848787767803,0.0,0.0,0.0,0.0,0.0,0.0,0.0,0.0,0.0,0.0,0.18331582659871,0.36663165319742,0.18331582659871,0.0,0.0,0.36663165319742,0.0,0.0,0.0,0.0,0.0,0.54994747979613,0.0,0.0,0.0,0.0,0.18331582659871,0.18331582659871,0.0,0.0,0.0,0.0,0.18331582659871,0.18331582659871,0.0,0.18331582659871,1.8331582659871002,0.0,0.0,0.0,0.18331582659871,0.36663165319742,0.0,0.0,0.0,0.0,0.0,6.049422277757434,0.0,0.0,0.0,0.0,0.0,0.18331582659871,0.18331582659871,0.0,0.9165791329935501,0.0,0.0,0.0,0.36663165319742,0.0,0.0,0.0,0.0,0.0,0.0,0.0,0.0,0.0,0.0,1.09989495959226,0.0,0.0,0.0,0.54994747979613,0.0,0.0,0.18331582659871,0.0,0.0,0.0,0.0,0.0,0.0,0.0,0.0,0.0,0.0,0.0,0.54994747979613,0.18331582659871,0.0,0.0,0.0,0.0,0.0,0.18331582659871,0.18331582659871,0.0,0.0,0.0,1.09989495959226,0.18331582659871,0.0,0.0,0.0,0.18331582659871,0.0,0.0,0.0,0.18331582659871,0.0,0.0,0.0,0.0,0.0,0.18331582659871,0.0,0.0,0.18331582659871,0.0,0.0,0.0,0.0,0.0,0.0,0.0,0.0,0.0,0.0,0.0,0.0,0.0,1.28321078619097,0.18331582659871,0.0,0.0,0.0,0.0,0.0,0.0,0.0,0.0,0.0,0.73326330639484,0.0,0.0,0.0,0.0,0.0,0.0,0.0,0.0,0.0,0.0,0.0,0.0,0.0,0.0,0.0,0.0,0.0,0.0,0.0,0.0,0.18331582659871,0.0,0.0,0.0,0.0,0.0,0.0,0.0,0.0,0.0,0.0,0.0,0.0,0.0,0.0,0.0,0.0,0.0,0.0,0.0,0.0,0.0,0.0,0.0,0.0,0.0,0.0,0.0,0.0,0.0,0.0,0.0,0.18331582659871,0.0,0.0,0.0,0.0,0.0,0.0,0.18331582659871,0.0,0.18331582659871,0.0,0.0,0.0,0.0,0.0,0.18331582659871,0.0,0.0,0.0,0.0,0.0,0.0,0.0,0.0,0.0,0.0,0.18331582659871,0.0,0.0,0.0,0.0,0.54994747979613,0.54994747979613,0.0,0.0,0.0,0.0,0.0,0.0,0.0,0.0
0.0,0.0,0.0,0.0,0.0,0.36663165319742,0.18331582659871,0.0,0.0,0.0,0.18331582659871,0.0,0.0,0.0,0.0,0.0,0.0,0.0,0.0,0.0,0.0,0.0,0.0,0.18331582659871,0.0,0.0,0.0,0.0,0.0,0.0,0.0,0.0,0.0,0.0,0.0,1.28321078619097,0.0,0.0,0.18331582659871,0.36663165319742,0.0,0.0,0.0,0.0,0.18331582659871,0.0,0.0,1.28321078619097,0.0,0.0,0.0,0.0,0.36663165319742,0.18331582659871,0.0,0.0,0.0,0.36663165319742,0.0,0.0,0.0,0.0,0.0,0.0,0.0,0.0,0.0,0.18331582659871,0.0,0.0,0.0,0.18331582659871,0.0,0.0,0.18331582659871,0.18331582659871,0.0,0.0,0.0,1.28321078619097,0.9165791329935501,0.0,0.0,0.0,0.18331582659871,0.0,0.0,0.0,0.0,0.0,0.0,0.0,0.0,0.0,0.0,0.0,0.0,0.0,0.0,0.0,0.0,0.0,0.0,0.0,0.0,0.0,0.0,0.18331582659871,0.0,0.0,0.0,0.54994747979613,0.0,0.0,0.0,0.0,0.0,0.0,0.0,0.0,0.0,0.0,0.0,0.0,0.0,0.0,0.0,0.0,0.0,0.0,0.18331582659871,0.0,7.882580543744537,0.0,0.0,0.0,0.0,0.0,0.0,0.0,0.0,0.0,0.18331582659871,0.0,0.54994747979613,0.0,0.0,0.0,0.0,0.0,0.0,0.0,0.0,0.0,2.56642157238194,0.0,0.0,0.0,0.0,0.0,0.0,0.0,0.0,0.18331582659871,0.0,0.0,0.0,0.0,0.18331582659871,0.0,0.0,0.0,0.0,0.0,0.18331582659871,0.0,0.0,1.28321078619097,0.0,0.0,0.0,0.0,0.0,0.0,0.0,0.0,0.0,0.0,0.0,0.0,0.0,0.0,0.0,0.0,0.18331582659871,0.0,0.0,0.0,0.0,0.18331582659871,0.0,0.0,0.0,0.0,0.0,0.0,0.0,0.0,0.0,0.0,0.0,0.0,0.0,0.0,0.0,0.0,0.0,0.0,0.0,0.0,0.0,0.0,0.36663165319742,0.0,0.0,0.0,0.0,0.0,0.0,0.0,0.0,0.0,0.0,0.0,0.0,0.54994747979613,0.0,0.0,0.0,0.0,0.0,0.0,0.36663165319742,1.09989495959226,0.0,0.0,0.0,0.0,0.0,0.18331582659871,0.0,0.0,0.0,0.0,0.0,0.0,0.0,0.0,0.0,0.0,0.0,0.0,0.0,0.0,0.0,0.18331582659871,0.0,0.0,0.0,0.0,0.0,0.0,0.0,0.0,0.0,0.0,0.0,0.0,0.0,0.0,0.0,0.18331582659871,0.0,0.0,0.0,0.18331582659871,0.36663165319742,0.0,0.0,0.18331582659871,0.0,0.0,0.0,0.18331582659871,0.0,0.0,0.0,0.0,0.0,0.0,0.0,0.0,0.0,0.0,0.0,0.0,0.0,0.0,0.18331582659871,0.0,0.0,0.0,0.0,0.0,0.0,0.0,0.0,0.18331582659871,0.0,0.0,0.0,0.0,0.0,0.0,0.0,0.0,0.0,0.0,0.0,0.0,0.0,0.0,0.0,0.0,0.0,0.0,0.0,0.0,0.0,0.0,0.0,0.0,0.0,0.0,0.0
0.0,0.0,0.0,0.0,0.18331582659871,0.36663165319742,1.46652661278968,0.0,0.18331582659871,0.0,0.0,0.0,0.0,0.9165791329935501,0.18331582659871,0.18331582659871,0.0,0.36663165319742,0.0,0.0,0.18331582659871,0.0,0.18331582659871,0.36663165319742,0.0,0.54994747979613,0.0,0.0,0.36663165319742,1.09989495959226,0.0,0.0,0.18331582659871,0.0,0.0,0.0,0.0,0.0,0.0,0.0,0.0,0.0,0.0,0.18331582659871,0.0,0.0,0.18331582659871,0.54994747979613,0.36663165319742,0.0,0.0,0.0,1.09989495959226,0.0,0.0,0.0,0.0,0.0,0.0,0.0,0.18331582659871,0.73326330639484,0.0,0.36663165319742,0.0,0.0,0.0,0.18331582659871,0.0,0.9165791329935512,0.0,0.0,0.18331582659871,0.9165791329935501,0.0,0.0,0.0,0.36663165319742,0.0,0.0,0.18331582659871,0.0,0.0,0.0,0.0,0.36663165319742,0.0,0.18331582659871,1.09989495959226,0.54994747979613,0.0,0.0,0.0,0.0,0.18331582659871,0.0,0.0,0.18331582659871,0.0,0.0,0.18331582659871,0.0,0.36663165319742,0.0,0.0,0.0,0.0,0.0,0.0,0.0,0.0,0.0,0.0,0.0,0.18331582659871,0.0,0.9165791329935501,0.0,0.0,0.0,0.0,0.18331582659871,0.0,0.0,0.0,0.0,0.0,0.54994747979613,0.0,0.36663165319742,0.0,0.0,0.0,0.0,0.18331582659871,0.0,0.0,0.0,0.0,0.0,0.0,0.0,0.54994747979613,0.0,0.0,0.0,0.0,0.0,0.0,0.0,1.28321078619097,0.0,0.0,0.0,0.0,2.19978991918452,0.0,0.0,0.0,0.0,0.0,0.0,0.0,0.0,0.0,0.0,0.0,0.0,1.46652661278968,0.0,0.0,0.0,0.0,0.0,0.0,0.0,0.18331582659871,1.09989495959226,0.0,0.0,0.0,0.0,0.0,0.18331582659871,0.0,0.0,0.36663165319742,0.0,0.0,0.18331582659871,0.54994747979613,0.0,0.0,0.0,0.0,0.0,0.0,0.36663165319742,0.0,0.36663165319742,0.0,0.0,0.0,0.0,0.0,0.0,0.0,0.0,0.0,0.0,0.18331582659871,0.0,0.0,0.0,0.0,0.18331582659871,0.0,0.0,0.0,0.0,0.18331582659871,0.0,1.28321078619097,0.73326330639484,0.73326330639484,0.0,0.18331582659871,0.0,0.0,0.0,0.0,0.0,0.0,0.18331582659871,0.0,2.3831057457832325,0.0,0.18331582659871,0.0,0.0,0.0,0.0,0.36663165319742,0.0,0.0,0.0,0.0,0.0,0.0,0.0,0.18331582659871,0.0,0.0,0.0,0.0,0.0,0.0,0.0,0.0,0.0,0.0,0.0,0.9165791329935501,0.0,0.0,0.0,0.0,0.0,0.0,0.0,0.0,0.0,0.0,0.0,1.28321078619097,0.0,0.0,0.0,0.0,0.0,0.0,0.0,0.0,0.0,0.0,0.0,0.0,0.0,0.0,0.0,0.0,0.36663165319742,0.0,0.0,0.0,0.0,0.0,0.0,0.0,0.0,0.0,0.0,0.0,0.0,0.0,0.0,0.0,0.0,0.0,0.0,0.0,0.0,0.0,0.0,0.0,0.0,0.18331582659871,0.0,0.0,0.0,0.0,0.0,0.0,0.0,0.0,0.0,0.0,0.0,0.54994747979613,0.0,0.0,0.0,0.0,0.0,0.0,0.54994747979613,0.0,0.0,0.0,0.0,0.0,0.0,0.0,0.0,0.0
0.0,0.18331582659871,0.0,0.0,0.0,0.0,0.18331582659871,0.18331582659871,0.0,0.0,0.0,0.0,0.0,0.0,0.0,0.0,0.18331582659871,0.0,0.0,0.0,0.0,0.18331582659871,0.0,0.0,0.18331582659871,0.0,0.0,0.0,0.0,0.0,0.0,0.0,0.0,0.18331582659871,0.0,0.0,0.0,0.0,0.54994747979613,0.0,0.0,0.0,0.0,0.0,0.18331582659871,0.0,0.73326330639484,0.0,0.0,0.0,0.0,0.0,0.18331582659871,0.0,0.0,0.0,0.0,0.0,0.0,0.0,0.0,0.0,0.0,0.0,0.0,0.0,0.0,0.0,0.0,0.0,0.0,0.18331582659871,0.0,0.0,0.0,0.0,0.0,0.0,0.0,0.0,0.0,0.0,0.0,0.0,0.0,0.0,0.0,0.0,0.0,0.0,0.0,0.0,0.0,0.0,0.0,0.0,0.0,0.0,0.0,0.0,0.0,0.0,0.0,0.0,0.0,0.36663165319742,0.18331582659871,0.36663165319742,0.0,0.0,0.0,0.0,0.0,0.36663165319742,0.0,0.0,0.0,0.0,0.0,0.0,0.0,0.0,0.0,0.0,0.0,0.36663165319742,0.0,0.0,0.18331582659871,0.0,0.0,0.0,0.0,0.36663165319742,0.0,0.0,0.0,0.0,0.0,0.0,0.0,0.0,0.18331582659871,0.0,0.0,0.0,0.0,0.0,0.0,0.0,0.0,0.0,0.0,0.0,0.0,0.0,0.18331582659871,0.0,0.0,0.36663165319742,0.0,0.0,0.0,0.0,0.0,0.0,0.0,0.0,0.0,0.0,0.0,0.0,0.0,0.0,0.0,0.0,0.0,0.0,0.0,0.0,0.0,0.0,0.0,0.9165791329935501,0.0,0.0,0.0,0.0,0.0,0.0,0.0,0.0,0.0,0.0,0.0,0.0,0.18331582659871,0.0,0.0,0.0,0.0,0.36663165319742,0.0,0.0,0.0,0.0,0.0,0.18331582659871,0.0,0.0,0.0,0.0,0.0,0.0,0.0,0.0,0.0,0.0,0.0,0.0,0.0,0.0,0.0,0.0,0.0,0.0,0.0,0.0,0.0,0.0,0.0,0.0,0.0,0.0,0.0,0.0,0.0,0.0,0.0,0.18331582659871,0.0,0.0,0.0,0.18331582659871,0.0,0.0,0.0,0.0,0.0,0.0,0.0,0.0,0.0,0.0,0.0,0.0,1.09989495959226,0.0,0.0,0.0,0.0,0.0,0.0,0.0,0.0,0.0,0.0,0.0,0.0,0.0,0.18331582659871,0.0,0.0,0.0,0.0,0.0,0.0,0.0,0.0,0.0,0.0,0.0,0.0,0.0,0.0,0.0,0.0,0.0,0.0,0.0,0.0,0.0,0.0,0.0,0.0,0.0,0.0,0.0,0.0,0.0,0.0,0.0,0.0,0.0,0.0,0.0,0.0,0.0,0.0,0.0,0.0,0.0,0.18331582659871,0.0,0.0,0.0,0.0,0.0,0.0,0.0,0.0,0.18331582659871,0.0,0.0,0.0,0.0,0.0,0.0,0.0,0.0,0.0,0.0,0.0,0.0,0.0,1.09989495959226,0.36663165319742,0.0,0.0,0.0,0.0,0.0,0.0,0.0,0.0
0.0,0.18331582659871,0.0,0.0,0.0,0.0,1.283210786190975,0.0,0.0,0.0,0.0,0.0,0.18331582659871,0.18331582659871,0.0,0.0,0.0,0.18331582659871,0.0,0.0,0.18331582659871,0.18331582659871,0.0,0.0,0.18331582659871,0.0,0.0,0.18331582659871,5.3161589713626025,0.0,0.0,0.0,0.0,0.0,0.0,0.0,0.0,0.0,0.0,0.0,0.36663165319742,0.0,0.0,0.54994747979613,0.73326330639484,0.0,0.0,0.18331582659871,0.0,0.0,0.0,0.0,0.18331582659871,0.0,0.36663165319742,0.0,0.0,0.0,0.0,0.0,0.73326330639484,0.54994747979613,0.0,0.0,0.0,0.18331582659871,0.0,0.18331582659871,0.0,0.0,0.0,10.815633769323892,0.0,0.0,0.0,0.0,0.0,6.966001410750981,0.73326330639484,0.0,0.0,0.18331582659871,0.0,0.0,0.0,1.09989495959226,0.0,0.0,0.18331582659871,0.0,0.0,0.0,0.0,0.0,0.54994747979613,0.0,0.0,0.0,0.0,0.18331582659871,0.0,0.0,0.0,0.0,0.18331582659871,0.36663165319742,0.18331582659871,0.0,0.0,0.0,0.0,0.0,0.18331582659871,0.0,0.0,0.0,0.0,0.0,0.0,0.36663165319742,0.0,0.18331582659871,0.18331582659871,0.0,0.0,0.0,0.0,0.0,0.0,0.0,0.0,0.0,0.0,0.0,3.299684878776781,0.0,0.0,0.0,0.18331582659871,0.18331582659871,0.0,0.0,0.18331582659871,0.0,0.0,0.0,0.0,0.0,0.0,0.0,0.0,0.0,0.0,0.0,0.0,0.0,0.0,0.54994747979613,0.0,0.18331582659871,0.18331582659871,0.0,0.0,0.0,0.18331582659871,0.18331582659871,0.18331582659871,0.0,0.0,0.0,0.0,0.0,0.0,0.0,0.0,0.0,0.0,1.28321078619097,0.0,0.0,0.0,0.0,0.0,0.0,0.18331582659871,0.0,0.0,0.0,0.0,0.0,0.0,0.0,0.0,0.0,0.0,5.1328431447638785,1.6498424393883901,0.18331582659871,0.0,0.0,0.0,0.18331582659871,0.0,0.0,0.0,0.0,0.0,0.0,0.0,0.0,0.0,0.0,0.0,0.0,0.0,0.0,0.0,0.0,0.0,0.0,0.0,0.0,0.0,0.18331582659871,0.0,0.0,0.0,0.0,0.0,0.0,0.0,0.0,0.0,0.0,0.36663165319742,0.0,0.0,0.0,0.0,0.0,0.0,0.0,0.18331582659871,0.0,0.0,0.0,0.0,0.0,0.0,0.0,0.0,0.0,0.0,0.0,0.0,0.0,0.0,0.0,0.18331582659871,0.0,0.0,0.0,0.18331582659871,0.0,0.0,0.0,0.18331582659871,0.0,0.0,0.0,0.0,0.0,0.0,0.0,0.0,0.0,0.73326330639484,0.0,0.0,0.0,0.0,0.0,0.0,0.0,0.0,0.0,0.0,0.0,0.0,0.0,0.0,3.849632358572915,0.0,0.0,0.0,0.0,0.0,0.0,0.0,0.0,0.0,0.0,0.0,0.0,0.0,0.0,0.0,0.0,0.0,0.0,0.0,0.18331582659871,2.0164740925858102,0.0,0.0,0.0,0.0,0.0,0.0,0.0,0.0,0.0,0.0,0.0,0.0,0.0,0.18331582659871,0.18331582659871,0.0,0.0,0.0,0.0,0.0,0.0,0.0,0.0,0.0,0.0,0.0,0.0,0.0,0.0,0.0,0.0,0.0
0.0,0.0,0.0,0.0,0.0,0.0,0.0,0.0,0.0,0.0,0.0,0.0,0.0,0.0,0.0,0.0,0.0,0.18331582659871,0.0,0.0,0.0,0.0,0.0,0.0,0.0,0.0,0.0,0.0,0.0,0.0,0.0,0.0,0.0,0.0,0.0,0.0,0.0,0.0,0.0,0.0,0.0,0.0,0.0,0.0,0.0,0.0,0.0,0.0,0.18331582659871,0.0,0.0,0.0,0.0,0.0,0.0,0.0,0.0,0.36663165319742,0.18331582659871,0.0,0.0,0.18331582659871,0.0,0.0,0.0,0.0,0.0,0.0,0.0,0.0,0.0,0.0,0.0,0.0,0.0,0.0,0.0,0.0,0.0,0.18331582659871,0.0,0.0,0.0,0.0,0.0,0.0,0.0,0.0,0.0,0.0,0.0,0.0,0.0,0.18331582659871,0.0,0.0,0.0,0.0,0.0,0.0,0.0,0.0,0.0,0.0,0.0,0.0,0.0,0.0,0.0,0.0,0.0,0.0,0.0,0.0,0.0,0.0,0.0,0.0,0.0,0.0,0.0,0.0,0.0,1.09989495959226,0.0,0.0,0.0,0.0,0.0,0.0,0.0,0.0,0.54994747979613,0.0,0.0,0.0,0.0,0.0,0.0,0.0,0.0,0.0,0.0,0.0,0.0,0.0,0.0,0.0,0.0,0.0,0.0,0.0,0.0,0.0,0.0,0.0,0.0,0.0,4.216264011770325,0.0,0.0,0.0,0.0,0.0,0.0,0.0,0.0,0.0,0.0,0.0,0.0,0.0,0.0,0.18331582659871,0.0,0.0,0.0,0.0,0.0,0.0,0.0,0.0,0.0,0.0,0.0,0.0,0.0,0.0,0.0,0.0,0.0,0.0,0.0,0.0,0.18331582659871,0.0,0.0,0.0,0.0,0.0,4.949527318165176,0.0,0.0,0.0,0.0,0.0,0.18331582659871,0.0,0.0,0.18331582659871,0.0,0.0,0.0,1.6498424393883913,0.0,0.0,0.0,0.0,0.0,0.0,0.0,0.0,0.0,0.0,0.0,0.18331582659871,0.0,0.0,0.0,0.0,0.0,0.0,0.0,0.0,0.0,0.0,0.36663165319742,0.0,0.0,0.0,0.0,0.0,0.0,0.73326330639484,0.0,0.0,0.0,0.0,0.0,0.9165791329935501,0.0,0.0,0.0,0.0,0.0,0.0,0.0,0.0,0.0,0.0,0.0,0.0,0.0,0.0,0.0,0.0,0.0,0.0,0.0,0.0,0.0,0.0,0.0,0.0,0.0,0.0,0.0,0.0,0.0,0.0,0.0,0.0,0.0,2.01647409258581,0.36663165319742,0.0,0.18331582659871,0.0,0.18331582659871,0.0,1.09989495959226,0.0,0.18331582659871,0.0,0.0,0.0,0.0,0.0,0.0,0.18331582659871,0.0,0.0,0.0,0.0,0.0,0.0,0.0,0.0,0.0,0.0,0.0,0.0,0.0,0.0,0.0,0.0,0.0,0.0,0.0,0.0,0.0,0.0,0.0,0.0,0.0,0.0,1.28321078619097,0.0,0.0,0.0,0.0,0.0,0.0,0.0,0.0,0.0,0.0,0.0,0.0,0.0,0.0,0.0,0.0,0.0,0.0
0.0,0.0,0.0,0.0,0.0,0.0,0.73326330639484,0.36663165319742,0.0,0.18331582659871,0.0,0.0,0.0,0.36663165319742,0.0,0.0,0.18331582659871,0.18331582659871,0.0,0.0,0.18331582659871,0.0,0.18331582659871,0.18331582659871,3.11636905217807,0.0,0.0,0.18331582659871,0.0,0.0,0.0,0.0,0.0,0.0,0.0,0.18331582659871,0.0,0.18331582659871,0.0,0.0,0.0,0.0,0.0,0.0,0.18331582659871,0.0,0.18331582659871,0.18331582659871,0.0,0.0,0.0,0.0,0.0,0.18331582659871,0.0,0.0,0.0,0.0,0.0,0.0,0.18331582659871,0.0,0.18331582659871,0.0,0.0,1.09989495959226,0.0,0.0,0.0,0.0,0.18331582659871,0.0,0.0,0.0,0.18331582659871,0.0,0.0,0.0,0.0,0.0,0.0,1.6498424393883901,0.0,0.0,0.0,0.0,0.0,0.0,0.0,0.0,0.18331582659871,0.0,0.0,0.0,0.18331582659871,0.18331582659871,0.0,0.0,0.0,0.0,0.0,0.0,0.0,0.0,0.0,1.8331582659871,0.0,0.0,0.54994747979613,0.0,0.0,0.0,0.0,0.18331582659871,0.0,0.18331582659871,0.0,0.0,0.18331582659871,0.0,0.0,0.0,0.0,0.0,0.0,0.0,0.0,0.0,0.0,0.18331582659871,0.0,0.0,0.0,0.0,0.0,0.0,0.0,0.0,0.0,0.0,0.0,0.0,0.0,0.0,0.0,0.0,0.0,0.0,0.0,0.0,0.0,0.0,0.0,0.18331582659871,0.0,0.0,0.36663165319742,0.36663165319742,0.0,2.933053225579365,0.0,0.36663165319742,0.0,0.0,0.0,0.54994747979613,0.0,0.0,0.0,0.0,0.0,0.0,0.0,0.0,0.0,0.0,0.0,0.18331582659871,0.0,0.0,0.0,0.0,0.0,0.36663165319742,0.0,0.0,0.0,0.0,0.0,0.0,0.0,0.0,0.0,0.0,0.0,0.0,0.0,0.0,0.0,0.18331582659871,0.0,0.18331582659871,0.0,0.0,0.0,0.0,0.0,0.0,0.0,0.0,0.0,0.0,0.0,0.0,0.0,0.0,0.0,0.0,0.0,0.0,0.0,0.0,0.0,0.0,0.0,0.0,0.0,0.0,0.0,0.0,0.0,0.0,0.0,0.0,0.0,0.0,0.0,0.0,0.0,0.0,0.0,0.0,0.18331582659871,0.0,0.0,0.0,0.0,0.0,0.0,0.0,0.0,0.0,0.9165791329935501,0.0,0.0,0.0,0.0,0.0,0.36663165319742,0.0,0.0,0.0,0.0,0.0,0.0,0.0,0.0,0.0,0.0,0.0,0.0,0.0,0.0,0.0,0.0,0.0,0.0,0.0,0.0,0.0,0.0,0.0,0.0,0.0,0.0,0.0,0.0,0.0,0.0,0.0,0.0,0.0,0.0,0.0,0.0,0.0,0.0,0.0,0.0,0.0,0.0,0.0,0.18331582659871,0.0,0.0,0.18331582659871,0.0,0.0,0.0,0.0,0.18331582659871,0.18331582659871,0.18331582659871,0.0,0.0,0.0,0.0,0.0,0.0,0.0,0.0,0.0,0.0,0.0,0.0,0.0,0.18331582659871,0.0,0.0,0.0,0.0,0.0,0.0,0.0,0.0,0.18331582659871,0.18331582659871,0.0,0.0,0.0,0.0,0.0,0.0,0.0,0.0
0.0,0.0,0.0,0.0,0.0,0.0,0.0,0.54994747979613,0.0,0.0,0.0,0.0,0.0,2.7497373989806513,0.0,0.0,0.36663165319742,0.36663165319742,0.0,0.0,0.0,2.566421572381941,0.0,0.0,0.0,0.0,0.0,0.0,0.0,0.0,0.0,0.0,0.0,0.0,0.0,0.0,0.0,0.54994747979613,0.0,0.0,0.0,0.0,0.0,0.18331582659871,0.0,0.0,0.0,0.0,0.0,3.1163690521780705,0.0,0.0,0.0,0.18331582659871,0.0,0.0,0.36663165319742,0.0,0.0,0.0,0.0,0.0,0.0,0.0,0.0,0.0,0.0,0.0,0.0,0.0,0.54994747979613,0.0,0.0,0.0,0.0,0.0,0.0,0.0,0.18331582659871,0.0,0.0,0.0,0.0,0.0,0.0,0.0,0.0,0.0,0.0,0.0,0.0,0.0,0.0,0.0,0.0,0.0,0.0,0.0,0.0,0.0,0.0,0.0,0.0,0.0,0.18331582659871,0.0,0.0,0.0,0.73326330639484,0.0,0.0,0.0,0.0,0.0,0.0,0.0,0.0,0.0,0.0,0.0,0.0,0.0,0.0,0.0,0.18331582659871,0.0,0.18331582659871,0.0,0.0,0.0,0.0,0.0,0.0,0.0,0.0,0.36663165319742,0.0,0.0,4.58289566496775,1.09989495959226,0.0,0.0,0.0,1.8331582659871,0.0,0.0,0.0,0.0,0.0,0.0,0.0,0.0,0.36663165319742,0.0,0.0,0.0,0.0,0.0,0.0,0.0,3.11636905217807,0.0,0.0,0.0,0.0,0.0,0.0,0.0,0.0,0.0,0.0,0.0,0.0,0.0,0.0,0.0,0.0,0.54994747979613,0.0,0.0,0.0,0.0,0.0,0.0,0.0,0.0,0.0,0.0,0.0,0.0,0.0,0.0,0.0,0.0,0.0,0.0,0.0,0.0,0.18331582659871,0.0,0.0,0.0,0.0,0.0,0.0,0.0,0.0,0.0,0.0,0.0,0.0,0.36663165319742,0.0,0.0,0.0,0.0,0.0,0.0,0.0,0.0,0.0,0.0,0.0,0.0,0.36663165319742,0.0,0.0,0.0,0.0,0.0,0.0,0.0,0.0,0.0,0.0,0.0,0.0,0.0,0.0,0.0,0.0,0.0,0.0,0.0,0.0,0.0,0.0,0.0,0.0,0.0,0.0,0.0,0.36663165319742,0.0,0.0,0.0,0.18331582659871,0.0,0.0,0.0,0.0,0.18331582659871,0.0,0.0,15.581845260890361,0.0,0.0,0.0,0.0,0.0,0.0,0.0,0.0,0.0,0.0,0.0,0.0,0.0,0.0,0.0,0.0,0.0,0.18331582659871,0.0,0.0,0.0,0.0,0.0,0.18331582659871,0.0,0.0,0.0,0.0,0.0,0.18331582659871,0.36663165319742,0.0,0.0,0.0,0.0,0.0,0.0,0.0,0.0,0.0,0.0,0.0,0.18331582659871,0.0,0.0,0.0,0.0,0.0,0.0,0.0,0.0,0.0,0.0,0.0,0.0,0.0,0.0,0.18331582659871,0.0,0.0,0.0,0.0,0.0,0.0,0.0,0.0,0.0,0.0,0.0,0.18331582659871,0.0,0.0,0.0,0.0,0.0,0.0,0.0,0.0,0.0,0.0
0.0,0.0,0.0,0.0,0.0,0.0,0.18331582659871,0.9165791329935501,0.0,0.18331582659871,0.18331582659871,0.0,0.0,0.18331582659871,0.0,0.0,0.0,0.0,0.18331582659871,0.0,0.0,0.18331582659871,0.0,0.18331582659871,0.0,0.0,0.0,0.0,0.0,0.0,0.0,0.0,0.0,0.0,0.0,0.0,0.0,0.18331582659871,0.0,0.0,0.0,0.0,0.0,0.0,0.0,0.0,0.54994747979613,0.0,0.0,0.0,0.0,0.0,0.18331582659871,1.09989495959226,0.0,0.0,0.73326330639484,0.0,0.0,0.0,0.54994747979613,0.0,0.54994747979613,0.0,0.0,0.73326330639484,0.0,0.0,0.0,0.0,5.866106451158712,0.0,0.0,0.0,0.0,0.0,0.0,0.0,0.0,0.0,0.0,0.0,0.0,0.0,0.0,0.0,0.0,0.0,0.0,0.0,0.0,0.0,0.0,0.0,0.0,0.0,0.0,0.0,0.0,6.232738104356134,0.0,0.0,0.0,0.0,0.0,0.91657913299355,0.0,0.0,0.18331582659871,0.0,0.0,0.0,0.0,0.0,0.0,0.0,0.0,0.36663165319742,0.18331582659871,0.0,0.0,0.0,0.0,0.0,0.0,2.74973739898065,0.36663165319742,0.0,0.0,0.0,0.0,0.0,0.0,0.0,0.0,0.18331582659871,0.0,0.0,0.0,0.0,0.0,0.0,0.0,1.283210786190975,0.0,0.0,0.0,0.0,0.0,0.0,0.0,0.0,0.0,0.0,0.0,0.0,0.18331582659871,0.0,0.0,0.18331582659871,0.0,1.09989495959226,0.0,0.0,0.0,0.0,0.0,0.0,0.0,0.0,0.0,0.0,0.0,0.0,0.0,0.0,0.0,0.36663165319742,0.0,0.0,0.0,0.0,0.0,0.0,0.0,0.0,0.0,0.0,0.0,0.0,0.0,0.0,0.0,0.0,0.0,0.0,0.0,0.0,0.0,0.0,0.0,0.0,0.0,0.0,0.0,0.0,0.0,0.0,0.18331582659871,0.0,0.0,0.0,0.36663165319742,0.0,0.0,0.0,0.0,0.0,0.0,0.0,0.0,0.0,0.0,0.0,0.0,0.0,0.0,0.0,0.0,0.0,0.0,0.0,0.0,0.0,0.0,0.0,0.0,0.0,0.0,0.0,0.18331582659871,0.0,0.0,0.0,0.0,0.0,0.0,0.0,0.0,0.0,0.0,0.0,4.949527318165172,0.0,0.0,0.0,0.0,0.0,0.36663165319742,0.18331582659871,0.0,0.0,0.0,0.0,0.0,0.0,0.0,0.0,0.0,0.0,0.0,0.0,0.0,0.0,0.0,0.0,0.0,0.0,0.0,0.0,0.0,0.0,0.54994747979613,0.0,0.0,0.0,0.0,0.0,0.0,0.0,0.0,0.0,0.0,0.0,0.0,0.0,0.0,0.0,0.0,0.0,0.0,0.0,0.0,0.0,0.0,0.0,0.0,0.0,0.0,0.0,0.18331582659871,0.18331582659871,0.0,0.0,0.0,0.0,0.0,0.0,0.0,0.54994747979613,0.0,0.0,0.0,0.0,0.0,0.0,0.0,0.0,0.0,0.0,0.0,0.0,0.0,0.0,0.18331582659871,1.46652661278968,0.18331582659871,0.0,0.0,0.0,0.0,0.0,0.0,0.0,0.18331582659871
0.18331582659871,0.36663165319742,0.0,0.0,0.9165791329935501,0.73326330639484,0.54994747979613,0.0,0.0,0.18331582659871,0.9165791329935501,0.73326330639484,0.36663165319742,0.36663165319742,0.54994747979613,0.18331582659871,0.0,0.36663165319742,0.0,0.18331582659871,2.5664215723819397,0.18331582659871,0.18331582659871,0.18331582659871,0.0,0.0,0.18331582659871,0.18331582659871,0.0,0.36663165319742,0.0,0.0,0.0,0.0,0.0,0.0,0.36663165319742,0.0,0.0,0.0,0.18331582659871,0.73326330639484,0.54994747979613,0.54994747979613,0.54994747979613,0.36663165319742,0.54994747979613,0.36663165319742,0.0,0.18331582659871,0.18331582659871,0.0,0.18331582659871,0.18331582659871,0.18331582659871,0.0,0.0,0.0,0.0,0.18331582659871,0.36663165319742,1.46652661278968,0.0,0.0,0.0,0.0,0.0,0.54994747979613,0.0,0.9165791329935501,0.0,0.73326330639484,1.46652661278968,0.0,0.0,0.0,0.0,0.18331582659871,0.0,0.0,0.0,0.0,0.0,0.0,0.0,0.0,0.0,0.0,0.18331582659871,0.36663165319742,0.18331582659871,0.0,0.0,0.0,0.54994747979613,0.0,0.0,0.0,0.0,0.0,0.0,0.73326330639484,0.0,0.0,0.0,0.0,0.0,0.0,0.18331582659871,0.0,0.0,0.0,0.0,0.0,0.0,0.0,0.0,0.0,0.0,0.0,0.0,1.8331582659871002,0.0,0.0,0.36663165319742,0.0,0.0,0.0,0.18331582659871,0.0,0.0,0.36663165319742,1.6498424393883901,0.0,0.18331582659871,0.0,0.18331582659871,0.0,0.0,0.0,0.54994747979613,0.73326330639484,0.18331582659871,0.36663165319742,0.0,0.0,0.73326330639484,0.0,0.0,0.0,0.36663165319742,0.0,0.0,0.54994747979613,0.0,0.18331582659871,0.0,0.0,0.0,0.0,0.0,0.0,1.09989495959226,0.0,0.0,0.0,0.0,0.18331582659871,0.0,0.0,0.18331582659871,0.18331582659871,0.18331582659871,0.0,0.0,0.0,0.0,0.73326330639484,0.0,0.0,0.0,0.36663165319742,0.18331582659871,0.0,0.54994747979613,0.0,0.18331582659871,0.0,0.0,0.0,0.0,0.18331582659871,0.0,0.0,0.0,1.09989495959226,0.54994747979613,0.0,0.0,0.0,0.0,0.0,0.18331582659871,0.0,0.0,0.0,0.0,0.0,0.0,0.0,0.0,0.0,0.0,0.0,0.73326330639484,0.0,0.0,0.0,0.0,0.0,0.18331582659871,0.0,0.0,0.0,3.29968487877678,0.0,0.0,0.0,0.0,0.0,0.0,0.0,0.18331582659871,0.18331582659871,0.0,0.0,0.0,0.0,0.0,0.0,0.0,0.0,0.0,0.0,0.0,0.0,0.0,0.36663165319742,0.0,0.0,0.0,0.0,0.0,0.0,0.0,0.0,0.0,0.0,0.0,0.0,0.0,0.0,0.0,1.6498424393883901,0.0,0.0,0.0,0.0,0.0,0.0,0.0,0.0,0.18331582659871,0.0,0.18331582659871,0.36663165319742,0.0,0.0,0.0,0.0,0.0,0.0,0.0,0.0,0.0,0.0,0.0,0.0,0.0,0.0,0.36663165319742,0.0,0.0,0.0,0.0,0.0,0.0,0.0,0.0,0.0,0.0,0.0,0.0,0.0,0.0,0.18331582659871,0.0,0.0,0.0,0.0,0.0,0.0,0.0,0.0,0.0,0.0,0.0,0.0,0.0,0.0,0.0,0.0,0.0,0.0,0.36663165319742,0.0,0.0,0.0,0.0,0.0,0.0,0.0,0.0,0.0,0.0,0.0,0.0,0.0,0.0,0.0,0.18331582659871,0.0,0.0,0.0,0.0
0.0,0.0,0.0,0.18331582659871,0.0,0.0,0.91657913299355,0.0,0.0,0.0,0.0,0.0,0.0,0.18331582659871,0.0,0.0,0.0,0.0,0.0,0.0,0.0,0.0,0.0,0.0,0.0,0.0,0.0,0.0,0.0,0.0,0.0,0.36663165319742,0.0,0.0,0.0,0.0,0.0,0.0,0.36663165319742,0.0,0.0,0.0,0.0,0.0,0.0,0.0,0.0,0.0,0.0,0.0,0.0,0.36663165319742,0.18331582659871,0.0,0.0,0.0,0.0,0.18331582659871,0.0,0.0,0.36663165319742,0.0,0.0,0.0,0.0,0.0,0.0,0.54994747979613,0.0,0.0,0.18331582659871,0.0,0.0,0.0,0.0,0.0,0.18331582659871,0.0,0.0,2.38310574578323,0.36663165319742,0.0,0.0,0.0,0.0,0.0,0.0,0.0,0.0,0.0,0.0,0.0,0.0,0.0,0.0,0.0,0.18331582659871,0.0,0.0,0.0,0.0,0.0,0.18331582659871,0.0,0.0,0.0,0.0,10.082370462929056,0.0,0.0,0.0,3.6663165319741946,0.0,0.0,0.0,0.0,0.0,0.0,0.0,0.0,0.0,0.0,0.0,0.36663165319742,0.0,0.0,0.0,0.0,0.0,0.0,0.0,0.0,4.0329481851716205,0.0,0.0,0.0,0.0,3.2996848787767816,0.0,0.0,0.0,0.0,0.18331582659871,0.0,3.6663165319742,0.0,0.0,0.0,0.0,0.0,0.0,0.0,0.0,0.0,0.36663165319742,0.0,0.0,0.0,0.0,0.0,0.0,0.0,0.0,18.331582659871014,0.0,0.0,0.0,0.0,0.0,1.8331582659871002,0.0,0.0,0.0,0.0,0.0,0.0,0.0,4.582895664967751,0.0,0.0,0.0,0.0,0.0,0.0,0.0,0.0,0.0,0.18331582659871,0.0,0.0,0.0,0.0,0.0,0.0,0.0,0.0,0.0,0.0,0.0,0.0,0.0,0.0,0.0,8.065896370343241,0.0,0.0,0.54994747979613,0.0,0.0,0.0,0.0,0.0,0.0,0.0,0.0,0.0,0.0,0.0,0.9165791329935501,2.93305322557936,0.0,0.0,0.0,0.0,0.18331582659871,0.0,0.0,0.0,0.0,0.0,0.18331582659871,0.18331582659871,0.0,0.0,0.0,0.0,0.18331582659871,0.0,0.0,0.18331582659871,0.0,0.0,0.0,0.0,2.38310574578323,0.0,0.0,0.0,0.0,0.0,0.0,0.0,0.0,0.0,0.0,0.0,0.0,0.0,0.0,0.0,0.0,0.73326330639484,0.0,0.0,0.0,0.18331582659871,0.0,0.0,0.0,0.0,0.0,0.0,0.0,0.0,0.0,0.0,0.0,0.0,0.0,0.0,0.0,0.0,0.0,0.18331582659871,0.0,0.0,0.0,0.54994747979613,0.0,0.36663165319742,0.0,0.0,0.0,0.18331582659871,0.0,0.0,0.0,0.0,0.0,1.46652661278968,0.0,0.0,0.0,0.0,0.0,0.0,0.0,0.0,0.18331582659871,0.0,0.0,0.0,0.0,0.0,1.09989495959226,0.0,0.0,2.74973739898065,0.0,0.0,0.0,0.18331582659871,0.0,1.28321078619097,0.0,0.0,0.0,0.0,0.0,0.0,0.0,0.0,0.0,0.0,0.0,0.0,0.0,0.18331582659871,0.0,0.0,0.0,0.0,0.0,0.0,0.0
0.0,0.18331582659871,0.0,0.0,0.0,0.0,1.09989495959226,0.18331582659871,0.0,0.18331582659871,0.0,0.0,0.0,0.18331582659871,0.0,0.0,0.0,0.0,0.18331582659871,0.0,0.18331582659871,0.0,0.0,0.0,0.0,0.0,0.0,0.0,0.18331582659871,0.0,0.0,0.0,0.0,0.0,0.0,0.0,0.0,0.0,0.0,0.0,0.0,0.0,0.0,0.0,0.0,0.0,0.0,0.0,0.0,0.0,0.0,0.0,0.9165791329935512,0.18331582659871,0.0,0.0,0.0,0.0,0.0,0.0,2.3831057457832348,0.0,0.0,0.0,0.0,0.36663165319742,0.0,0.0,0.0,0.0,0.0,0.0,0.0,0.0,0.0,0.0,0.0,0.0,0.36663165319742,0.0,0.0,0.0,0.0,0.0,0.0,0.0,0.0,0.0,0.0,0.0,0.0,0.0,0.0,0.0,0.0,0.18331582659871,0.0,0.0,0.0,5.866106451158724,0.18331582659871,0.0,0.0,0.54994747979613,0.0,0.0,0.0,0.0,0.0,0.0,0.0,0.0,0.0,0.0,0.0,0.0,0.0,0.0,0.0,0.0,0.0,0.0,0.0,0.0,0.0,0.0,0.0,0.0,0.0,0.0,0.0,0.0,0.0,0.18331582659871,0.0,0.0,0.0,0.0,0.36663165319742,0.0,0.0,0.0,0.0,0.0,0.0,0.0,0.0,0.0,0.0,0.18331582659871,0.0,0.54994747979613,0.0,0.0,0.0,0.0,0.0,0.18331582659871,0.0,0.0,0.0,0.0,0.0,0.0,1.8331582659871,0.0,0.0,0.0,0.0,0.0,0.0,0.0,0.0,0.0,0.0,0.0,0.0,0.54994747979613,0.0,0.0,0.0,0.0,0.0,0.0,0.0,0.0,0.0,0.0,0.0,0.0,0.0,0.0,0.0,1.09989495959226,0.0,0.0,0.0,0.0,0.0,0.0,0.0,0.0,0.0,0.0,0.0,0.0,0.0,0.0,0.0,0.0,0.0,0.0,0.0,0.0,0.0,0.0,0.0,0.0,0.0,0.0,0.0,0.0,0.0,0.0,0.0,0.0,0.0,0.0,0.0,0.0,0.0,0.0,0.0,0.0,0.0,0.0,0.0,0.0,0.0,0.0,0.0,0.0,0.0,0.0,0.0,0.0,0.0,0.0,0.0,0.0,0.0,0.0,0.0,0.0,0.0,0.0,0.0,0.0,0.0,0.0,0.0,0.0,0.0,0.0,0.0,0.0,0.0,0.0,0.0,0.0,0.0,0.0,0.0,0.0,0.0,0.0,0.18331582659871,0.0,0.0,0.0,0.0,0.0,0.18331582659871,0.0,0.0,0.0,0.0,0.0,0.0,0.0,0.0,0.0,0.0,0.0,0.0,0.0,0.0,0.0,0.0,0.0,0.0,0.0,0.0,0.0,0.0,0.0,0.0,0.0,0.0,0.0,0.36663165319742,0.0,0.73326330639484,0.0,0.0,0.0,0.0,0.0,0.0,0.0,0.18331582659871,0.0,0.0,0.0,0.0,0.0,0.0,0.0,0.18331582659871,0.0,0.0,0.0,0.18331582659871,0.0,0.36663165319742,0.0,0.0,0.0,0.0,0.0,0.0,0.0,0.0,0.0,0.0
0.0,0.36663165319742,0.0,0.18331582659871,0.0,0.0,0.36663165319742,0.54994747979613,0.0,0.0,0.0,0.0,0.0,0.73326330639484,0.0,0.0,7.882580543744538,0.18331582659871,0.0,0.0,0.36663165319742,0.0,2.3831057457832303,0.0,0.54994747979613,0.18331582659871,0.0,0.18331582659871,0.18331582659871,0.0,0.36663165319742,0.0,0.0,0.18331582659871,0.0,0.0,1.4665266127896812,0.0,0.0,0.18331582659871,0.0,0.0,0.0,0.18331582659871,0.0,0.0,0.54994747979613,0.0,0.0,0.0,0.0,0.0,0.0,0.0,0.0,0.0,0.0,0.0,0.0,0.0,1.6498424393883913,0.0,0.73326330639484,0.0,0.0,1.8331582659871002,0.0,0.36663165319742,0.0,0.0,0.0,0.18331582659871,0.0,0.0,0.0,0.0,0.0,0.0,0.0,0.0,0.18331582659871,0.36663165319742,0.0,0.0,0.18331582659871,0.0,0.54994747979613,0.0,7.149317237349682,0.0,0.0,0.0,0.0,4.399579838369046,0.0,0.18331582659871,0.0,0.0,0.0,0.0,0.0,0.0,0.0,0.0,0.0,0.18331582659871,0.73326330639484,0.0,0.0,0.0,0.0,0.0,0.0,0.0,0.0,0.36663165319742,0.0,0.0,0.0,0.18331582659871,0.0,0.0,0.0,0.0,0.0,0.0,0.0,0.0,0.0,2.38310574578323,0.0,0.0,0.0,0.18331582659871,0.18331582659871,0.0,0.0,0.0,0.36663165319742,0.0,0.0,0.0,0.0,0.0,0.0,0.0,0.0,0.0,0.0,0.0,0.0,0.0,0.0,0.0,0.0,0.54994747979613,0.0,0.0,0.0,0.36663165319742,0.0,0.0,0.0,0.0,0.0,6.599369757553562,0.0,0.0,0.0,0.0,0.0,0.18331582659871,0.0,0.18331582659871,0.0,0.0,0.0,3.11636905217807,0.0,0.0,0.0,0.0,0.18331582659871,0.0,0.0,0.0,0.0,0.18331582659871,0.0,0.18331582659871,0.0,0.0,0.36663165319742,0.0,0.0,0.0,0.0,0.0,0.18331582659871,0.0,0.0,0.0,0.0,0.18331582659871,0.0,0.0,0.0,0.0,0.18331582659871,0.18331582659871,0.0,0.0,0.0,0.18331582659871,0.0,7.1493172373497,0.0,0.0,0.0,0.0,0.18331582659871,0.0,0.36663165319742,0.0,0.0,0.36663165319742,0.0,0.0,0.0,0.0,0.0,0.0,0.0,0.18331582659871,0.18331582659871,0.0,0.0,0.0,0.0,0.0,0.0,0.18331582659871,0.18331582659871,0.0,0.0,0.0,0.0,0.18331582659871,0.0,0.18331582659871,0.0,0.0,0.0,0.0,0.0,0.0,0.18331582659871,0.0,0.0,0.0,0.18331582659871,0.0,0.0,0.0,0.0,0.36663165319742,0.0,0.0,0.0,0.0,0.18331582659871,0.0,0.0,0.0,0.0,0.0,0.0,0.0,0.0,0.0,0.0,0.0,0.0,0.0,0.0,0.0,0.18331582659871,0.0,0.0,0.0,0.0,0.18331582659871,0.0,0.0,0.0,0.0,0.0,0.0,0.0,0.0,0.0,0.0,0.0,0.0,0.18331582659871,0.0,0.36663165319742,0.0,0.0,0.0,0.0,0.0,0.18331582659871,0.0,0.0,0.0,0.0,0.0,0.0,0.0,0.0,0.0,0.18331582659871,0.0,0.0,0.0,0.0,0.0,0.0,0.0,0.18331582659871,0.0,0.0,0.0,0.18331582659871,0.0,0.0,0.0,0.0,0.0,0.0,0.0,0.0,0.0,0.0
0.0,0.18331582659871,0.0,0.0,0.0,0.0,0.18331582659871,0.0,0.0,0.18331582659871,0.0,0.0,0.0,0.0,1.6498424393883913,2.7497373989806486,0.0,0.0,0.0,0.0,0.0,0.0,0.18331582659871,0.0,0.18331582659871,0.0,0.0,0.73326330639484,0.0,0.0,0.0,0.0,0.0,0.0,0.0,0.36663165319742,0.0,0.0,0.0,0.0,0.36663165319742,0.0,0.18331582659871,0.0,0.54994747979613,0.36663165319742,0.0,1.46652661278968,0.0,0.0,0.0,0.0,0.73326330639484,0.0,0.18331582659871,0.18331582659871,0.0,0.0,0.0,0.0,0.18331582659871,0.0,0.0,0.0,0.0,0.0,0.18331582659871,0.0,0.0,0.0,0.0,0.0,0.0,0.54994747979613,0.0,0.0,0.0,0.0,0.0,0.0,0.0,0.0,0.0,0.0,0.0,0.0,0.0,0.0,0.0,0.54994747979613,0.18331582659871,0.18331582659871,4.5828956649677455,0.0,2.0164740925858102,0.0,0.0,0.0,0.0,0.0,0.0,0.0,0.0,0.0,0.0,0.0,0.18331582659871,0.0,0.0,0.0,0.0,0.0,0.0,0.73326330639484,0.0,0.0,0.0,0.0,0.0,0.0,0.0,3.299684878776781,0.0,0.0,0.18331582659871,0.0,0.0,0.0,0.0,0.18331582659871,0.0,0.18331582659871,0.0,0.18331582659871,0.0,0.0,0.0,0.0,0.0,0.0,0.0,0.0,0.18331582659871,0.0,0.0,0.0,0.18331582659871,0.0,0.18331582659871,0.0,0.0,0.0,0.0,0.0,0.0,0.0,0.0,0.18331582659871,0.0,0.0,0.0,0.0,0.0,0.0,0.0,0.0,3.6663165319741964,0.0,0.0,0.0,0.0,0.18331582659871,0.36663165319742,0.0,0.54994747979613,0.0,0.0,0.54994747979613,0.0,0.0,0.0,0.0,0.18331582659871,0.0,0.18331582659871,0.0,0.0,0.0,0.18331582659871,0.18331582659871,0.0,0.0,0.0,0.0,0.0,0.0,0.0,0.0,0.0,0.0,0.0,0.0,0.0,0.0,10.998949595922607,0.0,0.0,0.0,0.0,2.199789919184525,0.0,0.0,0.18331582659871,0.0,0.0,0.0,0.0,0.0,0.0,0.0,0.0,0.0,0.0,0.0,0.0,0.0,0.0,0.0,0.0,0.0,0.0,0.0,0.0,0.0,0.0,0.18331582659871,0.0,0.0,0.0,0.0,0.0,0.0,0.0,0.0,0.0,0.0,0.36663165319742,0.18331582659871,0.0,0.0,0.0,0.0,0.0,0.0,0.0,0.0,0.0,0.0,0.0,0.0,0.0,0.0,0.0,0.0,0.0,0.0,0.0,0.0,0.0,0.0,0.0,0.0,2.38310574578323,0.0,0.0,0.18331582659871,0.0,0.0,0.0,0.36663165319742,0.0,0.0,0.0,0.0,0.0,0.0,0.0,0.0,0.0,0.0,0.0,0.0,0.0,0.0,0.18331582659871,0.0,0.0,0.0,0.0,0.0,0.0,0.0,0.0,0.0,0.0,0.0,0.0,0.0,0.0,0.0,0.0,0.0,0.0,0.36663165319742,0.0,0.0,0.0,0.0,0.0,0.0,0.0,0.0,0.0,0.0,0.0,0.0,0.0,0.0,0.0,0.0,0.91657913299355,0.0,0.0,0.0,0.0,0.0,0.0,0.0,0.0,0.0,0.0,0.0,0.0,0.0,0.0
0.0,0.0,0.73326330639484,0.36663165319742,0.18331582659871,0.0,0.0,0.0,0.0,0.18331582659871,0.0,0.54994747979613,0.18331582659871,0.0,0.0,0.0,0.0,0.36663165319742,0.0,0.18331582659871,0.0,0.0,0.18331582659871,0.18331582659871,0.0,0.0,0.0,0.0,0.0,0.0,0.0,0.0,0.0,0.0,0.0,0.0,0.0,0.0,0.0,0.0,0.0,0.0,0.18331582659871,0.18331582659871,0.0,0.18331582659871,0.0,0.18331582659871,4.2162640117703285,0.0,0.0,0.0,0.36663165319742,0.18331582659871,0.36663165319742,0.9165791329935501,0.0,0.0,0.0,0.0,0.0,0.36663165319742,0.0,0.0,0.0,0.0,0.0,0.18331582659871,0.0,0.9165791329935501,0.0,0.0,0.18331582659871,0.0,0.0,0.0,0.18331582659871,0.0,0.0,0.0,0.0,0.0,0.0,0.0,0.0,0.0,0.0,0.18331582659871,0.0,0.0,0.0,0.0,0.0,0.0,0.36663165319742,0.0,0.9165791329935501,0.0,0.0,0.0,0.0,0.0,0.18331582659871,0.0,0.0,0.0,0.0,0.0,0.0,0.0,0.0,0.18331582659871,0.0,0.0,0.0,0.0,0.0,0.0,0.0,0.0,4.399579838369044,0.36663165319742,0.0,0.0,0.91657913299355,0.0,0.0,0.0,0.0,0.0,0.0,0.36663165319742,0.0,0.18331582659871,0.18331582659871,0.0,0.0,0.0,0.0,0.0,0.36663165319742,0.54994747979613,0.0,0.0,0.0,0.0,0.73326330639484,0.0,0.0,0.18331582659871,0.0,0.0,0.0,0.0,0.0,0.0,0.0,0.0,0.0,0.0,0.0,0.0,0.0,0.0,0.0,0.0,0.0,1.2832107861909712,0.0,0.0,0.0,0.0,0.0,0.0,0.0,0.0,0.0,0.0,0.0,0.0,0.0,0.0,0.0,0.0,0.73326330639484,0.0,0.0,0.0,0.0,0.0,0.0,0.0,0.0,0.0,0.0,0.0,0.0,0.0,0.0,0.0,0.0,0.0,0.0,0.0,0.0,0.0,0.0,0.0,0.0,0.0,0.0,0.0,0.18331582659871,0.0,1.28321078619097,0.0,0.54994747979613,0.0,0.0,0.0,0.0,0.0,0.0,0.18331582659871,0.18331582659871,0.0,0.0,0.0,0.0,0.0,0.0,0.0,0.0,0.18331582659871,0.0,0.0,0.0,0.0,0.0,0.0,0.0,0.0,0.18331582659871,0.0,0.0,0.0,0.0,0.73326330639484,0.0,0.36663165319742,0.0,0.0,0.0,0.0,0.0,0.0,0.0,0.0,0.0,0.18331582659871,0.0,0.0,0.0,0.0,0.0,0.0,0.0,0.0,0.0,0.0,0.0,0.0,0.0,0.0,0.0,0.0,0.0,0.0,0.0,0.0,0.0,0.0,0.0,0.0,0.0,0.0,0.0,0.0,0.0,0.0,0.0,0.0,0.0,0.0,0.0,0.0,0.0,0.0,0.0,0.0,0.0,0.0,0.0,0.0,0.0,0.0,0.0,0.0,0.0,0.0,0.0,0.0,0.0,0.0,0.0,0.0,0.0,0.0,0.0,0.0,0.18331582659871,0.0,0.0,0.0,0.0,0.0,0.0,0.0,0.0,0.0,0.36663165319742,0.18331582659871,0.0,0.0,0.0,0.0,0.0,0.0,0.0,0.0,0.0,0.0,0.0,0.0,0.0
0.36663165319742,0.0,0.0,0.0,0.0,0.0,0.0,0.0,0.0,0.18331582659871,0.0,0.36663165319742,0.0,0.0,0.54994747979613,0.18331582659871,0.0,0.18331582659871,0.0,3.299684878776781,0.0,0.0,0.0,0.0,0.0,0.0,0.36663165319742,0.0,0.0,0.0,0.0,0.0,0.0,0.0,0.0,0.0,0.0,0.0,0.0,0.0,0.0,0.0,0.36663165319742,0.18331582659871,0.0,0.0,0.18331582659871,0.0,0.0,0.54994747979613,0.0,0.0,0.0,0.0,0.0,0.0,0.0,0.0,0.0,0.0,0.0,0.0,0.0,0.0,0.0,0.0,0.0,0.36663165319742,0.0,0.0,0.0,0.0,0.0,0.0,0.0,0.0,0.0,0.0,0.0,0.0,0.0,0.0,0.0,0.0,0.0,0.0,0.0,0.0,0.0,0.0,0.0,0.0,0.0,0.0,0.18331582659871,0.0,0.0,0.0,0.0,0.0,0.0,0.0,0.0,0.0,0.0,0.0,0.0,0.0,0.0,0.0,0.0,0.0,0.0,0.0,0.0,0.0,0.0,0.0,0.0,0.0,0.0,1.09989495959226,0.18331582659871,0.0,0.73326330639484,0.0,0.0,0.36663165319742,0.0,0.0,0.0,0.0,0.0,0.18331582659871,0.0,0.0,0.0,0.0,0.0,0.0,0.18331582659871,0.18331582659871,0.0,0.0,0.0,0.0,0.0,0.0,0.0,0.0,0.0,0.0,0.0,0.0,0.0,0.0,0.0,0.0,0.0,0.0,0.0,0.0,0.0,0.0,0.0,0.0,0.36663165319742,0.0,9.532422983132914,0.0,0.0,0.0,0.36663165319742,0.0,1.09989495959226,0.0,0.0,0.54994747979613,0.0,0.0,0.0,0.0,0.0,0.0,0.18331582659871,0.0,0.0,0.0,0.0,0.0,0.0,0.0,0.0,0.0,0.0,0.0,0.36663165319742,0.0,0.0,0.0,0.0,0.0,0.36663165319742,0.0,0.36663165319742,0.18331582659871,0.0,0.0,0.0,0.0,0.0,0.0,0.0,9.71573880973165,0.0,0.0,0.0,0.0,0.0,0.0,0.0,0.0,0.0,0.0,0.0,0.0,0.36663165319742,0.0,0.0,0.0,0.0,0.0,0.0,0.0,0.0,0.36663165319742,0.0,0.0,0.0,0.0,0.0,0.0,0.0,0.0,0.0,0.0,0.0,0.18331582659871,0.0,0.0,0.0,0.0,0.0,0.0,0.0,0.0,0.0,0.0,0.0,0.0,0.0,0.0,0.0,0.0,0.0,0.0,0.0,0.0,0.0,0.0,0.0,0.0,0.0,0.0,0.0,0.18331582659871,0.0,0.9165791329935501,0.0,0.0,0.0,0.0,0.0,0.0,0.0,0.0,0.0,0.0,0.0,0.0,0.0,0.18331582659871,0.0,0.0,0.0,0.0,0.0,0.0,0.0,0.0,0.0,0.0,0.0,0.0,0.0,0.0,0.0,0.0,0.0,1.09989495959226,0.0,0.0,0.0,0.0,0.0,0.0,0.0,0.0,0.0,0.0,0.0,0.0,0.0,0.0,0.0,0.0,0.0,0.0,0.0,0.0,0.18331582659871,0.0,0.0,0.0,0.0,0.0,0.0,0.18331582659871,0.0,0.0,0.36663165319742,0.0,0.0,0.0,0.0
0.0,0.0,0.0,0.0,0.0,0.0,0.0,0.0,0.0,1.8331582659871013,3.1163690521780754,0.0,0.0,0.0,0.0,0.0,0.0,1.28321078619097,0.0,0.0,0.9165791329935512,0.0,0.0,0.0,0.0,0.0,0.0,0.0,0.0,0.0,0.0,0.0,0.0,0.0,0.0,0.0,0.0,0.0,0.0,0.0,0.0,0.0,0.0,0.0,0.0,0.0,0.0,0.18331582659871,0.0,0.0,0.0,1.09989495959226,0.54994747979613,0.0,0.0,0.18331582659871,0.0,0.0,0.0,0.18331582659871,0.18331582659871,0.0,0.0,0.0,0.0,0.0,0.0,0.0,0.0,0.0,1.6498424393883901,0.0,0.0,0.0,0.0,0.0,0.0,0.0,0.0,0.0,0.54994747979613,0.0,0.0,0.0,0.0,0.0,0.0,0.0,0.0,0.0,0.0,0.0,0.0,0.0,0.0,0.0,0.0,0.0,0.0,0.0,0.0,0.0,0.0,0.0,0.0,0.0,0.0,2.93305322557936,0.0,0.0,0.0,0.73326330639484,0.0,0.0,0.0,0.0,0.0,0.0,0.0,0.0,0.0,0.0,0.0,0.18331582659871,0.0,0.0,0.0,0.0,0.0,0.0,0.0,0.0,8.065896370343244,0.18331582659871,0.0,0.0,0.0,2.3831057457832303,0.0,0.0,0.0,0.0,0.18331582659871,0.18331582659871,0.54994747979613,0.0,0.0,0.0,0.0,0.0,0.0,0.0,0.0,0.0,0.0,0.0,0.0,0.0,0.0,0.0,0.0,0.0,0.0,5.866106451158715,0.0,0.0,0.0,0.0,0.0,6.41605393095485,0.0,0.0,0.0,0.0,0.0,0.0,0.0,0.54994747979613,0.0,0.0,0.0,0.0,0.0,0.0,0.0,0.0,0.0,0.0,0.0,0.0,0.0,0.0,0.0,0.0,0.0,0.0,0.0,0.0,0.0,0.0,0.0,0.0,0.0,2.9330532255793664,0.0,0.0,0.0,0.0,0.0,0.0,0.0,0.0,0.0,0.18331582659871,0.0,0.0,0.0,0.0,3.299684878776785,1.28321078619097,0.0,0.0,0.0,0.0,0.0,0.0,0.54994747979613,0.0,0.0,0.0,0.0,0.0,0.0,0.0,0.0,0.0,0.0,0.0,0.0,0.0,0.18331582659871,0.0,0.0,0.0,0.0,0.0,0.0,0.0,0.36663165319742,0.0,0.36663165319742,0.0,0.0,0.0,0.0,0.0,0.0,0.0,0.0,0.0,0.0,0.0,0.0,0.0,0.0,0.36663165319742,0.0,0.0,0.0,0.0,0.0,0.0,0.0,0.0,0.0,0.0,0.0,0.0,0.0,0.0,0.0,0.0,0.0,0.0,0.0,0.0,0.0,0.18331582659871,0.0,0.0,0.0,0.0,0.0,0.0,0.0,0.0,0.0,0.0,0.0,0.73326330639484,0.0,0.0,0.0,0.0,0.0,0.0,0.0,0.0,0.0,0.0,0.0,0.0,0.0,0.0,0.0,0.0,0.0,0.0,0.0,0.0,0.0,0.0,0.0,0.0,0.0,0.0,0.0,0.0,0.0,0.0,0.0,0.0,0.0,0.0,0.0,0.0,0.0,0.0,0.0,0.0,0.0,0.0,0.18331582659871,0.0,0.0
6.966001410750985,0.18331582659871,0.0,0.0,0.0,0.0,0.54994747979613,0.0,0.0,0.0,0.18331582659871,0.0,1.28321078619097,0.0,0.18331582659871,0.18331582659871,0.0,0.36663165319742,0.0,2.7497373989806504,0.0,0.0,0.18331582659871,0.0,0.0,0.0,2.383105745783231,0.0,0.0,0.0,0.0,0.0,0.0,0.0,0.0,0.0,0.0,0.18331582659871,0.0,0.0,0.18331582659871,0.0,6.599369757553548,0.0,0.18331582659871,0.0,0.0,0.0,0.18331582659871,0.18331582659871,0.0,0.0,0.0,0.0,0.0,1.8331582659871002,0.0,0.0,0.0,0.0,0.0,0.18331582659871,0.0,0.0,0.0,0.0,0.0,0.18331582659871,0.0,0.0,0.0,0.0,0.0,0.0,0.0,0.0,0.0,0.18331582659871,0.0,0.0,0.0,0.0,0.0,0.0,0.0,0.18331582659871,0.0,0.73326330639484,0.0,0.0,0.0,0.0,0.0,0.0,0.54994747979613,0.0,0.18331582659871,0.0,0.0,0.0,0.36663165319742,0.0,0.0,0.0,0.0,0.0,0.0,0.0,0.0,0.0,0.0,0.0,0.0,0.0,0.0,0.0,0.36663165319742,0.0,0.0,0.0,0.0,1.28321078619097,0.0,0.0,1.28321078619097,0.0,0.0,0.0,0.0,0.0,0.0,0.0,0.0,0.0,0.0,0.0,0.0,0.0,0.0,0.0,0.18331582659871,0.36663165319742,0.0,0.0,0.0,0.0,0.0,0.0,0.0,0.0,0.0,0.0,0.0,0.0,0.0,0.0,0.0,0.0,0.0,0.0,0.0,0.0,0.18331582659871,0.0,0.0,0.0,0.0,0.54994747979613,0.0,0.0,2.9330532255793593,0.0,0.0,0.0,0.0,0.0,0.0,0.0,0.0,0.0,0.91657913299355,0.0,0.18331582659871,0.0,1.6498424393883901,0.0,0.0,0.18331582659871,0.0,0.36663165319742,0.18331582659871,0.0,0.0,0.0,0.0,0.0,0.18331582659871,0.18331582659871,0.0,0.0,0.0,0.0,0.18331582659871,0.0,0.0,0.0,0.0,0.0,0.0,0.0,0.0,0.0,0.0,0.0,1.28321078619097,0.0,0.91657913299355,0.36663165319742,0.0,0.0,0.54994747979613,0.0,0.0,0.36663165319742,0.73326330639484,0.0,0.0,0.0,0.0,0.0,0.0,0.0,0.0,0.0,0.0,0.18331582659871,0.0,0.0,0.0,0.0,0.0,0.0,0.0,0.0,0.0,0.0,0.0,0.9165791329935501,0.18331582659871,0.0,0.0,0.0,0.0,0.0,0.0,0.0,0.0,0.0,0.0,0.0,0.0,0.0,0.18331582659871,0.0,0.0,0.0,0.0,0.0,0.0,0.0,0.0,0.0,0.0,0.0,0.0,0.0,0.0,0.0,0.0,0.0,0.0,0.0,0.0,0.0,0.0,0.0,0.0,0.0,0.0,0.0,0.0,0.0,0.0,0.0,0.0,0.0,0.0,0.0,0.0,0.0,0.0,0.18331582659871,0.0,0.0,0.0,0.0,0.0,0.0,0.0,0.0,0.0,0.0,0.0,0.0,0.0,0.18331582659871,0.0,0.0,0.0,0.0,0.0,0.0,0.0,0.0,0.73326330639484,0.0,0.0,0.18331582659871,0.0,0.54994747979613,0.0,0.18331582659871,0.0,0.36663165319742,0.0,0.0,0.0,0.0,0.0,0.0,0.0,0.0,0.18331582659871,0.0,0.0
0.0,0.18331582659871,0.0,0.18331582659871,0.0,0.18331582659871,0.73326330639484,0.0,0.0,0.54994747979613,0.36663165319742,0.0,0.0,3.6663165319742013,0.18331582659871,0.0,0.0,0.18331582659871,0.0,0.0,0.18331582659871,0.18331582659871,0.18331582659871,0.0,0.36663165319742,0.0,0.0,0.0,0.0,0.0,0.18331582659871,0.0,0.0,0.0,0.0,0.0,0.0,0.0,0.0,0.0,0.0,0.18331582659871,0.0,0.18331582659871,0.0,0.36663165319742,0.18331582659871,0.18331582659871,0.0,0.0,0.0,0.0,0.0,0.0,0.0,0.0,0.0,0.18331582659871,0.18331582659871,0.0,0.9165791329935501,0.0,0.0,0.0,4.766211491566453,0.18331582659871,0.18331582659871,0.18331582659871,0.0,0.0,0.0,0.0,0.18331582659871,0.18331582659871,0.54994747979613,0.0,0.0,0.0,0.9165791329935501,0.0,0.0,0.0,0.0,0.0,0.0,0.0,0.0,0.0,0.0,0.0,0.0,0.0,0.0,2.0164740925858102,0.18331582659871,0.0,0.0,0.0,0.0,0.0,0.0,0.0,0.0,0.0,0.0,0.0,0.18331582659871,0.0,0.0,0.0,0.0,0.0,0.0,0.0,0.0,0.0,0.0,0.18331582659871,0.0,0.0,0.0,0.0,0.0,0.18331582659871,0.0,0.0,0.0,0.0,0.0,0.18331582659871,0.0,0.0,0.0,0.0,0.0,0.0,0.0,0.0,0.0,0.0,0.0,0.0,0.18331582659871,0.0,0.18331582659871,0.0,0.0,0.0,0.0,0.0,0.0,0.0,0.0,0.18331582659871,0.0,0.0,0.0,0.0,0.0,0.0,0.0,0.0,0.0,0.0,0.0,0.18331582659871,0.0,0.0,0.0,0.0,0.0,3.849632358572911,0.0,0.0,0.0,0.18331582659871,0.0,5.132843144763887,0.0,0.0,0.0,1.283210786190975,0.0,0.0,0.0,0.0,0.0,0.0,0.18331582659871,0.0,0.0,0.0,0.0,0.0,0.0,0.54994747979613,0.54994747979613,0.0,0.0,0.0,0.18331582659871,0.0,0.0,0.18331582659871,0.0,0.0,0.0,0.0,0.0,0.0,0.0,0.0,0.0,0.0,0.18331582659871,0.0,0.0,0.0,0.0,0.18331582659871,0.0,0.0,0.0,0.0,0.18331582659871,0.18331582659871,0.18331582659871,0.73326330639484,0.18331582659871,0.0,0.0,0.0,0.0,0.18331582659871,0.0,0.0,0.0,0.0,0.0,0.0,0.18331582659871,0.0,0.0,0.0,0.0,0.54994747979613,0.0,0.0,0.0,0.18331582659871,0.18331582659871,0.0,0.18331582659871,0.0,0.0,0.0,0.0,0.0,0.0,0.0,1.09989495959226,0.0,0.0,0.0,0.0,0.73326330639484,0.0,0.0,0.0,0.0,0.0,0.0,0.0,0.0,0.0,0.0,0.0,0.0,0.0,0.0,0.0,0.0,0.0,0.0,0.18331582659871,0.0,0.18331582659871,0.0,0.18331582659871,0.0,0.0,0.0,0.36663165319742,0.0,0.0,0.0,0.0,0.18331582659871,0.0,0.0,0.0,0.0,0.0,0.0,0.0,0.0,0.0,0.0,0.0,0.0,0.0,0.0,0.0,0.0,0.0,0.73326330639484,0.0,0.0,0.0,0.0,0.0,0.0,0.0,0.0,0.0,0.0,0.0,0.0,0.0,0.18331582659871,0.0,0.0,0.0,0.0,0.18331582659871,0.0,0.0,0.0,0.0,0.0,0.0,0.36663165319742,0.0,0.0,0.0
0.0,0.0,0.0,0.0,0.18331582659871,0.0,0.0,0.0,0.0,0.0,0.0,0.0,0.0,0.0,0.54994747979613,0.0,0.0,0.0,2.0164740925858102,0.18331582659871,0.0,0.18331582659871,0.0,0.0,0.0,0.0,0.0,0.18331582659871,0.0,0.0,0.0,0.0,0.0,0.0,0.0,0.0,0.0,0.0,0.0,0.0,0.0,0.0,0.0,0.0,0.0,0.0,0.0,0.36663165319742,0.0,0.0,0.0,0.0,0.0,0.0,0.0,0.0,0.0,0.0,0.0,0.0,1.28321078619097,0.18331582659871,0.0,0.0,0.0,0.0,0.0,0.0,0.0,0.0,0.0,0.0,0.18331582659871,0.0,0.0,0.0,0.0,0.0,0.0,0.0,0.0,0.0,0.0,0.18331582659871,0.0,0.0,0.0,0.0,0.36663165319742,0.0,0.18331582659871,0.0,0.73326330639484,0.0,0.0,0.18331582659871,0.0,0.0,0.18331582659871,0.18331582659871,0.0,0.0,0.0,0.0,0.0,0.0,0.0,0.0,0.0,0.0,0.0,0.0,0.0,0.36663165319742,0.0,0.0,0.0,0.0,0.0,0.0,0.0,0.54994747979613,0.0,0.0,0.18331582659871,0.0,0.0,0.0,0.0,0.0,0.0,0.18331582659871,0.0,0.36663165319742,0.0,0.0,0.0,0.0,0.0,0.54994747979613,0.18331582659871,0.0,0.0,0.0,0.0,0.0,0.0,0.0,0.18331582659871,0.0,0.0,0.0,0.0,0.0,0.0,0.0,0.0,0.0,0.0,0.0,0.0,0.0,0.0,0.0,0.0,0.18331582659871,0.73326330639484,0.0,0.18331582659871,0.0,0.18331582659871,0.0,1.4665266127896812,0.0,0.18331582659871,0.0,0.0,0.18331582659871,0.0,0.0,0.0,0.0,0.0,0.0,0.18331582659871,0.0,0.0,0.0,0.36663165319742,0.0,0.0,0.0,0.0,0.18331582659871,0.0,0.0,0.0,0.0,0.0,0.0,0.0,0.0,0.0,0.0,0.36663165319742,0.36663165319742,0.0,0.0,0.0,0.0,0.0,0.0,0.0,0.36663165319742,0.0,0.0,0.0,0.0,0.0,0.0,0.0,0.0,0.0,0.0,0.0,0.0,0.18331582659871,0.0,0.0,0.0,0.0,0.0,0.0,0.0,0.0,0.18331582659871,0.0,0.0,0.0,0.0,0.0,0.0,0.0,0.0,0.0,0.0,0.0,0.0,0.0,0.0,0.0,0.0,0.0,0.36663165319742,0.0,2.016474092585811,0.0,0.0,0.0,0.0,0.0,0.0,0.0,0.0,0.0,0.0,0.36663165319742,0.0,0.0,0.0,0.0,0.0,0.0,0.0,0.0,0.0,0.0,0.18331582659871,0.0,0.36663165319742,0.0,0.0,0.0,0.0,0.0,0.0,0.0,0.0,0.0,0.0,0.0,0.0,0.0,0.0,0.18331582659871,0.0,0.0,0.0,0.0,0.0,0.0,0.0,0.0,0.0,0.0,0.0,0.0,0.0,0.0,0.18331582659871,0.18331582659871,0.0,0.18331582659871,0.18331582659871,0.0,0.0,0.0,0.0,0.0,0.0,0.0,0.0,0.0,0.0,0.0,0.0,0.0,0.0,0.0,0.0,0.0,0.0,0.0,0.0,0.0,0.0,0.0,0.0,0.0,0.0,2.56642157238194,0.0,0.0,0.0,0.0
0.0,0.0,0.0,0.0,0.0,0.0,0.0,0.0,0.0,0.0,0.0,0.0,0.0,0.0,0.0,0.0,0.0,0.0,0.0,0.0,0.0,0.0,0.0,0.0,0.0,0.0,0.0,0.0,0.0,0.0,0.0,0.18331582659871,0.18331582659871,0.0,0.0,0.0,0.0,0.0,0.0,0.0,0.0,0.0,0.0,0.0,0.0,0.0,0.0,0.0,0.0,0.0,0.0,0.0,0.0,0.0,0.0,0.18331582659871,0.0,0.0,0.0,0.0,0.0,0.0,0.0,0.0,0.0,0.0,0.0,0.0,0.0,0.0,0.0,0.0,0.0,0.0,0.0,0.0,0.18331582659871,0.0,0.0,0.18331582659871,0.0,0.0,0.0,0.0,0.0,0.0,0.0,0.0,0.0,0.0,0.0,0.0,0.0,0.0,0.0,0.0,0.0,0.0,0.0,0.0,0.0,0.0,0.0,0.0,0.0,0.0,0.0,0.0,0.0,0.0,0.0,0.0,0.0,0.0,0.0,0.0,0.0,0.0,0.18331582659871,0.18331582659871,0.0,0.0,0.0,0.0,0.0,0.0,0.0,0.0,0.0,0.0,0.0,0.0,0.73326330639484,0.0,0.0,0.0,0.36663165319742,0.0,0.0,0.0,0.0,0.0,0.0,0.0,0.0,0.0,0.0,0.0,0.0,0.0,0.0,0.0,0.0,0.0,0.0,0.0,0.0,0.0,0.18331582659871,0.18331582659871,0.0,0.0,0.0,0.0,0.0,0.0,0.0,0.0,0.0,0.18331582659871,0.0,0.18331582659871,0.0,0.0,0.0,0.0,0.0,0.0,0.0,0.18331582659871,0.0,0.0,0.0,0.0,0.0,0.0,0.0,0.0,0.0,0.0,0.0,0.0,0.0,0.0,0.0,0.0,0.0,0.0,0.0,0.0,0.18331582659871,0.0,0.0,0.0,0.0,0.0,0.0,0.0,0.0,0.0,0.0,0.0,0.0,0.36663165319742,0.0,0.0,0.0,0.0,0.0,0.0,0.0,0.0,0.0,0.0,0.0,0.0,0.0,0.0,0.0,0.0,0.0,0.0,0.0,0.0,0.0,0.0,0.0,0.0,0.0,0.0,0.0,0.0,0.0,0.0,0.0,0.0,0.0,0.0,0.0,0.0,0.0,0.0,0.0,0.0,0.0,0.0,0.0,0.0,0.0,0.0,0.0,0.0,0.0,0.0,0.0,0.0,0.0,0.0,0.0,0.0,0.0,0.0,0.0,0.0,0.0,0.0,0.0,0.0,0.0,0.0,0.0,0.0,0.0,0.18331582659871,0.0,0.0,0.0,0.0,0.0,0.0,0.0,0.0,0.0,0.0,0.0,0.0,0.0,0.0,0.0,0.0,0.0,0.0,0.0,0.0,0.0,0.0,0.0,0.0,0.18331582659871,0.0,0.0,0.0,0.0,0.0,0.0,0.0,0.0,0.18331582659871,0.0,0.0,0.0,0.0,0.0,0.0,0.0,0.0,0.0,0.0,0.0,0.0,0.0,0.0,0.0,0.0,0.0,0.0,0.0,0.0,0.0,0.0,0.0,0.0,0.0,0.0,0.0
0.0,0.0,0.0,0.0,0.0,0.0,0.18331582659871,0.0,0.0,2.19978991918452,0.18331582659871,0.0,0.0,0.18331582659871,1.6498424393883901,3.66631653197421,0.0,0.0,0.0,3.6663165319742013,0.0,0.0,0.18331582659871,0.0,0.0,0.0,0.18331582659871,0.0,0.0,0.0,0.0,0.0,0.0,0.0,0.0,0.0,0.0,0.0,0.0,0.0,0.0,0.0,0.36663165319742,0.0,0.54994747979613,0.36663165319742,0.0,0.0,0.0,0.0,0.0,0.0,0.0,0.0,0.0,0.0,0.0,0.0,0.0,0.0,0.0,0.18331582659871,0.0,0.0,0.0,0.0,0.0,0.0,0.0,0.18331582659871,0.0,0.0,0.0,0.0,0.0,0.0,0.0,0.36663165319742,0.0,0.0,0.36663165319742,0.0,0.0,0.0,0.0,0.0,0.0,0.18331582659871,0.0,0.0,0.0,0.0,0.0,0.0,0.36663165319742,0.0,0.0,0.0,0.18331582659871,0.0,0.0,0.0,0.18331582659871,0.0,0.0,0.0,0.0,0.0,0.0,0.0,0.0,0.0,0.0,0.0,0.0,0.0,0.0,0.0,0.0,0.0,0.0,0.73326330639484,0.18331582659871,0.0,0.36663165319742,0.0,0.0,0.0,0.0,0.0,0.0,0.18331582659871,0.0,0.18331582659871,0.0,0.0,0.0,0.0,0.0,0.0,0.0,0.0,0.0,0.0,0.0,0.0,0.0,0.0,0.0,0.0,0.0,0.0,0.0,0.0,0.0,0.0,0.0,0.0,0.0,0.0,0.0,0.0,0.0,0.0,0.0,0.0,0.36663165319742,0.0,0.54994747979613,0.0,0.18331582659871,0.0,0.36663165319742,0.0,6.5993697575535615,0.0,0.18331582659871,0.18331582659871,0.0,0.0,0.0,0.0,0.18331582659871,0.0,0.0,0.0,0.0,0.0,0.0,0.18331582659871,0.18331582659871,0.0,0.0,0.0,0.0,0.18331582659871,0.0,0.18331582659871,0.0,0.0,0.0,0.0,0.36663165319742,0.0,0.0,0.18331582659871,0.0,0.0,0.0,0.0,0.0,0.0,0.0,0.0,0.18331582659871,0.0,0.0,0.73326330639484,0.0,0.0,0.0,0.0,0.0,0.0,0.18331582659871,0.0,0.0,0.0,0.0,0.0,0.0,0.0,0.0,0.0,0.0,0.36663165319742,0.0,0.0,0.0,0.0,0.0,0.0,0.0,0.0,0.0,0.0,0.0,0.18331582659871,0.0,0.0,0.0,0.0,0.0,0.0,0.0,0.0,0.0,0.0,0.0,0.0,0.0,0.0,0.0,0.0,0.0,0.0,0.0,0.0,0.0,0.0,0.0,0.0,0.0,0.0,0.0,13.74868699490326,0.0,6.599369757553568,0.0,0.0,0.0,0.0,0.0,0.0,0.0,0.0,0.0,0.0,0.0,0.0,0.0,0.0,0.0,0.0,0.0,0.0,0.0,0.0,0.0,0.0,0.0,0.0,0.0,0.0,0.0,0.0,0.0,0.0,0.0,0.54994747979613,0.0,0.0,0.0,0.0,0.0,0.0,0.0,0.0,0.0,0.0,0.0,0.0,0.0,0.0,0.18331582659871,0.0,0.0,0.0,0.0,0.0,0.0,0.0,0.0,0.0,0.0,0.0,0.0,0.0,0.0,0.0,0.0,0.0,0.0,0.0,0.0
0.0,0.0,0.0,0.0,0.0,0.0,0.18331582659871,0.18331582659871,0.0,0.18331582659871,0.0,0.0,0.0,0.54994747979613,0.0,0.0,0.0,0.0,0.0,0.0,0.0,1.09989495959226,0.0,0.36663165319742,0.18331582659871,0.0,0.0,0.0,0.0,0.0,0.0,0.0,0.0,0.0,0.0,0.0,0.0,0.0,0.0,0.0,0.0,0.0,0.0,0.18331582659871,0.0,0.0,0.0,0.0,0.0,0.0,0.0,0.0,0.0,0.36663165319742,0.0,0.0,0.0,0.0,0.0,0.0,0.36663165319742,0.0,0.18331582659871,0.0,0.18331582659871,0.18331582659871,0.0,0.0,0.0,0.0,0.18331582659871,0.0,0.0,0.0,0.0,0.0,0.0,0.0,0.0,0.0,0.0,0.0,0.0,0.0,0.0,0.0,0.18331582659871,0.0,0.0,0.0,0.0,0.0,0.0,0.0,0.0,0.0,0.0,0.0,0.0,0.0,0.0,0.0,0.0,0.0,0.0,0.18331582659871,0.0,0.0,0.0,0.0,0.0,0.0,0.18331582659871,0.0,0.0,0.0,0.0,0.18331582659871,0.0,0.0,0.0,0.0,0.0,0.0,0.0,0.36663165319742,0.0,0.0,0.0,0.18331582659871,0.0,0.0,0.0,0.0,0.0,0.0,0.0,0.0,0.18331582659871,0.36663165319742,0.0,0.0,0.91657913299355,0.0,0.0,0.18331582659871,0.0,0.0,0.0,0.0,0.0,0.0,0.0,0.0,0.0,0.0,0.0,0.0,0.0,0.0,0.0,0.0,0.0,0.0,0.54994747979613,0.0,0.0,0.0,0.0,0.0,0.0,0.18331582659871,0.0,0.0,0.0,2.93305322557936,0.0,0.18331582659871,0.0,0.0,0.0,0.0,0.0,0.0,0.0,0.0,0.0,0.0,0.0,0.0,0.0,0.0,0.0,0.0,0.0,0.0,0.0,0.0,0.0,0.0,0.0,0.0,0.0,0.0,0.0,0.0,0.0,0.18331582659871,0.0,0.0,0.0,0.0,0.0,0.0,0.0,0.0,0.0,0.0,0.0,0.0,0.0,0.0,0.0,0.0,0.18331582659871,0.0,0.0,0.0,0.0,0.0,0.0,0.0,0.0,0.0,0.0,0.0,0.0,0.0,0.0,0.0,0.0,0.0,0.0,0.0,0.0,0.0,0.0,0.0,0.0,0.0,0.0,0.0,0.18331582659871,0.0,0.0,0.0,0.0,0.0,0.54994747979613,0.0,0.0,0.0,0.0,0.0,0.0,0.73326330639484,0.18331582659871,0.54994747979613,0.0,0.0,0.18331582659871,0.0,0.36663165319742,0.0,0.0,0.0,0.0,0.0,0.0,0.18331582659871,0.0,0.0,0.0,0.0,0.0,0.0,0.0,0.0,0.0,0.0,0.0,0.0,0.0,0.0,0.0,0.0,0.0,0.0,0.0,0.0,0.0,0.0,0.0,0.0,0.0,0.0,0.54994747979613,0.0,0.0,0.0,0.0,0.0,0.18331582659871,0.0,0.0,0.0,0.0,0.0,0.0,0.0,0.18331582659871,0.0,0.0,0.0,0.0,0.0,0.0,0.0,0.0,0.0,0.0,0.0,0.91657913299355,0.0,0.0,0.0,0.0,0.0,0.0,0.0,0.0,0.0,0.0,0.0,0.0
0.0,0.18331582659871,0.0,0.0,0.0,0.0,0.0,0.0,0.54994747979613,0.0,0.0,0.0,0.0,0.0,0.0,0.0,0.0,0.0,0.0,0.0,0.18331582659871,0.0,0.0,0.0,0.0,0.0,0.0,0.0,0.18331582659871,2.7497373989806504,0.0,0.0,0.18331582659871,0.0,0.0,0.0,0.0,0.0,0.0,0.0,0.0,0.0,0.0,0.0,0.0,0.0,0.0,0.0,0.0,0.0,0.0,0.0,0.0,0.0,0.0,0.0,0.0,0.0,0.0,0.0,0.0,0.0,0.0,0.0,0.0,0.0,0.0,0.0,0.0,0.0,0.0,0.0,0.0,0.0,0.0,0.0,0.0,1.8331582659871002,0.0,0.0,0.18331582659871,0.0,0.0,0.0,0.0,0.0,0.0,0.0,0.0,0.0,0.0,0.0,0.0,0.0,0.0,0.0,0.0,0.0,0.0,0.0,0.0,0.0,0.0,0.0,0.0,0.0,0.0,0.0,0.0,0.0,0.36663165319742,0.0,0.0,0.0,0.0,0.0,0.0,0.0,0.0,0.0,0.0,0.0,0.0,0.0,0.0,0.0,0.0,0.0,0.0,0.0,0.0,0.0,0.0,0.0,0.0,0.0,0.0,0.0,0.0,0.0,0.0,0.0,0.18331582659871,0.0,0.0,0.0,0.0,0.0,0.0,0.0,0.0,0.0,0.0,0.0,0.0,0.0,0.0,0.0,0.0,0.0,0.0,0.0,0.0,0.0,0.0,0.0,0.0,0.0,0.0,0.0,0.0,0.0,0.0,0.0,0.18331582659871,0.0,1.28321078619097,0.0,0.0,0.0,0.0,0.0,0.0,0.0,0.0,0.0,0.0,0.0,0.0,0.0,0.0,0.0,0.0,0.0,0.36663165319742,0.0,0.0,0.18331582659871,0.0,0.18331582659871,0.0,0.0,0.0,0.0,0.0,0.0,0.0,0.0,0.0,0.0,0.0,0.0,0.0,0.0,0.0,0.0,0.0,0.0,0.0,0.0,0.0,0.0,0.0,0.54994747979613,0.0,0.0,0.0,0.0,0.0,0.0,0.0,0.0,0.73326330639484,0.0,0.0,0.0,0.0,0.0,0.0,0.0,0.0,0.0,0.0,0.18331582659871,0.18331582659871,0.0,0.0,0.0,0.0,0.0,0.36663165319742,0.0,0.0,0.0,0.18331582659871,0.0,0.0,0.0,0.0,0.18331582659871,0.0,0.0,0.18331582659871,0.18331582659871,0.0,0.0,0.0,0.0,0.0,0.0,0.0,0.0,0.0,0.0,0.0,0.0,0.0,0.0,0.0,0.0,0.0,0.0,0.0,0.0,0.0,0.0,0.0,0.0,0.0,0.0,0.0,0.0,0.0,0.0,0.0,0.0,0.0,0.0,0.0,0.0,0.0,0.9165791329935501,0.0,0.54994747979613,0.0,0.0,0.0,0.0,0.0,0.0,0.0,0.0,0.0,0.0,0.0,0.0,0.0,0.0,0.0,0.0,0.0,0.0,0.0,0.0,0.0,0.0,0.18331582659871,0.0,0.0,0.0,0.0,0.18331582659871,0.0,0.0,0.0,0.0,0.0,0.0,0.73326330639484,0.0,0.0,0.0,0.0,0.0,0.0
0.36663165319742,2.7497373989806504,0.0,0.36663165319742,0.36663165319742,2.7497373989806504,2.93305322557936,0.9165791329935501,1.09989495959226,2.9330532255793647,3.1163690521780714,1.8331582659871,0.0,18.88153013966715,0.54994747979613,0.36663165319742,0.54994747979613,1.46652661278968,0.18331582659871,0.18331582659871,2.3831057457832303,0.54994747979613,4.032948185171621,2.56642157238194,2.19978991918452,0.73326330639484,1.09989495959226,0.73326330639484,0.54994747979613,1.09989495959226,0.18331582659871,0.18331582659871,1.09989495959226,0.36663165319742,0.18331582659871,0.73326330639484,0.54994747979613,0.36663165319742,0.0,0.36663165319742,2.3831057457832303,0.18331582659871,0.36663165319742,1.28321078619097,0.54994747979613,2.933053225579365,1.8331582659871,2.0164740925858102,0.18331582659871,0.73326330639484,0.0,0.36663165319742,2.0164740925858102,1.46652661278968,0.36663165319742,2.933053225579361,0.54994747979613,0.73326330639484,0.73326330639484,3.1163690521780714,37.02979697293945,2.38310574578323,1.09989495959226,0.0,0.0,5.4994747979612955,0.18331582659871,1.46652661278968,0.54994747979613,0.18331582659871,0.36663165319742,3.11636905217807,0.91657913299355,0.73326330639484,0.54994747979613,0.0,0.36663165319742,1.6498424393883901,0.0,0.36663165319742,0.54994747979613,2.7497373989806473,0.36663165319742,0.18331582659871,0.54994747979613,0.36663165319742,0.54994747979613,0.18331582659871,0.9165791329935501,0.54994747979613,4.0329481851716205,0.18331582659871,0.54994747979613,0.54994747979613,0.9165791329935501,0.73326330639484,0.0,5.4994747979612955,0.0,0.18331582659871,0.54994747979613,0.18331582659871,0.73326330639484,0.0,0.73326330639484,0.73326330639484,0.54994747979613,1.28321078619097,1.28321078619097,0.36663165319742,2.5664215723819397,2.56642157238194,0.18331582659871,0.73326330639484,0.91657913299355,0.91657913299355,1.09989495959226,1.6498424393883901,0.54994747979613,5.3161589713625945,1.09989495959226,1.28321078619097,0.0,0.91657913299355,0.9165791329935501,0.0,0.54994747979613,0.18331582659871,0.0,2.9330532255793598,2.749737398980655,0.0,3.4830007053754914,1.8331582659871002,0.36663165319742,8.432528023540664,0.91657913299355,2.383105745783231,0.9165791329935501,2.0164740925858102,0.36663165319742,0.18331582659871,3.6663165319742013,0.54994747979613,0.18331582659871,0.54994747979613,1.28321078619097,0.18331582659871,0.18331582659871,1.28321078619097,0.36663165319742,0.0,1.09989495959226,1.28321078619097,1.46652661278968,2.199789919184521,0.0,0.36663165319742,0.36663165319742,0.73326330639484,1.6498424393883901,0.0,0.18331582659871,2.3831057457832308,0.18331582659871,2.0164740925858102,0.9165791329935501,0.0,1.28321078619097,0.18331582659871,0.0,2.933053225579361,0.0,0.54994747979613,0.0,0.18331582659871,0.18331582659871,84.32528023540675,0.0,0.9165791329935501,0.73326330639484,0.0,0.0,0.18331582659871,1.28321078619097,0.18331582659871,0.54994747979613,0.9165791329935501,0.0,0.18331582659871,0.36663165319742,0.18331582659871,0.18331582659871,0.0,5.6827906245600115,0.54994747979613,2.566421572381941,0.36663165319742,0.73326330639484,0.9165791329935501,0.0,0.0,0.0,1.46652661278968,0.18331582659871,0.0,1.46652661278968,0.18331582659871,0.9165791329935501,0.0,0.36663165319742,0.0,0.18331582659871,9.715738809731631,0.36663165319742,0.0,0.54994747979613,0.0,0.54994747979613,0.36663165319742,0.0,0.36663165319742,0.54994747979613,7.149317237349697,1.28321078619097,0.9165791329935501,0.18331582659871,0.73326330639484,1.09989495959226,0.18331582659871,0.54994747979613,0.36663165319742,0.0,0.0,0.18331582659871,0.0,0.9165791329935501,0.73326330639484,0.54994747979613,0.0,0.36663165319742,0.18331582659871,1.46652661278968,0.36663165319742,0.73326330639484,2.383105745783231,0.54994747979613,0.54994747979613,0.73326330639484,0.54994747979613,0.0,0.73326330639484,0.73326330639484,0.18331582659871,0.0,0.0,0.36663165319742,2.01647409258581,0.0,1.09989495959226,2.56642157238194,0.36663165319742,0.36663165319742,0.0,0.54994747979613,6.232738104356141,0.18331582659871,0.91657913299355,0.18331582659871,0.0,7.3326330639484025,0.0,0.0,0.18331582659871,2.199789919184525,0.18331582659871,0.18331582659871,0.0,0.0,0.18331582659871,0.0,0.0,0.54994747979613,0.91657913299355,0.36663165319742,0.36663165319742,0.36663165319742,0.9165791329935501,0.36663165319742,0.91657913299355,0.0,0.54994747979613,0.9165791329935501,0.0,0.54994747979613,0.9165791329935501,0.36663165319742,0.73326330639484,0.0,0.0,0.0,0.0,0.36663165319742,0.54994747979613,0.0,0.9165791329935501,0.18331582659871,0.18331582659871,0.0,0.0,0.73326330639484,0.0,0.0,1.28321078619097,0.18331582659871,1.46652661278968,0.18331582659871,0.18331582659871,0.0,0.18331582659871,0.0,0.36663165319742,0.0,0.0,0.0,0.0,0.36663165319742,0.0,0.36663165319742,0.0,0.0,0.54994747979613,0.18331582659871,0.0,0.18331582659871,0.36663165319742,0.0,0.18331582659871,0.0,0.0,0.18331582659871,0.54994747979613,0.0,0.0,0.0
0.0,0.0,0.0,0.0,0.18331582659871,0.0,0.0,0.0,0.18331582659871,0.18331582659871,0.18331582659871,0.0,0.0,0.0,0.0,0.0,0.0,10.815633769323894,0.0,0.0,0.73326330639484,0.0,0.18331582659871,0.0,0.0,0.0,0.0,0.18331582659871,0.0,0.18331582659871,0.0,0.18331582659871,5.132843144763881,0.0,0.0,0.0,0.0,0.0,3.116369052178071,0.0,0.0,0.0,0.0,0.0,0.0,0.0,0.0,0.18331582659871,0.0,0.0,0.0,0.0,1.6498424393883901,0.18331582659871,0.0,0.0,0.0,0.0,0.0,0.36663165319742,0.18331582659871,0.0,0.0,0.0,0.0,0.0,0.0,0.0,0.0,0.0,0.0,0.18331582659871,0.0,0.0,0.0,0.0,0.0,0.0,0.0,2.383105745783231,1.28321078619097,0.0,0.0,0.0,0.0,0.0,0.0,0.0,0.0,0.0,1.28321078619097,0.0,0.0,0.0,0.0,0.0,0.0,0.0,0.0,0.0,0.0,0.0,0.0,0.0,0.0,0.0,0.0,4.399579838369041,0.0,0.0,0.0,0.0,0.0,0.0,0.0,0.0,0.0,0.0,0.0,0.0,0.36663165319742,0.0,0.0,0.0,0.0,0.0,0.0,0.0,0.0,0.0,0.0,0.0,0.18331582659871,0.18331582659871,0.0,0.0,0.36663165319742,0.0,0.0,0.0,0.0,0.0,0.0,0.0,0.0,0.0,0.0,0.0,0.0,0.0,0.0,0.0,0.0,0.0,0.0,0.18331582659871,0.0,0.0,0.0,0.0,0.0,0.0,0.0,0.0,0.0,0.0,0.0,0.0,0.0,0.0,0.0,0.0,0.0,0.0,0.0,0.0,0.0,0.18331582659871,1.8331582659871002,0.18331582659871,0.0,0.0,0.0,0.0,0.0,0.0,0.0,0.18331582659871,0.0,0.0,0.0,0.0,0.0,0.0,4.39957983836904,0.0,0.0,0.0,0.0,0.54994747979613,0.18331582659871,0.0,0.0,0.0,0.18331582659871,0.0,0.0,0.0,0.0,0.0,0.0,0.0,0.0,0.18331582659871,0.0,0.18331582659871,0.0,0.0,0.0,0.0,0.0,0.36663165319742,0.18331582659871,0.18331582659871,0.0,0.0,0.18331582659871,0.0,0.0,0.0,0.0,0.0,0.18331582659871,0.0,0.0,0.0,0.0,0.18331582659871,0.0,0.0,0.0,0.0,0.0,0.18331582659871,0.0,0.0,0.54994747979613,0.0,0.0,0.0,0.0,0.0,0.0,0.0,0.18331582659871,0.0,0.0,0.0,0.0,0.0,0.0,0.0,0.0,0.0,0.0,0.0,0.0,0.0,0.0,0.0,0.0,0.0,0.0,1.09989495959226,0.0,0.0,0.0,0.0,0.0,0.0,0.0,0.0,0.0,0.0,0.18331582659871,0.0,0.0,0.0,0.0,0.0,0.18331582659871,0.0,0.0,0.9165791329935501,0.0,0.0,0.0,0.18331582659871,0.0,0.0,0.0,0.0,0.0,0.0,0.0,0.0,0.0,0.0,0.0,0.0,0.0,0.0,0.0,0.0,0.0,0.0,0.0,0.0,0.0,0.0,0.0,0.0,0.0,0.0,0.0,0.0,0.0,0.0,0.18331582659871,0.18331582659871,0.0,0.18331582659871,0.0,0.0,0.0,0.0,0.0,0.0,0.18331582659871,0.0,0.0,0.0,0.0,0.0,0.0
0.0,0.0,0.0,0.0,0.0,0.0,0.0,0.0,0.0,0.0,0.0,0.0,0.0,25.4808998972207,0.0,0.0,0.0,0.0,0.0,0.0,0.0,0.0,0.0,0.0,0.0,0.0,0.0,0.0,0.0,0.0,0.0,0.0,4.399579838369046,0.0,0.0,0.0,0.0,0.0,6.78268558415226,0.18331582659871,0.0,0.0,0.0,0.0,0.0,0.0,0.18331582659871,0.0,0.73326330639484,0.0,0.0,0.0,0.9165791329935501,0.0,0.0,0.0,0.0,0.0,0.0,0.0,0.18331582659871,0.0,0.0,0.0,0.0,0.0,0.0,0.0,0.0,0.0,0.0,0.0,0.0,0.0,0.0,0.18331582659871,0.18331582659871,0.0,0.0,0.18331582659871,4.7662114915664615,0.0,0.0,0.0,0.0,0.0,0.0,0.0,0.0,0.0,0.0,0.0,0.0,0.9165791329935501,0.0,0.0,0.0,0.0,0.0,0.0,0.0,0.0,0.0,0.0,0.0,0.0,0.0,0.0,0.0,0.0,0.0,0.0,0.0,0.0,0.0,0.0,0.0,0.0,0.0,0.0,0.0,0.0,0.0,0.0,0.0,0.0,0.0,0.0,0.0,0.0,0.0,0.0,0.36663165319742,0.0,0.0,0.0,0.0,0.0,0.0,0.0,0.0,0.0,0.0,0.0,1.28321078619097,0.0,0.0,0.0,0.36663165319742,0.0,0.0,0.0,0.0,0.0,0.0,0.18331582659871,0.0,0.0,0.0,0.0,0.0,0.0,0.0,0.18331582659871,0.0,0.0,0.0,0.0,0.0,0.0,0.0,0.0,0.0,0.0,0.0,0.0,0.0,0.54994747979613,2.19978991918452,6.049422277757439,0.0,0.0,0.0,0.0,0.0,0.0,0.0,0.0,0.0,0.0,0.0,0.0,0.0,0.0,0.91657913299355,0.0,0.0,0.0,0.0,0.36663165319742,0.0,0.0,0.0,0.18331582659871,0.0,0.0,0.0,0.0,0.0,0.0,0.0,0.0,0.0,0.0,0.0,0.0,0.0,0.0,0.0,0.0,0.0,0.0,0.0,0.0,0.0,0.0,0.0,0.0,0.0,0.0,0.0,0.0,0.0,0.0,0.0,0.0,0.0,0.0,0.0,0.0,0.0,0.0,0.0,0.9165791329935501,0.0,0.0,0.0,0.0,0.0,0.54994747979613,0.36663165319742,0.0,0.0,0.0,1.6498424393883901,0.0,0.0,0.0,0.0,0.0,0.0,0.0,0.0,0.0,0.0,0.18331582659871,0.0,0.0,0.0,0.0,0.0,0.0,0.0,1.09989495959226,0.0,0.0,0.0,0.0,0.0,0.0,0.0,0.0,0.0,0.0,0.18331582659871,0.18331582659871,0.0,0.0,0.36663165319742,0.0,0.0,0.0,0.0,0.0,0.0,0.0,0.0,0.0,0.0,0.0,0.0,0.18331582659871,0.0,0.54994747979613,0.0,0.0,0.0,0.0,0.0,0.0,0.0,0.0,0.0,0.0,0.0,0.0,0.0,0.0,0.0,0.0,0.0,0.0,0.0,0.0,0.0,0.0,0.0,0.0,0.0,0.0,0.0,0.0,0.0,0.0,0.0,0.0,0.0,0.0,0.0,0.0,0.0,0.18331582659871,0.18331582659871,0.0,0.0
0.0,0.0,0.0,0.0,0.0,0.0,0.0,0.54994747979613,0.0,0.0,0.18331582659871,0.0,0.0,0.18331582659871,0.0,0.0,0.0,0.18331582659871,0.0,0.0,0.0,0.91657913299355,0.54994747979613,0.0,0.0,0.0,0.0,0.0,0.0,0.0,0.0,0.0,0.0,0.36663165319742,0.0,0.0,0.0,0.0,0.0,0.0,0.18331582659871,0.0,0.0,0.0,0.18331582659871,0.0,0.0,0.0,0.0,0.0,0.0,0.0,0.0,0.0,0.0,0.0,0.9165791329935501,0.0,0.0,0.0,0.18331582659871,0.0,0.0,0.0,0.0,1.6498424393883901,0.0,0.0,0.0,0.36663165319742,0.18331582659871,0.18331582659871,0.0,0.0,0.0,0.0,0.0,0.0,0.0,0.0,0.36663165319742,0.0,0.0,0.0,0.0,0.0,0.0,0.0,0.0,0.0,0.0,0.0,0.0,0.0,0.0,0.18331582659871,0.0,0.0,0.0,0.0,0.0,0.0,0.0,0.0,0.0,0.0,0.0,0.0,0.36663165319742,0.0,0.0,0.0,0.0,0.0,0.0,0.0,0.0,0.18331582659871,0.0,0.18331582659871,0.0,0.0,0.0,0.0,0.0,0.0,1.09989495959226,0.0,0.0,0.0,0.0,0.0,0.0,1.46652661278968,0.0,0.0,0.0,0.0,0.36663165319742,0.18331582659871,0.0,0.0,18.514898486469708,0.0,0.0,0.0,0.0,0.0,0.0,0.18331582659871,0.0,0.18331582659871,0.0,0.0,0.0,0.18331582659871,0.0,0.18331582659871,0.0,0.0,0.18331582659871,0.18331582659871,0.0,0.0,0.18331582659871,0.18331582659871,0.0,0.0,0.0,0.18331582659871,1.8331582659871,0.0,0.0,0.0,0.0,0.0,0.0,1.09989495959226,0.0,0.0,3.1163690521780696,0.0,0.0,0.0,0.0,0.0,0.0,0.0,0.0,0.0,0.0,0.0,0.0,0.18331582659871,0.0,0.0,0.0,0.0,0.0,0.0,0.0,0.0,0.0,0.0,0.0,0.0,0.0,0.0,0.18331582659871,0.0,0.0,0.18331582659871,0.0,0.18331582659871,0.36663165319742,0.0,0.18331582659871,0.0,0.0,0.0,0.0,0.0,0.0,0.0,0.0,0.18331582659871,0.18331582659871,0.0,0.0,0.0,0.0,0.0,0.0,0.0,0.0,0.0,0.18331582659871,0.0,0.0,0.0,0.0,0.0,0.0,0.0,0.0,0.0,0.36663165319742,0.0,0.0,0.0,0.0,0.18331582659871,2.0164740925858102,0.0,0.0,0.0,0.0,0.0,0.9165791329935501,0.0,0.0,0.0,0.0,0.0,0.18331582659871,0.0,0.0,0.0,0.0,0.0,0.0,0.0,0.0,0.0,0.18331582659871,0.0,0.0,0.0,0.0,0.0,0.0,0.0,0.0,0.0,0.0,0.0,0.0,0.0,0.18331582659871,0.0,0.0,0.0,0.0,0.0,0.0,0.0,0.0,0.0,0.0,0.0,0.0,0.0,0.0,0.0,0.0,0.0,0.36663165319742,0.0,0.0,0.0,0.0,0.0,0.0,0.0,0.0,0.0,0.0,0.0,0.0,0.0,0.0,0.0,0.18331582659871,0.0,0.36663165319742,0.0,0.0,0.0,0.0,0.0,0.0,0.0,0.0,0.0,0.18331582659871,0.0,0.0,0.0,0.0,0.0,0.0,0.0,0.0,0.0,0.0
0.18331582659871,0.0,0.18331582659871,0.0,0.36663165319742,0.18331582659871,0.36663165319742,0.0,0.0,0.18331582659871,0.18331582659871,0.18331582659871,0.0,5.86610645115872,1.09989495959226,4.3995798383690365,0.0,0.18331582659871,0.0,0.0,0.0,0.0,0.0,0.0,0.0,0.0,0.0,0.0,0.9165791329935501,0.0,0.0,0.0,0.0,0.0,0.0,0.0,0.54994747979613,0.0,0.0,0.0,0.0,0.0,0.18331582659871,0.0,0.36663165319742,0.0,0.0,0.18331582659871,0.0,0.54994747979613,0.18331582659871,0.0,0.0,0.36663165319742,0.36663165319742,0.18331582659871,0.0,0.0,0.0,0.0,0.0,0.36663165319742,0.0,0.0,0.0,0.0,0.0,0.0,0.0,0.54994747979613,0.0,0.18331582659871,0.18331582659871,0.18331582659871,0.0,0.0,0.0,0.0,0.0,0.0,0.0,0.0,0.0,0.0,0.0,0.0,0.0,0.0,0.0,0.0,0.18331582659871,0.0,0.0,0.0,0.54994747979613,0.0,0.0,0.0,0.0,0.0,0.0,0.73326330639484,0.0,0.0,0.0,0.0,0.0,0.0,0.0,0.18331582659871,0.0,0.0,0.0,0.0,0.0,0.0,0.0,0.0,0.0,0.0,0.0,1.6498424393883913,1.8331582659871002,0.0,0.18331582659871,0.0,0.0,0.54994747979613,0.0,0.0,0.0,0.18331582659871,0.0,0.18331582659871,0.0,0.0,0.0,0.0,0.0,0.0,0.18331582659871,0.0,0.0,0.0,0.0,0.0,0.0,0.0,0.0,0.0,0.0,0.0,0.0,0.0,0.0,0.0,0.0,0.0,0.0,0.0,0.0,0.0,0.36663165319742,0.0,0.0,0.0,0.0,0.18331582659871,0.0,0.0,0.0,0.54994747979613,0.0,0.0,0.0,0.0,0.0,0.54994747979613,0.0,0.0,0.0,1.8331582659871002,0.0,0.0,0.18331582659871,0.0,0.0,0.0,0.0,0.0,0.0,0.18331582659871,0.0,0.0,0.0,0.18331582659871,0.0,0.0,0.0,0.0,0.0,0.0,0.0,0.0,0.18331582659871,0.0,0.0,0.0,0.0,0.0,0.0,0.0,0.0,0.0,0.0,0.0,0.0,0.0,0.0,0.0,0.0,0.0,0.0,0.0,0.0,0.0,0.36663165319742,0.0,0.0,0.0,0.0,0.0,0.0,0.0,0.0,12.832107861909714,0.0,0.0,0.0,0.0,0.0,0.0,0.18331582659871,0.0,0.0,0.0,0.0,0.18331582659871,0.0,0.0,0.0,0.0,0.0,0.0,0.0,0.0,0.0,0.0,0.0,0.0,0.0,0.0,0.18331582659871,0.0,0.0,0.0,0.0,0.0,0.0,0.0,0.0,0.0,0.0,0.0,0.0,0.0,0.18331582659871,0.0,0.0,0.0,0.18331582659871,0.0,0.0,0.0,0.0,0.0,0.0,0.0,0.0,0.0,0.18331582659871,0.36663165319742,0.0,0.0,0.0,0.0,0.0,0.0,0.0,0.0,0.0,0.0,0.0,0.0,0.0,0.0,0.18331582659871,0.0,0.0,0.0,0.0,0.0,0.0,0.0,0.0,0.0,0.18331582659871,0.0,0.0,0.0,0.0,0.0,0.0,0.0,0.0,0.0,0.0,0.18331582659871,0.0,0.0,0.0,0.0,0.0,0.0,0.0,0.0,0.0,0.0,0.0,0.0,0.0,0.0,0.0,0.0,0.0
0.0,0.0,0.0,0.0,0.0,0.0,0.0,0.0,0.18331582659871,0.18331582659871,0.0,0.0,0.18331582659871,0.36663165319742,0.0,0.0,0.0,0.18331582659871,0.0,0.0,0.18331582659871,0.0,0.0,0.0,0.0,0.0,0.0,0.0,0.18331582659871,0.18331582659871,0.0,0.0,0.0,0.0,0.0,0.0,0.0,0.0,0.0,0.0,0.0,0.0,0.0,0.0,0.18331582659871,0.0,0.18331582659871,0.0,0.0,0.0,0.36663165319742,0.0,0.0,0.0,0.0,0.0,0.0,0.0,0.0,0.0,0.0,0.0,0.0,0.0,0.0,0.0,0.0,0.54994747979613,0.0,0.0,0.0,0.0,0.18331582659871,0.0,0.0,0.0,0.0,0.54994747979613,0.0,0.0,0.0,0.0,0.0,0.0,0.0,0.9165791329935501,0.0,0.18331582659871,0.0,0.0,0.0,0.0,0.0,0.0,0.0,0.0,0.54994747979613,0.0,0.0,0.0,0.0,0.0,0.0,0.0,0.0,0.0,0.0,0.0,0.0,0.0,0.0,0.0,0.0,0.0,0.0,0.0,0.0,0.0,0.0,0.0,0.0,0.0,0.0,0.18331582659871,0.18331582659871,0.0,0.0,0.0,0.0,0.0,0.0,0.0,0.36663165319742,0.0,0.36663165319742,0.0,0.0,0.0,0.0,0.0,0.0,0.0,0.18331582659871,0.0,0.0,0.0,0.18331582659871,0.0,0.0,0.0,0.0,0.0,0.0,0.18331582659871,0.0,0.0,0.0,0.0,0.0,0.0,0.0,0.0,0.18331582659871,0.0,0.0,0.0,0.0,0.0,0.0,0.0,0.36663165319742,0.0,0.0,0.0,0.0,0.0,0.0,0.0,0.0,0.0,0.0,0.0,0.54994747979613,0.0,0.73326330639484,0.0,0.0,0.0,0.18331582659871,0.36663165319742,0.18331582659871,0.0,0.0,0.0,0.0,0.0,0.18331582659871,0.0,0.0,0.36663165319742,0.0,0.0,0.0,0.0,0.0,0.0,0.0,0.0,0.0,0.0,0.0,0.0,0.0,0.0,0.73326330639484,0.0,0.0,0.54994747979613,0.0,0.0,0.54994747979613,0.0,0.18331582659871,0.18331582659871,0.0,0.0,0.0,0.0,0.0,0.0,0.0,0.0,0.0,0.0,0.0,0.0,0.0,0.0,0.0,0.0,0.0,0.0,0.0,0.0,0.0,0.0,0.0,0.0,0.0,0.0,0.0,0.0,0.0,0.0,0.0,0.0,0.0,0.0,0.0,0.0,0.0,0.0,0.0,0.0,0.0,0.0,0.0,0.0,0.0,0.0,0.0,0.0,0.0,0.0,0.0,0.0,0.0,0.0,0.0,0.0,0.0,0.0,0.0,0.0,0.0,0.0,0.0,0.0,0.0,0.0,0.0,0.0,0.0,0.0,0.0,0.0,0.0,0.0,0.0,0.0,0.0,0.0,0.0,0.18331582659871,0.0,0.0,0.0,0.0,0.0,0.0,0.0,0.0,0.0,0.0,0.0,1.6498424393883901,0.0,0.0,0.0,0.0,0.0,0.0,0.0,0.0,0.0,0.0,0.0,0.0,0.18331582659871,0.0,0.0,0.0,0.0,0.0,0.0,0.0,0.0,0.0,0.0,0.0,0.0,0.0,0.0,0.0,0.0
0.0,0.18331582659871,0.0,0.0,0.0,0.0,0.18331582659871,0.0,0.0,0.18331582659871,0.18331582659871,0.0,0.0,0.0,0.0,0.18331582659871,0.0,0.0,0.0,0.0,0.0,0.0,0.54994747979613,0.0,0.0,0.0,0.0,0.0,0.0,0.0,0.0,0.0,0.0,0.0,0.0,0.0,0.0,0.0,0.0,0.0,0.0,0.0,0.0,0.0,0.0,0.0,0.36663165319742,0.0,0.0,0.0,0.0,0.0,0.18331582659871,0.0,0.0,0.0,0.0,0.18331582659871,0.0,0.0,0.18331582659871,0.0,0.0,0.0,0.0,0.18331582659871,0.0,0.18331582659871,0.0,0.18331582659871,0.0,0.0,0.0,0.0,0.0,0.0,0.0,0.0,0.0,0.0,0.0,0.0,0.0,0.0,0.0,0.0,0.0,0.0,0.0,0.0,0.0,0.0,0.18331582659871,0.0,0.0,0.0,0.0,0.0,0.0,0.0,0.0,0.0,0.18331582659871,0.0,0.0,0.0,0.0,0.0,0.0,0.0,0.0,0.0,0.0,0.0,0.0,0.18331582659871,0.0,0.0,0.0,0.18331582659871,0.0,0.0,0.0,0.0,0.0,0.18331582659871,0.0,0.0,0.18331582659871,0.18331582659871,0.0,0.0,0.0,0.0,0.0,0.0,0.0,0.0,0.18331582659871,0.18331582659871,0.0,0.0,0.0,0.0,0.0,0.0,0.0,0.0,0.0,0.0,0.0,0.0,0.0,0.0,0.0,0.0,0.54994747979613,0.0,0.0,1.09989495959226,0.0,0.18331582659871,0.0,0.0,0.0,0.18331582659871,0.0,0.0,0.0,0.0,0.0,0.0,0.0,0.0,0.0,0.0,0.0,0.0,0.18331582659871,0.0,0.54994747979613,0.0,0.0,1.6498424393883901,0.0,0.0,0.0,0.0,0.0,0.0,0.0,0.0,0.0,0.0,0.0,0.0,0.0,0.0,0.0,0.18331582659871,0.0,0.18331582659871,0.0,0.0,0.0,0.0,0.0,0.0,0.36663165319742,0.0,0.0,0.0,0.0,0.18331582659871,0.0,0.0,0.0,0.0,0.0,0.0,0.0,0.0,0.18331582659871,0.0,0.0,0.18331582659871,0.18331582659871,0.0,0.0,0.0,0.0,0.0,0.0,0.18331582659871,0.0,0.0,0.0,0.0,0.0,0.18331582659871,0.0,0.18331582659871,0.36663165319742,0.0,0.0,0.0,0.18331582659871,0.0,0.0,0.0,0.0,0.54994747979613,0.0,0.0,0.0,0.0,0.36663165319742,0.0,0.0,0.0,0.0,0.0,0.0,0.0,0.0,0.0,0.0,0.18331582659871,0.0,0.0,0.0,0.0,0.0,0.0,0.18331582659871,0.0,0.0,0.0,0.0,0.0,0.0,0.0,0.0,0.0,0.0,0.0,0.0,0.0,0.0,0.0,0.0,0.0,0.0,0.0,0.0,0.0,0.0,0.0,0.0,0.0,0.0,0.0,0.0,0.0,0.0,0.0,0.36663165319742,0.0,0.0,0.0,0.0,0.0,0.0,0.0,0.0,0.0,0.0,0.0,0.0,0.0,0.0,0.0,0.0,0.0,0.0,0.0,0.0,0.0,0.0,0.0,0.0,0.0,0.0,0.0,0.0,0.0,0.0,0.0,0.0,0.0,0.0,0.0,0.0,0.0,0.0
1.46652661278968,0.0,0.0,0.0,0.0,0.54994747979613,0.18331582659871,0.0,0.0,0.36663165319742,0.91657913299355,0.36663165319742,0.9165791329935501,2.0164740925858102,1.09989495959226,0.18331582659871,0.0,0.73326330639484,0.0,0.0,0.36663165319742,0.0,0.36663165319742,0.18331582659871,0.0,0.0,0.18331582659871,0.0,0.0,0.0,0.0,0.0,0.0,0.0,0.0,0.0,1.09989495959226,2.3831057457832374,0.0,0.0,0.18331582659871,0.0,0.54994747979613,0.18331582659871,0.36663165319742,0.18331582659871,0.18331582659871,0.54994747979613,0.0,0.73326330639484,0.0,0.0,0.18331582659871,0.0,0.0,1.09989495959226,0.0,0.0,0.0,0.0,0.36663165319742,0.18331582659871,0.0,0.18331582659871,0.0,0.36663165319742,0.0,0.54994747979613,0.0,0.36663165319742,0.0,1.4665266127896812,0.18331582659871,0.0,0.0,0.0,0.0,0.0,0.0,0.0,0.18331582659871,0.0,0.0,0.0,0.0,0.18331582659871,0.0,1.6498424393883901,0.18331582659871,0.0,0.0,0.0,0.0,0.0,1.28321078619097,0.0,0.36663165319742,0.0,0.0,0.0,0.36663165319742,0.0,0.18331582659871,0.0,0.0,0.0,0.0,0.0,0.0,0.0,0.0,0.0,0.0,0.0,0.54994747979613,0.0,0.36663165319742,0.0,0.0,0.0,0.0,0.91657913299355,0.0,0.0,2.0164740925858102,0.0,0.0,0.36663165319742,0.0,0.0,0.0,0.0,0.0,0.18331582659871,0.0,0.0,0.0,0.0,0.0,0.0,0.54994747979613,4.94952731816516,0.0,0.0,0.0,0.0,1.09989495959226,0.0,0.0,0.0,0.18331582659871,0.0,0.0,0.18331582659871,0.0,0.18331582659871,0.0,0.0,0.0,0.0,0.0,0.0,0.0,0.0,0.0,0.0,0.0,1.6498424393883901,0.0,0.0,2.38310574578323,0.0,0.0,0.0,0.0,0.0,0.18331582659871,0.36663165319742,0.0,0.0,1.28321078619097,0.0,0.18331582659871,0.0,11.915528728916158,0.0,0.0,0.0,0.0,0.18331582659871,0.0,0.0,0.0,0.0,0.0,0.36663165319742,0.18331582659871,0.18331582659871,0.0,0.18331582659871,0.0,0.0,0.0,0.0,0.0,0.0,0.0,0.0,0.0,0.0,0.0,0.0,0.0,0.0,2.3831057457832303,0.0,0.36663165319742,0.36663165319742,0.0,0.0,1.28321078619097,0.0,0.18331582659871,0.0,0.18331582659871,0.0,0.0,0.0,0.0,0.0,0.0,0.0,0.0,1.28321078619097,0.0,0.0,0.0,0.0,0.0,0.0,0.0,0.0,0.18331582659871,0.0,0.0,0.0,0.0,0.91657913299355,0.0,0.18331582659871,0.0,0.36663165319742,0.0,0.0,0.0,0.0,0.0,0.0,0.0,0.0,0.0,0.0,0.0,0.0,0.0,0.0,0.0,0.0,0.0,0.0,0.0,0.0,0.0,0.0,0.18331582659871,0.18331582659871,0.0,0.0,0.0,0.0,0.0,0.0,0.0,0.0,0.0,0.0,0.0,0.0,0.0,0.0,0.36663165319742,0.0,0.0,0.0,0.0,0.0,0.0,0.0,0.0,0.0,0.0,0.18331582659871,0.0,0.0,0.0,0.0,0.0,0.0,0.0,0.0,0.0,0.0,0.0,0.0,0.0,0.0,0.0,0.0,0.0,0.0,0.18331582659871,0.0,0.0,0.0,1.09989495959226,0.0,0.0,0.0,0.0,0.18331582659871,0.0,0.0,0.0,2.74973739898065,0.0,0.18331582659871,0.0,0.0,0.0,0.0,0.0,0.0,0.0,0.0,0.0
0.0,0.54994747979613,0.0,0.0,0.0,0.0,0.0,0.0,0.0,0.0,0.0,0.0,0.0,0.0,0.0,0.0,0.0,0.0,0.0,0.0,0.0,0.18331582659871,0.18331582659871,0.0,0.0,0.0,0.0,0.18331582659871,0.0,0.0,0.0,0.0,0.0,0.0,0.0,0.0,0.0,0.0,0.0,0.0,0.0,0.0,0.0,0.0,0.0,0.0,0.0,0.0,0.0,0.0,0.0,0.0,0.0,0.0,0.0,0.0,0.0,0.0,0.0,0.0,0.0,0.0,0.0,0.0,0.18331582659871,0.36663165319742,0.0,0.0,0.0,0.0,0.36663165319742,0.0,0.0,0.0,0.0,0.0,0.0,0.0,0.18331582659871,0.0,0.0,0.0,0.0,0.0,0.0,0.0,0.54994747979613,0.0,0.0,0.0,0.0,0.0,0.0,0.0,0.18331582659871,0.18331582659871,0.0,0.0,0.0,0.0,0.0,0.0,0.0,0.0,0.18331582659871,0.0,0.0,0.0,0.0,0.18331582659871,0.0,0.0,0.0,0.18331582659871,0.0,0.0,0.0,0.0,0.0,0.0,0.0,0.0,0.0,0.0,0.0,0.0,0.0,0.0,0.0,0.0,0.0,0.0,0.0,0.73326330639484,0.0,0.0,0.0,0.0,0.18331582659871,0.54994747979613,0.0,0.0,0.0,0.0,0.0,0.36663165319742,0.0,0.0,0.0,1.46652661278968,0.0,0.18331582659871,0.18331582659871,0.0,0.0,0.0,0.0,0.0,0.0,0.0,0.0,0.0,0.0,0.0,0.18331582659871,0.0,0.0,0.0,0.0,0.0,0.0,0.0,0.0,0.0,0.0,0.0,0.0,0.18331582659871,0.0,0.0,0.0,0.0,0.0,0.0,0.0,0.54994747979613,0.0,0.0,0.0,0.0,0.0,0.0,0.0,0.18331582659871,0.0,0.0,0.0,0.0,0.18331582659871,0.0,0.0,0.0,0.0,0.0,0.0,0.0,0.0,0.0,0.0,0.0,0.0,0.0,0.0,0.0,0.0,0.0,0.0,0.0,0.0,0.0,0.0,0.0,0.0,0.0,0.0,0.0,0.0,0.0,0.0,0.0,0.0,0.0,0.0,0.54994747979613,0.0,0.0,0.0,0.0,0.0,0.0,0.0,0.0,0.0,0.0,0.0,0.0,0.0,0.0,0.0,0.0,0.0,0.18331582659871,0.18331582659871,0.0,0.0,0.0,0.0,0.0,0.0,0.0,0.0,0.0,0.0,0.0,0.18331582659871,0.0,0.0,0.0,0.0,0.0,0.36663165319742,0.0,0.0,0.0,0.0,0.0,0.0,0.0,0.0,0.18331582659871,0.0,0.0,0.0,0.0,0.0,0.0,0.0,0.0,0.0,0.0,0.0,0.0,0.0,0.0,0.0,0.0,0.0,0.0,0.0,0.0,0.0,0.0,0.36663165319742,0.0,0.0,0.0,0.0,0.0,0.0,0.0,4.582895664967756,0.0,0.36663165319742,0.0,0.0,0.0,0.0,0.0,0.0,0.0,0.0,0.0,0.0,0.0,0.0,0.0,0.0,0.0,0.0,0.0,0.0,0.0,0.0,0.0,0.0,0.18331582659871,0.0,0.0,0.0,0.0,0.0,0.0,0.0,0.0,0.0
0.0,0.18331582659871,0.36663165319742,0.36663165319742,0.0,0.18331582659871,0.73326330639484,0.0,0.0,0.36663165319742,0.18331582659871,0.0,0.18331582659871,0.73326330639484,0.0,0.0,0.18331582659871,2.19978991918452,0.0,0.54994747979613,0.18331582659871,0.0,1.28321078619097,0.0,0.0,0.0,0.0,0.0,0.18331582659871,1.28321078619097,1.09989495959226,0.0,0.18331582659871,0.0,0.0,0.0,0.0,0.0,0.0,0.0,0.36663165319742,0.0,0.0,1.8331582659871002,0.18331582659871,0.0,0.18331582659871,0.36663165319742,0.0,1.46652661278968,0.0,0.0,0.54994747979613,0.36663165319742,0.18331582659871,5.682790624560025,0.0,0.0,0.0,0.0,0.91657913299355,0.18331582659871,0.0,0.18331582659871,0.0,0.0,0.0,0.54994747979613,0.0,0.0,0.0,0.54994747979613,0.0,0.0,0.0,0.0,0.0,0.18331582659871,0.0,0.0,0.18331582659871,0.0,0.0,0.0,0.0,0.0,0.0,0.73326330639484,0.91657913299355,0.0,0.18331582659871,0.0,0.0,0.0,0.0,0.0,0.0,0.0,0.0,0.0,0.0,0.0,0.54994747979613,0.0,0.0,0.0,0.18331582659871,0.0,0.0,0.0,0.0,0.0,0.0,0.0,0.54994747979613,0.0,0.18331582659871,0.0,0.0,0.0,0.18331582659871,0.0,0.0,0.0,0.36663165319742,0.0,0.0,0.18331582659871,0.54994747979613,0.0,0.0,0.0,0.0,0.0,0.18331582659871,0.0,0.18331582659871,0.0,0.36663165319742,0.0,0.36663165319742,0.0,0.73326330639484,0.0,0.0,0.0,0.0,0.0,0.0,0.0,0.0,0.0,0.18331582659871,0.0,0.0,0.18331582659871,0.0,0.0,0.18331582659871,0.0,0.0,0.0,0.18331582659871,0.0,0.0,0.0,0.0,0.0,0.0,0.0,0.73326330639484,0.0,0.0,0.0,0.0,0.0,0.0,0.18331582659871,0.0,0.0,0.0,0.0,0.0,0.0,0.18331582659871,0.0,3.299684878776786,0.0,0.0,0.18331582659871,0.36663165319742,0.0,0.0,0.0,0.0,0.0,0.0,0.9165791329935501,0.0,0.36663165319742,0.0,0.0,0.0,0.0,0.0,0.0,0.0,0.0,0.0,0.18331582659871,0.0,0.0,0.0,0.0,0.18331582659871,0.0,0.0,0.0,0.0,0.0,0.36663165319742,0.0,4.949527318165168,1.6498424393883901,0.54994747979613,0.0,0.18331582659871,0.0,0.0,0.0,0.0,0.0,0.0,0.18331582659871,0.0,0.0,0.0,0.54994747979613,0.0,0.0,0.0,0.0,0.0,0.18331582659871,0.0,2.016474092585815,0.18331582659871,0.18331582659871,0.18331582659871,0.0,0.0,0.0,0.0,0.0,0.18331582659871,0.0,0.0,0.0,0.0,0.0,0.0,0.0,0.54994747979613,0.0,0.0,0.0,0.0,0.0,0.0,0.0,0.0,0.0,0.0,0.0,0.9165791329935501,0.0,0.0,0.0,0.0,0.0,0.0,0.0,0.0,0.0,0.0,0.0,0.0,0.0,1.28321078619097,0.18331582659871,0.0,0.0,0.18331582659871,0.0,0.0,0.0,0.0,0.0,0.0,0.0,0.0,0.0,0.0,0.0,0.0,0.0,0.0,0.0,0.0,0.0,0.0,0.0,0.0,0.0,0.0,0.0,0.18331582659871,0.0,0.0,0.0,0.0,0.18331582659871,0.0,0.0,0.18331582659871,0.18331582659871,0.0,0.36663165319742,0.54994747979613,0.0,0.0,0.0,0.0,0.0,0.0,0.0,0.0,0.0,0.0,0.0,0.0,0.0,0.0,0.0,0.0
0.0,0.0,0.0,0.0,0.0,0.54994747979613,0.0,0.0,1.46652661278968,0.54994747979613,0.0,0.0,0.0,0.0,0.0,0.0,0.0,0.0,0.0,0.0,0.0,0.0,0.0,0.18331582659871,0.0,0.0,0.0,0.0,0.0,0.18331582659871,0.0,0.0,0.91657913299355,0.0,4.58289566496776,0.0,0.0,0.0,0.0,0.0,0.18331582659871,0.0,0.0,0.0,0.0,0.0,0.0,0.0,0.0,0.0,0.0,0.18331582659871,1.46652661278968,0.0,0.0,0.0,0.0,0.0,0.0,1.09989495959226,0.54994747979613,0.36663165319742,0.0,0.18331582659871,0.0,0.0,0.18331582659871,0.36663165319742,10.815633769323895,0.0,0.0,0.0,0.0,0.0,0.0,0.0,0.0,0.18331582659871,0.0,0.18331582659871,0.91657913299355,0.0,0.18331582659871,0.0,4.216264011770337,0.0,0.0,0.18331582659871,0.0,0.0,0.0,0.0,0.0,0.0,0.0,0.0,0.0,0.0,0.0,0.0,0.0,0.0,0.0,0.0,0.0,0.0,0.18331582659871,0.18331582659871,0.0,0.0,0.0,0.36663165319742,0.0,0.0,0.18331582659871,0.0,0.0,0.0,0.0,0.0,0.0,0.0,0.0,0.18331582659871,0.0,0.0,0.0,0.0,0.0,0.0,0.0,0.0,0.36663165319742,0.0,0.0,0.0,0.0,0.36663165319742,0.0,0.0,0.0,0.0,0.0,0.0,0.0,0.0,0.0,6.782685584152278,0.0,0.0,0.0,0.0,0.0,0.0,0.0,0.18331582659871,0.0,0.0,0.0,0.0,0.0,0.0,0.0,1.09989495959226,0.0,0.0,0.0,0.0,0.0,0.18331582659871,0.0,0.18331582659871,0.0,0.0,0.0,0.0,0.0,1.6498424393883901,0.0,0.0,0.0,0.0,0.0,0.0,0.0,0.0,0.0,29.69716390899104,0.0,0.18331582659871,0.0,0.0,0.0,0.0,0.18331582659871,0.0,0.0,0.0,0.0,0.73326330639484,0.0,0.0,0.0,0.36663165319742,0.0,0.0,0.18331582659871,0.18331582659871,0.0,0.0,4.766211491566459,0.0,0.0,0.0,0.0,0.0,0.0,0.0,0.0,1.46652661278968,0.0,0.18331582659871,1.28321078619097,0.0,0.0,0.0,0.0,0.0,0.0,0.0,1.09989495959226,0.0,0.0,0.0,0.0,0.0,0.0,0.0,0.0,0.0,0.0,0.0,0.0,0.0,0.0,0.0,0.18331582659871,0.0,10.998949595922593,0.0,0.0,0.0,0.0,0.0,0.0,0.0,0.0,0.0,0.0,0.0,0.18331582659871,0.0,0.54994747979613,0.0,0.0,0.0,0.0,0.0,0.18331582659871,0.0,0.0,3.1163690521780723,0.0,0.18331582659871,0.0,0.0,0.0,0.0,6.2327381043561445,0.0,0.0,0.18331582659871,0.0,0.0,0.0,0.0,0.0,0.0,0.0,0.0,0.0,0.0,0.18331582659871,0.0,0.18331582659871,0.0,0.0,0.18331582659871,0.0,0.0,0.0,0.0,0.0,0.0,0.0,0.0,0.0,0.0,0.18331582659871,0.18331582659871,0.0,0.0,0.0,0.0,0.0,0.0,0.0,3.1163690521780674,0.0,0.0,0.0,0.0,0.0,0.0,0.0,0.18331582659871,0.0,0.0,6.232738104356135,0.54994747979613,0.0,0.36663165319742,0.0,0.0,0.0,0.0,0.0,0.0,0.0,6.416053930954853,0.0,0.0,0.0,0.0,0.0
0.0,0.0,0.0,0.0,0.73326330639484,0.0,0.0,0.0,0.0,0.0,0.0,0.0,0.0,13.748686994903267,0.0,0.0,0.0,0.0,0.18331582659871,3.666316531974202,0.0,0.0,0.0,0.0,0.0,0.0,0.0,0.0,0.18331582659871,0.0,0.0,0.18331582659871,0.0,0.0,0.0,0.0,0.0,0.0,0.0,0.0,0.0,0.0,0.0,0.0,0.0,0.0,0.0,0.0,0.0,0.0,0.18331582659871,0.0,0.0,0.0,0.0,0.0,0.0,0.0,0.0,0.0,0.73326330639484,0.0,0.0,0.0,0.0,0.18331582659871,0.0,0.0,0.0,0.18331582659871,0.0,0.0,0.0,0.0,0.0,0.0,0.0,0.0,0.0,0.0,0.0,0.0,0.0,0.0,0.0,0.0,0.0,0.0,0.0,0.18331582659871,2.38310574578323,0.0,0.18331582659871,0.0,0.0,0.0,0.0,0.0,0.18331582659871,0.0,0.0,0.0,0.0,0.0,0.0,0.0,0.0,0.0,0.0,0.0,0.0,0.0,0.0,0.18331582659871,0.0,0.0,0.0,0.0,0.73326330639484,0.0,0.0,0.54994747979613,0.0,0.0,0.18331582659871,0.0,0.0,0.0,0.0,0.0,0.0,0.0,0.0,0.18331582659871,0.0,0.0,0.0,0.0,0.0,0.0,0.0,0.0,0.0,0.0,0.0,0.0,0.0,0.0,0.18331582659871,0.0,0.0,0.0,0.0,0.0,0.0,0.0,0.0,0.0,0.0,0.0,0.0,0.0,0.0,0.0,0.0,0.0,0.0,0.0,0.0,0.0,0.18331582659871,0.0,0.18331582659871,0.0,0.0,0.0,0.0,0.18331582659871,0.18331582659871,0.0,0.0,0.0,0.0,0.0,0.18331582659871,0.0,0.0,0.0,4.032948185171615,0.0,0.0,0.0,0.0,0.36663165319742,0.0,0.0,0.0,0.0,0.0,0.0,0.0,0.0,0.18331582659871,0.0,0.18331582659871,0.0,0.0,0.0,0.18331582659871,0.0,0.0,0.0,0.0,0.0,0.0,0.0,0.0,0.0,0.0,0.0,0.0,0.0,0.0,0.0,0.0,0.0,0.0,0.0,0.0,0.0,0.0,0.0,0.0,0.0,0.0,0.0,0.0,0.0,0.0,0.0,0.0,0.0,0.0,0.0,0.0,0.0,0.0,0.0,0.0,0.0,0.0,0.0,0.0,0.0,0.0,0.0,0.0,0.0,0.0,0.0,0.0,0.0,0.0,0.0,0.0,0.0,0.0,0.0,0.0,0.0,0.0,0.0,0.0,0.0,0.18331582659871,0.36663165319742,0.18331582659871,0.0,0.0,0.0,0.0,0.0,0.0,0.0,0.0,0.0,0.0,0.0,0.0,0.0,0.0,0.0,0.0,0.0,0.0,0.0,0.0,0.0,0.18331582659871,0.0,0.0,0.0,0.0,0.0,0.0,0.0,0.0,0.0,0.0,0.18331582659871,0.0,0.0,0.0,0.0,0.0,0.0,0.0,0.0,0.0,0.0,1.46652661278968,0.0,0.0,0.0,0.0,0.0,0.0,0.0,0.0,0.0,0.0,0.0,0.0,0.0,0.0,0.0,0.0,0.0,0.0,0.0,0.0,0.0,0.0,0.0,0.0
0.18331582659871,0.0,0.0,0.0,0.0,0.18331582659871,0.36663165319742,0.0,0.0,0.0,0.0,0.0,0.36663165319742,0.18331582659871,0.54994747979613,0.18331582659871,0.0,1.46652661278968,0.0,0.0,0.18331582659871,0.0,0.91657913299355,0.0,0.0,0.0,0.18331582659871,0.0,0.0,1.09989495959226,0.0,0.0,0.0,0.0,0.0,0.0,0.18331582659871,0.0,0.0,0.0,0.0,0.0,0.0,0.9165791329935501,0.18331582659871,0.18331582659871,0.0,0.0,0.0,0.18331582659871,0.18331582659871,0.0,0.36663165319742,0.0,0.36663165319742,0.73326330639484,0.0,0.0,0.0,0.18331582659871,0.0,0.0,0.0,0.18331582659871,0.0,0.0,0.0,0.54994747979613,0.0,0.0,0.0,0.18331582659871,0.18331582659871,0.0,0.0,0.0,0.0,0.36663165319742,0.0,0.0,0.0,0.0,0.0,0.0,0.0,2.19978991918452,0.0,3.116369052178071,0.0,0.0,0.0,0.0,0.0,0.0,0.18331582659871,0.0,0.18331582659871,0.0,0.18331582659871,0.0,0.54994747979613,0.0,0.18331582659871,0.0,0.0,0.0,0.0,0.0,0.0,0.18331582659871,0.0,0.0,0.0,0.0,0.54994747979613,0.0,3.48300070537549,0.0,0.0,0.0,0.0,0.18331582659871,0.0,0.0,2.199789919184521,0.0,0.0,0.0,3.666316531974195,0.0,0.0,0.0,0.0,0.0,0.18331582659871,0.0,0.0,0.0,0.0,0.0,0.0,0.0,0.0,0.0,0.0,0.0,0.73326330639484,0.0,0.0,0.0,1.4665266127896812,0.0,0.0,0.0,0.0,0.0,0.0,0.0,0.0,0.0,0.0,0.0,0.0,0.0,0.0,0.0,0.0,0.36663165319742,0.0,0.0,0.36663165319742,0.0,0.0,0.0,0.0,0.0,0.0,0.18331582659871,0.0,0.0,0.0,0.0,0.18331582659871,0.18331582659871,0.18331582659871,0.0,0.36663165319742,0.18331582659871,0.0,2.0164740925858102,0.36663165319742,0.0,0.0,0.0,0.0,0.0,0.18331582659871,0.36663165319742,0.0,0.18331582659871,0.0,0.0,0.0,0.0,0.0,0.0,0.0,0.0,0.0,0.0,0.0,0.0,0.0,0.0,0.0,0.0,0.0,0.18331582659871,0.0,0.0,0.18331582659871,0.0,0.73326330639484,0.0,0.36663165319742,0.0,0.18331582659871,0.0,0.0,0.0,0.0,0.0,0.0,0.54994747979613,0.18331582659871,1.09989495959226,0.0,0.54994747979613,0.0,0.0,0.0,0.0,0.0,0.0,0.0,0.0,0.0,0.18331582659871,0.18331582659871,0.0,0.0,0.0,0.0,0.0,0.0,0.0,0.0,0.0,0.0,0.0,0.0,0.0,0.36663165319742,0.18331582659871,0.0,0.0,0.0,0.0,0.0,0.0,0.0,0.0,0.0,0.0,1.8331582659871002,0.0,0.0,0.0,0.0,0.0,0.0,0.0,0.0,0.0,0.0,0.0,0.0,0.0,0.0,0.0,0.0,0.0,0.0,0.0,0.0,0.0,0.0,0.18331582659871,0.36663165319742,0.0,0.0,0.0,0.0,0.0,0.0,0.0,0.0,0.0,0.0,0.0,0.0,0.0,0.0,0.0,0.0,0.0,0.18331582659871,0.0,0.0,0.0,0.0,0.0,0.0,0.0,0.0,0.0,0.0,0.18331582659871,0.18331582659871,0.0,0.0,0.18331582659871,0.0,0.54994747979613,0.0,0.0,0.0,0.0,0.18331582659871,0.0,0.0,0.0,0.0,0.0,0.0
0.0,0.36663165319742,0.0,0.18331582659871,0.0,0.0,0.18331582659871,0.0,0.18331582659871,0.18331582659871,0.0,0.0,0.0,0.0,0.36663165319742,0.0,0.0,0.18331582659871,0.0,0.36663165319742,0.0,0.0,0.18331582659871,0.0,0.0,0.18331582659871,0.0,0.0,0.0,0.36663165319742,0.0,0.0,0.18331582659871,0.0,0.0,0.0,0.0,0.0,0.0,0.0,0.0,0.0,0.18331582659871,0.18331582659871,0.0,0.0,0.0,0.0,0.18331582659871,0.0,0.0,0.0,0.36663165319742,0.0,0.0,0.0,0.0,0.0,0.0,0.0,0.0,0.0,0.0,0.18331582659871,0.0,0.0,0.0,0.0,0.0,0.0,0.0,0.0,0.0,0.0,0.0,0.0,0.0,1.09989495959226,0.0,0.0,0.0,0.0,0.0,0.0,0.0,0.73326330639484,0.0,0.18331582659871,0.0,0.0,0.0,0.0,0.0,0.0,0.0,0.0,0.0,0.0,0.0,0.0,0.0,0.0,0.0,0.0,0.0,0.0,0.0,0.0,0.18331582659871,0.0,0.0,0.0,0.0,0.0,0.18331582659871,0.0,0.73326330639484,0.0,0.0,0.0,0.0,0.18331582659871,0.0,0.0,0.18331582659871,0.0,0.0,0.18331582659871,0.0,0.0,0.0,0.0,0.0,0.0,0.0,0.0,0.0,0.0,0.0,0.0,0.0,0.0,0.0,0.0,0.0,0.0,0.0,0.0,0.0,0.0,0.18331582659871,0.0,0.0,0.0,0.0,0.0,0.0,0.0,0.0,0.0,0.0,0.0,0.0,0.0,0.0,0.0,0.0,0.0,0.0,0.0,0.0,0.0,0.0,0.0,0.18331582659871,0.0,0.36663165319742,0.0,0.0,0.0,0.0,0.0,0.36663165319742,0.0,0.36663165319742,0.0,0.36663165319742,0.0,0.0,1.09989495959226,0.54994747979613,0.0,0.0,0.0,0.0,0.0,0.0,0.36663165319742,0.0,0.18331582659871,0.0,0.0,0.0,0.73326330639484,0.18331582659871,0.0,0.0,0.0,0.0,0.0,0.0,0.0,0.9165791329935501,0.0,0.18331582659871,0.0,0.0,0.0,0.0,0.0,0.36663165319742,0.0,0.18331582659871,0.0,0.18331582659871,0.0,0.0,0.0,0.0,0.0,0.0,0.0,0.0,0.18331582659871,0.0,0.36663165319742,0.0,0.0,0.0,0.0,0.0,0.0,0.18331582659871,0.0,0.0,0.0,0.0,0.0,0.0,0.0,0.0,0.0,0.0,0.0,0.0,0.0,0.0,0.0,0.0,0.0,0.0,0.0,0.18331582659871,0.0,0.0,0.0,0.0,0.0,0.0,0.0,0.0,0.0,0.0,0.0,0.54994747979613,0.0,0.0,0.18331582659871,0.0,0.0,0.0,0.0,0.0,0.0,0.0,0.0,0.0,0.0,0.0,0.0,0.18331582659871,0.0,0.0,0.0,0.0,0.0,0.0,0.0,0.18331582659871,0.0,0.0,0.0,0.0,0.0,0.0,0.0,0.0,0.0,0.0,0.0,0.0,0.0,0.0,0.0,0.0,0.0,0.36663165319742,0.0,0.0,0.0,0.0,0.0,0.0,0.0,0.0,0.0,0.0,0.73326330639484,0.18331582659871,0.0,0.0,0.0,0.0,0.0,0.0,0.0,0.0,0.0,0.0,0.0,0.0,0.0,0.0,0.0,0.0
0.0,0.0,0.18331582659871,0.0,0.18331582659871,0.36663165319742,0.18331582659871,0.18331582659871,0.0,0.36663165319742,0.18331582659871,0.0,0.0,0.18331582659871,0.0,0.0,0.0,0.18331582659871,0.0,0.0,0.0,0.0,0.0,0.0,0.0,0.0,0.18331582659871,0.0,0.36663165319742,0.0,0.0,0.0,0.0,0.0,0.0,0.0,0.36663165319742,0.0,0.0,0.0,0.73326330639484,0.0,0.0,0.0,0.0,0.18331582659871,0.0,0.18331582659871,0.0,1.64984243938839,0.18331582659871,0.0,0.0,0.18331582659871,0.36663165319742,0.0,0.0,0.0,0.0,0.0,0.0,0.36663165319742,0.0,0.0,0.0,0.0,0.0,0.36663165319742,0.0,0.0,0.0,0.18331582659871,0.36663165319742,0.0,0.0,0.0,0.0,0.18331582659871,0.0,0.0,0.0,0.0,0.0,0.0,0.0,0.0,0.0,0.0,0.0,0.18331582659871,0.18331582659871,0.0,0.0,0.0,0.18331582659871,0.0,0.0,0.0,0.0,0.0,0.0,0.18331582659871,0.36663165319742,0.0,0.0,0.0,0.18331582659871,0.0,0.0,0.0,0.0,0.0,0.0,0.0,0.0,0.0,0.0,0.0,0.0,0.0,0.0,0.18331582659871,0.0,0.0,0.0,0.0,0.0,0.18331582659871,0.0,0.0,0.0,0.0,0.0,0.18331582659871,0.18331582659871,0.0,0.0,0.0,0.0,0.0,0.73326330639484,0.0,0.0,0.0,0.0,0.0,0.0,0.0,0.0,0.0,0.18331582659871,0.0,0.0,0.0,0.0,0.0,0.0,0.0,0.0,0.0,0.0,0.0,0.18331582659871,0.0,0.0,0.0,0.0,0.18331582659871,0.0,0.0,0.0,0.0,0.0,0.0,0.0,0.0,0.73326330639484,0.0,0.0,0.0,0.0,0.0,0.0,0.0,0.0,0.0,0.0,0.0,0.18331582659871,0.0,0.0,1.46652661278968,0.0,0.0,0.0,0.18331582659871,0.73326330639484,0.0,0.0,0.0,0.0,0.0,0.0,0.0,0.0,0.0,0.0,0.0,0.0,0.0,0.0,0.0,0.0,0.0,0.0,0.0,0.0,0.0,0.0,0.18331582659871,0.0,0.0,0.0,0.0,0.0,0.0,0.18331582659871,0.0,0.0,0.0,0.0,0.0,0.0,0.18331582659871,0.0,0.0,0.0,0.0,0.0,0.0,0.0,0.0,0.0,0.0,0.0,0.0,0.0,0.0,0.0,0.0,0.0,0.0,0.0,0.0,0.0,0.0,0.0,0.0,0.0,0.0,0.0,0.0,0.18331582659871,0.0,0.0,0.0,0.0,0.0,0.0,0.0,0.0,0.0,0.0,0.0,0.0,0.0,0.0,0.0,0.0,0.0,0.0,0.0,0.0,0.0,0.0,0.0,0.0,0.0,0.0,0.0,0.0,0.0,0.0,0.0,0.0,0.0,0.0,0.0,0.0,0.0,0.0,0.0,0.0,0.0,0.0,0.0,0.0,0.0,0.0,0.0,0.0,0.0,0.0,0.18331582659871,0.0,0.0,0.0,0.0,0.0,0.0,0.0,0.0,0.0,0.0,0.0,0.0,0.0,0.0,0.0,0.0,0.0,0.0,0.0,0.18331582659871,0.0,0.0,0.0,0.0,0.0,0.0,0.0,0.0,0.0,0.0,0.0
0.0,0.0,0.0,0.0,0.0,0.36663165319742,0.91657913299355,0.0,0.0,0.0,0.0,0.0,0.0,0.91657913299355,0.0,0.0,0.0,0.0,0.0,0.0,0.18331582659871,0.0,0.54994747979613,0.18331582659871,0.18331582659871,0.0,0.0,0.0,0.0,0.0,0.0,0.0,0.0,0.0,0.0,0.0,0.0,0.0,0.0,0.0,0.0,0.0,0.0,0.0,0.0,0.0,0.36663165319742,0.0,0.0,0.0,0.0,0.0,0.0,0.0,0.0,0.0,0.0,0.0,0.0,0.0,0.0,0.0,0.0,0.0,0.0,0.36663165319742,0.0,0.0,0.0,0.0,0.0,0.0,0.0,0.0,0.0,0.0,0.0,0.0,0.0,0.0,0.0,0.0,0.0,0.0,0.0,0.0,0.0,0.0,0.0,0.0,0.0,0.0,0.0,0.0,0.18331582659871,0.0,0.18331582659871,0.0,0.0,0.0,0.0,0.0,0.0,0.0,0.0,0.0,0.0,0.0,0.0,0.0,0.0,0.0,0.0,0.0,0.0,0.73326330639484,0.0,0.0,0.0,0.54994747979613,0.0,0.0,0.0,0.18331582659871,0.0,0.0,0.0,0.18331582659871,0.0,0.9165791329935501,0.0,0.0,0.0,0.36663165319742,0.0,0.0,0.0,0.0,0.0,0.18331582659871,0.0,0.0,0.0,0.18331582659871,0.18331582659871,0.0,0.0,0.0,1.28321078619097,0.0,0.0,0.0,0.0,0.0,0.0,0.0,0.0,0.0,0.0,0.0,0.18331582659871,0.0,0.0,0.0,0.0,0.36663165319742,0.0,0.18331582659871,0.0,0.0,0.0,0.18331582659871,0.18331582659871,0.0,0.0,0.0,0.0,0.0,0.0,0.0,0.0,0.0,0.0,0.0,0.0,0.0,0.0,0.0,0.0,0.0,0.0,0.18331582659871,1.8331582659871013,0.0,0.0,0.0,0.0,0.18331582659871,0.0,0.0,0.0,0.0,0.0,0.18331582659871,0.0,0.0,0.0,0.0,0.0,0.0,0.0,0.0,0.0,0.0,0.0,0.0,0.0,0.0,0.0,0.0,0.0,0.0,0.18331582659871,0.0,0.0,0.18331582659871,0.0,0.0,0.0,0.18331582659871,0.0,0.0,0.0,0.0,0.0,0.0,0.0,0.0,0.0,0.0,0.0,0.0,0.18331582659871,0.0,0.0,0.0,0.0,0.0,0.0,0.0,0.0,0.0,0.0,0.0,0.0,0.0,0.0,0.0,0.0,0.0,0.0,0.0,0.0,0.0,0.0,0.18331582659871,0.0,0.0,0.0,0.0,0.0,0.0,0.0,0.0,0.0,0.0,0.0,0.0,0.0,0.0,0.0,0.0,0.0,0.0,0.0,0.0,0.0,0.0,0.0,0.0,0.0,0.0,0.0,0.0,0.0,0.0,0.0,0.0,0.0,0.0,0.0,0.0,0.0,0.0,0.0,0.0,0.0,0.0,0.0,0.0,0.0,0.0,0.0,0.0,0.0,0.0,0.0,0.0,0.0,0.0,0.0,0.0,0.0,0.0,0.0,0.0,0.0,0.0,0.0,0.0,0.0,0.0,0.0,0.0,0.0,0.0,0.0,0.0,0.0,0.0,0.0,0.18331582659871,0.0,0.0,0.0
0.0,0.18331582659871,0.0,0.0,0.0,0.0,0.0,0.0,0.0,0.36663165319742,0.0,0.0,0.0,0.0,0.0,0.0,0.0,0.0,0.0,0.0,0.0,0.0,0.0,0.0,0.0,0.0,0.0,0.18331582659871,0.0,0.0,0.0,0.0,0.0,0.0,0.0,0.0,0.0,0.0,0.0,0.0,0.0,0.18331582659871,0.0,0.0,0.0,0.0,0.0,0.0,0.0,0.0,0.0,0.0,0.0,0.0,0.0,0.0,0.0,0.0,0.0,0.0,0.0,0.0,0.0,0.0,0.0,0.18331582659871,0.0,0.18331582659871,0.0,0.0,0.0,0.0,0.0,0.0,0.0,0.0,0.0,0.0,0.0,0.0,0.0,0.0,0.0,0.0,0.0,0.0,0.0,0.0,0.0,0.54994747979613,0.0,0.0,0.0,0.0,0.18331582659871,0.0,0.0,0.36663165319742,0.0,0.73326330639484,0.0,0.0,0.0,0.36663165319742,0.0,0.0,0.0,0.0,0.0,0.0,0.0,0.0,0.0,0.73326330639484,0.0,0.0,0.0,0.0,0.0,0.0,0.0,0.0,0.0,0.0,0.0,0.0,0.0,0.0,0.0,0.0,0.0,0.0,0.0,0.0,0.0,0.91657913299355,0.0,0.0,0.0,0.18331582659871,0.0,0.0,0.0,0.0,0.0,0.18331582659871,0.0,0.0,0.18331582659871,0.0,0.0,0.18331582659871,0.0,0.0,0.0,0.0,0.0,0.0,0.0,0.0,0.0,0.0,0.0,0.0,0.0,0.0,0.0,0.0,0.0,0.0,0.0,0.0,0.0,0.0,0.0,0.0,0.0,0.0,0.0,0.0,0.18331582659871,0.0,0.0,0.0,0.0,0.0,0.0,0.0,0.0,0.0,0.0,0.0,0.0,0.18331582659871,0.0,0.0,0.0,0.0,0.0,0.0,0.0,0.0,0.0,0.0,0.0,0.0,0.0,0.0,0.54994747979613,0.0,0.0,0.0,0.0,0.0,0.0,0.0,0.0,0.0,0.0,0.0,0.0,0.0,0.18331582659871,0.0,0.0,0.0,0.0,0.0,0.0,0.0,0.0,0.0,0.0,0.0,0.0,0.0,0.0,0.0,0.0,0.0,0.0,0.0,0.18331582659871,0.0,0.0,0.0,0.0,0.0,0.0,0.0,0.0,0.0,0.0,0.0,0.0,0.0,0.0,0.0,0.0,0.0,0.0,0.0,0.0,0.0,0.0,0.0,0.0,0.0,0.0,0.36663165319742,0.0,0.0,0.0,0.0,0.0,0.0,0.0,0.0,0.0,0.18331582659871,0.0,0.0,0.0,0.0,0.0,0.0,0.0,0.0,0.0,0.0,0.0,0.0,0.0,0.0,0.18331582659871,0.0,0.0,0.0,0.0,0.0,0.0,0.0,0.18331582659871,0.0,0.0,0.0,0.0,0.0,0.0,0.0,0.0,0.0,0.0,0.0,0.0,0.0,0.0,0.0,0.0,0.0,0.0,0.0,0.0,0.0,0.0,0.0,0.0,0.0,0.0,0.0,0.0,0.0,0.0,0.0,0.0,0.18331582659871,0.0,0.0,0.0,0.0,0.0,0.0,0.0,0.36663165319742,0.0
0.0,0.0,0.0,0.0,0.0,0.18331582659871,0.36663165319742,0.0,0.9165791329935501,0.18331582659871,0.0,0.0,0.18331582659871,0.0,0.0,0.0,0.0,0.18331582659871,0.0,0.0,3.48300070537549,0.0,0.0,0.0,0.0,0.18331582659871,0.0,0.0,0.0,0.0,0.0,0.18331582659871,3.6663165319742,0.0,0.0,0.0,0.0,0.0,2.0164740925858102,0.36663165319742,0.0,0.0,0.0,0.0,0.0,0.0,0.18331582659871,0.18331582659871,0.54994747979613,0.0,0.0,0.0,0.54994747979613,0.18331582659871,0.0,0.0,0.0,0.36663165319742,0.18331582659871,0.36663165319742,0.36663165319742,0.0,0.0,0.0,0.0,0.0,0.0,0.18331582659871,0.0,0.0,0.0,0.0,0.0,0.0,0.18331582659871,0.54994747979613,0.18331582659871,0.0,0.0,0.54994747979613,1.6498424393883913,0.0,0.0,0.0,0.18331582659871,0.0,0.0,0.0,0.0,0.0,0.0,0.0,0.0,0.0,0.0,0.0,0.0,0.0,0.0,0.0,0.0,0.0,0.0,0.0,0.0,0.0,0.0,0.0,0.0,0.0,0.0,0.36663165319742,0.0,0.0,0.0,0.0,0.18331582659871,0.0,0.0,0.0,0.18331582659871,0.0,0.0,0.18331582659871,0.0,0.0,0.0,0.0,0.0,0.0,0.18331582659871,0.0,0.36663165319742,0.36663165319742,0.18331582659871,0.0,0.0,0.0,0.0,0.0,0.0,0.0,0.0,0.0,0.18331582659871,0.0,0.0,0.0,0.0,0.0,0.0,0.0,0.0,0.0,0.18331582659871,0.0,0.0,0.0,0.0,0.0,0.0,0.0,0.0,0.36663165319742,0.0,0.0,0.0,0.0,0.0,0.18331582659871,0.0,0.0,0.0,0.0,0.0,0.0,0.0,4.949527318165175,1.09989495959226,0.9165791329935501,0.0,0.0,0.0,0.18331582659871,0.0,0.0,0.0,0.0,0.0,0.0,0.0,0.0,0.0,0.0,1.8331582659871013,0.0,0.0,0.0,0.0,0.18331582659871,0.0,0.0,0.0,0.0,0.0,0.0,0.0,0.0,0.0,0.0,0.0,0.0,0.0,0.0,0.0,0.36663165319742,0.0,0.0,0.18331582659871,0.18331582659871,0.0,0.54994747979613,0.73326330639484,0.0,0.0,0.0,0.0,0.0,0.36663165319742,0.36663165319742,0.0,0.0,0.0,0.0,0.0,0.0,0.0,0.18331582659871,0.0,0.73326330639484,0.0,0.0,0.0,0.9165791329935501,0.0,0.0,0.36663165319742,0.0,0.0,0.0,0.18331582659871,0.0,0.0,0.0,0.0,0.0,0.0,0.0,0.0,0.0,0.18331582659871,0.0,0.0,0.18331582659871,0.0,0.0,0.0,0.0,0.0,0.0,0.0,0.0,0.0,0.18331582659871,0.0,0.0,0.0,0.0,0.0,0.0,0.0,0.0,0.0,0.18331582659871,0.0,0.0,0.0,0.36663165319742,0.0,0.18331582659871,0.36663165319742,0.0,0.0,0.18331582659871,0.0,0.0,0.0,0.0,0.0,0.0,0.0,0.0,0.0,0.0,0.0,0.0,0.0,0.0,0.0,0.0,0.0,0.0,0.0,0.0,0.0,0.0,0.18331582659871,0.0,0.0,0.0,0.0,0.0,0.0,0.18331582659871,0.0,0.0,0.18331582659871,0.18331582659871,0.0,0.36663165319742,0.0,0.18331582659871,0.0,0.0,0.0,0.0,0.0,0.0,0.0,0.0,0.0,0.0,0.0,0.0,0.0
0.0,0.36663165319742,0.73326330639484,0.18331582659871,0.0,0.36663165319742,1.6498424393883901,0.0,0.0,0.18331582659871,2.1997899191845214,1.28321078619097,0.0,0.36663165319742,0.36663165319742,0.0,0.0,0.0,0.18331582659871,0.0,0.36663165319742,0.18331582659871,0.54994747979613,0.18331582659871,0.0,0.0,0.0,0.0,0.18331582659871,0.18331582659871,0.18331582659871,0.0,0.0,0.0,0.0,0.0,0.0,0.0,0.0,0.0,0.9165791329935501,0.0,3.116369052178071,0.0,0.36663165319742,0.0,0.18331582659871,1.09989495959226,0.36663165319742,1.28321078619097,0.18331582659871,0.0,0.18331582659871,0.18331582659871,0.18331582659871,0.0,0.0,0.0,0.0,0.0,0.54994747979613,0.73326330639484,0.0,0.0,0.0,0.0,0.0,2.56642157238194,0.0,0.18331582659871,0.0,2.56642157238194,1.28321078619097,0.18331582659871,0.0,0.0,0.0,0.73326330639484,0.0,0.18331582659871,0.18331582659871,0.0,0.0,0.0,0.0,0.0,0.0,0.0,1.46652661278968,0.0,0.0,0.0,0.0,0.36663165319742,0.36663165319742,0.0,0.0,0.18331582659871,0.0,0.0,0.18331582659871,0.0,0.0,0.0,0.0,0.0,0.0,0.0,0.0,0.0,0.0,0.0,0.0,0.0,0.0,0.0,3.8496323585729098,0.0,0.0,0.18331582659871,0.0,1.09989495959226,0.0,0.0,0.18331582659871,0.0,0.0,0.36663165319742,0.0,0.0,0.18331582659871,0.0,0.0,0.18331582659871,0.0,0.18331582659871,0.0,0.0,0.0,0.18331582659871,0.73326330639484,0.36663165319742,0.0,0.0,0.0,0.18331582659871,0.36663165319742,0.0,0.0,0.0,0.0,0.18331582659871,0.36663165319742,0.0,0.0,0.0,0.0,4.7662114915664695,0.0,0.0,0.0,0.0,0.73326330639484,0.0,0.0,0.0,0.0,0.0,0.36663165319742,0.0,0.0,0.18331582659871,0.0,0.0,0.0,0.0,0.0,0.9165791329935501,0.0,0.0,0.0,0.18331582659871,0.0,0.0,0.0,0.0,0.0,0.0,0.18331582659871,0.0,0.18331582659871,0.36663165319742,0.0,0.0,0.0,4.032948185171622,1.46652661278968,0.18331582659871,0.0,0.18331582659871,0.0,0.0,0.0,0.0,0.0,0.0,0.0,0.0,0.18331582659871,0.0,0.0,0.0,0.0,0.0,0.0,0.0,0.0,0.0,0.0,0.0,0.0,0.0,0.18331582659871,0.91657913299355,0.18331582659871,0.0,1.28321078619097,0.0,0.0,0.0,0.0,0.0,0.0,0.0,0.36663165319742,0.0,0.0,0.0,0.0,0.0,0.0,0.0,0.18331582659871,0.0,0.0,0.0,0.18331582659871,0.0,0.0,0.0,1.28321078619097,0.0,0.0,0.0,0.0,0.0,0.0,0.0,0.0,0.0,0.36663165319742,0.0,0.18331582659871,0.18331582659871,0.0,0.0,0.0,0.0,0.0,0.0,0.0,0.0,0.18331582659871,0.0,0.0,1.09989495959226,0.0,0.18331582659871,0.0,0.0,0.0,0.0,0.0,0.0,0.0,0.0,0.0,0.0,0.0,0.0,0.0,0.18331582659871,0.0,0.0,0.0,0.18331582659871,0.0,0.0,0.0,0.0,0.0,0.0,0.0,0.0,0.0,0.18331582659871,0.0,0.0,0.0,0.0,0.0,0.0,0.0,0.0,0.0,0.0,0.0,0.0,0.0,0.0,0.18331582659871,0.0,0.0,0.0,0.0,0.0,0.0,0.18331582659871,0.0,0.0,0.0,0.0,0.0,0.0,0.18331582659871,0.0,0.0,0.0,0.0,0.0,0.0,0.0,0.0,0.0,0.0
2.749737398980651,0.73326330639484,0.36663165319742,0.36663165319742,0.0,1.09989495959226,1.09989495959226,0.36663165319742,0.18331582659871,1.6498424393883901,1.8331582659871002,1.8331582659871002,0.0,1.6498424393883901,1.6498424393883901,0.0,0.0,0.36663165319742,0.0,0.36663165319742,0.36663165319742,0.18331582659871,0.54994747979613,0.54994747979613,0.18331582659871,0.0,0.0,0.0,0.0,0.18331582659871,0.18331582659871,0.36663165319742,0.0,0.0,0.0,0.0,0.0,0.18331582659871,0.0,0.0,2.19978991918452,0.0,0.9165791329935501,0.18331582659871,0.54994747979613,0.18331582659871,0.73326330639484,0.73326330639484,0.0,0.9165791329935501,0.18331582659871,0.0,0.73326330639484,2.933053225579365,0.36663165319742,0.36663165319742,0.0,0.18331582659871,0.0,0.0,2.199789919184521,1.46652661278968,0.0,0.0,0.0,0.18331582659871,0.0,2.74973739898065,0.0,10.265686289527764,0.0,2.566421572381941,0.54994747979613,0.18331582659871,0.0,0.0,0.0,2.7497373989806504,0.0,0.0,0.54994747979613,0.0,0.0,0.0,0.0,0.0,0.91657913299355,0.18331582659871,1.09989495959226,0.0,0.0,0.0,0.0,0.18331582659871,0.0,0.0,0.0,0.0,0.0,0.0,0.0,0.54994747979613,0.18331582659871,0.0,0.0,0.0,0.0,0.0,0.18331582659871,0.0,0.0,0.0,0.0,0.0,0.54994747979613,0.0,1.09989495959226,0.0,0.0,0.0,0.0,0.91657913299355,0.0,0.54994747979613,0.0,0.0,0.0,0.18331582659871,0.0,0.0,0.36663165319742,0.0,0.18331582659871,0.18331582659871,0.73326330639484,0.18331582659871,0.18331582659871,0.0,0.0,0.0,1.6498424393883901,0.18331582659871,0.18331582659871,0.0,0.0,0.0,0.73326330639484,0.0,0.0,0.0,0.0,0.0,0.36663165319742,0.18331582659871,0.0,0.0,0.36663165319742,0.0,0.0,0.0,0.0,0.0,0.18331582659871,0.0,0.0,0.0,0.9165791329935501,0.0,0.18331582659871,0.36663165319742,0.0,0.36663165319742,0.0,0.0,0.18331582659871,0.0,0.0,1.28321078619097,0.0,0.0,0.0,0.0,0.0,0.0,0.18331582659871,0.54994747979613,0.0,0.0,0.0,0.0,0.0,0.36663165319742,0.0,0.0,0.18331582659871,3.2996848787767803,3.849632358572913,0.0,0.18331582659871,0.0,0.0,0.0,0.0,0.18331582659871,0.0,0.0,0.0,0.0,0.18331582659871,0.0,0.0,0.0,0.0,0.0,0.0,0.0,0.0,4.03294818517162,0.0,0.0,0.18331582659871,0.0,0.0,0.18331582659871,0.0,0.0,1.09989495959226,0.0,0.0,0.0,0.0,0.0,0.0,0.0,0.18331582659871,0.54994747979613,0.0,0.0,0.0,0.18331582659871,0.0,0.0,0.0,0.0,0.0,0.0,0.0,0.91657913299355,0.0,0.0,0.18331582659871,0.0,0.18331582659871,0.18331582659871,0.0,0.0,0.0,0.0,0.0,0.18331582659871,2.3831057457832303,0.0,0.0,0.18331582659871,0.0,0.0,0.0,0.0,0.0,0.0,0.0,0.0,0.0,0.0,0.73326330639484,0.0,0.0,0.0,0.0,0.0,0.0,0.0,0.0,0.0,0.0,0.0,0.0,0.0,0.0,0.0,0.18331582659871,0.0,0.0,0.0,0.0,0.0,0.18331582659871,0.0,0.0,0.0,0.18331582659871,0.0,0.0,0.0,0.0,0.0,0.0,0.0,0.0,0.0,0.18331582659871,0.0,0.0,0.0,0.0,0.0,0.0,0.0,0.0,0.0,0.0,1.4665266127896799,0.0,0.0,0.0,0.0,0.0,0.0,0.0,0.0,0.0,0.0,0.0,0.0,0.0,0.0,0.0,0.36663165319742,0.0,0.0,0.0,0.0,0.0,0.0,0.0
0.0,0.36663165319742,0.0,1.8331582659871002,2.3831057457832303,0.36663165319742,0.18331582659871,0.0,0.36663165319742,0.91657913299355,0.18331582659871,0.0,1.8331582659871002,1.46652661278968,0.0,0.18331582659871,0.0,8.61584385013938,0.0,0.0,0.36663165319742,0.0,0.73326330639484,0.0,0.18331582659871,0.0,0.0,0.0,0.36663165319742,4.032948185171625,0.36663165319742,0.0,0.18331582659871,0.0,0.0,0.0,0.54994747979613,0.0,0.0,0.0,0.18331582659871,0.9165791329935501,0.0,1.09989495959226,0.0,0.0,0.18331582659871,0.18331582659871,0.0,0.73326330639484,0.0,0.0,1.09989495959226,0.18331582659871,0.9165791329935501,1.09989495959226,0.0,0.0,0.0,0.18331582659871,0.36663165319742,0.54994747979613,0.0,0.54994747979613,0.0,0.18331582659871,0.0,0.18331582659871,0.0,0.0,0.0,0.36663165319742,0.0,0.0,0.0,0.0,0.0,7.515948890547117,0.0,0.0,0.18331582659871,0.36663165319742,0.0,0.0,0.0,0.36663165319742,0.0,0.36663165319742,2.1997899191845196,0.0,0.0,0.0,0.0,0.0,0.0,0.0,0.0,0.0,0.0,0.0,0.0,0.0,0.36663165319742,0.0,0.0,0.0,0.0,0.0,0.0,0.0,0.0,0.0,0.0,0.0,1.46652661278968,0.0,0.73326330639484,0.0,0.0,0.91657913299355,0.0,0.36663165319742,0.0,0.0,0.36663165319742,0.0,0.0,0.0,4.766211491566462,0.0,0.0,0.18331582659871,0.0,0.0,0.0,0.0,0.0,0.0,0.18331582659871,0.0,0.0,0.0,0.0,0.0,0.0,0.0,0.18331582659871,0.0,0.0,0.0,1.46652661278968,0.0,0.0,0.18331582659871,0.18331582659871,0.18331582659871,0.0,0.0,0.0,0.0,0.0,0.0,0.0,0.0,0.0,0.0,0.0,0.0,0.0,0.0,0.18331582659871,0.18331582659871,0.18331582659871,0.0,0.0,0.0,0.18331582659871,0.0,0.0,0.0,0.0,0.0,0.36663165319742,0.0,0.36663165319742,0.0,1.6498424393883901,0.36663165319742,0.0,1.09989495959226,0.36663165319742,0.0,0.18331582659871,0.0,0.18331582659871,0.0,0.18331582659871,4.766211491566463,0.0,1.46652661278968,0.0,0.0,0.0,0.18331582659871,0.18331582659871,0.0,0.0,0.0,0.0,0.0,0.0,0.0,0.0,0.0,0.91657913299355,0.0,0.0,0.54994747979613,0.0,0.0,0.91657913299355,0.0,5.13284314476389,0.9165791329935501,0.73326330639484,0.0,0.18331582659871,0.0,0.0,0.0,0.18331582659871,0.0,0.0,0.73326330639484,0.0,0.18331582659871,0.0,0.36663165319742,0.0,0.0,0.0,0.0,0.0,0.0,0.0,0.0,0.18331582659871,0.0,0.18331582659871,0.0,0.0,0.36663165319742,0.0,0.0,0.0,0.0,0.0,0.0,0.0,0.0,0.0,0.0,0.54994747979613,0.0,0.0,0.0,0.0,0.0,0.0,0.0,0.0,0.0,0.0,0.0,1.09989495959226,0.0,0.0,0.0,0.0,0.0,0.0,0.0,0.0,0.0,0.0,0.0,0.0,0.0,0.0,0.0,0.18331582659871,0.0,0.0,0.0,0.0,0.0,0.0,0.0,0.0,0.0,0.0,0.0,0.0,0.0,0.0,0.0,0.0,0.0,0.0,0.0,0.0,0.0,0.0,0.0,0.0,0.0,0.73326330639484,0.0,0.0,0.0,0.0,0.18331582659871,0.0,0.0,0.18331582659871,0.18331582659871,0.0,1.4665266127896812,2.749737398980651,0.0,0.18331582659871,0.0,0.0,0.0,0.0,0.18331582659871,0.0,0.0,0.0,0.0,0.0,0.0,0.0,0.0,0.0
0.0,0.0,0.0,0.0,0.0,10.815633769323908,0.0,0.36663165319742,0.0,0.0,0.0,0.0,0.0,0.18331582659871,0.0,0.0,0.18331582659871,0.0,0.0,0.0,1.09989495959226,4.032948185171621,0.0,0.0,0.0,0.0,0.0,0.0,0.0,0.0,0.0,0.0,0.0,0.0,0.0,0.0,0.0,0.0,0.0,0.0,0.0,0.0,0.0,0.0,0.0,0.36663165319742,0.0,0.0,0.0,0.0,0.0,0.0,0.0,0.0,1.28321078619097,0.0,0.0,0.0,0.0,0.0,0.0,0.18331582659871,0.0,0.0,0.18331582659871,0.18331582659871,0.0,0.0,0.0,0.0,0.18331582659871,0.0,0.0,0.0,0.0,0.0,0.0,0.0,0.0,0.0,0.0,0.0,0.0,0.0,0.0,0.0,4.399579838369039,0.0,0.0,0.0,0.0,0.0,0.0,0.0,0.0,5.132843144763885,0.0,0.0,0.0,0.36663165319742,0.0,0.0,0.0,0.0,0.18331582659871,1.09989495959226,0.0,0.0,0.0,0.0,0.0,0.0,2.7497373989806504,0.0,0.0,0.0,0.0,0.18331582659871,0.18331582659871,0.0,0.0,0.0,0.0,0.0,0.0,0.18331582659871,0.0,0.0,0.0,0.0,0.0,0.0,0.0,0.18331582659871,0.0,0.73326330639484,0.0,0.0,1.46652661278968,1.46652661278968,0.0,0.0,0.0,0.0,0.0,0.0,0.18331582659871,0.0,0.0,0.18331582659871,0.0,0.0,0.0,0.0,0.0,0.0,0.0,0.0,0.0,0.18331582659871,0.0,0.36663165319742,0.0,0.0,0.0,0.0,0.0,0.0,0.0,0.0,0.0,0.0,0.0,0.0,0.0,0.0,0.0,0.36663165319742,0.0,0.0,0.0,0.0,0.0,0.0,0.0,0.0,0.0,0.0,0.0,0.0,0.0,0.0,0.0,0.18331582659871,0.0,0.0,0.0,0.0,5.866106451158727,0.0,0.0,0.0,0.0,0.0,0.0,0.0,0.0,0.0,0.0,0.0,0.0,0.0,0.0,0.0,0.0,0.0,0.0,0.0,0.0,0.0,0.0,0.0,0.0,0.0,0.0,0.0,0.0,0.0,0.0,0.0,0.0,0.0,0.0,0.0,3.1163690521780754,0.0,0.0,0.0,0.0,0.0,0.0,0.0,0.0,0.0,0.0,0.0,0.0,0.0,0.0,0.0,0.0,0.0,0.0,0.0,0.0,0.0,4.0329481851716205,0.0,0.18331582659871,0.0,0.0,4.76621149156646,0.0,0.0,0.0,0.0,0.0,0.0,0.0,0.0,0.0,0.0,0.0,0.0,0.0,0.0,0.0,0.0,0.0,0.0,0.0,0.0,0.18331582659871,0.0,0.0,0.0,0.0,0.0,0.0,0.0,0.0,0.0,0.0,0.0,0.0,0.0,0.0,0.0,0.91657913299355,0.0,0.0,0.0,0.18331582659871,0.0,0.18331582659871,0.0,0.0,0.0,0.0,0.0,0.0,0.0,0.18331582659871,0.0,0.0,0.0,0.0,0.0,0.18331582659871,0.0,0.0,0.0,0.54994747979613,0.0,0.0,0.0,0.0,0.0,0.0,0.0,0.0,0.0,0.0,0.0,2.01647409258581,0.0,0.0,0.0,0.0,0.0,0.0,0.0,0.0,0.0,0.18331582659871
0.0,0.0,0.0,0.18331582659871,0.0,1.09989495959226,0.18331582659871,0.0,0.54994747979613,0.0,0.0,0.0,0.18331582659871,0.18331582659871,0.0,0.36663165319742,0.0,0.36663165319742,0.0,0.0,0.36663165319742,0.0,0.18331582659871,0.0,0.0,0.73326330639484,0.0,0.0,0.0,1.28321078619097,0.73326330639484,0.0,1.8331582659871002,0.0,0.18331582659871,0.0,0.18331582659871,0.0,0.0,0.18331582659871,0.0,0.18331582659871,0.18331582659871,1.09989495959226,0.18331582659871,0.18331582659871,0.18331582659871,0.18331582659871,2.3831057457832303,0.18331582659871,0.0,0.0,3.48300070537549,3.483000705375496,0.0,0.54994747979613,0.0,0.0,0.0,0.0,0.0,0.18331582659871,0.0,0.36663165319742,0.0,0.18331582659871,0.0,0.18331582659871,0.18331582659871,0.18331582659871,0.0,0.54994747979613,0.0,0.0,0.0,0.0,0.36663165319742,1.46652661278968,0.0,0.0,1.28321078619097,0.0,0.0,0.0,0.0,0.36663165319742,0.0,0.0,0.36663165319742,1.46652661278968,0.0,0.0,0.0,0.0,0.0,0.0,0.0,0.0,0.0,0.0,0.0,0.18331582659871,0.0,0.0,0.0,0.0,0.18331582659871,0.18331582659871,0.0,0.0,0.18331582659871,0.0,0.0,0.0,0.0,0.0,0.36663165319742,0.0,0.0,0.0,0.0,0.0,0.0,0.0,0.18331582659871,0.0,0.0,0.0,0.36663165319742,0.0,0.0,0.0,0.0,0.18331582659871,0.0,0.0,0.18331582659871,0.0,0.0,0.0,0.0,0.18331582659871,0.0,0.0,0.0,0.0,0.0,0.0,0.0,0.0,0.0,0.0,0.0,0.36663165319742,0.0,0.54994747979613,0.0,0.0,0.0,0.0,0.0,0.0,0.36663165319742,0.0,0.73326330639484,0.18331582659871,0.0,1.09989495959226,0.0,0.0,0.18331582659871,0.0,0.0,0.0,0.0,0.0,0.0,0.0,0.54994747979613,0.0,0.0,0.0,0.0,0.0,0.18331582659871,0.0,0.0,0.18331582659871,0.0,0.0,0.18331582659871,0.0,0.0,0.0,0.73326330639484,0.0,0.18331582659871,0.54994747979613,0.0,6.416053930954848,0.0,0.0,0.0,0.73326330639484,0.18331582659871,0.0,0.0,0.0,0.0,0.18331582659871,0.0,0.0,1.09989495959226,0.0,0.0,0.73326330639484,0.0,0.0,0.0,0.0,0.18331582659871,0.0,1.09989495959226,0.0,0.54994747979613,0.0,0.18331582659871,0.0,0.0,0.0,0.0,0.0,0.0,0.18331582659871,0.0,0.0,0.0,1.09989495959226,0.0,0.0,0.0,0.0,0.0,0.18331582659871,0.18331582659871,0.0,0.36663165319742,0.18331582659871,2.016474092585811,0.18331582659871,0.36663165319742,0.0,0.0,0.0,0.0,0.0,0.0,0.0,0.0,0.0,0.0,0.0,1.09989495959226,0.0,0.0,0.18331582659871,0.0,0.0,0.18331582659871,0.0,0.18331582659871,0.0,0.36663165319742,0.0,0.36663165319742,0.0,0.0,0.0,0.0,0.0,0.18331582659871,0.36663165319742,0.0,0.0,0.0,0.0,0.0,0.0,0.0,16.865056047081342,0.18331582659871,0.18331582659871,0.0,0.0,0.0,0.0,0.0,0.0,0.0,0.0,0.54994747979613,0.18331582659871,0.0,0.0,0.0,0.0,0.0,0.0,0.0,0.0,0.0,0.0,0.0,0.0,0.0,0.0,0.18331582659871,0.0,0.0,0.0,0.0,0.0,0.0,0.0,0.18331582659871,0.0,0.0,0.18331582659871,0.54994747979613,0.18331582659871,0.18331582659871,0.18331582659871,0.0,0.0,0.0,0.0,0.0,0.0,0.0,0.0,0.0,0.0,0.0,0.0,0.0
0.0,0.0,0.0,0.0,0.0,0.18331582659871,0.0,0.0,0.0,0.18331582659871,0.0,0.0,0.0,0.36663165319742,0.0,0.0,0.0,0.0,0.0,0.0,0.0,0.0,0.0,0.0,0.0,0.0,0.0,0.0,0.0,0.0,0.0,0.0,0.18331582659871,0.0,0.0,0.0,0.0,0.0,0.18331582659871,0.18331582659871,0.0,0.0,0.0,0.0,0.0,0.0,0.0,0.0,0.0,0.0,0.0,0.0,0.0,0.0,0.0,1.09989495959226,0.0,0.0,0.36663165319742,0.0,0.9165791329935501,0.0,0.0,0.0,0.0,0.0,0.0,0.0,0.0,0.0,0.0,0.0,0.0,0.0,0.0,0.0,0.0,0.0,0.0,0.0,2.0164740925858102,0.0,0.18331582659871,0.0,0.54994747979613,0.0,0.0,0.0,0.18331582659871,0.0,0.0,0.0,0.0,0.36663165319742,0.0,0.0,0.0,0.0,0.0,0.0,0.0,0.0,0.0,0.0,0.0,0.0,0.0,0.0,0.0,0.0,0.0,0.0,0.0,0.0,0.0,0.0,0.0,0.0,0.0,0.0,0.0,1.28321078619097,0.0,0.18331582659871,0.0,0.0,0.0,0.0,0.0,0.0,0.18331582659871,0.0,1.46652661278968,0.0,0.0,0.0,0.0,0.0,0.0,0.0,0.0,0.0,0.0,0.0,0.0,0.0,0.0,0.0,0.0,0.0,0.0,0.0,0.0,0.0,0.0,0.0,0.0,0.0,4.032948185171627,0.0,0.0,0.0,0.0,0.0,0.0,0.0,0.0,0.0,0.0,0.0,0.0,0.0,0.0,0.0,0.0,0.0,0.0,0.36663165319742,0.0,0.36663165319742,0.0,0.0,0.0,0.0,0.0,0.0,0.0,0.0,0.0,0.0,0.0,0.0,0.0,0.0,0.0,0.0,0.0,0.0,0.0,0.0,6.966001410750982,0.0,0.0,0.0,0.0,0.0,0.0,0.0,0.0,0.0,0.0,0.0,0.0,0.0,0.0,0.0,0.0,0.0,0.0,0.54994747979613,0.0,0.0,1.6498424393883901,0.0,0.0,0.0,0.0,0.36663165319742,0.18331582659871,0.0,0.0,0.18331582659871,0.0,0.0,0.0,0.0,0.18331582659871,0.0,0.0,0.36663165319742,0.0,0.0,0.0,0.54994747979613,0.0,0.0,0.0,0.0,0.18331582659871,0.91657913299355,0.0,0.0,0.0,0.0,0.0,0.0,0.0,0.0,0.0,0.0,0.18331582659871,0.0,0.0,0.0,0.0,0.54994747979613,0.0,0.0,0.0,0.0,0.0,0.0,0.0,0.0,0.0,0.0,0.0,0.0,0.0,0.0,0.0,0.0,0.0,0.18331582659871,0.0,0.54994747979613,0.18331582659871,0.0,0.54994747979613,0.0,0.36663165319742,0.0,0.18331582659871,0.0,0.0,0.0,4.0329481851716205,1.8331582659871002,0.0,1.28321078619097,0.0,0.0,0.0,0.0,0.0,0.0,0.0,0.0,0.0,0.0,0.0,0.0,0.0,0.0,0.0,0.18331582659871,0.0,0.91657913299355,0.0,0.0,0.0,0.0,0.0,0.0,0.0,0.0,3.2996848787767794,0.0,0.0,0.0,0.0,0.0,0.0,0.0,0.0,0.0,0.0,0.0,0.0,0.0,0.0,0.0,0.0,0.0,0.0
0.0,0.18331582659871,0.0,0.0,0.0,0.18331582659871,0.36663165319742,0.0,0.0,0.0,0.36663165319742,0.0,0.0,0.0,0.0,0.0,0.0,0.0,0.0,0.0,0.18331582659871,0.0,0.0,0.0,0.18331582659871,0.0,0.0,0.0,0.0,0.0,0.0,0.0,0.0,0.0,0.0,0.36663165319742,0.0,0.0,0.0,0.0,0.0,0.0,0.0,1.09989495959226,0.18331582659871,0.0,0.0,0.18331582659871,0.0,0.0,0.0,0.0,0.0,0.36663165319742,0.0,0.18331582659871,0.0,0.0,0.0,0.0,0.18331582659871,0.18331582659871,0.0,0.0,0.0,0.0,0.0,0.18331582659871,0.0,0.18331582659871,0.0,0.0,0.0,0.0,0.0,0.0,0.0,0.0,0.0,0.0,0.0,0.0,0.0,0.0,0.0,0.0,0.18331582659871,0.0,0.0,0.0,0.0,0.0,0.0,0.0,0.0,0.0,0.0,0.18331582659871,0.0,0.0,0.0,0.0,0.0,0.0,0.0,0.18331582659871,0.0,0.0,0.0,0.0,0.0,0.0,0.0,0.0,0.0,0.0,0.0,0.0,0.0,0.0,0.0,0.0,0.0,0.0,0.0,0.0,0.0,0.0,0.0,0.0,0.0,0.0,0.0,0.18331582659871,0.0,0.0,0.0,0.0,0.18331582659871,0.18331582659871,0.0,0.0,0.91657913299355,0.0,0.0,0.0,0.0,0.0,0.0,0.0,0.0,0.0,0.0,0.0,0.0,0.0,1.09989495959226,0.18331582659871,0.0,0.0,0.0,0.18331582659871,0.54994747979613,0.0,0.0,0.0,0.0,0.0,0.0,0.0,0.0,0.0,0.0,0.0,0.0,0.0,0.0,0.0,0.0,0.0,0.0,0.0,0.0,0.36663165319742,0.0,0.0,0.0,0.0,0.0,0.0,0.0,0.0,0.0,0.0,0.0,0.0,0.0,0.0,0.0,0.0,0.0,0.18331582659871,0.0,0.0,0.0,0.0,0.0,0.36663165319742,0.0,0.0,0.0,0.0,0.0,0.0,0.0,0.0,0.0,0.0,0.0,0.0,0.0,0.0,0.0,0.0,0.0,0.0,0.0,0.18331582659871,0.0,0.0,0.0,0.0,0.0,0.0,0.0,0.0,0.0,0.0,0.0,0.0,0.18331582659871,0.18331582659871,0.0,0.0,0.0,0.0,0.0,0.0,0.0,0.0,0.18331582659871,0.18331582659871,0.0,0.0,0.0,0.36663165319742,0.0,0.0,0.0,0.0,0.0,0.0,0.0,0.0,0.0,0.0,0.0,0.0,0.0,0.0,0.0,0.0,0.0,0.0,0.0,0.0,0.0,0.0,0.0,0.0,0.0,0.0,0.0,0.0,0.0,0.0,0.0,0.0,0.0,0.0,0.0,0.0,0.0,0.0,0.0,0.0,0.0,0.0,0.0,0.0,0.0,0.0,0.0,0.0,0.0,0.0,0.0,0.0,0.0,0.0,0.0,0.0,0.0,0.0,0.0,0.0,0.0,0.0,0.0,0.0,0.0,0.0,0.0,0.0,0.0,0.0,0.0,0.0,0.0,0.0,0.0,0.0,0.0,0.0,0.0,0.36663165319742,0.18331582659871,0.0,0.0,0.0,0.0,0.0,0.0,0.0,0.0
0.0,0.0,0.18331582659871,0.0,0.0,0.0,0.0,0.0,0.0,0.0,0.36663165319742,1.8331582659871002,0.0,0.0,0.36663165319742,0.0,0.0,0.0,0.0,0.18331582659871,0.0,0.0,0.0,0.0,0.0,0.0,0.36663165319742,0.0,0.0,0.0,0.0,0.0,0.0,0.0,0.0,0.0,0.0,0.0,0.0,0.0,0.0,0.0,0.0,0.0,0.0,0.0,0.0,2.19978991918452,0.0,1.28321078619097,0.0,0.0,0.18331582659871,0.0,0.0,0.0,0.0,0.0,0.0,0.0,0.0,3.666316531974206,0.0,0.0,0.0,0.0,0.0,0.0,0.0,0.18331582659871,0.0,0.0,0.18331582659871,0.0,0.0,0.0,0.0,0.0,0.0,0.0,0.0,0.0,0.0,0.0,0.0,0.0,0.0,0.0,0.0,0.0,0.0,0.0,0.0,0.0,0.18331582659871,0.0,0.18331582659871,0.0,0.0,0.0,0.0,0.0,0.36663165319742,0.0,0.0,0.0,0.0,0.0,0.0,0.18331582659871,0.0,0.0,0.0,0.0,0.0,0.0,0.0,0.0,0.0,0.0,0.0,1.28321078619097,0.54994747979613,0.0,0.18331582659871,0.0,0.0,0.36663165319742,0.0,0.0,0.0,0.0,0.0,0.0,0.0,0.0,0.0,0.0,0.0,0.0,0.0,0.0,0.0,0.0,0.0,0.0,0.36663165319742,0.0,0.0,0.0,0.18331582659871,0.18331582659871,0.0,0.0,0.0,0.0,0.0,0.0,0.0,0.0,0.0,0.0,0.0,0.0,0.0,0.0,0.0,0.0,0.36663165319742,0.0,0.0,0.0,0.36663165319742,0.0,0.36663165319742,0.0,0.0,0.18331582659871,0.0,0.0,0.0,0.0,0.0,0.0,0.0,0.0,0.0,0.0,0.36663165319742,0.0,0.0,0.0,0.0,0.0,0.0,0.0,0.0,0.0,0.0,0.0,0.0,0.0,0.18331582659871,0.0,0.0,0.18331582659871,0.0,0.0,0.0,0.0,0.0,0.0,0.0,0.0,0.36663165319742,0.0,0.0,0.0,0.0,0.0,0.0,0.0,0.36663165319742,0.0,0.0,0.0,0.0,0.0,0.0,0.0,0.0,0.0,0.0,0.0,0.0,0.54994747979613,0.0,0.0,0.0,0.0,0.0,0.0,0.0,0.0,0.0,0.0,0.0,0.0,0.0,0.0,0.0,0.0,0.0,0.0,0.0,0.0,0.0,0.0,0.0,0.0,0.0,0.0,0.0,0.0,0.0,0.0,0.0,0.0,0.0,0.0,0.0,0.0,0.0,0.0,0.0,0.0,0.0,0.36663165319742,0.0,0.0,0.0,0.0,0.0,0.0,0.0,0.0,0.0,0.0,0.0,0.0,0.0,0.0,0.0,0.0,0.0,0.0,0.0,0.0,0.0,0.0,0.0,0.0,0.0,0.0,0.0,0.0,0.0,0.0,0.0,0.0,0.0,0.0,0.0,0.0,0.0,0.0,0.0,0.0,0.0,0.0,0.0,0.0,0.0,0.0,0.0,0.0,0.0,0.0,0.0,0.0,0.0,0.0,0.0,0.18331582659871,0.0,0.0,0.0,0.0,0.0,0.0,0.18331582659871,0.0,0.0,0.0,0.0
0.0,0.54994747979613,0.0,0.0,0.0,0.36663165319742,15.398529434291628,0.0,0.0,0.0,0.0,0.0,0.0,0.0,0.0,0.0,0.0,0.18331582659871,0.0,0.0,0.18331582659871,0.0,0.18331582659871,0.0,0.0,0.0,0.0,0.0,0.0,0.0,0.0,0.0,0.0,0.0,0.0,0.0,0.0,0.0,0.54994747979613,0.18331582659871,0.0,0.0,0.0,0.0,0.0,0.0,0.36663165319742,0.36663165319742,0.0,0.36663165319742,0.0,0.9165791329935501,0.36663165319742,0.0,0.0,0.18331582659871,0.0,0.0,0.18331582659871,0.0,0.36663165319742,0.0,0.0,0.0,0.0,1.466526612789685,0.0,0.18331582659871,0.0,0.0,5.316158971362595,0.18331582659871,0.0,0.0,0.0,0.0,0.0,13.748686994903249,0.0,0.73326330639484,0.18331582659871,0.0,0.0,0.0,0.0,0.0,0.0,0.0,0.0,0.0,0.0,0.0,0.0,0.0,0.0,0.0,0.0,0.0,0.0,0.0,0.0,0.0,0.0,0.0,0.0,0.0,10.08237046292906,0.91657913299355,0.0,0.0,0.0,0.9165791329935512,0.0,0.0,0.54994747979613,0.0,0.0,0.0,0.0,0.0,0.18331582659871,0.0,0.0,0.0,0.0,0.0,0.0,0.0,0.0,0.0,0.0,0.0,0.9165791329935501,0.0,0.0,0.0,0.18331582659871,1.28321078619097,0.0,0.18331582659871,0.0,0.0,4.582895664967747,0.18331582659871,3.11636905217807,0.0,0.0,0.0,0.0,0.0,0.18331582659871,0.0,0.0,0.18331582659871,0.0,0.0,0.0,0.0,0.0,0.0,0.0,0.0,0.0,6.416053930954846,0.0,0.0,0.0,0.0,0.0,0.54994747979613,0.0,0.0,0.0,0.0,0.0,0.0,0.0,2.5664215723819415,0.0,0.0,0.0,0.0,0.0,1.09989495959226,0.0,0.0,0.0,0.36663165319742,0.0,0.0,0.0,0.0,0.0,0.0,0.18331582659871,0.18331582659871,0.0,0.73326330639484,0.0,0.18331582659871,0.0,0.0,0.0,4.399579838369045,0.0,0.0,0.0,0.0,0.0,0.0,0.0,0.0,0.0,6.782685584152272,0.0,0.0,0.0,0.0,0.9165791329935501,3.483000705375491,0.0,0.0,6.966001410750973,0.0,0.0,0.0,0.0,0.0,0.0,0.0,0.0,0.18331582659871,0.0,0.0,0.18331582659871,0.0,0.0,0.0,0.36663165319742,0.0,0.18331582659871,0.0,1.28321078619097,0.18331582659871,0.0,0.0,0.54994747979613,0.0,0.0,0.91657913299355,0.0,0.18331582659871,0.0,0.0,0.0,0.0,0.0,0.0,0.0,0.0,0.18331582659871,0.0,0.0,0.18331582659871,0.0,0.18331582659871,0.0,0.0,0.0,0.0,0.0,0.0,0.0,0.0,0.0,0.0,0.0,0.0,0.18331582659871,0.0,0.0,0.0,0.18331582659871,0.0,0.0,0.0,0.0,0.73326330639484,0.0,0.18331582659871,0.0,0.0,0.0,0.0,0.0,0.0,0.0,0.0,0.0,1.09989495959226,0.0,0.0,0.0,0.18331582659871,0.0,0.0,0.0,0.18331582659871,0.36663165319742,0.0,0.0,0.0,0.18331582659871,0.0,0.0,0.0,0.0,0.0,0.0,0.0,0.0,0.0,0.0,0.0,0.0,0.0,0.0,0.0,0.0,0.0,0.0,0.0,0.0,0.0,0.0,0.0,0.0,0.0,0.0,0.0,0.0,0.18331582659871,0.18331582659871,0.0,0.0
0.0,0.18331582659871,0.0,0.0,0.73326330639484,0.36663165319742,0.36663165319742,0.0,0.0,0.0,0.0,0.0,0.36663165319742,0.54994747979613,0.36663165319742,0.9165791329935501,0.0,0.0,0.0,0.18331582659871,0.0,0.0,0.36663165319742,0.18331582659871,0.0,0.0,0.36663165319742,6.232738104356136,0.54994747979613,0.0,0.0,0.0,0.0,0.0,0.0,0.0,0.0,0.0,0.0,0.0,0.0,0.0,0.0,0.0,0.18331582659871,0.73326330639484,0.0,0.18331582659871,0.0,0.18331582659871,0.0,0.0,0.0,0.0,0.0,0.0,0.0,0.0,0.0,0.0,0.0,0.36663165319742,0.0,0.0,0.0,0.0,0.9165791329935501,0.18331582659871,0.0,0.0,0.0,0.0,0.54994747979613,0.0,0.18331582659871,0.0,0.0,0.0,0.0,0.0,0.0,0.0,0.0,0.0,0.0,0.0,0.18331582659871,0.0,0.0,2.0164740925858102,5.8661064511587275,0.18331582659871,6.049422277757431,0.0,0.54994747979613,0.18331582659871,0.0,0.18331582659871,0.18331582659871,0.0,0.18331582659871,0.36663165319742,0.18331582659871,0.0,0.0,0.0,0.0,0.0,0.0,2.3831057457832303,0.0,0.0,0.0,1.46652661278968,0.0,0.0,0.0,0.0,0.0,0.0,0.0,2.74973739898065,0.0,0.54994747979613,0.54994747979613,0.0,0.0,0.36663165319742,0.0,0.0,0.0,0.0,0.0,0.9165791329935501,0.0,0.0,0.0,0.0,0.0,0.0,0.18331582659871,0.18331582659871,0.0,0.0,0.0,0.0,0.0,0.0,0.36663165319742,0.0,0.0,0.0,0.0,0.18331582659871,0.0,0.0,0.0,0.0,0.0,0.0,0.0,0.0,0.73326330639484,0.0,0.0,0.0,4.216264011770329,0.18331582659871,0.18331582659871,0.0,0.0,0.0,0.18331582659871,0.0,0.54994747979613,0.0,0.0,0.18331582659871,0.0,0.0,0.0,0.0,0.0,0.0,0.0,0.18331582659871,0.0,0.0,0.18331582659871,0.0,0.0,0.0,0.0,0.0,0.0,0.0,0.0,0.0,0.0,0.36663165319742,0.0,0.0,0.18331582659871,0.0,9.1657913299355,0.0,0.0,0.0,0.18331582659871,0.36663165319742,0.0,0.0,0.73326330639484,0.0,0.0,0.0,0.0,0.0,0.0,0.0,0.0,0.0,0.0,0.18331582659871,0.18331582659871,0.0,0.18331582659871,0.0,0.0,0.0,0.0,0.0,0.0,0.0,0.0,0.18331582659871,0.0,0.0,0.0,0.0,0.0,0.0,0.0,0.0,0.0,0.0,0.0,2.7497373989806553,0.36663165319742,0.0,0.0,0.0,0.0,0.18331582659871,0.0,0.18331582659871,0.0,0.0,0.0,0.0,0.0,0.0,0.0,0.0,0.0,0.0,0.0,0.0,0.0,0.0,0.0,0.0,0.9165791329935501,0.0,0.0,2.199789919184525,0.0,0.0,0.0,0.0,0.0,0.0,0.0,0.0,0.0,0.0,0.0,0.0,0.0,0.0,0.0,0.0,0.0,0.0,0.0,0.0,0.0,0.0,0.0,0.0,0.0,0.0,0.0,0.0,0.0,0.0,0.0,0.0,0.0,0.0,0.0,0.0,0.0,0.18331582659871,0.0,0.0,0.0,0.0,0.0,0.0,0.0,0.0,0.0,0.0,0.0,0.0,0.0,0.0,0.0,0.0,0.73326330639484,0.0,0.0,0.0,0.0,0.0,0.0,0.0,0.0,0.0,0.0,0.0,0.0,0.0,0.0
0.0,0.0,0.0,0.0,0.0,0.0,0.0,0.0,0.0,0.0,0.36663165319742,0.18331582659871,0.0,0.0,0.18331582659871,0.0,0.0,0.0,0.0,0.0,0.18331582659871,0.0,0.0,0.36663165319742,0.0,0.0,0.0,0.18331582659871,0.0,0.0,0.0,0.0,0.0,0.0,0.0,0.0,0.0,0.0,0.0,0.0,0.0,0.0,0.0,0.0,0.36663165319742,0.0,0.0,0.0,0.0,0.0,0.0,0.0,0.36663165319742,0.0,0.0,0.0,0.0,0.0,0.0,0.0,0.0,0.18331582659871,0.0,0.0,0.0,0.0,0.0,0.0,0.0,0.0,0.0,0.0,0.0,0.0,0.0,0.0,0.0,0.0,0.0,0.0,0.0,0.0,0.0,0.0,0.0,0.0,0.0,0.0,0.0,0.0,0.0,0.0,0.0,0.0,0.0,0.0,0.0,0.0,0.0,0.0,0.0,0.0,0.0,0.0,0.0,0.0,0.0,0.0,0.0,0.0,0.0,0.0,0.0,0.0,0.0,0.0,0.0,0.0,0.0,0.0,0.0,0.0,0.9165791329935501,0.0,0.18331582659871,0.0,0.0,0.0,0.0,0.0,0.0,0.0,0.0,0.0,0.0,0.0,0.0,0.0,0.0,0.0,0.18331582659871,0.0,0.0,0.0,0.0,0.0,0.0,0.0,0.0,0.0,0.0,0.0,0.0,0.0,0.0,0.0,0.0,0.0,0.0,0.0,0.0,0.0,0.0,0.0,0.0,0.0,0.0,0.18331582659871,0.18331582659871,0.0,0.0,0.0,0.73326330639484,0.0,0.36663165319742,0.0,0.0,0.0,0.0,0.0,0.0,0.0,0.0,0.0,0.0,0.0,0.0,0.0,0.0,0.0,0.0,0.0,0.0,0.0,0.0,0.0,0.0,0.0,0.0,0.0,0.0,0.0,0.18331582659871,0.0,0.0,0.18331582659871,0.0,0.0,0.0,0.0,0.0,0.0,0.0,0.0,0.0,0.0,0.0,0.0,0.0,0.0,0.0,0.0,0.0,0.0,0.0,0.0,0.0,0.0,0.0,0.0,0.0,0.0,0.0,0.0,0.0,0.0,0.0,0.0,0.0,0.0,0.0,0.0,0.0,0.0,0.0,0.0,0.0,0.18331582659871,0.0,0.0,0.0,0.0,0.0,0.0,0.0,0.18331582659871,0.0,0.0,0.0,0.0,0.0,0.0,0.0,0.0,0.0,0.0,0.0,0.0,0.0,0.0,0.0,0.0,0.0,0.0,0.0,0.0,0.0,0.0,0.0,0.0,0.0,0.0,0.0,0.0,0.0,0.0,0.0,0.0,0.0,0.0,0.0,0.18331582659871,0.0,0.0,0.0,0.0,0.0,0.0,0.0,0.0,0.0,0.0,0.0,0.0,0.0,0.0,0.0,0.0,0.0,0.18331582659871,0.0,0.0,0.0,0.0,0.0,0.0,0.0,0.0,0.0,0.0,0.0,0.0,0.0,0.0,0.0,0.0,0.0,0.0,0.0,0.0,0.0,0.0,0.0,0.0,0.0,0.0,0.0,0.0,0.0,0.0,0.36663165319742,0.0,0.0,0.0,0.0
0.0,0.0,0.0,0.0,0.0,0.0,0.18331582659871,0.0,0.0,0.0,0.0,0.0,0.0,0.18331582659871,0.0,0.0,0.0,0.0,0.0,0.0,0.0,0.0,0.0,0.0,0.0,0.0,0.0,0.0,0.18331582659871,0.0,0.36663165319742,0.0,0.0,0.0,0.0,0.0,0.0,0.0,0.36663165319742,0.0,0.0,0.0,0.0,0.0,0.0,0.0,0.0,0.0,0.0,0.0,0.0,0.0,0.18331582659871,0.0,0.0,0.54994747979613,0.0,0.0,0.0,0.18331582659871,0.36663165319742,0.0,0.0,0.0,0.0,0.0,0.0,0.0,0.0,0.0,0.0,0.0,0.0,0.0,0.0,0.0,0.0,0.0,0.0,0.18331582659871,0.0,0.0,0.0,0.0,0.18331582659871,0.0,0.0,0.0,0.0,0.0,0.0,0.0,0.0,0.54994747979613,0.0,0.0,0.0,0.0,0.0,0.0,0.0,0.0,0.0,0.0,0.0,0.0,0.0,0.0,0.0,0.0,0.0,0.73326330639484,0.0,0.0,0.0,0.0,0.0,0.0,0.0,0.0,0.0,0.36663165319742,0.0,0.36663165319742,0.0,0.0,0.0,0.0,0.0,0.0,0.36663165319742,0.0,0.18331582659871,0.0,0.0,0.0,0.36663165319742,0.0,0.0,0.0,0.0,0.0,0.0,0.0,0.0,0.0,0.0,0.0,0.0,0.0,0.0,0.0,0.0,0.0,0.0,0.0,0.0,0.0,0.0,0.0,0.0,0.0,0.18331582659871,0.18331582659871,0.0,0.0,0.0,0.0,0.0,0.0,0.0,0.54994747979613,0.0,0.0,0.0,0.0,0.0,1.28321078619097,0.0,0.0,0.0,0.0,0.0,0.0,0.0,0.0,0.0,0.0,0.0,0.0,0.0,0.0,0.0,0.0,0.18331582659871,0.0,0.0,0.0,0.0,0.0,0.0,0.0,0.0,0.0,0.18331582659871,0.0,3.1163690521780705,0.0,0.0,0.0,0.0,0.0,0.0,0.0,0.0,0.0,0.0,0.0,0.0,0.0,0.0,0.0,0.0,0.0,0.0,0.0,0.0,0.18331582659871,0.0,0.18331582659871,0.0,0.18331582659871,0.0,0.0,0.0,0.0,0.0,0.0,0.0,0.0,0.0,0.0,0.0,0.18331582659871,0.0,1.09989495959226,0.0,0.0,0.0,0.54994747979613,0.0,0.0,0.0,0.0,0.0,0.0,0.0,0.0,0.0,0.0,0.0,0.0,0.0,0.0,0.0,0.0,0.0,0.0,0.0,0.0,0.0,0.0,0.0,0.18331582659871,0.0,0.0,0.0,0.0,0.0,0.0,0.0,0.0,0.0,0.18331582659871,0.54994747979613,0.0,0.36663165319742,0.0,0.0,0.0,0.0,0.0,0.0,0.0,0.0,0.0,0.0,0.18331582659871,0.0,0.0,0.0,0.0,0.0,0.0,0.0,0.0,0.0,0.0,0.0,0.0,0.0,0.0,0.0,0.0,0.0,0.0,0.0,0.18331582659871,0.0,0.0,0.0,0.18331582659871,0.0,0.0,0.0,0.0,0.0,0.0,0.0,0.0,0.0,0.0,0.0,0.0,0.0,0.0,0.0,0.0,0.0,0.0,0.0,0.0,0.0,0.0,0.0
0.0,0.0,0.0,0.0,0.0,0.0,0.0,0.0,0.0,0.0,0.0,0.0,0.0,0.18331582659871,0.0,0.0,0.0,0.0,0.0,0.0,0.18331582659871,0.0,0.0,0.0,0.0,0.0,0.0,0.0,0.0,0.0,0.0,0.0,0.0,0.0,0.0,0.0,0.0,0.0,0.0,0.0,0.18331582659871,0.18331582659871,0.0,0.18331582659871,0.0,0.0,0.0,0.18331582659871,0.0,0.0,0.0,0.0,0.0,0.0,0.0,0.73326330639484,0.0,0.0,0.0,0.0,0.0,0.18331582659871,0.0,0.0,0.18331582659871,0.0,0.0,0.0,0.0,0.0,0.0,0.0,0.0,0.0,0.0,0.0,0.0,0.0,0.0,0.0,0.0,0.0,0.0,0.0,0.0,0.0,0.0,0.0,0.0,0.0,0.0,0.0,0.0,0.0,0.0,0.0,0.0,0.0,0.0,0.0,0.18331582659871,0.0,0.0,0.0,0.0,0.18331582659871,0.0,0.0,0.0,0.0,0.0,0.0,0.0,0.18331582659871,0.0,0.0,0.0,0.0,0.0,0.0,0.0,0.0,0.0,0.0,0.0,0.36663165319742,0.0,0.0,0.0,0.18331582659871,0.73326330639484,0.0,0.0,0.0,0.0,0.0,0.0,0.0,0.0,0.0,0.0,0.0,0.18331582659871,0.0,0.0,0.0,0.0,0.0,0.0,0.0,0.0,0.0,0.0,0.18331582659871,0.0,0.0,0.18331582659871,0.0,0.0,0.0,0.0,0.18331582659871,0.18331582659871,0.0,0.0,0.36663165319742,0.0,0.0,0.0,0.0,0.0,0.18331582659871,0.0,0.0,0.0,0.0,0.0,0.0,0.0,0.0,0.0,0.0,0.0,0.0,0.0,0.0,0.0,0.0,0.0,0.0,0.0,0.0,0.0,0.0,0.0,0.0,0.0,0.0,0.0,0.18331582659871,0.18331582659871,0.18331582659871,0.0,0.0,0.0,0.0,0.0,0.54994747979613,0.0,0.0,0.0,0.0,0.0,0.0,0.0,0.0,0.0,0.0,0.0,0.0,0.0,0.0,0.0,0.0,0.0,0.0,0.0,0.0,0.0,0.0,0.0,0.0,0.0,0.0,0.0,0.0,0.0,0.0,0.0,0.0,0.0,0.0,0.0,0.0,0.0,0.0,0.0,0.0,0.0,0.0,0.0,0.0,0.0,0.0,0.0,0.0,0.18331582659871,0.0,0.0,0.0,0.0,0.0,0.0,0.0,0.0,0.0,0.0,0.0,0.0,0.0,0.0,0.0,0.0,0.0,0.0,0.0,0.0,0.0,0.0,0.18331582659871,0.0,0.0,0.0,0.18331582659871,0.0,0.0,0.0,0.0,0.0,0.0,0.0,0.18331582659871,0.0,0.0,0.0,0.18331582659871,0.18331582659871,0.0,0.0,0.0,0.0,0.0,0.0,0.0,0.0,0.0,0.0,0.0,0.0,0.0,0.18331582659871,0.18331582659871,0.18331582659871,0.0,0.0,0.0,0.0,0.0,0.0,0.0,0.0,0.0,0.0,0.0,0.0,0.0,0.0,0.0,0.0,0.0,0.0,0.0,0.0,0.0,0.18331582659871,0.0,0.0,0.0,0.0,0.0,0.0,0.0,0.0,0.0,0.0
0.0,1.09989495959226,0.0,0.0,0.0,0.0,1.28321078619097,0.0,0.0,0.18331582659871,0.0,0.0,0.0,0.18331582659871,0.18331582659871,0.0,0.0,0.18331582659871,0.0,0.0,0.0,0.0,0.0,2.56642157238194,0.0,0.0,0.0,0.54994747979613,0.36663165319742,0.0,0.0,0.0,0.54994747979613,0.0,0.0,0.0,0.0,0.0,0.0,0.0,0.18331582659871,0.0,0.0,0.0,0.18331582659871,0.36663165319742,1.46652661278968,0.0,0.0,0.0,0.0,0.0,0.0,0.9165791329935501,0.18331582659871,0.18331582659871,0.0,0.0,0.0,0.0,0.36663165319742,0.18331582659871,0.0,0.0,0.0,0.18331582659871,0.36663165319742,0.0,0.0,0.0,0.0,0.73326330639484,0.0,1.09989495959226,0.0,0.0,0.0,0.0,0.0,0.0,0.0,0.0,0.0,0.0,0.0,0.0,0.0,0.0,0.0,0.18331582659871,0.0,0.0,0.0,0.0,3.483000705375495,0.18331582659871,0.0,4.39957983836904,0.0,0.0,1.28321078619097,0.0,0.0,0.0,0.0,0.18331582659871,0.0,0.18331582659871,0.0,2.19978991918452,0.0,0.0,0.0,0.0,0.0,0.0,0.0,0.0,0.18331582659871,0.0,0.0,0.0,0.0,0.0,0.0,0.0,0.0,0.0,0.0,0.0,0.36663165319742,0.0,0.0,0.18331582659871,0.0,0.0,0.0,0.0,0.36663165319742,0.36663165319742,0.0,0.0,0.18331582659871,0.0,0.0,0.0,0.0,0.0,0.0,0.0,0.0,0.36663165319742,0.0,2.01647409258581,0.0,0.18331582659871,0.0,0.0,0.0,0.0,0.0,0.0,0.0,0.0,0.18331582659871,0.18331582659871,0.18331582659871,0.0,0.0,0.0,0.0,0.0,0.0,0.0,0.18331582659871,0.0,0.0,0.54994747979613,0.0,0.0,0.0,0.0,0.0,0.0,0.0,0.0,0.0,0.0,0.18331582659871,0.0,0.0,0.0,0.0,0.36663165319742,0.0,0.0,0.0,0.0,0.0,0.0,0.0,0.0,0.0,0.0,0.0,0.0,0.0,0.0,3.849632358572911,0.0,0.0,0.0,0.0,0.0,0.0,0.0,0.0,0.0,0.0,0.0,0.0,0.0,0.0,0.0,0.0,0.18331582659871,0.0,0.0,0.0,0.0,0.0,0.0,0.0,0.0,0.0,0.54994747979613,0.0,0.0,0.0,0.0,0.36663165319742,0.0,0.18331582659871,0.0,0.0,0.0,0.0,2.1997899191845214,0.0,0.0,0.0,0.0,0.0,0.0,0.0,0.0,0.0,0.0,0.0,0.0,0.0,0.0,0.18331582659871,0.0,0.18331582659871,0.0,0.0,0.0,0.0,0.9165791329935501,0.0,0.0,0.0,0.0,0.0,0.0,0.0,0.0,0.0,0.36663165319742,0.0,0.0,0.0,0.0,0.0,0.0,0.0,0.0,0.0,0.0,0.0,0.0,0.0,0.0,0.0,0.0,0.0,0.0,0.0,0.0,0.0,0.0,0.0,0.0,0.0,0.0,0.0,0.0,0.0,0.0,0.0,0.0,0.0,0.0,0.0,0.0,0.0,0.0,0.0,0.0,0.0,0.0,0.0,0.0,0.0,0.0,0.0,0.0,0.0,0.0,0.0,0.0,0.0,0.0,0.0,0.18331582659871,0.0,0.0,0.0,0.0,0.0,0.0,0.0,0.0,0.0
0.0,0.0,0.0,0.0,0.0,0.0,0.0,0.0,0.0,0.18331582659871,0.0,0.0,0.0,0.0,0.0,0.0,0.0,0.0,0.0,0.0,0.0,0.0,0.0,0.0,0.0,0.0,0.0,0.36663165319742,0.0,0.0,0.0,0.0,0.0,0.0,0.0,0.0,0.0,0.0,0.0,0.0,0.0,0.0,0.0,0.0,0.0,0.0,0.0,0.0,0.0,0.18331582659871,0.0,0.0,0.18331582659871,0.36663165319742,0.0,0.0,0.0,0.0,0.0,0.0,0.0,0.0,0.0,0.0,0.0,0.0,0.0,0.0,0.0,0.0,0.18331582659871,0.0,0.0,0.18331582659871,0.0,0.0,0.0,0.0,0.0,0.0,0.0,0.0,0.0,0.0,0.0,0.0,0.0,0.0,0.0,0.0,0.73326330639484,0.0,0.54994747979613,0.0,0.0,0.0,0.0,0.0,0.0,0.0,0.0,0.0,0.0,0.0,0.0,0.0,0.18331582659871,0.0,0.0,13.932002821501964,0.0,0.0,0.0,1.46652661278968,0.0,0.0,0.0,0.0,0.18331582659871,0.0,0.0,0.0,0.0,0.0,0.0,0.0,0.18331582659871,0.0,0.0,0.0,0.0,0.0,0.0,0.18331582659871,0.0,0.0,0.0,0.0,0.0,0.0,0.0,0.0,0.0,0.0,0.0,0.0,0.0,0.0,0.0,0.0,0.0,0.18331582659871,0.0,0.18331582659871,0.0,0.0,0.0,0.0,0.0,0.0,0.0,0.0,0.0,0.0,0.0,0.0,4.399579838369046,0.0,0.0,0.0,0.0,0.0,0.0,0.0,0.0,0.0,0.0,0.0,0.0,0.0,0.0,0.0,0.0,0.0,0.0,0.0,0.0,0.0,0.18331582659871,0.0,0.0,0.0,0.0,0.18331582659871,0.0,0.0,0.0,0.0,0.18331582659871,0.18331582659871,0.0,0.0,0.0,0.0,1.09989495959226,0.0,0.0,0.0,0.18331582659871,3.8496323585729115,0.0,0.0,0.54994747979613,0.0,0.0,0.0,0.0,0.0,0.0,0.0,0.0,0.0,0.36663165319742,0.0,0.0,0.0,0.0,0.0,0.0,0.0,0.0,0.0,0.0,0.0,0.0,0.0,0.0,0.0,0.0,0.0,0.0,0.0,0.0,0.0,0.0,0.0,0.0,0.0,0.0,0.0,0.0,0.0,0.0,0.0,0.0,0.0,0.0,0.0,0.0,0.0,0.0,0.0,0.0,0.0,0.0,0.0,0.0,0.0,0.0,0.18331582659871,0.0,0.0,0.0,0.0,0.0,0.0,0.0,0.0,0.0,0.73326330639484,0.0,0.0,0.0,0.18331582659871,0.0,0.0,0.0,0.0,0.0,0.0,0.0,0.0,0.0,0.0,0.0,0.0,0.0,0.0,0.0,0.0,0.0,0.0,0.0,0.0,0.0,0.0,0.0,0.0,0.0,0.0,0.0,0.0,0.0,0.0,0.0,0.0,0.0,0.0,0.0,0.0,0.0,0.0,0.0,0.0,0.0,0.0,0.0,0.0,0.0,0.0,0.0,0.0,0.0,0.0,0.0,0.18331582659871,0.0,0.0,0.0,0.0,0.0,0.0,0.0,0.0,0.0
0.0,0.0,0.0,0.0,0.0,0.0,0.0,0.0,2.199789919184525,0.0,0.0,0.0,0.0,0.0,0.0,0.0,0.0,0.0,0.0,0.0,0.0,0.0,0.0,0.0,0.0,0.0,0.0,0.0,0.0,0.0,0.0,0.0,0.18331582659871,0.0,2.5664215723819424,0.0,0.0,0.0,0.0,0.0,0.18331582659871,0.0,0.0,0.0,0.0,0.0,0.0,0.0,0.0,0.0,0.0,0.0,0.0,0.0,0.0,0.0,0.0,0.0,0.0,0.0,0.0,0.0,0.0,0.0,0.0,0.0,0.0,0.0,0.18331582659871,0.0,0.0,0.0,0.0,0.0,0.0,0.0,0.0,0.0,0.0,0.0,0.0,0.0,0.0,0.0,0.0,0.0,0.0,0.0,0.0,0.0,0.0,0.0,0.0,0.0,0.0,0.0,0.0,0.0,0.0,0.0,0.0,0.0,0.0,0.0,0.0,0.0,0.0,0.0,0.0,0.0,0.0,0.0,0.0,0.0,0.0,0.0,0.0,0.0,0.0,0.0,0.18331582659871,0.0,0.0,0.0,0.0,0.0,0.0,0.0,0.0,0.0,0.0,0.0,0.18331582659871,0.0,0.0,0.0,0.0,0.0,0.0,0.0,0.0,0.0,0.0,0.0,0.0,0.0,0.0,0.18331582659871,0.0,0.0,0.0,0.0,0.0,0.0,0.0,0.0,0.0,0.0,0.0,0.0,0.0,0.0,0.0,0.0,0.0,0.0,0.0,0.0,0.0,0.0,0.0,0.0,0.0,0.0,0.0,0.0,0.0,0.18331582659871,0.0,0.0,0.0,0.0,0.0,0.0,0.0,0.0,0.0,1.8331582659871002,0.0,0.0,0.0,0.0,0.0,0.0,0.0,0.0,0.0,0.0,0.0,0.18331582659871,0.0,0.0,0.0,0.0,0.0,0.0,0.0,0.0,0.0,0.0,0.73326330639484,0.0,0.0,0.0,0.0,0.0,0.0,0.0,0.0,0.0,0.0,0.0,0.0,0.0,0.0,0.0,0.0,0.0,0.0,0.0,0.36663165319742,0.0,0.0,0.0,0.0,0.0,0.0,0.0,0.18331582659871,0.0,0.0,0.0,0.0,0.0,0.0,0.0,0.0,0.0,0.18331582659871,0.0,0.0,0.0,0.0,0.0,0.0,0.0,0.0,0.0,0.0,0.0,0.0,0.0,0.0,0.0,0.0,0.0,0.0,0.0,0.0,0.0,0.0,2.199789919184521,0.0,0.0,0.0,0.0,0.0,0.0,0.18331582659871,0.0,0.0,0.0,0.0,0.0,0.0,0.0,0.0,0.0,0.0,0.0,0.0,0.0,0.0,0.0,0.0,0.0,0.0,0.0,0.0,0.0,0.0,0.0,0.0,1.09989495959226,0.0,0.0,0.0,0.0,0.0,0.0,0.0,0.0,0.0,0.0,0.0,0.0,0.0,0.0,0.0,0.0,0.0,0.0,0.0,0.0,0.0,0.0,0.0,0.0,0.0,0.0,0.0,0.0,0.0,0.0,0.0,0.0,0.0,0.0,0.0,0.18331582659871,0.0,0.0,0.0,0.0,0.0
0.0,0.0,0.0,0.18331582659871,0.0,0.18331582659871,0.54994747979613,0.18331582659871,0.0,0.18331582659871,0.18331582659871,0.0,0.0,0.36663165319742,0.0,0.0,0.18331582659871,0.0,0.0,0.0,0.18331582659871,5.316158971362601,0.18331582659871,0.0,0.0,0.0,0.0,0.0,0.54994747979613,0.0,0.0,0.0,0.18331582659871,0.36663165319742,0.0,0.0,0.0,0.18331582659871,0.0,0.0,3.666316531974201,0.0,0.0,0.0,0.18331582659871,0.0,0.73326330639484,0.9165791329935501,0.0,0.0,0.0,0.0,0.0,1.28321078619097,0.36663165319742,0.0,0.0,0.0,0.0,0.0,0.73326330639484,0.0,0.0,0.0,0.0,1.6498424393883913,0.0,0.0,0.0,0.0,0.73326330639484,0.73326330639484,0.18331582659871,0.0,0.0,0.0,0.0,0.0,0.0,3.2996848787767825,0.18331582659871,0.0,0.0,0.0,0.0,0.0,0.0,0.0,0.0,0.0,0.0,0.0,0.0,0.0,0.0,0.0,0.0,0.0,0.0,0.0,0.0,0.0,0.0,0.0,0.0,0.18331582659871,0.0,0.0,3.8496323585729098,0.0,0.0,0.0,0.0,0.0,0.0,0.0,0.54994747979613,0.18331582659871,0.0,0.0,0.0,0.0,0.18331582659871,0.0,0.0,0.18331582659871,0.54994747979613,0.0,0.0,0.0,0.0,0.0,0.0,0.18331582659871,0.18331582659871,0.0,0.0,0.0,0.36663165319742,0.91657913299355,0.0,0.0,0.0,0.36663165319742,0.0,0.0,0.0,0.0,0.0,0.0,0.0,0.0,0.0,0.0,0.0,0.0,0.0,0.0,0.0,0.0,0.54994747979613,0.0,0.0,0.18331582659871,0.0,0.0,0.0,0.0,0.0,0.0,0.0,0.0,0.0,0.0,0.0,0.18331582659871,0.0,0.36663165319742,0.0,0.0,0.18331582659871,0.0,0.0,0.0,0.0,0.0,0.0,0.0,0.0,0.0,0.0,0.0,0.0,0.0,0.0,0.0,0.0,0.0,0.0,0.0,0.0,0.0,0.0,0.0,0.0,0.0,0.0,0.18331582659871,0.0,0.0,0.0,3.1163690521780723,0.0,0.0,0.0,0.18331582659871,15.215213607692961,0.0,0.0,0.0,0.0,0.0,0.0,0.0,0.0,0.0,0.18331582659871,0.0,0.0,0.0,0.0,0.0,0.0,0.0,0.0,0.0,0.0,0.0,0.0,0.0,0.0,0.0,0.0,0.0,0.0,0.0,0.0,0.0,0.0,0.0,0.0,0.0,0.18331582659871,0.0,0.0,0.0,0.0,0.0,3.4830007053754923,0.18331582659871,0.0,0.0,0.0,0.0,0.36663165319742,0.0,5.132843144763881,0.0,0.0,0.0,0.0,0.0,0.0,0.0,0.0,0.0,0.18331582659871,0.0,0.0,0.0,0.0,0.0,0.0,0.0,0.0,0.0,0.0,0.0,0.18331582659871,0.0,0.0,0.54994747979613,0.0,0.0,0.0,0.0,0.0,0.0,0.0,0.0,0.0,0.0,0.0,0.0,0.0,0.0,0.0,0.0,0.0,0.0,0.0,0.0,0.0,0.0,0.0,0.0,0.0,0.0,0.0,0.0,0.0,0.0,0.0,0.0,0.0,0.0,0.0,0.0,0.0,0.0,0.0,0.0,0.0,0.0,0.0,0.0,0.0,0.0,0.0,0.0,0.0,0.0,0.0,0.0,0.0
0.36663165319742,0.18331582659871,0.0,0.0,0.0,0.36663165319742,0.0,0.0,0.0,0.0,0.18331582659871,0.0,0.0,0.18331582659871,0.0,0.0,0.0,0.0,0.73326330639484,0.0,1.4665266127896812,0.0,0.0,0.18331582659871,0.0,0.0,0.0,0.0,0.36663165319742,0.18331582659871,0.0,0.0,0.18331582659871,0.0,0.0,0.0,0.18331582659871,0.0,0.0,0.0,0.36663165319742,0.0,0.0,0.36663165319742,3.849632358572913,1.28321078619097,0.18331582659871,0.73326330639484,0.18331582659871,0.0,0.0,0.0,5.682790624560009,0.73326330639484,0.0,0.0,0.0,0.18331582659871,0.0,0.0,0.0,1.283210786190975,0.0,0.18331582659871,0.0,0.0,0.0,0.0,0.0,0.18331582659871,0.0,0.18331582659871,0.0,0.0,0.0,0.0,0.36663165319742,0.18331582659871,0.0,0.0,0.9165791329935501,0.0,0.0,0.0,0.18331582659871,0.73326330639484,0.0,0.0,0.0,2.74973739898065,0.0,0.0,0.0,0.0,0.0,0.0,0.0,0.0,0.0,0.0,0.0,1.46652661278968,0.0,0.0,0.0,0.0,0.0,0.0,0.0,0.0,0.0,0.0,0.0,0.0,0.36663165319742,0.0,0.0,0.0,0.0,0.0,0.0,0.18331582659871,0.0,0.0,0.0,0.0,0.0,0.18331582659871,0.36663165319742,0.0,0.0,0.0,0.0,0.0,0.54994747979613,0.0,0.0,0.0,0.0,0.0,0.0,0.0,1.8331582659871013,0.0,0.0,0.0,0.0,0.0,0.0,0.0,0.18331582659871,0.0,0.0,0.0,0.0,0.36663165319742,0.0,0.0,0.0,0.0,0.0,0.73326330639484,0.18331582659871,0.0,0.0,0.0,0.0,0.0,0.0,0.0,0.18331582659871,0.0,0.0,0.0,0.0,0.0,0.0,0.54994747979613,0.0,0.0,0.0,0.18331582659871,0.0,0.0,0.0,0.18331582659871,0.18331582659871,0.0,0.0,0.54994747979613,0.18331582659871,0.0,0.0,0.0,0.18331582659871,0.0,0.18331582659871,0.18331582659871,0.0,1.28321078619097,0.0,0.0,0.0,0.0,0.54994747979613,0.0,0.0,0.0,0.0,0.0,0.0,0.0,1.6498424393883901,0.0,0.36663165319742,0.36663165319742,0.0,0.0,0.0,0.0,0.0,0.0,2.933053225579361,0.18331582659871,0.18331582659871,0.0,0.0,0.0,1.46652661278968,0.0,0.0,0.0,0.0,0.0,0.0,0.0,0.0,0.0,0.0,0.0,0.0,0.0,0.0,0.18331582659871,0.18331582659871,0.0,1.6498424393883901,0.0,0.18331582659871,0.0,0.0,0.0,0.0,0.0,0.0,0.0,0.0,0.0,0.0,1.09989495959226,0.0,0.0,0.73326330639484,0.0,0.0,0.0,0.0,0.0,0.0,0.0,0.0,0.0,0.9165791329935501,0.0,0.0,0.0,0.18331582659871,0.0,0.0,0.0,0.0,0.18331582659871,0.0,0.0,0.0,0.0,0.0,0.0,0.0,0.0,0.18331582659871,0.0,0.0,0.0,0.0,0.0,0.0,0.0,0.0,0.0,0.0,0.0,0.0,0.18331582659871,0.0,0.0,0.0,0.0,0.0,0.18331582659871,0.0,0.0,0.0,0.0,0.0,0.0,0.0,0.0,0.18331582659871,0.0,0.0,0.0,0.0,0.0,0.0,0.0,0.0,0.18331582659871,0.0,0.18331582659871,0.0,0.18331582659871,0.0,0.0,0.0,0.0,0.0,0.0,0.36663165319742,0.0,0.0,0.0,0.0,0.0,0.0
0.18331582659871,0.18331582659871,0.0,0.0,0.0,0.36663165319742,0.73326330639484,0.18331582659871,0.0,1.09989495959226,0.36663165319742,0.36663165319742,0.0,0.73326330639484,0.0,0.0,0.0,0.0,0.0,0.0,0.36663165319742,0.0,0.0,0.0,0.18331582659871,0.18331582659871,0.0,0.0,0.18331582659871,0.0,0.0,0.0,0.0,0.0,0.0,0.0,0.0,0.0,0.18331582659871,0.0,0.0,0.36663165319742,0.54994747979613,0.18331582659871,0.18331582659871,0.0,0.54994747979613,0.18331582659871,0.0,0.54994747979613,0.0,0.0,0.0,0.18331582659871,0.0,0.0,0.0,0.18331582659871,0.0,0.0,0.73326330639484,0.54994747979613,0.18331582659871,0.0,0.0,0.18331582659871,0.0,0.18331582659871,0.0,0.0,0.0,0.0,0.0,0.0,0.18331582659871,0.0,0.0,0.0,0.0,0.0,0.18331582659871,0.0,0.0,0.0,0.0,0.0,0.0,0.0,0.18331582659871,1.09989495959226,0.0,0.0,0.0,0.18331582659871,0.18331582659871,0.0,0.0,0.0,0.0,0.0,0.0,0.0,0.0,0.0,0.0,0.0,0.18331582659871,0.0,0.0,0.0,0.0,0.0,0.0,0.0,0.0,0.0,0.0,0.0,0.0,0.18331582659871,0.0,0.18331582659871,0.0,0.36663165319742,0.0,0.0,0.0,0.0,0.0,0.0,0.36663165319742,0.0,2.0164740925858102,0.18331582659871,0.0,0.0,0.18331582659871,0.18331582659871,0.0,0.0,0.0,0.0,0.0,0.0,0.36663165319742,0.0,0.0,0.18331582659871,0.0,0.0,0.0,0.0,0.0,0.0,0.0,0.0,0.0,0.0,1.46652661278968,0.0,0.0,0.0,0.18331582659871,0.54994747979613,0.0,0.36663165319742,0.0,0.0,6.049422277757431,0.18331582659871,0.0,0.36663165319742,0.18331582659871,0.0,0.0,0.0,0.0,9.715738809731633,0.18331582659871,0.18331582659871,0.0,0.0,0.0,0.0,0.18331582659871,0.0,0.0,0.36663165319742,0.0,0.0,0.0,0.0,0.0,0.0,0.0,0.18331582659871,0.0,0.0,0.0,0.0,0.0,0.0,0.0,1.8331582659871002,0.18331582659871,0.0,0.0,0.0,0.0,0.0,0.0,0.0,0.0,5.866106451158729,0.0,0.0,0.0,0.0,0.0,0.18331582659871,0.0,0.0,0.18331582659871,0.0,0.0,0.18331582659871,0.0,0.0,0.73326330639484,0.0,0.0,0.0,0.0,0.0,0.0,0.0,0.18331582659871,0.0,0.0,0.0,0.18331582659871,0.0,1.466526612789685,0.36663165319742,0.0,0.0,0.0,0.0,0.0,0.36663165319742,0.0,0.0,0.0,0.0,0.0,0.0,0.0,0.0,0.0,0.18331582659871,0.54994747979613,0.0,0.0,0.0,0.0,1.46652661278968,0.0,0.0,0.0,0.0,0.0,0.0,0.0,0.0,0.0,0.0,0.0,0.0,0.0,0.0,0.0,0.0,0.0,1.8331582659871013,0.0,0.0,0.0,0.0,0.0,0.0,17.781635180074883,0.0,0.54994747979613,0.0,0.0,0.0,0.0,0.18331582659871,0.0,0.0,0.0,0.0,0.0,0.18331582659871,0.0,0.0,0.0,0.0,0.0,0.0,0.0,0.0,0.0,0.0,0.0,3.6663165319742066,0.0,0.0,0.0,0.0,0.0,0.0,0.0,0.0,0.0,0.0,0.18331582659871,0.0,0.0,0.0,0.73326330639484,0.0,0.0,0.0,0.0,0.0,0.0,0.54994747979613,0.18331582659871,0.0,0.0,0.18331582659871,0.0,0.0,0.0
1.6498424393883901,0.18331582659871,0.18331582659871,0.0,0.18331582659871,0.18331582659871,0.18331582659871,0.0,0.0,0.0,0.18331582659871,0.36663165319742,0.54994747979613,0.36663165319742,0.0,0.0,0.0,0.18331582659871,0.0,0.0,0.18331582659871,0.0,0.0,0.0,0.0,0.0,0.0,0.0,3.11636905217807,0.0,0.0,0.0,0.0,0.0,0.0,0.0,0.18331582659871,0.18331582659871,0.0,0.0,0.0,0.0,0.73326330639484,0.36663165319742,5.132843144763881,0.0,0.0,0.18331582659871,0.0,0.54994747979613,0.0,0.0,0.54994747979613,0.0,0.0,0.0,0.0,0.0,0.0,0.0,0.18331582659871,0.0,0.0,0.0,0.0,0.0,0.0,0.18331582659871,0.0,0.18331582659871,0.0,0.0,0.54994747979613,0.0,0.0,0.0,0.0,0.36663165319742,0.0,0.0,0.18331582659871,0.0,0.0,0.0,0.0,0.36663165319742,0.0,0.36663165319742,0.0,0.0,0.0,0.0,0.0,0.0,0.0,0.0,0.0,0.0,0.0,0.0,0.0,0.0,0.36663165319742,0.0,0.0,0.0,0.0,0.18331582659871,0.0,0.18331582659871,0.0,0.0,0.0,0.0,0.0,0.0,0.18331582659871,0.0,0.0,0.0,0.0,0.18331582659871,0.0,0.0,8.249212196941965,0.0,0.0,0.0,0.0,0.18331582659871,0.0,0.0,0.0,0.54994747979613,1.6498424393883901,0.0,0.0,0.0,0.0,0.0,0.0,0.0,0.0,0.0,0.0,0.0,0.0,0.0,0.0,0.0,0.0,0.0,0.0,0.0,0.0,0.0,0.0,0.0,0.0,0.0,0.0,0.0,0.0,0.0,0.0,0.0,0.0,1.09989495959226,0.54994747979613,0.0,0.36663165319742,0.0,0.0,0.0,0.0,0.0,0.0,0.54994747979613,0.0,0.0,0.18331582659871,0.18331582659871,0.36663165319742,0.0,3.116369052178075,0.0,0.36663165319742,0.0,0.0,0.0,0.0,0.0,0.0,0.0,0.0,0.0,0.0,0.18331582659871,0.0,0.36663165319742,0.0,0.0,0.0,0.0,0.0,0.0,0.0,0.0,0.0,0.0,0.0,0.0,0.18331582659871,0.0,3.11636905217807,0.0,0.0,0.73326330639484,0.0,0.0,1.09989495959226,0.0,0.18331582659871,0.18331582659871,0.0,0.0,0.0,0.0,0.0,0.0,0.0,0.0,0.0,0.18331582659871,0.0,0.18331582659871,0.0,0.18331582659871,0.0,0.0,0.18331582659871,0.0,0.0,0.0,0.0,0.0,0.0,0.18331582659871,0.0,0.0,0.0,0.0,0.0,0.0,0.0,0.0,0.0,0.0,0.0,0.0,0.0,0.0,0.0,0.0,0.0,0.0,0.0,0.0,0.0,0.0,0.0,0.0,0.0,0.0,0.0,0.0,0.0,0.0,0.0,0.0,0.0,0.0,0.0,0.0,0.0,0.0,0.0,0.0,0.0,0.0,0.0,2.383105745783231,0.0,0.0,0.0,0.0,0.0,0.0,0.0,0.0,0.0,0.0,0.0,0.0,0.0,0.0,0.0,0.0,0.0,0.0,0.0,0.0,0.0,0.0,0.0,0.0,0.0,0.0,0.0,0.0,0.0,0.0,0.0,0.0,0.18331582659871,0.0,0.0,0.18331582659871,0.0,0.0,0.0,0.0,0.0,1.46652661278968,0.0,0.0,0.0,0.0,0.0,0.0,0.0,0.0,0.0,0.0,0.0
0.0,0.0,0.0,0.0,0.0,0.0,0.0,0.0,0.18331582659871,3.48300070537549,0.0,0.0,0.0,0.0,0.0,0.0,0.0,0.18331582659871,0.0,0.0,0.18331582659871,0.0,0.0,0.0,0.0,4.582895664967744,0.0,0.0,0.0,0.18331582659871,0.0,0.0,0.54994747979613,0.0,0.0,0.0,0.0,0.0,0.0,0.0,0.0,0.18331582659871,0.0,0.0,0.0,0.0,0.0,0.0,0.0,0.0,0.0,0.0,0.73326330639484,0.0,0.18331582659871,0.18331582659871,0.0,0.0,0.0,0.0,0.0,0.0,0.0,0.73326330639484,0.0,0.0,0.18331582659871,0.0,0.0,0.0,0.0,0.0,0.0,0.0,0.0,0.36663165319742,0.36663165319742,0.0,0.0,0.0,0.0,0.0,0.0,0.0,0.0,0.0,0.0,0.0,0.0,0.0,0.0,0.0,0.0,0.0,0.0,0.0,0.36663165319742,0.18331582659871,0.0,0.0,0.0,0.0,0.0,0.0,0.0,0.0,0.0,0.0,0.0,0.18331582659871,0.0,0.36663165319742,0.0,0.0,0.73326330639484,0.0,0.0,0.0,0.0,0.0,0.0,0.0,0.0,0.0,0.0,0.0,0.0,0.0,0.0,0.0,0.0,0.0,0.18331582659871,0.0,0.0,0.0,0.0,0.0,0.0,0.0,0.0,1.6498424393883901,0.0,0.0,0.0,0.0,0.0,0.0,0.0,0.0,0.0,0.0,0.0,0.0,0.0,0.0,0.0,0.0,0.0,0.0,0.0,0.0,0.0,0.0,0.0,0.0,0.0,0.0,0.0,0.0,0.0,0.0,0.0,0.0,0.0,0.0,0.0,0.0,0.0,0.0,0.0,0.0,0.0,0.0,0.0,0.0,0.0,0.18331582659871,0.0,0.0,0.18331582659871,0.0,0.0,0.0,0.36663165319742,0.0,0.0,0.0,0.0,0.18331582659871,0.0,0.0,0.0,0.0,0.0,0.0,0.0,0.0,0.0,0.0,0.0,0.0,0.0,0.0,0.0,1.8331582659871002,0.0,0.0,0.0,0.0,0.0,0.54994747979613,0.0,0.36663165319742,0.0,0.0,0.0,0.0,0.0,0.0,0.0,0.0,0.0,0.0,0.0,0.0,0.0,0.0,0.0,0.0,0.0,0.0,0.0,1.09989495959226,0.36663165319742,0.18331582659871,0.0,0.0,0.73326330639484,0.0,0.9165791329935501,0.0,0.0,0.0,0.18331582659871,0.0,0.0,0.0,0.0,0.0,0.0,0.0,0.0,0.54994747979613,0.0,0.0,0.0,0.0,0.0,0.0,0.0,0.18331582659871,0.0,0.0,0.0,0.0,0.0,0.0,0.0,0.0,0.0,0.54994747979613,0.0,0.0,0.0,0.18331582659871,0.0,0.0,0.0,0.0,0.18331582659871,0.0,0.0,0.0,0.0,0.0,0.0,0.36663165319742,0.0,0.0,0.18331582659871,0.0,0.0,0.18331582659871,0.0,0.0,0.0,0.0,0.0,0.0,0.0,0.0,0.0,0.0,0.0,0.0,0.18331582659871,0.0,0.0,0.0,0.0,0.0,0.0,0.18331582659871,0.0,0.18331582659871,0.0,0.0,0.0,0.54994747979613,0.0,0.0,0.0,0.0,0.0,0.0,0.0,0.0,0.54994747979613,0.18331582659871,0.0,0.0,0.0,0.0,0.0
0.0,0.18331582659871,0.0,0.54994747979613,0.0,0.9165791329935501,0.54994747979613,0.0,0.0,0.0,0.18331582659871,0.0,0.0,0.73326330639484,0.0,0.0,0.0,0.73326330639484,0.0,0.18331582659871,0.18331582659871,0.0,1.46652661278968,0.0,0.0,0.0,0.0,0.0,0.0,0.0,0.0,0.0,0.0,0.0,0.0,0.0,0.0,0.0,0.0,0.0,0.0,0.36663165319742,0.0,0.18331582659871,0.0,0.18331582659871,0.0,0.0,0.0,0.0,0.0,0.0,0.73326330639484,0.18331582659871,0.0,0.0,0.0,0.36663165319742,0.0,0.0,0.18331582659871,0.0,0.0,0.0,0.0,0.0,0.0,0.0,0.0,0.0,0.0,0.0,0.0,0.0,0.36663165319742,0.0,0.0,0.0,0.0,0.0,0.0,0.0,0.0,0.0,0.0,0.0,0.0,0.9165791329935501,0.0,0.0,0.0,0.0,0.0,0.0,0.0,0.0,0.0,0.0,0.0,0.0,0.0,0.0,0.0,0.0,0.0,0.0,0.0,0.0,0.0,0.0,0.0,0.0,0.0,0.0,0.18331582659871,0.0,0.0,0.0,0.0,0.36663165319742,0.0,0.73326330639484,0.0,0.0,0.0,0.0,0.0,0.18331582659871,0.0,0.0,0.0,0.18331582659871,0.0,0.0,0.0,0.0,0.0,0.0,0.0,0.0,0.0,0.0,0.0,0.0,0.0,0.0,0.0,0.0,0.0,0.0,0.0,0.0,0.0,0.18331582659871,0.0,0.0,0.0,0.0,0.0,0.18331582659871,0.0,0.0,0.0,0.0,0.0,0.0,0.0,0.0,0.0,0.18331582659871,0.0,0.36663165319742,0.0,0.0,0.18331582659871,0.0,0.0,0.91657913299355,0.0,0.0,0.0,0.0,0.0,0.0,0.73326330639484,0.0,0.0,0.0,0.0,0.0,0.0,0.0,0.0,0.0,0.0,0.0,0.0,0.0,0.0,0.73326330639484,0.18331582659871,0.0,0.0,0.0,0.18331582659871,0.0,0.0,0.18331582659871,0.0,0.0,0.0,0.18331582659871,0.0,0.0,0.36663165319742,0.0,0.54994747979613,0.0,0.0,0.0,0.0,0.0,0.0,0.18331582659871,0.18331582659871,0.0,0.18331582659871,0.18331582659871,0.18331582659871,0.0,0.0,0.18331582659871,0.0,0.54994747979613,0.0,0.0,0.0,0.0,0.0,0.0,0.0,0.0,0.0,0.0,0.0,0.0,0.0,0.0,0.0,0.0,0.18331582659871,0.0,0.0,0.0,0.0,0.0,0.0,0.18331582659871,0.0,0.36663165319742,0.0,0.0,0.0,0.0,0.0,0.18331582659871,0.0,0.0,0.0,0.0,0.0,0.0,0.0,0.0,0.73326330639484,0.0,0.0,0.0,0.0,0.0,0.0,0.0,0.0,0.0,0.0,0.0,0.0,0.0,0.0,0.0,0.73326330639484,0.0,0.18331582659871,0.0,0.0,0.0,0.0,0.0,0.0,0.0,0.0,0.0,0.0,0.0,0.0,0.0,0.0,0.0,0.0,0.0,0.0,0.0,0.0,0.0,0.0,0.0,0.0,0.0,0.0,0.0,0.0,0.0,0.0,0.0,0.0,0.0,0.0,0.0,0.0,0.0,0.0,0.0,0.0,0.0,0.0,0.18331582659871,0.0,0.0,0.0,0.0,0.0,0.0,0.0,0.0,0.0
0.18331582659871,0.0,0.0,0.0,0.0,0.0,0.0,0.0,0.0,0.0,0.18331582659871,0.18331582659871,0.73326330639484,0.36663165319742,0.36663165319742,0.0,0.0,0.0,0.0,0.0,0.18331582659871,0.0,0.18331582659871,0.0,0.0,0.0,0.0,0.0,0.0,0.18331582659871,0.0,0.0,0.0,0.0,0.0,0.0,0.0,0.0,0.0,0.0,0.0,0.0,1.09989495959226,0.36663165319742,0.0,0.18331582659871,0.18331582659871,0.0,0.0,0.0,0.0,0.0,0.0,0.18331582659871,0.0,0.0,0.0,0.0,0.0,0.0,0.0,0.91657913299355,0.0,0.0,0.0,0.0,0.0,0.18331582659871,0.0,0.0,0.0,0.0,0.18331582659871,0.0,0.0,0.0,0.0,0.18331582659871,0.0,0.0,0.18331582659871,0.0,0.0,0.0,0.0,0.18331582659871,0.0,0.0,0.0,0.0,0.0,0.0,0.0,0.0,0.0,0.0,0.0,0.0,0.54994747979613,0.0,0.0,0.0,0.0,0.0,0.0,0.0,0.0,0.0,0.0,0.0,0.0,0.0,0.0,0.0,0.0,0.0,0.54994747979613,0.0,0.0,0.0,0.0,0.18331582659871,0.0,0.0,0.54994747979613,0.0,0.0,0.0,0.0,0.0,0.0,0.0,0.0,0.0,0.0,0.0,0.0,0.0,0.0,0.0,0.18331582659871,0.0,0.0,0.0,0.0,0.0,0.18331582659871,0.0,0.0,0.0,0.18331582659871,0.0,0.0,0.0,0.0,0.0,0.0,0.0,0.0,0.0,0.0,0.0,0.0,0.0,0.0,0.0,0.0,0.0,0.0,0.0,0.0,0.0,0.0,0.0,1.28321078619097,0.0,0.0,0.0,0.0,0.0,0.0,0.0,0.73326330639484,0.0,0.9165791329935501,0.0,0.0,0.0,0.0,0.0,0.18331582659871,0.0,0.0,0.0,0.0,0.0,3.6663165319742004,0.36663165319742,0.0,0.18331582659871,0.0,0.0,0.18331582659871,0.0,0.0,0.0,0.0,0.0,0.0,0.0,0.0,0.0,0.0,0.0,0.54994747979613,0.0,0.36663165319742,0.9165791329935501,0.0,0.0,0.18331582659871,0.0,0.18331582659871,0.0,0.0,0.0,0.0,0.0,0.0,0.0,0.0,0.0,0.0,0.18331582659871,0.0,0.0,0.0,0.0,0.0,0.0,0.0,0.0,0.0,0.0,0.0,0.0,0.0,0.0,0.0,0.0,0.0,0.0,0.0,0.0,0.0,0.0,0.0,0.0,0.0,0.0,0.0,0.0,0.0,0.0,0.0,0.0,0.0,0.0,0.0,0.0,0.0,0.0,0.0,0.0,0.0,0.0,0.0,0.0,0.0,0.0,0.0,0.0,0.0,0.0,0.0,0.0,0.0,0.0,0.0,0.0,0.0,0.36663165319742,0.0,0.0,0.0,0.0,0.0,0.0,0.0,0.0,0.0,0.0,0.0,0.0,0.0,0.0,0.0,0.0,0.0,0.0,0.18331582659871,0.0,0.0,0.0,0.0,0.0,0.0,0.0,0.0,0.0,0.0,0.0,0.0,0.0,0.0,0.0,0.0,0.0,0.0,0.0,0.0,0.0,0.0,0.0,0.0,0.0,0.0,0.0,0.0,0.0,0.0,0.0,0.0,0.0,0.0
0.0,0.0,0.0,0.0,0.0,0.0,0.0,0.0,0.0,0.0,0.0,0.0,0.0,0.0,0.0,0.0,0.0,0.0,0.0,0.0,0.0,0.0,0.0,0.0,0.0,0.0,0.0,0.0,0.0,0.0,0.0,0.0,0.0,0.0,0.0,0.0,0.0,0.0,0.18331582659871,0.0,0.0,0.0,0.0,0.0,0.18331582659871,0.0,0.0,0.18331582659871,0.0,0.0,0.0,0.0,0.0,0.0,0.0,0.0,0.0,0.0,0.0,0.0,0.18331582659871,0.0,0.0,0.0,0.0,0.0,0.0,0.0,0.0,0.0,0.0,0.0,0.0,0.0,0.0,0.0,0.0,0.0,0.0,0.0,0.54994747979613,0.0,0.0,0.0,0.0,0.0,0.0,0.0,0.0,0.0,0.0,0.0,0.0,0.0,0.0,0.18331582659871,0.0,0.0,0.0,0.0,0.0,0.0,0.0,0.0,0.0,0.0,0.0,0.18331582659871,0.0,0.0,0.0,1.46652661278968,0.0,0.0,0.0,0.0,0.0,0.0,0.0,0.0,0.0,0.0,0.0,0.18331582659871,0.0,0.0,0.0,0.0,0.0,0.0,0.0,0.0,0.0,0.73326330639484,0.0,0.0,0.0,0.36663165319742,0.0,0.0,0.0,0.0,0.0,0.0,0.0,0.0,0.0,0.0,0.0,0.0,0.0,0.0,0.0,0.0,0.0,0.0,0.0,0.0,0.0,0.0,0.0,0.0,0.0,0.18331582659871,0.0,0.0,0.0,0.0,0.0,5.31615897136258,0.0,0.0,0.0,0.0,0.0,0.0,0.0,0.54994747979613,0.0,0.0,0.0,0.0,0.0,0.0,0.0,0.0,0.0,0.0,0.0,0.0,0.0,0.0,0.0,0.0,0.0,0.0,0.0,0.0,0.0,0.0,0.0,0.0,0.0,3.299684878776777,0.0,0.0,0.0,0.0,0.0,0.0,0.0,0.0,0.0,0.0,0.0,0.0,0.0,0.0,0.54994747979613,0.36663165319742,0.0,0.0,0.0,0.0,0.0,0.0,0.0,0.0,0.0,0.0,0.36663165319742,0.0,0.0,0.0,0.0,0.0,0.0,0.0,0.0,0.0,0.0,0.0,0.0,0.0,0.0,0.0,0.0,0.0,0.0,0.0,0.0,0.0,0.0,0.0,0.0,0.0,0.0,0.0,0.0,0.0,0.0,0.0,0.0,0.0,0.0,0.0,0.0,0.0,0.0,0.0,0.0,0.0,0.0,0.0,0.0,0.0,0.0,0.0,0.0,0.0,0.0,0.0,0.0,0.0,0.0,0.0,0.0,0.54994747979613,0.0,0.0,0.0,0.0,0.0,0.0,0.0,0.0,0.0,0.0,0.0,0.18331582659871,0.0,0.0,0.0,0.0,0.0,0.0,0.0,0.0,0.0,0.0,0.0,0.0,0.0,0.0,0.18331582659871,0.0,0.0,0.0,0.0,0.0,0.0,0.0,0.0,0.0,0.0,0.0,0.0,0.0,0.0,0.18331582659871,0.0,0.0,0.0,0.0,0.0,0.0,0.0,0.0,0.0,0.0,0.0,0.0,0.0,0.0,0.0
0.0,0.0,0.0,0.0,0.0,0.54994747979613,0.0,0.0,0.0,0.0,0.0,0.0,0.0,0.36663165319742,0.0,0.0,0.0,0.0,0.0,0.0,0.0,0.0,0.18331582659871,0.0,0.0,0.0,0.0,0.0,0.0,0.0,0.0,0.0,3.6663165319742013,0.0,0.0,0.0,0.0,0.0,0.0,0.0,0.0,0.0,0.0,0.0,0.0,0.0,2.566421572381941,0.0,0.0,0.0,0.0,0.0,0.54994747979613,0.18331582659871,0.0,0.18331582659871,0.0,0.0,0.0,0.0,0.18331582659871,0.0,0.0,0.0,0.0,0.0,0.0,0.0,0.0,0.0,0.0,0.0,0.18331582659871,0.0,0.0,0.0,0.0,0.0,0.0,0.0,0.18331582659871,0.0,0.0,0.0,0.0,0.0,0.0,0.0,0.0,0.0,0.0,0.0,0.0,0.0,0.0,0.0,0.0,0.0,0.0,0.0,0.0,0.0,0.0,0.0,0.0,0.0,0.0,1.8331582659871,0.0,0.0,0.0,0.73326330639484,0.0,0.0,0.0,0.0,0.0,0.18331582659871,0.0,0.0,0.0,0.0,0.0,0.0,0.0,0.0,0.0,0.0,0.0,0.0,0.0,0.0,2.74973739898065,0.0,0.18331582659871,0.0,0.0,7.699264717145833,0.0,0.0,0.0,0.0,0.0,0.0,0.0,0.0,0.0,0.0,0.0,0.0,0.0,0.0,0.0,0.0,0.0,0.0,0.0,0.0,0.0,0.0,0.0,0.0,0.0,1.8331582659871,0.0,0.0,0.0,0.0,0.0,1.28321078619097,0.0,0.0,0.0,0.0,0.0,0.0,0.0,0.73326330639484,0.36663165319742,0.0,0.0,0.0,0.0,0.0,0.0,0.0,0.0,0.54994747979613,0.0,0.0,0.0,0.18331582659871,0.0,0.0,0.73326330639484,0.0,0.0,0.0,0.0,0.18331582659871,0.18331582659871,0.0,0.0,1.28321078619097,0.0,0.0,0.0,0.0,0.0,0.0,0.0,0.0,0.0,0.0,0.0,0.0,0.0,0.0,0.54994747979613,2.93305322557936,0.0,0.0,0.0,0.0,0.0,0.0,0.0,0.0,0.0,0.0,0.0,0.0,0.0,0.0,0.0,0.0,0.0,0.0,0.0,0.0,0.0,0.0,0.0,0.0,0.0,0.0,0.0,0.0,0.0,0.0,0.0,0.0,0.0,0.0,0.0,0.0,0.0,0.0,0.0,0.0,0.18331582659871,0.0,0.0,0.0,0.0,0.0,0.0,0.0,0.0,0.0,0.0,0.0,0.0,0.0,0.0,0.0,0.0,0.0,0.18331582659871,0.0,0.0,0.0,0.0,0.18331582659871,0.0,0.0,0.0,1.46652661278968,0.0,0.0,0.0,0.0,0.0,0.0,0.0,0.0,0.0,0.0,0.0,5.866106451158724,0.0,0.0,0.0,0.0,0.0,0.0,0.0,0.0,0.18331582659871,0.0,0.0,0.0,0.0,0.0,0.36663165319742,0.0,0.0,0.0,0.0,0.0,0.0,0.0,0.0,4.582895664967756,0.0,0.0,0.0,0.0,0.0,0.0,0.0,0.18331582659871,0.0,0.0,0.0,0.0,0.0,0.0,0.0,0.0,0.0,0.0,0.0,0.0,0.0
0.18331582659871,0.18331582659871,0.18331582659871,0.0,0.0,0.0,0.0,0.0,0.0,0.0,0.36663165319742,0.0,1.09989495959226,0.0,0.18331582659871,0.0,0.0,0.18331582659871,0.0,0.0,0.73326330639484,0.0,0.18331582659871,0.0,0.0,1.28321078619097,0.0,0.0,0.0,0.18331582659871,0.0,0.0,0.0,0.0,0.0,0.0,0.0,0.0,0.0,0.0,0.0,0.0,0.9165791329935501,0.9165791329935501,0.18331582659871,0.0,0.0,0.54994747979613,0.18331582659871,0.18331582659871,0.0,0.0,0.36663165319742,0.0,0.0,0.73326330639484,0.0,0.0,0.0,0.0,0.18331582659871,0.18331582659871,0.0,0.0,0.0,0.0,0.0,0.18331582659871,0.0,0.0,0.0,0.18331582659871,0.0,0.0,0.0,0.0,0.0,0.18331582659871,0.0,0.0,0.73326330639484,0.0,0.0,0.0,0.0,0.18331582659871,0.0,0.0,0.0,0.0,0.18331582659871,0.0,0.0,0.0,0.36663165319742,0.0,0.0,0.0,0.0,0.0,0.0,0.0,0.0,0.0,0.0,0.0,0.0,0.0,0.0,0.0,0.0,0.0,0.0,0.0,0.0,0.0,0.0,0.0,0.0,0.0,0.0,0.0,0.0,0.0,0.9165791329935501,0.0,0.0,0.0,0.0,0.0,0.0,0.0,0.0,0.36663165319742,0.0,0.0,0.0,0.0,0.0,0.0,0.0,0.0,0.0,0.0,0.0,0.0,0.18331582659871,0.36663165319742,0.0,0.0,0.0,0.0,0.0,0.0,0.0,0.0,0.0,0.0,0.0,0.0,0.0,0.0,0.18331582659871,0.0,0.0,0.18331582659871,0.0,0.18331582659871,0.0,0.0,0.54994747979613,0.0,0.0,0.0,0.0,0.0,0.0,0.18331582659871,0.0,0.0,0.0,0.0,0.18331582659871,0.0,1.28321078619097,0.0,0.18331582659871,0.0,0.0,0.18331582659871,0.0,0.0,0.0,0.0,0.0,0.18331582659871,0.0,0.0,0.0,0.0,0.0,0.0,0.0,0.0,0.0,0.0,0.0,0.0,0.0,0.0,0.0,0.0,0.0,0.0,4.216264011770331,0.0,0.0,0.73326330639484,0.0,0.0,2.38310574578323,0.0,0.18331582659871,0.0,0.0,0.0,0.18331582659871,0.0,0.0,0.0,0.0,0.0,0.0,0.18331582659871,0.0,0.0,0.0,0.0,0.0,0.0,0.0,0.0,0.0,0.0,0.0,0.0,0.0,0.18331582659871,0.0,0.0,0.0,0.0,0.0,0.0,0.0,0.0,0.0,0.0,0.0,0.0,0.0,0.0,0.18331582659871,0.0,0.0,0.0,0.0,0.0,0.0,0.0,0.0,0.0,0.0,0.0,0.0,0.0,0.0,0.0,0.0,0.0,0.0,0.0,0.0,0.0,0.0,0.0,0.0,0.0,0.0,0.0,0.0,1.6498424393883901,0.0,0.0,0.0,0.0,0.0,0.0,0.0,0.0,0.0,0.0,0.0,0.0,0.0,0.0,0.0,0.0,0.0,0.0,0.0,0.0,0.0,0.0,0.0,0.0,0.18331582659871,0.0,0.0,0.0,0.0,0.0,0.0,0.0,0.0,0.0,0.0,0.0,0.0,1.09989495959226,0.0,0.18331582659871,0.0,0.54994747979613,0.0,0.0,0.0,0.0,0.0,0.0,0.0,0.0,0.0,0.0,0.0
0.0,0.0,0.0,0.0,0.0,0.0,0.0,0.0,0.36663165319742,0.36663165319742,0.0,0.0,0.0,0.0,0.0,0.0,0.0,0.0,0.0,0.0,0.0,0.0,0.18331582659871,0.0,0.0,0.91657913299355,0.0,0.0,0.18331582659871,0.0,0.0,0.0,1.46652661278968,0.0,0.0,0.0,0.0,0.0,0.18331582659871,0.0,0.0,0.0,0.0,0.0,0.0,0.0,0.0,0.36663165319742,0.0,0.0,0.0,0.0,0.54994747979613,0.0,0.0,0.0,0.0,0.0,0.0,0.0,0.0,0.0,0.0,0.0,0.0,0.0,0.0,0.0,0.0,0.0,0.0,0.18331582659871,0.0,0.0,0.0,0.0,0.0,0.18331582659871,0.0,0.0,0.9165791329935501,0.0,0.0,0.0,0.0,0.0,0.0,0.0,0.0,0.0,0.0,0.0,0.0,0.0,0.0,0.0,0.0,0.0,0.0,0.0,0.0,0.0,0.0,0.0,0.0,0.0,0.0,0.0,0.0,0.0,0.0,0.0,0.0,0.0,0.0,0.0,0.0,0.0,0.0,0.0,0.0,0.0,0.0,0.0,0.0,0.0,0.0,0.0,0.0,0.0,0.0,0.0,0.0,0.0,0.0,0.0,0.0,0.0,0.0,0.0,0.0,0.0,0.0,0.0,0.0,0.0,0.0,0.0,0.0,0.0,0.0,0.0,0.0,0.0,0.0,0.0,0.0,0.0,0.0,0.0,0.0,0.0,0.0,0.0,0.0,0.0,0.0,0.0,0.0,0.0,0.0,0.0,0.0,0.0,0.0,0.0,0.0,0.18331582659871,0.36663165319742,0.0,0.0,0.0,0.0,0.0,0.0,0.0,0.0,0.0,0.0,0.0,0.0,0.0,0.0,0.0,0.54994747979613,0.0,0.0,0.18331582659871,0.0,0.18331582659871,0.0,0.0,0.0,0.0,0.0,0.0,0.0,0.0,0.0,0.0,0.0,0.0,0.0,0.0,0.0,0.18331582659871,0.0,0.0,0.0,0.0,0.0,0.18331582659871,0.0,0.18331582659871,0.18331582659871,0.0,0.0,0.0,0.18331582659871,0.0,0.0,0.0,0.0,0.0,0.0,0.0,0.0,0.18331582659871,0.0,0.0,0.0,0.0,0.0,0.18331582659871,0.0,0.0,0.0,0.0,0.18331582659871,0.0,0.18331582659871,0.0,0.0,0.0,0.0,0.0,0.0,0.0,0.0,0.0,0.0,0.0,0.0,0.0,0.0,0.0,0.0,0.0,0.18331582659871,0.0,0.0,0.0,0.0,0.0,0.0,0.0,0.0,0.0,0.0,0.0,0.0,0.0,0.0,0.0,0.0,0.18331582659871,0.0,0.0,0.0,0.0,0.0,0.0,0.0,0.0,0.0,0.0,0.0,0.0,0.0,0.0,0.0,0.0,0.0,0.18331582659871,0.0,0.0,0.0,0.0,0.0,0.0,0.0,0.0,0.0,0.0,0.0,0.0,0.0,0.0,0.0,0.0,0.0,0.0,0.0,0.18331582659871,0.0,0.36663165319742,0.0,0.0,0.0,0.36663165319742,0.0,0.0,0.0,0.0,0.0,0.0,0.0,0.0,0.0,0.0,0.0,0.0,0.0,0.0,0.0
0.0,0.54994747979613,0.54994747979613,1.09989495959226,0.0,2.566421572381941,0.91657913299355,0.18331582659871,0.18331582659871,1.6498424393883901,0.36663165319742,0.0,0.36663165319742,1.28321078619097,0.18331582659871,0.0,0.0,2.5664215723819397,0.0,0.0,2.016474092585811,0.0,12.648792035310986,0.0,0.54994747979613,0.0,0.0,0.0,0.18331582659871,1.09989495959226,0.0,0.18331582659871,0.54994747979613,0.0,0.0,0.18331582659871,0.0,0.0,0.18331582659871,0.0,0.18331582659871,0.36663165319742,5.682790624560007,3.2996848787767816,0.54994747979613,0.0,0.54994747979613,0.18331582659871,1.28321078619097,1.09989495959226,0.0,0.0,3.1163690521780762,0.36663165319742,0.0,2.016474092585815,0.0,0.18331582659871,0.0,0.0,0.36663165319742,0.73326330639484,0.18331582659871,1.46652661278968,0.0,0.36663165319742,0.0,0.54994747979613,0.0,0.0,0.0,0.54994747979613,0.0,0.0,0.54994747979613,0.0,0.0,9.349107156534224,0.0,0.0,0.73326330639484,0.0,12.83210786190971,0.0,0.0,0.18331582659871,0.0,0.18331582659871,0.36663165319742,0.0,0.0,0.0,0.0,12.098844555514873,0.0,0.0,0.0,0.0,0.0,0.0,0.0,0.0,0.18331582659871,0.0,0.0,0.0,0.18331582659871,0.18331582659871,0.0,0.0,0.0,0.0,0.0,0.0,4.032948185171614,0.18331582659871,0.73326330639484,0.0,0.0,0.18331582659871,6.782685584152263,0.18331582659871,0.18331582659871,0.18331582659871,0.36663165319742,0.0,0.0,0.0,4.032948185171621,0.36663165319742,0.0,0.0,0.18331582659871,0.0,0.54994747979613,0.0,0.0,0.0,0.0,0.0,0.18331582659871,0.0,0.36663165319742,0.0,0.18331582659871,0.18331582659871,0.18331582659871,0.0,0.0,0.0,0.36663165319742,0.0,0.0,0.18331582659871,0.0,2.0164740925858102,0.0,0.0,0.0,0.0,0.0,0.0,0.0,0.0,0.0,0.0,0.0,0.18331582659871,0.0,0.0,0.18331582659871,0.18331582659871,0.0,0.0,0.0,0.0,0.0,0.91657913299355,0.18331582659871,0.0,0.0,0.0,0.0,0.0,0.0,0.0,1.8331582659871,0.18331582659871,0.0,0.73326330639484,0.18331582659871,0.0,0.18331582659871,0.0,1.09989495959226,0.0,0.0,2.19978991918452,0.0,0.9165791329935501,0.54994747979613,0.0,0.0,0.0,0.0,0.0,0.0,0.0,0.0,0.0,0.0,0.0,1.6498424393883901,0.0,0.36663165319742,0.0,0.0,0.0,0.0,0.0,0.0,0.18331582659871,10.449002116126469,5.866106451158721,2.9330532255793598,0.18331582659871,0.0,2.0164740925858102,0.18331582659871,0.0,0.0,0.0,0.0,0.18331582659871,0.0,0.0,0.18331582659871,0.0,0.0,0.18331582659871,0.0,0.0,0.0,17.41500352687746,0.0,0.18331582659871,2.19978991918452,0.0,0.18331582659871,0.0,0.73326330639484,0.0,0.0,0.0,0.18331582659871,0.0,0.0,0.0,0.0,0.0,0.0,0.0,1.6498424393883901,0.18331582659871,0.0,0.18331582659871,0.0,0.0,0.18331582659871,0.0,0.0,0.0,0.0,0.73326330639484,0.9165791329935501,0.0,0.0,0.0,0.0,0.0,0.0,2.19978991918452,0.0,1.46652661278968,0.0,0.0,0.0,0.18331582659871,0.0,0.0,0.36663165319742,0.0,0.0,0.0,0.0,0.0,0.0,0.0,0.0,0.0,0.0,0.18331582659871,0.0,0.18331582659871,0.0,0.0,0.0,0.0,0.0,0.36663165319742,0.18331582659871,0.0,0.0,0.0,0.0,0.0,0.36663165319742,0.0,0.0,0.0,0.0,0.0,0.0,0.0,0.0,0.73326330639484,0.0,0.36663165319742,2.74973739898065,0.0,0.18331582659871,0.0,0.0,0.18331582659871,0.0,0.36663165319742,0.0,0.36663165319742,0.0,0.18331582659871,0.0,0.18331582659871,0.0,0.0,0.0
0.0,0.18331582659871,0.0,1.6498424393883901,0.0,2.19978991918452,0.18331582659871,0.18331582659871,0.0,0.18331582659871,0.36663165319742,0.0,0.36663165319742,1.09989495959226,0.0,0.0,0.0,6.232738104356141,0.0,0.0,1.6498424393883901,0.0,7.515948890547107,0.18331582659871,0.0,0.18331582659871,0.0,0.0,1.09989495959226,2.0164740925858102,0.0,0.0,0.54994747979613,0.0,0.0,0.18331582659871,0.0,0.0,0.0,0.36663165319742,0.18331582659871,1.6498424393883901,0.0,2.933053225579361,0.73326330639484,0.36663165319742,0.36663165319742,0.36663165319742,0.54994747979613,0.54994747979613,0.0,0.0,2.383105745783231,0.36663165319742,0.18331582659871,0.18331582659871,0.0,0.0,0.0,0.36663165319742,0.9165791329935501,0.0,0.0,2.9330532255793598,0.18331582659871,0.0,0.0,0.73326330639484,0.0,0.18331582659871,0.0,0.18331582659871,0.18331582659871,0.18331582659871,0.0,0.0,0.0,1.46652661278968,0.0,0.0,0.54994747979613,0.0,0.0,0.0,0.0,0.36663165319742,0.0,0.73326330639484,1.28321078619097,0.0,0.0,0.0,0.0,0.54994747979613,0.36663165319742,0.0,0.0,0.18331582659871,0.0,0.0,0.0,0.0,0.73326330639484,0.0,0.0,0.0,0.0,0.0,0.0,0.0,0.0,0.0,0.0,0.73326330639484,6.78268558415227,0.0,0.73326330639484,0.0,0.36663165319742,0.18331582659871,0.9165791329935501,0.36663165319742,0.18331582659871,0.36663165319742,0.0,0.0,0.0,0.0,1.09989495959226,0.18331582659871,0.0,0.0,0.0,0.18331582659871,0.54994747979613,0.0,0.0,0.0,0.0,0.0,0.0,0.36663165319742,0.18331582659871,0.0,0.0,0.0,0.0,0.0,0.0,0.0,1.6498424393883901,0.0,0.0,0.18331582659871,0.0,0.36663165319742,0.0,0.18331582659871,0.0,0.0,0.0,0.0,0.0,0.0,0.0,0.18331582659871,0.0,0.18331582659871,0.0,0.0,0.0,0.0,0.0,0.0,0.18331582659871,0.0,0.18331582659871,13.198739515107132,0.18331582659871,0.0,0.0,0.0,0.0,0.0,0.54994747979613,0.0,3.1163690521780696,0.0,0.0,0.0,0.18331582659871,0.0,0.0,0.0,0.18331582659871,0.0,0.54994747979613,1.6498424393883901,0.0,0.36663165319742,0.0,0.0,0.0,0.0,0.18331582659871,0.0,0.18331582659871,0.0,0.0,0.0,0.0,0.0,0.73326330639484,0.18331582659871,0.0,0.18331582659871,0.0,0.0,0.0,0.0,0.0,0.0,9.532422983132925,10.44900211612648,4.032948185171621,0.0,0.36663165319742,0.0,0.0,0.0,0.0,0.0,0.0,0.36663165319742,0.0,0.0,0.0,0.0,0.0,0.0,0.0,0.0,0.0,0.18331582659871,0.0,0.0,0.54994747979613,0.0,0.0,0.0,0.91657913299355,0.0,0.0,0.0,0.0,0.0,0.0,0.0,0.0,0.18331582659871,0.54994747979613,0.0,0.73326330639484,0.0,0.0,0.0,0.0,0.0,0.0,0.0,0.0,0.18331582659871,0.0,5.682790624560003,4.032948185171622,0.0,0.0,0.18331582659871,0.18331582659871,0.0,0.0,0.0,0.0,0.0,0.0,0.0,0.0,0.0,0.0,0.0,0.0,0.18331582659871,0.0,0.0,0.0,0.0,0.18331582659871,0.0,0.0,0.0,0.0,0.0,0.0,0.0,0.0,0.0,0.0,0.0,0.0,0.0,0.0,0.0,0.0,0.0,0.0,0.0,0.18331582659871,0.0,0.0,0.0,0.0,0.18331582659871,0.0,0.54994747979613,0.0,0.0,0.0,1.28321078619097,0.18331582659871,0.0,0.0,0.0,0.36663165319742,0.0,0.0,0.0,0.0,0.0,0.0,0.0,0.0,0.36663165319742,0.0,0.0,0.0
0.0,0.36663165319742,0.0,0.73326330639484,0.0,0.36663165319742,0.18331582659871,0.0,0.0,0.36663165319742,0.9165791329935501,0.36663165319742,0.36663165319742,0.54994747979613,0.0,0.0,0.0,0.73326330639484,0.0,0.0,0.18331582659871,0.0,6.04942227775744,0.18331582659871,0.0,0.0,0.0,0.0,0.18331582659871,2.3831057457832303,0.54994747979613,0.0,0.18331582659871,0.0,0.0,0.0,0.18331582659871,0.0,0.0,0.0,0.18331582659871,0.0,0.0,0.54994747979613,0.0,0.54994747979613,0.0,0.36663165319742,0.54994747979613,0.54994747979613,0.0,0.0,1.09989495959226,0.18331582659871,0.0,4.03294818517162,0.0,0.0,0.0,0.0,0.18331582659871,8.61584385013937,0.0,0.36663165319742,0.0,0.0,0.0,0.18331582659871,0.0,0.0,0.0,6.782685584152286,0.0,0.0,0.0,0.0,0.0,0.73326330639484,0.0,0.0,0.18331582659871,0.0,0.0,0.0,0.0,0.0,0.0,0.0,0.54994747979613,0.0,0.0,0.0,0.0,0.0,0.0,0.0,0.0,0.0,0.0,0.0,0.54994747979613,0.0,0.0,0.0,0.0,0.36663165319742,0.0,0.0,0.0,0.0,0.0,0.0,0.0,0.0,0.36663165319742,0.0,0.18331582659871,0.18331582659871,0.0,0.0,0.0,0.54994747979613,0.0,0.0,0.18331582659871,0.0,0.0,0.9165791329935501,1.28321078619097,0.0,0.54994747979613,0.0,0.0,0.0,0.36663165319742,0.0,0.18331582659871,0.0,0.0,0.0,0.18331582659871,0.0,0.0,0.0,0.0,0.0,0.0,0.0,0.0,0.0,0.73326330639484,0.0,0.0,0.0,0.0,0.18331582659871,0.0,0.0,0.0,0.0,0.0,0.0,2.5664215723819472,0.0,0.0,0.0,0.0,0.0,0.0,0.0,0.54994747979613,0.0,0.0,0.0,0.18331582659871,0.0,0.0,0.9165791329935501,0.0,0.0,0.0,0.0,0.0,0.0,0.18331582659871,0.0,0.36663165319742,0.0,0.0,0.36663165319742,0.36663165319742,0.0,0.0,0.0,0.0,0.0,0.0,0.54994747979613,0.0,5.316158971362593,0.0,0.0,0.0,0.0,0.0,0.0,0.0,0.0,0.0,0.0,0.0,0.0,0.0,0.0,0.0,0.0,0.0,0.18331582659871,0.0,0.0,0.18331582659871,0.0,1.6498424393883901,1.09989495959226,1.6498424393883901,0.0,0.73326330639484,0.0,0.0,0.0,0.0,0.0,0.0,0.18331582659871,0.0,0.0,0.0,0.18331582659871,0.0,0.0,0.0,0.0,0.0,0.0,0.0,0.36663165319742,0.0,0.0,0.0,0.0,0.0,0.0,0.0,0.0,0.0,0.0,0.0,0.0,0.0,0.0,0.0,0.0,0.36663165319742,0.0,0.0,0.0,0.0,0.0,0.0,0.0,0.0,0.0,0.0,0.0,0.73326330639484,0.0,0.0,0.0,0.0,0.0,0.0,0.0,0.0,0.0,0.0,0.0,0.0,0.0,1.649842439388395,0.0,0.18331582659871,0.0,0.0,0.0,0.0,0.0,0.0,0.0,0.0,0.0,0.0,0.0,0.0,0.0,0.0,0.0,0.0,0.0,0.0,0.0,0.0,0.0,0.0,0.0,0.0,0.0,0.18331582659871,0.0,0.0,0.0,0.0,0.0,0.0,0.0,0.0,0.18331582659871,0.0,0.18331582659871,0.54994747979613,0.0,0.0,0.0,0.0,0.0,0.0,0.0,0.0,0.0,0.0,0.0,0.0,0.0,0.0,0.0,0.0
0.0,0.36663165319742,0.0,0.0,0.0,0.0,0.0,0.0,0.0,0.18331582659871,0.0,0.0,0.0,0.54994747979613,0.0,0.0,0.0,0.0,0.0,0.0,0.0,0.0,0.0,0.0,0.0,0.0,0.0,0.0,0.0,0.0,0.18331582659871,0.18331582659871,0.0,0.0,0.0,0.0,0.0,0.0,0.0,0.0,0.18331582659871,0.0,0.0,5.866106451158727,0.0,0.0,0.0,1.28321078619097,0.0,0.0,0.0,0.0,0.73326330639484,0.0,0.0,0.0,0.0,0.36663165319742,0.0,0.18331582659871,0.9165791329935501,0.18331582659871,0.0,0.0,0.0,0.0,0.0,0.73326330639484,0.0,0.0,0.0,0.18331582659871,0.0,0.0,0.0,0.0,0.0,0.0,0.0,0.0,0.18331582659871,0.0,0.0,0.0,0.0,0.0,0.0,0.0,1.09989495959226,0.0,0.0,0.0,0.0,0.18331582659871,0.0,0.0,0.0,0.0,0.0,0.0,0.0,0.0,0.0,0.0,0.0,0.0,0.0,0.0,0.0,0.0,0.0,0.0,0.0,0.0,0.0,0.0,0.0,0.0,0.0,0.0,0.0,0.0,0.0,0.36663165319742,0.0,0.0,0.0,0.0,0.0,0.0,0.18331582659871,0.0,0.0,0.0,0.0,0.0,0.0,0.0,0.0,0.0,0.18331582659871,0.0,0.0,0.0,0.0,0.0,0.0,0.0,0.0,0.0,0.0,0.0,0.0,0.0,0.0,0.0,0.0,0.0,0.18331582659871,0.0,0.0,0.0,0.0,0.18331582659871,0.18331582659871,3.8496323585729137,0.0,0.0,0.0,0.0,0.0,0.54994747979613,0.0,0.0,0.0,0.0,0.0,1.46652661278968,0.0,0.0,0.18331582659871,0.0,0.36663165319742,0.36663165319742,0.0,0.0,0.0,0.0,0.0,0.0,0.0,0.0,0.18331582659871,0.0,0.0,0.0,0.0,0.0,0.0,0.18331582659871,0.0,0.0,0.0,0.0,0.0,0.0,0.18331582659871,0.0,0.0,0.0,0.0,0.0,0.0,0.36663165319742,0.0,0.0,2.19978991918452,0.0,0.0,0.0,0.0,0.0,0.18331582659871,0.0,0.0,3.4830007053754914,0.0,0.36663165319742,0.0,0.0,0.0,0.0,0.0,0.0,0.0,0.0,0.0,0.0,0.0,0.0,0.0,0.0,0.0,0.18331582659871,0.0,0.0,0.0,0.18331582659871,0.0,0.18331582659871,0.0,0.0,0.0,0.0,0.0,0.0,0.0,0.0,0.0,0.18331582659871,0.18331582659871,0.0,0.0,0.0,0.0,0.18331582659871,0.0,0.0,0.0,0.0,0.0,0.0,0.0,0.0,0.0,0.0,0.0,0.0,0.0,0.0,0.0,0.0,0.0,0.18331582659871,0.18331582659871,0.0,0.0,0.0,0.0,0.0,0.0,0.0,0.36663165319742,0.0,0.0,0.0,0.0,2.74973739898065,0.0,0.0,0.0,0.0,0.0,0.0,0.0,0.0,0.0,0.0,0.0,0.0,0.0,0.0,0.0,0.0,0.0,0.0,0.0,0.18331582659871,0.0,0.0,0.0,0.18331582659871,0.0,0.0,0.0,0.0,0.0,0.0,0.0,0.0,0.0,0.0,0.0,0.0,0.0,0.0,0.0,0.0,0.0,0.0,0.0,0.36663165319742,0.0,0.0,0.0
0.18331582659871,0.36663165319742,0.0,0.18331582659871,0.36663165319742,0.18331582659871,0.36663165319742,0.36663165319742,0.18331582659871,0.36663165319742,1.6498424393883913,0.91657913299355,0.18331582659871,12.648792035310993,0.18331582659871,0.18331582659871,0.0,0.36663165319742,0.18331582659871,0.18331582659871,19.614793446062,0.0,0.36663165319742,0.18331582659871,0.0,0.0,0.0,0.0,0.54994747979613,0.54994747979613,0.0,0.0,0.36663165319742,0.36663165319742,0.0,0.0,0.73326330639484,0.0,0.0,0.0,0.54994747979613,0.0,0.36663165319742,1.09989495959226,0.18331582659871,1.8331582659871,0.36663165319742,0.73326330639484,0.36663165319742,3.6663165319741995,0.0,0.0,0.54994747979613,0.54994747979613,0.0,0.54994747979613,0.0,0.0,0.0,0.0,0.0,0.18331582659871,0.0,0.73326330639484,0.0,0.18331582659871,0.18331582659871,6.782685584152265,0.0,0.36663165319742,0.0,0.9165791329935501,0.36663165319742,0.18331582659871,0.18331582659871,0.0,0.0,1.28321078619097,0.0,0.0,0.18331582659871,0.0,0.0,0.0,0.0,0.18331582659871,0.0,0.36663165319742,0.36663165319742,0.0,0.0,0.0,0.0,0.0,0.9165791329935501,0.18331582659871,0.0,0.0,0.0,0.0,0.0,0.0,0.54994747979613,0.0,0.0,0.0,0.0,0.18331582659871,0.0,0.0,0.0,0.0,0.0,0.0,0.18331582659871,0.0,0.54994747979613,2.1997899191845214,0.18331582659871,0.0,0.18331582659871,0.36663165319742,0.18331582659871,0.0,0.9165791329935501,0.0,0.0,0.0,0.18331582659871,0.0,0.0,0.0,0.73326330639484,0.36663165319742,0.18331582659871,0.0,0.18331582659871,0.0,0.0,0.18331582659871,0.9165791329935501,0.0,0.0,0.18331582659871,0.0,0.0,1.46652661278968,0.0,0.0,0.0,0.0,0.0,0.36663165319742,0.18331582659871,0.0,0.0,0.0,0.0,0.0,0.0,0.0,0.0,0.73326330639484,0.0,0.0,0.18331582659871,0.0,0.0,0.0,0.54994747979613,0.0,0.0,0.0,0.0,0.0,0.0,0.0,0.18331582659871,0.0,0.0,0.0,0.18331582659871,0.0,0.0,0.18331582659871,0.0,0.54994747979613,0.0,0.0,0.36663165319742,0.0,0.36663165319742,0.0,0.0,0.0,0.73326330639484,0.18331582659871,0.73326330639484,0.0,0.18331582659871,0.0,0.0,0.0,0.0,0.0,0.0,0.0,0.0,0.0,0.0,0.0,0.0,0.0,0.0,0.0,0.0,0.18331582659871,0.0,0.0,0.0,0.18331582659871,0.0,0.0,0.18331582659871,0.54994747979613,0.0,6.599369757553565,0.0,0.0,0.0,0.0,0.0,0.0,2.19978991918452,0.0,0.0,0.0,0.36663165319742,0.0,0.0,0.0,0.0,0.18331582659871,0.0,0.0,0.0,0.0,0.36663165319742,0.0,0.0,0.0,0.0,0.0,0.0,0.0,0.0,0.0,0.0,0.0,0.0,0.36663165319742,0.0,0.0,0.0,0.0,0.0,0.0,0.0,0.0,0.0,0.0,0.0,0.0,0.18331582659871,0.18331582659871,0.0,0.0,0.0,0.0,0.0,0.18331582659871,0.0,0.0,0.0,0.0,0.0,0.18331582659871,0.0,0.0,0.0,0.0,0.0,0.0,0.0,0.0,0.0,0.0,0.0,0.0,0.0,0.0,0.0,0.0,0.0,0.0,0.73326330639484,0.0,0.0,0.0,0.0,0.0,0.0,0.0,0.0,0.0,0.0,0.91657913299355,0.0,0.0,0.0,0.0,0.0,0.0,0.0,0.18331582659871,0.0,0.0,0.18331582659871,0.0,0.0,0.0,0.0,0.0,0.18331582659871,0.0,0.0,0.0,0.0,0.0,0.0,0.0,0.0,0.0,0.0,0.0
0.0,0.18331582659871,0.0,0.18331582659871,0.0,0.18331582659871,0.18331582659871,0.0,0.0,0.0,0.18331582659871,0.0,0.0,0.36663165319742,0.0,0.0,0.0,0.18331582659871,0.0,0.0,0.0,0.0,0.18331582659871,0.0,0.0,0.0,0.0,0.0,0.0,0.0,0.18331582659871,0.0,0.0,0.0,0.0,0.0,0.0,0.0,0.0,0.0,0.0,0.18331582659871,0.18331582659871,0.18331582659871,0.0,0.0,0.0,0.0,0.0,0.0,0.0,0.0,0.18331582659871,0.0,0.0,0.73326330639484,0.0,0.0,0.0,0.73326330639484,1.09989495959226,0.0,0.0,0.0,0.0,0.0,0.0,0.0,0.0,0.18331582659871,0.0,0.0,0.18331582659871,0.0,0.54994747979613,0.0,0.18331582659871,0.18331582659871,0.0,0.0,0.0,0.0,0.18331582659871,0.0,0.0,0.0,0.0,0.54994747979613,0.0,0.0,0.0,0.0,0.0,0.36663165319742,0.0,0.0,0.0,0.0,0.0,0.0,0.0,0.0,0.0,0.0,0.0,0.0,0.0,0.0,0.0,0.0,0.0,0.0,0.0,0.0,0.18331582659871,0.0,0.0,0.0,0.0,0.0,0.0,0.0,0.0,0.18331582659871,0.0,0.0,0.0,0.0,0.0,0.0,1.28321078619097,0.0,0.0,0.0,0.0,0.0,0.0,0.0,0.0,0.0,0.0,0.0,0.0,0.0,0.0,0.0,0.0,0.0,0.0,0.0,0.0,0.0,0.0,0.0,0.0,0.0,0.0,0.0,0.0,0.0,0.0,0.0,0.0,0.0,0.0,0.0,0.0,0.0,0.0,0.0,0.0,0.18331582659871,0.0,0.0,0.0,0.0,0.0,0.54994747979613,0.0,0.0,0.0,0.18331582659871,0.0,0.0,0.0,0.0,0.0,0.0,0.0,0.0,0.0,0.0,0.18331582659871,0.0,0.0,0.0,0.18331582659871,0.0,0.0,0.0,0.54994747979613,0.0,0.0,0.0,0.0,0.0,0.0,0.0,0.0,0.0,0.0,0.0,0.0,0.18331582659871,0.18331582659871,0.0,0.18331582659871,0.0,0.0,0.0,0.18331582659871,0.0,0.36663165319742,0.18331582659871,0.0,0.0,0.0,0.36663165319742,0.0,0.0,0.0,0.0,0.0,0.91657913299355,0.0,0.0,0.0,0.0,0.0,0.0,0.0,0.0,0.18331582659871,0.0,0.0,0.54994747979613,0.0,0.0,0.0,0.36663165319742,0.0,0.18331582659871,0.0,0.0,0.0,0.0,0.0,0.0,0.0,0.36663165319742,0.0,0.0,0.0,0.0,0.0,0.0,0.0,0.0,0.0,0.0,0.0,0.0,0.0,0.0,0.0,0.18331582659871,0.0,0.0,0.0,0.0,0.0,0.0,0.0,0.54994747979613,0.0,0.0,0.18331582659871,0.0,0.0,0.0,0.54994747979613,0.0,0.54994747979613,0.0,0.0,0.0,0.0,0.18331582659871,0.0,0.0,0.0,0.0,0.0,0.0,0.0,0.0,0.0,0.0,0.0,0.0,0.0,0.0,0.0,0.0,0.0,1.09989495959226,0.0,0.0,0.0,0.0,0.0,0.18331582659871,0.0,0.0,0.0,0.0,0.0,0.0,0.0,0.0,0.0,0.0,0.0,0.0,0.0,0.0,0.0,0.0,0.0,0.0,0.0,1.28321078619097,0.0,0.0,0.0
0.0,0.18331582659871,0.0,0.0,0.0,0.36663165319742,0.18331582659871,0.0,0.0,0.0,0.0,0.0,0.0,0.18331582659871,0.0,0.0,0.0,0.0,0.0,0.0,0.0,0.0,0.0,0.0,0.0,0.18331582659871,0.0,0.0,0.0,0.0,0.0,0.0,0.18331582659871,0.0,0.0,0.0,0.0,0.0,0.0,0.0,0.0,0.0,0.0,0.0,0.0,0.0,0.0,0.0,0.0,0.0,0.0,0.0,0.73326330639484,0.36663165319742,0.0,0.0,0.0,0.0,0.18331582659871,1.28321078619097,0.9165791329935501,0.0,0.0,0.0,0.0,0.0,0.0,0.0,0.9165791329935501,0.0,0.0,0.0,0.0,0.0,0.0,0.0,0.18331582659871,0.0,0.0,0.0,0.54994747979613,0.0,0.54994747979613,0.0,0.18331582659871,0.0,0.0,0.0,0.0,0.0,0.0,0.0,0.0,0.0,0.0,0.0,0.0,0.0,0.0,0.0,0.0,0.0,0.0,0.0,0.0,0.0,0.0,0.0,0.0,0.0,0.0,0.0,0.0,0.0,0.0,0.0,0.0,0.0,0.0,0.18331582659871,0.18331582659871,0.0,0.0,0.36663165319742,0.0,0.0,0.0,0.0,0.0,0.0,0.18331582659871,0.0,0.0,0.0,0.0,0.0,0.18331582659871,0.0,0.0,0.0,0.0,0.0,0.0,0.0,0.0,0.0,0.0,0.0,0.0,0.0,0.0,0.0,0.0,0.0,0.0,0.0,0.0,0.0,0.18331582659871,0.0,0.0,0.0,0.0,0.0,0.0,0.0,0.0,0.0,0.0,0.0,0.0,0.0,0.0,0.0,0.0,0.0,0.0,0.73326330639484,0.0,0.0,0.0,0.0,0.0,0.0,0.0,0.0,0.0,0.0,0.0,0.0,0.0,0.0,0.0,0.0,0.0,0.0,0.0,0.0,0.0,0.0,0.18331582659871,0.0,0.0,0.0,0.54994747979613,0.0,0.0,0.0,0.0,0.0,0.0,0.0,0.54994747979613,0.73326330639484,0.0,0.0,0.0,0.0,0.54994747979613,0.0,0.0,0.0,0.18331582659871,0.0,0.0,0.0,0.0,0.0,1.6498424393883901,0.36663165319742,0.0,0.0,0.0,0.0,0.0,0.0,0.0,0.0,0.0,0.0,0.0,0.0,0.0,0.0,0.18331582659871,0.0,0.0,0.0,0.0,0.54994747979613,0.0,0.0,0.0,0.0,0.0,0.0,0.0,0.0,0.18331582659871,0.54994747979613,0.0,0.0,0.0,0.0,0.0,0.0,0.0,0.0,0.0,0.18331582659871,0.0,0.0,0.0,0.0,0.0,0.0,0.0,0.0,0.0,0.0,0.0,0.0,0.0,0.73326330639484,0.18331582659871,0.18331582659871,0.18331582659871,0.0,0.0,0.0,0.36663165319742,0.0,8.982475503336786,0.0,0.0,0.0,0.73326330639484,0.18331582659871,0.0,0.0,0.18331582659871,0.0,0.0,0.0,0.0,0.0,0.0,0.0,0.0,0.0,0.0,0.0,0.0,0.0,0.0,0.0,0.0,0.0,0.0,0.0,0.0,0.18331582659871,0.0,0.0,0.18331582659871,0.0,0.0,0.0,0.0,0.0,0.0,0.0,0.0,0.0,0.0,0.0,0.0,0.0,0.0,0.0,0.0,0.0,0.0,0.0,0.0
0.0,0.0,0.0,0.0,0.0,0.0,0.0,0.0,0.0,0.0,0.0,0.0,0.0,0.0,0.0,0.0,0.0,0.0,0.0,0.0,0.0,0.0,0.0,0.0,0.0,0.18331582659871,0.0,0.0,0.18331582659871,0.0,0.0,0.0,0.0,0.0,0.0,0.0,0.0,0.0,0.36663165319742,0.0,0.0,0.0,0.0,0.0,0.0,0.0,0.0,0.0,0.0,0.0,0.0,0.0,0.54994747979613,0.0,0.0,0.0,0.0,0.0,0.0,0.18331582659871,0.0,0.0,0.0,0.0,0.0,0.0,0.0,0.0,0.0,0.0,0.0,0.0,0.0,0.0,0.0,0.0,0.18331582659871,0.0,0.0,0.0,0.54994747979613,0.0,0.0,0.0,0.0,0.0,0.0,0.0,0.0,0.0,0.0,0.0,0.0,0.0,0.0,0.0,0.0,0.0,0.0,0.0,0.0,0.0,0.0,0.0,0.0,0.0,0.0,0.0,0.0,0.0,0.0,0.0,0.0,0.0,0.0,0.73326330639484,0.0,0.0,0.0,0.0,0.18331582659871,0.0,0.0,0.0,0.18331582659871,0.0,0.0,0.0,0.0,0.0,0.0,0.0,0.0,0.0,0.0,0.0,0.0,0.0,0.0,0.0,0.0,0.0,0.18331582659871,0.0,0.0,0.0,0.0,0.0,0.0,0.0,0.0,0.0,0.0,0.0,0.0,0.0,0.0,0.0,0.0,0.0,0.0,0.0,0.0,0.0,0.0,0.0,0.0,0.0,0.0,0.0,0.0,0.0,0.0,0.0,0.0,0.0,0.0,0.36663165319742,0.0,0.0,0.0,0.0,0.0,0.18331582659871,0.0,0.0,0.0,0.18331582659871,0.0,0.0,0.0,0.0,0.0,0.0,0.0,0.0,0.0,0.0,0.0,0.0,0.73326330639484,0.0,0.0,0.0,0.0,0.0,0.0,0.0,0.0,0.0,0.18331582659871,0.0,0.0,0.0,0.0,0.36663165319742,0.0,0.0,0.0,0.18331582659871,0.0,0.0,0.0,0.0,0.0,0.0,0.0,0.0,0.54994747979613,1.28321078619097,0.0,0.0,0.0,0.0,0.0,0.0,0.0,0.0,0.0,0.0,0.0,0.0,0.0,0.9165791329935501,0.0,0.0,0.0,0.0,0.0,0.18331582659871,0.0,0.0,0.0,0.0,0.18331582659871,0.0,0.0,0.18331582659871,0.0,0.18331582659871,0.0,0.0,0.0,0.0,0.0,0.0,0.0,0.0,0.0,0.0,0.0,0.0,0.0,0.36663165319742,0.0,0.0,0.0,0.0,0.0,0.0,0.0,0.0,0.0,0.18331582659871,0.0,0.0,0.0,0.0,0.0,0.0,0.36663165319742,0.0,0.0,0.0,0.0,0.0,0.0,0.18331582659871,0.0,0.0,0.0,0.0,0.0,0.0,0.0,0.0,0.0,0.0,0.0,0.0,0.0,0.0,0.0,0.0,0.0,0.0,0.0,1.09989495959226,0.0,0.0,0.0,0.18331582659871,0.0,0.0,0.0,0.0,0.0,0.0,0.0,0.0,0.0,0.0,0.0,0.0,0.0,0.0,0.0,0.0,0.0,0.0,0.0,0.0,0.0,0.0,0.0
0.0,0.0,0.0,0.0,0.0,0.0,0.18331582659871,0.0,0.36663165319742,0.0,0.0,0.0,0.0,0.18331582659871,0.0,0.0,0.0,0.0,0.0,0.0,0.0,0.0,0.0,0.0,0.0,0.18331582659871,0.0,0.0,0.0,0.0,0.0,0.0,0.0,0.0,0.18331582659871,0.0,0.0,0.0,0.0,0.0,0.0,0.0,0.0,0.0,0.0,0.0,0.0,0.0,0.0,0.0,0.0,0.0,0.36663165319742,0.0,0.0,0.0,0.0,0.0,0.0,0.0,0.0,0.0,0.0,0.0,0.0,0.0,0.0,0.0,0.54994747979613,0.0,0.0,0.0,0.0,0.0,0.0,0.0,0.0,0.0,0.0,0.0,0.36663165319742,0.0,0.0,0.0,0.0,0.0,0.0,0.36663165319742,0.0,0.0,0.0,0.0,0.0,0.0,0.0,0.0,0.18331582659871,0.0,0.0,0.0,0.0,0.0,0.0,0.0,0.0,0.0,0.0,0.0,0.0,0.0,0.0,0.0,0.0,0.0,0.0,0.0,0.0,0.0,0.0,0.0,0.0,0.0,0.0,0.0,0.0,0.0,0.0,0.0,0.0,0.0,0.0,0.0,0.0,0.0,0.0,0.0,0.0,0.0,0.0,0.0,0.0,0.0,0.0,0.0,0.0,0.0,0.0,1.6498424393883901,0.0,0.0,0.0,0.0,0.0,0.0,0.0,0.0,0.0,0.0,0.0,0.0,0.0,0.0,0.0,0.0,0.0,0.0,0.0,0.0,0.0,0.0,0.0,0.0,0.0,0.0,0.0,0.0,0.0,0.18331582659871,0.0,0.0,0.0,0.0,0.0,0.0,0.0,0.0,0.0,2.38310574578323,0.0,0.0,0.0,0.0,0.0,0.0,0.0,0.0,0.0,0.0,0.0,0.0,0.0,0.0,0.0,0.0,0.0,0.0,0.0,0.0,0.0,0.0,0.36663165319742,0.0,0.0,0.0,0.0,0.0,0.0,0.0,0.0,0.0,0.0,0.18331582659871,0.0,0.0,0.0,0.0,0.0,0.0,0.18331582659871,0.0,0.91657913299355,0.0,0.0,0.0,0.0,0.0,0.0,0.18331582659871,0.18331582659871,0.0,0.0,0.0,0.0,0.0,0.0,0.0,0.0,0.0,0.18331582659871,0.0,0.0,0.0,0.0,0.0,0.36663165319742,0.0,0.0,0.0,0.0,0.0,0.0,0.0,0.0,0.0,0.0,0.0,0.0,0.0,0.0,0.0,0.0,0.36663165319742,0.0,0.0,0.0,0.0,0.0,0.0,0.9165791329935501,0.0,0.0,0.0,0.0,0.0,0.0,0.0,0.0,0.0,0.0,0.0,0.0,0.0,0.0,0.0,0.0,0.0,0.0,0.0,0.0,0.18331582659871,0.0,0.0,0.0,0.0,0.0,0.0,0.0,0.0,0.0,0.0,0.0,0.0,0.0,0.0,0.0,0.0,0.0,0.0,0.0,0.0,0.0,0.0,0.0,0.0,0.0,0.0,0.0,0.0,0.0,0.18331582659871,0.0,0.0,0.0,0.0,0.0,0.0,0.0,0.0,0.0,0.36663165319742,0.0,0.0,0.0,0.0,0.0
0.0,0.0,0.0,0.0,0.0,0.18331582659871,0.36663165319742,0.18331582659871,0.0,0.0,0.0,0.0,0.0,0.0,0.0,0.0,0.0,0.0,0.0,0.0,0.0,0.0,0.0,0.0,0.0,0.0,0.0,0.0,0.0,0.0,0.0,0.0,0.0,0.0,0.0,0.0,0.0,0.0,0.0,0.0,0.0,0.0,0.0,0.0,0.0,0.0,0.0,0.18331582659871,0.0,0.0,0.0,0.0,0.73326330639484,0.0,0.0,0.0,0.0,0.18331582659871,0.0,0.73326330639484,0.0,0.18331582659871,0.0,0.0,0.0,0.0,0.0,0.0,0.0,0.0,0.0,0.18331582659871,0.0,0.0,0.0,0.36663165319742,0.0,0.0,0.0,0.0,2.19978991918452,0.0,0.0,0.0,0.0,0.0,0.0,0.0,0.0,0.0,0.0,0.0,0.0,0.0,0.0,0.0,0.0,0.0,0.0,0.0,0.0,0.0,0.0,0.0,0.0,0.0,0.0,0.0,0.0,0.0,0.0,0.0,0.0,0.0,0.0,0.0,0.0,0.0,0.0,0.36663165319742,0.0,0.0,0.0,0.18331582659871,0.0,0.0,0.0,0.0,0.0,0.0,0.0,0.0,1.649842439388385,0.18331582659871,0.0,0.0,0.54994747979613,0.0,0.0,0.0,0.0,0.0,0.0,0.0,0.0,0.0,0.0,0.0,0.0,0.0,0.0,0.0,0.0,0.0,0.18331582659871,0.0,0.0,0.0,0.36663165319742,0.0,0.0,0.0,0.0,0.18331582659871,0.0,0.0,0.0,0.0,0.0,0.0,0.0,0.18331582659871,0.0,0.0,0.0,0.0,0.0,0.73326330639484,0.0,0.0,0.0,0.0,0.0,0.0,0.0,0.0,0.0,0.0,0.0,0.0,0.0,0.0,0.0,0.0,0.18331582659871,0.0,0.18331582659871,0.0,0.0,0.18331582659871,0.54994747979613,0.0,0.0,0.0,0.0,0.0,0.36663165319742,0.0,0.0,0.0,0.0,0.0,0.0,0.0,0.0,0.0,0.0,0.0,0.0,0.0,0.0,0.0,0.0,0.0,0.0,0.0,0.0,0.36663165319742,0.0,0.0,0.0,1.09989495959226,0.0,0.0,0.0,0.0,2.74973739898065,0.0,0.0,0.0,0.0,0.0,0.0,0.0,0.0,0.54994747979613,0.0,0.0,0.0,0.54994747979613,0.0,0.0,0.0,0.0,0.0,0.0,0.0,0.0,0.0,0.0,0.0,0.0,0.0,0.0,0.0,0.18331582659871,0.0,0.0,0.0,0.0,0.0,0.0,0.0,0.0,0.0,0.0,0.0,0.0,0.0,0.0,0.0,0.0,0.0,0.0,0.18331582659871,0.0,0.54994747979613,0.0,0.0,0.0,0.0,0.0,0.18331582659871,0.0,0.0,0.0,0.18331582659871,1.09989495959226,0.0,0.0,0.0,0.0,0.0,0.0,0.0,0.0,0.0,0.0,0.54994747979613,0.0,0.0,0.0,0.0,0.0,0.0,0.0,0.0,0.0,0.0,0.0,0.0,0.0,0.0,0.0,0.0,0.0,0.0,0.0,0.0,0.0,0.0,0.0,0.0,0.0,0.0,0.0,0.0,0.0,0.0,0.0,0.0,0.18331582659871,0.0,0.0,0.0
0.0,0.0,0.0,0.0,0.0,0.0,0.0,0.0,1.09989495959226,0.0,0.0,0.0,0.18331582659871,0.0,0.0,0.0,0.0,0.0,0.0,0.0,0.0,0.0,0.0,0.0,0.0,0.0,0.0,0.0,0.0,0.0,0.0,0.0,0.0,0.0,0.0,0.0,0.0,0.0,0.0,0.0,0.0,0.0,0.0,0.0,0.18331582659871,0.0,0.0,0.0,0.0,0.0,0.0,0.0,0.18331582659871,0.0,0.0,0.0,0.0,0.0,0.0,0.0,0.0,0.0,0.0,0.0,0.0,0.0,0.0,0.0,0.0,0.0,0.0,0.18331582659871,0.0,0.0,0.0,0.0,0.0,0.0,0.0,0.0,0.18331582659871,0.0,0.0,0.0,0.0,0.0,0.0,0.0,0.0,0.0,0.0,0.0,0.0,0.0,0.0,0.0,0.0,0.0,0.0,0.0,0.0,0.0,0.0,0.0,0.0,0.0,0.0,0.0,0.0,0.0,0.54994747979613,0.0,0.0,0.0,0.0,0.0,0.0,0.0,0.0,0.0,0.0,0.0,0.0,0.18331582659871,0.0,0.0,0.0,0.0,0.36663165319742,0.0,0.0,0.0,0.0,0.0,0.0,0.0,0.0,0.0,0.0,0.0,0.0,0.0,0.0,0.0,0.0,0.0,0.0,0.0,0.0,0.0,0.18331582659871,0.0,0.0,0.0,0.0,0.0,0.0,0.0,0.0,0.0,0.0,0.0,0.0,0.0,0.0,0.0,0.0,0.0,0.0,0.0,0.0,0.0,0.0,0.0,0.0,0.0,0.9165791329935501,0.0,0.0,0.0,0.0,0.0,0.0,0.0,0.0,0.0,0.0,0.18331582659871,0.0,0.0,0.0,0.0,0.0,0.0,0.0,0.0,0.0,0.0,0.0,0.18331582659871,0.0,0.0,0.18331582659871,0.0,0.0,0.0,0.0,0.0,0.0,0.0,0.0,0.0,0.0,0.0,0.0,0.0,0.0,0.0,0.0,0.0,0.0,0.0,0.18331582659871,0.0,0.0,0.0,0.0,0.0,0.0,0.0,0.0,0.0,1.28321078619097,0.0,0.0,0.0,0.0,0.73326330639484,0.0,0.0,0.0,0.0,0.0,0.0,0.18331582659871,0.0,0.0,0.0,0.0,0.0,0.18331582659871,0.0,0.0,0.0,0.0,0.0,0.0,0.0,0.0,0.0,0.0,0.0,0.0,0.36663165319742,0.0,0.18331582659871,0.0,0.0,0.0,0.0,0.0,0.0,0.0,0.0,0.0,0.0,0.0,0.0,0.0,0.0,0.0,0.54994747979613,0.0,0.0,0.0,0.0,0.0,0.0,0.0,0.0,0.0,0.0,0.0,0.0,0.0,0.0,0.0,0.0,0.0,0.0,0.0,0.0,0.0,0.18331582659871,0.0,0.0,0.0,0.0,0.0,0.0,0.0,0.0,0.0,0.0,0.0,0.0,0.0,0.0,0.0,0.0,0.0,0.0,0.0,0.0,0.36663165319742,0.0,0.0,0.0,0.18331582659871,0.18331582659871,0.0,0.0,0.0,0.0,0.0,0.0,0.0,0.0,0.0,0.0,0.0,0.0,0.0,0.0,0.0
0.36663165319742,0.0,0.0,0.18331582659871,0.18331582659871,0.54994747979613,0.54994747979613,0.0,0.0,0.18331582659871,0.18331582659871,0.18331582659871,0.18331582659871,0.36663165319742,0.0,0.0,0.0,1.46652661278968,0.0,0.0,0.36663165319742,0.0,0.91657913299355,0.54994747979613,1.0998949595922611,0.0,0.18331582659871,0.0,0.18331582659871,0.73326330639484,0.0,0.0,0.18331582659871,0.0,0.0,0.0,0.18331582659871,0.0,0.0,0.0,0.18331582659871,0.0,0.36663165319742,0.54994747979613,0.18331582659871,0.36663165319742,2.74973739898065,0.0,0.0,0.54994747979613,0.0,0.0,1.28321078619097,0.18331582659871,0.0,0.18331582659871,0.0,0.18331582659871,0.0,0.0,0.18331582659871,0.18331582659871,1.46652661278968,0.0,0.0,0.0,0.0,0.18331582659871,0.0,0.36663165319742,0.0,0.36663165319742,0.0,0.0,0.0,0.0,0.0,0.9165791329935501,0.0,0.0,0.0,2.9330532255793615,0.0,0.0,0.0,0.18331582659871,0.0,0.36663165319742,0.0,0.0,0.0,0.0,0.18331582659871,0.0,0.18331582659871,2.3831057457832263,0.0,0.0,0.0,0.0,0.0,0.0,0.73326330639484,0.0,0.0,0.0,0.0,0.0,0.0,0.0,0.0,0.0,0.0,0.0,0.91657913299355,0.0,0.36663165319742,0.18331582659871,0.0,0.0,0.0,0.0,0.0,0.0,0.73326330639484,0.0,0.0,0.18331582659871,0.54994747979613,0.18331582659871,0.73326330639484,0.0,0.0,0.18331582659871,0.0,0.0,1.4665266127896812,0.0,7.515948890547097,0.0,0.18331582659871,0.0,0.0,0.0,0.0,0.0,0.18331582659871,0.0,0.0,0.0,0.0,0.0,0.0,0.18331582659871,0.0,0.54994747979613,0.0,0.0,0.0,0.0,0.0,0.0,0.54994747979613,0.0,0.0,0.18331582659871,0.0,0.36663165319742,0.0,0.0,0.36663165319742,0.18331582659871,0.0,0.0,0.18331582659871,0.0,0.0,0.18331582659871,0.0,0.0,0.0,0.0,0.0,0.0,0.36663165319742,0.9165791329935512,0.36663165319742,0.0,0.0,0.73326330639484,0.18331582659871,0.0,0.0,0.0,0.0,0.18331582659871,0.54994747979613,0.73326330639484,0.0,0.36663165319742,0.0,0.0,0.0,0.0,0.0,0.0,0.0,0.0,0.0,0.0,0.0,0.0,0.0,0.0,0.18331582659871,0.0,0.0,0.18331582659871,0.0,0.0,0.18331582659871,0.0,0.73326330639484,0.54994747979613,0.73326330639484,0.0,0.9165791329935501,0.0,0.0,0.0,0.0,0.0,0.18331582659871,3.299684878776785,0.0,0.0,0.0,0.18331582659871,0.0,0.0,2.0164740925858076,0.0,0.0,0.0,0.18331582659871,0.0,0.0,0.18331582659871,0.0,0.0,0.18331582659871,0.0,0.0,0.0,0.0,0.0,0.0,0.0,0.0,0.0,0.18331582659871,0.0,0.18331582659871,0.0,0.0,0.0,0.0,0.0,0.0,0.0,0.0,0.0,0.0,0.0,0.36663165319742,0.0,0.0,0.0,0.0,0.0,0.0,0.0,0.0,0.0,0.0,0.0,0.0,0.0,0.0,0.0,0.0,0.18331582659871,0.0,0.0,0.0,0.0,0.0,0.0,0.0,0.0,0.0,0.0,0.0,0.0,0.0,0.0,0.0,0.0,0.0,0.0,0.0,0.0,0.0,0.0,0.0,0.0,0.0,0.0,0.0,1.2832107861909712,0.0,0.0,0.0,0.0,0.0,0.18331582659871,0.0,0.36663165319742,0.0,0.0,0.0,0.18331582659871,0.0,0.0,0.0,0.0,0.0,0.0,0.18331582659871,0.0,0.0,0.0,0.0,0.0,0.0
0.0,3.666316531974195,0.0,0.0,0.0,0.0,0.0,0.0,0.0,0.0,0.18331582659871,0.0,0.0,0.0,0.0,0.0,0.0,0.0,0.0,0.0,0.73326330639484,1.6498424393883901,0.0,0.0,0.0,0.0,0.0,0.18331582659871,0.18331582659871,0.0,0.0,0.0,0.18331582659871,0.0,0.0,0.73326330639484,0.18331582659871,0.0,0.0,0.0,0.0,0.0,0.0,0.0,0.36663165319742,0.0,0.0,0.0,0.18331582659871,0.0,0.0,0.0,0.0,0.0,0.0,0.0,0.0,0.0,0.0,0.0,0.36663165319742,0.0,0.0,0.0,0.0,0.18331582659871,0.0,0.0,0.0,0.0,0.0,0.0,0.0,0.0,0.0,0.0,0.0,0.0,0.18331582659871,0.0,0.18331582659871,0.0,0.0,0.0,0.0,0.0,0.18331582659871,0.54994747979613,0.0,0.0,0.0,0.0,0.0,0.0,0.0,0.0,0.0,0.0,0.0,0.0,0.0,0.0,0.0,0.36663165319742,0.54994747979613,0.0,0.0,0.0,0.0,0.0,0.0,0.0,2.383105745783231,0.0,0.0,0.0,0.0,0.36663165319742,0.0,0.0,0.0,0.36663165319742,0.0,0.0,0.73326330639484,0.0,0.18331582659871,0.0,0.0,0.0,0.0,0.0,2.01647409258581,0.0,0.0,2.19978991918452,0.73326330639484,0.0,0.9165791329935501,2.0164740925858102,0.0,0.0,0.0,1.8331582659871002,0.0,0.0,0.18331582659871,0.0,0.0,0.0,0.0,0.0,0.0,0.0,0.0,0.0,0.0,0.0,0.0,0.0,0.18331582659871,0.0,0.0,0.0,0.0,0.0,0.0,0.0,0.0,0.0,0.0,0.0,0.0,0.0,0.0,0.0,0.0,0.0,0.0,0.0,0.0,0.0,0.0,0.18331582659871,0.0,0.0,0.0,0.0,0.18331582659871,1.09989495959226,0.0,0.0,0.0,0.0,0.0,1.6498424393883901,0.18331582659871,0.0,1.09989495959226,0.0,0.0,0.0,0.0,0.0,0.36663165319742,0.0,0.0,0.0,0.36663165319742,0.0,0.0,0.0,0.0,0.0,0.0,0.0,0.0,0.0,0.0,0.0,0.0,0.0,0.0,0.0,0.0,0.0,0.0,0.0,0.0,0.0,0.0,0.0,0.0,0.0,1.28321078619097,0.0,0.0,0.0,0.0,0.0,0.0,0.0,0.0,0.0,0.0,0.0,0.0,0.0,0.0,0.0,0.0,0.0,0.0,0.0,0.0,0.0,0.36663165319742,0.0,0.18331582659871,0.0,0.0,4.399579838369044,0.0,0.0,0.0,0.0,0.0,0.73326330639484,0.0,0.0,0.54994747979613,0.0,0.0,0.0,0.0,0.0,0.0,0.0,0.0,0.0,0.18331582659871,0.0,0.18331582659871,0.0,0.0,0.0,0.0,0.0,0.0,0.0,0.0,0.0,0.0,0.0,0.0,0.0,0.0,0.0,0.0,0.0,0.0,0.0,0.54994747979613,0.0,0.18331582659871,0.0,0.0,0.18331582659871,0.0,0.0,0.0,0.0,0.36663165319742,0.0,0.0,0.36663165319742,0.18331582659871,0.0,0.18331582659871,0.0,0.0,0.0,0.73326330639484,0.0,0.0,0.0,0.0,0.0,0.0,0.0,0.0,0.0,0.0,0.0,0.36663165319742,0.0,0.0,0.0,0.0,0.0,0.0,0.0,0.0,0.0,0.0
0.0,0.0,0.18331582659871,0.0,0.0,0.0,0.0,0.0,0.0,0.0,0.18331582659871,0.18331582659871,0.0,0.18331582659871,2.19978991918452,0.36663165319742,0.0,0.0,0.0,0.73326330639484,0.0,0.0,0.0,0.0,0.0,0.0,0.0,0.0,0.0,0.0,0.0,0.0,0.0,0.0,0.0,0.0,0.0,0.0,0.0,0.0,0.0,0.0,0.73326330639484,0.0,0.0,0.36663165319742,0.0,0.0,0.0,0.0,0.0,0.0,0.0,0.0,0.18331582659871,0.0,0.0,0.0,0.0,0.0,0.0,0.54994747979613,0.0,0.0,0.0,0.18331582659871,0.0,0.18331582659871,0.0,0.0,0.0,0.18331582659871,0.0,0.0,0.0,0.0,0.0,0.54994747979613,0.0,0.0,0.0,0.0,0.0,0.0,0.0,0.0,0.0,0.0,0.0,0.18331582659871,0.0,0.0,0.18331582659871,0.0,0.0,0.0,0.0,0.18331582659871,0.0,0.0,0.0,0.0,0.0,0.0,0.0,0.0,0.0,0.0,0.0,0.0,0.0,0.0,0.0,0.0,0.0,0.0,0.0,0.0,0.0,0.0,0.0,1.46652661278968,0.9165791329935501,0.0,0.54994747979613,0.0,0.0,1.28321078619097,0.0,0.0,0.0,0.0,0.0,0.0,0.0,0.0,0.0,0.0,0.0,0.0,0.0,0.18331582659871,0.0,0.0,0.0,0.0,0.0,0.0,0.0,0.0,0.0,0.0,0.0,0.0,0.0,0.0,0.0,0.0,0.0,0.0,0.0,0.0,0.0,0.0,0.0,0.0,0.91657913299355,0.0,0.36663165319742,0.0,0.0,0.0,0.18331582659871,0.0,1.46652661278968,0.0,0.0,0.18331582659871,0.0,0.0,0.0,2.01647409258581,0.0,0.0,0.0,0.0,0.0,0.0,0.0,0.0,0.18331582659871,0.0,0.0,0.0,0.0,0.0,0.18331582659871,0.18331582659871,0.0,0.0,0.0,0.0,0.36663165319742,0.0,0.18331582659871,0.0,0.0,0.0,0.0,0.0,0.0,0.0,0.0,0.18331582659871,1.28321078619097,0.0,0.0,0.0,0.0,0.0,0.0,0.0,0.0,0.0,0.0,0.0,0.0,0.0,0.0,0.0,0.0,0.0,0.0,0.0,0.0,1.46652661278968,0.0,0.0,0.0,0.0,0.0,0.0,0.0,0.0,0.0,0.0,0.0,2.56642157238194,0.0,0.0,0.0,0.0,0.0,0.0,0.0,0.54994747979613,0.0,0.0,0.0,0.0,0.0,0.0,0.0,0.0,0.0,0.0,0.0,0.0,0.0,0.0,0.0,0.0,0.0,0.0,0.0,0.0,0.0,0.18331582659871,0.0,0.0,0.0,0.0,0.0,0.0,0.0,0.0,0.0,0.0,0.0,0.0,0.0,0.0,0.0,0.0,0.0,0.0,0.0,0.0,0.0,0.0,0.0,0.0,0.0,0.0,0.0,0.0,0.0,0.0,0.0,0.18331582659871,0.0,0.0,0.0,0.0,0.0,0.0,0.0,0.0,0.0,0.0,0.0,0.0,0.0,0.0,0.0,0.0,0.0,0.0,0.0,0.0,0.0,0.0,0.0,0.18331582659871,0.0,0.0,0.0,0.0,0.0,0.0,0.0,0.0,0.0,0.0,0.0
0.0,0.0,0.0,0.0,0.0,0.0,0.0,0.18331582659871,0.0,0.0,0.0,0.0,0.0,0.0,0.0,0.0,0.0,0.0,0.0,0.0,0.0,0.0,0.0,0.0,0.0,0.18331582659871,0.0,0.0,0.0,0.0,0.0,0.36663165319742,0.0,0.0,0.0,0.0,0.0,0.0,0.54994747979613,0.0,0.0,0.0,0.0,0.0,0.0,0.0,0.0,0.0,0.0,0.0,0.0,0.0,0.18331582659871,0.0,0.0,0.0,0.0,0.73326330639484,0.0,0.0,0.18331582659871,0.0,0.0,0.0,0.0,0.0,0.0,0.18331582659871,0.0,0.0,0.0,0.0,0.0,0.0,0.18331582659871,0.0,0.0,0.0,0.0,0.36663165319742,0.0,0.0,0.0,0.0,0.0,0.0,0.0,0.0,0.0,0.0,0.0,0.0,0.0,0.0,0.0,0.0,0.0,0.0,0.0,0.0,0.0,0.0,0.0,0.0,0.0,0.0,0.18331582659871,0.0,0.0,0.0,0.0,0.0,0.0,0.0,0.0,0.0,0.0,0.0,0.0,0.18331582659871,0.0,0.0,0.0,0.18331582659871,0.0,0.0,0.0,0.0,0.0,0.0,0.0,0.0,0.9165791329935501,0.0,0.0,0.0,0.0,0.0,0.0,0.0,0.0,0.0,0.0,0.0,0.0,0.0,0.0,0.0,0.0,0.0,0.0,0.0,0.0,0.0,0.18331582659871,0.0,0.0,0.0,0.18331582659871,0.0,0.0,0.0,0.0,0.0,0.0,0.0,0.0,0.0,0.0,0.0,0.0,0.0,0.0,0.18331582659871,0.0,0.0,0.0,0.18331582659871,0.0,0.0,0.0,0.0,0.0,0.0,0.0,0.0,0.0,0.0,0.0,0.0,0.0,0.0,0.0,0.0,0.18331582659871,0.0,0.0,0.0,0.0,0.0,0.36663165319742,0.0,0.0,0.0,0.0,0.0,0.18331582659871,0.0,0.0,0.0,0.0,0.0,0.0,0.18331582659871,0.0,0.0,0.0,0.0,0.0,0.0,0.0,0.0,0.0,0.0,0.0,0.0,0.18331582659871,0.36663165319742,0.0,0.0,0.0,1.4665266127896812,0.0,0.0,0.0,0.0,0.73326330639484,0.0,0.0,0.0,0.0,0.0,0.0,0.36663165319742,0.0,0.36663165319742,0.0,0.0,0.0,1.09989495959226,0.0,0.0,0.0,0.0,0.0,0.0,0.0,0.0,0.0,0.0,0.0,0.0,0.0,0.0,0.0,0.18331582659871,0.0,0.0,0.0,0.0,0.0,0.0,0.0,0.36663165319742,0.0,0.0,0.0,0.0,0.0,0.0,0.0,0.18331582659871,0.18331582659871,0.0,0.0,0.0,0.0,0.0,0.0,0.0,0.0,0.0,0.0,0.0,0.0,0.0,0.0,0.0,0.0,0.0,0.0,0.0,0.0,0.0,0.0,0.0,0.0,0.0,0.0,0.0,0.0,0.0,0.0,0.0,0.0,0.36663165319742,0.0,0.0,0.0,0.0,0.0,0.0,0.0,0.0,0.0,0.0,0.0,0.0,0.0,0.0,0.0,0.0,0.0,0.0,0.0,0.0,0.0,0.0,0.0,0.0,0.0,0.0,0.0,0.0,0.0
0.0,0.0,0.0,0.0,0.0,0.0,0.18331582659871,0.0,2.0164740925858102,0.0,0.18331582659871,0.0,0.0,0.0,0.0,0.0,0.0,0.0,0.0,0.36663165319742,0.18331582659871,0.0,0.36663165319742,0.0,0.0,0.18331582659871,0.0,0.18331582659871,0.36663165319742,0.36663165319742,0.0,0.0,0.18331582659871,0.0,0.0,0.0,0.0,0.0,0.0,0.0,0.0,0.0,0.0,0.0,0.0,0.0,0.0,1.09989495959226,0.18331582659871,0.0,0.18331582659871,0.0,0.54994747979613,0.0,0.0,0.0,0.0,0.0,0.0,0.0,0.18331582659871,0.0,0.0,0.0,0.0,0.0,0.0,0.0,0.0,0.0,0.0,0.18331582659871,0.0,0.0,0.0,0.0,0.0,0.0,0.0,0.0,0.73326330639484,0.0,0.0,0.0,0.0,0.0,0.0,0.18331582659871,0.0,0.0,0.0,0.0,0.0,0.0,0.0,0.0,0.0,0.0,0.0,0.0,0.0,0.0,0.0,0.0,0.0,0.0,0.0,0.0,0.0,0.0,0.54994747979613,0.18331582659871,0.0,0.0,0.0,0.0,0.0,0.0,0.0,0.0,0.0,0.0,0.0,0.18331582659871,0.0,0.0,0.0,0.0,0.0,0.0,0.0,0.18331582659871,0.0,0.0,0.36663165319742,0.0,0.0,0.0,0.0,0.0,0.0,0.0,0.0,0.0,0.0,0.0,0.0,0.0,0.0,0.0,0.18331582659871,0.0,0.0,0.0,0.0,0.0,0.0,0.0,0.0,0.0,0.0,0.0,0.0,0.0,0.0,0.0,0.0,0.0,0.0,0.0,0.18331582659871,0.0,0.0,0.0,0.0,0.0,0.0,0.18331582659871,0.0,0.0,0.18331582659871,0.0,0.0,0.0,0.0,0.0,0.18331582659871,0.0,0.0,0.18331582659871,0.0,0.0,0.0,0.0,0.0,0.0,0.0,0.0,0.0,0.18331582659871,0.0,0.0,0.18331582659871,0.0,0.0,0.0,0.0,0.0,0.0,0.0,0.0,0.0,0.0,0.0,0.18331582659871,0.54994747979613,0.0,0.0,0.0,0.0,0.0,0.18331582659871,0.0,0.0,0.36663165319742,0.0,0.18331582659871,0.0,0.0,0.0,0.0,0.0,0.73326330639484,0.18331582659871,0.0,0.0,0.0,1.09989495959226,0.0,0.0,0.0,0.0,0.0,0.18331582659871,0.0,0.0,0.18331582659871,0.0,0.0,0.0,1.8331582659871,0.0,0.0,0.0,0.0,0.0,0.0,0.0,0.0,0.0,0.0,0.0,0.0,0.36663165319742,0.0,0.0,0.0,0.0,0.18331582659871,0.0,0.0,0.0,0.0,0.0,0.18331582659871,0.0,0.0,0.0,0.0,0.0,0.0,0.9165791329935501,0.0,0.0,0.0,0.0,0.0,0.0,0.0,0.0,0.18331582659871,0.0,0.0,0.0,0.0,0.0,0.0,0.0,0.0,0.0,0.18331582659871,0.36663165319742,0.0,0.36663165319742,0.0,0.0,0.0,0.0,0.0,0.0,0.0,0.0,0.0,0.0,0.0,0.0,0.18331582659871,0.0,0.0,0.0,0.0,0.0,0.0,0.0,0.18331582659871,0.0,0.0,0.0,0.0,0.18331582659871,0.0,0.18331582659871,0.0,0.0,0.0,0.0,0.0,0.0,0.18331582659871,0.0,0.0,0.0,0.0,0.0,0.0
0.0,0.0,0.0,0.0,0.0,0.18331582659871,0.18331582659871,0.0,0.54994747979613,0.0,0.0,0.0,0.0,0.0,0.0,0.0,0.0,0.0,0.0,0.0,0.0,0.0,0.18331582659871,0.0,0.0,0.0,0.0,0.18331582659871,0.36663165319742,0.0,0.0,0.18331582659871,0.9165791329935501,0.0,0.0,0.0,0.0,0.0,0.0,0.0,0.0,0.0,0.0,0.0,0.0,0.0,0.0,0.0,0.0,0.0,0.0,0.0,0.36663165319742,0.0,0.0,0.0,0.0,0.0,0.0,0.0,0.0,0.0,0.0,0.0,0.0,0.18331582659871,0.0,0.0,0.0,0.0,0.0,0.0,0.0,0.0,0.18331582659871,0.0,0.0,0.0,0.0,1.2832107861909712,0.0,0.0,0.0,0.0,0.0,0.0,0.0,0.0,0.18331582659871,0.0,0.0,0.0,0.0,0.0,0.0,0.0,0.0,0.0,0.0,0.0,0.0,0.0,0.0,0.0,0.0,0.0,0.0,0.0,0.0,0.0,0.0,0.0,0.0,0.0,0.0,0.0,0.0,0.0,0.0,0.0,0.0,0.0,0.0,0.0,0.0,0.0,0.0,0.0,0.18331582659871,0.0,0.0,0.0,0.36663165319742,0.0,0.0,0.0,0.0,0.18331582659871,0.0,0.0,0.0,0.0,0.0,0.0,0.0,0.0,0.0,0.0,0.0,0.0,0.0,0.0,0.0,0.0,0.0,0.0,0.0,0.0,0.0,0.0,0.0,0.0,0.0,0.18331582659871,0.0,0.18331582659871,0.0,0.0,0.0,0.0,0.0,0.0,0.0,0.0,0.0,0.0,0.0,0.36663165319742,0.0,0.0,0.0,0.0,0.0,0.18331582659871,0.0,0.0,0.0,0.18331582659871,0.0,0.0,0.0,0.0,0.0,0.0,0.0,0.0,0.0,0.0,0.0,0.0,0.0,0.0,0.0,0.18331582659871,0.0,0.0,0.0,0.0,0.0,0.0,0.0,0.0,0.0,0.0,0.0,0.0,0.0,0.0,0.0,0.36663165319742,0.0,0.0,0.0,0.0,0.0,0.0,0.0,0.0,0.0,0.0,0.0,0.0,0.0,0.0,0.0,0.0,0.0,0.18331582659871,1.8331582659871002,0.0,0.0,0.0,0.0,0.18331582659871,0.36663165319742,0.0,0.0,0.0,0.0,0.0,0.0,0.0,0.0,0.0,0.36663165319742,0.0,0.0,0.0,0.0,0.0,0.0,0.0,0.0,0.36663165319742,0.0,0.18331582659871,0.0,0.0,0.0,0.0,0.0,0.0,0.0,0.0,0.0,0.0,0.0,0.0,0.0,0.0,0.0,0.0,0.0,0.0,0.0,0.0,0.0,0.0,0.0,0.0,0.0,0.0,0.0,1.09989495959226,0.0,0.0,0.0,0.0,0.0,0.0,0.0,0.0,0.0,0.73326330639484,0.0,0.0,0.0,0.0,0.0,0.0,0.0,0.0,0.0,0.0,0.0,0.0,0.0,0.0,0.0,0.0,0.0,0.0,0.0,0.0,0.0,0.0,0.0,0.0,0.0,0.0,0.0,0.0,0.0,0.0,0.0,0.0,0.0,0.0,0.18331582659871,0.0,0.0,0.0,0.0,0.0,0.0
0.0,0.0,0.0,0.0,0.0,0.36663165319742,0.0,0.0,0.0,0.18331582659871,0.0,0.0,0.0,0.0,0.0,0.0,0.0,0.0,0.0,0.0,0.0,0.0,0.18331582659871,0.36663165319742,0.0,0.0,0.18331582659871,0.0,0.0,0.0,0.0,0.73326330639484,0.73326330639484,0.0,0.0,0.0,0.0,0.0,0.36663165319742,0.73326330639484,0.18331582659871,0.0,0.0,0.0,0.0,0.0,0.0,0.0,0.0,0.0,0.0,0.0,0.18331582659871,0.0,0.0,0.0,0.0,1.6498424393883901,0.18331582659871,0.0,0.18331582659871,0.0,0.0,0.0,0.0,0.0,0.0,0.0,0.0,0.0,0.0,0.0,0.0,0.0,0.0,1.09989495959226,0.0,0.36663165319742,0.0,1.8331582659871002,0.18331582659871,0.0,0.0,0.0,0.18331582659871,0.0,0.0,0.0,0.0,0.0,0.0,0.0,0.0,0.0,0.0,0.0,0.0,0.0,0.0,0.0,0.0,0.0,0.0,0.0,0.0,0.0,0.0,0.0,0.0,0.0,0.0,0.0,0.0,0.0,0.0,0.0,0.0,0.0,0.0,0.54994747979613,0.0,0.0,0.0,0.0,0.0,0.0,0.0,0.0,0.0,0.0,0.0,0.0,0.54994747979613,0.0,0.0,0.0,0.0,0.0,0.0,0.0,0.0,0.0,0.0,0.0,0.0,0.0,0.0,0.0,0.0,0.0,0.0,0.0,0.0,0.0,0.18331582659871,0.0,0.18331582659871,0.0,0.0,0.0,0.0,0.0,0.0,0.18331582659871,0.0,0.0,0.0,0.0,0.0,0.0,0.0,0.0,0.0,0.0,0.0,0.0,0.0,0.18331582659871,0.18331582659871,0.0,0.0,0.0,0.0,0.0,0.0,0.0,0.0,0.0,0.0,0.0,0.0,0.0,0.0,0.0,0.54994747979613,0.0,0.0,0.0,0.0,0.73326330639484,0.0,0.0,0.0,0.18331582659871,0.0,0.0,0.0,0.0,0.0,0.0,0.0,0.0,0.0,0.0,0.0,0.18331582659871,0.18331582659871,0.0,0.0,0.0,0.0,0.18331582659871,0.0,0.18331582659871,0.0,0.0,0.0,0.18331582659871,0.18331582659871,0.18331582659871,0.0,0.0,0.0,0.0,0.0,0.0,0.0,0.0,0.0,0.73326330639484,0.0,0.0,0.0,0.36663165319742,0.0,0.0,0.18331582659871,0.0,0.0,0.36663165319742,0.0,0.0,0.0,0.0,0.0,0.0,0.0,0.0,0.0,0.0,0.0,0.0,0.0,0.0,0.0,0.0,0.0,0.0,0.0,0.0,0.0,0.0,0.0,0.0,0.0,0.0,0.0,0.0,0.0,0.0,0.0,0.0,0.0,0.54994747979613,0.0,0.0,0.0,0.0,0.0,0.0,0.18331582659871,0.0,0.0,0.0,0.0,0.0,0.0,0.0,0.0,0.0,0.0,0.0,0.0,0.0,0.0,0.0,0.0,0.0,0.0,0.0,0.0,0.0,0.0,0.0,0.0,0.18331582659871,0.0,0.0,0.0,0.0,0.0,0.0,0.0,0.0,0.0,0.0,0.0,0.0,0.0,0.0,0.0,0.0,0.0,0.0,0.0,0.0,0.0,0.0,0.0,0.0,0.0,0.0,0.0,0.0,0.0
0.0,1.6498424393883901,0.0,0.0,0.0,0.0,0.54994747979613,0.18331582659871,0.0,0.36663165319742,0.18331582659871,0.0,1.2832107861909712,0.18331582659871,0.18331582659871,0.0,0.0,0.0,0.18331582659871,0.0,0.18331582659871,0.0,0.0,0.0,0.0,0.0,0.0,0.0,0.0,0.0,0.0,0.0,0.0,0.0,0.0,0.18331582659871,0.0,0.54994747979613,0.0,0.0,0.36663165319742,0.0,0.0,0.0,0.18331582659871,0.0,0.0,0.73326330639484,0.0,0.0,0.0,0.0,0.0,0.9165791329935501,0.73326330639484,0.0,0.0,0.0,0.18331582659871,0.0,0.18331582659871,0.0,0.0,0.0,0.0,0.91657913299355,0.36663165319742,0.36663165319742,0.0,0.0,0.0,0.18331582659871,1.6498424393883913,0.0,0.0,0.0,0.0,0.18331582659871,0.0,0.0,0.0,0.0,0.0,0.0,0.0,0.0,0.18331582659871,0.0,0.0,0.0,0.0,0.0,0.0,0.18331582659871,0.18331582659871,0.0,0.18331582659871,0.18331582659871,0.0,0.0,0.0,0.18331582659871,0.0,0.18331582659871,0.18331582659871,0.0,0.18331582659871,0.0,0.18331582659871,0.0,0.0,0.0,0.0,0.0,0.0,0.0,0.0,0.0,0.0,0.0,0.0,0.36663165319742,0.0,0.0,0.0,0.0,0.0,0.0,0.18331582659871,0.0,0.0,0.0,0.0,0.0,0.0,0.0,0.0,0.0,0.0,0.0,0.0,0.0,1.09989495959226,0.0,0.0,0.0,0.0,0.0,0.0,0.0,0.0,0.0,0.0,0.54994747979613,0.0,0.0,0.18331582659871,0.0,0.0,0.0,0.0,0.18331582659871,0.0,0.0,0.0,0.0,0.0,0.0,0.0,0.0,0.0,0.0,0.0,0.0,0.0,0.18331582659871,0.0,1.46652661278968,0.0,0.0,0.0,0.0,0.0,0.0,0.0,0.0,0.0,0.0,0.0,0.0,0.0,0.0,0.0,0.0,0.0,0.0,0.0,0.0,0.0,0.0,0.0,0.0,0.0,0.0,0.0,0.0,0.0,0.18331582659871,0.54994747979613,0.0,0.0,0.0,0.0,0.0,0.0,0.0,0.0,0.0,0.0,0.0,0.0,0.0,0.18331582659871,0.0,0.0,0.0,0.0,0.0,0.0,0.0,0.0,0.0,0.0,0.54994747979613,0.18331582659871,0.0,0.0,0.0,0.0,0.0,0.9165791329935501,0.18331582659871,0.36663165319742,0.0,0.0,0.0,0.0,6.049422277757437,0.0,0.0,0.0,0.0,0.0,0.0,0.0,0.0,0.0,0.0,0.0,0.0,0.0,0.18331582659871,0.18331582659871,0.0,0.0,0.73326330639484,0.0,0.0,0.0,0.18331582659871,0.0,0.0,0.0,0.0,0.0,0.0,0.0,0.0,0.0,0.0,0.0,0.0,0.0,0.0,0.0,0.0,0.0,0.0,0.0,0.0,0.18331582659871,0.0,0.0,0.0,0.0,0.0,0.0,0.0,0.0,0.0,0.0,0.0,0.0,0.0,0.18331582659871,0.0,0.0,0.0,0.0,0.0,2.0164740925858102,0.73326330639484,0.18331582659871,0.0,0.0,0.0,0.0,0.0,0.0,0.0,0.18331582659871,0.0,0.0,0.18331582659871,0.36663165319742,0.0,0.0,0.0,0.0,0.0,0.0,0.0,0.0,0.0,0.0,0.0,0.0,0.0,0.0,0.0,0.0,0.0,0.0,0.18331582659871,0.0
0.0,0.0,0.0,0.0,0.0,0.18331582659871,0.18331582659871,0.0,0.0,0.0,0.0,0.0,0.0,0.0,0.0,0.0,0.0,0.0,0.0,0.0,0.0,0.0,0.0,0.0,0.0,0.0,0.0,0.0,0.0,0.0,0.0,0.0,0.0,0.0,0.0,0.0,0.0,0.0,0.0,0.0,0.0,0.0,0.0,0.0,0.0,0.0,0.0,0.0,0.0,0.0,0.0,0.0,0.18331582659871,0.54994747979613,0.0,0.0,0.0,0.0,0.0,0.0,0.0,0.0,0.0,0.0,0.0,0.0,0.0,0.0,0.0,0.0,0.0,0.0,0.0,0.0,0.0,0.0,0.0,0.0,0.18331582659871,0.0,0.0,0.0,0.0,0.0,0.0,0.0,0.0,0.0,0.0,0.0,0.0,0.0,0.0,0.0,0.0,0.0,0.0,0.0,0.0,0.0,0.0,0.0,0.0,0.0,0.0,0.18331582659871,0.0,0.0,0.0,0.0,0.0,0.0,0.0,0.0,0.0,0.0,0.0,0.0,0.0,0.0,0.0,0.0,0.0,0.0,0.0,0.0,0.0,0.0,0.0,0.18331582659871,0.0,0.0,0.0,0.0,0.0,0.0,0.0,0.0,0.0,0.0,0.0,0.0,0.0,0.0,0.0,0.0,0.0,0.0,0.0,0.0,0.0,0.0,0.0,0.0,0.0,0.0,0.0,0.0,0.0,0.18331582659871,0.0,0.18331582659871,0.0,0.0,0.0,0.0,0.0,0.0,0.0,0.0,0.0,0.0,0.0,0.0,0.0,0.0,0.0,0.0,0.0,0.0,0.0,0.0,0.0,0.0,0.0,0.0,0.0,0.0,0.0,0.0,0.0,0.0,0.0,0.0,0.0,0.0,0.0,0.0,0.0,0.0,0.0,0.0,0.0,0.0,0.0,0.0,0.0,0.0,0.0,0.0,0.0,0.0,0.0,0.0,0.0,0.0,0.0,0.0,0.0,0.0,0.0,0.0,0.0,0.0,0.0,0.0,0.0,0.0,0.0,0.0,0.0,0.0,0.0,0.0,0.0,0.0,0.0,0.0,0.0,0.0,0.0,0.18331582659871,0.0,0.0,0.0,0.0,0.0,0.0,0.0,0.0,0.0,0.0,0.18331582659871,0.0,0.0,0.0,0.0,0.0,0.0,0.0,0.0,0.18331582659871,0.0,0.0,0.0,0.0,0.0,0.0,0.0,0.0,0.0,0.0,0.0,0.18331582659871,0.0,0.0,0.0,0.0,0.0,0.0,0.0,0.0,0.0,0.0,0.0,0.0,0.0,0.0,0.0,0.0,0.18331582659871,0.0,0.0,0.0,0.0,0.0,0.0,0.0,0.0,0.0,0.0,0.0,0.0,0.0,0.0,0.0,0.0,0.0,0.0,0.0,0.0,0.0,0.0,0.0,0.0,0.0,0.0,0.0,0.0,0.0,0.0,0.0,0.0,0.0,0.0,0.0,0.0,0.0,0.0,0.0,0.0,0.0,0.0,0.0,0.0,0.0,0.0,0.0,0.0,0.0,0.0,0.0,0.0,0.0,0.0
0.0,0.73326330639484,0.0,2.38310574578323,0.0,0.36663165319742,2.3831057457832325,0.0,0.0,0.36663165319742,0.36663165319742,0.0,0.0,2.566421572381941,0.0,0.0,0.18331582659871,0.18331582659871,0.18331582659871,0.0,0.0,0.0,0.0,0.73326330639484,0.54994747979613,0.0,0.0,0.0,0.73326330639484,0.0,0.0,0.0,0.0,0.0,0.0,0.0,0.0,0.36663165319742,0.0,0.73326330639484,0.0,0.0,0.0,0.36663165319742,0.73326330639484,0.0,0.54994747979613,0.36663165319742,0.0,0.0,0.0,0.0,1.09989495959226,0.54994747979613,0.54994747979613,0.18331582659871,0.0,0.0,0.0,0.0,0.73326330639484,0.36663165319742,0.0,0.18331582659871,0.0,0.54994747979613,0.0,0.0,0.0,0.18331582659871,0.0,0.18331582659871,0.36663165319742,0.0,0.0,0.0,0.0,0.0,0.0,0.0,0.0,0.0,0.0,0.0,0.0,0.0,0.0,0.0,0.0,0.0,0.0,0.0,0.0,1.09989495959226,0.9165791329935501,0.0,0.0,0.36663165319742,0.0,0.0,0.0,0.0,0.73326330639484,0.0,0.0,0.18331582659871,0.18331582659871,0.0,0.0,0.0,0.0,0.0,0.0,0.0,0.36663165319742,0.0,0.0,0.18331582659871,0.0,0.0,2.0164740925858102,0.36663165319742,0.0,0.0,0.18331582659871,0.0,0.0,0.0,0.0,0.0,0.18331582659871,0.18331582659871,0.36663165319742,0.18331582659871,0.18331582659871,0.0,0.0,0.0,0.18331582659871,0.0,0.0,0.0,0.36663165319742,0.0,0.0,0.0,0.18331582659871,0.0,0.0,0.0,0.0,0.0,0.0,0.9165791329935501,0.0,0.0,0.0,0.0,0.0,0.0,0.0,0.0,0.0,0.0,0.0,0.18331582659871,0.0,0.0,0.0,0.0,0.0,0.0,0.0,0.0,0.0,0.0,0.0,0.73326330639484,0.0,0.0,0.0,0.0,0.0,0.18331582659871,0.0,0.0,0.0,0.0,0.0,0.0,0.0,0.0,0.0,0.0,0.18331582659871,0.18331582659871,0.0,0.18331582659871,0.0,0.0,0.0,0.36663165319742,0.0,0.0,0.18331582659871,0.0,0.0,1.09989495959226,0.36663165319742,0.0,0.0,0.0,0.18331582659871,0.54994747979613,0.0,0.0,0.0,0.0,0.0,0.0,0.0,0.0,0.18331582659871,0.0,0.0,0.0,0.0,0.0,0.0,0.18331582659871,0.0,0.0,0.0,0.0,0.0,0.0,0.0,0.0,0.0,0.0,0.18331582659871,0.18331582659871,3.4830007053754914,0.0,0.0,0.0,0.0,0.0,0.0,0.0,0.0,0.73326330639484,0.0,0.0,0.0,0.0,0.0,0.0,0.0,0.0,0.0,0.0,0.0,0.0,0.0,0.54994747979613,0.0,0.0,0.0,0.0,0.0,0.0,0.0,0.0,0.0,0.0,0.0,0.0,1.8331582659871049,0.0,0.0,0.0,0.0,0.0,0.0,0.0,0.0,0.0,0.0,0.18331582659871,0.0,0.0,0.0,0.0,0.0,0.18331582659871,0.0,0.18331582659871,0.0,0.0,0.0,0.0,0.0,0.0,0.0,0.0,0.0,0.0,0.0,0.0,0.0,0.0,0.0,2.56642157238194,0.0,0.0,0.0,0.0,0.0,0.0,0.0,0.0,0.0,0.0,0.0,0.0,0.0,0.18331582659871,0.0,0.0,0.0,0.0,0.0,0.0,0.0,0.36663165319742,0.0,0.0,0.0,0.0,0.0,0.0,0.0,0.18331582659871,0.0
0.0,0.0,0.0,0.54994747979613,0.0,0.18331582659871,0.0,0.0,0.0,0.0,0.0,0.0,0.0,0.0,0.0,0.0,0.0,0.0,0.0,0.0,0.18331582659871,0.0,0.18331582659871,0.0,0.0,0.0,0.0,0.0,0.0,0.0,0.0,0.18331582659871,0.54994747979613,0.0,0.0,0.0,0.0,0.0,2.19978991918452,2.1997899191845196,0.36663165319742,0.0,0.0,0.0,0.0,0.0,0.18331582659871,0.0,0.0,0.0,0.0,0.0,0.54994747979613,0.0,0.0,0.0,0.0,0.73326330639484,0.18331582659871,1.28321078619097,0.0,0.18331582659871,0.0,6.416053930954845,0.0,0.0,0.0,0.0,0.0,0.0,0.0,0.0,0.0,0.0,0.0,1.6498424393883901,0.36663165319742,0.0,0.0,2.19978991918452,2.0164740925858102,0.0,0.36663165319742,0.0,1.8331582659871002,0.0,0.0,0.0,0.0,0.0,0.0,0.0,0.0,0.0,0.0,0.0,0.0,0.0,0.0,0.0,0.0,0.0,0.0,0.0,0.0,0.0,0.0,1.46652661278968,0.0,0.0,0.0,0.0,0.0,0.0,0.0,0.0,0.0,0.0,0.0,0.0,0.73326330639484,0.0,0.0,1.09989495959226,0.0,0.0,0.0,0.0,0.0,0.0,1.28321078619097,0.0,0.9165791329935501,0.0,0.18331582659871,0.0,0.18331582659871,0.0,0.18331582659871,0.0,0.0,0.0,0.0,0.0,0.0,0.0,0.0,0.0,0.0,0.0,0.0,0.0,0.0,0.0,0.9165791329935501,0.0,0.0,0.0,0.0,0.0,0.0,0.0,0.0,0.0,0.0,0.0,0.0,0.0,0.0,0.18331582659871,0.0,0.18331582659871,0.0,0.0,0.0,0.0,0.0,0.0,0.36663165319742,5.8661064511587275,0.0,0.0,0.0,0.0,0.0,0.0,0.0,0.0,0.0,0.18331582659871,0.0,0.0,0.0,0.0,1.6498424393883901,0.0,0.0,0.0,0.0,0.54994747979613,0.9165791329935512,0.0,0.0,0.0,0.0,0.0,0.54994747979613,0.0,0.0,0.0,0.0,0.0,0.18331582659871,0.36663165319742,0.0,0.18331582659871,0.0,0.36663165319742,0.0,0.18331582659871,0.0,0.0,0.54994747979613,0.18331582659871,0.0,0.18331582659871,0.0,0.18331582659871,0.0,0.36663165319742,0.0,0.18331582659871,0.0,0.0,0.0,0.0,0.0,0.0,0.18331582659871,0.0,0.0,0.18331582659871,0.18331582659871,1.6498424393883901,0.0,0.0,0.0,0.0,0.0,2.56642157238194,0.0,0.0,0.0,0.0,0.0,0.0,0.0,0.0,0.0,0.0,0.0,0.0,0.0,0.0,0.0,0.0,0.0,0.0,0.0,0.0,0.0,0.18331582659871,0.0,0.73326330639484,0.0,0.0,0.0,0.0,0.0,0.0,0.0,0.0,0.0,1.46652661278968,0.0,0.0,0.0,0.0,0.0,0.18331582659871,0.0,0.18331582659871,0.0,0.73326330639484,0.0,0.0,0.0,1.28321078619097,0.0,0.18331582659871,0.0,0.18331582659871,0.0,0.0,0.0,0.0,0.0,0.0,0.0,0.0,0.0,0.0,0.0,0.0,0.0,0.0,0.0,0.18331582659871,0.0,0.0,0.0,0.0,0.0,0.0,0.0,0.0,0.0,0.0,0.0,0.18331582659871,0.0,0.0,0.0,0.0,0.0,0.0,0.0,0.0,0.0,0.0,0.0,0.0,0.0,0.0,0.18331582659871
0.0,0.0,0.0,0.0,0.0,0.0,1.8331582659871002,0.0,0.73326330639484,0.0,0.18331582659871,0.0,0.0,0.18331582659871,0.0,0.0,0.0,0.0,0.0,0.0,0.0,0.0,0.0,0.0,0.0,0.91657913299355,0.0,0.0,0.0,0.0,0.0,0.0,0.36663165319742,0.0,0.36663165319742,0.0,0.0,0.0,0.0,0.0,0.0,0.0,0.0,0.0,0.0,0.0,0.0,0.0,0.0,0.0,0.0,0.0,0.54994747979613,0.0,0.0,0.0,0.0,0.0,0.0,0.0,1.28321078619097,0.0,0.0,0.0,0.0,0.0,0.0,0.73326330639484,0.0,0.0,0.0,0.0,0.0,0.0,0.0,0.0,0.0,0.0,0.0,0.0,0.0,0.0,0.0,0.0,0.0,0.0,0.0,0.0,0.0,0.0,0.0,0.0,0.0,0.0,0.0,0.0,0.0,0.0,0.0,0.0,0.0,0.0,0.0,0.0,0.0,0.0,0.0,0.0,0.0,0.0,0.0,0.0,0.0,0.0,0.0,0.0,0.0,0.0,0.0,0.0,0.0,0.0,0.0,0.0,0.0,0.0,0.0,0.0,0.0,0.0,0.0,0.0,0.0,0.0,0.0,0.0,0.0,0.0,0.0,0.0,0.0,0.0,0.0,0.0,0.0,0.0,0.0,0.0,0.0,0.0,0.0,0.0,0.0,0.0,0.0,0.0,0.0,0.0,0.0,0.0,0.0,0.0,0.0,2.19978991918452,0.0,0.0,0.0,0.0,0.0,0.0,0.0,0.0,0.0,0.0,0.0,0.0,0.0,0.0,0.0,0.0,0.0,0.0,0.0,0.0,0.0,0.0,0.0,2.0164740925858076,0.0,0.18331582659871,0.0,0.0,0.0,0.0,0.0,0.0,0.0,0.0,0.0,0.0,0.0,0.0,0.0,0.0,0.0,0.0,0.0,0.0,0.0,0.0,0.0,0.0,0.0,0.0,0.0,0.18331582659871,0.0,0.0,0.0,0.0,0.0,0.18331582659871,0.0,0.0,0.0,0.0,0.0,0.0,0.0,0.0,0.0,0.0,0.0,1.28321078619097,0.0,0.0,0.0,0.0,0.54994747979613,0.0,0.0,0.0,0.0,0.0,3.483000705375487,0.0,0.0,0.0,0.0,0.0,0.0,0.0,0.0,0.0,0.18331582659871,0.0,0.0,0.0,0.0,0.0,0.0,0.36663165319742,0.0,0.0,0.0,0.0,0.0,0.0,0.36663165319742,0.0,0.0,0.18331582659871,0.0,0.0,0.0,0.0,0.0,0.0,0.36663165319742,0.0,0.0,0.0,0.0,0.0,0.0,0.0,0.0,0.0,0.0,0.0,0.0,0.0,0.0,0.0,0.0,0.0,0.0,0.0,0.0,0.0,0.0,0.36663165319742,0.0,0.0,0.0,0.0,0.0,0.0,0.0,0.0,0.0,0.0,0.0,0.0,0.0,0.0,0.0,0.0,0.0,0.0,0.0,0.0,0.0,0.0,0.0,0.0,0.0,0.0,0.0,0.0,0.0,0.0,0.0,0.0,0.0,0.0,0.0,0.0,0.36663165319742,0.0,0.0,0.0,0.0,0.0,0.0
0.0,0.0,0.0,0.0,0.0,0.18331582659871,0.0,0.0,0.0,0.18331582659871,0.0,0.0,0.0,0.18331582659871,0.0,0.0,0.0,0.18331582659871,0.0,0.0,0.18331582659871,0.0,1.2832107861909712,0.0,0.0,0.0,0.0,0.0,0.0,0.0,0.54994747979613,0.0,0.0,0.0,0.0,0.0,0.0,0.0,0.0,0.0,0.18331582659871,0.0,0.0,0.18331582659871,0.0,0.0,0.0,0.18331582659871,0.0,0.0,0.0,0.0,0.0,0.0,0.0,0.18331582659871,0.0,0.0,0.0,0.0,0.0,0.0,0.0,0.0,0.0,0.36663165319742,0.0,0.0,0.0,0.0,0.0,0.0,0.0,0.0,0.0,0.0,0.0,0.0,0.0,0.0,0.0,0.0,0.0,0.0,0.0,0.0,0.0,0.0,0.0,0.0,0.0,0.0,0.0,0.0,0.0,0.0,0.0,0.0,0.0,0.0,0.0,0.0,0.0,0.0,0.0,0.0,0.0,0.0,0.0,0.0,0.0,0.0,0.0,0.0,0.0,0.0,0.0,0.0,0.0,0.18331582659871,0.0,0.0,0.0,0.0,0.0,0.0,0.0,0.0,0.0,0.0,0.18331582659871,0.0,0.18331582659871,0.0,0.0,0.0,1.2832107861909712,0.0,0.0,0.0,0.0,0.0,0.0,0.0,0.0,0.0,0.0,0.0,0.0,0.0,0.36663165319742,0.0,0.0,0.0,0.0,0.0,0.0,0.0,0.0,0.0,0.0,0.0,0.0,0.0,0.0,1.46652661278968,0.0,0.0,0.0,0.0,0.0,0.36663165319742,0.0,0.0,0.0,0.0,0.0,2.3831057457832303,0.0,0.0,0.0,0.0,0.0,0.0,0.0,0.0,0.91657913299355,0.0,0.0,0.0,0.0,0.0,0.0,0.0,0.0,0.0,0.0,0.0,0.0,0.0,0.0,0.0,0.0,0.0,0.0,0.0,0.18331582659871,0.0,0.0,0.0,0.0,0.0,0.0,0.18331582659871,0.0,0.0,0.0,0.0,0.0,0.0,0.0,0.0,0.36663165319742,0.0,0.18331582659871,0.18331582659871,0.0,0.54994747979613,0.0,0.0,0.0,0.0,0.0,0.0,0.0,0.0,0.36663165319742,0.0,0.0,0.18331582659871,0.0,0.0,0.0,0.0,0.0,1.8331582659871013,0.0,0.0,0.0,0.18331582659871,0.0,0.0,0.0,0.0,0.0,0.0,0.0,0.0,0.0,0.0,2.1997899191845214,0.0,0.0,0.0,0.0,0.18331582659871,0.0,0.0,0.0,0.0,0.0,0.0,0.0,0.0,0.0,0.0,0.0,0.0,0.0,0.0,0.0,0.0,0.0,0.0,0.0,0.0,0.18331582659871,0.0,0.0,0.0,0.0,0.0,0.0,0.0,0.0,0.0,0.0,0.0,0.0,0.0,0.0,0.0,0.0,0.0,0.0,0.0,0.0,0.0,0.0,0.0,0.0,0.0,0.0,0.0,0.0,0.0,0.0,0.0,0.0,0.0,0.0,0.0,0.0,0.0,0.0,0.0,0.0,0.0,0.0,0.0,0.0,0.0,0.0,0.0,0.0,0.0,0.0,0.0,0.0,0.0,0.0,0.0,0.0,0.0,0.0
0.0,0.18331582659871,0.0,1.8331582659871013,0.0,0.18331582659871,0.18331582659871,0.0,0.54994747979613,0.0,0.0,0.18331582659871,0.0,4.032948185171621,0.0,0.0,0.0,0.18331582659871,0.0,0.0,2.0164740925858102,0.18331582659871,2.56642157238194,0.0,0.0,0.54994747979613,0.0,0.0,0.18331582659871,0.18331582659871,0.0,0.0,0.9165791329935501,0.0,0.0,0.0,0.0,0.0,0.0,0.0,0.0,0.0,0.0,0.0,4.032948185171625,0.0,0.0,0.18331582659871,0.36663165319742,0.18331582659871,0.0,0.0,3.299684878776781,0.0,0.0,0.18331582659871,0.0,0.18331582659871,0.0,0.0,0.18331582659871,1.6498424393883913,0.0,0.54994747979613,0.0,0.0,0.0,0.54994747979613,0.0,0.0,0.0,0.0,0.0,0.0,0.0,0.0,0.0,0.18331582659871,0.0,0.0,3.6663165319742,0.0,0.0,0.0,0.0,0.0,0.0,0.0,0.0,0.0,0.0,0.0,0.0,2.19978991918452,0.0,0.0,0.0,0.0,0.0,0.0,0.0,0.0,0.0,0.0,0.0,0.0,0.36663165319742,0.0,0.0,0.0,0.0,0.0,0.0,0.0,0.18331582659871,0.18331582659871,4.216264011770336,0.0,0.0,9.899054636330334,0.18331582659871,0.0,0.0,0.0,0.36663165319742,0.0,0.0,0.0,0.54994747979613,0.0,0.18331582659871,0.0,0.18331582659871,0.18331582659871,0.0,0.0,0.0,0.0,0.0,0.0,0.0,0.0,0.0,0.0,0.0,0.0,0.0,0.0,0.0,0.0,0.0,0.0,0.0,0.0,0.0,0.36663165319742,0.0,0.0,0.0,0.0,0.0,0.0,0.0,0.0,0.0,0.0,0.0,0.0,0.0,0.0,0.0,0.0,0.0,0.0,0.0,0.0,0.0,0.0,0.18331582659871,0.0,0.54994747979613,0.0,0.0,0.0,0.0,0.0,0.0,0.0,0.0,0.0,0.0,0.0,0.0,0.0,0.18331582659871,0.0,0.0,0.36663165319742,0.0,1.09989495959226,0.0,0.0,0.0,0.0,0.0,0.0,0.0,0.0,0.0,0.0,0.0,0.0,0.9165791329935501,0.0,0.0,0.36663165319742,0.0,0.0,0.0,0.0,0.0,0.18331582659871,4.949527318165165,0.73326330639484,0.0,0.0,0.0,0.18331582659871,0.0,0.0,0.0,0.0,0.0,0.0,0.0,0.0,0.0,0.18331582659871,0.0,0.18331582659871,0.0,0.0,0.0,3.4830007053754874,0.0,0.0,6.4160539309548525,0.18331582659871,0.36663165319742,0.0,0.0,0.0,0.18331582659871,0.0,0.18331582659871,0.0,0.0,0.0,0.0,0.0,0.36663165319742,0.0,0.0,0.18331582659871,0.0,0.0,0.0,0.0,0.0,0.0,0.0,0.0,0.0,0.36663165319742,0.0,0.0,0.0,0.0,0.0,0.0,0.0,0.0,0.0,0.18331582659871,0.0,0.0,0.0,0.36663165319742,0.0,0.0,0.0,0.0,0.0,0.0,0.0,0.0,0.0,0.0,0.0,0.0,0.18331582659871,0.0,0.0,0.0,0.0,0.0,0.0,0.0,0.0,0.0,0.18331582659871,0.0,0.0,0.0,0.0,0.0,0.36663165319742,0.0,0.0,0.0,0.0,0.0,0.0,0.0,0.0,0.0,0.0,0.0,0.18331582659871,0.0,0.0,0.0,0.0,0.0,0.0,0.0,0.0,0.0,0.9165791329935501,0.0,0.0,0.0,0.0,0.0,0.0
3.11636905217807,0.0,6.7826855841522695,0.0,0.36663165319742,0.0,0.18331582659871,0.0,0.0,0.73326330639484,0.91657913299355,0.54994747979613,0.73326330639484,0.0,1.8331582659871,0.54994747979613,0.18331582659871,5.316158971362597,0.0,0.54994747979613,0.0,0.0,0.18331582659871,0.36663165319742,0.0,0.0,0.9165791329935501,0.36663165319742,0.0,0.18331582659871,0.0,0.0,0.0,0.0,0.0,0.0,0.18331582659871,0.0,0.0,0.0,0.73326330639484,0.0,0.36663165319742,0.18331582659871,0.0,0.0,0.18331582659871,0.18331582659871,0.0,14.115318648100697,0.0,0.0,0.0,1.28321078619097,0.0,0.0,0.0,0.0,0.0,0.0,0.18331582659871,0.36663165319742,0.0,0.0,0.0,0.0,0.0,0.18331582659871,0.0,0.54994747979613,0.18331582659871,0.73326330639484,0.36663165319742,0.0,0.0,0.0,0.0,0.0,0.0,0.0,0.18331582659871,0.0,0.0,0.0,0.0,0.0,0.0,0.73326330639484,0.0,0.0,0.18331582659871,0.0,0.0,0.0,0.73326330639484,0.0,0.36663165319742,0.0,0.0,0.0,0.0,0.0,0.0,0.0,0.0,0.0,0.0,0.0,0.0,0.18331582659871,0.0,0.0,0.0,0.0,0.0,0.0,5.86610645115872,0.0,0.0,0.0,0.0,7.1493172373496945,2.7497373989806504,0.0,1.6498424393883875,0.0,0.0,0.18331582659871,0.0,0.0,0.0,0.18331582659871,0.0,0.9165791329935501,0.0,0.0,0.0,0.0,0.0,0.0,0.54994747979613,0.18331582659871,0.0,0.0,0.0,0.0,0.18331582659871,0.0,0.0,0.0,0.0,0.0,0.36663165319742,0.18331582659871,0.0,0.18331582659871,0.0,0.0,0.0,0.0,0.0,0.0,0.18331582659871,0.0,0.0,0.0,0.0,0.36663165319742,0.0,0.0,0.0,0.0,0.54994747979613,0.0,2.1997899191845214,0.0,0.0,0.54994747979613,0.0,0.0,0.0,0.36663165319742,0.0,0.36663165319742,0.18331582659871,0.0,0.18331582659871,0.18331582659871,0.18331582659871,0.36663165319742,0.0,0.18331582659871,0.0,0.0,0.0,0.0,0.73326330639484,0.0,0.0,0.0,0.0,0.0,0.54994747979613,0.0,1.46652661278968,0.0,0.0,0.0,1.28321078619097,0.0,0.0,0.0,0.0,0.0,0.36663165319742,0.0,0.0,0.0,0.0,0.0,0.0,0.0,0.18331582659871,0.18331582659871,0.0,0.0,0.18331582659871,0.0,0.0,0.0,0.0,0.0,0.18331582659871,0.18331582659871,0.0,4.949527318165165,0.0,0.0,0.0,0.0,4.3995798383690445,0.0,0.0,0.0,0.0,0.0,0.0,7.69926471714582,0.0,0.0,0.0,0.0,0.18331582659871,0.0,0.0,0.0,0.0,0.0,0.0,0.0,0.0,0.0,0.0,0.18331582659871,0.0,0.0,0.0,0.0,0.0,0.0,0.0,0.0,0.18331582659871,0.18331582659871,12.832107861909712,0.54994747979613,0.0,0.18331582659871,0.0,0.0,0.0,0.0,0.0,0.0,0.0,0.0,0.0,0.0,0.0,0.0,0.0,0.0,0.0,0.0,0.0,0.0,0.0,0.0,0.0,0.0,0.0,0.0,0.0,0.0,0.0,0.0,0.0,0.0,0.0,0.18331582659871,0.0,0.0,0.0,0.0,0.0,0.0,0.0,0.0,0.0,0.0,0.18331582659871,0.0,0.0,0.0,3.116369052178075,0.0,0.0,0.0,0.0,0.0,0.0,0.0,0.0,0.18331582659871,0.0,0.0,0.0,0.0,0.0,0.0,1.64984243938839,0.0,0.0,0.0,0.0
0.0,0.0,0.0,0.0,0.0,0.0,0.54994747979613,0.0,0.18331582659871,0.18331582659871,0.0,0.0,0.0,0.36663165319742,0.0,0.0,0.0,0.18331582659871,0.0,0.0,1.09989495959226,0.0,0.36663165319742,0.0,0.0,2.38310574578323,0.0,0.0,0.18331582659871,0.0,0.0,0.0,1.09989495959226,0.0,0.36663165319742,0.0,0.18331582659871,0.0,2.016474092585811,0.0,0.0,0.0,0.0,0.18331582659871,0.0,0.0,3.483000705375485,0.0,0.18331582659871,0.0,1.6498424393883901,0.0,1.6498424393883901,0.0,0.0,0.18331582659871,0.0,0.0,0.0,2.3831057457832325,4.949527318165172,0.54994747979613,0.0,0.0,0.0,0.0,0.0,0.0,0.0,0.0,0.0,0.0,0.0,0.0,0.0,0.18331582659871,0.18331582659871,0.0,0.0,0.18331582659871,1.6498424393883901,0.0,0.18331582659871,0.0,0.0,0.0,0.0,0.18331582659871,0.0,0.0,0.0,0.0,0.0,0.18331582659871,0.0,0.0,0.0,0.0,0.0,0.0,0.0,0.0,0.0,0.0,0.0,0.0,0.0,0.0,0.0,0.0,0.0,0.0,0.0,0.0,0.0,0.0,0.0,0.0,0.0,0.0,0.0,0.0,0.0,0.0,0.0,0.0,0.0,0.0,0.0,0.0,0.0,0.0,0.0,0.0,0.18331582659871,0.0,0.0,0.0,0.0,0.0,0.0,0.0,0.0,0.0,0.0,0.0,0.0,0.0,0.0,0.0,0.0,0.0,0.0,0.0,0.0,0.18331582659871,0.0,0.0,0.0,0.0,0.0,0.0,0.0,0.0,0.0,0.0,0.0,0.0,0.0,0.18331582659871,0.0,0.0,0.0,0.0,0.0,0.0,0.0,0.36663165319742,0.54994747979613,0.0,0.18331582659871,0.0,0.0,0.18331582659871,0.0,0.0,0.0,17.231687700278762,0.0,0.0,0.0,0.0,0.0,0.0,0.36663165319742,0.0,0.0,0.18331582659871,0.0,3.6663165319742004,0.0,0.0,0.0,0.0,0.54994747979613,0.0,0.0,0.18331582659871,0.0,0.0,0.18331582659871,0.0,0.18331582659871,0.0,0.0,0.73326330639484,0.0,0.0,0.0,0.0,0.9165791329935501,0.36663165319742,0.18331582659871,0.0,0.0,0.0,0.0,0.0,0.18331582659871,0.0,0.0,0.0,1.4665266127896812,0.0,0.0,0.0,0.0,0.36663165319742,0.0,0.0,0.0,0.0,0.0,0.18331582659871,0.0,0.0,0.0,0.0,4.399579838369045,0.0,0.36663165319742,0.0,0.0,0.0,0.0,0.0,0.0,0.0,0.0,0.0,0.0,0.0,0.0,1.4665266127896799,0.0,0.0,0.0,0.0,0.0,0.0,0.0,0.18331582659871,0.0,0.54994747979613,0.18331582659871,0.0,0.0,0.18331582659871,0.0,0.0,0.0,0.18331582659871,0.0,0.0,0.0,0.0,0.0,0.0,0.0,0.0,0.0,0.0,0.0,0.0,0.0,0.0,0.0,0.0,0.0,0.0,0.36663165319742,0.0,0.0,0.18331582659871,0.0,0.0,0.0,0.0,0.0,0.0,0.0,0.0,0.0,0.0,0.0,0.0,0.18331582659871,0.0,0.0,0.0,0.0,0.0,0.0,0.0,0.18331582659871,0.18331582659871,0.0,0.0,0.0,0.18331582659871,0.0,2.566421572381945,0.0,0.0,0.0,0.0,0.0,0.0,0.0,0.18331582659871,0.0,0.0,0.0,0.0,0.0
0.0,0.0,0.0,0.0,0.0,0.36663165319742,0.18331582659871,0.0,0.0,0.0,0.0,0.0,0.0,0.0,0.0,0.0,0.0,0.36663165319742,0.0,0.0,0.18331582659871,0.0,0.0,0.0,0.0,0.0,0.0,0.0,0.0,0.0,0.0,0.18331582659871,0.0,0.0,0.0,0.0,0.0,0.0,0.0,0.0,0.0,0.18331582659871,0.0,0.0,0.18331582659871,0.0,0.0,0.0,0.0,0.54994747979613,0.0,0.0,0.54994747979613,0.0,0.0,0.18331582659871,0.0,0.54994747979613,0.36663165319742,0.18331582659871,0.36663165319742,0.0,0.0,0.0,0.0,0.0,0.0,0.0,0.0,0.0,0.0,0.0,0.0,0.0,0.0,0.0,0.18331582659871,0.0,0.0,0.9165791329935512,0.54994747979613,0.0,0.18331582659871,0.0,0.18331582659871,0.0,0.0,0.0,0.18331582659871,0.0,0.0,0.0,0.0,0.0,0.0,0.0,0.0,0.0,0.0,0.0,0.0,0.0,0.0,0.0,0.0,0.0,0.18331582659871,0.0,0.0,0.0,0.0,0.0,0.0,0.0,0.18331582659871,0.0,0.0,0.0,0.0,0.0,0.0,0.0,0.0,0.91657913299355,0.18331582659871,0.0,0.0,0.0,0.0,0.0,0.0,0.0,0.36663165319742,0.0,0.0,0.0,0.0,0.0,0.18331582659871,0.0,0.0,0.0,0.0,0.0,0.0,0.0,0.0,0.0,0.0,0.0,0.0,0.0,0.0,0.0,0.0,0.18331582659871,0.0,0.0,1.09989495959226,0.0,0.0,0.0,0.0,0.0,0.0,0.0,0.0,0.0,0.0,0.0,0.0,0.18331582659871,0.0,0.18331582659871,0.0,0.0,0.0,0.9165791329935501,0.0,2.566421572381941,0.0,0.0,0.0,0.0,0.0,0.0,0.0,0.0,0.0,0.0,0.0,0.0,0.0,0.0,0.0,0.0,0.0,0.0,0.18331582659871,0.0,0.9165791329935501,0.0,0.0,0.36663165319742,0.0,0.0,0.0,0.0,0.0,0.0,0.0,0.0,0.0,0.36663165319742,0.0,0.0,0.18331582659871,0.0,0.0,0.0,0.0,0.0,0.0,0.0,0.0,0.54994747979613,0.0,0.18331582659871,0.9165791329935501,0.0,0.0,0.18331582659871,0.0,0.0,0.0,0.0,0.18331582659871,0.0,0.0,0.0,0.0,0.0,0.0,0.9165791329935501,0.0,0.0,0.0,0.0,0.0,1.6498424393883913,0.0,0.0,0.0,0.0,0.0,0.0,0.0,0.0,0.0,0.36663165319742,0.54994747979613,0.0,0.0,0.0,0.0,0.36663165319742,0.0,0.0,0.0,0.0,0.0,0.0,0.0,0.18331582659871,0.0,0.0,0.0,0.0,0.0,0.0,0.0,0.0,0.0,0.36663165319742,0.73326330639484,0.0,0.18331582659871,0.0,0.0,0.18331582659871,0.0,0.0,0.73326330639484,0.18331582659871,0.0,0.0,0.18331582659871,0.18331582659871,0.0,0.0,0.0,0.0,0.0,0.0,0.0,0.0,0.0,0.0,0.0,0.0,0.0,0.0,0.0,0.0,0.0,0.36663165319742,0.0,0.36663165319742,0.0,0.0,0.0,0.0,0.0,0.0,0.0,0.0,0.0,0.0,0.0,0.0,0.0,0.18331582659871,0.0,0.0,0.0,0.0,0.0,0.18331582659871,0.0,0.0,0.0,0.36663165319742,0.0,0.0,0.0
0.0,0.0,0.0,0.54994747979613,0.0,0.0,1.09989495959226,0.0,0.0,0.18331582659871,0.0,0.0,0.0,0.0,0.0,0.0,0.0,0.18331582659871,0.0,0.0,0.0,0.0,0.0,0.36663165319742,0.0,2.0164740925858102,0.0,0.0,0.0,0.0,0.0,0.0,0.54994747979613,0.0,0.0,0.0,0.0,0.0,0.0,0.0,0.18331582659871,0.0,0.0,0.0,0.18331582659871,0.0,0.0,0.18331582659871,0.18331582659871,0.0,0.0,0.0,0.73326330639484,0.0,0.0,0.0,0.0,0.0,0.0,0.0,0.0,0.0,0.0,0.0,0.0,0.0,0.0,0.18331582659871,0.0,0.0,0.0,0.9165791329935501,0.0,0.0,0.0,0.0,0.0,0.0,0.0,0.0,0.91657913299355,0.0,0.0,0.0,0.0,0.0,0.0,0.0,0.0,0.0,0.0,0.0,0.0,0.0,0.0,0.0,0.0,0.0,0.0,0.0,0.0,0.0,0.0,0.0,0.0,0.0,0.0,0.0,0.0,0.0,0.0,0.0,0.0,0.0,0.36663165319742,0.0,0.0,0.0,0.0,0.0,0.0,0.0,0.0,0.0,0.18331582659871,0.0,0.0,0.0,0.0,0.0,0.0,0.0,0.0,0.0,0.18331582659871,0.0,0.0,0.0,0.0,0.0,0.0,0.0,0.0,0.0,0.36663165319742,0.0,0.0,0.36663165319742,0.0,0.0,0.0,0.0,0.0,0.0,0.0,0.0,0.0,0.0,0.0,0.0,0.0,0.0,0.0,0.0,0.0,0.0,0.0,0.0,0.0,0.0,0.0,0.0,0.0,0.0,0.0,0.0,0.0,0.18331582659871,0.0,0.0,0.18331582659871,0.0,0.0,0.0,0.0,0.0,0.18331582659871,0.18331582659871,0.0,0.0,0.0,0.0,0.0,0.0,0.0,0.36663165319742,0.0,0.0,0.0,0.73326330639484,0.0,0.0,0.0,0.0,0.0,0.0,0.0,0.0,0.0,0.0,0.0,0.0,0.0,0.0,0.0,1.09989495959226,0.0,0.0,0.0,0.0,0.0,0.18331582659871,0.36663165319742,0.0,0.0,0.0,0.0,0.0,0.0,0.0,0.0,0.0,0.54994747979613,0.18331582659871,0.0,0.0,0.0,0.18331582659871,0.18331582659871,0.0,0.0,0.0,0.0,0.0,0.0,0.0,0.0,0.0,0.36663165319742,0.0,3.48300070537549,0.0,0.0,0.0,0.36663165319742,0.0,0.0,0.0,0.0,0.0,0.0,0.0,0.91657913299355,1.6498424393883901,0.0,0.0,0.0,0.0,0.18331582659871,0.0,0.0,0.0,0.0,0.0,0.0,0.0,0.0,0.0,0.0,0.0,0.0,0.18331582659871,0.0,0.0,0.0,0.0,0.0,0.0,0.0,0.0,0.0,0.0,0.0,0.0,0.0,0.0,0.0,0.0,0.0,0.0,0.0,0.18331582659871,0.0,0.18331582659871,0.0,0.0,0.0,0.0,0.0,0.0,0.0,0.0,0.0,0.0,0.0,0.0,0.0,0.0,0.0,0.0,0.0,0.0,0.0,0.0,0.18331582659871,0.0,0.0,0.0,0.18331582659871,1.28321078619097,0.0,0.18331582659871,0.0,0.0,0.0,0.0,0.0,0.0,0.18331582659871,0.0,0.0,0.0,0.0,0.0,0.0
0.0,0.36663165319742,0.0,0.18331582659871,0.0,0.0,0.73326330639484,0.0,0.0,0.18331582659871,0.0,0.0,0.0,0.36663165319742,0.18331582659871,0.0,0.18331582659871,0.0,0.0,0.0,1.28321078619097,0.0,0.0,0.73326330639484,0.0,0.0,0.0,0.0,0.0,0.0,0.0,0.0,0.0,0.0,0.0,0.0,0.0,0.0,0.0,0.0,0.9165791329935501,0.0,0.0,0.18331582659871,0.18331582659871,0.0,0.18331582659871,0.0,0.0,0.0,0.0,0.0,0.0,0.18331582659871,0.0,4.399579838369037,0.18331582659871,0.0,0.0,0.0,0.0,0.18331582659871,0.0,0.0,0.0,0.0,0.0,0.54994747979613,0.0,0.0,0.0,0.54994747979613,0.0,0.0,0.0,0.0,0.0,0.0,0.0,0.0,0.0,0.0,0.0,0.0,0.0,0.0,0.18331582659871,0.0,0.0,0.0,0.0,0.0,0.0,0.0,0.18331582659871,0.36663165319742,0.0,0.0,0.0,0.0,0.0,0.0,0.0,0.0,0.0,0.0,0.0,0.0,0.0,0.0,0.0,0.0,0.0,0.0,0.0,0.0,0.0,0.54994747979613,0.0,0.0,0.0,0.0,0.0,0.0,0.0,0.0,0.0,0.18331582659871,0.0,0.18331582659871,0.0,0.0,0.0,0.0,0.0,0.0,0.0,0.0,0.18331582659871,0.0,0.0,0.0,0.18331582659871,0.0,0.0,0.0,0.18331582659871,0.0,0.0,0.54994747979613,0.0,0.0,0.18331582659871,0.18331582659871,0.0,0.0,0.0,0.0,0.0,0.0,0.0,0.0,0.0,0.0,0.0,0.0,0.0,0.0,0.0,0.0,0.0,0.0,0.0,0.0,0.0,0.0,0.0,1.6498424393883901,0.0,0.0,0.0,0.18331582659871,0.0,0.18331582659871,0.0,0.0,0.0,0.0,0.0,0.0,0.0,0.0,0.0,0.0,0.0,0.0,0.0,0.0,0.0,0.0,0.0,0.18331582659871,0.0,0.0,0.0,0.0,0.0,0.54994747979613,0.0,0.0,0.0,0.0,0.0,0.0,0.0,0.0,0.0,0.0,0.0,0.0,0.0,0.0,0.0,0.0,0.0,0.0,0.0,0.54994747979613,0.0,0.0,0.0,0.0,0.0,0.0,0.0,0.0,0.0,0.0,0.0,0.0,0.0,0.0,1.28321078619097,0.0,0.0,0.0,0.0,0.0,0.0,0.0,0.0,0.9165791329935501,0.0,0.0,0.0,0.0,0.0,0.0,0.0,0.0,0.0,0.0,0.18331582659871,0.0,0.0,0.0,0.0,0.0,0.0,0.0,0.0,0.0,0.18331582659871,0.0,0.0,0.0,0.0,0.0,0.0,0.0,0.0,0.0,0.0,0.0,0.0,0.0,0.0,0.0,0.0,0.0,0.0,0.0,0.0,0.0,0.0,0.0,0.0,0.0,0.0,0.0,0.0,0.0,0.0,0.0,0.0,0.0,0.0,0.0,0.0,0.18331582659871,0.0,0.0,0.54994747979613,0.18331582659871,0.0,0.0,0.0,0.0,0.0,0.0,0.0,0.0,0.0,0.0,0.0,0.0,0.0,0.18331582659871,0.0,0.0,0.0,0.0,0.0,0.0,0.0,0.0,0.0,0.0,0.0,0.0,0.0,0.0,0.0,0.18331582659871,0.0
0.0,0.18331582659871,0.0,0.0,0.0,0.18331582659871,2.199789919184521,1.09989495959226,3.1163690521780714,1.8331582659871013,0.0,0.18331582659871,0.0,0.54994747979613,0.0,0.0,0.0,0.0,0.0,0.0,0.18331582659871,0.36663165319742,0.0,0.0,0.18331582659871,0.0,0.0,0.36663165319742,0.0,0.0,0.0,0.0,0.0,0.54994747979613,0.0,0.0,0.0,0.54994747979613,0.0,0.0,0.0,0.0,0.0,0.0,0.0,0.0,0.36663165319742,0.18331582659871,0.0,0.73326330639484,0.0,0.0,1.09989495959226,0.0,0.0,0.36663165319742,0.54994747979613,0.0,0.0,0.0,0.54994747979613,0.0,0.9165791329935501,0.0,0.0,3.8496323585729075,0.0,0.18331582659871,0.0,0.0,0.18331582659871,0.0,0.0,0.18331582659871,0.0,0.0,0.0,0.18331582659871,0.18331582659871,0.0,0.0,0.54994747979613,0.0,0.0,0.0,0.0,0.36663165319742,0.0,0.0,0.0,0.18331582659871,0.0,0.0,0.0,0.18331582659871,0.0,0.0,0.0,0.0,0.0,0.0,0.0,0.0,0.0,0.0,0.54994747979613,0.0,0.0,4.032948185171616,0.0,0.0,0.0,0.18331582659871,0.0,0.0,0.0,0.0,0.0,0.0,0.0,0.0,0.0,0.0,0.0,0.0,0.18331582659871,0.0,0.18331582659871,0.0,0.0,0.0,1.28321078619097,0.0,0.18331582659871,0.0,0.0,0.0,0.0,0.0,0.18331582659871,0.0,0.0,0.0,0.0,0.0,0.0,0.0,0.0,0.0,0.0,0.0,0.0,0.0,0.0,0.0,0.0,0.0,0.0,0.0,0.73326330639484,0.18331582659871,1.28321078619097,0.0,0.0,0.18331582659871,0.0,0.0,0.0,0.0,0.0,0.0,0.0,0.0,0.0,0.0,0.73326330639484,0.0,0.73326330639484,0.0,0.0,0.18331582659871,0.18331582659871,0.0,0.0,0.0,0.0,0.0,0.0,0.0,0.0,0.0,0.0,0.0,0.0,0.0,0.0,0.18331582659871,0.0,0.0,0.18331582659871,0.0,0.0,0.0,0.0,0.18331582659871,0.0,0.0,0.0,0.0,0.0,0.0,0.18331582659871,0.0,0.18331582659871,0.0,0.0,0.0,0.0,0.0,0.0,0.0,0.0,0.0,0.0,0.0,0.0,0.0,0.0,0.0,0.0,0.0,0.0,0.0,0.0,0.18331582659871,0.0,0.0,0.0,0.18331582659871,0.0,0.0,0.18331582659871,0.0,0.0,0.0,0.0,0.0,0.0,0.0,0.0,0.0,0.0,16.1317927406865,0.0,0.0,0.0,0.0,0.0,0.18331582659871,0.0,0.0,0.36663165319742,0.0,0.0,0.18331582659871,0.0,0.36663165319742,0.0,0.0,0.0,0.18331582659871,0.0,0.0,0.0,0.18331582659871,0.0,0.0,0.0,0.0,0.0,0.0,0.0,0.0,0.0,0.0,0.0,0.0,0.0,0.36663165319742,0.0,0.0,0.0,0.0,0.0,0.0,0.0,0.0,0.0,0.0,0.0,0.18331582659871,0.0,0.0,0.0,0.0,0.0,0.0,0.18331582659871,0.0,0.0,0.0,0.0,0.0,0.0,0.0,0.0,0.0,0.0,0.0,0.18331582659871,0.54994747979613,0.0,1.09989495959226,0.0,0.0,0.0,0.0,0.0,0.0,0.0,0.0,0.0,0.0,0.0,0.0,0.0,0.18331582659871,0.18331582659871,0.0,0.0,0.0,0.0,0.0,0.0,0.0
0.0,0.0,0.0,0.0,2.566421572381945,0.0,0.0,0.0,0.0,0.0,0.0,0.0,0.0,0.0,0.18331582659871,0.0,0.0,0.0,0.0,0.0,0.0,0.0,0.0,0.0,0.0,0.0,0.0,0.18331582659871,0.0,0.0,0.0,0.0,0.0,0.0,0.0,0.0,0.0,0.0,0.0,0.0,0.0,0.0,0.0,0.0,0.0,0.0,0.0,0.0,0.0,0.0,0.0,0.0,0.0,0.18331582659871,0.0,0.0,0.0,0.0,0.0,0.0,0.0,0.0,0.0,0.0,0.0,0.0,0.0,0.0,0.0,0.0,0.0,0.0,0.0,0.0,0.0,0.0,0.0,0.0,0.0,0.0,0.0,0.0,0.0,1.46652661278968,0.0,0.0,0.0,0.0,0.0,0.54994747979613,0.0,0.0,0.18331582659871,0.0,0.18331582659871,0.0,0.0,0.0,0.0,0.0,0.0,0.0,0.0,0.0,0.0,0.0,0.0,0.0,0.0,0.0,0.0,0.0,0.0,0.0,0.0,0.0,0.0,0.0,0.18331582659871,0.0,0.0,0.9165791329935501,0.0,0.0,0.0,0.0,0.0,0.0,0.0,0.0,0.0,0.0,0.0,1.4665266127896799,0.0,0.0,0.0,0.0,0.0,0.0,0.0,0.0,0.0,0.0,0.0,0.0,0.0,0.0,0.0,0.0,0.0,0.0,0.0,0.0,0.0,0.0,0.0,0.0,0.0,0.0,0.0,0.0,0.0,0.0,0.0,0.0,0.18331582659871,0.0,0.18331582659871,0.0,0.0,0.0,4.399579838369046,0.0,0.18331582659871,0.0,0.0,0.0,0.0,0.0,0.0,0.0,0.0,0.0,0.0,0.0,0.0,0.0,0.18331582659871,0.0,0.0,0.0,0.0,0.0,0.0,0.0,0.0,0.0,0.0,0.0,0.0,0.36663165319742,0.0,0.0,0.18331582659871,0.18331582659871,0.0,0.0,0.0,0.0,0.0,0.0,0.0,0.0,0.0,0.0,0.0,0.0,0.0,0.0,0.0,0.0,0.0,0.0,0.0,0.18331582659871,0.0,0.0,0.0,0.0,0.0,0.0,0.0,0.0,0.0,0.36663165319742,0.0,0.0,0.0,0.0,0.0,0.0,0.54994747979613,0.0,0.0,0.0,0.0,0.0,0.0,0.0,0.0,0.0,0.0,0.54994747979613,0.0,1.28321078619097,0.0,0.0,0.18331582659871,0.0,0.0,0.0,0.0,0.0,0.0,0.0,0.0,0.0,0.0,0.0,0.0,0.0,0.0,0.0,0.0,0.0,0.0,0.0,0.0,0.0,0.0,0.0,0.0,0.0,0.0,0.0,0.0,0.0,0.0,0.0,0.0,0.0,0.0,0.0,0.0,0.0,0.0,0.0,0.0,0.0,0.0,0.0,0.0,0.0,0.0,0.0,0.0,0.0,0.0,0.0,0.0,0.0,0.0,0.0,0.0,0.0,0.0,0.0,0.0,0.0,0.0,0.0,0.0,0.0,0.0,0.0,0.0,0.0,0.0,0.0,0.0,0.0,0.0,0.0,0.0,0.0,0.0,0.0,0.0,0.0,0.0,0.0,0.0,0.0,0.0
0.0,0.0,0.0,0.0,0.0,0.0,0.0,0.0,0.0,0.0,0.0,0.0,0.0,0.0,0.0,0.0,0.0,0.18331582659871,0.0,0.0,0.0,0.0,0.0,0.0,0.0,0.18331582659871,0.0,0.0,0.0,0.54994747979613,0.0,0.0,0.18331582659871,0.0,0.0,0.0,0.18331582659871,0.0,0.0,0.0,0.0,0.0,0.0,0.0,0.18331582659871,0.0,0.0,0.0,0.0,0.18331582659871,0.0,0.0,0.36663165319742,0.0,0.0,0.0,0.0,0.0,0.0,0.0,0.0,0.18331582659871,0.0,0.0,0.0,0.0,0.0,0.0,0.0,0.0,0.0,0.0,0.0,0.0,0.0,0.0,0.0,0.0,0.0,0.0,0.18331582659871,0.0,0.0,0.0,0.0,0.0,0.0,0.0,0.0,0.0,0.0,0.0,0.0,0.0,0.0,0.0,0.0,0.0,0.0,0.0,0.0,0.0,0.0,0.0,0.0,0.0,0.0,0.0,0.0,0.0,0.0,0.18331582659871,0.0,0.0,0.36663165319742,0.0,0.0,0.0,0.0,0.0,0.0,0.0,0.0,0.0,0.0,0.0,0.0,0.18331582659871,0.0,0.0,0.0,0.0,0.0,0.0,0.0,0.0,0.0,0.0,0.0,0.0,0.0,0.0,0.0,0.0,0.0,0.0,0.36663165319742,0.0,0.0,0.0,0.0,0.0,0.0,0.0,0.0,0.18331582659871,0.0,0.0,0.0,0.0,0.0,0.0,0.0,0.0,0.0,0.0,0.0,0.0,0.0,0.0,0.0,0.0,0.0,0.0,0.0,0.0,0.0,0.36663165319742,0.36663165319742,0.18331582659871,0.0,0.0,0.0,0.0,0.0,0.0,0.0,0.0,0.0,0.0,0.0,0.0,0.0,0.0,0.0,0.0,0.0,0.0,0.0,0.0,0.0,0.0,0.0,0.0,0.0,0.0,0.0,0.0,0.0,0.0,0.0,0.0,0.36663165319742,0.0,0.0,0.18331582659871,0.0,0.0,0.0,0.0,0.0,0.0,0.18331582659871,0.0,0.0,0.0,0.0,0.0,0.0,0.0,0.0,0.0,0.18331582659871,0.0,0.0,0.0,0.0,0.36663165319742,0.54994747979613,0.0,0.0,0.0,0.0,0.0,0.36663165319742,0.0,0.0,0.18331582659871,0.0,0.0,0.0,0.0,0.0,0.0,0.18331582659871,0.0,0.0,0.0,0.0,0.0,0.0,0.0,0.0,0.0,0.0,0.0,0.0,0.0,0.0,0.0,0.0,0.0,0.0,0.0,2.016474092585805,0.0,0.0,0.0,0.0,0.0,0.0,0.0,0.0,0.0,0.0,0.0,0.0,0.0,0.0,0.0,0.0,0.0,0.0,0.0,0.0,0.0,0.0,0.0,0.0,0.0,0.0,0.0,0.0,0.0,0.0,0.0,0.0,0.0,0.0,0.0,0.0,0.0,0.0,0.0,0.0,0.0,0.0,0.0,0.0,0.0,0.0,0.0,0.0,0.0,0.0,0.0,0.0,0.0,0.0,0.0,0.0,0.0,0.0,0.0,0.0,0.0,0.0,0.0,0.0,0.0,0.0,0.18331582659871,0.0,0.0,0.0
0.0,0.0,0.0,0.0,0.36663165319742,0.0,0.0,0.0,0.0,0.0,0.0,0.0,0.0,0.0,0.0,0.0,0.0,0.0,0.0,0.0,0.0,0.0,0.0,0.0,0.0,0.0,0.0,0.0,0.0,0.0,0.0,0.0,0.0,0.0,0.0,0.0,0.0,0.0,0.0,0.0,0.0,0.0,0.0,0.0,0.0,0.0,0.0,0.0,0.0,0.0,0.0,0.0,0.0,0.0,0.0,0.0,0.0,0.0,0.0,0.0,0.0,0.0,0.0,0.0,0.0,0.0,0.0,0.0,0.0,0.0,0.0,0.0,0.0,0.0,0.0,0.0,0.0,0.0,0.0,0.0,0.0,0.0,0.0,2.19978991918452,0.0,0.0,0.0,0.0,0.0,0.0,0.0,0.0,0.0,0.0,0.18331582659871,0.0,0.0,0.0,0.0,0.0,0.0,0.0,0.0,0.0,0.0,0.0,0.0,0.0,0.0,0.0,0.0,0.0,0.0,0.0,0.0,0.0,0.0,0.0,0.0,0.0,0.0,0.18331582659871,0.0,0.0,0.0,0.0,0.0,0.0,0.0,0.0,0.0,0.0,0.0,0.36663165319742,0.0,0.0,0.0,0.0,0.0,0.0,0.0,0.0,0.0,0.0,0.0,0.0,0.0,0.0,0.0,0.0,0.0,0.0,0.0,0.0,0.0,0.0,0.0,0.0,0.0,0.0,0.0,0.0,0.0,0.0,0.0,0.0,0.0,0.0,0.0,0.0,0.0,0.0,0.36663165319742,0.0,0.0,0.0,0.0,0.0,0.0,0.0,0.0,0.0,0.0,0.0,0.0,0.0,0.0,0.0,0.0,0.0,0.0,0.0,0.0,0.0,0.0,0.0,0.0,0.0,0.0,0.0,0.0,0.0,0.0,0.0,0.0,0.0,0.0,0.0,0.0,0.36663165319742,0.0,0.0,0.0,0.0,0.0,0.0,0.0,0.0,0.0,0.0,0.0,0.0,0.0,0.0,0.0,0.0,0.0,0.0,0.0,0.0,0.0,0.0,0.0,0.0,0.0,0.0,0.0,0.0,0.0,0.0,0.0,0.0,0.0,0.0,0.0,0.0,0.0,0.0,0.0,0.0,0.0,0.0,0.0,0.54994747979613,0.0,0.73326330639484,0.0,0.0,0.0,0.0,0.0,0.0,0.0,0.0,0.0,0.0,0.0,0.0,0.0,0.0,0.0,0.0,0.0,0.0,0.0,0.18331582659871,0.0,0.0,0.0,0.0,0.0,0.0,0.0,0.0,0.0,0.0,0.0,0.0,0.0,0.0,0.0,0.0,0.0,0.0,0.0,0.0,0.0,0.0,0.0,0.0,0.0,0.0,0.0,0.0,0.0,0.0,0.0,0.0,0.0,0.0,0.0,0.0,0.0,0.0,0.0,0.0,0.0,0.0,0.0,0.0,0.0,0.0,0.0,0.0,0.0,0.0,0.0,0.0,0.0,0.0,0.0,0.0,0.0,0.0,0.0,0.0,0.0,0.0,0.0,0.0,0.0,0.0,0.0,0.0,0.0
0.0,0.0,0.0,0.0,0.0,0.0,7.149317237349695,0.18331582659871,0.0,0.0,0.0,0.0,0.18331582659871,0.0,0.18331582659871,0.0,5.682790624560008,0.0,0.54994747979613,0.0,0.0,0.18331582659871,0.0,0.18331582659871,0.0,0.0,0.0,0.0,0.0,0.0,0.0,0.0,0.0,0.0,0.0,0.0,0.0,0.0,0.0,0.0,0.0,0.0,0.0,0.0,0.0,0.0,1.6498424393883901,0.0,0.0,0.0,0.0,0.0,0.0,0.0,0.0,0.0,0.0,0.0,0.0,0.0,0.0,2.1997899191845174,0.0,0.0,0.0,0.0,0.0,0.0,0.0,0.0,0.36663165319742,0.0,0.0,0.0,0.0,0.0,0.0,0.0,0.0,0.0,0.0,0.0,0.0,0.18331582659871,0.0,0.0,0.36663165319742,0.0,0.0,0.0,0.0,0.0,0.0,0.0,0.0,0.0,0.0,0.0,0.0,0.0,0.0,0.0,0.0,0.18331582659871,0.36663165319742,0.18331582659871,0.0,0.0,0.0,0.0,0.0,0.0,0.0,0.0,0.0,0.0,0.0,0.91657913299355,0.0,0.0,0.0,0.0,0.0,0.0,0.0,0.18331582659871,0.0,0.0,0.0,0.0,0.0,0.0,0.0,0.0,0.0,1.28321078619097,0.0,0.0,0.18331582659871,1.46652661278968,0.0,0.0,4.766211491566461,0.36663165319742,0.0,0.0,0.0,0.0,0.0,0.0,0.0,0.0,2.74973739898065,0.0,0.0,0.0,1.6498424393883901,0.0,0.0,0.0,0.0,0.18331582659871,0.0,0.0,0.0,0.0,0.0,0.0,0.0,0.0,0.0,0.18331582659871,0.0,0.0,0.0,0.0,0.0,0.73326330639484,0.0,0.0,0.0,0.0,0.0,0.0,0.0,0.18331582659871,0.0,0.0,0.0,0.0,0.0,0.0,0.0,0.0,0.0,0.0,0.0,0.0,0.18331582659871,0.0,0.0,0.0,0.0,0.0,0.0,0.0,0.0,0.0,0.0,0.0,0.0,0.0,0.0,0.0,0.0,0.0,0.0,0.0,0.0,0.0,0.0,0.0,0.0,0.0,0.0,0.0,0.0,0.0,0.0,0.0,0.0,0.0,0.0,0.0,0.73326330639484,0.0,0.0,0.0,0.0,0.0,0.54994747979613,0.0,0.0,0.0,0.0,0.0,0.0,0.0,0.0,0.0,0.0,0.0,0.0,0.0,0.0,0.0,1.46652661278968,0.0,0.0,0.0,0.0,2.3831057457832303,0.0,0.0,0.0,0.0,0.0,0.0,0.0,0.0,0.54994747979613,0.0,0.0,0.0,0.0,0.0,0.0,0.0,0.0,0.0,0.0,0.0,0.0,0.0,0.0,0.0,0.0,0.0,0.0,0.0,0.0,0.0,0.0,0.0,0.0,0.0,0.0,0.0,0.0,0.0,0.0,0.0,0.18331582659871,0.0,0.73326330639484,0.0,0.0,0.0,0.0,0.0,0.0,0.18331582659871,0.18331582659871,0.0,0.0,0.0,0.0,0.0,0.0,0.0,0.0,0.0,0.73326330639484,0.0,0.0,0.0,0.0,0.0,0.0,0.0,0.0,0.0,0.0,0.0,1.46652661278968,0.36663165319742,0.0,0.0,0.0,0.0,0.0,0.0,0.0,0.0,0.0
0.0,0.0,0.0,0.0,0.0,0.18331582659871,0.0,0.0,0.0,0.0,0.0,0.0,0.0,0.18331582659871,0.0,0.0,0.0,0.18331582659871,0.0,0.0,0.0,0.0,0.0,0.0,0.0,0.0,0.0,0.0,0.0,0.0,0.0,0.0,0.0,0.0,0.0,0.0,0.0,0.0,0.0,0.0,0.0,0.0,0.0,0.0,0.18331582659871,0.0,0.36663165319742,0.0,0.0,0.0,0.0,0.0,0.0,0.0,0.0,0.0,0.0,0.0,0.0,0.0,0.73326330639484,0.0,0.0,0.0,0.0,0.18331582659871,0.0,0.0,0.0,0.0,0.0,0.0,0.0,0.0,0.0,0.0,0.0,0.0,0.0,0.0,0.18331582659871,0.0,0.0,0.0,0.0,0.0,0.0,0.0,0.0,0.0,0.0,0.0,0.0,0.0,0.0,0.0,0.0,0.0,0.0,0.0,0.0,0.0,0.0,0.0,0.0,0.0,0.0,0.0,0.0,0.0,0.0,0.0,0.0,0.0,0.0,0.18331582659871,0.0,0.0,0.0,0.36663165319742,0.0,0.0,0.0,0.0,0.0,0.0,0.0,0.0,0.0,0.0,0.0,0.0,0.0,0.0,0.0,0.0,0.0,0.0,0.0,0.0,0.0,0.0,0.0,0.0,0.0,0.0,0.0,0.0,0.0,0.0,0.0,0.0,0.0,0.0,0.0,0.0,0.0,0.0,0.0,0.0,0.0,0.0,0.0,0.0,0.0,0.0,0.0,0.0,0.0,0.0,0.0,0.0,0.0,0.0,0.0,0.0,0.0,3.2996848787767816,0.0,0.0,0.0,0.0,0.0,0.0,0.0,0.0,0.0,0.0,0.0,0.0,0.0,0.0,0.0,0.0,0.0,0.0,0.18331582659871,0.0,0.0,0.0,0.0,0.0,0.0,0.0,0.0,0.0,0.0,0.0,0.0,0.0,0.0,0.0,0.0,0.0,0.0,0.0,0.0,0.0,0.0,0.0,0.0,0.0,0.0,0.0,0.0,0.0,0.0,0.0,0.0,0.0,0.0,0.0,0.0,0.0,0.0,0.0,0.0,0.0,0.0,0.0,0.0,0.0,0.0,0.0,0.0,0.0,0.0,0.0,0.0,0.0,0.0,0.0,0.0,0.0,0.0,0.0,0.0,0.18331582659871,0.0,0.0,0.18331582659871,0.0,0.0,0.0,0.0,0.0,0.0,0.0,0.0,0.0,0.0,0.0,0.0,0.0,0.0,0.0,0.0,0.0,0.0,0.0,0.0,0.0,0.0,0.0,0.0,0.0,0.0,0.0,0.0,0.0,0.0,0.0,0.0,0.0,0.0,0.0,0.0,0.0,0.0,0.0,0.0,0.0,0.0,0.0,0.0,0.0,0.0,0.0,0.0,0.0,0.0,0.0,0.0,0.0,0.0,0.0,0.0,0.0,0.0,0.0,0.0,0.0,0.0,0.0,0.0,0.0,0.0,0.0,0.0,0.0,0.0,0.0,0.0,0.0,0.0,0.0,0.0,0.0,0.0,0.0,0.0,0.0,0.0,0.0,0.0
0.0,0.0,0.0,0.0,0.0,0.36663165319742,0.0,1.09989495959226,0.0,0.18331582659871,0.18331582659871,0.0,0.0,0.18331582659871,0.0,0.0,0.0,0.73326330639484,0.0,0.0,0.0,3.29968487877678,0.18331582659871,0.18331582659871,0.18331582659871,0.0,0.0,0.0,0.0,0.0,0.0,0.0,0.18331582659871,3.4830007053754946,0.0,1.46652661278968,0.0,0.54994747979613,0.0,0.0,0.18331582659871,0.0,0.0,0.0,0.0,0.0,0.54994747979613,0.0,0.0,0.18331582659871,0.0,0.0,0.0,0.18331582659871,0.0,0.0,0.0,0.0,0.0,0.0,0.0,0.0,0.18331582659871,0.0,0.18331582659871,4.399579838369038,0.0,0.0,0.0,0.0,0.36663165319742,0.0,0.0,0.0,0.0,0.0,0.0,0.0,0.0,0.18331582659871,0.18331582659871,0.18331582659871,0.0,0.0,0.18331582659871,0.0,0.18331582659871,0.0,0.0,0.0,0.18331582659871,0.0,0.0,0.0,0.0,0.0,0.0,0.0,0.0,0.0,0.0,0.0,0.0,0.0,0.0,0.18331582659871,0.0,0.0,0.18331582659871,0.0,0.0,0.0,0.18331582659871,0.18331582659871,0.0,0.0,0.0,1.28321078619097,0.0,0.0,0.0,0.0,0.0,0.0,0.0,0.18331582659871,5.682790624560003,0.0,0.0,0.0,0.0,0.0,0.0,0.18331582659871,0.0,0.18331582659871,0.0,0.0,0.18331582659871,0.73326330639484,0.0,0.0,0.0,0.18331582659871,0.0,0.18331582659871,0.0,0.0,0.0,0.18331582659871,0.0,0.0,0.0,0.0,0.0,0.0,0.0,0.0,0.0,0.36663165319742,0.0,0.18331582659871,0.0,0.0,0.18331582659871,0.0,0.0,0.0,0.0,0.0,0.0,0.0,0.0,0.0,0.0,0.18331582659871,0.0,0.73326330639484,0.0,0.0,1.8331582659871002,0.0,0.0,0.0,0.0,0.0,0.0,0.0,0.0,0.0,0.0,0.0,0.0,0.0,0.18331582659871,0.0,0.18331582659871,0.0,0.18331582659871,0.0,0.0,0.0,0.0,0.0,0.0,0.0,0.0,0.0,0.0,0.0,0.0,4.949527318165165,0.0,0.0,0.0,0.0,0.0,0.0,0.0,0.0,0.0,0.0,0.18331582659871,0.54994747979613,0.0,0.0,0.0,0.0,0.18331582659871,0.0,0.0,0.0,0.0,0.0,0.73326330639484,0.18331582659871,0.0,0.0,0.0,0.0,0.0,0.0,0.0,0.0,0.0,0.0,0.0,0.0,0.0,0.0,0.0,0.0,0.36663165319742,0.18331582659871,0.0,0.18331582659871,0.0,0.0,6.232738104356143,0.0,0.0,0.0,0.0,0.0,0.9165791329935501,0.0,0.18331582659871,0.18331582659871,0.0,0.0,0.0,0.0,0.0,0.0,0.0,0.0,0.18331582659871,0.0,0.0,0.18331582659871,0.0,0.0,0.18331582659871,0.0,0.0,0.0,0.0,0.0,1.28321078619097,0.0,0.0,0.0,0.0,0.0,0.0,0.0,0.0,0.0,0.0,0.0,0.0,0.0,0.0,0.0,0.18331582659871,0.0,0.0,0.0,0.0,0.0,0.0,0.18331582659871,0.0,0.0,0.0,0.0,0.0,0.0,0.0,0.0,0.0,0.0,0.18331582659871,0.0,0.0,0.0,0.0,0.0,0.0,0.0,0.0,0.0,0.0,0.0,0.54994747979613,0.0,0.0,0.0,0.0,0.0,0.0,0.0,0.0,0.0,0.0
0.0,0.0,0.0,0.18331582659871,0.0,0.54994747979613,0.0,0.0,0.0,0.36663165319742,0.36663165319742,0.18331582659871,0.0,0.18331582659871,0.18331582659871,0.0,0.0,0.0,0.0,0.0,0.54994747979613,0.18331582659871,0.18331582659871,0.0,0.0,0.18331582659871,0.0,0.0,0.18331582659871,0.18331582659871,0.18331582659871,0.0,0.0,0.0,0.0,0.0,0.0,0.0,0.18331582659871,0.0,0.0,0.36663165319742,0.18331582659871,0.0,0.0,0.0,0.0,0.0,0.0,0.0,0.0,0.0,2.0164740925858102,0.0,0.18331582659871,0.0,0.0,0.0,0.18331582659871,2.3831057457832303,0.9165791329935501,0.0,0.0,0.18331582659871,0.0,0.0,0.0,0.0,0.0,0.0,0.0,0.18331582659871,0.0,0.0,0.0,0.0,0.18331582659871,0.0,0.0,0.54994747979613,0.36663165319742,0.0,0.18331582659871,0.0,0.0,0.0,0.0,0.0,0.0,0.0,0.0,0.0,0.0,0.0,0.0,0.0,0.0,0.0,0.0,0.0,0.0,0.0,0.18331582659871,0.0,0.0,0.0,0.0,0.0,0.0,0.0,0.0,0.0,0.0,0.0,0.18331582659871,0.36663165319742,0.18331582659871,0.0,0.0,0.0,0.54994747979613,0.0,0.0,0.0,0.0,0.0,0.0,0.0,0.0,0.0,2.19978991918452,0.0,0.0,0.0,0.0,0.0,1.46652661278968,0.18331582659871,0.0,0.0,0.0,0.0,0.0,0.0,0.0,0.0,0.0,0.0,0.0,0.0,0.0,0.0,0.0,0.0,0.0,0.0,0.0,0.0,0.0,0.0,0.0,0.0,0.0,0.0,0.0,0.0,0.0,0.0,0.0,0.0,0.0,0.18331582659871,0.0,0.0,0.0,0.0,0.0,0.73326330639484,0.0,0.0,0.0,0.0,0.0,0.0,0.0,0.0,0.0,0.18331582659871,0.0,0.0,0.0,0.0,0.0,0.0,0.0,0.0,0.0,0.0,0.0,0.0,0.0,0.0,0.0,0.0,0.0,0.0,0.0,0.0,0.0,0.0,0.0,0.0,1.09989495959226,0.9165791329935501,0.0,0.0,0.36663165319742,0.0,0.0,0.0,0.0,0.0,0.18331582659871,0.0,0.0,0.18331582659871,0.0,0.0,0.18331582659871,0.36663165319742,0.0,0.0,0.0,0.18331582659871,0.0,0.0,0.18331582659871,0.0,0.0,0.18331582659871,0.18331582659871,0.0,0.0,0.18331582659871,0.0,0.0,0.0,0.0,0.0,0.0,0.0,0.0,0.0,0.0,0.0,0.0,0.0,0.0,0.0,1.46652661278968,0.0,0.0,0.18331582659871,0.0,0.0,1.28321078619097,0.0,0.0,0.18331582659871,0.0,0.0,0.0,0.0,0.36663165319742,0.0,0.0,0.0,0.0,0.0,0.0,0.0,0.0,0.0,0.9165791329935501,0.0,0.0,0.0,0.0,0.0,0.0,0.36663165319742,0.0,0.0,0.0,0.0,0.0,0.0,0.18331582659871,0.0,0.0,0.0,0.0,0.0,0.0,0.0,0.0,0.0,0.0,0.0,0.0,0.18331582659871,0.0,0.0,0.0,0.0,0.36663165319742,0.0,0.0,0.0,0.0,0.0,0.18331582659871,0.0,0.0,0.0,0.0,0.0,0.0,0.0,0.0,0.0,0.0,0.0,0.0,0.0,0.0,0.0,0.18331582659871,0.0,0.0,0.0,0.36663165319742,0.0,0.0,0.0
0.0,0.18331582659871,0.0,0.0,0.0,0.9165791329935501,0.36663165319742,0.0,0.0,0.36663165319742,0.18331582659871,0.0,0.0,2.74973739898065,0.0,0.18331582659871,0.0,0.0,0.0,0.0,0.36663165319742,0.0,0.0,0.0,0.0,0.0,0.0,0.0,0.0,0.0,0.0,0.0,0.0,0.0,0.0,0.0,0.0,0.0,0.0,0.0,0.0,0.18331582659871,0.0,0.0,0.18331582659871,0.0,0.18331582659871,0.18331582659871,0.18331582659871,0.0,0.0,0.0,0.0,0.36663165319742,0.0,0.36663165319742,0.0,0.0,0.0,0.0,3.4830007053754914,0.36663165319742,0.0,0.0,0.18331582659871,0.0,0.0,0.18331582659871,0.0,0.0,0.0,0.18331582659871,0.0,0.0,0.0,0.0,0.0,0.0,0.0,0.0,0.0,0.18331582659871,0.0,0.0,0.0,0.0,0.0,0.0,0.0,0.0,0.0,0.0,0.0,0.18331582659871,1.28321078619097,0.0,0.0,0.0,0.0,0.0,0.18331582659871,0.0,0.0,0.0,0.0,0.0,4.766211491566455,0.0,0.0,0.0,0.0,0.0,0.0,0.0,0.0,0.0,0.0,0.0,0.0,0.36663165319742,0.18331582659871,0.0,0.0,0.0,0.0,0.0,0.0,0.0,0.0,0.0,0.0,0.0,0.73326330639484,1.09989495959226,0.0,0.0,0.0,0.0,0.0,0.18331582659871,0.0,0.0,0.18331582659871,0.0,0.0,0.0,0.0,0.0,0.0,0.0,0.0,0.0,0.0,0.0,0.18331582659871,0.0,0.0,0.0,0.0,0.0,0.0,0.0,0.0,2.7497373989806526,0.0,1.8331582659871,0.0,0.0,0.0,0.0,0.0,1.28321078619097,0.0,0.0,0.0,0.0,0.0,2.7497373989806513,0.0,0.0,0.0,0.0,0.18331582659871,0.0,0.0,0.0,0.0,0.0,0.0,0.0,0.0,0.0,0.0,0.0,0.36663165319742,0.9165791329935501,1.09989495959226,0.0,0.0,0.0,0.18331582659871,0.0,0.0,0.0,0.0,0.0,0.0,0.0,0.0,0.0,0.0,0.0,0.18331582659871,1.09989495959226,0.0,0.0,0.0,0.0,0.0,0.0,0.0,0.0,0.0,0.0,0.0,0.18331582659871,0.0,0.36663165319742,0.0,0.0,0.0,0.0,0.0,0.0,0.0,0.0,0.0,0.0,0.0,0.0,0.0,0.0,0.18331582659871,0.0,0.0,0.0,0.18331582659871,0.0,0.0,0.54994747979613,0.0,0.0,0.0,0.0,0.0,0.0,0.0,0.18331582659871,0.0,0.18331582659871,2.56642157238194,0.36663165319742,0.0,0.0,0.0,0.54994747979613,0.0,0.18331582659871,0.0,0.0,0.0,0.0,0.0,0.0,0.0,0.0,0.0,0.0,0.0,0.0,0.0,0.0,0.0,0.0,0.0,0.0,0.18331582659871,0.0,0.18331582659871,0.18331582659871,0.0,0.0,0.18331582659871,0.0,0.0,0.0,0.0,0.0,0.0,0.0,0.0,0.0,0.0,0.0,0.0,0.0,0.0,0.0,0.0,0.0,0.0,0.0,0.0,0.0,0.0,0.18331582659871,0.0,0.0,0.0,0.0,0.0,0.0,0.0,0.0,0.0,0.0,0.0,0.0,0.18331582659871,0.0,0.0,0.0,0.0,0.0,0.0,0.0,0.18331582659871,0.0,0.0,0.0,0.0,0.0,0.0,0.0,0.0
0.0,0.18331582659871,0.0,0.0,0.0,0.18331582659871,0.73326330639484,0.0,0.0,0.18331582659871,0.0,0.0,0.0,0.18331582659871,0.0,0.0,0.36663165319742,0.18331582659871,0.0,0.0,0.18331582659871,14.848581954495534,0.18331582659871,0.18331582659871,0.0,0.0,0.0,0.0,0.0,0.0,0.0,0.0,0.0,0.0,0.0,0.0,0.0,0.0,0.0,0.0,0.0,0.0,0.0,0.18331582659871,0.0,0.0,0.18331582659871,0.0,0.0,0.0,0.0,0.0,0.18331582659871,0.0,0.0,0.0,0.0,0.0,0.0,0.0,1.46652661278968,0.0,0.0,0.0,0.18331582659871,0.0,0.0,0.0,0.0,0.0,1.09989495959226,0.18331582659871,0.0,0.0,0.0,0.0,0.0,0.0,0.0,0.0,0.18331582659871,0.0,0.0,0.0,0.0,0.0,0.18331582659871,0.0,0.0,0.0,0.0,0.0,0.0,0.0,0.0,0.0,8.065896370343246,0.0,0.0,0.0,0.0,0.0,0.0,0.0,6.599369757553563,0.36663165319742,0.0,0.0,0.0,0.0,0.0,0.0,0.0,0.0,0.0,0.0,0.0,0.36663165319742,0.0,0.0,0.0,0.18331582659871,0.0,0.0,1.8331582659871002,0.0,0.0,0.0,0.0,0.0,0.0,0.0,0.0,0.0,0.0,0.73326330639484,0.0,0.0,1.8331582659871002,3.48300070537549,0.0,0.0,0.0,0.36663165319742,0.0,0.0,0.0,0.0,0.0,0.0,0.0,0.0,0.36663165319742,0.0,0.0,0.0,0.0,0.0,0.0,0.0,0.36663165319742,0.0,0.0,1.28321078619097,0.0,0.18331582659871,0.0,0.0,0.0,0.0,0.0,0.0,0.0,0.0,0.0,0.0,0.0,1.09989495959226,0.0,0.0,0.0,0.0,0.0,0.0,0.36663165319742,0.0,0.0,0.0,0.0,2.38310574578323,0.0,0.0,0.0,0.0,0.0,0.0,0.36663165319742,0.0,11.36558124912002,0.0,0.0,0.0,0.0,0.0,0.36663165319742,0.0,0.0,0.0,0.0,0.0,0.0,0.0,0.0,0.0,0.0,0.0,0.0,0.0,0.0,0.0,0.0,0.0,0.0,0.0,0.0,0.0,0.0,0.0,0.0,0.0,0.0,0.0,0.0,0.18331582659871,4.949527318165171,0.0,0.0,0.0,0.0,0.0,0.18331582659871,0.18331582659871,0.0,0.0,0.9165791329935501,0.0,0.0,0.0,0.0,0.0,0.0,0.0,0.36663165319742,0.0,0.0,0.0,3.483000705375491,0.0,0.0,0.0,0.0,4.766211491566461,0.0,0.0,0.0,0.0,0.18331582659871,0.0,0.0,0.0,0.36663165319742,0.0,0.0,0.0,0.0,0.0,0.0,0.0,0.0,0.36663165319742,3.2996848787767865,0.0,0.54994747979613,0.0,0.0,0.0,0.0,0.0,0.0,0.0,0.0,0.36663165319742,0.0,0.0,0.0,0.0,0.0,0.0,0.0,0.0,0.0,0.0,0.54994747979613,0.18331582659871,0.54994747979613,0.0,0.0,0.18331582659871,0.0,0.0,0.0,0.18331582659871,0.0,0.0,0.0,0.0,0.0,0.0,0.0,0.0,0.0,0.0,0.9165791329935501,0.0,0.0,0.0,0.0,0.0,0.0,0.0,0.0,0.0,0.0,0.0,0.91657913299355,0.0,0.0,0.0,0.0,0.0,0.0,0.0,0.0,0.0,0.0
0.0,0.36663165319742,0.0,0.0,0.18331582659871,0.18331582659871,1.28321078619097,0.0,0.0,0.0,0.0,0.18331582659871,0.54994747979613,0.18331582659871,0.18331582659871,0.0,0.0,2.0164740925858102,0.0,0.0,0.0,0.0,0.36663165319742,0.0,0.0,0.36663165319742,0.0,0.0,0.0,0.9165791329935501,0.0,0.0,0.0,0.0,0.0,0.0,0.0,0.0,0.0,0.0,0.18331582659871,0.0,0.0,0.36663165319742,0.18331582659871,0.18331582659871,0.18331582659871,0.0,0.54994747979613,2.56642157238194,0.0,0.0,0.36663165319742,0.18331582659871,0.18331582659871,0.18331582659871,0.0,0.0,0.0,0.0,0.36663165319742,0.18331582659871,0.0,0.18331582659871,0.0,0.0,0.0,0.0,0.0,0.0,0.0,0.18331582659871,0.0,0.0,0.0,0.0,0.0,0.73326330639484,0.0,0.0,0.54994747979613,0.0,0.0,0.0,0.0,0.18331582659871,0.0,0.0,0.0,0.18331582659871,0.0,0.0,0.0,0.0,0.0,0.0,0.0,0.0,0.0,0.0,0.0,0.0,0.0,0.0,0.0,0.0,0.0,0.0,0.0,0.0,0.0,0.0,0.0,0.0,0.36663165319742,0.0,0.0,0.0,0.0,0.0,0.0,0.0,0.0,0.0,0.18331582659871,0.0,0.0,0.0,0.36663165319742,0.0,0.0,0.0,0.18331582659871,0.0,0.18331582659871,0.0,0.0,0.0,0.0,0.0,0.0,0.0,15.031897781094216,0.0,0.0,0.0,0.0,0.0,0.0,0.0,0.0,0.0,0.0,0.0,0.0,1.09989495959226,0.0,0.0,0.0,0.0,0.0,0.0,0.0,0.0,0.0,0.0,0.0,0.0,0.18331582659871,0.0,0.0,0.18331582659871,0.0,0.0,0.0,0.0,0.0,0.36663165319742,0.0,0.0,0.0,0.0,0.0,0.0,0.0,0.0,0.54994747979613,0.0,0.0,0.0,0.0,0.0,0.0,0.0,0.0,0.0,0.0,0.73326330639484,0.0,0.73326330639484,0.0,0.0,0.0,0.0,0.0,0.0,0.0,0.0,0.0,0.0,0.0,0.0,0.73326330639484,0.0,0.0,0.0,0.0,0.0,0.0,0.0,0.0,0.0,0.91657913299355,0.0,0.73326330639484,0.0,0.0,0.0,0.0,0.0,0.0,0.0,0.0,0.0,0.0,0.0,0.0,0.0,0.0,0.0,0.18331582659871,0.0,0.0,0.0,0.0,0.0,0.36663165319742,0.0,0.0,0.0,0.0,0.0,0.0,0.0,0.36663165319742,0.0,0.0,0.0,0.0,0.0,0.0,0.0,2.56642157238194,0.0,0.0,0.0,0.0,0.0,0.0,0.0,0.0,0.0,0.0,0.0,0.18331582659871,0.0,0.0,0.0,0.0,0.0,0.0,0.0,0.0,0.0,0.0,0.0,0.0,0.0,0.0,0.0,0.0,0.0,0.0,0.0,0.0,0.0,0.0,0.0,0.0,0.0,0.0,0.0,0.0,0.0,0.0,0.0,0.0,0.0,0.0,0.0,0.0,0.0,0.0,0.0,0.0,0.0,2.38310574578323,0.0,0.0,0.0,0.0,0.0,0.0,0.0,0.0,0.0,0.0,0.36663165319742,0.0,0.0,0.0,0.0,0.0,0.0,0.0,0.18331582659871,0.0,0.0,0.0,0.0,0.0,0.0,0.0,0.0,0.0
0.36663165319742,0.36663165319742,0.0,0.0,0.0,0.0,0.18331582659871,0.0,2.9330532255793647,0.18331582659871,0.36663165319742,0.0,0.0,0.0,0.0,0.0,0.0,0.36663165319742,0.0,0.0,0.18331582659871,0.0,0.36663165319742,0.0,0.0,1.28321078619097,0.0,0.54994747979613,0.0,0.36663165319742,0.0,0.0,0.73326330639484,0.0,0.0,0.0,0.0,0.0,0.0,0.0,0.0,0.0,0.36663165319742,0.0,0.18331582659871,0.0,0.0,0.0,0.36663165319742,0.0,0.0,0.0,2.93305322557936,0.18331582659871,0.0,0.0,0.0,0.18331582659871,0.0,0.36663165319742,0.0,0.0,0.0,0.18331582659871,0.0,0.0,0.0,0.0,0.36663165319742,0.0,0.0,0.18331582659871,0.0,0.0,0.0,0.0,0.0,0.18331582659871,0.0,0.0,0.54994747979613,0.0,0.0,0.0,0.0,0.0,0.0,0.36663165319742,0.0,0.0,0.0,0.0,0.0,0.0,0.0,0.0,0.0,0.0,0.0,0.0,0.0,0.0,0.0,0.0,0.0,0.0,0.0,0.0,0.0,0.0,0.0,0.0,0.0,0.0,0.18331582659871,0.0,0.18331582659871,0.0,0.0,0.0,0.0,0.0,0.0,0.0,0.91657913299355,0.0,0.0,0.0,0.18331582659871,0.0,0.0,0.0,0.18331582659871,0.0,0.0,0.0,0.0,0.0,0.0,0.0,0.18331582659871,0.36663165319742,0.0,0.0,0.0,0.0,5.682790624560019,0.0,0.0,0.0,0.0,0.0,0.0,0.0,0.0,0.0,0.0,0.0,0.0,0.0,0.0,0.0,0.73326330639484,0.18331582659871,0.0,0.0,0.0,0.0,0.0,0.0,0.0,0.0,0.0,0.0,0.0,0.0,0.0,0.36663165319742,0.36663165319742,0.18331582659871,0.0,0.0,0.0,0.0,0.36663165319742,0.0,0.0,0.36663165319742,0.0,0.73326330639484,0.0,0.0,0.0,0.0,0.36663165319742,5.866106451158727,0.0,0.0,0.0,1.09989495959226,0.18331582659871,0.0,0.0,0.0,0.0,0.0,0.0,0.0,0.0,0.0,0.0,0.0,0.0,0.0,0.18331582659871,0.36663165319742,0.0,0.0,0.0,0.0,0.0,0.0,0.0,0.36663165319742,0.18331582659871,0.0,0.0,0.0,0.18331582659871,0.0,0.0,1.28321078619097,0.18331582659871,0.0,0.0,0.0,0.0,1.09989495959226,0.0,0.0,0.0,0.0,0.0,0.0,0.0,0.0,0.0,0.0,0.54994747979613,0.0,0.9165791329935501,0.0,0.18331582659871,0.0,0.0,0.0,0.0,0.0,0.0,0.0,0.0,0.0,0.18331582659871,0.36663165319742,0.0,0.0,0.0,0.0,0.0,0.0,0.0,0.0,0.0,0.0,0.0,0.0,0.0,0.0,0.0,0.0,0.0,0.18331582659871,0.0,0.0,0.0,0.0,0.0,0.0,0.0,0.0,0.0,0.0,0.0,0.0,0.0,0.0,0.0,0.0,0.0,0.0,0.18331582659871,0.0,0.0,0.18331582659871,0.0,0.0,0.0,0.0,0.0,0.0,0.0,0.0,0.0,0.0,0.0,0.0,0.0,0.0,0.0,0.0,0.0,0.0,0.0,0.36663165319742,0.0,0.54994747979613,0.0,0.0,0.18331582659871,0.91657913299355,0.0,0.73326330639484,0.0,0.0,0.0,0.0,0.0,0.0,0.18331582659871,0.0,0.0,0.0,0.0,0.0,0.0
0.0,0.18331582659871,0.0,0.0,0.0,0.0,0.0,1.28321078619097,0.0,0.0,0.0,0.0,0.0,0.54994747979613,0.0,0.0,0.0,0.18331582659871,0.0,0.0,0.9165791329935501,0.9165791329935501,0.0,0.0,0.18331582659871,0.0,0.0,0.0,0.0,0.0,0.0,0.0,0.0,0.0,0.0,0.0,0.0,0.91657913299355,0.0,0.0,0.0,0.0,0.0,0.0,0.0,0.0,0.18331582659871,0.0,0.0,0.0,0.0,0.0,0.0,0.54994747979613,0.0,0.0,1.46652661278968,0.0,0.0,0.0,0.9165791329935501,0.0,0.0,0.0,0.0,0.9165791329935501,0.0,0.18331582659871,0.0,0.0,0.0,0.18331582659871,0.0,0.0,0.0,0.0,0.0,0.0,0.0,0.0,0.0,0.0,0.0,0.18331582659871,0.0,0.0,0.0,0.0,0.0,0.0,0.0,0.0,0.0,0.0,0.0,0.0,0.0,0.0,0.0,0.0,0.0,0.0,0.0,0.0,0.18331582659871,0.0,0.0,0.0,0.54994747979613,0.0,0.0,0.0,0.0,0.0,0.0,0.0,0.0,0.0,0.0,0.18331582659871,0.0,0.0,0.0,0.0,0.0,0.0,0.36663165319742,0.0,0.0,0.0,0.0,0.0,0.0,2.5664215723819472,0.0,0.18331582659871,0.0,0.0,0.18331582659871,2.19978991918452,0.0,0.0,0.36663165319742,0.18331582659871,0.0,0.0,0.0,0.0,0.0,0.0,0.0,0.18331582659871,0.0,0.0,0.0,0.0,0.0,0.0,0.0,0.0,1.28321078619097,0.0,0.0,0.0,0.0,0.0,0.0,0.0,0.0,0.0,0.0,0.0,0.0,0.0,0.0,0.0,0.0,1.28321078619097,0.0,0.0,0.18331582659871,0.0,0.0,0.0,0.0,0.0,0.0,0.0,0.0,0.0,0.0,0.0,0.0,0.0,0.0,0.0,0.0,0.0,0.0,0.0,0.0,0.0,0.0,0.0,0.0,0.0,0.0,0.0,0.36663165319742,0.0,0.0,0.0,0.0,0.0,0.0,0.0,0.0,0.0,0.0,0.0,0.0,0.0,0.0,0.0,0.0,0.0,0.0,0.0,0.0,0.0,0.0,0.0,0.0,0.0,0.0,0.0,0.0,0.0,0.0,0.0,0.0,0.0,0.0,0.0,0.0,0.0,0.0,0.0,0.0,0.0,0.0,0.0,0.18331582659871,0.0,0.0,0.0,0.0,0.0,0.36663165319742,0.0,0.0,0.0,0.0,0.0,1.09989495959226,0.0,0.0,0.0,0.0,0.0,0.0,0.0,0.0,0.0,0.0,0.0,0.0,0.0,0.0,0.0,0.0,0.0,0.18331582659871,0.0,0.0,0.0,0.0,0.0,0.0,0.0,0.0,0.0,0.0,0.0,0.0,0.0,0.0,0.0,0.0,0.0,0.0,0.0,0.0,0.0,0.0,0.18331582659871,0.0,0.0,0.0,0.18331582659871,0.0,0.18331582659871,0.0,0.0,0.0,0.0,0.0,0.0,0.0,0.18331582659871,0.0,0.0,0.0,0.0,0.0,0.0,0.0,0.0,0.0,0.0,0.0,0.0,0.0,0.0,0.0,0.0,0.0,0.0,0.0,0.0,0.0,0.0,0.0,0.0,0.0
0.0,0.9165791329935501,0.18331582659871,0.18331582659871,0.0,0.54994747979613,0.18331582659871,0.0,0.0,0.18331582659871,0.0,0.0,0.0,1.6498424393883901,0.0,0.0,0.0,0.36663165319742,0.0,0.0,0.18331582659871,0.0,6.782685584152273,0.0,0.18331582659871,0.73326330639484,0.0,0.0,0.0,0.0,1.09989495959226,2.01647409258581,0.18331582659871,0.0,0.0,0.0,0.0,0.0,0.0,0.0,0.18331582659871,0.18331582659871,0.0,0.0,0.18331582659871,0.0,0.0,0.18331582659871,0.0,0.18331582659871,0.0,0.0,2.016474092585811,0.18331582659871,0.0,0.18331582659871,0.0,0.0,0.0,0.18331582659871,4.0329481851716205,0.18331582659871,0.0,0.0,0.0,0.0,0.0,0.18331582659871,0.0,0.0,0.0,0.0,0.0,0.0,0.0,0.0,2.0164740925858102,0.0,0.0,0.0,0.73326330639484,0.0,0.0,0.0,11.365581249120018,0.0,0.18331582659871,0.0,0.0,0.0,0.0,0.0,0.0,0.18331582659871,0.0,0.0,0.0,0.0,0.0,0.0,0.0,0.0,0.0,0.0,0.18331582659871,0.0,0.18331582659871,0.0,0.0,0.0,0.18331582659871,0.0,0.0,0.0,0.0,0.0,0.0,0.0,0.0,0.0,0.0,0.0,0.0,0.18331582659871,0.0,0.0,0.0,0.0,0.0,0.18331582659871,1.28321078619097,0.0,0.9165791329935501,0.0,0.0,0.0,0.0,0.0,0.0,0.0,0.0,0.0,0.9165791329935501,0.18331582659871,0.18331582659871,0.0,0.0,0.0,0.0,0.0,0.0,0.0,0.0,0.0,0.18331582659871,0.0,0.0,0.0,0.18331582659871,0.36663165319742,0.0,0.0,0.18331582659871,0.0,0.0,0.54994747979613,0.0,0.0,0.0,0.0,0.0,0.36663165319742,0.0,0.0,0.0,0.0,0.0,5.132843144763879,0.0,0.0,0.0,0.0,0.0,0.0,0.0,0.0,0.0,0.0,0.0,0.0,0.0,0.0,0.18331582659871,0.0,0.54994747979613,0.0,0.0,0.0,0.0,0.0,0.36663165319742,1.28321078619097,0.0,0.54994747979613,0.18331582659871,0.0,0.0,0.0,0.0,0.0,0.0,0.18331582659871,0.0,1.09989495959226,0.0,0.0,10.44900211612647,0.0,0.0,0.0,0.0,0.0,0.0,0.0,0.0,0.54994747979613,0.0,3.6663165319742,0.36663165319742,0.0,0.18331582659871,0.18331582659871,0.0,0.0,0.0,0.0,0.0,0.0,0.0,0.18331582659871,0.36663165319742,0.0,0.18331582659871,0.36663165319742,0.0,0.0,0.0,0.0,0.0,0.18331582659871,0.0,0.0,0.0,0.0,0.0,0.0,0.0,0.36663165319742,0.0,0.18331582659871,0.9165791329935501,0.0,0.0,0.0,0.0,15.76516108748908,0.0,0.54994747979613,0.0,0.0,0.0,0.0,0.0,0.0,0.0,0.0,0.0,0.0,0.0,0.0,0.0,0.0,0.0,0.36663165319742,0.36663165319742,0.0,0.36663165319742,0.0,0.18331582659871,0.0,0.18331582659871,0.0,0.73326330639484,0.0,0.0,0.18331582659871,0.18331582659871,0.36663165319742,0.0,0.0,0.0,0.0,0.0,0.0,0.0,0.18331582659871,0.0,0.0,0.0,0.0,0.0,0.0,0.0,0.18331582659871,0.0,0.18331582659871,0.0,0.18331582659871,0.0,0.0,0.0,0.18331582659871,0.0,0.0,0.0,0.0,0.0,0.0,0.0,0.0,0.0,0.0,0.0,0.0,0.0,0.0,0.0,0.0,0.0,0.0,0.0,0.36663165319742,0.0,0.0,0.0
0.0,0.18331582659871,0.0,0.0,0.0,0.0,0.0,0.18331582659871,0.0,0.0,0.0,0.0,0.0,0.0,0.0,0.0,0.0,0.0,0.0,0.0,0.0,0.18331582659871,0.0,0.0,0.0,0.0,0.0,0.0,0.0,0.0,0.0,0.0,0.18331582659871,0.0,0.0,0.36663165319742,0.0,0.0,0.0,0.0,0.0,0.0,0.0,0.0,0.0,0.0,0.18331582659871,2.7497373989806526,0.0,0.0,0.0,0.0,0.0,0.0,0.0,0.0,0.18331582659871,0.0,0.0,0.0,0.36663165319742,0.36663165319742,0.0,0.0,0.0,0.73326330639484,0.0,0.0,0.0,0.0,0.0,0.0,0.0,0.0,0.0,0.0,0.0,0.0,0.0,0.0,0.0,0.0,0.0,0.0,0.0,0.0,0.9165791329935501,0.0,0.0,0.18331582659871,0.0,0.0,0.0,0.0,0.0,0.18331582659871,0.0,0.0,0.0,0.0,0.0,0.0,0.0,0.0,0.0,0.0,0.0,0.0,5.499474797961295,0.0,0.0,0.0,0.18331582659871,0.0,0.0,0.0,0.0,0.18331582659871,0.0,0.0,0.0,0.18331582659871,0.0,0.0,0.0,0.0,0.0,0.0,0.0,0.0,0.0,0.0,0.0,0.18331582659871,0.0,0.0,0.0,0.0,0.0,0.9165791329935501,0.0,0.18331582659871,0.0,0.0,0.0,0.18331582659871,0.0,0.0,0.0,0.36663165319742,0.0,0.0,0.0,0.0,0.0,0.0,0.0,0.18331582659871,0.0,0.0,0.0,0.0,0.0,0.0,0.18331582659871,0.0,0.0,0.0,0.0,0.0,0.0,0.0,0.36663165319742,0.0,0.0,0.0,0.0,1.28321078619097,0.0,0.0,0.0,0.0,0.0,0.0,0.0,0.18331582659871,0.0,0.0,0.0,0.0,0.0,0.0,0.0,0.0,0.0,0.0,0.0,0.0,0.0,0.0,0.0,0.0,0.0,0.0,0.0,0.0,0.0,0.18331582659871,0.0,0.0,0.0,4.216264011770328,0.0,0.0,0.0,0.0,0.0,0.0,0.0,0.0,0.0,0.0,0.0,0.0,0.0,0.0,0.0,0.0,0.0,0.0,0.0,0.0,0.0,0.0,0.0,0.0,0.0,0.0,0.0,0.0,0.0,0.0,0.0,0.0,0.0,0.0,0.0,0.0,0.0,0.0,0.0,0.0,0.0,0.0,0.0,0.0,0.0,0.0,0.0,0.0,0.0,0.0,0.0,0.0,0.0,0.0,2.93305322557936,0.0,0.0,0.0,0.18331582659871,0.0,0.0,0.0,0.0,0.0,0.0,0.0,0.0,0.0,0.0,0.0,0.0,0.0,0.0,0.0,0.0,0.0,0.0,0.0,0.0,0.0,0.0,0.0,0.0,0.0,0.0,0.0,0.0,0.0,0.0,0.0,0.0,0.0,0.0,1.09989495959226,0.0,0.18331582659871,0.0,0.0,0.0,0.0,0.18331582659871,0.0,0.0,0.0,0.0,0.0,0.0,0.0,0.0,0.0,0.0,0.0,0.0,0.0,0.0,0.0,0.0,0.0,0.0,0.0,0.0,0.0,0.18331582659871,0.0,0.0,0.0,0.0,0.0,0.0,0.0,0.0,0.0,0.18331582659871
0.0,0.0,0.0,0.0,0.0,0.0,0.0,0.0,0.0,0.0,0.0,0.0,0.0,0.0,0.0,0.0,0.18331582659871,0.0,0.0,0.0,0.0,0.9165791329935501,0.0,0.0,0.0,0.0,0.0,0.0,0.0,0.0,0.0,0.0,0.0,0.0,0.0,0.0,0.0,0.0,0.0,0.0,0.0,0.0,0.0,0.0,0.0,0.0,0.0,0.0,0.0,0.0,0.0,0.0,0.0,0.18331582659871,0.0,0.0,0.0,0.0,0.0,0.0,0.0,0.0,0.0,0.0,0.0,0.0,0.0,0.0,0.0,0.0,0.0,0.0,0.0,0.0,0.0,0.0,0.0,0.0,0.0,0.0,0.0,0.0,0.0,0.0,0.0,0.0,0.0,0.0,0.0,0.0,0.0,0.0,0.0,0.0,0.0,0.18331582659871,0.0,0.0,0.0,0.0,0.0,0.0,0.0,0.0,0.0,0.0,0.0,0.0,0.0,0.0,0.0,0.0,2.01647409258581,0.0,0.0,0.0,0.0,0.0,0.0,0.0,0.0,0.0,0.0,0.0,0.0,0.0,0.0,0.0,0.0,0.0,0.0,0.0,0.0,0.0,0.0,0.18331582659871,0.0,0.0,0.18331582659871,0.73326330639484,0.0,0.0,0.0,1.09989495959226,0.0,0.0,0.0,0.0,0.0,0.0,0.0,0.0,0.0,0.0,0.0,0.0,0.0,0.0,0.0,0.0,0.0,0.0,0.0,0.0,0.0,0.0,0.0,0.0,0.0,0.0,0.0,0.0,0.0,0.0,0.0,0.18331582659871,0.0,0.18331582659871,0.0,0.0,0.0,0.0,0.0,0.0,0.0,0.0,0.0,0.0,0.0,0.0,0.0,0.0,0.0,0.0,0.0,0.0,0.0,0.0,0.54994747979613,0.0,0.0,0.0,0.0,0.0,0.0,0.0,0.0,0.0,0.0,0.0,0.0,0.36663165319742,0.0,0.0,0.0,0.0,0.0,0.0,0.0,0.0,0.0,0.0,0.0,0.0,0.0,0.0,0.0,0.0,0.0,0.0,0.0,0.0,0.0,0.0,0.0,0.0,0.0,0.0,0.0,0.0,0.18331582659871,0.0,0.0,0.0,0.0,0.0,0.0,0.0,0.18331582659871,0.0,0.0,0.0,0.0,0.0,0.0,0.0,0.18331582659871,0.0,0.0,0.0,0.0,0.0,0.0,0.0,0.0,0.0,0.0,0.73326330639484,0.0,0.0,0.0,0.0,0.0,0.0,0.0,0.0,0.0,0.0,0.0,0.0,0.0,0.0,0.0,0.0,0.0,0.0,0.0,0.0,0.0,0.0,0.0,0.0,0.0,0.0,0.0,0.0,0.0,0.0,0.0,0.0,0.0,0.0,0.0,0.0,0.0,0.0,0.0,0.0,0.0,0.0,0.0,0.0,0.18331582659871,0.0,0.0,0.0,0.0,0.0,0.0,0.0,0.0,0.0,0.0,0.0,0.0,0.0,0.0,0.0,0.0,0.0,0.0,0.0,0.36663165319742,0.0,0.18331582659871,0.0,0.0,0.0,0.0,0.0,0.0,0.0,0.0,0.0,0.0
0.0,0.0,0.0,0.0,0.0,0.0,0.0,0.0,0.9165791329935501,0.0,0.0,0.0,0.0,0.0,0.0,0.0,0.0,0.0,0.0,0.0,0.0,0.0,0.0,0.0,0.0,0.36663165319742,0.0,0.0,0.0,0.0,0.0,0.0,0.54994747979613,0.0,0.0,0.0,0.0,0.0,0.0,0.0,0.0,0.0,0.0,0.0,0.36663165319742,0.0,0.0,6.966001410750987,0.0,0.0,0.0,0.0,1.6498424393883901,0.0,0.0,0.0,0.0,0.0,0.0,0.0,0.0,0.0,0.0,0.36663165319742,0.0,0.0,0.0,0.0,0.0,0.0,0.0,0.0,0.0,0.0,0.0,0.0,0.0,0.0,0.0,0.0,0.54994747979613,0.0,0.0,0.0,0.0,0.0,0.0,0.0,0.0,0.0,0.0,0.0,0.0,0.0,0.0,0.0,0.0,0.0,0.0,0.0,0.0,0.0,0.0,0.0,0.0,0.0,0.0,0.0,0.0,0.0,0.0,0.0,0.0,0.0,0.0,0.0,0.0,0.0,0.0,0.0,0.0,0.0,0.0,0.0,0.0,0.0,0.0,0.0,0.0,0.0,0.0,0.0,0.0,0.0,0.0,0.0,0.36663165319742,0.0,0.0,0.0,0.0,0.0,0.0,0.0,0.0,0.0,0.0,0.0,0.0,0.0,0.0,0.0,0.0,0.0,0.0,0.0,0.0,0.0,0.0,0.0,0.0,0.0,0.0,0.0,0.0,0.0,0.0,0.0,0.0,0.0,0.0,0.0,0.0,0.0,0.0,0.0,0.0,0.18331582659871,0.0,0.0,0.0,0.0,0.0,0.0,0.0,0.0,0.0,0.0,0.0,0.0,0.0,0.0,0.0,0.0,0.0,0.0,0.0,0.0,0.0,0.36663165319742,0.0,0.0,0.0,0.0,0.0,0.0,0.0,0.0,0.0,0.0,0.0,0.0,0.0,0.0,0.0,0.0,0.0,0.0,0.18331582659871,0.0,0.0,0.18331582659871,0.73326330639484,0.0,0.18331582659871,0.0,0.0,0.0,0.0,0.18331582659871,0.0,0.0,0.0,0.0,0.0,0.0,0.0,0.0,0.0,0.0,0.0,0.0,0.0,0.18331582659871,0.73326330639484,0.0,0.73326330639484,0.0,0.0,0.0,0.0,0.0,0.0,0.0,0.36663165319742,0.0,0.0,0.0,0.0,0.0,0.0,0.0,0.0,0.18331582659871,0.0,0.0,0.0,0.0,1.28321078619097,0.0,0.0,0.0,0.0,0.0,0.0,0.0,0.0,0.0,0.0,0.0,0.0,0.0,0.0,0.0,0.0,0.0,0.0,0.18331582659871,0.0,0.0,0.0,0.18331582659871,8.799159676738087,0.0,0.0,0.0,0.0,0.0,0.0,0.0,0.18331582659871,0.0,0.0,0.0,0.0,0.0,0.0,0.0,0.0,0.0,0.0,0.0,0.0,0.0,0.0,0.0,0.0,0.0,0.0,0.0,0.0,0.0,0.0,0.0,0.0,0.0,0.0,0.0,0.18331582659871,0.18331582659871,0.0,0.18331582659871,0.0,0.0,0.0,0.0,0.0,0.0,0.0,0.0,0.0,0.0,0.0,0.0,0.0
0.0,0.18331582659871,0.0,0.0,0.18331582659871,2.9330532255793624,0.18331582659871,0.0,0.0,0.18331582659871,0.0,0.0,0.0,0.0,0.0,0.0,0.0,0.0,0.0,0.0,0.0,0.0,0.0,0.0,0.0,0.0,0.0,0.0,0.0,0.0,0.0,0.0,0.0,0.0,0.0,0.0,0.0,0.0,0.0,0.0,0.0,0.0,0.0,0.0,0.0,0.0,0.0,0.0,0.0,0.0,0.0,0.0,0.0,0.0,0.0,0.0,0.0,0.0,0.0,0.0,0.18331582659871,0.0,0.0,0.0,0.0,0.0,0.0,0.0,0.0,0.0,0.0,0.0,0.0,0.18331582659871,0.0,0.0,0.18331582659871,0.0,0.0,0.0,0.0,0.0,0.0,0.0,0.0,0.0,0.18331582659871,0.0,0.0,0.18331582659871,0.0,0.0,0.0,0.0,0.0,0.0,0.0,0.0,0.0,0.0,0.18331582659871,0.0,0.0,0.0,0.0,0.0,0.0,0.0,0.0,0.36663165319742,0.0,0.0,0.0,1.6498424393883901,0.0,0.0,0.0,0.0,0.0,0.0,0.0,0.36663165319742,0.0,0.0,0.0,0.0,0.0,0.0,0.0,0.0,0.0,0.0,0.0,0.18331582659871,0.0,0.0,0.0,0.0,0.0,0.18331582659871,0.0,0.0,0.73326330639484,0.0,0.0,0.36663165319742,0.0,0.0,0.0,0.0,0.0,0.0,0.0,0.0,0.0,0.0,0.0,0.0,0.0,0.0,0.0,0.0,0.0,0.0,0.0,0.0,0.18331582659871,0.0,0.0,0.0,0.0,0.0,0.18331582659871,0.0,0.0,0.0,0.0,0.18331582659871,0.0,0.0,0.0,0.0,0.0,0.0,0.0,0.0,0.0,0.0,0.0,0.0,0.0,0.0,0.0,0.0,0.0,0.0,0.0,0.0,0.0,0.0,0.0,0.0,0.0,0.0,0.0,0.0,0.0,0.0,0.73326330639484,0.0,0.0,0.0,0.0,0.0,0.0,0.0,0.0,0.0,0.0,0.0,0.0,0.0,0.0,0.0,0.0,0.0,0.0,0.0,0.36663165319742,0.0,0.0,0.0,0.0,0.0,0.0,0.0,0.0,0.0,0.0,0.0,0.0,0.0,0.0,0.0,0.0,0.0,0.0,0.0,0.0,0.0,0.0,0.0,0.0,0.0,0.0,0.0,0.0,0.0,0.0,0.0,0.0,0.0,0.0,0.0,0.0,0.0,0.0,0.0,0.0,0.54994747979613,0.0,0.0,0.0,0.0,0.0,0.0,0.0,0.0,0.0,0.18331582659871,0.0,0.0,0.0,0.0,0.0,0.0,0.0,0.0,0.0,0.0,0.0,0.0,0.0,0.0,0.0,0.0,0.0,0.0,0.0,0.0,0.0,0.0,0.0,0.0,0.0,0.0,0.18331582659871,0.0,0.0,0.0,0.18331582659871,0.0,0.0,0.0,0.0,0.0,0.0,0.0,0.0,0.0,0.0,0.0,0.0,0.0,0.0,0.0,0.0,0.0,0.0,0.0,0.0,0.0,0.0,0.0,0.0,0.0,0.0,0.0,0.0,0.0,0.0,0.0,0.0,0.0,0.0
0.0,0.0,0.0,0.0,0.18331582659871,0.0,0.0,0.0,0.0,0.0,0.0,0.0,0.0,0.0,0.0,0.0,0.18331582659871,0.0,0.0,0.0,0.18331582659871,0.36663165319742,0.0,0.0,0.0,0.0,0.0,0.0,0.18331582659871,0.0,0.0,0.0,0.0,0.0,0.0,0.0,0.0,0.0,0.0,0.0,0.0,0.0,0.0,0.0,0.0,0.0,0.0,0.0,0.0,0.18331582659871,0.0,0.0,0.0,0.0,0.0,0.0,0.0,0.0,0.0,0.18331582659871,0.18331582659871,0.0,0.0,0.0,0.0,0.0,0.0,0.0,0.0,0.0,0.54994747979613,0.0,0.0,0.0,0.0,0.0,0.0,0.0,0.0,0.0,0.0,0.0,0.0,0.0,0.0,0.0,0.0,0.0,0.0,0.0,0.18331582659871,0.0,0.0,0.0,0.0,0.36663165319742,0.0,0.0,0.0,0.0,0.0,0.0,0.0,0.0,0.54994747979613,0.0,0.0,0.0,0.0,0.0,0.0,0.0,0.0,0.0,0.0,0.0,0.0,0.54994747979613,0.0,0.0,0.0,0.0,0.0,0.0,0.0,0.0,0.0,0.0,0.0,0.0,0.0,0.0,0.0,0.0,0.0,0.0,0.0,0.0,0.36663165319742,0.54994747979613,0.0,0.0,0.0,0.18331582659871,0.0,0.0,0.0,0.0,0.0,0.0,0.0,0.0,1.46652661278968,0.0,0.0,0.0,0.0,0.0,0.0,0.0,0.73326330639484,0.0,0.0,0.0,0.0,0.18331582659871,0.0,0.0,0.0,0.0,0.0,0.0,0.0,0.0,0.0,0.0,0.0,1.6498424393883901,0.0,0.0,0.0,0.0,0.0,0.0,0.0,0.18331582659871,0.0,0.0,0.0,0.18331582659871,0.0,0.0,0.0,0.0,0.0,0.0,0.0,0.0,0.0,0.18331582659871,0.0,0.0,0.0,0.0,0.0,0.0,0.0,0.0,0.0,0.0,0.0,0.0,0.0,0.0,0.0,0.0,0.0,0.0,0.0,0.0,0.0,0.0,0.0,0.0,0.0,0.0,0.0,0.0,0.0,0.0,0.0,0.0,0.0,0.0,0.18331582659871,0.0,0.0,0.0,0.0,0.0,0.0,0.0,0.0,0.0,0.0,0.0,0.0,0.0,0.0,0.0,0.0,0.0,0.9165791329935501,0.0,0.0,0.0,0.54994747979613,0.0,0.0,0.0,0.0,0.9165791329935501,0.0,0.0,0.0,0.0,0.0,0.0,0.0,0.0,1.28321078619097,0.0,0.18331582659871,0.0,0.0,0.0,0.0,0.0,0.0,0.0,0.0,0.0,0.0,0.0,0.0,0.0,0.0,0.0,0.0,0.0,0.0,0.0,0.0,0.0,0.0,0.0,0.0,0.0,0.0,0.0,0.0,0.0,0.0,0.0,0.0,0.0,0.0,0.0,0.0,0.0,0.0,0.18331582659871,0.0,0.0,0.0,0.0,0.0,0.0,0.18331582659871,0.0,0.0,0.0,0.0,0.0,0.0,0.0,0.0,0.0,0.0,0.0,0.0,0.0,0.0,0.0,0.9165791329935501,0.0,0.0,0.0,0.0,0.0,0.0,0.0,0.0,0.0,0.0
0.0,0.0,0.0,0.0,0.0,0.0,0.0,0.0,0.73326330639484,0.0,0.0,0.0,0.0,0.0,0.0,0.0,0.0,0.18331582659871,0.0,0.0,0.0,0.0,0.0,0.0,0.0,0.0,0.0,0.0,0.0,0.0,0.0,0.0,0.0,0.0,1.8331582659870975,0.0,0.0,0.0,0.0,0.0,0.0,0.0,0.0,0.0,0.0,0.0,0.0,0.0,0.0,0.0,0.0,0.0,0.0,0.0,0.0,0.0,0.0,0.0,0.0,0.0,0.0,0.18331582659871,0.0,0.0,0.0,0.0,0.0,0.0,7.699264717145825,0.0,0.0,0.0,0.0,0.0,0.0,0.0,0.0,0.0,0.0,0.0,0.0,0.0,0.0,0.0,0.0,0.0,0.0,0.0,0.0,0.0,0.0,0.0,0.0,0.0,0.0,0.0,0.0,0.0,0.0,0.0,0.0,0.0,0.0,0.0,0.0,0.0,0.0,0.0,0.0,0.0,0.0,0.0,0.0,0.0,0.0,0.0,0.0,0.0,0.0,0.0,0.0,0.0,0.0,0.0,0.0,0.0,0.0,0.0,0.0,0.0,0.0,0.0,0.0,0.0,0.0,0.0,0.0,0.0,0.0,0.0,0.0,0.0,0.0,0.0,0.0,0.0,0.0,0.0,0.0,0.0,0.0,0.0,0.0,0.0,0.0,0.0,0.0,0.0,0.0,0.0,0.0,0.0,0.0,0.9165791329935501,0.0,0.0,0.0,0.0,0.0,0.0,0.0,0.0,0.0,0.0,0.0,0.0,0.0,0.18331582659871,0.0,0.0,0.0,0.0,0.0,0.0,0.0,0.0,0.0,2.0164740925858102,0.0,0.0,0.0,0.0,0.0,0.0,0.0,0.0,0.0,0.0,0.0,0.0,0.0,0.0,0.0,0.0,0.0,0.0,0.0,0.0,0.0,0.0,0.18331582659871,0.0,0.0,0.0,0.0,0.0,0.0,0.0,0.0,0.0,0.0,0.0,0.0,0.0,0.0,0.0,0.0,0.0,0.0,0.18331582659871,0.18331582659871,0.0,0.0,0.0,0.0,0.0,0.0,0.0,0.0,0.0,0.0,0.0,0.0,0.0,0.0,0.0,0.0,0.0,0.18331582659871,0.0,0.0,0.0,0.0,0.0,0.0,0.0,0.0,0.0,0.0,0.0,0.0,0.0,0.0,0.0,0.0,0.0,0.0,0.0,0.0,0.0,0.0,2.1997899191845174,0.0,0.0,0.0,0.0,0.0,0.0,2.74973739898065,0.0,0.0,0.0,0.0,0.0,0.0,0.0,0.0,0.0,0.0,0.0,0.0,0.0,0.0,0.0,0.0,0.0,0.0,0.0,0.0,0.0,0.0,0.0,0.0,0.0,0.0,0.0,0.0,0.0,0.0,0.0,0.0,0.0,0.0,0.0,0.0,0.0,0.0,0.18331582659871,0.0,0.0,0.0,0.0,0.0,0.0,0.0,0.0,0.0,0.0,0.0,0.0,0.0,0.0,0.0,0.0,0.0,0.0,0.0,0.0,0.0,0.18331582659871,0.0,0.0,0.0,0.0,0.0
0.0,0.0,0.0,0.0,0.0,0.18331582659871,0.0,0.0,0.0,0.0,0.0,0.0,0.0,0.0,0.0,0.0,0.0,0.0,0.0,0.0,0.0,0.0,0.0,0.0,0.0,0.0,0.0,0.0,0.0,0.0,0.0,0.0,0.0,0.0,0.0,0.0,0.0,0.0,0.0,0.0,0.18331582659871,0.0,0.0,0.0,0.0,0.18331582659871,0.0,0.0,0.0,0.0,0.0,0.0,0.18331582659871,0.0,0.0,0.0,0.0,0.0,0.0,0.0,0.0,0.18331582659871,0.0,0.0,0.0,0.0,0.0,0.36663165319742,0.0,0.0,0.0,0.0,0.0,0.0,0.0,0.0,0.0,0.0,0.0,0.0,0.0,0.0,0.0,0.0,0.0,0.0,0.0,0.18331582659871,0.0,0.0,0.18331582659871,0.0,0.18331582659871,0.0,0.18331582659871,0.73326330639484,0.0,0.0,0.0,0.0,0.0,0.0,0.0,0.0,0.0,0.0,0.0,0.0,0.0,0.0,0.0,0.0,0.0,1.09989495959226,0.0,0.0,0.0,0.0,0.0,0.0,0.0,0.18331582659871,0.0,0.0,0.18331582659871,0.0,0.0,0.0,0.0,0.0,0.0,0.0,0.0,0.18331582659871,0.0,0.0,0.0,0.0,0.0,0.0,0.0,0.0,0.0,0.0,0.0,0.0,0.0,0.0,0.36663165319742,0.0,0.0,0.0,0.0,0.0,0.0,0.0,0.0,0.0,0.0,0.0,0.0,0.0,0.0,0.0,0.0,0.0,6.966001410750995,0.0,0.0,0.0,0.0,0.0,0.18331582659871,0.0,0.0,0.36663165319742,0.0,0.36663165319742,0.0,0.0,0.0,0.0,0.0,0.0,0.0,0.0,0.0,0.0,0.0,0.0,0.0,0.0,0.0,0.18331582659871,0.0,0.0,0.0,0.0,0.0,0.0,0.0,0.0,0.0,0.0,0.54994747979613,0.0,0.0,0.0,0.0,1.833158265987095,0.0,0.0,0.0,0.0,0.0,0.0,0.0,0.0,0.0,0.0,0.0,0.0,0.0,0.0,0.0,0.0,0.0,0.0,0.0,0.0,0.0,0.0,0.0,0.0,0.0,0.0,0.0,0.0,0.0,0.0,0.0,0.0,0.0,0.0,0.0,0.0,0.0,0.0,0.0,0.0,0.0,0.0,0.0,0.0,0.0,0.0,0.0,0.0,0.0,0.0,0.0,0.0,0.0,0.0,0.0,0.0,0.0,0.0,0.0,0.0,0.0,0.0,0.18331582659871,0.0,0.0,0.0,0.0,0.0,0.0,0.18331582659871,0.0,0.0,0.0,0.0,0.0,0.0,0.0,0.0,0.0,0.0,0.0,0.0,0.0,0.0,0.0,0.0,0.0,0.0,0.0,0.0,0.0,0.0,0.0,0.0,0.0,0.0,0.0,0.0,0.0,0.0,0.0,0.0,0.0,0.0,0.0,0.0,0.0,0.0,0.0,0.0,0.0,0.0,0.0,0.0,0.0,0.0,0.0,0.0,0.0,0.0,0.0,0.0,0.0,0.0,0.0,0.0,0.0,0.0,0.0,0.0,0.0,0.0,0.0,0.0,0.0
0.0,0.0,0.0,1.09989495959226,0.0,0.18331582659871,0.0,0.0,0.36663165319742,0.18331582659871,0.9165791329935501,0.0,0.0,0.18331582659871,0.0,0.0,0.0,0.0,0.0,0.0,0.18331582659871,0.0,1.6498424393883901,0.0,0.0,0.0,0.0,0.0,0.18331582659871,0.0,0.0,0.0,0.73326330639484,0.18331582659871,0.0,0.0,0.0,0.0,0.36663165319742,0.18331582659871,0.0,0.9165791329935501,0.0,0.0,0.18331582659871,0.0,0.0,0.0,0.0,0.0,0.0,0.0,0.36663165319742,0.0,0.0,0.18331582659871,0.0,0.0,0.0,0.18331582659871,0.36663165319742,0.0,0.0,2.0164740925858102,0.0,0.0,0.0,0.0,0.0,0.0,0.0,0.0,0.0,0.0,0.0,0.0,0.0,0.0,0.0,0.73326330639484,1.09989495959226,0.0,0.18331582659871,0.0,0.36663165319742,0.0,0.0,0.0,0.0,0.0,0.0,0.0,0.0,0.0,0.0,0.0,0.0,0.0,0.0,0.0,0.0,0.0,0.9165791329935501,0.0,0.0,0.0,0.0,0.0,0.0,0.0,0.0,0.0,0.0,0.0,0.0,0.0,0.0,0.0,0.0,0.0,0.18331582659871,0.0,0.0,0.18331582659871,0.0,0.0,0.0,0.0,0.0,0.0,0.18331582659871,0.0,0.0,0.0,0.0,0.0,0.0,0.0,0.0,0.0,0.0,0.0,0.0,0.0,0.0,0.0,0.0,0.0,0.0,0.0,0.0,0.0,0.0,0.0,0.0,0.0,0.0,0.0,0.0,0.0,0.0,0.0,0.0,0.0,0.0,0.0,0.0,0.0,0.0,0.18331582659871,0.0,0.0,0.0,0.0,0.0,0.0,0.0,0.18331582659871,0.36663165319742,1.09989495959226,0.0,0.0,0.0,0.0,0.0,0.0,0.0,0.0,0.0,0.0,0.0,0.0,0.0,0.0,0.54994747979613,0.0,0.0,0.0,0.0,0.0,0.0,0.0,0.0,0.0,0.0,0.0,0.0,0.0,0.0,0.0,0.0,0.0,0.18331582659871,0.18331582659871,0.0,0.0,0.0,0.0,0.0,0.18331582659871,0.0,0.0,0.9165791329935501,10.815633769323888,0.0,0.18331582659871,0.0,0.0,0.0,0.36663165319742,0.0,0.0,0.0,0.0,0.0,0.0,0.0,0.0,0.0,0.0,0.0,0.0,0.0,0.73326330639484,0.0,0.0,0.0,0.0,0.0,0.0,0.0,0.0,0.0,0.0,0.0,0.0,0.0,0.0,0.0,0.91657913299355,0.0,0.0,0.0,0.0,0.0,0.0,0.0,0.0,0.0,0.0,0.0,0.0,0.0,0.73326330639484,0.18331582659871,0.0,0.0,0.0,0.0,0.0,0.0,0.0,0.0,0.0,0.0,0.0,0.0,0.0,0.0,0.18331582659871,0.36663165319742,0.0,0.0,0.0,0.0,0.0,0.0,0.0,0.0,0.0,0.0,0.0,0.0,0.0,0.0,0.0,0.0,0.0,0.0,0.0,0.0,0.0,0.0,0.0,0.0,0.0,0.0,0.0,0.0,0.0,0.0,0.18331582659871,0.0,0.0,0.0,0.0,0.0,0.0,0.0,0.0,0.0,0.36663165319742,0.0,0.0,0.0,0.0,0.0,0.0,0.0,0.0,0.0,0.0,0.0,0.0,0.0
2.56642157238194,0.73326330639484,2.383105745783231,0.36663165319742,0.0,0.0,0.54994747979613,0.0,0.18331582659871,0.36663165319742,1.8331582659871002,0.36663165319742,0.36663165319742,0.54994747979613,1.8331582659871,0.0,0.0,3.2996848787767807,0.0,0.36663165319742,0.54994747979613,0.0,0.73326330639484,0.36663165319742,0.0,2.0164740925858102,0.36663165319742,0.0,0.18331582659871,3.1163690521780696,0.0,0.0,0.18331582659871,0.0,0.0,0.0,0.36663165319742,0.0,0.0,0.18331582659871,0.18331582659871,0.18331582659871,0.0,4.766211491566462,0.36663165319742,1.46652661278968,0.36663165319742,0.18331582659871,0.18331582659871,0.73326330639484,0.0,0.0,1.09989495959226,1.6498424393883901,0.36663165319742,2.56642157238194,0.0,0.0,0.0,0.0,0.36663165319742,0.36663165319742,0.0,0.0,0.0,0.18331582659871,0.0,0.91657913299355,0.0,2.74973739898065,0.0,0.9165791329935501,2.0164740925858102,0.0,0.0,0.0,0.0,3.2996848787767803,0.0,0.0,0.18331582659871,0.18331582659871,0.0,0.0,0.0,1.28321078619097,0.0,1.46652661278968,0.73326330639484,0.0,0.18331582659871,0.0,0.0,0.0,0.54994747979613,0.0,0.54994747979613,0.0,0.0,0.0,0.18331582659871,0.0,0.73326330639484,0.0,0.18331582659871,0.18331582659871,1.8331582659871,0.0,0.36663165319742,0.0,0.0,0.0,0.0,0.0,1.28321078619097,0.0,1.4665266127896812,0.0,0.0,0.0,0.54994747979613,1.6498424393883901,0.0,0.0,1.09989495959226,0.0,0.0,0.0,2.933053225579365,0.0,0.18331582659871,0.0,0.0,0.18331582659871,0.18331582659871,0.0,0.0,0.0,0.0,0.0,0.18331582659871,0.0,1.28321078619097,0.0,0.0,0.0,0.36663165319742,0.0,0.0,0.0,1.09989495959226,0.0,0.0,0.18331582659871,0.0,0.73326330639484,0.0,3.4830007053754914,0.0,0.0,0.0,0.0,0.73326330639484,0.0,0.0,0.0,0.18331582659871,0.18331582659871,0.0,0.0,0.36663165319742,0.18331582659871,0.0,0.0,0.54994747979613,0.0,0.0,4.3995798383690445,0.0,0.0,0.0,0.36663165319742,0.0,0.18331582659871,1.28321078619097,0.0,0.73326330639484,0.0,0.0,1.64984243938839,0.36663165319742,0.0,0.0,0.0,0.18331582659871,0.18331582659871,1.28321078619097,3.2996848787767803,0.0,0.18331582659871,0.0,0.0,0.0,0.73326330639484,0.0,0.0,0.0,0.0,0.0,0.0,0.0,0.0,0.54994747979613,0.0,0.0,0.0,1.46652661278968,0.0,0.0,0.0,0.36663165319742,0.18331582659871,1.09989495959226,0.54994747979613,1.09989495959226,0.0,0.36663165319742,0.0,0.0,0.0,0.0,0.0,0.0,0.9165791329935501,0.0,0.54994747979613,0.0,0.0,0.0,0.0,0.0,0.0,0.0,0.18331582659871,0.0,0.0,0.18331582659871,8.982475503336786,0.0,0.36663165319742,0.0,0.0,0.0,0.0,2.38310574578323,0.0,0.18331582659871,0.0,0.0,0.0,0.0,0.0,1.8331582659871002,0.0,0.18331582659871,0.0,0.0,0.0,0.0,0.0,0.0,0.0,0.0,0.18331582659871,5.132843144763886,0.0,0.0,0.0,0.0,0.0,0.0,0.0,0.0,0.0,1.8331582659871,0.0,0.0,0.18331582659871,0.0,0.0,0.0,0.18331582659871,0.0,0.0,0.0,0.0,0.0,0.0,0.0,0.0,0.36663165319742,0.0,0.0,0.0,0.0,0.0,0.0,0.0,0.0,0.18331582659871,0.0,0.0,0.0,0.0,0.0,0.0,0.18331582659871,0.0,0.0,0.0,0.18331582659871,6.782685584152279,0.0,0.0,0.0,0.54994747979613,0.0,0.36663165319742,0.18331582659871,0.0,0.0,0.0,0.0,0.18331582659871,0.0,0.0,0.0,0.0,0.0,0.0,0.0,0.0,0.0,0.0,0.0
0.18331582659871,0.18331582659871,0.0,0.0,5.499474797961297,0.0,0.0,0.0,2.199789919184521,0.18331582659871,0.91657913299355,6.599369757553562,0.0,0.0,0.73326330639484,0.0,0.0,0.0,0.0,0.18331582659871,0.0,0.0,0.18331582659871,0.18331582659871,0.0,0.0,0.0,0.36663165319742,0.0,0.0,0.0,0.0,0.0,0.0,0.0,0.0,0.0,0.0,0.0,0.0,0.18331582659871,0.0,0.0,0.36663165319742,0.18331582659871,0.0,0.0,1.833158265987095,0.0,0.0,0.0,0.0,0.0,0.0,0.36663165319742,0.0,0.0,0.0,0.0,0.0,2.3831057457832276,0.73326330639484,0.0,0.0,0.0,0.0,0.0,0.18331582659871,0.0,0.73326330639484,0.0,0.18331582659871,0.0,0.0,0.0,0.0,0.0,0.0,0.0,0.0,0.0,0.0,0.0,0.36663165319742,0.0,0.18331582659871,0.0,0.0,0.0,0.0,3.8496323585729075,0.0,3.11636905217807,0.0,0.18331582659871,0.0,0.0,0.0,0.18331582659871,0.18331582659871,0.0,0.0,0.0,0.0,0.0,0.0,0.0,0.0,0.0,1.8331582659871,0.0,0.0,0.0,0.18331582659871,0.0,0.0,0.0,0.0,0.0,0.0,0.0,4.032948185171618,0.0,0.0,0.0,0.0,0.0,0.18331582659871,0.0,0.0,0.0,0.18331582659871,0.0,2.0164740925858102,0.0,0.0,0.0,0.0,0.0,0.18331582659871,3.849632358572902,0.0,0.18331582659871,0.0,0.0,0.0,0.18331582659871,0.0,0.0,0.0,0.0,0.0,0.18331582659871,0.0,0.0,0.0,0.0,0.0,0.0,0.0,0.0,0.0,0.0,0.0,0.0,0.0,0.0,0.0,0.18331582659871,0.0,0.0,0.0,1.46652661278968,0.0,0.18331582659871,0.0,0.0,0.0,0.0,0.0,0.0,0.18331582659871,0.0,0.18331582659871,0.73326330639484,0.36663165319742,0.0,0.0,6.966001410750978,0.0,0.0,0.0,0.0,0.0,0.0,1.4665266127896812,0.36663165319742,0.0,0.0,0.0,0.0,0.0,0.0,0.0,0.0,0.36663165319742,0.0,0.0,0.0,0.0,0.0,0.0,0.0,0.0,0.0,0.0,0.0,0.0,0.0,0.0,0.0,0.0,0.0,0.0,0.0,0.0,0.0,0.0,0.0,0.0,0.0,0.0,0.36663165319742,0.0,0.0,0.54994747979613,0.0,0.0,0.0,0.0,0.18331582659871,0.0,0.0,0.0,0.0,0.0,0.0,0.36663165319742,0.0,0.0,0.0,0.0,0.0,0.9165791329935501,0.0,0.73326330639484,0.0,0.0,0.0,0.0,0.0,0.0,0.0,0.0,0.0,0.0,0.0,0.0,0.0,0.0,0.0,0.0,0.18331582659871,0.0,0.0,2.19978991918452,0.0,12.465476208712287,0.0,0.0,0.0,0.0,0.0,0.0,0.0,0.0,0.0,0.0,0.0,0.0,0.0,0.0,0.0,0.0,0.0,0.0,0.0,0.0,0.0,0.0,0.0,0.0,0.0,0.18331582659871,0.0,0.0,0.0,0.0,0.0,0.0,0.0,0.0,0.0,0.0,0.0,0.0,0.0,0.0,0.0,0.0,0.0,0.0,0.0,0.0,0.0,0.0,0.0,0.0,0.0,0.0,0.0,0.0,0.0,0.0,0.0,0.0,0.0,0.0,0.0,0.0,0.18331582659871,0.0,0.0,0.0,0.0
0.0,0.0,0.0,0.0,0.0,0.0,0.18331582659871,1.8331582659871002,0.0,0.0,0.0,0.0,0.0,0.0,0.0,0.0,0.0,0.0,0.18331582659871,0.0,0.0,0.0,0.0,0.0,0.36663165319742,0.0,0.0,0.18331582659871,0.0,0.0,0.0,0.0,0.0,0.0,0.0,0.0,0.0,0.0,0.0,0.0,0.0,0.0,0.0,0.0,0.0,0.0,0.18331582659871,0.0,0.0,0.0,0.0,0.0,0.0,0.0,0.0,0.0,0.0,0.0,0.0,0.0,0.36663165319742,0.0,0.0,0.0,0.18331582659871,0.18331582659871,0.0,0.0,0.0,0.0,0.0,0.0,0.0,0.0,0.0,0.0,0.0,0.0,0.0,0.0,0.0,0.18331582659871,0.0,5.86610645115872,0.0,0.0,0.18331582659871,0.0,0.0,0.0,0.0,0.0,0.0,0.0,0.0,0.0,0.0,0.0,0.0,0.0,0.0,0.0,0.0,0.0,0.0,0.18331582659871,0.0,0.0,0.0,0.0,0.0,0.0,0.0,0.0,0.0,0.0,0.0,0.0,0.0,0.0,0.0,0.0,0.0,0.0,0.0,0.18331582659871,0.0,0.0,0.0,0.0,0.0,0.0,0.0,0.36663165319742,0.0,0.0,0.18331582659871,0.0,0.0,0.0,0.0,0.0,0.0,0.0,0.0,0.54994747979613,0.0,0.0,0.0,0.0,0.0,0.18331582659871,0.18331582659871,0.0,0.0,0.0,0.0,0.18331582659871,0.0,0.18331582659871,0.18331582659871,0.18331582659871,0.0,0.0,0.0,0.18331582659871,0.0,0.0,0.0,0.0,0.0,0.0,0.0,0.0,0.0,0.0,0.0,0.18331582659871,0.0,0.0,0.0,0.0,0.0,0.0,0.0,0.0,0.0,0.0,0.0,0.0,0.0,0.0,0.0,0.0,0.0,0.0,0.0,0.0,0.0,0.0,0.0,0.0,0.0,0.0,0.0,0.0,0.0,0.0,0.0,0.0,0.0,0.0,0.18331582659871,0.0,0.0,0.0,0.0,0.0,0.0,0.0,0.0,0.0,0.0,0.0,0.0,0.0,0.0,0.0,0.0,0.0,0.0,0.0,0.0,0.0,0.0,0.0,0.0,0.0,0.0,0.0,0.0,0.0,0.0,0.0,0.0,0.0,0.0,0.18331582659871,0.0,0.0,0.0,0.0,0.0,0.0,0.0,0.18331582659871,0.0,0.0,0.0,0.0,0.0,0.0,0.0,0.0,0.0,0.0,1.09989495959226,0.0,0.0,0.0,0.0,0.0,0.0,0.0,0.0,0.18331582659871,0.54994747979613,0.0,0.0,0.18331582659871,0.0,0.0,0.0,0.0,0.0,0.0,0.0,0.0,0.0,0.0,0.0,0.0,0.0,0.0,0.0,0.0,0.0,0.0,0.0,0.0,0.0,0.0,0.0,0.0,0.0,0.0,0.18331582659871,0.0,0.0,0.0,0.0,0.0,0.36663165319742,0.0,0.0,0.0,0.0,0.0,0.0,0.36663165319742,0.0,0.0,0.0,0.0,0.0,0.0,0.0,0.0,0.0,0.0,0.0,0.0,0.0,0.0,0.0,0.0,0.0,0.0,0.0,0.0,0.0,0.0,0.0,0.0,0.0
0.0,0.0,0.0,0.0,0.0,0.0,0.0,0.0,0.18331582659871,0.0,0.36663165319742,0.18331582659871,0.0,0.18331582659871,2.7497373989806504,0.91657913299355,0.0,0.0,0.0,0.0,0.18331582659871,0.18331582659871,0.0,0.0,0.0,0.18331582659871,0.0,0.0,0.0,0.0,0.0,0.0,0.0,0.0,0.0,0.0,0.0,0.0,0.0,0.0,0.0,0.0,0.0,0.0,3.2996848787767825,0.0,0.0,0.0,0.0,0.0,0.0,0.0,0.54994747979613,0.0,6.416053930954851,0.0,0.0,0.0,0.0,0.0,0.0,0.18331582659871,0.0,0.0,0.0,0.0,0.0,0.0,0.0,0.0,0.0,0.0,0.0,0.0,0.0,0.0,0.0,0.0,0.0,0.0,0.18331582659871,0.0,0.0,0.0,0.0,0.0,0.0,0.0,0.0,0.0,0.18331582659871,0.0,0.18331582659871,0.0,0.0,0.0,0.0,0.0,0.0,0.0,0.0,0.0,0.0,0.0,0.0,0.0,0.0,0.0,0.0,0.0,0.0,0.0,0.0,0.0,0.0,0.0,0.0,0.0,0.0,0.0,0.0,6.782685584152275,0.0,0.0,0.0,0.0,0.0,0.0,0.0,0.0,0.0,0.54994747979613,0.0,0.36663165319742,0.0,0.0,0.0,0.0,0.0,0.0,0.0,0.0,0.0,0.0,0.0,0.0,0.18331582659871,0.0,0.0,0.0,0.0,0.0,0.0,0.0,0.0,0.0,0.0,0.0,0.0,0.0,0.0,0.0,0.0,0.0,0.0,0.0,0.18331582659871,0.0,0.18331582659871,0.0,0.0,0.0,0.0,0.0,2.3831057457832325,0.0,0.0,0.0,0.0,0.0,0.0,0.0,0.18331582659871,0.0,0.0,0.0,0.0,0.0,0.0,0.0,0.0,0.0,0.0,0.0,0.0,0.0,0.0,0.0,0.0,0.0,0.0,0.0,0.73326330639484,0.0,0.0,0.0,0.0,0.0,0.0,0.0,0.0,0.0,0.0,0.0,0.0,0.0,0.0,0.0,0.0,0.0,0.0,0.0,0.0,0.0,0.0,0.0,0.0,0.0,0.0,0.0,0.0,0.0,0.0,0.0,0.0,0.0,0.0,0.0,0.0,0.0,0.0,0.0,0.0,0.0,0.0,0.0,0.0,0.0,0.0,0.0,0.0,0.0,0.0,0.0,0.0,0.0,0.0,0.0,0.0,0.0,0.0,0.0,0.0,0.0,0.0,0.0,0.0,0.0,0.0,0.0,0.0,0.0,0.0,0.0,0.0,0.0,0.0,0.73326330639484,0.0,0.0,0.0,0.0,0.0,0.0,0.0,0.0,0.0,0.0,0.0,0.0,0.0,0.0,0.18331582659871,0.0,0.18331582659871,0.0,0.0,0.0,0.0,0.0,0.0,0.0,0.54994747979613,0.0,0.0,0.0,0.0,0.0,0.0,0.0,0.0,0.0,0.0,0.0,0.0,0.0,0.0,0.0,0.0,0.0,0.0,0.0,0.0,0.0,0.0,0.0,0.0,0.0,0.0,0.0,0.0,0.0,0.0,0.0,0.0,0.0,0.0,0.0,0.0,0.0,0.18331582659871,0.0,0.0,0.0,0.0
0.0,0.0,0.0,0.0,0.0,0.18331582659871,0.54994747979613,0.0,0.0,0.0,0.0,0.0,0.0,0.0,0.0,0.0,0.0,0.0,0.0,0.0,0.18331582659871,0.0,0.18331582659871,0.0,0.0,0.0,0.0,0.0,0.18331582659871,0.0,0.0,0.0,0.36663165319742,0.0,0.54994747979613,0.0,0.0,0.0,0.0,0.36663165319742,0.0,0.0,0.0,0.0,0.18331582659871,0.0,0.0,0.0,0.0,0.0,0.0,0.18331582659871,0.54994747979613,0.0,0.0,0.9165791329935501,0.0,0.0,0.0,0.0,0.18331582659871,0.0,0.0,0.0,0.0,0.0,0.0,0.0,3.2996848787767825,0.0,0.0,0.0,0.0,0.0,0.0,0.0,0.0,0.0,0.0,0.0,6.599369757553556,0.0,0.0,0.0,0.0,0.0,0.0,4.582895664967749,0.0,0.0,0.0,0.0,0.0,0.0,0.0,0.0,0.18331582659871,0.0,0.0,0.0,0.0,0.0,0.0,0.0,0.0,0.0,0.0,0.0,0.0,0.0,0.0,0.0,0.0,0.0,0.18331582659871,0.0,0.0,0.0,0.0,0.0,0.0,0.0,0.0,1.28321078619097,0.54994747979613,0.0,0.0,0.0,0.0,0.0,0.0,0.0,0.54994747979613,0.18331582659871,0.36663165319742,0.0,0.0,0.0,0.0,0.0,0.0,0.0,0.0,0.0,0.0,0.0,0.0,0.36663165319742,0.0,0.0,0.0,0.0,0.0,0.0,0.0,0.0,0.0,0.0,0.0,0.0,0.0,0.0,0.0,0.54994747979613,0.0,0.0,0.0,0.0,0.0,0.0,0.0,0.0,0.0,0.0,0.0,0.0,0.0,0.54994747979613,0.0,0.0,0.0,0.0,0.0,0.0,0.18331582659871,0.0,0.0,3.48300070537549,0.0,0.36663165319742,0.0,0.0,0.0,0.0,0.0,0.0,0.0,0.0,0.0,0.18331582659871,0.0,0.0,0.0,0.0,0.0,0.0,0.0,0.0,0.0,0.0,1.833158265987105,0.0,0.0,0.0,0.0,0.0,0.0,0.0,0.0,0.0,0.0,0.18331582659871,0.0,0.0,0.0,0.0,0.0,0.0,0.0,0.0,0.73326330639484,0.0,0.0,0.0,0.0,0.0,0.0,0.0,0.0,0.0,0.0,0.0,4.766211491566457,0.0,0.18331582659871,0.0,0.0,0.0,0.18331582659871,0.0,0.0,0.0,0.0,0.0,0.0,0.0,0.0,0.0,0.0,0.0,0.0,0.0,0.0,0.18331582659871,0.0,0.0,0.0,0.0,0.0,0.0,0.0,1.8331582659871,0.0,0.0,0.0,0.0,0.0,0.0,7.882580543744537,0.0,0.0,0.18331582659871,0.0,0.0,0.0,0.0,0.0,0.0,0.0,0.0,0.0,0.0,0.0,0.0,0.0,0.0,0.0,0.0,0.0,0.18331582659871,0.0,0.0,0.0,0.0,0.0,0.0,0.0,0.0,0.0,0.0,0.18331582659871,0.0,0.0,0.0,0.18331582659871,0.0,0.0,0.0,0.0,0.0,0.0,0.0,0.0,0.0,0.0,0.18331582659871,0.0,0.0,0.0,0.0,0.0,0.0,0.0,0.0,0.0,0.0,0.0,0.0,0.18331582659871,0.0,0.0,0.0,0.0,0.0,0.0
0.0,0.0,0.0,0.0,0.0,0.36663165319742,0.0,0.0,0.0,0.0,0.0,0.0,0.0,0.0,0.0,0.18331582659871,0.0,0.0,0.36663165319742,0.0,0.18331582659871,0.18331582659871,0.0,0.0,0.0,0.0,0.18331582659871,0.0,0.0,0.0,0.0,0.0,0.0,0.0,0.0,0.0,0.0,0.0,0.0,0.0,0.18331582659871,0.0,0.0,0.0,0.0,0.0,0.0,0.0,0.0,0.0,0.0,0.0,0.0,0.0,0.0,0.0,0.0,0.0,0.0,0.0,0.18331582659871,0.0,0.0,0.0,0.0,0.0,0.0,0.0,0.0,0.0,0.0,0.0,0.0,0.0,0.0,0.0,0.0,0.0,0.0,0.0,0.0,0.0,0.0,0.18331582659871,0.0,0.0,0.0,0.0,0.0,0.0,0.18331582659871,0.0,0.0,0.0,0.0,0.0,0.0,0.0,0.0,0.0,0.18331582659871,0.0,0.0,0.0,0.0,0.0,0.0,0.0,0.0,2.0164740925858102,0.0,0.0,0.0,1.28321078619097,0.0,0.0,0.0,0.18331582659871,0.0,0.0,0.0,0.18331582659871,0.0,0.0,0.0,0.0,0.0,0.0,0.0,0.0,0.0,0.0,0.0,0.18331582659871,0.0,0.0,0.0,0.0,0.0,0.0,0.0,0.0,0.0,0.0,0.0,0.36663165319742,0.0,0.0,0.0,0.18331582659871,0.0,0.54994747979613,0.0,0.0,0.0,0.0,0.0,0.0,0.0,0.0,0.0,0.0,0.0,0.0,0.18331582659871,0.0,0.0,0.0,0.0,0.0,0.0,0.0,0.0,0.0,0.0,0.0,0.0,0.36663165319742,0.0,0.0,0.0,0.0,0.0,0.0,0.0,0.0,0.0,0.0,0.18331582659871,0.0,0.0,0.0,0.0,0.0,0.0,0.0,0.0,0.0,0.0,0.0,0.0,0.0,0.0,0.0,0.0,0.0,0.0,0.0,0.0,0.18331582659871,0.0,0.0,0.0,0.0,0.0,0.0,0.0,0.0,0.0,0.0,0.0,0.0,0.0,0.0,0.0,0.0,0.0,0.0,0.0,0.0,0.0,0.0,0.0,0.0,0.0,0.0,0.0,0.0,0.0,0.0,0.0,0.0,0.0,0.0,0.0,0.0,0.0,0.0,0.0,0.0,0.0,0.0,0.0,0.0,0.0,0.0,0.0,0.0,0.0,0.0,0.0,0.0,0.0,0.0,0.0,0.0,0.0,0.0,0.0,0.18331582659871,0.0,0.0,0.0,0.0,0.0,0.18331582659871,0.0,0.0,0.0,0.54994747979613,0.0,0.0,0.0,0.0,0.0,0.0,0.0,0.0,0.0,0.0,0.0,0.0,0.0,0.0,0.0,0.0,0.0,0.0,0.0,0.0,0.0,0.0,0.0,0.0,0.0,0.0,0.0,0.0,0.0,0.0,0.0,0.0,0.0,0.0,0.0,0.0,0.0,0.0,0.0,0.0,0.0,0.0,0.0,0.0,0.0,0.0,0.0,0.0,0.0,0.0,0.0,0.0,0.0,0.0,0.0,0.0,0.0,0.0,0.0,0.0,0.18331582659871,0.0,0.0,0.0,0.0
0.0,0.0,0.18331582659871,0.0,0.0,0.0,0.0,0.0,0.0,0.0,0.0,0.0,0.0,0.0,0.73326330639484,0.0,0.0,0.0,0.0,0.0,0.0,0.54994747979613,0.0,0.0,0.0,0.0,0.36663165319742,0.0,0.0,0.0,0.0,0.0,0.0,0.0,0.0,0.0,0.18331582659871,0.0,0.0,0.0,0.18331582659871,0.0,0.91657913299355,0.18331582659871,0.0,0.18331582659871,0.0,0.0,0.0,0.0,0.0,0.0,0.18331582659871,0.18331582659871,0.18331582659871,0.18331582659871,0.0,0.0,0.0,0.0,0.18331582659871,0.0,0.0,0.0,0.0,0.0,0.0,0.18331582659871,0.0,0.0,0.0,0.36663165319742,0.18331582659871,0.18331582659871,0.0,0.0,0.0,0.0,0.0,0.0,0.0,0.0,0.0,0.0,0.0,0.0,0.0,0.0,0.0,0.0,0.0,0.0,0.18331582659871,0.0,0.18331582659871,0.0,0.36663165319742,0.0,0.0,0.0,0.0,0.73326330639484,0.0,0.0,0.0,0.0,0.0,0.0,0.0,0.0,0.0,0.0,0.0,0.0,0.0,0.0,0.0,0.0,0.0,0.0,0.0,0.36663165319742,0.0,0.0,0.0,0.0,0.0,0.0,0.0,0.0,0.18331582659871,0.0,0.0,0.0,0.0,0.0,0.0,0.0,0.18331582659871,0.18331582659871,0.0,0.18331582659871,0.0,0.0,0.0,0.0,0.18331582659871,0.0,0.0,0.0,0.0,0.0,0.0,0.0,0.0,0.0,0.0,0.0,0.0,0.0,0.0,0.0,0.18331582659871,0.0,0.0,0.0,0.0,0.0,0.0,0.0,0.0,0.0,0.0,0.0,0.0,0.0,0.0,0.18331582659871,0.0,0.0,0.0,0.18331582659871,0.0,0.0,0.18331582659871,0.0,0.18331582659871,0.0,0.0,0.0,0.0,0.0,0.0,0.0,0.0,0.0,0.0,0.0,0.0,0.0,0.0,0.0,0.0,0.0,0.0,0.0,0.0,0.0,0.0,0.0,0.0,0.0,0.54994747979613,0.0,0.0,0.0,0.0,0.0,0.0,0.0,0.0,0.0,0.0,0.0,0.0,0.0,0.0,0.0,0.0,0.0,0.0,0.0,0.0,0.0,0.0,0.0,0.0,0.0,0.0,0.0,0.0,0.0,0.0,0.0,0.0,0.0,0.0,0.54994747979613,0.0,0.18331582659871,0.0,0.0,0.0,0.0,0.0,0.0,0.0,0.0,0.0,0.0,0.0,5.499474797961297,0.0,0.0,0.0,0.0,0.0,0.0,0.0,0.0,0.0,0.0,0.0,0.0,0.0,0.0,0.0,0.0,0.0,0.0,0.36663165319742,0.0,0.0,0.0,0.0,0.0,0.0,0.0,0.0,0.0,0.0,0.0,0.0,0.0,0.0,0.0,0.0,0.0,0.0,0.0,0.0,0.0,0.0,0.0,0.0,0.0,0.0,0.0,0.0,0.0,0.0,0.0,0.0,0.0,0.0,0.0,0.0,0.0,0.0,0.0,0.0,0.0,0.0,0.0,0.0,0.0,0.0,0.0,0.0,0.0,0.18331582659871,0.0,0.0,0.0,0.0,0.0,0.0,0.0,0.0,0.0,0.0,0.0,0.0,0.0,0.0
0.0,0.0,0.0,0.0,0.0,6.599369757553562,0.73326330639484,0.0,1.8331582659871,0.0,0.18331582659871,0.0,0.0,0.36663165319742,0.0,0.0,0.0,0.0,0.0,0.0,10.998949595922593,0.0,4.216264011770334,0.0,0.18331582659871,0.54994747979613,0.0,0.0,0.0,0.0,0.0,0.0,0.0,0.0,0.0,0.0,0.0,0.0,0.0,0.0,0.0,0.0,0.0,0.0,0.0,0.0,0.0,0.0,0.0,0.18331582659871,0.0,0.0,0.18331582659871,0.0,0.0,0.0,0.0,0.0,0.0,0.0,0.0,0.18331582659871,0.0,0.0,0.0,0.0,0.0,0.18331582659871,0.0,0.0,0.0,0.0,0.0,0.0,0.0,0.0,0.0,0.0,0.0,0.0,0.36663165319742,0.0,0.0,0.0,0.0,0.0,0.0,0.0,0.18331582659871,0.0,0.0,0.0,0.0,0.0,0.0,0.0,0.0,0.0,0.0,0.0,0.0,0.0,0.0,0.0,0.0,0.0,0.0,0.0,0.0,0.0,0.0,0.0,0.0,0.0,0.0,0.0,0.0,0.0,0.0,0.0,0.0,0.0,0.0,0.0,0.0,0.0,0.0,0.0,0.36663165319742,0.0,0.0,0.0,0.18331582659871,0.0,0.0,0.0,0.0,0.0,0.0,0.0,0.0,0.0,0.18331582659871,0.0,0.0,0.0,0.0,0.0,0.0,0.0,0.0,0.0,0.0,0.0,0.18331582659871,0.0,0.0,0.0,0.0,0.0,0.0,0.0,0.0,0.18331582659871,0.0,0.0,0.0,0.0,0.0,0.0,0.0,0.0,0.0,0.0,0.0,0.0,0.0,0.0,0.18331582659871,0.0,0.0,0.0,0.0,0.0,0.0,0.0,0.0,0.0,0.0,0.18331582659871,0.0,0.0,0.0,0.0,0.0,0.0,0.0,0.18331582659871,0.0,0.73326330639484,0.0,0.0,0.0,0.0,0.0,0.0,0.0,0.0,0.0,0.0,0.0,0.0,0.18331582659871,0.0,0.0,0.9165791329935501,0.0,0.0,0.0,0.0,0.0,0.18331582659871,0.18331582659871,0.0,0.0,0.0,0.0,0.0,0.0,0.0,0.0,0.0,0.18331582659871,0.0,0.0,0.0,0.0,1.28321078619097,0.36663165319742,0.0,0.0,0.0,0.73326330639484,0.0,0.0,0.0,0.0,0.0,0.36663165319742,0.0,0.36663165319742,0.0,0.0,0.0,0.0,0.0,0.0,0.0,0.0,0.0,0.0,0.0,0.0,0.18331582659871,0.0,0.0,0.0,0.0,0.0,0.0,0.0,0.0,0.0,0.0,0.0,0.0,0.0,0.0,0.0,0.0,0.0,2.3831057457832303,0.0,0.0,0.0,0.0,0.0,0.0,0.0,0.0,0.0,0.0,0.0,0.0,0.0,0.0,0.0,0.0,0.0,0.0,0.0,0.18331582659871,0.0,0.54994747979613,0.0,0.0,0.0,0.0,0.0,0.0,0.0,0.0,0.0,0.0,0.0,0.0,0.0,0.0,0.0,0.0,0.0,0.0,0.0,0.0,0.54994747979613,0.54994747979613,0.0,0.0,0.18331582659871,0.54994747979613,0.0,0.36663165319742,0.0,0.0,0.0,0.0,0.0,0.0,0.18331582659871,0.0,0.0,0.0,0.0,0.0,0.0
0.0,0.18331582659871,0.0,0.0,0.0,0.0,0.18331582659871,0.0,0.0,0.18331582659871,0.0,0.0,0.0,0.0,0.0,0.0,0.36663165319742,0.0,0.0,0.0,0.0,2.9330532255793598,0.0,0.0,0.0,0.0,0.0,0.0,0.0,0.0,0.0,0.0,0.0,0.18331582659871,0.0,0.0,0.0,0.18331582659871,0.0,0.0,0.0,0.0,0.0,0.0,0.0,0.0,0.0,0.0,0.0,0.0,0.0,0.0,0.0,0.54994747979613,0.0,0.0,0.0,0.0,0.0,0.0,0.18331582659871,0.36663165319742,0.0,0.0,0.73326330639484,0.0,0.0,0.0,0.0,0.0,1.46652661278968,0.0,0.0,0.0,0.0,0.0,0.0,0.0,0.18331582659871,0.0,0.0,0.0,0.0,0.0,0.0,0.0,0.0,0.0,0.0,0.0,0.0,0.0,0.0,0.0,0.0,0.18331582659871,0.0,0.0,0.0,4.216264011770331,0.0,0.0,0.0,0.0,0.0,0.0,0.0,0.0,0.0,0.0,0.0,0.0,0.0,0.0,0.0,0.0,0.0,0.0,0.0,0.0,0.0,0.0,0.0,0.0,0.0,0.0,0.18331582659871,0.0,0.0,0.0,0.0,0.0,0.0,0.0,0.0,0.54994747979613,0.0,0.0,0.54994747979613,6.966001410750973,0.0,0.0,0.0,1.09989495959226,0.0,0.0,0.0,0.0,0.0,0.0,0.0,0.0,0.54994747979613,0.0,0.0,0.0,0.0,0.0,0.0,0.0,0.18331582659871,1.28321078619097,0.0,0.0,0.18331582659871,0.0,0.0,0.0,0.0,0.0,0.0,0.0,0.0,0.0,0.0,0.0,0.0,0.36663165319742,0.0,0.0,0.0,0.0,0.0,0.0,0.0,0.0,0.0,0.0,0.0,0.0,0.0,0.0,0.0,0.0,0.0,0.0,0.0,0.0,0.18331582659871,0.0,0.0,0.0,0.0,0.0,0.0,0.0,0.0,0.0,0.0,0.0,0.0,0.0,0.0,0.0,0.0,0.0,0.0,0.0,0.0,0.0,0.0,0.0,0.0,0.0,0.0,0.0,0.0,0.0,0.0,0.0,0.0,0.0,0.0,0.0,0.0,0.0,0.18331582659871,0.0,0.0,0.0,0.0,0.0,0.0,0.0,0.0,0.0,0.0,0.0,0.0,0.0,0.0,0.0,0.0,0.0,0.0,0.0,0.18331582659871,0.0,0.0,0.0,0.0,0.18331582659871,0.0,0.0,0.0,0.0,0.0,0.0,0.0,0.0,0.0,0.0,0.0,0.0,0.0,0.0,0.0,0.0,0.0,0.0,0.0,0.0,1.09989495959226,0.0,0.0,0.0,0.0,0.0,3.1163690521780723,0.0,0.0,0.0,0.0,0.0,0.0,0.0,0.0,0.0,0.0,0.0,0.0,0.0,0.0,0.0,0.0,0.0,0.0,0.36663165319742,0.0,0.0,0.0,0.0,0.0,0.0,0.0,0.0,0.0,0.0,0.0,0.0,0.0,0.0,0.0,0.0,0.0,0.0,0.0,0.0,0.0,0.0,0.0,0.0,0.0,0.0,0.0,0.0,0.0,0.0,0.0,0.0,0.0,0.0,0.0,0.0,0.0
0.0,0.18331582659871,0.0,0.0,0.0,0.18331582659871,0.0,0.0,0.36663165319742,0.0,0.0,0.0,0.0,0.54994747979613,0.0,0.0,0.0,0.0,0.0,0.0,0.18331582659871,0.0,0.0,0.0,0.0,0.0,0.0,0.0,0.0,0.0,0.0,0.0,0.18331582659871,0.0,0.0,0.0,0.0,0.0,0.0,0.0,0.18331582659871,0.0,0.0,0.0,0.0,0.0,0.0,0.0,0.18331582659871,0.0,0.0,0.0,0.36663165319742,0.0,0.0,0.0,0.0,0.18331582659871,0.0,0.36663165319742,0.0,0.36663165319742,0.0,0.0,0.0,0.0,0.0,0.0,0.0,0.0,0.0,0.0,0.0,0.0,0.0,0.0,0.36663165319742,0.0,0.0,0.36663165319742,0.36663165319742,1.0998949595922611,1.46652661278968,0.0,0.18331582659871,0.0,0.0,0.0,0.0,0.0,0.0,0.0,0.0,0.18331582659871,0.0,0.0,0.0,0.0,0.0,0.0,0.0,0.0,0.0,0.0,0.0,0.0,0.18331582659871,0.0,0.36663165319742,0.0,0.0,0.36663165319742,0.0,0.0,0.0,0.0,0.0,0.0,0.0,0.0,0.0,0.0,0.0,0.91657913299355,0.0,0.0,0.0,0.0,0.0,0.0,0.54994747979613,0.0,0.0,0.0,0.0,0.0,0.0,0.0,0.0,0.0,0.0,0.0,0.0,0.0,0.0,0.18331582659871,0.0,0.0,0.0,0.0,0.0,0.0,0.0,0.0,0.0,0.0,0.0,0.0,0.0,0.0,0.0,0.0,0.0,0.18331582659871,0.0,0.18331582659871,0.0,0.0,0.0,0.9165791329935501,0.0,0.0,0.0,0.0,0.0,0.0,0.0,0.73326330639484,0.0,0.0,0.0,0.0,0.0,0.0,0.0,0.0,0.0,0.0,0.0,0.0,0.0,0.0,0.0,0.0,0.0,0.0,0.0,0.0,0.0,0.0,0.36663165319742,0.0,0.0,0.18331582659871,0.0,0.0,0.18331582659871,0.0,0.0,0.18331582659871,0.0,0.0,0.0,0.36663165319742,0.0,0.0,0.0,0.0,0.0,0.0,0.0,0.0,0.36663165319742,0.0,0.0,0.0,0.0,0.0,2.0164740925858102,0.0,0.0,0.0,0.0,0.0,0.0,0.0,0.0,0.0,0.0,0.0,0.0,0.0,0.0,0.54994747979613,0.0,0.0,0.18331582659871,0.0,0.0,1.28321078619097,0.0,0.0,0.0,0.0,0.0,0.0,0.0,0.0,0.0,0.54994747979613,0.0,0.0,0.0,0.0,0.0,0.0,0.0,0.0,0.0,0.0,0.0,0.0,0.0,0.0,0.0,0.0,0.0,0.0,0.0,0.0,0.0,0.0,0.0,2.199789919184521,0.0,0.0,0.0,0.0,0.0,0.0,0.18331582659871,0.0,0.36663165319742,0.0,0.0,0.0,0.0,0.18331582659871,0.0,0.0,0.0,0.0,0.0,0.0,0.0,0.0,0.0,0.0,0.0,0.0,0.0,0.0,0.0,0.0,0.0,0.0,0.0,0.0,0.0,0.0,0.0,0.0,0.0,0.0,0.0,0.0,0.0,0.0,0.0,0.0,0.0,0.0,0.0,0.0,0.0,0.0,0.0,0.0,0.18331582659871,0.0,0.0,0.36663165319742,0.0,0.0,0.0
0.0,0.0,0.0,0.0,0.0,0.36663165319742,0.0,0.0,0.0,0.0,0.0,0.0,0.0,0.18331582659871,0.0,0.0,0.0,0.73326330639484,0.0,0.0,0.0,0.0,0.0,0.0,0.0,0.0,0.0,0.0,0.0,0.0,0.18331582659871,0.0,0.0,0.18331582659871,0.0,0.0,0.0,0.0,0.0,0.0,0.0,0.0,0.0,0.0,0.0,0.0,0.0,0.0,0.0,0.18331582659871,0.0,0.0,0.0,0.0,0.0,0.0,0.0,0.0,0.18331582659871,0.0,0.0,0.0,0.0,0.0,0.0,0.0,0.0,0.0,0.0,0.0,0.0,0.18331582659871,0.0,0.0,0.0,0.0,0.0,0.36663165319742,0.0,0.0,0.0,0.0,0.0,0.0,0.54994747979613,0.0,0.0,0.0,0.0,0.0,0.0,0.0,0.0,0.0,0.0,0.0,0.0,0.0,0.0,0.0,0.0,0.0,0.0,0.0,0.0,0.0,0.0,0.0,0.0,0.0,0.0,0.0,0.0,0.0,0.0,0.0,0.0,0.0,0.0,0.0,0.0,0.0,0.0,0.18331582659871,0.0,0.0,0.0,0.0,0.0,0.0,0.0,0.0,0.0,0.0,0.0,0.0,0.0,0.0,0.0,0.0,0.0,0.0,0.0,0.0,0.0,0.0,0.0,0.0,0.0,0.0,0.0,0.0,0.0,0.0,0.0,0.0,0.0,0.0,0.0,0.0,0.0,0.0,0.0,0.0,0.0,0.0,0.0,0.0,0.0,0.0,0.0,0.0,0.0,0.0,0.0,0.0,0.0,0.18331582659871,0.0,0.36663165319742,0.0,0.0,0.0,0.0,0.0,0.0,0.0,0.0,0.0,0.0,0.0,0.0,0.0,0.0,0.0,0.0,0.18331582659871,0.0,0.0,0.0,0.91657913299355,0.0,0.0,0.0,0.0,0.0,0.36663165319742,0.0,0.0,0.0,0.0,0.0,0.0,0.0,0.0,0.0,0.0,0.0,0.0,0.18331582659871,0.0,0.0,0.0,0.0,0.0,0.0,0.0,0.0,0.18331582659871,0.0,0.0,0.54994747979613,0.0,0.18331582659871,0.0,0.0,0.0,0.0,0.0,0.0,0.0,0.0,0.0,0.0,0.0,0.0,0.0,0.0,0.0,0.54994747979613,0.0,0.0,0.0,0.0,0.0,0.0,0.0,0.0,0.0,0.0,0.0,0.0,0.0,0.0,0.0,0.18331582659871,0.0,0.0,0.0,0.0,0.0,0.0,0.0,0.0,1.09989495959226,0.0,0.0,0.0,0.0,0.0,0.0,0.0,0.0,0.0,0.54994747979613,0.0,0.0,0.0,0.0,0.0,0.0,0.0,0.36663165319742,0.0,0.0,0.0,0.0,0.18331582659871,0.0,0.0,0.0,0.0,0.0,0.0,0.0,0.0,0.0,0.0,0.0,0.0,0.0,0.0,0.0,0.0,0.0,0.0,0.0,0.18331582659871,0.0,0.0,0.0,0.0,0.0,0.0,0.0,0.0,0.0,0.0,0.0,0.0,0.0,0.18331582659871,0.0,0.0,0.0,0.0,0.0,0.0,0.0,0.0,0.0,0.0,0.0,0.0,0.0
0.0,0.0,0.0,0.0,0.0,0.0,0.0,0.0,0.0,0.18331582659871,0.0,0.0,0.0,0.0,0.0,0.0,0.0,0.0,0.0,0.0,0.0,0.0,0.0,0.0,0.0,0.0,0.0,0.0,0.0,0.0,0.0,0.0,0.18331582659871,0.0,0.0,0.0,0.0,0.0,0.0,0.0,0.0,0.0,0.0,0.0,0.0,0.0,0.0,0.54994747979613,0.0,0.0,0.0,0.0,0.0,0.0,0.0,0.0,0.0,0.18331582659871,0.0,0.0,0.36663165319742,0.0,0.0,0.0,0.0,0.0,0.0,0.0,0.0,0.0,0.0,0.0,0.0,0.0,0.0,0.9165791329935501,0.0,0.0,0.0,0.0,0.36663165319742,0.0,0.0,0.0,0.0,0.0,0.0,0.0,0.0,0.0,0.0,0.0,0.0,0.0,0.0,0.0,0.0,0.0,0.0,0.0,0.0,0.0,0.0,0.0,0.0,0.0,0.0,0.0,0.0,0.0,0.0,0.0,0.0,0.0,0.0,0.0,0.0,0.0,0.0,0.18331582659871,0.18331582659871,0.0,0.0,0.0,0.0,0.0,0.0,0.0,0.0,0.0,0.0,0.0,0.0,0.0,0.0,0.0,0.0,0.18331582659871,0.0,0.0,0.0,0.0,0.0,0.0,0.0,0.0,0.0,0.0,0.0,0.0,0.0,0.0,0.0,0.0,0.36663165319742,0.0,0.0,0.0,0.0,0.0,0.0,0.0,0.0,0.0,0.0,0.0,0.0,0.0,0.0,0.0,0.0,0.0,0.0,0.0,0.0,0.0,0.0,0.18331582659871,0.0,0.18331582659871,0.0,0.0,0.0,0.0,0.0,0.0,0.0,0.0,0.0,0.0,0.0,0.0,0.0,0.0,0.0,0.0,0.0,0.0,0.0,0.0,0.18331582659871,0.0,0.0,0.0,0.0,0.0,2.7497373989806504,0.0,0.0,0.0,0.0,0.0,0.0,0.18331582659871,0.0,0.0,0.0,0.0,0.0,0.18331582659871,0.0,0.0,0.0,0.0,0.0,0.0,0.0,0.0,0.36663165319742,0.18331582659871,0.0,0.0,0.0,0.0,0.0,0.0,0.0,0.0,0.0,0.0,0.0,0.0,0.0,0.18331582659871,0.0,0.18331582659871,0.0,0.0,0.0,0.0,0.0,0.0,0.0,0.0,0.0,0.0,0.0,0.0,0.0,0.0,0.0,0.0,0.0,0.0,0.0,0.0,0.0,0.0,0.0,0.0,0.0,0.73326330639484,0.0,0.0,0.0,0.0,0.0,0.0,0.0,0.0,0.0,0.0,0.0,0.0,0.0,0.54994747979613,0.0,0.0,0.0,0.0,0.0,0.0,0.0,0.0,0.0,0.0,0.0,0.18331582659871,0.0,0.0,0.0,0.0,0.0,0.0,0.0,0.0,0.0,0.0,0.0,0.0,0.0,0.0,0.0,0.0,0.0,0.0,0.0,0.36663165319742,0.0,0.0,0.0,0.0,0.0,0.0,0.0,0.0,0.0,0.0,0.0,0.73326330639484,0.0,0.0,0.0,0.0,0.0,0.0,0.0,0.0,0.0,0.0,0.0,0.0,0.0,0.0,0.0
0.0,0.0,0.0,0.0,0.0,0.36663165319742,0.0,0.0,0.0,0.0,0.18331582659871,0.0,0.0,0.18331582659871,0.0,0.0,0.0,0.0,0.0,0.0,0.0,0.0,0.0,0.0,0.0,0.0,0.0,0.0,0.0,0.0,0.0,0.0,0.0,0.0,0.0,0.0,0.0,0.0,0.36663165319742,0.0,0.0,0.0,0.0,0.18331582659871,0.0,0.0,0.18331582659871,0.0,0.0,0.0,0.0,0.0,0.18331582659871,0.0,0.0,0.18331582659871,0.0,0.0,0.0,0.18331582659871,0.0,0.0,0.0,0.0,0.0,0.0,0.0,0.0,0.0,0.0,0.0,0.0,0.0,0.0,0.18331582659871,0.0,0.0,0.0,0.0,0.0,0.18331582659871,0.0,0.0,0.0,0.0,0.0,0.0,0.91657913299355,0.0,0.0,0.0,0.0,0.0,0.36663165319742,0.0,0.0,0.0,0.0,0.0,0.0,0.0,0.0,0.0,0.0,0.0,0.0,0.0,0.0,0.0,0.0,0.0,0.0,0.0,0.0,0.0,0.36663165319742,0.0,0.0,0.0,0.0,0.0,0.0,0.0,0.36663165319742,0.0,0.0,0.0,0.0,0.0,0.18331582659871,0.0,0.0,0.18331582659871,0.0,0.0,0.0,0.0,0.0,0.0,0.0,0.0,0.0,0.0,0.0,0.0,0.0,0.0,0.0,0.0,0.0,0.0,0.0,0.0,0.0,0.0,0.0,0.0,0.0,0.0,0.0,0.0,0.0,0.0,0.0,0.0,0.0,0.0,0.0,0.0,0.0,0.36663165319742,0.18331582659871,0.0,0.0,0.0,0.0,0.0,0.18331582659871,0.0,0.0,0.0,0.0,0.0,0.0,0.0,0.0,0.0,0.0,0.0,0.0,0.0,0.0,0.0,0.0,0.0,0.0,0.0,0.0,0.0,0.0,0.0,0.0,0.0,0.0,0.0,0.0,0.0,0.0,0.0,0.0,0.0,0.0,0.0,0.0,0.0,0.0,0.0,0.0,0.0,0.0,0.0,0.0,0.0,0.0,0.0,0.0,0.0,0.0,0.18331582659871,0.0,0.0,0.0,0.0,0.0,0.0,0.0,0.0,0.0,0.0,0.0,0.0,0.0,0.0,0.0,0.0,0.18331582659871,0.0,0.0,0.0,0.54994747979613,0.0,0.0,0.0,0.0,0.0,0.0,0.0,0.0,0.0,0.0,0.0,0.0,0.0,0.0,0.0,0.18331582659871,0.0,0.0,0.0,0.0,0.0,0.0,0.0,0.0,0.0,0.0,0.0,0.0,0.0,0.0,0.0,0.0,0.0,0.0,0.0,0.0,0.91657913299355,0.0,0.0,0.0,0.18331582659871,0.0,1.28321078619097,0.0,0.0,0.0,0.0,0.18331582659871,0.0,0.0,0.0,0.0,0.0,0.0,0.0,0.0,0.0,0.0,0.0,0.0,0.0,0.0,0.0,0.0,0.0,0.0,0.0,0.18331582659871,0.0,0.0,0.0,0.0,0.0,0.0,0.0,0.0,0.0,0.0,0.0,0.0,0.0,0.0,0.0,0.0,0.0,0.0,0.0,0.0,0.0,0.0,0.0,0.18331582659871,0.0,0.0,0.0
0.0,0.0,0.0,0.0,0.0,0.0,0.0,0.0,0.0,0.0,0.0,0.0,0.0,0.0,0.0,0.0,0.0,0.0,0.0,0.0,0.0,0.0,0.18331582659871,0.0,0.0,0.18331582659871,0.0,0.0,0.0,0.0,0.0,0.0,0.36663165319742,0.0,0.0,0.0,0.0,0.0,0.0,0.0,0.0,0.0,0.0,0.0,0.0,0.0,0.0,0.0,0.0,0.0,0.0,0.18331582659871,0.18331582659871,0.0,0.0,0.0,0.0,0.0,1.46652661278968,0.0,0.18331582659871,0.18331582659871,0.0,0.0,0.0,0.0,0.0,0.0,0.0,0.0,0.18331582659871,0.0,0.0,0.0,0.0,0.0,0.0,0.0,0.0,0.0,0.36663165319742,0.0,0.0,0.0,0.0,0.0,0.0,0.0,0.0,0.0,0.0,0.0,0.0,0.0,0.0,0.0,0.0,0.0,0.0,0.0,0.0,0.0,0.0,0.0,0.0,0.0,0.0,0.36663165319742,0.0,0.0,0.0,0.9165791329935501,0.0,0.0,0.0,0.0,0.0,0.0,0.0,0.0,0.0,0.0,0.0,0.0,0.0,0.0,0.0,0.0,0.0,0.0,0.0,0.0,0.9165791329935501,0.18331582659871,0.0,0.0,0.0,4.582895664967747,0.0,0.0,0.0,0.0,0.0,0.0,1.09989495959226,0.0,0.0,0.0,0.0,0.0,0.0,0.0,0.0,0.0,0.0,0.0,0.0,0.0,0.0,0.0,0.0,0.0,0.0,1.6498424393883901,0.0,0.0,0.0,0.0,0.0,0.18331582659871,0.0,0.0,0.0,0.18331582659871,0.0,0.0,0.0,0.73326330639484,0.0,0.0,0.0,0.0,0.0,0.0,0.0,0.0,0.0,0.0,0.0,0.0,0.0,0.0,0.0,0.0,0.18331582659871,0.0,0.0,0.0,0.0,0.0,0.0,0.0,0.0,1.28321078619097,0.0,0.0,0.0,0.0,0.0,0.0,0.0,0.0,0.0,0.0,0.0,0.0,0.0,0.0,0.36663165319742,0.36663165319742,0.0,0.0,0.0,0.0,0.0,0.0,0.0,0.0,0.0,0.0,0.0,0.0,0.0,0.0,0.18331582659871,0.0,0.0,0.0,0.0,0.0,0.0,0.0,0.0,0.0,0.36663165319742,0.0,0.0,0.0,0.0,0.0,0.0,0.0,0.0,0.0,0.0,0.0,0.0,0.0,0.0,0.0,0.0,0.0,0.0,0.0,0.0,0.0,0.0,0.0,0.54994747979613,0.0,0.0,0.0,0.0,0.0,0.0,0.0,0.0,0.0,0.0,0.0,0.0,0.0,0.0,0.0,0.0,0.0,0.0,1.8331582659871002,0.0,0.18331582659871,0.0,0.0,0.0,0.0,0.0,0.0,0.0,0.0,0.0,0.36663165319742,0.0,0.0,0.0,0.0,0.0,0.0,0.0,0.0,0.0,0.0,0.0,0.0,0.0,0.0,0.54994747979613,0.0,0.0,0.18331582659871,0.0,0.0,0.0,0.0,0.0,0.0,0.0,0.0,0.0,0.0,0.0,0.0,0.0,0.0,0.0,0.0,0.0,0.0,0.0,0.0,0.18331582659871,0.0,0.0,0.0,0.18331582659871,0.0,0.0
0.0,1.28321078619097,0.0,0.0,0.0,0.0,0.0,0.18331582659871,0.0,0.0,0.0,0.0,0.0,0.0,0.0,0.0,0.0,0.0,0.0,0.0,0.0,0.73326330639484,0.0,0.0,0.0,0.0,0.0,0.0,0.0,0.18331582659871,0.0,0.0,0.0,0.0,0.0,0.0,0.0,0.18331582659871,0.0,0.0,0.0,0.0,0.36663165319742,0.0,0.18331582659871,0.0,0.0,0.0,0.0,0.0,0.0,0.0,0.0,2.1997899191845196,0.0,0.0,0.0,0.0,0.0,0.0,0.0,0.18331582659871,0.0,0.0,0.0,0.36663165319742,0.0,0.0,0.0,0.0,0.36663165319742,0.0,0.0,0.0,0.0,0.0,0.0,0.0,0.0,0.18331582659871,0.0,0.0,0.0,0.0,0.0,0.0,0.0,0.0,0.0,0.0,0.0,0.0,0.0,0.0,0.0,0.0,0.0,0.0,0.0,0.36663165319742,0.0,0.0,0.0,0.0,0.0,0.0,0.0,0.0,0.18331582659871,0.0,0.0,0.0,0.0,0.0,0.0,0.0,0.0,0.0,0.0,0.0,0.0,0.0,0.0,0.0,0.0,0.0,0.91657913299355,0.0,0.0,0.0,0.0,0.0,0.0,0.0,0.0,0.0,0.0,0.0,0.18331582659871,0.36663165319742,0.0,0.0,0.18331582659871,0.0,0.0,0.0,0.0,0.0,0.0,0.0,0.0,0.0,0.0,0.0,0.0,0.0,0.0,0.0,0.0,0.0,0.18331582659871,1.46652661278968,0.0,0.0,0.0,0.0,0.0,0.0,0.0,0.0,0.0,0.0,0.0,0.0,0.0,0.0,0.0,1.6498424393883901,0.0,0.0,0.36663165319742,0.0,0.0,0.0,0.0,0.0,0.0,0.0,0.0,0.0,0.0,0.0,0.0,0.0,0.0,0.0,0.0,0.0,0.18331582659871,0.18331582659871,0.54994747979613,0.0,0.0,0.0,0.0,0.0,0.0,0.0,0.0,0.0,0.0,1.28321078619097,0.0,0.0,0.0,0.0,0.0,0.0,0.0,0.0,0.0,0.0,0.0,0.0,4.216264011770337,0.0,0.0,0.0,0.0,0.0,0.0,0.0,0.0,0.0,0.0,0.0,0.0,0.0,0.0,0.0,0.0,0.0,0.0,0.0,0.0,0.0,0.0,0.0,0.0,0.0,0.0,0.0,0.0,0.0,0.0,0.0,0.0,0.0,1.46652661278968,0.0,0.18331582659871,0.0,0.0,0.0,0.18331582659871,0.73326330639484,0.0,0.18331582659871,0.0,0.0,0.0,0.0,0.0,0.0,0.0,0.0,0.0,0.0,0.0,0.0,0.0,0.0,4.216264011770328,0.0,0.0,0.0,0.0,0.0,0.36663165319742,0.0,0.0,0.0,0.0,0.0,0.0,0.0,0.0,0.0,0.0,0.0,0.0,0.0,0.0,0.0,0.0,0.0,0.0,0.0,0.0,0.0,0.0,0.18331582659871,0.0,0.0,0.0,0.0,0.0,0.0,0.0,0.36663165319742,0.0,0.0,0.0,0.0,0.0,0.0,0.0,0.0,0.0,0.0,0.0,0.0,0.0,0.0,0.0,0.0,0.0,0.18331582659871,0.0,0.0,0.0,0.0,0.0,0.0,0.0
0.0,0.0,0.0,0.0,0.0,0.0,0.0,0.0,0.0,0.0,0.0,0.0,0.0,0.0,0.0,0.0,0.0,0.0,0.0,0.0,0.0,0.0,0.0,0.0,0.0,0.0,0.0,0.0,0.18331582659871,0.0,0.0,0.0,0.54994747979613,0.0,0.0,0.0,0.0,0.0,0.18331582659871,0.36663165319742,0.0,0.0,0.0,0.0,0.0,0.0,0.0,0.36663165319742,0.0,0.18331582659871,0.0,0.0,0.36663165319742,0.0,0.0,0.0,0.0,0.18331582659871,0.0,0.0,0.0,0.0,0.0,0.0,0.0,0.0,0.0,0.0,0.0,0.0,0.0,0.0,0.0,0.0,0.0,0.0,0.0,0.0,0.0,0.36663165319742,0.18331582659871,0.0,0.0,0.0,0.0,0.0,0.0,0.0,0.0,0.0,0.0,0.0,0.0,0.0,0.0,0.0,0.0,0.0,0.0,0.0,0.0,0.0,0.0,0.0,0.0,0.0,0.0,0.18331582659871,0.0,0.0,0.0,0.0,0.0,0.0,0.0,0.0,0.0,0.0,0.18331582659871,0.0,0.0,0.0,0.0,0.0,0.0,0.0,0.0,0.0,0.0,0.0,0.0,0.0,0.36663165319742,0.0,0.18331582659871,0.0,0.0,0.0,0.0,0.18331582659871,0.0,0.0,0.0,0.0,0.18331582659871,0.0,0.0,0.0,0.0,0.0,0.0,0.0,0.0,0.0,0.0,0.0,0.0,0.0,0.0,0.0,0.0,0.0,0.0,0.18331582659871,0.0,0.0,0.0,0.0,0.0,0.18331582659871,0.0,0.0,0.0,0.0,0.0,0.0,0.0,0.18331582659871,0.54994747979613,0.18331582659871,0.0,0.0,0.0,0.0,0.0,0.0,0.0,0.0,0.0,0.0,0.0,0.0,0.0,0.0,0.0,0.0,0.0,0.0,0.0,5.132843144763883,0.0,0.0,0.0,0.0,0.0,0.0,0.0,0.0,0.0,0.0,0.0,0.0,0.0,0.0,0.0,0.0,0.0,0.0,0.18331582659871,0.0,0.0,0.0,0.18331582659871,0.18331582659871,0.0,0.0,0.0,0.0,0.0,0.0,0.18331582659871,0.0,0.0,0.0,0.0,0.0,0.0,0.0,0.0,0.18331582659871,0.0,0.0,0.0,1.09989495959226,0.18331582659871,0.0,0.0,0.18331582659871,0.0,0.0,0.0,0.0,0.0,0.0,0.0,0.0,0.0,0.0,0.0,0.0,0.0,0.0,0.0,0.0,0.0,0.0,0.0,0.0,0.0,0.0,0.0,0.0,0.0,0.0,0.0,0.0,0.0,0.0,0.18331582659871,0.0,0.0,0.0,0.0,0.0,0.0,0.0,0.0,0.0,0.0,1.8331582659871002,0.0,0.0,0.0,0.0,0.0,0.0,0.0,0.0,0.0,0.0,0.0,0.0,0.0,0.18331582659871,0.0,0.0,0.0,0.0,0.0,0.0,0.0,0.0,0.0,0.0,0.0,0.0,0.0,0.0,0.0,0.0,0.0,0.0,0.0,0.0,0.18331582659871,0.0,0.0,0.0,0.0,0.0,0.0,9.165791329935487,0.0,0.0,0.0,0.0,0.0,0.0,0.0,0.0,0.0,0.0,0.0,0.0,0.0
0.0,0.18331582659871,0.0,0.18331582659871,0.0,0.54994747979613,0.0,0.0,0.0,0.0,0.18331582659871,0.0,0.0,0.36663165319742,0.0,0.0,0.0,0.18331582659871,0.0,0.0,0.0,0.0,0.54994747979613,0.73326330639484,0.0,0.36663165319742,0.0,0.18331582659871,0.0,0.0,0.0,0.0,0.0,0.0,0.0,0.0,0.0,0.0,0.0,0.0,0.0,0.18331582659871,0.18331582659871,0.36663165319742,0.0,0.0,0.18331582659871,0.0,0.0,0.18331582659871,0.0,0.0,0.91657913299355,0.91657913299355,0.0,0.18331582659871,0.0,0.0,0.18331582659871,4.949527318165176,0.54994747979613,0.0,0.0,0.0,0.0,0.0,0.0,0.0,0.0,0.0,0.0,0.18331582659871,0.0,0.0,0.0,0.0,0.0,0.18331582659871,0.0,0.0,0.36663165319742,0.0,0.36663165319742,0.0,0.36663165319742,0.0,0.0,0.18331582659871,0.18331582659871,0.18331582659871,0.0,0.0,0.0,0.0,0.0,0.0,0.0,0.0,0.0,0.0,0.0,0.0,0.0,0.0,0.0,0.0,0.0,0.0,0.0,0.0,0.0,0.0,0.0,0.0,0.18331582659871,0.54994747979613,2.56642157238194,0.0,0.0,0.0,0.18331582659871,0.0,0.0,0.0,0.0,0.0,0.0,0.0,0.0,0.0,0.18331582659871,0.0,0.0,0.0,0.0,0.0,0.0,0.0,0.0,0.0,0.0,0.0,0.0,0.0,0.0,0.0,0.0,0.0,0.0,0.0,0.18331582659871,0.0,0.0,0.0,0.0,0.0,0.0,0.0,0.18331582659871,0.0,0.0,0.0,0.36663165319742,0.0,0.0,0.0,0.0,0.0,0.0,0.0,0.0,0.0,0.0,0.0,0.18331582659871,0.0,0.0,0.54994747979613,0.0,0.0,0.0,0.0,0.0,0.0,0.0,0.0,0.0,0.0,0.0,0.0,0.0,0.0,0.0,0.0,0.18331582659871,0.0,0.0,0.18331582659871,0.0,0.36663165319742,0.0,0.0,0.0,0.0,0.0,0.0,0.0,0.0,0.0,0.0,0.0,0.0,0.36663165319742,3.2996848787767816,0.0,0.18331582659871,0.36663165319742,0.0,0.0,0.0,0.0,0.0,0.18331582659871,0.36663165319742,0.18331582659871,0.0,0.0,0.36663165319742,0.73326330639484,0.18331582659871,0.0,0.0,0.0,0.0,0.0,0.0,0.0,0.0,0.0,0.0,0.0,0.0,0.0,0.0,0.0,0.0,0.36663165319742,0.0,0.0,0.36663165319742,0.0,0.0,0.0,0.0,0.0,0.0,0.0,0.0,0.0,0.54994747979613,0.0,0.0,0.0,0.0,0.0,0.0,0.0,0.0,0.0,0.0,0.0,0.0,0.0,0.18331582659871,0.0,0.0,0.0,0.0,0.0,0.0,0.0,0.0,0.0,0.36663165319742,0.0,0.0,0.0,0.0,0.0,0.0,2.0164740925858102,0.0,0.18331582659871,0.0,0.0,0.0,0.0,0.0,0.0,0.0,0.0,0.0,0.0,0.0,0.0,0.0,0.0,0.0,0.0,0.0,0.0,0.0,0.18331582659871,0.0,0.0,0.0,0.0,0.18331582659871,0.0,0.0,0.18331582659871,0.18331582659871,0.0,0.18331582659871,0.0,0.0,0.0,0.0,0.0,0.0,0.0,0.0,0.0,0.0,0.0,0.0,0.0,0.0,0.0,0.0,0.0,0.36663165319742,0.0,0.0,0.0
0.0,0.73326330639484,0.0,0.18331582659871,0.18331582659871,0.36663165319742,0.36663165319742,0.18331582659871,0.0,0.18331582659871,0.36663165319742,0.0,0.0,0.54994747979613,0.18331582659871,0.0,0.0,0.54994747979613,0.0,0.0,1.09989495959226,0.0,0.36663165319742,0.54994747979613,0.0,0.0,0.0,0.18331582659871,0.54994747979613,0.18331582659871,0.0,0.0,0.0,0.0,0.0,0.0,0.0,0.0,0.0,0.0,0.9165791329935501,0.0,0.36663165319742,0.36663165319742,0.73326330639484,8.982475503336783,2.38310574578323,0.73326330639484,0.0,1.6498424393883875,0.0,0.0,0.0,1.09989495959226,1.28321078619097,0.36663165319742,0.0,0.0,0.0,0.0,0.18331582659871,0.18331582659871,0.0,0.0,0.0,0.0,0.0,1.28321078619097,0.0,0.18331582659871,0.0,0.54994747979613,0.18331582659871,0.0,0.0,0.18331582659871,0.0,0.54994747979613,1.09989495959226,0.0,0.36663165319742,0.0,0.0,0.0,0.18331582659871,0.0,0.0,0.0,0.18331582659871,0.0,0.18331582659871,0.0,0.0,0.0,0.36663165319742,0.0,0.0,0.0,0.0,0.0,0.0,0.0,0.36663165319742,0.0,0.0,0.0,0.0,0.0,0.36663165319742,0.0,0.0,0.0,0.0,0.0,0.36663165319742,0.0,0.0,0.0,0.18331582659871,0.0,0.18331582659871,0.18331582659871,0.0,0.0,0.0,0.0,0.0,0.0,0.0,0.0,0.0,0.0,0.0,0.0,0.0,0.0,0.0,0.0,0.18331582659871,0.0,0.9165791329935501,0.0,0.0,0.0,0.0,0.0,0.0,0.18331582659871,0.0,0.0,0.18331582659871,0.0,0.0,0.18331582659871,0.0,0.0,0.0,3.2996848787767816,0.0,0.0,0.0,0.0,0.0,0.0,0.0,0.0,0.0,0.0,0.0,0.0,0.18331582659871,0.0,0.0,0.0,0.0,0.0,0.0,0.36663165319742,0.0,0.0,0.0,0.0,0.0,0.0,0.18331582659871,0.0,0.0,0.0,0.0,0.0,0.0,0.0,0.0,0.0,0.0,0.18331582659871,0.36663165319742,0.0,0.0,0.0,0.0,0.18331582659871,0.0,0.0,0.0,0.0,0.0,0.0,0.0,0.0,0.0,0.18331582659871,0.0,0.0,3.849632358572911,0.0,0.0,0.0,0.0,0.0,0.0,0.0,0.0,0.36663165319742,0.36663165319742,0.0,0.18331582659871,0.0,0.0,0.0,0.18331582659871,0.0,0.0,0.73326330639484,0.0,0.0,0.0,0.0,0.0,0.0,0.0,0.0,0.36663165319742,0.0,0.0,0.0,0.0,0.0,0.0,0.0,0.0,0.0,0.18331582659871,0.0,0.0,0.0,0.0,0.0,0.0,0.0,0.0,0.18331582659871,0.0,0.0,0.0,0.0,0.0,0.0,0.0,0.0,0.0,0.0,0.0,0.0,0.0,0.0,0.0,0.0,0.0,0.0,0.0,0.0,0.0,0.0,0.0,0.0,0.0,0.0,0.0,0.0,0.0,2.01647409258581,0.0,0.0,0.0,0.18331582659871,0.0,0.0,0.0,0.0,0.18331582659871,0.0,0.36663165319742,0.0,0.0,0.0,0.0,0.0,0.0,0.0,0.0,0.0,0.36663165319742,0.0,0.0,0.0,0.0,0.0,0.0,0.0,0.18331582659871,0.0,0.0,0.0,0.0,0.0,0.0,0.0,0.18331582659871,0.18331582659871,0.0,0.0,0.0,0.0,0.0,0.0,0.0,0.0,0.0,0.0,0.0,0.0,0.0,0.0,0.0
0.0,0.18331582659871,0.0,0.0,0.0,0.0,0.36663165319742,0.0,0.0,0.0,0.36663165319742,0.0,0.0,0.18331582659871,0.0,0.0,0.0,0.0,0.0,0.0,0.0,0.0,0.0,0.0,0.0,0.0,0.0,0.0,0.0,0.0,0.36663165319742,0.0,5.866106451158727,0.0,0.0,0.0,0.0,0.0,0.0,0.0,0.0,1.46652661278968,0.0,0.0,0.0,0.0,0.0,0.0,0.0,0.0,0.0,0.0,0.18331582659871,0.0,0.0,0.0,0.0,0.0,0.18331582659871,0.0,0.18331582659871,0.36663165319742,0.0,0.0,0.0,0.0,0.18331582659871,2.016474092585805,0.0,0.0,0.0,0.18331582659871,0.54994747979613,0.0,0.18331582659871,0.0,0.0,0.0,0.0,0.0,0.0,0.0,0.0,0.0,0.0,0.0,0.0,0.0,0.0,0.0,0.0,0.0,0.0,1.09989495959226,0.0,0.0,0.0,0.0,0.0,0.0,0.0,0.0,0.0,0.0,0.0,0.0,0.0,0.0,0.0,0.0,0.0,0.0,0.18331582659871,0.0,0.0,0.18331582659871,0.0,0.18331582659871,0.0,0.0,0.18331582659871,0.0,0.0,0.18331582659871,0.0,0.0,0.0,0.0,0.0,0.0,0.18331582659871,0.0,0.36663165319742,0.0,0.18331582659871,0.0,0.0,0.54994747979613,0.0,0.0,0.0,0.0,0.0,0.0,0.0,0.0,0.0,0.0,0.0,0.0,0.0,0.0,0.0,0.0,0.0,0.0,0.0,0.0,0.0,0.0,0.0,0.0,0.0,0.0,0.0,0.18331582659871,0.0,0.0,0.0,0.0,0.0,0.0,0.0,0.0,0.0,0.0,0.0,2.93305322557936,0.0,0.0,0.0,0.0,0.18331582659871,0.0,0.0,0.0,0.18331582659871,0.18331582659871,0.0,0.0,0.0,0.0,0.0,0.0,0.0,0.0,0.18331582659871,0.18331582659871,0.0,0.0,0.18331582659871,0.0,0.0,0.0,0.0,0.0,0.18331582659871,0.0,0.0,0.0,0.0,0.0,0.0,0.18331582659871,0.0,0.0,0.0,0.0,0.18331582659871,0.0,0.0,0.0,0.0,0.0,0.36663165319742,0.73326330639484,0.0,0.36663165319742,2.016474092585811,0.18331582659871,0.0,0.0,0.0,0.0,0.0,0.0,0.0,0.0,0.0,0.18331582659871,0.18331582659871,0.0,0.0,0.36663165319742,0.0,0.0,0.0,0.0,0.0,0.73326330639484,0.0,0.0,0.18331582659871,0.0,0.18331582659871,0.0,0.0,0.0,0.0,1.09989495959226,0.0,0.0,0.0,0.0,0.0,0.36663165319742,0.0,0.0,0.73326330639484,0.0,0.0,0.0,0.0,0.0,0.0,0.0,0.0,0.0,0.0,0.0,0.0,0.0,0.0,0.18331582659871,0.18331582659871,0.0,0.9165791329935501,0.0,0.0,0.0,0.0,0.0,5.682790624560007,0.36663165319742,0.0,0.36663165319742,0.36663165319742,0.18331582659871,0.0,0.0,0.0,0.0,0.0,0.0,0.0,0.0,0.0,0.0,0.0,0.0,0.0,0.0,0.0,0.0,0.0,0.0,0.0,0.18331582659871,0.0,0.0,0.0,0.0,0.0,0.0,0.0,0.0,0.18331582659871,0.0,0.0,0.0,0.0,0.0,0.0,0.0,0.0,0.0,0.0,0.0,0.0,0.0,0.0,0.0,0.0,0.0,0.0
0.0,0.0,0.0,0.0,0.0,0.0,0.18331582659871,0.0,0.18331582659871,0.0,0.18331582659871,0.0,0.0,0.54994747979613,0.0,0.0,0.0,0.18331582659871,0.0,0.0,0.18331582659871,0.0,0.18331582659871,0.0,0.0,0.0,0.0,0.0,0.0,0.0,0.0,0.0,0.18331582659871,0.0,0.0,0.0,0.18331582659871,0.0,0.0,1.28321078619097,0.0,0.0,0.0,0.0,0.0,0.0,0.0,0.0,0.36663165319742,0.36663165319742,0.0,0.0,0.18331582659871,0.0,0.0,0.0,0.0,0.0,0.0,0.0,0.36663165319742,0.0,0.0,0.0,0.0,0.0,0.0,0.0,0.0,0.0,0.0,0.0,0.0,0.0,0.0,0.0,0.0,0.0,0.0,0.0,0.36663165319742,0.0,0.0,0.0,0.0,0.0,0.0,0.0,0.0,0.0,0.0,0.0,0.0,0.0,0.0,0.18331582659871,0.0,0.0,0.0,0.0,0.0,0.0,0.0,0.0,0.0,0.0,0.54994747979613,0.18331582659871,0.0,0.0,0.0,0.0,0.0,0.0,0.0,0.0,0.0,0.0,0.0,0.0,0.0,0.0,0.0,0.0,0.0,0.0,0.0,0.0,0.0,0.0,0.0,0.0,1.09989495959226,0.0,0.0,0.0,0.0,0.0,0.0,0.0,0.0,0.0,0.0,0.0,0.0,0.0,0.0,0.0,0.0,0.0,0.0,0.0,0.0,0.0,0.0,0.0,0.0,0.0,0.0,0.0,0.0,0.0,0.0,0.18331582659871,0.0,0.0,0.0,0.0,0.0,0.18331582659871,0.0,0.0,0.0,0.0,0.0,0.0,0.0,0.18331582659871,0.0,0.0,0.0,0.0,0.0,0.0,0.0,0.0,0.0,0.0,0.0,0.0,0.0,0.0,0.0,0.0,0.36663165319742,0.0,0.0,0.0,0.0,0.18331582659871,0.0,0.0,0.0,0.0,0.0,0.0,0.0,0.0,0.0,0.0,0.0,0.0,0.0,0.0,0.0,0.0,0.0,0.0,0.18331582659871,0.0,0.0,0.0,0.18331582659871,0.0,0.0,0.0,0.0,0.0,0.0,0.0,0.0,0.0,0.0,0.0,0.0,0.0,0.0,0.18331582659871,2.3831057457832303,0.0,0.0,0.0,0.0,0.73326330639484,0.0,0.0,0.0,0.0,0.0,0.54994747979613,0.0,0.0,0.0,0.0,0.0,0.0,0.0,0.0,0.0,0.0,0.0,0.0,0.0,0.0,0.0,0.0,0.0,0.0,0.0,0.0,0.0,0.0,0.0,0.0,0.0,0.0,0.0,0.0,0.0,0.0,0.0,0.0,0.0,0.0,0.0,0.0,0.0,0.0,0.0,0.18331582659871,0.0,0.0,0.73326330639484,0.36663165319742,0.0,0.0,0.0,0.0,0.36663165319742,0.0,0.0,0.0,0.0,0.0,0.0,0.0,0.0,0.0,0.0,0.0,0.0,0.0,0.0,0.0,0.0,0.0,0.0,0.0,0.0,0.0,0.0,0.0,0.0,0.0,0.0,0.0,0.0,0.0,0.0,0.36663165319742,0.0,0.0,0.0,0.0,0.0,0.0,0.0,0.0,0.0,0.0,0.0,0.0,0.0,0.0,0.0
0.0,0.0,0.0,0.0,0.0,0.0,0.36663165319742,0.0,0.0,0.18331582659871,4.216264011770331,0.0,0.18331582659871,0.91657913299355,0.0,0.18331582659871,0.18331582659871,0.18331582659871,0.0,0.0,0.0,0.0,0.0,0.0,0.0,0.0,0.0,0.18331582659871,0.18331582659871,0.0,0.0,0.0,0.0,0.0,0.0,0.0,0.73326330639484,0.0,0.0,0.0,0.54994747979613,0.0,0.0,1.09989495959226,0.18331582659871,0.0,0.18331582659871,0.18331582659871,0.0,0.0,0.0,0.0,0.18331582659871,0.54994747979613,0.0,0.0,0.0,0.0,0.0,0.0,0.0,0.0,0.0,0.0,0.0,0.0,0.0,0.0,0.0,0.0,0.54994747979613,0.54994747979613,0.54994747979613,0.0,0.0,0.0,0.0,0.0,0.0,0.0,0.0,0.0,0.0,0.0,0.0,0.0,0.0,0.0,0.0,1.09989495959226,0.18331582659871,0.0,0.0,0.18331582659871,1.8331582659871013,0.0,0.0,0.0,0.0,0.0,0.54994747979613,0.18331582659871,0.0,0.0,0.0,0.0,0.0,0.0,0.0,0.0,0.0,0.0,0.0,0.36663165319742,0.0,0.18331582659871,0.0,0.0,0.0,0.0,0.0,0.54994747979613,0.0,0.0,0.0,0.0,0.0,0.18331582659871,0.0,0.0,0.0,0.0,0.0,0.0,0.0,0.0,0.0,0.0,0.0,0.18331582659871,0.0,0.0,0.0,0.0,0.0,0.36663165319742,0.18331582659871,0.0,0.18331582659871,0.0,0.0,0.18331582659871,0.0,0.0,0.0,0.0,0.0,0.0,0.0,0.0,0.0,0.0,0.0,0.0,0.0,0.0,0.0,0.0,0.0,0.0,0.0,0.0,0.0,0.0,0.0,0.0,0.0,0.0,0.0,0.0,0.0,0.36663165319742,0.0,0.0,0.0,0.0,0.0,0.0,0.18331582659871,0.0,0.0,0.0,0.0,0.18331582659871,0.0,0.0,0.0,0.0,0.0,0.0,0.0,0.0,0.0,0.0,0.0,0.0,0.0,0.0,0.0,0.0,0.0,0.0,0.0,0.0,0.0,0.0,0.0,0.0,0.0,0.0,0.0,0.0,0.0,0.0,0.18331582659871,0.0,0.0,0.0,0.0,0.0,0.0,0.0,0.0,0.0,0.0,0.18331582659871,0.0,0.0,0.0,0.0,0.0,0.0,0.0,0.0,0.0,0.0,0.0,0.0,0.0,0.0,0.0,0.0,0.0,0.0,0.0,0.0,0.0,0.0,0.0,0.0,0.0,0.0,0.0,0.0,0.0,0.0,0.0,0.0,0.0,0.0,0.0,0.0,0.0,0.0,0.0,0.0,0.0,0.0,0.0,0.18331582659871,0.0,0.0,0.0,0.0,0.0,0.0,0.0,0.0,0.0,0.0,0.0,0.0,0.0,0.0,3.2996848787767803,0.0,0.0,0.0,0.0,0.0,0.0,0.0,0.0,0.0,0.0,0.0,0.0,0.0,0.0,0.0,0.0,0.0,0.0,1.6498424393883901,0.0,0.0,0.0,0.0,0.0,0.0,0.0,0.0,0.0,0.0,0.0,0.0,0.0,0.0,0.0,0.0,0.0,0.0,0.0,0.0,0.18331582659871,0.0,0.0,0.0,0.0,0.0,0.0,0.0,0.0,0.0,0.0
0.0,0.18331582659871,0.0,0.0,0.0,0.0,0.0,2.56642157238194,0.0,0.0,0.0,0.0,0.0,0.36663165319742,0.18331582659871,0.0,0.0,0.0,0.0,0.0,0.0,0.18331582659871,0.0,0.0,3.4830007053754923,0.0,0.0,0.0,0.0,0.0,0.0,0.0,0.0,0.0,0.0,0.0,0.0,0.0,0.0,0.0,0.0,0.0,0.0,0.0,0.0,0.0,0.0,0.0,0.0,0.0,0.0,0.0,0.0,0.18331582659871,0.0,0.0,0.0,0.0,0.0,0.0,0.54994747979613,0.0,0.0,0.0,0.0,1.8331582659871002,0.0,0.18331582659871,0.0,0.0,0.0,0.0,0.0,0.0,0.0,0.0,0.0,0.0,0.0,0.0,0.0,0.18331582659871,0.0,0.0,0.18331582659871,0.0,0.0,0.0,0.0,0.0,0.0,0.0,0.0,0.0,0.0,0.0,0.0,0.0,0.0,0.18331582659871,0.0,0.0,0.0,0.0,0.0,0.0,0.0,0.0,0.18331582659871,0.0,0.0,0.0,0.0,0.0,0.0,0.18331582659871,0.0,0.0,0.0,0.0,0.0,0.0,0.0,0.0,0.0,0.0,0.18331582659871,0.0,0.0,0.18331582659871,0.0,0.0,0.0,0.18331582659871,0.0,0.0,0.0,0.0,0.18331582659871,0.36663165319742,0.0,0.0,0.0,0.18331582659871,0.0,0.0,0.0,0.18331582659871,0.0,0.0,0.0,0.0,0.0,0.0,0.0,0.0,0.18331582659871,0.0,0.0,0.18331582659871,4.0329481851716205,0.0,0.0,0.0,0.0,0.36663165319742,0.0,0.0,0.0,0.0,0.0,0.0,0.0,0.0,0.0,0.18331582659871,0.0,0.36663165319742,0.0,0.0,0.0,0.0,0.0,0.0,0.0,0.0,0.0,0.0,0.0,0.0,0.0,0.0,0.0,0.0,0.0,0.0,0.0,0.0,0.0,0.0,0.0,0.0,0.0,0.0,0.0,0.0,0.0,0.0,0.0,0.0,0.0,0.0,0.0,0.0,0.0,0.0,0.0,0.0,0.0,0.0,0.0,0.0,0.18331582659871,0.0,0.0,0.18331582659871,0.0,0.0,0.0,0.0,0.0,0.0,0.0,0.0,0.0,0.0,0.0,0.0,0.0,0.0,0.0,0.0,0.0,0.0,0.0,0.0,0.0,0.0,0.0,0.0,0.0,0.0,0.0,0.0,0.0,0.0,0.0,0.0,0.0,0.0,0.0,0.0,0.0,0.0,0.18331582659871,0.18331582659871,0.0,0.0,0.0,0.0,0.0,0.0,0.0,0.0,0.0,0.0,0.0,0.0,0.0,0.0,0.0,0.0,0.0,0.0,0.0,0.0,0.0,0.0,0.0,0.0,0.0,0.18331582659871,0.0,0.0,0.0,3.1163690521780714,0.0,0.0,0.0,0.0,0.0,0.0,0.0,0.0,0.0,0.0,0.0,0.0,0.0,0.0,0.0,0.0,0.0,0.0,0.0,0.0,0.0,0.0,0.0,0.0,0.0,0.0,0.0,0.0,0.0,0.0,0.0,0.0,0.0,0.0,0.0,0.0,0.0,0.0,0.0,0.0,0.0,0.0,0.0,0.0,0.18331582659871,0.0,0.0,0.0,0.0
0.0,0.0,0.0,0.0,0.0,0.73326330639484,0.0,0.0,0.0,0.0,0.0,0.0,0.0,1.8331582659871002,0.0,0.0,0.0,0.0,0.0,0.0,0.0,0.0,0.0,0.0,0.18331582659871,0.0,0.0,0.0,0.0,0.0,0.0,0.0,0.0,0.0,0.0,0.0,0.0,0.0,0.0,0.0,0.0,0.18331582659871,0.0,0.0,0.36663165319742,0.0,0.0,0.0,0.0,0.0,0.0,0.0,0.18331582659871,0.18331582659871,0.0,0.0,0.0,0.0,0.0,0.0,0.0,0.18331582659871,0.0,0.0,0.0,0.0,0.0,0.0,0.0,0.0,0.0,0.36663165319742,0.0,0.0,0.36663165319742,0.0,0.0,7.149317237349701,0.0,0.0,2.0164740925858102,0.0,0.0,0.0,0.0,0.0,0.0,0.0,0.18331582659871,0.0,0.0,0.0,0.0,0.18331582659871,0.0,0.0,0.0,0.0,0.0,0.0,0.0,0.0,0.0,0.0,0.0,0.36663165319742,0.0,0.0,0.0,0.0,0.0,0.0,0.0,0.0,0.0,0.0,0.0,0.0,0.0,0.0,0.0,0.0,0.0,0.0,0.0,0.0,0.0,0.0,0.0,0.0,0.0,0.0,0.0,0.0,0.0,0.0,0.0,0.0,0.0,0.0,0.0,0.0,0.54994747979613,0.0,0.0,0.0,0.0,0.0,0.0,0.0,0.18331582659871,0.18331582659871,0.0,0.18331582659871,0.0,0.0,0.0,0.0,0.0,0.0,0.0,0.0,0.0,0.0,0.0,0.0,0.0,0.0,0.0,0.0,0.0,0.0,0.0,0.0,0.0,0.0,0.0,0.54994747979613,0.0,0.0,0.0,0.0,0.0,0.0,0.0,0.0,0.0,0.0,0.0,0.0,0.0,0.0,0.0,0.0,0.0,0.0,0.0,0.73326330639484,0.0,0.73326330639484,0.0,0.0,0.0,0.0,0.0,0.0,0.18331582659871,0.0,0.0,0.0,0.0,0.0,0.0,0.0,0.0,0.0,0.36663165319742,0.0,0.0,0.0,0.0,0.0,0.0,0.0,0.0,0.0,0.0,0.18331582659871,0.0,0.0,0.0,0.0,0.0,0.0,0.0,0.0,0.0,0.0,0.0,0.0,0.0,0.0,0.0,0.0,0.0,0.18331582659871,0.0,0.0,0.0,0.0,0.0,0.0,0.0,0.0,0.0,0.0,0.0,0.18331582659871,0.0,0.0,0.0,0.0,0.0,0.0,0.0,0.0,0.0,0.0,0.0,0.0,0.0,0.0,0.0,0.0,0.0,0.0,0.0,0.0,0.0,0.0,0.0,0.0,0.0,0.0,0.0,0.0,0.0,0.0,0.0,0.0,0.18331582659871,0.0,0.0,0.0,0.0,0.0,0.36663165319742,0.0,0.0,0.0,0.0,0.0,0.0,0.0,0.0,0.0,0.0,0.0,0.0,0.0,0.0,0.0,0.0,0.0,0.0,0.0,0.0,0.0,0.0,0.0,0.0,0.0,0.0,0.0,0.0,0.0,0.0,0.0,0.0,0.0,0.0,0.0,0.0,0.0,0.0,0.0,0.0,0.0,0.0,0.0,0.0,0.0,0.0,0.0,0.0
0.0,0.36663165319742,0.0,0.0,0.0,0.0,0.0,0.18331582659871,0.0,0.0,0.18331582659871,0.0,0.0,0.0,0.0,0.0,0.0,0.18331582659871,0.0,0.0,0.0,0.0,0.0,0.0,0.0,0.18331582659871,0.0,0.0,0.0,0.0,0.18331582659871,0.0,0.36663165319742,0.0,0.0,0.0,0.0,0.0,0.18331582659871,0.0,0.0,0.0,0.0,0.0,0.0,0.0,0.0,0.18331582659871,0.0,0.0,0.0,0.0,0.36663165319742,0.36663165319742,0.0,0.0,0.18331582659871,0.0,0.36663165319742,0.18331582659871,0.36663165319742,0.0,0.0,0.0,0.0,0.0,0.0,0.0,0.0,0.0,0.0,0.0,0.0,0.0,0.0,0.54994747979613,0.18331582659871,0.0,0.0,0.73326330639484,0.0,0.0,0.36663165319742,0.0,0.54994747979613,0.0,0.0,0.0,0.0,0.0,0.0,0.0,0.0,0.36663165319742,0.0,0.0,0.0,0.0,0.0,0.0,0.0,0.0,0.0,0.0,0.0,0.0,0.0,0.0,0.0,0.0,0.0,0.0,0.0,0.0,0.0,0.0,0.0,0.0,0.0,0.0,0.36663165319742,2.5664215723819424,0.0,0.18331582659871,0.0,0.0,0.18331582659871,0.0,0.0,0.0,0.0,0.0,0.18331582659871,0.0,0.0,0.0,0.18331582659871,0.0,0.0,0.0,0.0,0.0,0.0,0.0,0.18331582659871,0.0,0.0,0.0,0.0,0.0,0.0,0.0,0.0,0.18331582659871,0.0,0.0,0.0,0.0,0.18331582659871,0.0,0.0,0.0,0.0,0.0,0.0,0.0,0.0,0.0,0.0,0.0,0.0,0.0,0.0,0.0,0.0,0.0,0.0,0.18331582659871,0.18331582659871,0.0,0.0,0.0,0.0,0.0,0.0,0.0,0.0,0.0,0.0,0.0,0.0,0.0,0.0,0.0,0.0,0.0,0.0,0.0,0.0,0.0,0.73326330639484,0.0,0.0,0.0,0.0,0.0,0.0,0.0,0.0,0.0,0.0,0.0,0.0,0.18331582659871,0.0,0.0,0.0,0.0,0.0,0.0,0.0,0.0,0.0,0.0,0.0,0.54994747979613,0.0,0.0,0.54994747979613,0.0,0.0,0.54994747979613,0.0,0.0,0.0,0.0,0.0,0.0,0.0,0.0,0.0,0.0,0.0,0.54994747979613,0.0,0.18331582659871,0.0,0.0,0.0,0.36663165319742,0.0,0.0,0.0,0.0,0.0,0.0,0.0,0.0,0.0,0.18331582659871,0.0,0.0,0.0,0.0,0.0,0.73326330639484,0.0,0.0,0.0,0.0,0.0,0.0,0.0,0.18331582659871,0.0,0.0,0.0,0.0,0.0,0.0,0.0,0.0,0.0,0.18331582659871,0.18331582659871,0.0,0.36663165319742,0.18331582659871,0.0,0.0,0.0,0.0,0.18331582659871,0.0,0.0,0.0,0.18331582659871,1.46652661278968,0.0,0.0,0.0,0.0,0.0,0.0,0.0,0.0,0.0,0.0,0.0,0.0,0.0,0.0,0.0,0.0,0.0,0.0,0.0,0.54994747979613,0.0,0.0,0.0,0.0,0.0,0.0,0.0,0.0,0.36663165319742,0.0,0.0,0.18331582659871,0.0,0.0,0.0,0.0,0.0,0.0,0.0,0.0,0.36663165319742,0.0,0.0,0.0,0.0,0.0,0.0
0.0,0.0,0.0,0.0,0.0,0.0,0.0,0.0,0.0,0.0,0.0,0.0,0.0,0.0,0.18331582659871,0.0,0.0,0.0,0.18331582659871,0.0,0.0,0.9165791329935501,0.0,0.0,0.0,0.0,0.0,0.18331582659871,0.0,0.0,0.0,0.0,0.0,0.0,0.0,0.0,0.0,0.0,0.0,0.0,0.18331582659871,0.0,0.0,0.0,0.0,0.0,0.0,0.0,0.0,0.0,0.0,0.0,0.0,0.0,0.0,0.0,0.0,0.0,0.0,0.0,0.18331582659871,0.18331582659871,0.0,0.0,0.0,0.0,0.0,0.0,0.0,0.0,0.0,0.0,0.0,0.0,0.0,0.0,0.0,0.0,0.0,0.0,0.0,0.0,0.0,0.36663165319742,0.0,0.0,0.18331582659871,0.0,0.0,0.73326330639484,0.0,0.36663165319742,0.0,0.0,0.18331582659871,0.18331582659871,0.0,0.0,1.46652661278968,0.0,0.0,0.0,0.0,0.0,0.0,0.0,0.0,0.0,0.0,0.0,0.0,0.0,0.0,0.18331582659871,0.0,0.0,0.0,0.0,1.09989495959226,0.0,0.0,0.0,0.0,0.0,0.0,0.0,0.0,0.0,0.0,0.0,0.0,0.0,0.18331582659871,0.73326330639484,0.0,0.0,0.0,0.0,0.0,0.0,0.0,0.0,0.0,0.0,0.0,0.0,0.0,0.0,0.0,0.0,0.0,0.0,0.0,0.0,0.0,0.0,0.0,0.36663165319742,0.0,0.0,0.0,0.0,0.0,0.0,0.0,0.0,0.0,0.0,0.0,0.0,0.0,0.0,0.0,0.0,0.0,0.0,0.0,0.18331582659871,0.0,0.0,0.0,0.0,0.0,0.0,0.0,0.0,0.0,0.0,0.18331582659871,0.0,0.0,0.0,0.0,0.0,0.0,0.0,0.0,0.0,0.0,0.0,0.0,0.0,0.0,0.0,0.18331582659871,0.0,0.0,0.0,0.0,0.0,0.0,0.0,0.0,0.0,0.0,0.0,0.0,0.0,0.0,0.0,0.0,0.0,0.0,0.0,0.0,0.0,0.0,0.0,0.0,0.0,0.0,0.0,0.0,0.0,0.18331582659871,0.0,0.0,0.0,0.0,0.0,0.0,0.0,0.0,0.0,0.0,0.0,0.0,0.0,0.0,0.0,0.0,0.0,0.0,0.0,0.0,0.0,0.0,0.0,0.0,0.0,0.0,0.0,0.0,0.0,0.0,0.0,0.0,0.0,0.0,0.0,0.0,0.0,0.0,0.0,0.0,0.0,2.016474092585811,0.0,0.0,0.0,0.0,0.0,0.0,0.0,0.0,0.0,0.0,0.0,0.0,0.0,0.0,0.0,0.0,0.0,0.0,0.0,0.0,0.0,0.18331582659871,0.0,0.0,0.0,0.0,0.0,0.0,0.0,0.0,0.0,0.0,0.0,0.0,0.0,0.0,0.0,0.0,0.0,0.0,0.0,0.0,0.0,0.0,0.0,0.0,0.0,0.0,0.0,0.0,0.0,0.0,0.0,0.0,0.0,0.0,0.0,0.0,0.0,0.0,0.0,0.0,0.0,0.0,0.0,0.0,0.0,0.0
0.0,0.0,0.0,0.0,0.0,0.0,0.18331582659871,0.0,0.36663165319742,0.0,0.36663165319742,0.0,0.0,0.0,0.0,0.0,0.0,0.0,0.0,0.0,0.0,0.0,0.0,0.0,0.0,0.0,0.0,0.0,0.0,0.0,0.0,0.0,0.73326330639484,0.0,0.0,0.0,0.0,0.0,0.0,1.8331582659871002,0.0,0.0,0.0,0.0,0.0,0.0,0.0,0.0,0.0,0.0,0.0,0.0,0.18331582659871,0.0,0.0,0.0,0.0,0.0,0.0,0.0,0.18331582659871,0.0,0.0,0.0,0.0,0.18331582659871,0.0,0.0,0.0,0.0,0.0,0.0,0.0,0.0,0.0,0.0,0.18331582659871,0.0,0.0,0.91657913299355,0.0,0.0,0.0,0.0,0.0,0.0,0.0,0.0,0.0,0.0,0.0,0.0,0.0,0.0,0.0,0.0,0.0,0.0,0.0,0.0,0.0,0.0,0.0,0.0,0.0,0.0,0.0,2.0164740925858102,0.0,0.0,0.0,0.91657913299355,0.0,0.0,0.0,0.0,0.0,0.0,0.0,0.0,0.0,0.0,0.0,0.0,0.0,0.0,0.0,0.0,0.0,0.0,0.0,0.0,0.73326330639484,0.0,0.0,0.0,0.0,3.2996848787767803,0.0,0.0,0.0,0.0,0.0,0.0,0.0,0.0,0.0,0.0,0.0,0.0,0.0,0.0,0.0,0.0,0.0,0.0,0.0,0.0,0.18331582659871,0.0,0.0,0.0,0.0,1.09989495959226,0.0,0.0,0.0,0.0,0.0,0.36663165319742,0.0,0.0,0.0,0.0,0.0,0.0,0.0,0.0,0.0,0.0,0.0,0.0,0.0,0.0,0.0,0.0,0.0,0.0,0.0,0.0,0.0,0.0,0.0,0.0,0.36663165319742,0.0,0.0,0.0,0.0,0.0,0.18331582659871,0.0,0.0,0.18331582659871,0.0,0.0,0.0,0.0,0.0,0.0,0.0,0.0,0.0,0.0,0.0,0.0,0.0,0.0,0.36663165319742,4.03294818517162,0.0,0.0,0.0,0.0,0.0,0.0,0.0,0.0,0.0,0.0,0.0,0.0,0.0,0.0,0.0,0.0,0.0,0.0,0.0,0.0,0.0,0.0,0.0,1.28321078619097,0.0,0.0,0.0,0.0,0.0,0.0,0.18331582659871,0.0,0.0,0.0,0.0,0.0,0.0,0.0,0.0,0.0,0.0,0.0,0.0,0.0,0.0,0.0,0.0,0.0,0.0,0.0,0.0,0.0,0.0,0.0,0.0,0.0,0.0,0.0,0.0,0.0,0.0,0.0,0.0,0.18331582659871,0.0,0.0,0.0,0.54994747979613,0.0,0.18331582659871,0.0,0.0,0.0,0.0,0.0,0.0,0.0,0.0,0.0,5.132843144763882,0.0,0.0,0.0,0.0,0.0,0.0,0.0,0.0,0.0,0.0,0.0,0.0,0.0,0.0,0.0,0.0,0.0,0.0,0.0,0.0,0.0,0.0,0.0,0.0,0.0,0.0,0.0,0.0,0.0,0.0,0.0,0.36663165319742,0.0,0.0,0.0,0.0,0.0,0.0,0.0,0.0,0.0,0.0,0.18331582659871,0.0,0.0
0.0,0.0,0.0,0.0,0.0,0.18331582659871,0.0,0.0,0.0,0.0,0.0,0.0,0.0,0.0,0.0,0.0,0.0,0.0,0.0,0.0,0.18331582659871,0.0,0.0,0.0,0.0,0.73326330639484,0.0,0.0,0.0,0.0,0.0,0.0,0.18331582659871,0.0,0.18331582659871,0.0,0.0,0.0,0.0,0.0,0.0,0.0,0.0,0.0,0.0,0.0,0.0,0.0,0.36663165319742,0.0,0.0,0.0,1.0998949595922611,0.0,0.0,0.0,0.0,0.0,0.0,0.0,0.0,0.0,0.0,0.0,0.0,0.0,0.0,0.0,0.0,0.0,0.0,0.36663165319742,0.0,0.0,0.0,0.0,0.0,0.0,0.0,0.36663165319742,0.18331582659871,0.0,0.0,0.0,0.0,0.0,0.0,0.0,0.0,0.0,0.0,0.0,0.0,0.0,0.0,0.0,0.0,0.0,0.0,0.0,0.0,0.0,0.0,0.0,0.0,0.0,0.0,0.0,0.0,0.0,0.0,0.0,0.0,0.0,0.0,0.0,0.0,0.0,0.0,0.0,0.0,0.18331582659871,0.0,0.0,0.0,0.0,0.0,0.0,0.0,0.0,0.0,0.0,0.0,0.0,0.0,0.0,0.0,0.0,0.0,0.0,0.0,0.0,0.0,0.0,0.0,0.0,1.09989495959226,0.0,0.0,0.0,0.0,0.0,0.0,0.0,0.0,0.0,0.0,0.0,0.0,0.0,0.0,0.0,0.0,0.0,0.0,0.0,0.0,0.0,0.0,0.0,0.0,0.0,0.0,0.0,0.0,0.0,0.0,0.18331582659871,0.0,0.0,0.0,0.0,0.0,0.0,0.0,0.0,0.0,0.0,0.0,0.0,0.0,0.0,0.0,0.0,0.0,0.0,0.18331582659871,0.0,0.0,0.18331582659871,0.0,0.0,0.0,0.0,0.0,0.0,0.0,0.0,0.0,0.0,0.0,0.0,0.0,0.0,0.0,0.18331582659871,0.0,0.0,0.0,0.0,0.0,0.0,0.18331582659871,0.0,0.0,0.0,0.0,0.0,0.36663165319742,0.0,0.0,0.0,0.0,0.0,0.0,0.0,0.0,0.18331582659871,0.0,0.0,0.0,0.0,0.0,0.0,0.0,0.0,0.0,0.0,0.73326330639484,0.0,0.0,0.0,0.0,0.0,0.0,0.0,0.0,0.0,0.0,0.0,0.0,0.0,0.0,0.18331582659871,0.0,0.0,0.0,0.0,0.0,0.0,0.0,0.0,0.0,0.0,0.18331582659871,0.0,0.0,0.0,0.0,0.0,0.0,0.0,0.0,0.0,0.0,0.0,0.0,0.0,0.0,0.0,0.0,0.0,0.0,0.0,0.0,0.0,0.0,0.0,0.0,0.0,1.28321078619097,0.0,0.0,0.36663165319742,0.0,0.0,0.0,0.0,0.0,0.0,0.0,0.0,0.0,0.0,0.0,0.0,0.18331582659871,0.0,0.0,0.0,0.0,0.0,0.0,0.0,0.0,0.0,0.0,0.0,0.0,0.18331582659871,0.0,0.18331582659871,0.0,0.0,0.0,0.0,0.0,0.0,0.0,0.0,0.0,0.0,0.0,0.0,0.0
0.0,0.0,0.0,0.0,0.0,0.0,0.0,0.0,0.0,0.0,0.0,0.0,0.0,0.18331582659871,0.0,0.0,0.0,0.0,0.0,0.0,0.0,0.0,0.18331582659871,0.0,0.0,0.18331582659871,0.0,0.0,0.0,0.0,0.0,0.0,0.18331582659871,0.0,0.54994747979613,0.0,0.0,0.0,0.0,0.0,0.0,0.0,0.0,0.0,0.0,0.0,0.0,0.0,0.18331582659871,0.18331582659871,0.0,0.0,0.36663165319742,0.0,0.0,0.0,0.0,0.0,0.0,0.0,0.0,0.0,0.0,0.0,0.0,0.0,0.0,0.73326330639484,0.0,0.0,0.0,0.0,0.0,0.0,0.0,0.0,0.0,0.0,0.0,0.0,0.54994747979613,0.0,0.0,0.0,0.0,0.0,0.0,0.0,0.0,0.0,0.0,0.0,0.0,0.0,0.0,0.0,0.0,0.0,0.0,0.0,0.0,0.0,0.0,0.0,0.0,0.0,0.0,0.0,0.0,0.0,0.0,0.0,0.0,0.0,0.0,0.0,0.0,0.0,0.0,0.0,0.0,0.0,0.0,0.0,0.0,0.0,0.0,0.0,0.0,0.0,0.0,0.0,0.0,0.0,0.0,0.0,0.0,0.0,0.0,0.0,0.0,0.0,0.0,0.0,0.0,0.0,0.0,0.0,0.0,0.0,0.0,0.0,0.0,0.0,0.0,0.0,0.0,0.0,0.0,0.0,0.0,0.0,0.0,0.0,0.0,0.0,0.0,0.0,0.0,0.0,0.18331582659871,0.0,0.0,0.0,0.0,0.0,0.36663165319742,0.18331582659871,0.0,0.0,0.0,0.0,0.0,0.0,0.0,0.0,0.0,0.0,0.0,0.0,0.0,0.0,0.0,0.0,0.18331582659871,0.0,0.0,0.0,0.0,0.0,0.0,0.0,0.0,0.0,0.0,0.0,0.0,0.0,0.0,0.0,0.0,0.0,0.0,0.0,0.0,0.0,0.0,0.0,0.0,0.0,0.0,0.0,0.0,0.0,0.0,0.0,0.0,0.0,0.0,0.0,0.0,0.0,0.36663165319742,0.0,0.0,0.0,0.0,0.0,0.0,0.0,0.0,0.0,0.0,0.0,0.36663165319742,0.0,0.18331582659871,0.0,0.0,0.0,0.0,0.0,0.0,0.0,0.0,0.0,0.0,0.0,0.0,0.0,0.0,0.0,0.0,0.18331582659871,0.0,0.0,0.0,0.0,0.0,0.0,0.0,0.0,0.0,0.0,0.0,0.0,0.0,0.0,0.0,0.0,0.0,0.0,0.0,0.0,0.0,0.0,0.0,0.0,0.0,0.0,0.0,0.0,0.0,0.0,0.0,0.0,0.0,0.0,0.0,0.0,0.0,0.36663165319742,0.0,0.0,0.0,0.0,0.0,0.0,0.0,0.0,0.0,0.0,0.0,0.0,0.0,0.0,0.0,0.0,0.0,0.0,0.0,0.0,0.0,0.0,0.18331582659871,0.0,0.0,0.0,0.36663165319742,0.36663165319742,0.0,0.0,0.0,0.0,0.0,0.0,0.0,0.0,0.36663165319742,0.0,0.0,0.0,0.0,0.0,0.0
0.0,0.0,0.0,0.0,0.0,0.0,0.0,0.0,0.0,0.18331582659871,0.0,0.0,0.0,0.0,0.0,0.0,0.54994747979613,0.0,0.0,0.0,0.0,1.09989495959226,0.0,0.0,0.0,0.0,0.0,0.0,1.8331582659871002,0.0,0.0,0.0,0.0,0.0,0.0,0.0,0.0,0.0,0.0,0.0,0.0,0.0,0.0,0.0,0.54994747979613,0.0,0.18331582659871,0.36663165319742,0.0,0.0,0.0,0.0,0.18331582659871,0.0,0.0,0.0,0.0,0.0,0.0,0.0,0.0,3.2996848787767763,0.0,0.0,0.0,0.0,0.0,0.0,0.0,0.0,0.0,0.0,0.0,0.0,0.0,0.0,0.0,0.0,0.0,0.0,0.36663165319742,0.0,0.0,0.0,0.0,0.0,0.18331582659871,0.0,0.0,0.0,0.0,0.0,0.0,0.0,0.0,0.0,0.0,0.0,0.0,0.0,0.0,0.0,0.0,0.18331582659871,0.0,0.0,0.0,0.0,0.0,0.0,0.0,0.0,0.0,0.0,0.0,0.0,0.0,0.0,0.0,0.0,0.0,0.0,0.0,0.0,0.0,0.0,0.0,0.0,0.0,0.0,0.0,0.0,0.0,0.0,1.46652661278968,0.0,0.0,0.0,0.0,2.5664215723819352,0.0,0.0,0.0,0.0,0.0,0.0,0.0,0.0,0.0,0.0,0.0,0.0,0.18331582659871,0.0,0.0,0.0,0.0,0.0,0.0,0.0,0.0,0.0,0.0,0.0,0.0,0.0,0.0,0.0,0.0,0.0,0.0,0.0,0.0,0.0,0.0,0.0,0.0,0.18331582659871,0.0,0.0,0.0,0.0,0.0,0.0,0.0,0.0,0.0,0.0,0.0,0.0,0.0,0.0,0.0,0.0,0.0,0.0,0.0,0.0,0.18331582659871,0.0,0.0,0.0,0.0,0.0,0.0,0.0,0.0,0.0,0.0,0.0,0.0,0.73326330639484,0.0,0.0,0.0,0.0,0.0,0.0,0.0,0.0,0.0,0.0,0.0,0.0,0.0,0.0,0.0,0.0,0.0,0.0,0.0,0.0,0.0,0.0,0.18331582659871,0.0,0.0,0.0,0.0,0.0,0.0,0.0,0.0,0.18331582659871,0.0,0.0,0.0,0.0,0.0,0.0,0.0,0.0,0.0,0.0,0.0,0.0,0.36663165319742,0.0,0.0,0.0,0.0,0.73326330639484,0.0,0.0,0.0,0.0,0.0,0.0,0.0,0.0,0.0,0.0,0.0,0.0,0.0,0.0,0.0,0.0,0.0,0.0,0.0,0.0,0.0,0.0,0.0,0.0,0.0,0.0,0.0,0.0,0.0,0.73326330639484,0.0,0.0,0.0,0.0,0.0,0.0,0.0,0.0,0.0,0.0,0.73326330639484,0.0,0.0,0.0,0.0,0.0,0.0,0.0,0.0,0.0,0.0,0.0,0.0,0.0,0.0,0.0,0.0,0.0,0.0,0.0,0.0,0.0,0.0,0.0,0.0,0.18331582659871,0.0,0.0,0.0,0.0,0.0,0.0,0.0,0.0,0.0,0.0,0.0,0.0,0.0,0.0,0.0,0.0,0.0
0.0,0.0,0.0,0.0,0.0,0.0,0.0,0.18331582659871,2.933053225579361,0.54994747979613,0.0,0.0,0.0,0.18331582659871,0.0,0.0,0.0,0.0,0.0,0.0,0.9165791329935501,0.0,0.18331582659871,0.0,0.0,0.73326330639484,0.0,0.0,0.0,0.0,0.0,0.0,19.79810927266069,0.0,0.0,0.0,0.0,0.0,0.0,0.0,0.0,0.0,0.0,0.0,0.0,0.0,0.0,0.0,0.0,0.18331582659871,0.0,0.0,1.8331582659871002,0.0,0.0,0.0,0.0,0.36663165319742,0.0,0.0,0.0,0.0,0.0,0.0,0.0,0.54994747979613,0.0,0.0,0.0,0.0,0.0,0.18331582659871,0.0,0.0,0.0,0.0,0.18331582659871,0.0,0.0,0.0,0.9165791329935512,0.0,0.0,0.0,0.0,0.0,0.0,0.0,0.0,0.0,0.0,0.0,0.0,0.0,0.0,0.0,0.0,0.0,0.0,0.0,0.0,0.0,0.0,0.0,0.0,0.0,0.0,0.0,0.0,0.0,0.18331582659871,0.0,0.0,0.0,0.0,0.0,0.18331582659871,0.0,0.0,0.0,0.0,0.0,0.0,0.0,0.0,0.0,0.0,0.0,0.0,0.0,0.0,0.0,0.0,0.18331582659871,0.0,0.0,0.0,0.0,0.0,0.0,0.0,0.0,0.0,0.0,0.0,0.0,0.0,0.0,0.0,0.0,0.0,0.0,0.0,0.0,0.36663165319742,0.0,0.18331582659871,0.0,0.0,0.0,0.0,0.0,0.0,0.18331582659871,0.0,0.0,0.0,0.0,0.0,0.54994747979613,0.0,0.0,0.0,0.0,0.0,0.0,0.54994747979613,0.73326330639484,0.0,0.36663165319742,0.0,0.0,0.18331582659871,0.18331582659871,0.0,0.0,0.0,0.9165791329935501,0.0,0.18331582659871,0.0,0.0,0.0,0.0,0.0,0.0,0.0,0.0,0.0,0.73326330639484,0.0,0.0,0.0,0.0,0.0,0.0,0.0,0.0,0.0,0.0,0.0,0.0,0.0,0.18331582659871,0.0,0.18331582659871,0.0,0.0,0.18331582659871,0.0,0.0,1.46652661278968,0.54994747979613,0.18331582659871,0.18331582659871,0.0,0.0,0.0,0.0,0.0,0.18331582659871,0.0,0.0,0.0,0.0,0.0,0.0,0.18331582659871,2.016474092585811,0.0,0.0,0.0,0.0,0.0,1.466526612789685,0.0,0.36663165319742,0.0,0.0,0.0,1.28321078619097,0.0,4.216264011770332,0.0,0.36663165319742,0.0,0.0,0.0,0.0,0.0,0.0,0.18331582659871,0.0,0.54994747979613,0.0,0.18331582659871,0.0,0.0,0.0,0.0,0.0,0.0,0.0,0.18331582659871,0.0,3.116369052178071,0.0,0.0,0.18331582659871,0.0,0.0,0.18331582659871,0.0,0.0,0.0,0.0,0.0,0.0,0.0,0.0,0.0,0.0,0.0,0.0,0.0,0.0,0.0,0.0,0.0,0.0,0.18331582659871,0.0,0.0,4.766211491566457,0.0,0.18331582659871,0.0,0.0,0.0,0.0,0.0,0.0,0.0,0.0,0.0,0.0,0.0,0.0,0.0,0.0,0.0,0.0,0.0,0.0,0.0,0.0,0.0,0.0,0.0,0.36663165319742,0.0,0.18331582659871,0.0,0.0,0.0,0.0,0.0,0.0,0.0,0.54994747979613,0.0,0.0,0.0,0.0,0.0
0.0,2.566421572381941,0.18331582659871,0.0,0.0,0.0,0.18331582659871,0.0,0.0,2.016474092585815,0.18331582659871,0.0,0.0,0.0,0.0,0.0,0.18331582659871,0.0,0.18331582659871,0.0,0.0,0.18331582659871,0.0,0.0,0.0,0.0,0.0,0.0,0.0,0.18331582659871,0.0,0.18331582659871,0.0,0.0,0.0,0.0,0.0,0.0,0.0,0.0,0.0,0.0,0.0,0.0,0.0,0.0,0.0,0.18331582659871,0.0,0.0,0.0,0.0,0.18331582659871,0.18331582659871,0.0,0.0,0.0,0.0,0.0,0.0,0.0,2.7497373989806504,0.0,0.0,0.0,1.28321078619097,0.0,0.0,0.0,0.0,0.18331582659871,0.0,0.0,0.0,0.0,0.0,0.0,0.0,0.0,0.0,0.0,0.0,0.0,0.0,0.0,0.0,0.18331582659871,0.0,0.0,0.0,0.0,0.0,0.0,0.0,0.0,0.0,0.0,0.0,0.0,0.18331582659871,0.0,0.0,0.0,0.0,1.8331582659871002,0.0,0.0,0.0,0.0,0.0,0.0,0.0,0.0,0.0,0.0,0.0,0.0,0.0,0.0,0.0,0.0,0.0,0.0,0.0,0.0,0.0,0.0,0.0,0.0,0.0,0.0,0.0,0.0,0.0,0.0,0.0,0.0,0.0,0.18331582659871,1.09989495959226,0.0,0.0,0.0,0.0,0.0,0.0,0.0,0.0,0.0,0.0,0.0,0.0,3.1163690521780705,0.0,0.0,0.0,0.0,0.0,0.0,0.0,0.18331582659871,0.0,0.0,0.0,0.0,0.0,0.0,0.0,0.0,0.0,0.0,0.18331582659871,0.0,0.0,0.0,0.0,0.0,0.91657913299355,0.0,0.0,0.0,0.0,0.0,0.0,0.0,0.0,0.0,0.0,0.0,0.0,0.0,0.0,0.0,0.0,0.0,0.0,0.0,0.0,0.18331582659871,0.0,0.0,0.0,0.0,0.0,0.18331582659871,0.0,0.0,0.0,0.0,0.0,0.0,0.0,0.0,0.0,0.0,0.0,0.0,0.0,0.0,0.0,0.0,0.0,0.0,0.0,0.0,0.0,0.0,0.0,0.0,0.0,0.0,0.0,0.0,0.0,0.18331582659871,0.0,0.0,0.0,0.0,0.0,0.0,0.0,0.0,0.0,0.0,0.0,0.0,0.0,0.0,0.0,0.0,0.0,0.0,0.0,0.0,0.0,0.73326330639484,0.0,0.54994747979613,0.0,0.0,0.18331582659871,0.0,0.0,0.18331582659871,0.0,0.0,0.0,0.0,0.0,0.0,0.0,0.0,0.0,0.0,0.0,0.0,0.0,0.0,0.0,0.0,0.0,0.0,0.0,0.0,0.0,0.0,0.0,0.0,0.0,0.0,0.0,0.0,0.0,0.0,0.0,0.0,0.0,0.0,0.0,0.0,0.0,0.18331582659871,0.0,1.46652661278968,0.0,0.0,0.0,0.0,0.0,0.0,0.0,0.54994747979613,0.0,0.0,0.0,0.0,0.0,0.0,0.0,0.0,0.0,0.18331582659871,0.0,0.73326330639484,0.0,0.0,0.0,0.0,0.0,0.0,0.0,0.0,0.0,0.18331582659871,0.0,0.0,0.0,0.18331582659871,0.0,0.0,0.0,0.0,0.0,0.0
0.0,0.18331582659871,0.0,0.0,0.0,0.0,0.0,0.18331582659871,0.0,0.0,0.36663165319742,0.0,0.0,0.0,0.0,0.0,0.0,0.0,0.0,0.0,0.0,0.18331582659871,0.0,0.0,0.0,0.0,0.0,0.0,0.0,0.0,0.0,0.0,0.0,0.0,0.0,0.0,0.0,0.0,0.0,0.0,0.0,0.0,0.0,0.0,0.0,0.0,0.0,0.0,0.0,0.73326330639484,0.0,0.0,0.18331582659871,0.0,0.0,0.18331582659871,0.0,0.0,0.0,0.0,0.18331582659871,0.0,0.0,0.0,0.0,0.18331582659871,0.0,0.0,0.0,0.0,0.0,0.36663165319742,0.0,0.0,0.0,0.0,0.0,0.0,0.54994747979613,0.0,0.0,0.0,0.0,0.0,0.0,0.0,0.9165791329935501,0.0,0.0,0.18331582659871,0.0,0.0,0.0,0.0,0.0,0.36663165319742,0.0,0.0,0.0,0.0,0.0,0.0,0.0,0.18331582659871,0.0,0.0,0.0,0.0,0.0,0.0,0.0,0.0,0.0,0.0,0.0,0.0,0.0,0.0,0.0,0.0,0.0,0.18331582659871,0.0,0.0,0.0,0.0,0.0,0.0,0.0,0.0,0.0,0.0,0.0,0.18331582659871,0.0,0.0,0.0,0.0,0.0,0.54994747979613,0.0,0.0,0.0,0.0,0.0,0.0,0.0,0.0,0.0,0.54994747979613,0.0,0.54994747979613,0.0,0.0,0.0,0.0,0.0,0.0,0.0,0.0,0.0,0.0,1.09989495959226,0.0,0.18331582659871,0.0,0.0,0.0,0.0,0.0,0.0,0.0,0.0,0.0,0.0,0.0,0.0,0.36663165319742,0.0,0.0,0.0,0.0,0.0,0.0,0.0,0.0,0.0,0.0,0.0,0.0,0.0,0.0,0.0,0.0,0.0,0.0,0.0,0.0,0.0,0.0,0.0,0.0,0.0,0.0,0.0,0.0,0.0,1.09989495959226,0.0,0.0,0.0,0.0,0.0,0.0,0.0,0.0,0.0,0.0,0.0,0.0,0.0,0.0,0.0,0.0,0.0,0.0,0.0,0.0,0.0,0.0,0.0,0.0,0.0,0.0,0.0,0.0,0.0,0.0,0.0,0.0,0.0,0.0,0.0,0.0,0.0,0.0,0.0,0.0,0.0,0.0,0.0,0.0,0.0,0.0,0.0,0.0,0.0,0.0,0.0,0.0,0.0,0.0,0.0,0.0,0.0,0.0,0.0,0.0,0.0,0.0,0.0,0.0,0.0,0.0,0.0,0.0,0.0,0.0,0.0,0.0,0.0,0.0,0.0,0.0,0.0,0.0,0.0,0.0,0.0,0.0,0.0,0.0,0.0,0.0,0.0,0.0,0.0,0.0,0.0,0.0,0.0,0.0,0.0,0.0,0.0,0.54994747979613,0.0,0.0,0.0,0.0,0.0,0.36663165319742,0.73326330639484,0.0,0.0,0.0,0.0,0.0,0.0,0.0,0.0,0.0,0.0,0.0,0.0,0.0,0.0,0.0,0.0,0.0,0.0,0.0,0.18331582659871,0.0,0.0,0.0,0.0,0.0,0.0,0.0,0.0,0.0,0.0,0.0,0.0
0.0,0.0,0.0,0.0,0.0,0.18331582659871,0.0,0.0,0.0,0.0,0.0,0.0,0.0,6.782685584152267,0.0,0.0,0.0,0.0,0.0,0.0,0.0,0.73326330639484,0.18331582659871,0.0,0.0,0.0,0.18331582659871,0.0,0.0,0.0,0.0,0.0,0.0,0.0,0.0,0.0,0.0,0.0,0.0,0.0,0.0,0.0,0.0,0.0,0.0,0.0,0.36663165319742,0.0,0.0,0.0,0.0,0.0,0.0,0.0,0.0,0.0,0.18331582659871,0.0,0.0,0.0,0.18331582659871,0.0,0.18331582659871,0.0,1.09989495959226,0.18331582659871,0.0,0.0,0.0,0.0,0.0,0.0,0.0,0.0,0.0,0.0,0.0,0.0,0.18331582659871,0.0,0.0,0.18331582659871,0.0,0.0,0.0,0.0,0.18331582659871,0.0,0.0,0.0,0.0,0.0,0.0,0.0,0.0,0.0,0.0,0.0,0.0,0.18331582659871,0.0,0.0,0.0,0.0,0.0,0.18331582659871,0.18331582659871,0.0,0.0,0.54994747979613,0.0,0.0,0.0,0.0,0.0,0.0,0.0,0.0,0.0,0.18331582659871,0.0,0.0,0.0,0.0,0.0,0.36663165319742,0.0,0.0,0.0,0.0,0.0,0.0,0.0,0.36663165319742,0.0,0.0,0.0,0.0,0.18331582659871,0.36663165319742,0.0,0.0,0.36663165319742,0.18331582659871,0.0,0.0,0.0,0.0,0.0,0.0,0.0,0.0,0.0,1.8331582659871002,0.0,0.0,0.0,0.0,0.0,0.18331582659871,0.0,0.18331582659871,0.0,0.0,0.0,0.36663165319742,0.0,0.0,0.0,0.0,0.0,0.0,0.18331582659871,0.0,0.0,0.18331582659871,0.0,0.73326330639484,0.0,0.0,0.0,0.0,0.0,0.0,0.0,0.0,0.0,0.0,0.0,0.0,0.0,0.0,0.0,0.0,0.0,0.18331582659871,0.0,0.0,0.0,0.0,0.0,0.18331582659871,0.0,0.0,0.0,0.0,0.0,0.18331582659871,0.0,0.0,0.0,0.0,0.0,0.0,0.0,0.0,0.0,0.0,0.0,0.0,0.0,0.0,0.0,0.0,0.0,0.0,0.0,0.0,0.0,0.0,0.0,0.0,0.0,0.0,0.0,0.0,0.0,0.0,0.0,0.0,0.54994747979613,0.18331582659871,0.0,0.0,0.0,0.0,0.0,0.0,0.0,0.0,0.0,0.0,0.0,0.0,0.0,0.0,0.0,0.0,0.0,0.0,0.0,0.0,0.0,0.0,0.0,0.0,0.0,0.0,0.0,0.0,0.0,0.0,0.0,0.0,0.0,0.0,0.0,0.0,0.0,0.0,0.0,0.0,0.0,0.0,0.0,0.0,0.0,0.0,0.0,0.0,0.0,0.0,0.0,0.0,0.0,0.0,0.0,0.0,0.0,0.0,0.0,0.0,0.0,0.0,0.0,0.0,1.8331582659871002,0.0,0.0,0.0,0.0,0.36663165319742,0.0,0.0,0.0,0.0,0.0,0.0,0.0,0.0,0.0,0.0,0.0,0.0,0.0,0.0,0.0,0.0,0.0,0.0,0.0,0.0,0.9165791329935501,0.0,0.73326330639484,0.0,0.0,0.0,0.0,0.0,0.0,0.0,0.0,0.0,0.0
0.0,0.0,0.0,0.0,0.0,0.0,0.0,0.0,0.0,0.0,0.0,0.0,0.0,0.54994747979613,0.0,0.0,0.18331582659871,0.0,0.0,0.0,0.0,1.28321078619097,0.0,0.18331582659871,0.0,0.0,0.0,0.0,0.0,0.0,0.0,0.0,0.0,0.0,0.0,0.0,0.0,0.0,0.0,0.0,0.0,0.0,0.0,0.0,0.0,0.0,0.0,0.0,0.0,0.0,0.0,0.0,0.0,0.18331582659871,0.0,0.0,0.0,0.0,0.0,0.0,0.18331582659871,0.0,0.0,0.0,0.0,0.0,0.0,0.0,0.0,0.0,1.6498424393883901,0.0,0.0,0.0,0.0,0.0,0.0,0.0,0.0,0.0,0.0,0.0,0.0,0.0,0.0,0.0,0.0,0.0,0.0,0.0,0.0,0.0,0.0,0.0,0.18331582659871,0.0,0.0,0.0,0.0,0.0,0.0,0.0,0.0,0.0,0.0,0.0,0.0,0.0,0.0,0.0,0.0,0.0,0.0,0.0,0.0,0.0,0.0,0.0,0.0,0.0,0.0,0.0,0.0,0.0,0.0,0.0,0.0,0.0,0.0,0.0,0.0,0.0,0.0,0.0,0.0,0.18331582659871,0.0,0.0,0.18331582659871,0.73326330639484,0.0,0.0,0.0,0.18331582659871,0.0,0.0,0.0,0.0,0.0,0.0,0.0,0.0,0.0,0.0,0.0,0.0,0.0,0.0,0.0,0.0,0.18331582659871,0.0,0.0,0.0,0.0,0.0,0.0,0.0,0.0,0.0,0.0,0.0,0.0,0.0,0.0,0.0,0.0,0.36663165319742,0.0,0.0,0.18331582659871,0.0,0.0,0.0,0.0,0.0,0.0,0.0,0.0,0.0,0.0,0.0,0.0,0.0,0.0,0.0,0.0,0.0,0.0,0.0,0.0,0.0,0.0,0.18331582659871,0.0,0.0,0.0,0.18331582659871,0.0,0.0,0.0,0.0,0.0,0.0,0.0,0.0,0.0,0.0,0.0,0.0,0.0,0.0,0.0,0.0,0.36663165319742,0.0,0.0,0.0,0.0,0.0,0.0,0.0,0.0,0.0,0.18331582659871,0.0,0.0,0.0,0.0,0.0,0.0,0.0,0.0,0.0,0.0,0.0,0.0,0.18331582659871,0.0,0.0,0.0,0.0,0.0,0.0,0.0,0.0,0.18331582659871,0.0,0.0,0.0,0.0,0.0,0.0,0.0,0.0,0.0,0.0,0.0,0.0,0.0,1.28321078619097,0.0,0.0,0.0,0.0,0.0,0.0,0.0,0.0,0.0,0.0,0.0,0.0,0.0,0.0,0.0,0.0,0.0,0.0,0.0,0.0,0.0,0.0,0.0,0.0,0.0,0.0,0.0,0.0,0.0,0.0,0.0,0.0,0.0,0.0,0.0,0.0,2.93305322557936,0.0,0.0,0.0,0.0,0.0,0.0,0.0,0.0,0.0,0.0,0.0,0.0,0.0,0.0,0.36663165319742,0.0,0.0,0.0,0.0,0.0,0.0,0.0,0.0,0.0,0.0,0.0,0.0,0.0,0.0,0.0,0.0,0.0,0.0,0.0,0.0,0.0,0.0
0.0,0.0,0.0,0.0,0.0,0.0,0.0,0.0,0.0,0.0,0.0,0.0,0.0,0.0,0.0,0.0,0.0,0.0,0.0,0.0,0.0,0.0,0.0,0.0,0.0,0.0,0.0,0.0,0.0,0.0,0.0,0.18331582659871,0.0,0.0,0.0,0.0,0.0,0.0,0.0,0.0,0.0,0.0,0.0,0.0,0.0,0.0,0.0,0.0,0.0,0.0,0.0,0.0,0.0,0.0,0.0,0.18331582659871,0.0,0.36663165319742,0.0,0.0,0.0,0.0,0.0,0.0,0.0,0.0,0.0,0.0,0.36663165319742,0.0,0.0,0.0,0.0,0.0,0.0,0.0,0.18331582659871,0.0,0.0,0.18331582659871,0.18331582659871,0.0,0.0,0.0,0.0,0.0,0.0,0.0,0.0,0.0,0.0,0.0,0.0,0.0,0.0,0.0,0.0,0.0,0.0,0.0,0.0,0.0,0.0,0.0,0.0,0.0,0.0,0.0,0.0,0.0,0.0,0.0,0.0,0.0,0.0,0.0,0.0,0.0,0.0,0.0,0.0,0.0,0.0,0.0,0.0,0.0,0.0,0.0,0.0,0.0,0.18331582659871,0.0,0.54994747979613,0.0,0.0,0.0,0.0,0.0,0.0,0.0,0.0,0.0,0.0,0.0,0.0,0.0,0.0,0.0,0.0,0.0,0.0,0.0,0.0,0.0,0.36663165319742,0.0,0.0,0.0,0.0,0.0,0.0,0.0,0.0,0.18331582659871,0.0,0.0,0.0,0.0,0.0,0.0,0.0,0.0,0.0,0.0,0.0,0.0,0.0,0.18331582659871,0.0,0.0,0.0,0.0,0.0,0.0,0.0,0.0,0.0,0.0,0.0,0.0,0.0,0.0,0.0,0.0,0.0,0.0,0.0,0.0,0.0,0.0,0.0,0.0,0.0,0.18331582659871,0.0,0.0,0.0,0.0,0.0,0.0,0.0,0.0,0.0,0.0,0.0,0.0,0.0,0.0,0.0,0.0,0.0,0.0,0.0,0.0,0.0,0.0,0.0,0.0,0.0,0.0,0.0,0.0,0.0,0.0,0.0,0.0,0.73326330639484,0.0,0.0,0.18331582659871,0.0,0.0,0.0,0.0,0.0,0.0,0.0,0.0,0.0,0.0,0.0,0.0,0.0,0.0,0.0,0.0,0.0,0.0,0.0,0.0,0.0,0.0,0.0,0.0,0.0,0.0,0.0,0.0,0.0,0.0,0.0,0.0,0.0,0.18331582659871,0.0,0.0,0.0,0.0,0.0,0.0,0.0,0.0,0.0,0.0,0.0,0.0,0.0,0.0,0.0,0.18331582659871,0.0,0.0,0.0,0.0,0.0,0.0,0.0,0.18331582659871,0.0,0.0,0.0,0.0,0.0,0.0,0.0,0.0,0.0,0.0,0.36663165319742,0.0,0.0,0.0,0.0,0.0,0.0,0.0,0.0,0.73326330639484,0.0,0.0,0.0,0.0,0.0,0.0,0.0,0.0,0.0,0.0,0.0,0.0,0.0,0.0,0.0,0.0,0.0,0.0,0.0,0.0,0.0,0.0,0.0,0.0,0.0,0.0,0.0
1.2832107861909712,0.0,0.0,0.0,0.0,0.0,0.0,0.0,0.0,0.9165791329935501,0.18331582659871,0.36663165319742,0.0,0.0,1.28321078619097,0.0,0.0,0.18331582659871,0.0,0.0,0.0,0.0,0.0,0.18331582659871,0.0,0.0,0.0,0.18331582659871,0.0,0.0,0.0,0.0,0.0,0.0,0.0,0.0,0.0,0.0,0.0,0.0,0.0,0.0,0.18331582659871,0.0,0.0,0.0,0.0,0.0,0.0,0.0,0.0,0.0,1.09989495959226,0.18331582659871,0.0,0.0,0.0,0.0,0.0,0.0,0.0,0.0,0.0,0.0,0.0,0.0,0.0,0.0,0.0,0.0,0.0,0.0,0.0,0.0,0.0,0.0,0.0,0.0,0.0,0.0,0.0,0.0,0.0,0.0,0.0,0.0,0.0,0.0,0.0,0.0,0.0,0.0,0.0,0.0,0.0,0.18331582659871,0.0,0.0,0.0,0.0,0.0,0.0,0.0,0.0,0.0,0.0,1.466526612789675,0.0,0.0,0.18331582659871,0.0,0.0,0.0,0.0,0.0,0.0,0.0,0.0,0.0,0.0,0.0,0.36663165319742,0.0,0.0,0.0,0.0,0.0,0.0,0.0,0.0,0.0,0.0,0.0,0.18331582659871,0.0,0.0,0.0,0.0,0.0,0.0,0.0,2.56642157238194,0.0,0.0,0.0,0.0,0.0,0.0,0.0,0.0,0.0,0.0,0.0,0.0,0.0,0.0,0.0,0.0,0.0,0.0,0.0,0.0,0.0,0.0,0.0,0.0,0.0,0.18331582659871,2.3831057457832348,0.0,0.0,0.0,0.0,0.0,1.09989495959226,0.0,0.0,0.0,0.0,0.0,0.0,0.0,0.0,0.0,0.36663165319742,0.0,0.0,0.0,0.0,0.0,0.0,0.0,0.0,0.0,0.0,0.0,0.0,0.0,0.0,0.0,0.0,0.0,0.36663165319742,0.0,0.18331582659871,0.18331582659871,0.0,0.0,0.0,0.0,0.0,0.0,0.0,0.0,0.0,0.0,0.0,0.0,0.0,0.0,0.0,0.0,0.0,0.0,0.0,0.0,0.18331582659871,0.0,0.0,0.0,0.0,0.0,0.0,0.0,0.0,0.0,0.0,0.0,0.0,0.0,0.0,0.0,0.18331582659871,0.0,0.0,0.0,0.0,0.18331582659871,0.0,0.0,0.0,0.0,0.0,0.0,0.0,0.0,0.0,0.0,0.0,0.0,0.0,0.0,0.0,0.0,0.0,0.0,0.0,0.0,0.0,0.0,0.0,0.0,0.18331582659871,0.0,0.0,0.0,0.0,0.18331582659871,0.0,0.0,0.0,0.0,0.0,0.0,0.0,0.0,0.0,0.0,0.0,0.0,0.0,0.0,0.0,0.0,0.0,0.0,0.0,0.0,0.0,0.0,0.0,0.0,0.0,0.0,0.0,0.0,0.0,0.0,0.0,1.28321078619097,0.0,0.0,0.0,0.0,0.0,0.0,0.0,0.0,0.0,0.0,0.0,0.0,0.0,0.0,0.0,0.0,0.0,0.0,0.0,0.0,0.18331582659871,0.0,0.0,0.0,0.0,0.0,0.0,0.0,0.0,0.0,0.18331582659871,0.0,0.0,0.0,0.0
0.0,0.18331582659871,0.0,0.0,0.0,0.0,0.0,0.18331582659871,0.54994747979613,0.36663165319742,0.54994747979613,0.0,0.18331582659871,0.0,0.36663165319742,0.0,0.0,0.18331582659871,0.0,0.0,0.0,0.18331582659871,0.18331582659871,0.0,0.0,0.0,0.0,0.36663165319742,0.0,0.0,0.0,0.0,0.0,0.18331582659871,0.0,0.0,0.0,0.0,0.0,0.0,0.0,0.0,0.0,0.0,8.249212196941961,0.0,0.0,5.316158971362579,0.0,0.54994747979613,0.0,0.0,0.0,0.18331582659871,0.0,0.0,0.0,0.0,0.0,0.0,0.0,0.36663165319742,0.0,0.0,0.0,0.0,0.0,2.74973739898065,0.0,0.18331582659871,0.0,0.54994747979613,0.36663165319742,0.0,0.0,0.0,0.0,0.0,0.18331582659871,0.0,0.0,0.0,0.0,0.0,0.0,0.0,0.18331582659871,0.0,0.18331582659871,0.0,0.0,0.0,0.0,0.18331582659871,0.0,0.18331582659871,0.0,0.0,0.0,0.0,0.0,0.0,0.0,0.0,0.0,0.0,0.0,0.0,0.0,0.0,0.0,0.0,0.0,0.18331582659871,0.0,0.0,0.0,0.36663165319742,0.0,0.18331582659871,0.0,0.0,0.0,0.0,0.0,0.0,0.0,0.0,0.0,0.0,0.0,0.0,0.0,0.9165791329935501,0.0,0.0,0.0,0.18331582659871,0.0,0.36663165319742,0.0,0.0,0.0,0.18331582659871,0.0,0.18331582659871,0.0,0.0,0.0,10.632317942725187,0.0,0.18331582659871,0.0,0.0,0.0,0.0,0.0,0.0,0.0,0.0,0.36663165319742,0.0,0.18331582659871,0.0,0.73326330639484,0.18331582659871,0.0,0.0,0.0,0.0,0.0,0.0,0.36663165319742,0.0,0.0,0.0,0.0,1.46652661278968,0.0,0.0,0.0,0.0,0.0,0.0,0.0,0.9165791329935501,0.0,0.0,0.0,0.0,0.0,0.0,0.0,0.0,0.0,0.0,0.18331582659871,0.0,0.0,0.0,0.0,0.0,0.0,0.0,0.0,0.0,0.0,0.18331582659871,0.0,0.0,0.0,0.0,0.0,0.0,0.0,0.0,0.0,0.0,0.0,0.0,0.0,0.0,0.18331582659871,0.0,0.0,0.0,0.0,0.0,0.0,0.0,0.0,0.0,0.0,0.0,0.0,0.0,0.0,0.0,0.36663165319742,0.0,0.36663165319742,0.0,0.0,0.36663165319742,0.0,0.0,0.0,0.0,0.0,0.0,0.0,0.18331582659871,0.0,0.0,0.0,0.0,0.0,0.0,0.0,0.0,0.0,0.0,0.0,0.0,0.0,0.0,0.18331582659871,0.0,0.0,0.0,0.36663165319742,0.18331582659871,0.0,0.0,0.36663165319742,0.0,0.0,0.0,0.0,0.0,0.0,0.0,0.0,0.0,0.0,0.0,0.0,0.0,0.0,0.0,0.0,0.73326330639484,0.0,0.0,0.0,0.0,0.0,0.0,0.0,0.0,0.0,0.0,0.0,0.0,0.0,0.0,0.0,0.0,0.0,0.0,2.199789919184525,0.18331582659871,0.0,0.0,0.0,0.0,0.0,0.0,0.0,0.0,0.36663165319742,0.0,0.0,0.0,0.0,0.0,0.0,0.0,0.0,0.0,0.0,0.0,0.36663165319742,0.0,0.0,0.0,0.0,0.0,0.0,0.0,0.0,0.0,0.0,0.0,0.0
0.0,0.0,0.0,0.0,0.0,0.0,0.0,0.0,0.0,0.0,0.0,0.0,0.0,0.0,0.0,0.0,0.18331582659871,0.0,0.0,0.0,0.0,0.18331582659871,0.0,0.18331582659871,0.0,0.0,0.0,0.0,0.0,0.18331582659871,0.0,0.0,0.0,0.0,0.0,0.0,0.0,0.18331582659871,0.0,0.0,0.0,0.0,0.0,0.0,0.0,0.0,0.0,0.0,0.0,0.36663165319742,0.0,0.0,0.0,0.0,0.0,0.0,0.0,0.0,0.0,0.0,0.0,0.0,0.36663165319742,0.0,0.18331582659871,0.36663165319742,0.0,0.18331582659871,0.0,0.0,0.0,0.18331582659871,0.0,0.0,0.0,0.0,0.0,0.0,0.0,0.0,0.0,0.36663165319742,0.0,0.0,0.0,0.0,0.0,0.0,0.0,0.0,0.0,0.0,0.0,0.0,0.0,0.9165791329935501,0.0,0.0,0.0,0.0,0.0,0.0,0.0,0.18331582659871,0.18331582659871,0.0,0.0,0.0,0.36663165319742,0.0,0.0,0.0,0.0,0.0,0.0,0.0,0.0,0.0,0.0,0.0,0.0,0.0,0.0,0.0,0.0,0.18331582659871,0.0,0.0,0.0,0.0,0.0,0.0,0.0,0.0,0.0,0.0,0.0,0.0,0.0,0.0,0.0,0.0,0.0,0.0,0.0,0.0,0.0,0.0,0.0,0.0,0.0,0.0,0.0,0.0,0.0,0.0,0.18331582659871,0.0,0.0,0.18331582659871,0.0,0.0,0.0,0.0,0.0,0.0,0.0,0.0,0.0,0.0,0.0,0.0,0.0,0.0,0.0,0.18331582659871,0.0,0.0,0.0,0.0,0.0,0.0,0.0,0.0,0.0,0.0,0.0,0.0,0.0,0.0,0.0,0.0,0.0,0.0,0.0,0.0,0.0,0.0,0.0,0.0,0.0,0.0,0.0,0.0,0.0,0.0,0.0,0.0,0.0,0.0,0.0,0.0,0.0,0.0,0.0,0.0,0.0,0.0,0.0,0.0,0.0,0.0,0.0,0.0,0.0,0.0,0.0,0.0,0.0,0.0,0.0,0.0,0.0,0.0,0.0,0.0,0.0,0.0,0.0,0.0,0.0,0.0,0.18331582659871,0.0,0.0,0.0,0.0,0.0,0.0,0.0,0.0,0.0,0.18331582659871,0.0,0.0,0.0,0.0,0.0,0.0,0.0,0.0,0.18331582659871,0.0,0.0,0.18331582659871,0.0,0.18331582659871,0.0,0.0,0.0,0.0,0.0,0.0,0.0,0.0,0.0,0.0,0.0,0.0,0.0,0.0,0.0,0.0,0.0,0.0,0.0,0.0,0.0,0.0,0.0,0.0,0.0,0.0,0.0,0.0,0.0,0.0,0.0,0.0,0.0,0.0,0.0,0.0,0.0,0.0,0.36663165319742,0.0,0.0,0.0,0.0,0.0,0.0,0.0,0.0,0.0,0.0,0.0,0.0,0.0,0.0,0.0,0.0,0.0,0.0,0.0,0.0,0.0,0.0,0.0,0.0,0.0,0.0,0.0,0.0,0.18331582659871,0.18331582659871,0.0,0.0,0.0,0.0,0.0,0.0,0.0,0.0,0.18331582659871
0.0,0.18331582659871,0.0,0.0,0.18331582659871,0.0,0.18331582659871,0.18331582659871,0.0,0.0,0.0,0.0,0.0,0.0,0.0,0.0,0.0,0.18331582659871,0.18331582659871,0.0,0.0,0.0,0.0,0.0,0.36663165319742,0.0,0.0,0.0,0.0,0.0,0.0,0.0,0.0,0.0,0.0,0.18331582659871,0.0,0.0,0.0,0.0,0.0,0.0,0.0,0.0,0.18331582659871,0.0,0.54994747979613,0.18331582659871,0.0,1.4665266127896799,0.0,0.0,0.18331582659871,0.0,0.0,0.0,0.0,0.0,0.0,0.0,0.18331582659871,0.0,0.18331582659871,0.0,0.0,0.0,0.0,0.0,0.0,0.0,0.0,0.36663165319742,0.0,0.0,0.0,0.0,0.0,0.0,0.54994747979613,0.0,0.0,0.0,0.0,0.0,0.0,0.0,0.0,0.0,0.0,0.0,0.0,0.18331582659871,0.0,0.0,0.18331582659871,1.6498424393883913,0.0,0.18331582659871,0.0,0.0,0.18331582659871,0.0,0.0,0.0,0.0,1.8331582659871002,0.0,0.0,0.18331582659871,0.0,0.0,0.0,0.0,0.18331582659871,0.0,0.18331582659871,0.0,0.36663165319742,0.0,0.0,0.0,0.0,0.0,0.0,0.0,0.36663165319742,0.0,0.0,0.0,0.0,0.0,0.0,0.0,1.09989495959226,0.0,0.0,0.0,0.0,0.18331582659871,0.18331582659871,0.0,0.0,2.0164740925858102,0.0,0.0,0.0,0.0,0.0,0.0,0.54994747979613,0.0,0.0,0.0,0.18331582659871,0.0,0.0,0.0,0.9165791329935501,0.0,0.36663165319742,0.0,0.18331582659871,0.0,0.0,0.18331582659871,0.0,0.0,0.0,0.0,0.0,0.0,0.0,0.0,0.0,0.0,0.18331582659871,0.0,0.54994747979613,0.0,0.0,0.0,0.0,0.0,0.0,0.0,0.0,0.0,0.0,0.0,0.0,0.0,0.0,0.0,0.0,0.0,0.54994747979613,0.18331582659871,0.0,0.18331582659871,0.0,0.0,0.18331582659871,0.0,0.0,0.0,0.0,0.0,0.36663165319742,0.36663165319742,0.0,0.0,0.0,0.0,0.0,0.0,0.0,0.0,0.0,0.0,0.0,0.0,0.0,0.0,0.0,0.0,0.0,0.0,0.0,0.0,0.0,0.0,0.0,0.0,0.0,0.0,0.0,0.0,0.0,0.0,0.0,0.0,0.0,0.18331582659871,0.0,0.0,0.0,0.0,0.0,0.0,0.0,0.0,0.0,0.0,0.0,0.0,0.0,0.18331582659871,0.0,0.0,0.0,0.0,0.18331582659871,0.0,0.0,0.0,0.0,0.18331582659871,0.0,0.0,0.0,0.0,0.0,0.0,0.0,0.0,0.0,0.18331582659871,0.0,0.0,0.0,0.0,0.0,0.0,0.0,0.0,0.0,0.0,0.0,0.0,0.0,0.0,0.0,0.0,0.0,0.0,0.0,0.0,0.0,0.0,0.0,0.0,0.0,0.0,0.0,0.18331582659871,0.36663165319742,0.18331582659871,0.0,0.0,0.0,0.54994747979613,0.18331582659871,4.216264011770331,0.0,0.0,0.0,0.0,0.0,0.0,0.0,0.18331582659871,0.0,0.0,0.0,0.0,0.0,0.0,0.0,0.0,0.0,0.0,0.0,0.18331582659871,0.0,0.0,0.54994747979613,0.18331582659871,0.0,0.0,0.0,0.0,0.0,0.0,0.0,0.0
0.0,0.0,0.0,0.0,0.36663165319742,0.0,0.0,0.0,0.0,0.0,0.18331582659871,0.18331582659871,0.0,1.09989495959226,0.18331582659871,0.0,0.0,0.0,0.0,0.18331582659871,0.0,0.0,0.0,0.36663165319742,0.0,0.0,0.0,0.0,0.0,0.0,0.0,0.0,0.0,0.0,0.0,0.0,0.0,0.0,0.0,0.0,0.18331582659871,0.0,0.0,0.0,0.0,0.0,0.18331582659871,0.18331582659871,0.0,0.0,0.36663165319742,0.0,0.0,0.18331582659871,0.0,0.0,0.0,0.0,0.0,0.0,0.18331582659871,1.09989495959226,0.0,0.0,0.0,0.18331582659871,0.0,0.18331582659871,0.0,0.0,0.0,0.36663165319742,0.0,0.0,0.0,0.0,0.0,0.0,0.0,0.0,0.0,0.0,0.0,0.0,0.0,0.0,0.0,0.0,0.0,0.9165791329935501,0.0,0.0,0.0,0.0,1.6498424393883901,0.0,0.0,0.0,0.18331582659871,0.0,0.0,0.0,0.0,0.0,0.0,0.0,0.18331582659871,0.0,0.0,0.0,0.0,0.0,0.0,0.36663165319742,0.0,0.0,0.0,0.0,0.0,0.0,0.0,1.6498424393883901,0.0,0.0,0.0,0.0,0.0,0.0,0.0,0.0,0.0,0.0,0.0,0.18331582659871,0.0,0.0,0.0,0.0,0.0,0.0,0.0,0.0,0.0,0.0,0.0,0.0,0.18331582659871,0.0,0.18331582659871,0.0,0.0,0.0,0.0,0.0,0.0,0.18331582659871,0.0,0.0,0.0,0.0,0.0,0.0,0.0,0.0,0.0,0.0,0.54994747979613,0.0,0.0,0.0,0.0,0.0,0.18331582659871,0.0,0.0,0.0,0.0,0.36663165319742,0.0,0.0,0.0,0.0,0.18331582659871,0.0,0.0,0.0,0.0,0.0,0.0,0.0,0.0,0.0,0.0,0.0,0.0,0.18331582659871,0.18331582659871,0.0,0.0,0.0,0.0,0.0,0.0,0.0,0.18331582659871,0.0,0.0,0.0,0.0,0.0,0.0,0.0,0.0,0.0,0.0,0.0,0.0,0.0,0.0,0.0,0.0,0.0,0.0,0.18331582659871,0.0,0.0,0.73326330639484,0.0,0.0,0.0,0.0,0.0,0.0,0.0,0.0,0.0,0.0,0.0,0.0,0.0,0.0,0.0,3.299684878776781,0.0,0.0,0.0,0.0,0.0,0.0,0.0,0.0,0.0,0.0,0.0,0.0,0.0,0.0,0.0,0.0,0.0,0.0,0.0,0.0,0.0,0.0,0.0,0.0,0.0,0.0,0.0,0.0,0.0,0.0,0.0,0.0,0.0,0.0,0.0,0.0,0.0,0.0,0.0,0.0,0.0,0.0,0.0,0.0,0.0,0.0,0.0,0.0,0.0,0.0,0.0,1.46652661278968,0.0,0.0,0.0,0.0,0.0,0.0,0.0,0.0,0.0,0.0,0.0,0.36663165319742,0.0,0.0,0.0,0.0,0.0,0.0,0.9165791329935501,0.0,0.0,0.0,0.0,0.0,0.0,0.0,0.0,0.0,0.0,0.0,0.0,0.0,0.0,0.0,0.0,0.0,0.0,0.0,0.0,0.0,0.0,0.0,0.0,0.0,0.0,0.0,0.0,0.0,0.0,0.0
0.0,0.0,0.0,0.0,0.0,0.0,0.0,0.0,0.0,0.18331582659871,0.0,0.0,0.0,0.0,0.0,0.0,0.0,0.0,0.0,0.0,0.0,0.0,0.0,0.0,0.0,0.0,0.0,0.0,0.0,0.0,0.0,0.0,0.0,0.0,0.0,0.0,0.0,0.0,0.0,0.36663165319742,0.0,0.0,0.0,0.0,0.0,0.0,0.0,0.0,0.0,0.0,0.0,0.36663165319742,0.0,0.0,0.0,0.0,0.0,0.0,0.0,0.0,0.0,0.0,0.0,0.0,0.0,0.0,0.0,0.0,0.0,0.0,0.0,0.0,0.0,0.0,0.0,0.0,0.0,0.0,0.0,0.0,0.0,0.0,0.0,0.0,0.0,0.0,0.0,0.0,0.0,0.0,0.0,0.0,0.0,0.0,0.0,0.0,0.0,0.0,0.0,0.0,0.0,0.0,0.0,0.0,0.0,0.0,0.0,0.0,0.0,0.0,0.0,0.36663165319742,0.0,0.0,0.18331582659871,0.0,0.0,0.0,0.0,0.0,0.0,0.0,0.0,0.0,0.0,0.0,0.0,0.0,0.0,0.0,0.0,0.0,0.91657913299355,0.0,0.0,0.0,0.0,0.54994747979613,0.0,0.0,0.0,0.0,0.18331582659871,0.0,0.0,0.0,0.0,0.0,0.0,0.0,0.0,0.0,0.0,0.0,0.0,0.0,0.0,0.0,0.0,0.0,0.0,0.0,0.0,3.1163690521780714,0.0,0.0,0.0,0.0,0.0,0.18331582659871,0.0,0.0,0.0,0.0,0.0,0.0,0.0,0.0,0.0,0.0,0.0,0.0,0.0,0.0,0.0,0.0,0.0,0.0,0.0,0.0,0.0,0.0,0.0,0.0,0.54994747979613,0.0,0.0,0.0,0.0,0.0,0.0,0.0,0.0,0.0,0.0,0.0,0.0,0.0,0.0,0.0,0.0,0.0,0.0,0.0,0.0,0.0,0.0,0.0,0.18331582659871,0.0,0.0,0.0,0.0,0.0,0.0,0.0,0.0,0.0,0.0,0.0,0.0,0.0,0.0,0.0,0.0,0.0,0.0,0.18331582659871,0.0,0.0,0.0,0.0,0.0,0.0,0.0,0.0,0.0,0.0,0.0,0.0,0.0,0.0,0.0,0.0,0.0,0.0,0.0,0.0,0.0,0.0,0.0,0.0,0.0,0.0,0.0,0.0,0.0,0.0,0.0,0.0,0.0,0.0,0.0,0.0,0.0,0.0,0.0,0.0,0.0,0.0,0.0,0.0,0.0,0.0,0.0,0.0,0.0,1.28321078619097,0.0,0.0,0.0,0.0,0.0,0.0,0.0,0.0,0.0,0.0,0.0,0.73326330639484,0.0,0.0,0.0,0.0,0.0,0.0,0.0,0.0,0.0,0.0,0.0,0.0,0.0,0.0,0.36663165319742,0.0,0.0,3.11636905217807,0.0,0.0,0.0,0.36663165319742,0.0,0.0,0.0,0.0,0.0,0.0,0.0,0.0,0.0,0.0,0.0,0.0,0.0,0.0,0.0,0.0,0.0,0.0,0.0,0.0,0.18331582659871,0.0,0.0
0.0,0.0,0.0,0.0,0.0,4.39957983836905,0.0,0.0,0.0,0.0,0.36663165319742,0.0,0.0,2.1997899191845214,0.0,0.0,0.0,0.0,0.0,0.0,0.54994747979613,0.0,0.54994747979613,0.0,0.0,0.0,0.0,0.0,0.0,0.0,0.36663165319742,0.0,0.0,0.0,0.0,0.0,0.0,0.0,0.0,0.0,0.0,0.36663165319742,0.0,0.0,0.18331582659871,0.0,0.0,1.2832107861909712,0.0,0.91657913299355,0.0,0.0,0.18331582659871,0.0,0.0,0.36663165319742,0.0,0.0,0.0,0.0,0.18331582659871,0.18331582659871,0.0,0.0,0.0,0.0,0.0,2.1997899191845214,0.0,0.36663165319742,0.0,0.0,0.0,0.0,0.0,0.0,0.0,0.0,0.0,0.0,0.18331582659871,0.0,0.0,0.0,0.0,0.0,0.0,0.0,0.18331582659871,0.0,0.0,0.0,0.0,0.0,0.0,0.0,0.0,0.0,0.0,0.0,0.0,0.0,0.54994747979613,0.0,0.18331582659871,0.0,0.0,0.0,0.0,0.0,0.18331582659871,0.0,0.0,0.0,0.0,0.0,0.54994747979613,0.0,0.0,0.0,0.18331582659871,0.0,0.0,0.18331582659871,0.0,0.0,0.0,0.18331582659871,0.0,0.0,0.0,0.0,0.54994747979613,0.0,0.18331582659871,0.0,0.0,0.0,0.0,0.18331582659871,0.0,0.0,0.0,0.0,0.0,0.0,0.0,0.0,0.0,0.0,0.0,0.0,0.0,0.0,0.0,0.0,0.0,0.0,0.0,0.0,0.0,0.0,0.0,0.0,0.0,0.18331582659871,0.0,0.0,0.0,0.0,0.0,0.36663165319742,0.0,0.0,0.0,0.0,0.0,0.91657913299355,0.0,0.0,0.0,0.0,0.91657913299355,0.0,0.0,0.0,0.0,0.0,0.0,0.18331582659871,0.0,0.0,0.0,0.0,0.0,0.18331582659871,0.18331582659871,0.0,0.0,0.0,0.0,0.0,0.0,0.0,0.0,0.0,0.0,0.0,0.0,0.0,0.0,0.0,0.0,2.3831057457832303,0.0,0.0,0.0,0.0,0.36663165319742,0.0,0.0,0.0,0.54994747979613,0.36663165319742,0.0,0.0,0.0,0.0,0.18331582659871,0.0,0.0,0.0,0.0,0.0,0.0,0.0,0.0,0.0,0.0,0.18331582659871,0.0,0.0,0.0,0.18331582659871,0.0,0.0,0.0,0.0,0.0,0.18331582659871,0.0,0.0,0.18331582659871,0.0,0.0,0.0,0.0,0.0,0.0,0.0,0.36663165319742,0.0,0.0,0.0,0.0,0.36663165319742,0.0,0.0,0.0,0.0,0.0,0.0,0.0,0.0,0.0,0.0,0.0,0.0,0.0,0.0,0.0,0.0,0.0,0.18331582659871,0.0,0.0,0.0,0.0,0.18331582659871,0.0,0.36663165319742,0.0,0.0,0.0,0.0,0.0,0.0,0.18331582659871,0.0,0.0,0.0,0.0,0.0,0.0,0.0,0.0,0.0,0.0,0.0,0.0,0.0,0.0,0.0,0.0,0.0,1.6498424393883901,0.0,0.0,0.0,0.0,0.0,0.18331582659871,0.0,0.0,0.0,0.0,0.0,0.18331582659871,0.0,0.0,0.0,0.0,0.0,0.0,0.0,0.0,0.0,0.0,0.0,0.0,0.0,0.0,0.0,0.0,0.0
0.0,0.0,0.0,0.0,0.0,0.0,1.09989495959226,0.0,0.0,0.0,1.46652661278968,0.36663165319742,0.18331582659871,0.0,0.0,0.0,0.0,0.18331582659871,0.0,0.0,0.0,0.0,0.18331582659871,0.0,0.0,0.0,0.0,0.18331582659871,0.0,0.36663165319742,0.0,0.0,0.0,0.0,0.0,0.0,0.18331582659871,0.0,0.0,0.0,0.0,0.0,0.18331582659871,0.0,0.36663165319742,0.0,0.0,0.0,0.54994747979613,0.0,0.0,0.0,0.18331582659871,0.18331582659871,0.0,0.0,0.0,0.0,0.0,0.0,0.0,0.18331582659871,0.0,0.54994747979613,0.0,0.18331582659871,0.0,0.18331582659871,0.0,0.0,0.0,0.36663165319742,0.0,0.0,0.0,0.0,0.0,0.18331582659871,0.0,0.0,0.18331582659871,0.0,0.0,0.0,0.0,0.0,0.0,0.0,0.0,0.0,0.0,0.0,0.0,0.0,0.0,0.0,0.0,0.0,0.0,0.0,0.0,0.0,0.0,0.0,0.0,0.0,0.9165791329935512,0.0,0.0,0.0,0.0,0.0,0.0,0.0,0.0,0.0,0.0,0.0,0.0,0.0,0.0,0.0,0.0,0.0,0.0,0.0,0.0,0.0,0.0,0.0,0.0,0.0,0.0,0.0,0.0,0.0,0.0,0.0,0.0,0.0,0.18331582659871,3.116369052178075,0.0,0.0,0.0,0.0,0.54994747979613,0.0,0.0,0.0,0.18331582659871,0.0,0.0,0.0,0.0,0.9165791329935501,0.0,0.0,0.0,0.0,0.0,0.0,0.54994747979613,0.0,0.0,0.0,0.0,0.0,0.0,0.0,0.0,0.0,0.0,0.0,0.0,0.0,0.0,0.18331582659871,0.0,0.0,0.0,0.18331582659871,0.0,0.0,0.0,0.0,0.18331582659871,0.0,0.0,0.18331582659871,0.36663165319742,0.0,0.0,0.0,0.0,0.18331582659871,0.0,0.9165791329935501,0.0,0.18331582659871,0.0,0.0,0.0,0.0,0.0,0.0,0.0,0.0,0.0,0.0,0.0,0.0,0.0,0.0,0.0,0.0,0.0,0.0,0.0,0.0,0.18331582659871,0.0,0.18331582659871,0.0,0.36663165319742,0.0,0.36663165319742,0.0,0.0,0.0,0.0,0.0,0.18331582659871,0.0,0.0,0.0,0.0,0.18331582659871,0.0,0.0,0.0,0.0,0.0,0.0,0.0,0.0,0.0,0.0,0.0,0.0,0.0,0.0,0.0,0.0,0.0,0.0,0.0,0.0,0.0,0.0,0.0,0.0,0.18331582659871,0.0,0.0,0.0,0.0,0.0,0.0,0.0,0.0,0.0,0.0,0.0,0.36663165319742,0.0,0.0,0.0,0.0,0.0,0.0,0.36663165319742,0.0,0.0,0.0,0.0,0.0,0.0,0.0,0.0,0.0,0.0,0.0,0.0,0.0,0.0,0.0,0.0,0.0,0.0,0.0,0.0,0.0,0.0,0.0,0.0,0.0,0.0,0.0,0.0,0.0,0.0,0.0,0.0,0.0,0.0,1.46652661278968,0.0,0.0,0.0,0.0,0.0,0.0,0.0,0.18331582659871,0.0,0.0,0.0,0.73326330639484,0.0,0.0,0.0,0.0,0.0,0.0,0.0,0.0,0.0,0.0,0.0,0.0,0.0,0.0,0.0,0.0
0.0,0.0,0.0,0.0,0.0,0.0,0.0,0.0,0.0,0.0,0.0,0.0,0.0,0.18331582659871,0.0,0.0,0.0,0.0,0.0,0.0,0.0,0.0,0.0,0.0,0.0,0.36663165319742,0.0,0.0,0.0,0.0,0.0,0.0,0.0,0.0,0.0,0.0,0.0,0.0,0.18331582659871,0.18331582659871,0.0,0.0,0.0,0.0,0.0,0.0,0.0,0.0,0.0,0.0,0.0,0.0,0.0,0.0,0.0,0.0,0.0,0.54994747979613,0.0,0.36663165319742,0.0,0.0,0.0,0.0,0.0,0.0,0.0,0.0,0.0,0.0,0.0,0.0,0.0,0.0,0.0,0.0,0.0,0.0,0.0,0.36663165319742,0.0,0.0,0.0,0.0,0.0,0.0,0.0,0.0,0.0,0.0,0.0,0.0,0.0,0.0,0.0,0.0,0.0,0.0,0.0,0.0,0.0,0.0,0.0,0.0,0.0,0.0,0.0,0.0,0.0,0.0,0.0,1.28321078619097,0.0,0.0,0.0,0.0,0.0,0.0,0.0,0.0,0.0,0.0,0.0,0.0,0.0,0.0,0.0,0.0,0.0,0.0,0.18331582659871,0.0,3.2996848787767847,0.0,0.0,0.0,0.0,0.0,0.0,0.0,0.0,0.0,0.0,0.0,0.0,0.0,0.0,0.0,0.0,0.0,0.0,0.0,0.0,0.0,0.54994747979613,0.0,0.0,0.18331582659871,0.0,0.0,0.0,0.0,0.0,0.73326330639484,0.0,0.0,0.0,0.0,0.0,0.0,0.0,0.0,0.0,0.0,0.0,0.0,0.0,0.18331582659871,0.0,0.0,0.0,0.0,0.0,0.0,0.0,0.0,0.0,0.0,0.0,0.0,0.0,0.0,0.0,0.0,0.0,0.0,0.0,0.0,0.0,0.0,1.28321078619097,0.0,0.0,0.0,0.0,0.0,4.032948185171622,0.0,0.0,0.0,0.0,0.0,0.0,0.0,0.0,0.0,0.0,0.0,0.0,0.0,0.0,0.0,0.0,0.0,0.0,0.0,0.0,0.0,0.0,0.36663165319742,0.0,0.18331582659871,0.0,0.0,0.0,0.0,0.18331582659871,0.0,0.0,0.0,0.0,0.0,0.0,2.74973739898065,0.0,0.18331582659871,0.0,0.0,0.18331582659871,0.18331582659871,0.0,0.0,0.0,0.0,0.0,0.0,0.0,0.0,0.0,0.0,0.0,0.0,0.0,0.0,0.0,0.0,0.0,0.0,0.0,0.0,0.0,2.38310574578323,0.0,0.0,0.0,0.0,0.0,0.0,0.0,0.0,0.0,0.0,0.0,0.0,0.0,0.36663165319742,0.0,0.0,0.0,0.0,0.0,0.0,0.0,0.0,0.0,0.0,0.0,0.54994747979613,0.0,0.0,0.0,0.0,0.0,0.0,0.0,0.0,0.0,0.0,0.18331582659871,0.0,0.0,0.0,0.0,0.0,0.0,0.0,0.0,0.54994747979613,0.0,0.0,0.0,0.0,0.0,0.0,0.0,0.0,0.0,0.0,0.0,2.016474092585811,0.0,0.0,0.0,0.0,0.0,0.0,0.0,0.0,0.0,0.0,0.0,0.0,0.0,0.0,0.0
0.0,0.0,0.0,0.0,0.0,0.0,0.0,0.0,0.0,0.0,0.0,0.18331582659871,0.0,0.0,0.0,0.0,0.0,0.0,0.0,0.0,0.0,0.18331582659871,0.0,0.0,0.0,0.0,0.0,0.0,0.0,0.0,0.0,0.0,0.0,0.0,0.0,0.0,0.0,0.0,0.0,0.0,0.0,0.0,0.0,0.0,0.0,0.0,0.0,0.0,0.0,0.0,0.0,0.0,0.0,0.0,0.0,0.0,0.0,0.0,0.0,0.0,0.0,0.0,0.0,0.0,0.0,0.0,0.0,0.0,0.0,0.0,0.0,0.0,0.0,0.0,0.0,0.0,0.0,0.0,0.0,0.0,0.0,0.0,0.0,0.0,0.0,0.0,0.18331582659871,0.0,0.0,0.0,0.0,0.0,0.0,0.0,0.0,0.0,0.0,0.0,0.0,0.0,0.0,0.0,0.0,0.0,0.0,0.0,0.0,0.0,0.0,0.0,0.0,0.0,0.0,0.0,0.0,0.0,0.0,0.0,0.0,0.0,0.0,0.0,0.0,0.0,0.0,0.0,0.0,0.0,0.0,0.0,0.0,0.0,0.0,0.18331582659871,0.0,0.0,0.0,0.0,0.0,0.0,0.0,0.0,0.0,0.0,0.0,0.0,0.0,0.0,0.0,0.0,0.0,0.0,0.0,0.0,0.0,0.0,0.0,0.0,0.0,0.0,0.0,0.0,0.0,0.0,0.18331582659871,0.0,0.0,0.0,0.0,0.0,0.0,0.0,0.0,0.0,0.18331582659871,0.0,0.0,0.18331582659871,0.0,0.0,0.0,0.0,0.0,0.0,0.0,0.0,0.0,0.0,0.0,0.0,0.0,0.0,0.0,0.0,0.0,0.0,0.0,0.0,0.0,0.0,0.0,0.0,0.0,0.0,0.0,0.0,0.0,0.0,0.0,0.0,0.0,0.0,0.0,0.0,0.0,0.0,0.0,0.0,0.0,0.0,0.0,0.0,0.0,0.0,0.0,0.0,0.0,0.0,0.0,0.0,0.0,0.0,0.0,0.0,0.0,0.0,0.0,0.0,0.0,0.0,0.0,0.0,0.0,0.0,0.0,0.0,0.0,0.0,0.0,0.0,0.0,0.0,0.0,0.0,0.0,0.0,0.0,0.0,0.0,0.0,0.0,0.0,0.0,0.0,0.0,0.0,0.18331582659871,0.0,0.0,0.0,0.0,0.0,0.0,0.0,0.0,0.0,0.0,0.0,0.0,0.0,0.0,0.0,0.0,0.0,0.0,0.0,0.0,0.0,0.0,0.0,0.0,0.0,0.0,0.0,0.0,0.0,0.0,0.0,0.0,0.0,0.0,0.0,0.0,0.0,0.0,0.0,0.0,0.0,0.0,0.0,0.0,0.0,0.0,0.0,0.0,0.0,0.0,0.0,0.18331582659871,0.0,0.0,0.0,0.0,0.0,0.0,0.0,0.0,0.0,0.0,0.0,0.0,0.0,0.0,0.0,0.0,0.0,0.0,0.0,0.0,0.0,0.0,0.0,0.0,0.0,0.0
0.0,0.0,0.0,0.18331582659871,0.0,0.0,0.0,0.18331582659871,0.0,0.0,0.0,0.0,0.0,0.54994747979613,0.0,0.0,0.18331582659871,0.0,0.0,0.0,0.36663165319742,0.18331582659871,0.0,0.0,0.0,0.0,0.0,0.0,0.0,0.0,0.0,0.0,0.0,0.0,0.0,0.0,0.0,0.0,0.0,0.0,0.0,0.0,0.0,0.73326330639484,0.0,0.0,0.0,0.0,0.0,0.18331582659871,0.0,0.0,0.0,0.54994747979613,0.0,0.0,0.18331582659871,0.0,0.0,0.0,0.0,0.0,0.18331582659871,0.0,0.18331582659871,0.73326330639484,0.0,0.0,0.0,0.0,0.18331582659871,0.0,0.0,0.0,0.0,0.0,0.0,0.0,0.0,0.0,0.0,0.0,0.0,0.0,0.0,0.0,0.0,0.0,0.0,0.0,0.0,0.0,0.0,0.0,0.0,0.0,0.0,0.0,0.0,2.5664215723819424,0.0,0.0,0.0,0.0,0.18331582659871,0.0,0.0,0.0,0.0,0.0,0.0,0.0,0.0,0.0,0.0,0.0,0.0,0.0,0.0,0.0,0.0,0.0,0.0,0.0,0.0,2.19978991918452,0.0,0.0,0.0,0.0,0.0,0.0,0.0,0.0,0.0,0.0,0.0,0.0,0.18331582659871,0.0,0.0,0.0,0.18331582659871,0.18331582659871,0.0,0.0,0.0,0.0,0.0,0.0,0.0,0.0,0.18331582659871,0.0,0.0,0.0,0.0,0.0,0.0,0.0,0.0,0.73326330639484,0.0,0.0,0.0,0.0,0.0,0.0,0.0,0.0,0.0,0.0,0.0,0.0,0.0,0.18331582659871,0.0,0.18331582659871,0.0,0.0,0.0,0.0,0.0,0.0,0.0,0.18331582659871,0.0,0.0,0.0,0.0,0.0,0.0,0.0,0.0,0.0,0.0,0.0,0.0,0.18331582659871,0.0,0.0,0.0,0.0,0.0,0.0,0.0,0.0,0.18331582659871,0.0,0.0,0.0,0.0,0.18331582659871,0.0,0.0,0.0,0.0,0.0,0.0,0.0,0.0,0.0,0.0,0.0,0.0,0.0,0.0,0.0,0.0,0.0,0.0,0.0,0.0,0.91657913299355,0.0,0.0,0.0,0.0,0.0,0.0,0.0,0.0,0.0,0.0,0.0,0.0,0.0,0.0,0.0,0.0,0.0,0.0,0.0,0.0,0.0,0.0,0.0,0.0,0.36663165319742,0.0,0.0,0.0,0.0,0.0,0.0,0.0,0.18331582659871,0.0,0.0,0.0,0.0,0.0,0.0,0.0,0.0,0.0,0.0,0.0,0.0,0.0,0.0,0.0,0.18331582659871,0.0,0.0,0.0,0.0,0.0,0.36663165319742,0.0,0.0,0.0,0.0,0.0,0.0,0.18331582659871,0.0,0.0,0.0,0.0,0.0,0.0,0.0,0.0,0.0,0.0,0.0,0.0,0.0,0.0,0.0,0.0,0.0,0.0,0.0,0.0,0.0,0.0,0.0,0.36663165319742,0.0,0.0,0.0,0.0,0.0,0.0,0.0,0.0,0.0,0.0,0.0,0.0,0.0,0.0,0.0,0.0,0.0,0.0,0.0,0.0,0.0,0.0,0.0,0.0,0.0
0.0,0.91657913299355,0.0,0.0,0.0,0.0,0.18331582659871,0.18331582659871,0.0,2.38310574578323,0.0,0.0,0.0,0.18331582659871,0.0,0.0,0.0,0.0,0.0,0.0,0.0,0.0,0.18331582659871,0.18331582659871,0.0,0.0,0.0,0.0,0.0,0.0,0.0,0.0,0.0,0.0,0.0,0.0,0.0,0.0,0.0,0.0,0.0,0.0,0.0,0.0,0.18331582659871,0.18331582659871,0.0,0.18331582659871,0.0,0.0,0.0,0.0,0.0,0.0,0.0,0.0,0.0,0.0,0.0,0.0,0.0,0.36663165319742,0.18331582659871,0.0,0.0,0.18331582659871,0.0,0.0,0.0,0.0,0.0,1.6498424393883901,0.0,0.0,0.0,0.0,0.0,3.11636905217807,0.18331582659871,0.0,0.18331582659871,0.0,0.0,0.0,0.0,0.0,0.0,0.0,0.0,0.0,0.0,0.0,0.0,0.0,0.18331582659871,0.18331582659871,0.0,0.0,0.0,0.0,0.18331582659871,0.0,0.0,0.0,0.0,0.0,0.0,0.0,0.0,0.0,0.0,0.0,0.0,0.0,0.0,0.0,0.0,0.0,0.0,0.0,0.0,0.0,0.0,0.0,0.0,0.0,0.0,0.0,0.0,0.0,0.0,0.0,0.0,0.18331582659871,0.18331582659871,0.18331582659871,0.0,0.0,0.0,0.0,0.0,0.0,0.0,0.0,0.0,0.18331582659871,0.0,0.0,0.0,0.54994747979613,0.0,0.0,0.0,0.0,0.0,0.0,0.0,0.0,0.0,0.0,0.0,0.54994747979613,0.0,0.0,0.18331582659871,0.0,0.0,0.0,0.0,0.0,0.0,0.0,0.0,0.0,0.0,0.0,0.0,0.18331582659871,0.0,0.0,0.0,0.0,0.0,0.0,0.0,0.0,0.0,0.0,0.0,0.0,0.0,0.0,0.0,0.0,0.0,0.0,0.18331582659871,0.0,0.0,0.0,0.0,0.0,0.0,0.0,0.0,0.0,0.0,0.0,0.0,0.0,0.0,0.0,0.0,0.0,0.0,0.0,0.0,0.0,0.0,0.0,0.0,0.0,0.18331582659871,0.0,0.0,0.0,0.0,0.0,0.0,0.0,0.0,0.0,0.0,0.0,0.0,0.0,0.0,0.0,0.0,0.0,0.18331582659871,0.0,0.0,0.0,0.0,0.0,0.0,0.0,0.0,0.0,0.18331582659871,0.0,1.6498424393883901,0.0,0.0,0.0,0.0,0.0,0.0,0.0,0.0,0.0,0.0,0.0,0.0,0.0,0.0,0.0,0.0,0.0,0.0,0.0,0.0,0.0,0.0,0.0,0.0,0.0,0.0,0.0,0.0,0.0,0.0,0.0,0.0,0.0,0.0,0.0,0.0,0.0,0.0,0.0,0.0,0.0,0.0,0.0,0.0,0.0,0.0,0.0,0.0,0.0,0.0,0.0,0.0,0.0,0.0,0.0,0.0,0.0,0.18331582659871,0.0,1.8331582659871002,0.0,0.0,0.0,0.0,0.0,0.0,0.0,2.9330532255793598,0.0,0.0,0.0,0.0,0.0,0.0,0.0,0.0,0.0,0.0,0.0,0.73326330639484,0.0,0.0,0.18331582659871,0.36663165319742,0.0,0.0,0.0,0.0,0.0,0.0,0.0,0.0
0.0,0.18331582659871,0.0,0.18331582659871,0.0,1.28321078619097,1.46652661278968,0.0,0.0,2.74973739898065,0.36663165319742,0.0,0.0,1.28321078619097,0.0,0.0,0.0,0.0,0.0,0.0,0.54994747979613,0.0,0.9165791329935501,0.0,0.0,0.18331582659871,0.0,0.0,0.0,0.0,0.0,0.0,0.0,0.0,0.0,0.0,0.0,0.0,0.0,0.0,0.0,0.54994747979613,0.0,0.0,0.0,0.0,0.0,0.0,0.0,0.0,0.0,0.0,2.0164740925858102,0.36663165319742,0.0,0.0,0.0,0.0,0.0,0.18331582659871,1.28321078619097,0.18331582659871,0.0,0.0,0.0,0.36663165319742,0.0,0.54994747979613,0.0,0.0,0.0,0.0,0.0,0.0,0.0,0.0,0.36663165319742,5.682790624560012,0.0,0.0,0.36663165319742,0.0,0.0,0.0,0.0,0.0,0.0,0.0,0.0,0.0,0.0,0.0,0.0,0.0,0.0,0.0,0.0,0.0,0.0,0.0,0.0,0.0,0.0,0.0,0.0,0.0,0.54994747979613,0.0,0.0,0.0,0.0,0.0,0.0,0.0,0.0,0.0,0.0,0.0,0.0,0.0,0.0,0.0,0.0,0.0,0.18331582659871,0.0,0.0,0.0,0.0,0.0,0.0,0.0,0.0,0.0,0.0,0.0,0.0,0.0,0.0,0.0,0.0,0.0,0.0,0.0,0.0,0.0,0.0,0.0,0.0,0.0,0.0,0.0,0.0,0.0,0.0,0.0,0.0,0.0,0.0,0.0,0.0,0.0,0.18331582659871,0.0,0.0,0.0,0.0,0.0,0.0,0.36663165319742,0.0,0.0,0.0,0.0,0.0,0.18331582659871,0.0,0.18331582659871,0.0,0.0,0.0,0.0,0.0,0.0,0.0,0.0,0.0,0.0,0.0,0.0,0.0,0.0,0.0,0.0,0.0,0.0,0.18331582659871,0.73326330639484,0.0,0.18331582659871,0.0,1.09989495959226,0.0,0.0,0.0,0.0,0.0,0.0,0.0,0.0,0.0,3.849632358572915,0.0,0.0,0.0,0.0,0.54994747979613,0.0,0.0,0.0,0.0,0.0,0.36663165319742,0.18331582659871,0.0,0.0,0.0,0.0,0.0,0.36663165319742,0.0,0.0,0.0,0.0,0.0,0.0,0.0,0.0,0.0,0.0,0.0,0.0,0.0,0.0,0.0,0.0,0.0,0.0,0.0,0.0,0.0,0.0,0.0,0.0,0.0,0.0,0.0,0.0,0.54994747979613,1.09989495959226,0.0,0.0,0.0,0.0,0.0,0.54994747979613,0.0,0.0,0.0,0.0,0.0,0.0,0.0,0.0,0.0,0.0,0.0,0.0,0.18331582659871,0.0,0.0,0.0,0.0,0.0,0.0,0.0,0.0,0.0,0.0,0.0,0.18331582659871,0.0,0.0,0.0,0.0,0.0,0.0,0.0,0.0,0.0,0.0,0.0,0.0,0.0,0.0,0.0,0.0,0.18331582659871,0.0,0.0,0.0,0.0,0.0,0.0,0.0,0.18331582659871,0.0,0.0,0.0,0.0,0.0,0.54994747979613,0.0,0.0,0.0,0.0,0.0,0.18331582659871,0.0,0.0,0.0,0.0,0.0,0.0,0.0,0.0,0.0,0.0,0.0,0.0,0.0,0.18331582659871,0.0,0.0,0.0
0.0,0.0,0.0,0.0,0.0,0.0,0.18331582659871,0.0,0.0,0.0,0.0,0.0,0.0,0.0,0.0,0.0,0.9165791329935501,0.0,0.0,0.0,0.0,0.54994747979613,0.0,0.0,0.0,0.0,0.0,0.0,0.0,0.0,0.0,0.0,0.0,0.0,0.0,0.0,0.0,0.0,0.0,0.0,0.0,0.0,0.0,0.0,0.36663165319742,0.0,0.0,0.0,0.0,0.0,0.0,0.0,0.0,0.0,0.0,0.0,0.0,0.0,0.0,0.0,0.18331582659871,5.132843144763892,0.0,0.0,0.0,0.0,0.0,0.0,0.0,0.0,0.18331582659871,0.0,0.0,0.0,0.0,0.0,0.0,0.0,0.18331582659871,0.0,0.0,0.0,0.0,0.0,0.0,0.0,0.0,0.0,0.0,0.0,0.0,0.0,0.0,0.0,0.0,0.0,0.0,0.0,0.0,0.0,0.0,0.0,0.0,0.0,0.54994747979613,0.0,0.0,0.0,0.0,0.0,0.0,0.0,0.0,0.0,0.0,0.0,0.0,0.0,0.0,0.0,0.0,0.0,0.0,0.0,0.0,0.0,0.0,0.0,0.0,0.0,0.0,0.0,0.0,0.54994747979613,0.0,0.36663165319742,0.0,0.0,0.18331582659871,0.36663165319742,0.0,0.0,0.0,0.18331582659871,0.0,0.0,0.0,0.0,0.0,0.0,0.0,0.0,0.54994747979613,0.0,0.0,0.0,0.0,0.0,0.0,0.0,0.18331582659871,0.18331582659871,0.0,0.0,0.0,0.0,0.0,0.0,0.0,0.0,0.0,0.0,0.0,0.0,0.0,0.0,0.0,0.18331582659871,0.0,0.0,0.0,0.0,0.0,0.0,0.0,0.0,0.0,0.0,0.0,0.0,0.0,0.0,0.0,0.0,0.0,0.0,0.0,0.0,0.54994747979613,0.0,0.0,0.0,0.0,0.0,0.0,0.0,0.0,0.0,0.0,0.0,0.0,0.0,0.0,0.0,0.0,0.0,0.0,0.0,0.0,0.0,0.0,0.0,0.0,0.0,0.0,0.0,0.0,0.0,0.0,0.0,0.0,0.0,0.0,0.0,0.36663165319742,0.0,0.0,0.0,0.0,0.0,0.0,0.0,0.0,0.0,0.0,0.0,0.0,0.0,0.0,0.0,0.0,0.0,0.0,0.0,0.0,0.0,0.9165791329935501,0.0,0.0,0.0,0.0,0.36663165319742,0.0,0.0,0.0,0.0,0.0,0.0,0.0,0.0,0.0,0.0,0.0,0.0,0.0,0.0,0.0,0.0,0.0,0.0,0.0,0.0,0.0,0.0,0.0,0.0,0.0,0.0,0.0,0.0,0.0,0.0,0.0,0.0,0.0,0.0,0.0,0.0,0.0,0.0,0.0,0.0,0.18331582659871,0.0,0.18331582659871,0.0,0.0,0.18331582659871,0.0,0.0,0.0,0.0,0.0,0.0,0.0,0.0,0.0,0.0,0.0,0.0,0.0,0.0,0.73326330639484,0.0,0.0,0.0,0.0,0.0,0.0,0.0,0.0,0.0,0.0,0.0,1.09989495959226,0.0,0.0,0.0,0.0,0.0,0.0,0.0,0.0,0.0,0.0
0.0,0.0,0.0,0.0,0.0,0.0,0.0,0.0,0.0,0.0,0.0,0.0,0.0,0.0,0.0,0.0,0.0,0.0,0.0,0.0,0.0,0.0,0.18331582659871,0.0,0.0,0.0,0.0,0.0,0.0,0.0,0.0,0.0,2.933053225579361,0.0,0.0,0.0,0.0,0.0,0.0,0.0,0.0,0.0,0.0,0.0,0.0,0.0,0.0,0.0,0.0,0.0,0.0,0.0,0.0,0.0,0.0,0.0,0.0,0.0,0.0,0.0,0.0,0.0,0.0,0.0,0.0,0.0,0.0,0.0,0.0,0.0,0.0,0.0,0.0,0.0,0.0,0.0,0.0,0.0,0.0,0.0,0.0,0.0,0.0,0.0,0.0,0.0,0.0,0.0,0.0,0.0,0.0,0.0,0.0,0.0,0.0,0.0,0.0,0.0,0.0,0.0,0.0,0.0,0.0,0.0,0.0,0.0,0.0,0.18331582659871,0.0,0.0,0.0,0.0,0.0,0.0,0.0,0.0,0.0,0.0,0.0,0.0,0.0,0.0,0.0,0.0,0.0,0.0,0.0,0.0,0.0,0.0,0.0,0.0,0.18331582659871,0.0,0.0,0.0,0.0,0.0,0.0,0.0,0.0,0.0,0.0,0.0,0.0,0.0,0.0,0.0,0.0,0.0,0.0,0.0,0.0,0.0,0.0,0.0,0.0,0.0,0.0,0.0,0.0,0.0,0.18331582659871,0.18331582659871,0.0,0.0,0.0,0.0,0.0,0.36663165319742,0.0,0.0,0.0,0.0,0.0,0.0,0.0,0.0,0.0,0.0,0.0,0.0,0.0,0.0,0.0,0.0,0.0,0.0,0.0,0.0,0.0,0.0,0.0,0.0,0.0,0.0,0.0,0.0,0.0,0.0,0.0,0.0,0.0,0.36663165319742,0.0,0.0,0.0,0.0,0.0,0.0,0.0,0.0,0.0,0.0,0.0,0.0,0.0,0.0,0.0,0.0,0.0,0.0,0.0,0.18331582659871,0.0,0.0,0.0,0.0,0.0,0.0,0.0,0.0,0.0,0.0,0.0,0.0,0.0,0.0,0.0,0.0,0.0,0.0,0.0,0.0,0.0,0.0,0.18331582659871,0.0,0.0,0.0,0.0,0.0,0.0,0.0,0.0,0.0,0.0,0.0,0.0,0.0,0.0,0.0,0.0,0.0,0.0,0.0,0.0,0.0,0.0,0.0,0.0,0.0,0.0,0.0,0.0,0.0,0.0,0.0,0.0,0.0,0.0,0.0,0.0,0.0,0.0,0.0,0.0,0.18331582659871,0.0,0.0,0.0,0.0,0.0,0.0,0.0,0.0,0.0,0.0,0.0,0.0,0.0,0.0,0.0,0.0,0.0,0.0,0.0,0.0,0.0,0.0,0.0,0.0,0.0,0.0,0.0,0.0,0.0,0.0,0.0,0.0,0.0,0.0,0.0,0.36663165319742,0.0,0.0,0.0,0.0,0.0,0.0,0.0,0.0,0.0,0.0,0.0,0.0,0.0,0.0,0.0,0.0,0.0,0.0,0.0,0.0,0.0
0.0,0.0,0.0,0.0,0.0,0.18331582659871,0.0,0.0,0.73326330639484,0.0,0.0,0.0,0.9165791329935501,0.0,0.0,0.0,0.0,0.0,0.0,0.0,0.0,0.0,0.0,0.18331582659871,0.0,0.18331582659871,0.0,0.0,0.0,0.0,0.0,0.0,0.18331582659871,0.0,0.0,0.0,0.0,0.0,0.0,0.0,0.0,0.0,0.0,0.0,0.18331582659871,0.0,0.0,0.0,0.18331582659871,0.18331582659871,0.0,0.0,1.09989495959226,0.0,0.0,0.18331582659871,0.0,0.0,0.0,0.0,0.0,0.0,0.0,0.0,0.0,0.0,0.0,0.0,0.0,0.0,0.0,0.18331582659871,0.0,0.0,0.0,0.0,0.18331582659871,0.18331582659871,0.0,0.0,0.0,0.0,0.0,0.0,0.0,0.0,0.0,0.0,0.0,0.0,0.0,0.0,0.0,0.0,0.0,0.0,0.18331582659871,0.0,0.0,0.0,0.0,0.0,0.18331582659871,0.0,0.54994747979613,0.0,0.0,0.0,0.0,0.0,0.0,0.0,0.0,0.0,0.0,0.0,0.0,0.18331582659871,0.0,0.0,0.0,0.36663165319742,0.0,0.0,0.0,0.0,0.0,0.0,0.18331582659871,0.0,0.0,0.0,0.0,0.0,0.0,0.0,0.0,0.0,0.0,0.0,0.0,0.0,0.0,0.0,0.0,0.0,0.0,0.0,0.0,0.0,0.0,0.0,0.0,0.0,0.0,0.18331582659871,0.0,0.0,0.0,0.0,0.0,0.0,0.0,0.0,0.0,0.0,0.0,0.0,0.0,0.0,3.4830007053754923,0.0,0.0,0.0,0.0,0.0,0.0,0.0,0.0,0.0,0.18331582659871,0.0,0.0,0.0,0.0,0.0,0.0,0.18331582659871,0.0,0.0,0.18331582659871,0.0,0.0,0.0,0.18331582659871,0.0,0.0,0.0,0.0,0.0,0.18331582659871,0.0,0.0,0.0,0.0,0.0,0.0,0.0,0.0,0.0,0.0,0.0,0.0,0.0,0.91657913299355,0.0,0.0,0.0,0.0,0.0,0.0,0.0,0.0,0.0,0.0,0.0,0.18331582659871,0.0,0.0,0.0,0.0,0.0,0.54994747979613,0.0,0.0,0.0,0.0,0.54994747979613,0.0,0.0,0.0,0.0,0.0,0.0,0.0,0.0,0.0,4.58289566496776,0.0,0.0,0.18331582659871,0.0,0.0,0.0,0.0,0.0,0.0,0.0,0.0,0.0,0.0,0.0,0.0,0.0,0.0,0.0,0.0,0.0,0.0,0.0,0.0,0.0,0.0,0.0,0.36663165319742,0.0,0.0,0.0,0.0,0.0,0.0,0.9165791329935501,0.0,0.0,0.0,0.0,0.0,0.0,0.0,0.0,0.0,0.0,0.0,0.0,0.0,0.0,0.0,0.0,0.0,0.0,0.0,0.18331582659871,0.0,0.0,0.0,0.0,0.0,0.0,0.0,0.0,0.0,0.0,0.0,0.0,0.0,0.0,0.18331582659871,0.0,0.0,0.0,0.0,0.0,0.0,0.18331582659871,0.9165791329935501,0.18331582659871,0.0,0.0,0.18331582659871,0.36663165319742,0.0,0.0,0.0,0.0,0.0,0.0,0.0,0.0,0.36663165319742,0.0,0.0,0.0,0.0,0.0,0.0
0.0,0.0,0.0,0.0,0.0,0.0,0.0,0.0,2.74973739898065,0.18331582659871,0.0,0.0,0.0,0.18331582659871,0.0,0.0,0.0,4.7662114915664615,0.0,0.0,0.54994747979613,0.0,0.0,0.0,0.0,0.36663165319742,0.0,0.0,0.0,0.0,0.0,0.0,2.7497373989806553,0.0,0.0,0.0,0.0,0.0,0.0,0.0,0.0,0.0,0.0,0.18331582659871,0.36663165319742,0.0,0.18331582659871,0.0,0.0,0.0,0.0,0.0,0.54994747979613,0.0,0.0,0.0,0.0,0.0,0.0,0.0,0.18331582659871,0.0,0.0,2.9330532255793575,0.0,0.0,0.0,0.0,0.0,0.0,0.0,0.0,0.0,0.0,0.0,0.0,0.18331582659871,0.18331582659871,0.0,0.0,2.19978991918452,0.0,0.0,0.0,0.0,0.0,0.0,2.56642157238195,0.0,0.0,0.0,0.0,0.0,0.0,0.0,0.0,0.0,0.0,0.0,0.0,0.0,0.0,0.0,0.0,0.0,0.0,0.0,0.0,0.0,0.0,0.0,0.0,0.0,0.0,0.0,0.0,0.0,0.0,0.0,0.0,0.0,0.0,0.0,0.0,2.9330532255793624,0.0,0.0,0.0,0.0,0.0,0.0,0.0,0.0,0.0,0.0,0.0,0.18331582659871,0.0,0.0,0.0,0.0,0.36663165319742,0.0,0.0,0.0,0.0,0.0,0.0,0.0,0.0,0.0,0.0,0.0,0.0,0.0,0.0,0.0,0.0,0.0,0.0,0.0,0.0,0.0,0.0,0.0,0.0,0.0,0.0,0.0,0.0,0.0,0.0,0.0,0.0,0.0,0.0,0.0,0.54994747979613,0.0,0.0,0.0,0.0,0.0,0.0,0.18331582659871,0.0,0.18331582659871,0.0,0.0,1.09989495959226,0.0,0.0,0.0,0.0,0.18331582659871,0.0,0.0,0.18331582659871,0.0,0.36663165319742,0.0,0.0,0.0,0.0,0.0,0.0,0.0,0.0,0.0,0.0,0.0,0.0,0.0,0.0,0.0,0.36663165319742,0.0,0.0,0.0,0.0,0.0,0.73326330639484,0.18331582659871,0.18331582659871,0.0,0.0,0.0,0.0,0.0,0.0,0.0,0.0,0.0,0.0,0.0,0.0,0.0,0.0,0.0,0.0,0.0,0.0,0.0,0.18331582659871,0.0,0.0,0.0,0.18331582659871,0.36663165319742,0.0,0.0,0.0,0.0,0.0,0.18331582659871,0.0,0.0,0.0,0.0,0.0,0.0,0.0,0.0,0.73326330639484,0.0,0.0,0.0,0.0,0.0,0.0,0.0,0.0,0.0,0.0,0.18331582659871,0.0,0.0,0.0,0.0,0.0,0.0,0.0,0.0,0.0,0.0,0.0,0.0,0.0,0.0,0.0,0.0,0.0,0.0,0.0,0.0,0.0,0.0,0.0,0.0,0.0,0.0,0.0,0.0,0.0,0.0,0.0,0.0,0.0,0.0,0.0,0.0,0.0,0.0,0.0,0.0,0.0,0.18331582659871,0.0,0.0,0.0,0.0,0.18331582659871,0.0,0.0,0.0,3.6663165319742066,0.0,0.0,0.0,0.18331582659871,0.0,0.18331582659871,0.0,0.0,0.0,0.0,0.0,0.0,0.0,0.0,0.0,0.0,0.0,0.0,0.0
0.0,0.0,0.0,0.0,0.0,0.0,0.0,0.0,0.0,0.0,0.91657913299355,0.0,0.0,0.0,0.0,0.0,0.0,0.0,0.0,0.0,0.0,0.0,0.0,0.0,0.0,0.18331582659871,0.0,0.0,0.0,0.0,0.0,0.0,0.0,0.0,0.0,0.0,0.0,0.0,0.0,0.0,0.0,0.0,0.0,0.0,0.0,0.0,0.0,0.0,0.0,0.0,0.0,0.0,0.0,0.0,0.0,0.0,0.0,0.0,0.18331582659871,0.0,0.0,0.0,0.0,0.0,0.0,0.0,0.0,0.0,0.0,0.0,0.0,0.0,0.0,0.0,0.0,0.0,0.0,0.0,0.0,0.0,0.0,0.0,0.0,0.0,0.0,0.0,0.0,0.0,0.0,0.0,0.0,0.0,0.0,0.0,0.0,0.0,0.0,0.0,0.0,0.0,0.0,0.0,0.0,0.0,0.0,0.0,0.0,0.0,0.0,0.0,0.0,0.0,0.0,0.0,0.0,0.0,0.0,0.0,0.0,0.0,0.0,0.0,0.0,0.0,0.0,0.0,0.0,0.0,0.0,0.0,0.0,0.0,0.54994747979613,0.0,0.0,0.0,0.0,0.0,0.0,0.0,0.0,0.0,0.0,0.0,0.0,0.0,0.0,0.0,0.0,0.0,0.0,0.0,0.0,0.0,0.0,0.0,0.0,0.18331582659871,0.73326330639484,0.0,0.0,0.0,0.0,0.0,0.0,0.0,0.0,0.0,0.0,0.0,0.0,0.0,0.0,0.0,0.0,0.0,0.0,0.18331582659871,0.0,0.18331582659871,0.0,0.0,0.0,0.0,0.0,0.0,0.0,0.0,0.0,0.0,0.0,0.0,0.0,0.0,0.18331582659871,0.54994747979613,0.0,0.0,0.0,0.0,0.91657913299355,0.0,0.0,0.0,0.0,0.0,0.0,0.0,0.0,0.0,0.0,0.0,0.0,0.36663165319742,0.0,0.0,0.0,0.0,0.0,0.0,0.0,0.0,0.0,0.0,0.0,0.0,0.0,0.0,0.0,0.0,0.0,0.0,0.0,0.0,0.0,0.0,0.0,0.0,0.0,0.0,0.0,0.0,0.0,0.0,0.0,0.0,0.0,0.0,0.0,0.0,0.0,0.0,0.0,0.0,0.0,0.0,0.0,0.0,0.0,0.0,0.0,0.0,0.0,0.0,0.0,0.0,0.0,0.0,0.0,0.0,0.0,0.0,0.0,0.0,0.0,0.0,0.0,0.0,0.0,0.0,0.0,0.0,0.0,0.0,0.0,0.0,0.0,0.0,0.0,0.0,0.0,0.0,0.0,0.0,0.0,0.0,0.0,0.18331582659871,0.0,0.0,0.0,0.0,0.0,0.0,0.0,0.0,0.0,0.0,0.0,0.0,0.0,0.0,0.0,0.0,0.0,0.0,0.0,0.0,0.0,0.0,0.0,0.0,0.0,0.0,0.0,0.0,1.6498424393883901,0.0,0.0,0.0,0.0,0.0,0.0,0.0,0.0,0.0,0.0,0.0,0.0,0.0,0.0,0.0,0.0,0.0,0.0
0.0,0.18331582659871,0.0,0.36663165319742,0.0,0.36663165319742,0.18331582659871,0.18331582659871,0.0,0.0,0.0,0.18331582659871,0.18331582659871,0.36663165319742,0.0,0.0,0.0,0.36663165319742,0.0,0.0,0.0,0.0,0.36663165319742,0.0,0.0,0.54994747979613,0.0,0.36663165319742,0.0,0.36663165319742,0.0,0.0,1.28321078619097,0.0,0.0,0.0,0.0,0.0,0.0,0.0,0.36663165319742,0.0,0.0,0.0,0.18331582659871,0.0,0.18331582659871,1.09989495959226,0.0,0.18331582659871,0.0,0.0,0.18331582659871,0.18331582659871,0.0,0.0,0.0,0.18331582659871,0.0,0.18331582659871,0.0,0.18331582659871,0.0,0.18331582659871,0.0,0.18331582659871,0.0,0.54994747979613,0.0,0.0,0.0,0.0,0.0,0.18331582659871,0.0,0.0,0.0,0.36663165319742,0.0,0.0,0.0,0.0,0.0,0.0,0.0,0.54994747979613,0.0,0.0,0.0,0.0,0.0,0.0,0.0,0.0,0.0,0.0,0.0,0.0,0.0,0.0,0.0,0.0,0.18331582659871,0.0,0.0,0.0,0.0,0.0,0.0,0.0,0.0,0.0,0.0,0.0,0.73326330639484,0.0,0.0,0.0,0.0,0.0,0.54994747979613,0.36663165319742,0.0,0.0,0.0,0.0,0.0,0.0,0.54994747979613,0.0,0.0,0.18331582659871,0.0,0.0,0.54994747979613,0.0,0.18331582659871,0.0,0.18331582659871,0.0,0.0,0.0,0.0,0.0,0.0,0.0,0.18331582659871,0.0,0.0,0.0,0.0,0.0,0.0,0.0,0.0,0.18331582659871,0.0,0.18331582659871,0.0,0.0,0.18331582659871,0.0,0.0,0.0,0.0,0.0,0.0,0.0,0.0,0.0,0.18331582659871,0.0,0.0,0.0,0.0,0.0,0.0,0.0,0.0,0.0,0.0,0.0,0.0,0.0,0.36663165319742,0.0,0.18331582659871,0.0,0.0,0.0,0.18331582659871,0.0,0.0,0.0,0.0,0.18331582659871,0.18331582659871,0.18331582659871,0.0,0.18331582659871,0.0,0.0,0.0,0.0,0.0,0.0,0.0,0.0,0.0,0.0,0.0,0.0,0.0,0.0,0.0,0.0,0.0,0.0,0.0,0.0,0.0,0.0,0.36663165319742,0.9165791329935501,0.18331582659871,0.0,0.18331582659871,0.18331582659871,0.0,0.0,0.0,0.0,0.0,0.0,0.0,0.0,0.0,0.0,0.0,0.0,0.0,0.0,0.0,0.0,0.0,0.0,0.18331582659871,0.0,0.0,0.0,0.0,0.0,0.0,0.0,0.0,0.0,0.0,0.0,0.0,0.0,0.0,0.0,0.0,0.0,0.0,0.0,0.0,0.0,0.0,0.0,0.0,0.0,0.0,0.0,0.18331582659871,0.0,0.0,0.0,0.0,0.0,0.0,0.0,0.0,0.0,0.0,0.0,0.0,0.0,0.0,0.0,0.0,0.18331582659871,0.0,0.0,0.0,0.0,0.0,0.0,0.0,0.0,0.0,0.0,0.0,0.0,0.0,0.0,0.0,0.0,0.0,0.0,0.0,0.0,0.18331582659871,0.0,0.0,0.18331582659871,0.18331582659871,0.0,0.0,0.0,0.0,0.18331582659871,0.0,0.0,0.0,0.18331582659871,0.0,2.38310574578323,0.0,0.0,0.0,0.0,0.0,0.0,0.0,0.0,0.0,0.0,0.0,0.0,0.0,0.18331582659871,0.0,0.0,0.0
0.36663165319742,0.0,0.0,0.0,0.0,0.0,0.0,0.0,0.36663165319742,0.0,0.73326330639484,1.8331582659871013,0.0,0.18331582659871,0.0,0.0,0.0,0.0,0.0,0.0,0.0,0.0,0.0,0.0,0.0,0.18331582659871,0.18331582659871,0.18331582659871,0.0,0.36663165319742,0.0,0.0,0.0,0.0,0.0,0.0,0.36663165319742,0.0,0.0,0.0,0.0,0.0,0.0,0.0,0.0,0.0,0.0,0.0,0.18331582659871,0.54994747979613,0.0,0.0,0.54994747979613,0.0,0.0,0.0,0.0,0.0,0.0,0.0,0.0,0.0,0.0,0.0,0.0,0.0,0.0,0.36663165319742,0.0,0.0,0.0,0.0,0.18331582659871,0.0,0.0,0.18331582659871,0.18331582659871,0.54994747979613,0.0,0.0,0.18331582659871,0.0,0.0,0.0,0.0,0.54994747979613,0.0,0.0,0.0,0.0,0.0,0.0,0.0,0.0,0.0,0.0,0.0,0.0,0.0,0.0,0.0,0.0,0.0,0.0,0.0,0.0,0.0,0.0,0.0,0.0,0.0,0.0,0.0,0.0,0.54994747979613,0.0,0.0,0.0,0.0,0.0,0.0,0.0,0.18331582659871,0.0,0.18331582659871,0.0,0.0,0.0,0.36663165319742,0.0,0.0,0.0,0.0,0.0,0.0,0.0,0.0,0.0,0.0,0.0,0.18331582659871,0.0,0.0,0.0,0.0,0.0,0.9165791329935501,0.0,0.0,0.0,0.0,0.0,0.0,0.0,0.0,0.0,0.0,0.0,0.0,0.0,0.0,0.0,0.18331582659871,0.0,0.0,0.0,0.0,0.0,0.0,0.0,0.0,0.0,0.0,0.0,0.0,0.0,0.0,0.0,0.0,0.0,0.0,0.18331582659871,0.0,0.0,0.0,0.0,0.36663165319742,1.46652661278968,0.0,0.36663165319742,0.0,0.0,0.0,0.0,0.18331582659871,0.0,0.0,0.54994747979613,0.0,0.18331582659871,0.0,0.0,0.0,0.0,0.0,0.0,0.0,0.0,0.0,0.0,0.0,0.0,0.0,0.0,0.0,0.36663165319742,0.0,0.0,0.0,0.0,0.18331582659871,0.0,0.0,0.18331582659871,0.36663165319742,0.0,0.0,0.0,0.0,0.0,0.0,0.18331582659871,0.0,0.0,0.0,0.0,0.0,0.18331582659871,0.0,0.0,0.0,0.0,0.0,0.0,0.0,0.0,0.36663165319742,0.0,0.0,0.0,0.0,0.0,0.0,0.0,0.0,0.0,0.0,0.0,0.0,0.0,0.0,0.0,0.0,0.18331582659871,0.0,0.0,0.0,0.0,0.18331582659871,0.0,0.0,0.0,0.0,0.0,0.36663165319742,0.0,0.0,0.0,0.0,0.0,0.0,0.0,0.0,0.0,0.0,0.0,0.0,0.0,0.0,0.0,0.0,0.0,0.0,0.0,0.0,0.0,0.0,0.0,0.0,0.0,0.0,0.0,0.0,0.0,0.0,0.0,0.0,0.0,0.0,0.0,0.0,0.0,0.0,0.0,0.0,0.0,0.18331582659871,0.0,0.0,0.0,0.0,0.0,0.0,0.0,0.18331582659871,0.0,0.0,0.0,0.18331582659871,0.0,0.0,0.0,0.0,0.0,0.0,0.0,0.0,0.0,0.54994747979613,0.0,0.0,0.0,0.0,0.0,0.0
0.0,0.0,0.0,0.0,0.0,0.18331582659871,0.0,0.0,0.54994747979613,0.18331582659871,0.0,0.0,0.0,0.0,0.0,0.0,0.0,0.73326330639484,0.0,0.0,0.0,0.0,0.0,0.36663165319742,0.0,5.316158971362596,0.0,0.0,0.0,0.0,0.0,0.0,0.54994747979613,0.0,0.0,0.0,0.0,0.0,0.54994747979613,0.0,0.0,0.0,0.0,0.36663165319742,0.0,0.0,0.18331582659871,0.0,0.0,0.0,0.0,0.0,1.09989495959226,0.36663165319742,0.0,0.0,0.0,0.0,0.0,0.18331582659871,0.0,0.0,0.0,0.0,0.0,0.0,0.0,0.0,0.0,0.0,0.0,0.0,0.0,0.0,0.0,0.18331582659871,0.18331582659871,0.0,0.0,0.0,0.36663165319742,0.0,0.0,0.0,0.0,0.0,0.0,0.0,0.18331582659871,0.0,0.0,0.0,0.0,0.0,0.0,0.0,0.0,0.0,0.0,0.0,0.0,0.0,0.0,0.0,0.0,0.0,0.0,0.0,0.0,0.0,0.0,0.0,0.0,0.0,0.0,0.0,0.0,0.0,0.0,0.0,0.0,0.0,0.0,0.0,0.36663165319742,0.0,0.0,0.0,0.18331582659871,0.0,0.0,0.0,0.0,0.0,0.0,0.0,0.0,0.0,0.0,0.0,0.0,0.0,0.0,0.0,0.0,0.0,0.0,0.0,0.0,0.0,0.0,0.0,0.0,0.0,0.18331582659871,0.0,0.0,0.0,0.0,0.0,0.0,0.0,0.0,0.0,0.0,0.0,0.0,0.0,0.0,0.0,0.73326330639484,0.0,0.0,0.0,0.0,0.0,0.0,0.18331582659871,0.0,0.0,0.36663165319742,0.0,0.0,0.0,0.0,0.0,0.0,0.0,0.0,0.0,0.0,0.0,0.0,0.0,0.0,0.0,0.0,0.0,0.0,0.54994747979613,0.0,0.0,0.0,0.0,0.0,0.0,0.0,0.0,0.0,0.0,0.0,0.0,0.0,0.0,0.0,0.73326330639484,0.18331582659871,0.0,0.0,0.0,0.18331582659871,0.18331582659871,0.0,0.0,0.0,0.0,0.0,0.0,0.0,0.0,0.0,0.0,0.0,0.0,0.0,0.0,0.0,0.0,0.0,0.0,0.0,0.0,0.0,0.0,0.0,0.0,0.0,0.0,0.18331582659871,0.0,0.18331582659871,0.0,0.0,0.0,0.0,0.0,0.0,0.0,0.0,0.0,0.0,0.0,0.0,0.36663165319742,0.0,0.0,0.0,0.0,0.0,0.0,0.0,0.9165791329935501,0.0,0.0,1.4665266127896812,0.0,0.0,0.0,0.0,0.0,0.0,0.54994747979613,0.0,0.0,0.0,0.0,0.0,0.0,0.0,0.0,0.0,0.0,0.0,0.0,0.0,0.0,0.0,0.0,0.0,0.0,0.0,0.0,0.0,0.0,0.0,0.0,0.0,0.0,0.0,0.0,0.0,0.0,0.0,0.0,0.0,0.0,0.0,0.0,0.0,0.0,0.0,0.0,0.0,0.0,0.18331582659871,0.0,0.0,0.0,0.0,1.09989495959226,0.0,0.18331582659871,0.0,0.0,0.0,0.0,0.0,0.0,0.18331582659871,0.0,0.0,0.0,0.0,0.0,0.0
0.0,0.0,0.0,0.0,0.0,0.0,0.0,0.0,0.0,0.0,0.0,0.0,0.18331582659871,0.0,0.36663165319742,0.18331582659871,0.18331582659871,0.0,0.0,0.0,0.0,0.0,0.18331582659871,0.0,0.0,0.0,0.0,0.0,0.0,0.0,0.0,0.0,0.18331582659871,0.0,0.0,0.0,0.0,0.0,0.0,0.0,0.0,0.0,0.0,0.0,0.18331582659871,0.0,0.0,0.0,0.0,0.0,0.18331582659871,0.0,0.0,0.18331582659871,0.0,0.0,0.0,0.0,0.0,0.0,0.0,0.0,0.0,0.0,0.0,0.0,0.0,0.0,0.0,0.0,0.0,0.18331582659871,0.0,0.0,0.0,0.0,0.0,0.0,0.0,0.0,0.0,0.0,0.0,0.0,0.0,0.0,0.0,0.0,0.0,0.18331582659871,0.18331582659871,0.0,0.0,0.0,0.0,0.0,0.0,0.0,0.0,0.0,0.0,0.18331582659871,0.0,0.0,0.0,0.0,0.0,0.0,0.0,0.0,0.0,0.0,0.0,0.0,0.0,0.0,0.0,0.0,0.0,0.0,0.0,0.18331582659871,0.0,0.0,0.0,0.0,0.0,0.36663165319742,0.0,0.0,0.0,0.0,0.0,0.18331582659871,0.0,0.0,0.0,0.0,0.0,0.0,0.0,0.18331582659871,0.0,0.0,0.0,0.0,0.0,0.0,0.0,0.0,0.0,0.0,0.0,0.0,0.0,0.0,0.0,0.0,0.0,0.0,0.0,0.0,0.0,0.0,0.0,0.0,0.73326330639484,0.0,0.73326330639484,0.0,0.0,0.0,0.0,0.0,0.0,0.0,0.0,0.0,0.0,0.0,0.0,0.0,0.0,0.0,0.0,0.0,0.0,0.0,0.0,0.0,0.0,0.0,0.0,0.0,0.0,0.0,0.0,0.0,0.0,0.0,0.0,0.0,0.0,0.0,0.73326330639484,0.0,0.0,0.0,0.0,0.0,0.0,0.0,0.0,0.0,0.0,0.0,0.0,0.0,0.0,0.0,0.0,0.0,0.73326330639484,0.0,0.0,0.0,0.0,0.0,0.0,0.0,0.0,0.0,0.0,0.0,0.0,0.0,0.0,0.0,0.0,0.0,0.0,0.0,0.0,0.0,0.0,0.0,0.0,0.0,0.0,0.0,0.0,0.0,0.0,0.0,0.0,0.0,0.0,0.0,0.0,0.0,0.0,0.0,0.0,0.0,0.0,0.0,0.0,0.0,0.0,0.0,0.0,0.0,0.18331582659871,0.0,0.0,0.0,0.0,0.0,0.0,0.0,0.0,0.0,0.0,0.0,0.0,0.0,0.0,0.0,0.0,0.0,0.0,0.18331582659871,0.0,0.0,0.0,0.0,0.0,0.0,0.0,0.0,0.0,0.0,0.0,0.0,0.0,0.0,0.0,0.0,0.0,0.0,0.0,0.0,0.0,0.18331582659871,0.0,0.0,0.0,0.0,0.0,0.0,0.0,0.0,0.0,0.0,0.0,0.0,0.0,0.0,0.0,0.0,0.36663165319742,0.0,0.0,0.0,0.0,0.0,0.0,0.0,0.0,0.0,0.0,0.0,0.0,0.0,0.0
0.0,0.0,0.0,0.0,0.0,0.18331582659871,0.18331582659871,0.0,0.0,0.18331582659871,0.18331582659871,0.0,0.0,0.0,0.0,0.0,0.0,0.0,0.0,0.0,0.36663165319742,0.0,0.0,0.0,0.0,1.28321078619097,0.0,0.0,0.0,0.0,0.0,0.0,1.09989495959226,0.0,0.0,0.0,0.0,0.0,0.36663165319742,0.0,0.0,0.0,0.0,0.18331582659871,0.0,0.0,0.18331582659871,0.0,0.36663165319742,0.36663165319742,0.0,0.0,2.19978991918452,0.0,0.0,0.0,0.0,0.0,0.0,5.866106451158712,0.0,0.18331582659871,0.0,0.0,0.0,0.0,0.0,0.0,0.0,0.0,0.0,0.0,0.0,0.0,0.0,0.0,0.0,0.0,0.0,0.18331582659871,7.3326330639484025,0.0,0.0,0.0,0.0,0.0,0.0,0.18331582659871,0.0,0.36663165319742,0.0,0.0,0.0,0.0,0.0,0.0,0.0,0.0,0.0,0.0,0.0,0.0,0.0,0.0,0.0,0.0,0.0,0.0,0.0,0.0,0.0,0.0,0.0,0.0,0.18331582659871,0.0,0.0,0.0,0.0,0.0,0.0,0.0,0.0,0.0,0.18331582659871,0.0,0.0,0.0,0.18331582659871,0.0,0.0,0.0,0.0,0.0,0.0,0.0,0.0,0.18331582659871,0.0,0.0,0.18331582659871,0.0,0.0,0.0,0.0,0.0,0.0,0.36663165319742,0.0,0.0,0.0,0.0,0.0,0.0,0.36663165319742,0.18331582659871,0.0,0.0,0.0,0.0,0.0,0.0,0.0,0.18331582659871,0.0,0.0,0.0,0.0,0.0,0.36663165319742,0.0,0.18331582659871,0.0,0.18331582659871,0.0,0.0,0.36663165319742,0.36663165319742,0.18331582659871,0.0,0.0,0.0,0.0,0.0,0.0,0.0,0.0,0.36663165319742,0.0,0.0,0.0,0.0,0.0,0.0,0.18331582659871,0.0,0.18331582659871,0.0,0.0,0.54994747979613,0.0,0.0,0.0,0.0,0.0,0.0,0.0,0.0,0.0,0.0,0.0,0.0,0.18331582659871,0.0,0.0,0.36663165319742,0.0,0.0,0.0,0.18331582659871,0.0,0.0,0.0,0.0,0.0,0.0,0.0,0.0,0.0,0.0,0.0,0.0,0.18331582659871,0.0,0.0,0.0,0.0,0.54994747979613,0.0,0.0,0.18331582659871,0.0,0.18331582659871,0.0,0.0,0.0,0.18331582659871,0.0,4.216264011770332,0.0,0.73326330639484,0.0,0.0,0.0,0.18331582659871,0.0,0.0,0.0,0.0,0.0,0.0,0.0,0.18331582659871,0.18331582659871,0.0,0.0,0.0,0.0,0.18331582659871,0.0,0.0,0.0,0.0,0.18331582659871,0.0,0.0,0.0,0.0,0.0,0.0,0.0,0.36663165319742,0.0,0.36663165319742,0.0,0.0,0.0,0.18331582659871,0.0,0.9165791329935501,0.91657913299355,0.0,0.0,0.0,0.0,0.0,0.0,0.0,0.0,0.0,0.0,0.18331582659871,0.0,0.18331582659871,0.0,0.0,0.0,0.18331582659871,0.0,0.0,0.18331582659871,0.0,0.0,0.0,0.0,0.0,0.0,0.0,0.0,0.0,0.0,0.0,0.0,0.0,0.0,0.0,0.0,0.0,0.0,0.36663165319742,0.0,0.54994747979613,0.0,0.0,0.0,0.0,0.0,0.0,0.0,0.0,0.0,0.0,0.0,0.0,0.0
0.0,0.18331582659871,0.0,0.0,0.36663165319742,0.0,0.0,0.0,0.0,0.18331582659871,0.0,0.0,0.0,0.18331582659871,0.0,0.0,0.0,0.0,0.0,0.0,0.0,0.18331582659871,0.0,0.0,0.0,0.0,0.0,0.0,0.0,0.0,0.0,0.0,0.0,0.0,0.0,0.0,0.0,0.0,0.0,0.0,0.0,0.0,0.0,0.0,0.0,0.0,0.0,0.0,0.0,0.0,0.0,0.0,0.18331582659871,0.0,0.0,0.73326330639484,0.0,0.0,0.0,0.0,0.0,0.0,0.0,0.0,0.18331582659871,0.18331582659871,0.0,0.0,0.0,0.0,0.0,0.0,0.0,0.0,0.0,0.0,0.0,0.18331582659871,0.18331582659871,0.0,0.0,0.0,0.0,0.0,0.0,0.0,0.54994747979613,0.0,0.0,0.0,0.0,0.0,0.0,0.0,0.0,0.36663165319742,0.0,0.0,0.0,0.0,0.0,0.0,0.0,0.0,0.0,0.0,0.0,0.0,0.0,0.0,0.0,0.0,0.18331582659871,0.0,0.0,0.0,0.0,0.0,0.0,0.0,0.0,0.0,0.0,0.0,0.0,0.0,0.0,1.283210786190975,0.0,0.0,0.9165791329935501,0.0,0.0,0.0,0.0,0.0,0.0,0.0,0.0,0.18331582659871,0.0,0.0,0.0,0.0,0.0,0.0,0.0,0.0,0.0,0.0,0.0,0.18331582659871,0.0,0.9165791329935501,0.0,0.0,0.0,0.0,0.0,0.0,0.0,0.0,0.0,0.0,0.0,0.0,0.0,0.0,0.0,0.0,0.0,0.0,0.0,0.0,0.0,0.0,0.0,0.0,0.0,0.0,0.0,0.0,0.0,0.0,0.0,0.0,0.0,0.0,0.0,0.0,0.0,0.0,0.0,0.0,0.0,0.0,0.0,0.0,0.0,0.0,0.0,0.18331582659871,0.0,0.0,0.0,0.0,0.0,0.18331582659871,0.18331582659871,0.0,0.0,0.0,0.0,0.0,0.0,0.0,0.0,0.0,0.0,0.0,0.0,0.0,0.0,0.36663165319742,0.0,0.0,0.0,0.0,0.0,0.0,0.0,0.0,0.0,0.0,0.0,0.0,0.0,0.0,0.0,0.0,0.18331582659871,0.0,0.0,0.0,0.0,0.0,0.0,0.0,0.0,0.0,0.0,0.0,0.0,0.0,0.0,0.0,0.0,0.0,0.0,0.0,0.0,0.0,0.18331582659871,0.0,0.0,0.0,0.0,0.18331582659871,0.0,0.0,0.0,0.0,0.0,0.0,0.0,0.0,0.0,0.0,0.0,0.0,0.0,0.0,0.0,0.0,0.0,0.0,0.0,0.0,0.0,0.0,0.0,0.0,0.0,0.0,0.0,0.0,0.0,0.0,0.0,0.0,0.0,0.0,0.0,0.0,0.0,0.0,0.0,0.0,0.0,0.0,0.0,0.0,0.36663165319742,0.0,0.0,0.0,0.0,0.0,0.0,0.0,3.1163690521780714,0.0,0.0,0.0,0.0,0.0,0.0,0.0,0.0,0.0,0.0,0.0,1.46652661278968,0.0,0.0,0.0,0.18331582659871,0.0,0.0,0.0,0.0,0.0,0.0,0.0,0.0
0.18331582659871,0.73326330639484,0.0,0.0,0.18331582659871,0.0,0.0,0.0,0.0,0.0,0.36663165319742,2.56642157238194,3.849632358572912,0.0,0.0,0.0,0.0,0.0,0.0,0.0,0.73326330639484,0.0,0.18331582659871,0.18331582659871,0.0,0.0,0.36663165319742,0.0,0.0,0.0,0.0,0.0,0.0,0.0,0.0,0.0,0.0,0.18331582659871,0.0,0.0,0.18331582659871,0.0,0.0,0.0,0.18331582659871,0.0,0.0,0.0,0.0,0.0,0.0,0.0,0.0,0.0,0.0,0.0,0.0,0.0,0.0,0.0,0.0,0.0,0.0,0.0,0.0,0.0,0.0,0.0,0.0,0.0,0.0,0.0,0.18331582659871,0.0,0.0,0.0,0.0,0.0,0.0,0.0,0.0,0.0,0.0,0.0,0.0,0.0,0.0,0.18331582659871,0.0,0.0,0.0,0.0,0.0,0.0,0.18331582659871,0.0,0.0,0.0,0.0,0.0,0.0,0.0,0.0,0.0,0.0,0.0,0.0,0.0,0.0,0.0,0.0,0.0,0.0,0.0,0.0,0.0,0.18331582659871,0.0,0.0,0.0,0.0,0.0,0.0,0.0,0.36663165319742,0.0,0.0,0.0,0.0,0.0,0.0,0.0,0.0,0.18331582659871,0.0,0.0,0.0,0.0,0.0,0.0,0.0,0.18331582659871,0.0,0.0,0.0,0.0,0.0,0.0,0.0,0.0,0.0,0.0,0.0,0.0,0.0,0.0,0.0,0.0,0.0,0.0,0.0,0.0,0.0,0.0,0.0,0.0,0.0,0.0,0.0,0.0,0.54994747979613,0.0,0.0,0.0,0.0,0.0,0.0,0.0,0.0,0.0,0.0,0.0,0.36663165319742,0.0,1.09989495959226,0.0,0.0,0.0,0.0,0.36663165319742,0.0,0.0,0.0,0.0,0.0,0.0,0.0,0.0,0.0,0.18331582659871,0.0,0.0,0.0,0.0,0.0,0.0,0.0,0.0,0.0,0.0,0.0,0.0,0.0,0.0,1.09989495959226,0.0,0.0,0.0,0.0,0.0,0.18331582659871,0.0,0.18331582659871,0.0,0.0,0.0,0.0,0.0,0.0,0.0,0.0,0.0,0.0,0.0,0.0,0.18331582659871,0.0,0.0,0.0,0.0,0.0,0.0,0.0,0.0,0.0,0.0,0.0,0.0,0.0,0.0,0.0,0.0,0.0,0.0,0.0,0.0,0.0,0.0,0.0,0.0,0.0,0.0,0.0,0.0,0.0,0.0,0.0,0.0,0.0,0.0,0.0,0.0,0.0,0.0,0.0,0.0,0.0,0.0,0.0,0.0,0.0,0.0,0.0,0.0,0.0,0.0,0.0,0.0,0.0,0.0,0.0,0.0,0.0,0.0,0.0,0.0,0.0,0.0,0.0,0.0,0.0,0.0,0.0,0.0,0.0,0.0,0.0,0.0,0.0,0.0,0.0,0.0,0.0,0.0,0.0,0.0,0.0,0.0,0.0,0.0,0.0,0.0,0.0,0.0,0.36663165319742,0.0,0.0,0.0,0.0,0.0,0.0,0.0,0.0,1.09989495959226,0.0,0.0,0.0,0.0,0.0,0.0,0.0,0.0,0.0,0.0,0.0
0.0,0.0,0.0,0.0,0.0,0.0,0.0,0.18331582659871,0.0,0.18331582659871,0.0,0.0,0.0,0.36663165319742,0.0,0.0,0.54994747979613,0.0,0.0,0.0,0.0,0.73326330639484,0.0,0.0,0.0,0.0,0.0,0.0,0.18331582659871,0.0,0.0,0.0,0.0,0.18331582659871,0.0,0.0,0.0,0.0,0.0,0.0,0.0,0.0,0.0,0.0,0.18331582659871,0.0,0.0,0.0,0.0,0.0,0.0,0.0,0.36663165319742,0.0,0.0,0.0,0.18331582659871,0.0,0.0,0.0,0.36663165319742,0.91657913299355,0.0,0.0,0.0,0.54994747979613,0.0,0.18331582659871,0.0,0.0,1.46652661278968,0.0,0.0,0.0,0.0,0.0,0.0,0.0,0.18331582659871,0.0,0.0,0.18331582659871,0.0,0.0,0.0,0.0,0.18331582659871,0.0,0.0,0.0,0.0,0.0,0.0,0.0,0.0,0.54994747979613,0.0,0.0,0.0,0.91657913299355,0.0,0.0,0.0,0.0,0.91657913299355,0.0,0.0,0.0,2.9330532255793598,0.0,0.0,0.0,0.18331582659871,0.0,0.0,0.0,0.0,0.0,0.18331582659871,0.0,0.0,0.0,0.0,0.0,0.0,0.18331582659871,0.18331582659871,0.0,0.0,0.0,0.0,0.0,0.0,0.0,0.0,0.18331582659871,0.0,0.0,0.36663165319742,1.46652661278968,0.0,0.0,0.0,0.0,0.0,0.0,0.0,0.0,0.0,0.0,0.0,0.0,8.06589637034324,0.0,0.0,0.0,0.0,0.0,0.0,0.0,0.0,0.36663165319742,0.0,0.0,0.0,0.18331582659871,0.0,0.0,0.0,0.0,0.0,0.18331582659871,0.0,0.0,0.0,0.0,0.0,0.73326330639484,0.0,0.0,0.36663165319742,0.0,0.0,0.0,0.0,0.0,0.0,0.0,0.0,0.0,0.0,0.18331582659871,0.0,0.0,0.0,0.0,0.0,0.0,4.399579838369045,0.0,0.0,0.0,0.0,0.0,0.0,0.0,0.0,0.0,0.0,0.0,0.0,0.18331582659871,0.0,0.0,0.0,0.0,0.0,0.0,0.0,0.0,0.0,0.0,0.0,0.0,0.0,0.0,0.18331582659871,0.0,0.0,0.0,0.0,0.0,0.0,0.0,0.73326330639484,0.0,0.0,0.0,0.0,0.0,0.0,0.0,0.0,0.0,0.0,0.0,0.0,0.0,0.0,0.0,0.0,0.0,0.0,0.0,0.0,0.0,1.09989495959226,0.0,0.0,0.0,0.0,1.28321078619097,0.0,0.0,0.0,1.46652661278968,0.18331582659871,0.0,0.0,0.0,1.28321078619097,0.0,0.0,0.0,0.0,0.0,0.0,0.0,0.0,0.0,0.0,0.0,0.54994747979613,0.0,0.0,0.0,0.0,0.0,0.0,0.0,0.0,0.0,0.0,0.0,0.0,0.0,0.0,0.0,0.0,0.0,0.0,0.0,0.36663165319742,0.0,1.09989495959226,0.0,0.0,0.54994747979613,0.0,0.0,0.18331582659871,0.73326330639484,0.18331582659871,0.0,0.0,0.0,0.0,0.0,0.18331582659871,0.0,0.0,0.0,0.54994747979613,0.0,0.0,0.0,0.0,0.0,0.0,0.0,0.0,0.0,0.0,0.0,3.84963235857291,0.18331582659871,0.0,0.0,0.0,0.0,0.0,0.0,0.0,0.0,0.0
0.0,0.0,0.0,0.0,0.18331582659871,0.0,0.0,0.0,0.0,0.0,0.0,0.0,0.0,0.0,0.0,0.0,0.54994747979613,0.0,0.36663165319742,0.0,0.0,0.18331582659871,0.0,0.0,0.0,0.0,2.5664215723819352,0.36663165319742,0.54994747979613,0.0,0.0,0.0,0.0,0.0,0.0,0.0,0.0,0.0,0.0,0.0,0.18331582659871,0.0,0.0,0.0,0.0,0.0,0.0,0.0,0.0,0.0,0.0,0.0,0.0,0.18331582659871,0.0,0.0,0.0,0.0,0.36663165319742,0.0,0.0,0.0,0.18331582659871,0.0,0.0,0.0,0.0,0.0,0.0,0.0,2.7497373989806473,0.0,0.0,0.0,0.0,0.0,0.0,0.0,0.36663165319742,0.0,0.0,0.18331582659871,0.0,0.0,0.0,0.0,0.0,0.0,0.0,0.0,0.0,0.0,0.0,0.0,6.2327381043561445,0.0,0.0,0.0,0.0,0.0,0.0,0.0,0.0,0.0,0.0,0.0,0.0,0.0,0.0,0.0,0.0,0.0,0.0,0.54994747979613,0.0,0.0,0.0,0.0,0.0,0.0,0.0,0.18331582659871,0.0,0.0,0.0,0.0,0.0,0.18331582659871,0.0,0.0,0.0,0.0,0.0,0.18331582659871,0.0,0.18331582659871,0.0,0.0,0.0,0.18331582659871,0.0,0.0,0.0,0.0,0.0,0.0,0.0,0.0,0.0,0.0,0.0,0.36663165319742,0.36663165319742,0.36663165319742,0.0,0.0,0.0,0.0,0.0,0.18331582659871,0.0,0.54994747979613,0.0,0.0,0.0,0.0,0.0,0.0,0.18331582659871,0.0,0.0,0.0,0.0,0.0,0.0,0.0,0.0,0.54994747979613,0.0,0.0,0.0,0.0,0.0,0.0,0.0,0.0,0.0,0.0,0.0,0.0,0.0,0.0,0.0,0.0,0.18331582659871,0.0,0.0,0.0,0.0,0.0,0.0,0.0,0.0,0.0,0.0,0.0,0.0,0.0,0.36663165319742,0.0,0.0,0.0,0.0,0.0,0.0,0.0,0.18331582659871,0.0,0.0,0.0,0.0,0.0,0.0,0.0,0.0,0.0,0.0,0.0,0.0,0.0,0.0,0.0,0.0,0.0,0.0,0.36663165319742,0.0,0.0,0.0,0.0,0.0,0.0,0.0,0.0,0.0,0.0,0.0,0.0,0.0,0.0,0.0,0.0,0.0,0.0,0.0,0.0,0.0,0.0,0.0,0.0,0.0,0.0,0.18331582659871,0.0,0.0,0.0,0.0,0.0,0.0,0.0,0.0,0.0,0.0,0.0,0.0,0.0,0.0,0.0,0.0,0.0,0.0,0.0,0.0,0.0,0.0,0.0,0.0,0.0,0.0,0.0,0.0,0.0,0.0,0.0,0.0,0.0,0.0,0.0,0.0,0.0,0.0,0.0,0.0,0.0,0.0,0.0,0.0,0.0,0.0,0.0,0.18331582659871,0.54994747979613,0.73326330639484,0.0,0.0,0.0,0.0,0.0,0.0,0.0,0.36663165319742,0.0,0.0,0.0,0.0,0.0,0.0,0.0,0.0,0.0,0.0,0.0,0.18331582659871,0.0,0.18331582659871,1.09989495959226,0.0,0.0,0.0,0.0,0.0,0.0,0.0,0.0,0.0
0.0,0.0,0.0,0.0,0.0,0.0,0.18331582659871,0.18331582659871,0.0,0.18331582659871,0.0,0.0,0.0,0.0,0.0,0.0,0.0,0.0,0.18331582659871,0.0,0.0,0.0,0.0,0.18331582659871,0.0,0.0,0.0,0.0,0.0,0.0,0.0,0.0,0.0,0.0,0.0,0.0,0.0,0.0,0.0,0.0,0.0,0.0,0.0,0.0,0.0,0.0,0.0,0.18331582659871,0.0,0.18331582659871,0.0,0.0,0.0,0.0,0.0,0.0,0.0,0.0,0.0,0.0,0.91657913299355,0.0,0.0,0.0,0.0,0.18331582659871,0.0,0.0,0.0,0.0,0.0,0.18331582659871,0.0,0.0,0.0,0.0,0.0,0.18331582659871,0.36663165319742,0.0,0.0,0.0,0.0,0.0,0.0,0.0,0.0,0.0,0.0,0.0,0.0,0.0,0.0,0.0,0.0,0.0,0.0,0.36663165319742,0.0,0.0,0.0,0.0,0.0,0.0,0.0,0.18331582659871,0.18331582659871,0.0,0.0,0.0,0.0,0.0,0.0,0.0,0.0,0.0,0.0,0.0,0.0,0.18331582659871,0.0,0.0,0.0,0.0,0.0,0.0,0.0,0.0,0.0,0.0,0.0,0.0,0.0,0.0,0.0,0.0,0.0,0.0,0.36663165319742,0.0,0.0,0.0,2.1997899191845214,0.36663165319742,0.0,0.0,0.0,0.0,0.0,0.0,0.0,0.0,0.0,0.0,0.0,0.0,0.18331582659871,0.0,0.0,2.016474092585811,0.18331582659871,0.18331582659871,0.0,0.0,0.0,0.36663165319742,0.0,0.0,0.0,0.0,0.0,0.0,0.0,0.0,0.0,0.0,0.0,0.18331582659871,0.0,0.0,0.0,0.0,0.0,0.0,0.0,0.0,0.0,0.0,0.0,0.0,0.0,0.0,0.0,0.0,0.0,0.0,0.0,0.0,0.0,0.0,0.0,0.18331582659871,0.0,0.0,0.0,0.0,0.0,0.73326330639484,0.0,0.0,0.0,0.0,0.0,0.0,0.0,0.0,0.0,0.0,0.0,0.0,0.0,0.0,0.0,0.0,0.0,0.0,0.0,0.0,0.0,0.0,0.0,0.0,0.0,0.0,0.0,0.0,0.0,0.0,0.0,0.0,0.0,0.0,0.0,0.0,0.0,0.0,0.0,0.0,0.0,0.0,0.0,0.0,0.0,0.0,0.0,0.0,0.0,0.0,0.0,0.0,0.0,0.0,0.0,0.0,0.0,0.0,0.0,0.0,0.0,0.0,0.0,0.0,0.0,0.0,0.0,0.0,0.0,0.0,0.0,0.0,0.0,0.0,0.0,0.0,0.0,0.0,0.0,0.0,0.0,0.0,0.0,0.0,0.0,0.0,0.0,0.0,0.0,0.0,0.0,0.0,0.0,0.0,0.0,0.0,0.0,0.0,0.0,0.0,0.0,0.0,0.18331582659871,0.0,0.0,0.0,0.0,0.0,0.0,0.0,0.0,0.0,0.0,0.0,0.0,0.0,0.0,0.0,0.0,0.0,0.0,0.0,0.0,0.0,0.0,0.0,0.0,0.0,3.4830007053755,0.0,0.0,0.0,0.0,0.0,0.0,0.0,0.0
0.0,0.0,0.0,0.0,0.0,0.0,0.18331582659871,0.0,0.0,0.0,0.0,0.0,0.0,0.0,0.0,0.0,0.0,0.0,0.0,0.0,0.0,0.0,0.0,0.0,0.0,0.0,0.0,0.0,0.0,0.0,0.0,0.0,0.0,0.0,0.0,0.0,0.0,0.0,0.0,0.0,0.0,0.0,0.0,0.0,0.0,0.0,0.0,0.0,0.0,0.0,0.0,0.0,0.0,0.0,0.0,0.0,0.0,0.0,0.0,0.0,0.18331582659871,0.0,0.0,0.0,0.0,0.18331582659871,0.0,0.0,0.0,0.0,0.0,0.0,0.0,0.0,0.0,0.0,0.0,0.0,0.0,0.0,0.0,0.0,0.0,0.0,0.0,0.0,0.0,0.0,0.0,0.0,0.0,0.0,0.0,0.0,0.0,0.0,0.0,0.0,0.0,0.0,0.0,0.0,0.0,0.0,0.0,0.0,0.18331582659871,0.0,0.0,0.0,0.0,0.0,0.0,0.0,0.0,0.0,0.0,0.0,0.0,0.0,0.0,0.0,0.0,0.0,0.0,0.0,0.0,0.0,0.0,0.0,0.0,0.0,0.0,0.0,0.0,0.0,0.0,0.0,0.0,0.0,0.0,0.0,0.0,0.0,0.0,0.0,0.0,0.0,0.0,0.0,0.0,0.0,0.0,0.0,0.18331582659871,0.0,0.0,0.0,0.0,0.0,0.0,0.0,2.9330532255793624,0.0,0.0,0.0,0.0,0.0,0.0,0.0,0.0,0.0,0.0,0.0,0.0,0.0,0.0,0.0,0.0,0.0,0.0,0.0,0.0,0.0,0.0,0.0,0.0,0.0,0.0,0.0,0.0,0.0,0.0,0.0,0.0,0.0,0.0,0.0,0.0,0.0,0.0,0.0,0.0,0.0,0.0,0.0,0.0,0.0,0.0,0.0,0.0,0.0,0.0,0.73326330639484,0.0,0.0,0.0,0.0,0.0,0.0,0.0,0.0,0.0,0.0,0.0,0.0,0.0,0.0,0.0,0.0,0.0,0.0,0.0,0.0,0.0,0.0,0.0,0.0,0.0,0.0,0.0,0.0,0.0,0.0,0.0,0.18331582659871,0.0,0.0,0.0,0.18331582659871,0.0,0.0,0.18331582659871,0.0,0.0,0.0,0.0,0.0,0.0,0.0,0.0,0.0,0.0,0.0,0.0,0.0,0.0,0.0,0.0,0.0,0.0,0.0,0.0,0.0,0.0,0.0,0.0,0.0,0.0,0.0,0.0,0.0,0.0,0.0,0.0,0.0,0.0,0.0,0.0,0.0,0.0,0.0,0.0,0.0,0.0,0.0,0.0,0.0,0.0,0.0,0.0,0.0,0.0,0.0,0.0,0.0,0.0,0.0,0.0,0.0,0.0,0.0,0.0,0.0,0.0,0.18331582659871,0.0,0.0,0.0,0.0,0.0,0.0,0.0,0.0,0.0,0.0,0.0,0.0,0.0,0.0,0.0,0.0,0.0,0.0,0.0,0.0,0.0,0.0,0.0,0.0,0.0,0.0,0.0,0.0,0.0
0.0,0.0,0.0,0.0,0.0,0.0,0.0,0.0,0.18331582659871,0.0,0.0,0.0,0.0,0.0,0.0,0.0,0.0,0.0,0.0,0.0,0.0,0.0,0.0,0.0,0.0,0.0,0.0,0.0,0.0,0.0,0.0,0.0,0.18331582659871,0.0,0.0,0.0,0.0,0.0,0.0,0.0,0.0,0.0,0.0,0.0,0.0,0.0,0.0,0.0,0.18331582659871,0.0,0.0,0.0,0.18331582659871,0.0,0.0,0.0,0.0,0.0,0.0,0.0,0.0,0.0,0.0,0.0,0.0,0.0,0.0,0.0,0.0,0.0,0.0,0.0,0.0,0.0,0.0,0.0,0.18331582659871,0.0,0.0,0.0,0.0,0.0,0.0,0.0,0.0,0.0,0.0,0.0,0.0,0.0,0.0,0.0,0.0,0.0,0.0,0.0,0.0,0.0,0.0,0.0,0.0,0.0,0.0,0.0,0.0,0.0,0.0,0.0,0.0,0.0,0.0,0.0,0.0,0.0,0.0,0.0,0.0,0.0,0.0,0.0,0.0,1.09989495959226,0.0,0.0,0.0,0.0,0.0,0.0,0.0,0.0,0.0,0.0,0.0,0.0,0.0,0.0,0.0,0.0,0.0,0.0,0.0,0.0,0.0,0.0,0.0,0.0,0.0,0.0,0.0,0.0,0.0,0.0,0.0,0.0,0.0,0.0,0.0,0.0,0.0,0.0,0.0,0.0,0.0,0.0,0.0,0.0,0.0,0.0,0.0,0.0,0.0,0.0,0.0,0.0,0.0,0.0,0.0,0.54994747979613,0.0,0.0,0.0,0.0,0.0,0.0,0.0,0.0,0.0,0.0,0.0,0.0,0.0,0.0,0.0,0.0,0.0,0.0,0.0,0.0,0.0,0.0,0.0,0.0,0.0,0.0,0.0,0.0,0.0,0.0,0.0,0.0,0.0,0.0,0.36663165319742,0.0,0.0,0.0,0.0,0.0,0.0,0.0,0.0,0.0,0.0,0.0,0.0,0.0,0.0,0.0,0.18331582659871,0.0,0.0,0.0,0.73326330639484,0.0,0.0,0.0,0.0,0.0,0.0,0.0,0.0,0.0,0.0,0.0,0.0,0.0,0.0,0.0,0.0,0.0,0.0,0.0,0.0,0.0,0.0,0.0,0.0,0.0,0.0,0.0,0.0,0.0,0.0,0.0,0.0,0.0,0.0,0.0,0.0,0.0,0.0,0.0,0.0,0.0,0.0,0.0,0.0,0.0,0.0,0.0,0.0,1.28321078619097,0.0,0.0,0.0,0.0,0.0,0.0,0.0,0.0,0.0,0.0,0.0,0.0,0.0,0.0,0.0,0.0,0.0,0.0,0.0,0.18331582659871,0.0,0.0,0.0,0.0,0.0,0.0,0.0,0.0,0.0,0.0,0.0,0.0,0.0,0.0,0.0,0.0,0.0,0.0,0.0,0.0,0.0,0.0,0.73326330639484,0.0,0.0,0.0,0.0,0.0,0.0,0.0,0.0,0.0,0.0,0.0,0.0,0.0,0.54994747979613,0.0,0.0,0.0,0.0,0.0,0.0
0.0,0.0,0.0,0.0,0.0,0.0,0.0,0.0,0.0,0.0,0.0,0.0,0.0,0.18331582659871,0.0,0.0,0.0,0.0,0.0,0.0,0.0,0.0,0.0,0.0,0.0,0.0,0.0,0.0,0.0,0.0,0.0,0.0,0.18331582659871,0.0,0.36663165319742,0.0,0.0,0.0,0.0,0.0,0.0,0.0,0.0,0.0,0.18331582659871,0.0,0.0,0.0,0.0,0.0,0.0,0.0,0.36663165319742,0.0,0.0,0.0,0.0,0.0,0.0,0.0,0.0,1.6498424393883901,0.0,0.0,0.0,0.0,0.0,0.0,0.54994747979613,0.0,0.0,0.0,0.0,0.0,0.0,0.0,0.0,0.0,0.0,0.0,0.0,0.0,0.0,0.0,0.0,0.0,0.0,0.0,0.0,0.0,0.0,0.0,0.0,0.0,0.0,0.0,0.0,0.0,0.0,0.0,0.0,0.0,0.0,0.0,0.0,0.0,0.0,0.0,0.0,0.0,0.0,0.0,0.0,0.0,0.0,0.0,0.0,0.0,0.0,0.0,0.0,0.0,0.0,0.0,0.0,0.0,0.0,0.0,0.0,0.0,0.0,0.0,0.0,0.0,0.0,0.0,0.0,0.0,0.0,0.0,0.0,0.0,0.0,0.0,0.0,0.0,0.0,2.19978991918452,0.0,0.0,0.0,0.0,0.0,0.0,0.0,0.0,0.0,0.18331582659871,0.0,0.0,0.0,0.0,0.0,0.54994747979613,0.0,0.0,0.0,0.0,0.0,0.0,0.0,0.0,0.0,0.0,0.0,0.0,0.0,0.0,0.18331582659871,0.0,0.0,0.0,0.0,0.0,0.0,0.0,0.0,9.53242298313292,0.0,0.0,0.0,0.0,0.0,0.0,0.0,0.0,0.0,0.0,0.0,0.0,0.0,0.0,0.0,0.0,0.0,0.0,0.0,0.0,0.0,0.0,0.9165791329935501,0.0,0.0,0.0,0.0,0.18331582659871,0.0,0.0,0.0,0.0,0.0,0.0,0.0,0.0,0.0,0.0,0.0,0.0,0.0,0.0,0.73326330639484,0.0,0.0,0.0,0.0,0.0,0.0,0.0,0.0,0.0,0.0,0.0,0.0,0.0,0.0,0.0,0.0,0.0,0.73326330639484,0.0,0.0,0.0,0.0,0.0,0.0,0.0,0.0,0.0,0.0,0.0,0.0,0.0,0.0,0.0,0.0,0.0,0.0,0.0,0.0,0.0,0.0,0.36663165319742,0.0,0.0,0.0,0.0,0.0,0.0,0.18331582659871,0.0,0.0,0.0,0.0,0.0,0.0,0.0,0.0,0.0,0.0,0.0,0.0,0.0,0.0,0.0,0.0,0.0,0.0,0.0,0.0,0.0,0.0,0.0,0.0,0.0,0.0,0.0,0.0,0.0,0.0,0.0,0.0,0.0,0.0,0.0,0.0,0.0,0.0,0.0,0.0,0.0,0.0,0.0,0.0,0.0,0.0,0.0,0.0,0.0,0.0,0.18331582659871,0.0,0.18331582659871,0.0,0.0,0.0,0.0,0.0,0.0,0.0,2.74973739898065,0.0,0.0,0.0,0.0,0.0
0.0,0.0,0.0,0.0,0.18331582659871,0.18331582659871,0.0,0.0,0.0,0.54994747979613,0.0,0.0,0.0,0.0,0.0,0.54994747979613,0.0,0.36663165319742,0.18331582659871,0.0,0.0,0.0,0.0,0.0,0.0,0.0,0.18331582659871,1.28321078619097,0.18331582659871,0.0,0.0,0.0,0.0,0.0,0.0,0.0,0.0,0.18331582659871,0.0,0.0,0.0,0.0,0.54994747979613,0.0,0.18331582659871,0.0,0.0,0.0,0.0,0.0,0.0,0.0,0.0,0.0,0.0,0.0,0.0,0.0,0.0,0.0,0.18331582659871,0.0,0.0,0.0,0.0,0.0,0.0,0.0,0.0,0.0,0.0,0.18331582659871,0.0,0.36663165319742,0.0,0.0,0.0,0.0,0.0,0.0,0.0,0.0,0.0,0.0,0.0,0.0,0.0,0.0,0.0,0.0,0.18331582659871,0.0,0.0,0.0,0.18331582659871,0.18331582659871,0.0,0.0,0.0,0.0,0.18331582659871,0.0,0.0,0.0,0.0,0.0,0.0,0.0,0.0,0.0,0.0,0.0,0.0,0.0,0.18331582659871,0.0,0.0,0.0,0.18331582659871,0.0,0.0,0.54994747979613,0.36663165319742,0.0,0.0,0.0,0.0,0.0,0.0,0.0,0.0,0.0,0.0,0.54994747979613,0.0,0.0,0.0,0.0,0.0,0.0,0.0,0.0,0.0,0.0,0.0,0.0,0.0,0.0,0.0,0.0,0.0,0.0,0.0,0.0,0.0,0.0,0.0,0.18331582659871,0.0,0.0,0.0,0.0,0.0,0.0,0.0,0.36663165319742,0.0,0.0,0.18331582659871,0.0,0.0,0.0,1.8331582659871002,0.0,0.0,0.0,0.0,0.0,0.0,0.0,0.0,0.0,0.0,0.0,0.0,0.0,0.0,0.0,0.18331582659871,0.0,0.0,0.0,0.0,0.18331582659871,0.0,0.0,0.0,0.0,0.18331582659871,0.18331582659871,0.0,0.0,0.0,0.0,0.18331582659871,0.18331582659871,0.0,0.0,0.0,0.0,0.0,0.0,0.0,0.0,0.0,0.0,0.0,0.0,0.0,0.0,0.36663165319742,0.0,0.0,0.0,0.0,0.0,0.0,0.0,0.0,0.0,0.0,0.0,0.0,0.0,0.0,0.18331582659871,0.0,0.0,0.0,0.0,0.0,0.0,0.0,0.0,0.0,0.0,0.0,5.866106451158718,0.0,0.0,0.0,0.0,0.0,0.0,0.0,0.36663165319742,0.0,0.0,0.0,0.0,0.0,0.0,0.0,0.0,0.0,0.0,0.0,0.0,0.0,0.0,0.0,0.0,0.0,0.0,0.0,0.18331582659871,0.0,0.73326330639484,0.0,0.36663165319742,0.0,0.0,0.0,0.0,0.0,0.0,0.0,0.0,0.0,0.0,0.0,0.0,0.0,0.0,0.0,0.0,0.0,0.0,0.0,0.0,0.0,0.0,0.0,0.0,0.0,0.0,0.0,0.0,0.0,0.18331582659871,0.0,0.0,0.0,0.0,0.0,0.0,0.0,0.0,0.0,0.0,0.0,0.0,0.0,0.0,0.0,0.0,0.0,0.0,0.0,0.0,0.0,0.0,0.0,0.0,0.0,0.0,0.0,0.0,0.0,0.0,1.28321078619097,0.0,0.0,0.0,0.0
0.0,0.0,0.0,0.0,0.0,0.36663165319742,0.18331582659871,0.0,0.0,0.18331582659871,0.0,0.18331582659871,0.0,1.09989495959226,0.0,0.18331582659871,0.0,0.0,0.0,0.0,0.0,0.0,0.18331582659871,0.0,0.0,0.0,0.0,0.0,0.0,0.0,0.18331582659871,0.0,0.0,0.0,0.0,0.0,0.0,0.0,0.0,0.0,0.0,0.0,0.0,0.0,0.18331582659871,0.0,0.18331582659871,0.0,0.36663165319742,0.0,0.0,0.0,0.36663165319742,0.18331582659871,0.18331582659871,0.0,0.0,0.0,0.0,0.0,0.0,0.18331582659871,0.0,0.0,0.0,0.0,2.0164740925858102,0.0,0.0,0.0,0.0,0.18331582659871,0.0,0.0,0.73326330639484,0.0,0.0,0.18331582659871,0.0,0.0,0.9165791329935501,0.18331582659871,0.0,0.0,0.0,0.0,0.0,0.0,0.0,0.0,0.0,0.0,0.0,0.0,0.18331582659871,0.0,0.0,0.0,0.0,0.0,0.18331582659871,0.0,0.0,0.0,0.0,0.18331582659871,0.18331582659871,0.0,0.0,0.0,0.0,0.0,0.0,0.0,0.18331582659871,0.0,0.0,0.0,0.0,0.0,0.18331582659871,0.0,0.0,0.0,0.0,0.0,0.0,0.0,0.0,0.0,0.18331582659871,0.0,0.0,0.0,0.0,0.0,0.0,0.0,0.0,0.0,0.0,0.0,0.54994747979613,0.0,0.0,0.0,0.0,0.0,0.0,0.0,0.0,0.0,0.0,0.18331582659871,0.0,0.18331582659871,0.0,0.0,0.0,0.0,0.0,0.0,0.0,0.0,0.0,0.0,0.0,0.0,0.0,0.0,0.0,0.18331582659871,0.0,0.0,0.0,0.0,0.0,0.0,0.0,0.18331582659871,0.0,0.0,0.0,0.18331582659871,0.0,0.0,0.0,0.0,0.0,0.0,0.0,0.0,0.18331582659871,0.0,0.18331582659871,0.0,0.0,0.0,0.0,0.18331582659871,0.0,0.0,0.0,0.0,0.0,0.0,0.0,0.18331582659871,0.0,0.0,0.0,0.0,0.0,0.0,0.0,0.0,0.0,0.0,0.0,0.0,0.0,0.0,0.0,0.0,0.0,0.0,0.0,0.18331582659871,0.18331582659871,0.0,0.0,0.0,0.0,0.0,0.0,0.0,0.0,0.0,0.0,0.0,0.0,0.0,0.18331582659871,0.0,0.0,0.0,0.0,0.0,0.0,0.36663165319742,0.0,0.0,0.0,0.0,0.0,0.0,0.0,0.0,0.0,0.0,0.0,0.0,0.0,0.0,0.0,0.18331582659871,0.0,0.0,0.0,0.0,0.0,0.0,0.0,0.0,0.0,0.0,0.0,0.0,0.0,0.0,0.0,0.0,0.0,0.73326330639484,0.0,0.0,0.0,0.0,0.0,0.0,0.36663165319742,0.0,0.18331582659871,0.0,0.0,0.0,0.0,0.0,0.0,0.0,0.0,0.0,0.0,0.0,0.0,0.0,0.0,0.0,0.0,0.0,0.0,0.0,0.0,0.0,0.0,0.0,0.0,0.0,0.0,0.0,0.0,0.0,0.0,0.0,0.0,0.0,0.0,0.0,0.0,0.0,0.0,0.0,0.0,0.0,0.0,0.0,0.0,0.0,0.0,0.0,0.0,4.216264011770332,0.0,0.0,0.0
0.0,0.0,0.0,0.0,0.0,0.0,0.0,0.0,0.0,0.0,0.0,0.0,0.0,0.0,0.0,0.0,0.0,0.0,0.0,0.0,0.0,0.0,0.0,0.0,0.0,0.0,0.0,0.0,0.0,0.0,0.0,0.0,0.0,0.0,0.0,0.0,0.0,0.0,0.0,0.18331582659871,0.0,0.0,0.0,0.0,0.0,0.0,0.0,0.0,0.0,0.0,0.0,0.0,0.0,0.0,0.0,0.0,0.0,0.0,0.0,0.0,0.0,0.0,0.0,0.0,0.0,0.0,0.0,0.0,0.0,0.0,0.0,0.0,0.0,0.0,0.0,0.0,0.0,0.0,0.0,0.0,0.0,0.0,0.0,0.0,0.0,0.0,0.0,0.0,0.0,0.0,0.0,0.0,0.0,0.0,0.0,0.0,0.0,0.0,0.0,0.0,0.0,0.0,0.0,0.0,0.0,0.0,0.0,0.36663165319742,0.0,0.0,0.0,0.18331582659871,0.0,0.0,0.0,0.0,0.0,0.0,0.0,0.0,0.0,0.0,0.0,0.0,0.0,0.0,0.0,0.0,0.0,0.0,0.0,0.0,0.0,0.0,0.0,0.0,0.0,0.36663165319742,0.0,0.0,0.0,0.0,0.0,0.0,0.0,0.0,0.0,0.0,0.0,0.0,0.0,0.0,0.0,0.0,0.0,0.0,0.0,0.0,0.0,0.0,0.0,0.0,0.0,0.54994747979613,0.0,0.0,0.0,0.0,0.0,0.0,0.0,0.0,0.0,0.0,0.0,0.0,0.0,0.0,0.0,0.0,0.0,0.0,0.0,0.0,0.0,0.0,0.0,0.0,0.0,0.0,0.0,0.0,0.0,0.0,0.0,0.0,0.0,0.0,0.0,0.0,0.0,0.0,0.0,0.0,0.0,0.0,0.0,0.0,0.0,0.0,0.0,0.0,0.0,0.0,0.0,0.0,0.0,0.0,0.18331582659871,0.18331582659871,0.0,0.0,0.0,0.0,0.0,0.0,0.0,0.0,0.0,0.0,0.0,0.0,0.0,0.0,0.0,0.0,0.0,0.0,0.0,0.0,0.0,0.0,0.0,0.0,0.0,0.0,0.0,0.0,0.0,0.0,0.0,0.0,0.0,0.0,0.0,0.0,0.0,0.0,0.0,0.0,0.0,0.0,0.0,0.0,0.0,0.0,0.0,0.0,0.0,0.0,0.0,0.0,0.0,0.0,0.0,0.0,0.0,0.0,0.0,0.0,0.0,0.0,0.0,0.0,0.0,0.0,0.0,0.18331582659871,0.0,0.0,0.0,0.0,0.0,0.0,0.0,0.0,0.0,0.0,0.0,0.0,0.0,0.0,0.0,0.0,0.0,0.0,0.0,0.0,0.0,0.0,0.0,0.0,0.0,0.0,0.0,0.0,0.0,0.0,0.0,0.0,0.0,0.0,0.0,0.0,0.0,0.0,0.0,0.0,0.0,0.0,0.0,0.0,0.0,0.0,0.0,0.0,0.0,0.0,0.0,0.18331582659871,0.0,0.0,0.18331582659871,0.0,0.0
0.0,0.0,0.0,0.0,0.0,0.0,0.18331582659871,0.0,0.0,0.0,0.0,0.0,0.0,0.0,0.0,0.0,0.0,0.0,0.0,0.0,0.0,0.0,0.0,0.36663165319742,0.0,0.0,0.0,0.0,0.0,0.0,0.0,0.0,0.0,0.0,0.0,0.0,0.0,0.0,0.0,0.0,0.0,0.0,0.0,0.0,0.0,0.0,0.0,0.0,0.0,0.0,0.0,0.0,0.0,0.18331582659871,0.0,0.0,0.0,0.0,0.0,0.0,0.0,0.18331582659871,0.0,0.0,0.0,0.0,0.0,0.0,0.0,0.0,0.0,0.0,0.0,0.18331582659871,0.0,0.0,0.0,0.0,0.0,0.0,0.0,0.0,0.0,0.0,0.0,0.0,0.0,0.0,0.0,0.0,0.0,0.0,0.0,0.0,0.0,0.0,0.0,0.0,0.0,0.0,0.0,0.0,0.0,0.0,0.0,0.18331582659871,0.0,0.0,0.0,0.0,0.0,0.0,0.0,0.0,0.0,0.0,0.0,0.0,0.0,0.0,0.0,0.0,0.0,0.0,0.0,0.0,0.0,0.0,0.0,0.18331582659871,0.0,0.18331582659871,0.0,0.0,0.0,0.0,0.0,0.0,0.0,0.0,0.0,0.0,0.0,0.0,0.0,0.0,0.0,0.0,0.0,0.0,0.0,0.0,0.0,0.0,0.0,0.0,0.0,0.0,0.0,0.0,0.0,0.0,0.0,0.0,0.0,0.0,0.0,0.0,0.0,0.0,0.0,0.0,0.0,0.0,0.0,0.0,0.0,0.0,0.0,0.0,0.0,0.0,0.0,0.18331582659871,0.0,0.0,0.0,0.0,0.0,0.0,0.0,0.0,0.0,0.0,0.0,0.0,0.0,0.0,0.0,0.0,0.0,0.0,0.0,0.0,0.0,0.0,0.0,0.0,0.0,0.0,0.0,0.0,0.0,0.0,0.0,0.0,0.0,0.0,0.0,0.0,0.0,0.0,0.0,0.0,0.0,0.0,0.0,0.0,0.0,0.0,0.0,0.0,0.0,0.0,0.0,0.0,0.0,0.0,0.0,0.0,0.0,0.0,0.0,0.0,0.0,0.0,0.0,0.0,0.0,0.0,0.0,0.18331582659871,0.0,0.0,0.0,0.0,0.0,0.0,0.0,0.0,0.0,0.0,0.0,0.0,0.0,0.0,0.0,0.0,0.0,0.18331582659871,0.0,0.0,0.0,0.0,0.0,0.0,0.0,0.0,0.0,0.0,0.0,0.0,0.0,0.0,0.0,0.0,0.0,0.0,0.0,0.0,0.0,0.0,0.0,0.0,0.0,0.0,0.0,0.0,0.0,0.0,0.0,0.0,0.0,0.0,0.0,0.0,0.0,0.0,0.0,0.0,0.0,0.0,0.0,0.0,0.0,0.0,0.0,0.0,0.0,0.0,0.0,0.0,0.18331582659871,0.0,0.0,0.0,0.0,0.0,0.0,0.0,0.0,0.0,0.0,0.0,0.0,0.36663165319742,0.0,0.0,0.0,0.0,0.0,0.0,0.0,0.36663165319742,0.0
0.0,0.0,0.0,0.0,0.0,0.0,0.0,0.0,0.0,0.0,0.0,0.0,0.0,0.0,0.0,0.0,0.0,0.0,0.0,0.0,0.0,0.0,0.0,0.0,0.0,0.0,0.0,0.0,0.0,0.0,0.0,0.18331582659871,0.0,0.0,0.0,0.0,0.0,0.0,0.0,0.0,0.0,0.0,0.0,0.0,0.0,0.18331582659871,0.0,0.0,0.0,0.0,0.0,0.0,0.0,0.18331582659871,0.0,0.54994747979613,0.0,0.0,0.0,0.0,0.0,0.0,0.0,0.0,0.18331582659871,0.0,0.0,0.0,0.0,0.0,0.18331582659871,0.0,0.0,0.0,0.0,0.0,0.0,0.0,0.54994747979613,0.0,0.0,0.0,0.0,0.0,0.0,0.0,0.36663165319742,0.0,0.0,0.0,0.0,0.0,0.0,0.0,0.0,0.18331582659871,0.0,0.0,0.0,0.18331582659871,0.0,0.0,0.0,0.0,0.0,0.0,0.0,0.0,0.0,0.0,0.0,0.0,0.18331582659871,0.0,0.0,0.0,0.0,0.0,0.0,0.0,0.0,0.0,0.0,0.0,0.0,0.18331582659871,0.0,0.0,0.0,0.0,0.0,0.0,0.0,0.0,0.0,0.0,0.18331582659871,0.0,0.0,0.0,0.0,0.0,0.0,0.0,0.0,0.0,0.0,0.0,0.0,0.0,0.0,0.0,0.0,0.0,0.0,0.0,0.0,0.0,0.0,0.0,0.0,0.0,0.0,0.0,0.0,0.0,0.0,0.0,0.0,0.0,0.0,0.0,0.0,0.0,0.0,0.0,0.0,0.0,0.0,0.0,0.0,0.0,0.0,0.0,0.0,0.0,0.0,0.0,0.0,0.0,0.0,0.0,0.0,0.0,0.0,0.0,0.0,0.0,0.0,0.0,0.0,0.0,0.0,0.0,0.0,0.0,0.0,0.0,0.0,0.0,0.0,0.0,0.0,0.0,0.0,0.0,0.0,0.0,0.0,0.0,0.0,0.0,0.0,0.0,0.0,0.0,0.0,0.0,0.0,0.0,0.0,0.0,0.0,0.0,0.0,0.0,0.0,0.0,0.0,0.0,0.0,0.0,0.0,0.0,0.0,0.0,0.0,0.0,0.0,0.0,0.0,0.0,0.0,0.0,0.0,0.0,0.0,0.0,0.0,0.0,0.0,0.0,0.0,0.0,0.0,0.0,0.18331582659871,0.0,0.0,0.0,0.0,0.0,0.0,0.0,0.0,0.0,0.0,0.0,0.0,0.0,0.0,0.0,0.0,0.0,0.0,0.0,0.0,0.0,0.18331582659871,0.0,0.0,0.0,0.0,0.0,0.0,0.0,0.0,0.0,0.0,0.0,0.0,0.0,0.0,0.0,0.0,0.18331582659871,0.0,0.0,0.0,0.0,0.0,0.18331582659871,0.0,0.0,0.0,0.0,0.0,0.0,0.0,0.0,0.0,0.0,0.0,0.0,0.0,0.0,0.0,0.0,0.0,0.0,0.0,0.0,0.0,0.0,0.0,0.0,0.0,0.0,0.0,0.0,0.0,0.0,0.0,0.0,0.91657913299355
