Actual,Partial_Dep,Density,Partial,CriticalDensity,Capacity,TT,Pred
14.355,15.230935194223232,0,0,125,2450,0.9316770186335402,0
15.09,15.230935194223232,0,0,125,2450,0.9316770186335402,0
12.95,15.230935194223232,0,0,125,2450,0.9316770186335402,0
13.43,15.230935194223232,0,0,125,2450,0.9316770186335402,0
15.63,15.230935194223232,0,0,125,2450,0.9316770186335402,0
9.41,15.230935194223232,0.125,0,125,2450,0.9316770186336801,0.00175
15.37,15.235102693153944,0.25,0.004167498930712554,125,2450,0.9316770186357763,0.0035
15.35,15.235102693153944,0.25,0.004167498930712554,125,2450,0.9316770186357763,0.0035
13.24,15.235102693153944,0.25,0.004167498930712554,125,2450,0.9316770186357763,0.0035
14.32,15.235102693153944,0.25,0.004167498930712554,125,2450,0.9316770186357763,0.0035
14.795000000000002,15.235102693153944,0.25,0.004167498930712554,125,2450,0.9316770186357763,0.0035
10.655,15.238580781263437,0.375,0.007645587040205015,125,2450,0.9316770186448602,0.00525
13.61,15.238580781263437,0.375,0.007645587040205015,125,2450,0.9316770186448602,0.00525
8.15,15.237829675142343,0.5,0.006894480919111601,125,2450,0.9316770186693166,0.007
13.405,15.237829675142343,0.5,0.006894480919111601,125,2450,0.9316770186693166,0.007
16.49,15.239059867614545,0.625,0.008124673391312953,125,2450,0.9316770187208848,0.00875
12.86,15.23763037231942,0.75,0.006695178096189025,125,2450,0.9316770188146583,0.0105
13.9,15.237934714112026,0.875,0.00699951988879377,125,2450,0.9316770189690836,0.01225
13.295,15.237934714112026,0.875,0.00699951988879377,125,2450,0.9316770189690836,0.01225
14.905,15.238888174334438,1,0.007952980111205932,125,2450,0.9316770192059627,0.014
14.08,15.238888174334438,1,0.007952980111205932,125,2450,0.9316770192059627,0.014
14.875,15.238888174334438,1,0.007952980111205932,125,2450,0.9316770192059627,0.014
12.785,15.23977156196394,1.25,0.008836367740707729,125,2450,0.9316770200310557,0.0175
12.155,15.236395323844942,1.5,0.0054601296217100526,125,2450,0.9316770215314284,0.021
12.985,15.236395323844942,1.5,0.0054601296217100526,125,2450,0.9316770215314284,0.021
15.355,15.236384753081706,1.625,0.005449558858474646,125,2450,0.9316770226249843,0.02275
9.385,15.236384753081706,1.625,0.005449558858474646,125,2450,0.9316770226249843,0.02275
10.565,15.234491492697712,1.75,0.003556298474480357,125,2450,0.9316770240022358,0.0245
14.75,15.234491492697712,1.75,0.003556298474480357,125,2450,0.9316770240022358,0.0245
10.84,15.234491492697712,1.75,0.003556298474480357,125,2450,0.9316770240022358,0.0245
13.65,15.234491492697712,1.75,0.003556298474480357,125,2450,0.9316770240022358,0.0245
11.075,15.234491492697712,1.75,0.003556298474480357,125,2450,0.9316770240022358,0.0245
14.62,15.234491492697712,1.75,0.003556298474480357,125,2450,0.9316770240022358,0.0245
13.99,15.23630068241352,1.875,0.005365488190287593,125,2450,0.9316770257084627,0.02625
8.86,15.23630068241352,1.875,0.005365488190287593,125,2450,0.9316770257084627,0.02625
13.48,15.23630068241352,1.875,0.005365488190287593,125,2450,0.9316770257084627,0.02625
15.435,15.23630068241352,1.875,0.005365488190287593,125,2450,0.9316770257084627,0.02625
12.985,15.237562693985613,2,0.006627499762380751,125,2450,0.9316770277922981,0.028
17.645000000000003,15.237562693985613,2,0.006627499762380751,125,2450,0.9316770277922981,0.028
13.305,15.237562693985613,2,0.006627499762380751,125,2450,0.9316770277922981,0.028
16.205,15.237547064173809,2.125,0.006611869950576832,125,2450,0.9316770303057297,0.029750000000000002
10.580000000000002,15.237547064173809,2.125,0.006611869950576832,125,2450,0.9316770303057297,0.029750000000000002
8.8,15.238908966440702,2.25,0.007973772217470199,125,2450,0.9316770333040992,0.0315
13.785,15.242410244717483,2.375,0.011475050494251349,125,2450,0.9316770368461024,0.03325
18.87,15.247618387123149,2.5,0.016683192899916932,125,2450,0.9316770409937887,0.035
14.495,15.247618387123149,2.5,0.016683192899916932,125,2450,0.9316770409937887,0.035
13.105,15.247618387123149,2.5,0.016683192899916932,125,2450,0.9316770409937887,0.035
9.15,15.254729503818329,2.625,0.023794309595096763,125,2450,0.931677045812562,0.03675
13.725,15.254729503818329,2.625,0.023794309595096763,125,2450,0.931677045812562,0.03675
15.11,15.254729503818329,2.625,0.023794309595096763,125,2450,0.931677045812562,0.03675
12.355,15.25852795691214,2.75,0.027592762688907868,125,2450,0.93167705137118,0.0385
14.92,15.25852795691214,2.75,0.027592762688907868,125,2450,0.93167705137118,0.0385
12.005,15.25852795691214,2.75,0.027592762688907868,125,2450,0.93167705137118,0.0385
10.86,15.258104756527196,2.875,0.027169562303964057,125,2450,0.9316770577417545,0.04025
15.465,15.258104756527196,2.875,0.027169562303964057,125,2450,0.9316770577417545,0.04025
18.27,15.258104756527196,2.875,0.027169562303964057,125,2450,0.9316770577417545,0.04025
19.095,15.25830429114843,3,0.027369096925198733,125,2450,0.9316770649997513,0.042
17.51,15.25830429114843,3,0.027369096925198733,125,2450,0.9316770649997513,0.042
14.760000000000002,15.25830429114843,3,0.027369096925198733,125,2450,0.9316770649997513,0.042
9.555,15.25830429114843,3,0.027369096925198733,125,2450,0.9316770649997513,0.042
15.385,15.25830429114843,3,0.027369096925198733,125,2450,0.9316770649997513,0.042
13.505,15.25830429114843,3,0.027369096925198733,125,2450,0.9316770649997513,0.042
17.05,15.25830429114843,3,0.027369096925198733,125,2450,0.9316770649997513,0.042
10.47,15.26241671309026,3.125,0.03148151886702877,125,2450,0.9316770732239906,0.043750000000000004
13.86,15.26241671309026,3.125,0.03148151886702877,125,2450,0.9316770732239906,0.043750000000000004
14.315,15.26241671309026,3.125,0.03148151886702877,125,2450,0.9316770732239906,0.043750000000000004
11.38,15.26241671309026,3.125,0.03148151886702877,125,2450,0.9316770732239906,0.043750000000000004
14.260000000000002,15.26241671309026,3.125,0.03148151886702877,125,2450,0.9316770732239906,0.043750000000000004
11.935,15.26241671309026,3.125,0.03148151886702877,125,2450,0.9316770732239906,0.043750000000000004
15.515,15.26241671309026,3.125,0.03148151886702877,125,2450,0.9316770732239906,0.043750000000000004
5.970000000000001,15.258406026606089,3.25,0.02747083238285697,125,2450,0.9316770824966458,0.0455
12.06,15.258406026606089,3.25,0.02747083238285697,125,2450,0.9316770824966458,0.0455
11.495,15.258406026606089,3.25,0.02747083238285697,125,2450,0.9316770824966458,0.0455
10.06,15.258406026606089,3.25,0.02747083238285697,125,2450,0.9316770824966458,0.0455
14.035,15.258406026606089,3.25,0.02747083238285697,125,2450,0.9316770824966458,0.0455
11.795,15.258406026606089,3.25,0.02747083238285697,125,2450,0.9316770824966458,0.0455
14.8,15.258406026606089,3.25,0.02747083238285697,125,2450,0.9316770824966458,0.0455
15.725,15.258406026606089,3.25,0.02747083238285697,125,2450,0.9316770824966458,0.0455
25.07,15.258485387883532,3.375,0.027550193660299982,125,2450,0.9316770929032451,0.04725
8.665,15.258485387883532,3.375,0.027550193660299982,125,2450,0.9316770929032451,0.04725
16.28,15.258485387883532,3.375,0.027550193660299982,125,2450,0.9316770929032451,0.04725
15.08,15.258485387883532,3.375,0.027550193660299982,125,2450,0.9316770929032451,0.04725
15.08,15.258485387883532,3.375,0.027550193660299982,125,2450,0.9316770929032451,0.04725
9.89,15.26039799243633,3.5,0.02946279821309794,125,2450,0.9316771045326707,0.049
12.775,15.26039799243633,3.5,0.02946279821309794,125,2450,0.9316771045326707,0.049
11.515,15.26039799243633,3.5,0.02946279821309794,125,2450,0.9316771045326707,0.049
13.66,15.26039799243633,3.5,0.02946279821309794,125,2450,0.9316771045326707,0.049
18.3,15.26039799243633,3.5,0.02946279821309794,125,2450,0.9316771045326707,0.049
15.955,15.26039799243633,3.5,0.02946279821309794,125,2450,0.9316771045326707,0.049
13.03,15.26039799243633,3.5,0.02946279821309794,125,2450,0.9316771045326707,0.049
15.645,15.259170931320469,3.625,0.028235737097237035,125,2450,0.9316771174771582,0.05075
6.19,15.258091003319326,3.75,0.02715580909609372,125,2450,0.9316771318322982,0.0525
12.085,15.258091003319326,3.75,0.02715580909609372,125,2450,0.9316771318322982,0.0525
12.37,15.258091003319326,3.75,0.02715580909609372,125,2450,0.9316771318322982,0.0525
36.09,15.258782258903397,3.875,0.027847064680164735,125,2450,0.9316771476970341,0.05425
13.33,15.258782258903397,3.875,0.027847064680164735,125,2450,0.9316771476970341,0.05425
17.39,15.258782258903397,3.875,0.027847064680164735,125,2450,0.9316771476970341,0.05425
15.155,15.258782258903397,3.875,0.027847064680164735,125,2450,0.9316771476970341,0.05425
13.175,15.258782258903397,3.875,0.027847064680164735,125,2450,0.9316771476970341,0.05425
13.525000000000002,15.2581918252469,4,0.027256631023668376,125,2450,0.9316771651736644,0.056
13.515,15.2581918252469,4,0.027256631023668376,125,2450,0.9316771651736644,0.056
11.330000000000002,15.2581918252469,4,0.027256631023668376,125,2450,0.9316771651736644,0.056
13.315,15.2581918252469,4,0.027256631023668376,125,2450,0.9316771651736644,0.056
13.35,15.2581918252469,4,0.027256631023668376,125,2450,0.9316771651736644,0.056
6.305000000000001,15.256489771259636,4.125,0.02555457703640407,125,2450,0.9316771843678415,0.05775
12.855,15.256489771259636,4.125,0.02555457703640407,125,2450,0.9316771843678415,0.05775
14.53,15.256489771259636,4.125,0.02555457703640407,125,2450,0.9316771843678415,0.05775
14.2,15.256489771259636,4.125,0.02555457703640407,125,2450,0.9316771843678415,0.05775
9.67,15.256489771259636,4.125,0.02555457703640407,125,2450,0.9316771843678415,0.05775
13.61,15.256489771259636,4.125,0.02555457703640407,125,2450,0.9316771843678415,0.05775
14.115,15.256489771259636,4.125,0.02555457703640407,125,2450,0.9316771843678415,0.05775
12.515,15.256489771259636,4.125,0.02555457703640407,125,2450,0.9316771843678415,0.05775
12.295000000000002,15.256489771259636,4.125,0.02555457703640407,125,2450,0.9316771843678415,0.05775
12.18,15.255556501370842,4.25,0.02462130714761024,125,2450,0.93167720538857135,0.059500000000000004
13.395,15.255556501370842,4.25,0.02462130714761024,125,2450,0.93167720538857135,0.059500000000000004
17.715,15.255556501370842,4.25,0.02462130714761024,125,2450,0.93167720538857135,0.059500000000000004
10.35,15.255556501370842,4.25,0.02462130714761024,125,2450,0.93167720538857135,0.059500000000000004
12.11,15.255556501370842,4.25,0.02462130714761024,125,2450,0.93167720538857135,0.059500000000000004
16.845,15.255556501370842,4.25,0.02462130714761024,125,2450,0.93167720538857135,0.059500000000000004
14.975,15.255556501370842,4.25,0.02462130714761024,125,2450,0.93167720538857135,0.059500000000000004
12.39,15.255556501370842,4.25,0.02462130714761024,125,2450,0.93167720538857135,0.059500000000000004
13.425,15.255556501370842,4.25,0.02462130714761024,125,2450,0.93167720538857135,0.059500000000000004
14.885,15.255556501370842,4.25,0.02462130714761024,125,2450,0.93167720538857135,0.059500000000000004
13.01,15.255556501370842,4.25,0.02462130714761024,125,2450,0.93167720538857135,0.059500000000000004
11.59,15.255556501370842,4.25,0.02462130714761024,125,2450,0.93167720538857135,0.059500000000000004
11.895,15.255556501370842,4.25,0.02462130714761024,125,2450,0.93167720538857135,0.059500000000000004
16.61,15.255556501370842,4.25,0.02462130714761024,125,2450,0.93167720538857135,0.059500000000000004
13.275,15.255556501370842,4.25,0.02462130714761024,125,2450,0.93167720538857135,0.059500000000000004
10.71,15.253885764511228,4.375,0.022950570287996186,125,2450,0.9316772283482142,0.06125
13.65,15.253885764511228,4.375,0.022950570287996186,125,2450,0.9316772283482142,0.06125
10.605,15.253885764511228,4.375,0.022950570287996186,125,2450,0.9316772283482142,0.06125
13.65,15.253885764511228,4.375,0.022950570287996186,125,2450,0.9316772283482142,0.06125
12.905,15.253885764511228,4.375,0.022950570287996186,125,2450,0.9316772283482142,0.06125
14.555,15.253885764511228,4.375,0.022950570287996186,125,2450,0.9316772283482142,0.06125
9.955,15.253885764511228,4.375,0.022950570287996186,125,2450,0.9316772283482142,0.06125
15.43,15.253885764511228,4.375,0.022950570287996186,125,2450,0.9316772283482142,0.06125
13.87,15.253885764511228,4.375,0.022950570287996186,125,2450,0.9316772283482142,0.06125
15.68,15.253885764511228,4.375,0.022950570287996186,125,2450,0.9316772283482142,0.06125
13.515,15.253885764511228,4.375,0.022950570287996186,125,2450,0.9316772283482142,0.06125
13.920000000000002,15.254851097773276,4.5,0.02391590355004425,125,2450,0.9316772533624844,0.063
8.79,15.254851097773276,4.5,0.02391590355004425,125,2450,0.9316772533624844,0.063
16.745,15.254851097773276,4.5,0.02391590355004425,125,2450,0.9316772533624844,0.063
10.240000000000002,15.254851097773276,4.5,0.02391590355004425,125,2450,0.9316772533624844,0.063
11.995,15.254851097773276,4.5,0.02391590355004425,125,2450,0.9316772533624844,0.063
14.745,15.254851097773276,4.5,0.02391590355004425,125,2450,0.9316772533624844,0.063
12.43,15.254851097773276,4.5,0.02391590355004425,125,2450,0.9316772533624844,0.063
12.89,15.254851097773276,4.5,0.02391590355004425,125,2450,0.9316772533624844,0.063
11.025,15.254851097773276,4.5,0.02391590355004425,125,2450,0.9316772533624844,0.063
9.75,15.257237008927158,4.625,0.026301814703925785,125,2450,0.9316772805504502,0.06475
8.41,15.257237008927158,4.625,0.026301814703925785,125,2450,0.9316772805504502,0.06475
16.845,15.257237008927158,4.625,0.026301814703925785,125,2450,0.9316772805504502,0.06475
14.615000000000002,15.257237008927158,4.625,0.026301814703925785,125,2450,0.9316772805504502,0.06475
16.25,15.257237008927158,4.625,0.026301814703925785,125,2450,0.9316772805504502,0.06475
9.49,15.257237008927158,4.625,0.026301814703925785,125,2450,0.9316772805504502,0.06475
16.52,15.257237008927158,4.625,0.026301814703925785,125,2450,0.9316772805504502,0.06475
13.705000000000002,15.257237008927158,4.625,0.026301814703925785,125,2450,0.9316772805504502,0.06475
11.435,15.257237008927158,4.625,0.026301814703925785,125,2450,0.9316772805504502,0.06475
15.95,15.257237008927158,4.625,0.026301814703925785,125,2450,0.9316772805504502,0.06475
16.825,15.257237008927158,4.625,0.026301814703925785,125,2450,0.9316772805504502,0.06475
7.985,15.25883410616126,4.75,0.027898911938027737,125,2450,0.9316773100345341,0.0665
13.36,15.25883410616126,4.75,0.027898911938027737,125,2450,0.9316773100345341,0.0665
10.11,15.25883410616126,4.75,0.027898911938027737,125,2450,0.9316773100345341,0.0665
14.74,15.25883410616126,4.75,0.027898911938027737,125,2450,0.9316773100345341,0.0665
14.65,15.258978881491553,4.875,0.02804368726832074,125,2450,0.9316773419405124,0.06825
17.509999999999998,15.258978881491553,4.875,0.02804368726832074,125,2450,0.9316773419405124,0.06825
14.295,15.258978881491553,4.875,0.02804368726832074,125,2450,0.9316773419405124,0.06825
13.825,15.266208541576146,5,0.03527334735291454,125,2450,0.9316773763975155,0.07
9.775,15.266208541576146,5,0.03527334735291454,125,2450,0.9316773763975155,0.07
13.39,15.266208541576146,5,0.03527334735291454,125,2450,0.9316773763975155,0.07
20.465,15.268718881372743,5.125,0.037783687149511636,125,2450,0.9316774135380278,0.07175000000000001
12.195,15.268718881372743,5.125,0.037783687149511636,125,2450,0.9316774135380278,0.07175000000000001
11.86,15.268718881372743,5.125,0.037783687149511636,125,2450,0.9316774135380278,0.07175000000000001
11.91,15.268718881372743,5.125,0.037783687149511636,125,2450,0.9316774135380278,0.07175000000000001
14.015,15.268718881372743,5.125,0.037783687149511636,125,2450,0.9316774135380278,0.07175000000000001
13.43,15.268718881372743,5.125,0.037783687149511636,125,2450,0.9316774135380278,0.07175000000000001
15.58,15.268718881372743,5.125,0.037783687149511636,125,2450,0.9316774135380278,0.07175000000000001
11.82,15.269662197359818,5.15625,0.038727003136585836,125,2450,0.9316774232582992,0.0721875
15.065,15.269662197359818,5.166666666666667,0.038727003136585836,125,2450,0.9316774265379157,0.07233333333333333
15.305,15.270177360129516,5.25,0.03924216590628404,125,2450,0.9316774534978881,0.0735
10.68,15.270177360129516,5.25,0.03924216590628404,125,2450,0.9316774534978881,0.0735
9.28,15.270177360129516,5.25,0.03924216590628404,125,2450,0.9316774534978881,0.0735
35.825,15.270177360129516,5.25,0.03924216590628404,125,2450,0.9316774534978881,0.0735
15.855,15.270177360129516,5.25,0.03924216590628404,125,2450,0.9316774534978881,0.0735
12.545,15.270177360129516,5.25,0.03924216590628404,125,2450,0.9316774534978881,0.0735
12.87,15.270177360129516,5.25,0.03924216590628404,125,2450,0.9316774534978881,0.0735
11.420000000000002,15.270177360129516,5.25,0.03924216590628404,125,2450,0.9316774534978881,0.0735
12.27,15.270177360129516,5.25,0.03924216590628404,125,2450,0.9316774534978881,0.0735
14.025,15.270480100600954,5.375,0.039544906377722455,125,2450,0.9316774964162886,0.07525
11,15.270480100600954,5.375,0.039544906377722455,125,2450,0.9316774964162886,0.07525
15.64,15.270480100600954,5.375,0.039544906377722455,125,2450,0.9316774964162886,0.07525
14.16,15.270480100600954,5.375,0.039544906377722455,125,2450,0.9316774964162886,0.07525
11.895,15.270480100600954,5.375,0.039544906377722455,125,2450,0.9316774964162886,0.07525
12.21,15.270480100600954,5.375,0.039544906377722455,125,2450,0.9316774964162886,0.07525
10.67,15.270480100600954,5.375,0.039544906377722455,125,2450,0.9316774964162886,0.07525
16.55,15.270480100600954,5.375,0.039544906377722455,125,2450,0.9316774964162886,0.07525
13.93,15.270480100600954,5.375,0.039544906377722455,125,2450,0.9316774964162886,0.07525
12.335,15.270480100600954,5.375,0.039544906377722455,125,2450,0.9316774964162886,0.07525
10.26,15.270480100600954,5.375,0.039544906377722455,125,2450,0.9316774964162886,0.07525
13.4,15.270480100600954,5.375,0.039544906377722455,125,2450,0.9316774964162886,0.07525
13.345,15.274692460642775,5.5,0.04375726641954358,125,2450,0.9316775424357762,0.077
11.895,15.274692460642775,5.5,0.04375726641954358,125,2450,0.9316775424357762,0.077
11.47,15.274692460642775,5.5,0.04375726641954358,125,2450,0.9316775424357762,0.077
13.495,15.274692460642775,5.5,0.04375726641954358,125,2450,0.9316775424357762,0.077
14.35,15.274692460642775,5.5,0.04375726641954358,125,2450,0.9316775424357762,0.077
16.32,15.274692460642775,5.5,0.04375726641954358,125,2450,0.9316775424357762,0.077
14.875,15.274692460642775,5.5,0.04375726641954358,125,2450,0.9316775424357762,0.077
12.245,15.274692460642775,5.5,0.04375726641954358,125,2450,0.9316775424357762,0.077
13.29,15.274692460642775,5.5,0.04375726641954358,125,2450,0.9316775424357762,0.077
10.14,15.274692460642775,5.5,0.04375726641954358,125,2450,0.9316775424357762,0.077
14.825,15.274692460642775,5.5,0.04375726641954358,125,2450,0.9316775424357762,0.077
25.61,15.274692460642775,5.5,0.04375726641954358,125,2450,0.9316775424357762,0.077
15.855,15.274692460642775,5.5,0.04375726641954358,125,2450,0.9316775424357762,0.077
9.670000000000002,15.274692460642775,5.5,0.04375726641954358,125,2450,0.9316775424357762,0.077
11.585,15.274692460642775,5.5,0.04375726641954358,125,2450,0.9316775424357762,0.077
16.1,15.274692460642775,5.5,0.04375726641954358,125,2450,0.9316775424357762,0.077
14.58,15.274692460642775,5.5,0.04375726641954358,125,2450,0.9316775424357762,0.077
16.5,15.274692460642775,5.5,0.04375726641954358,125,2450,0.9316775424357762,0.077
13.54,15.271218761731074,5.625,0.04028356750784212,125,2450,0.9316775917022514,0.07875
21.16,15.271218761731074,5.625,0.04028356750784212,125,2450,0.9316775917022514,0.07875
15.815,15.271218761731074,5.625,0.04028356750784212,125,2450,0.9316775917022514,0.07875
14.250000000000002,15.271218761731074,5.625,0.04028356750784212,125,2450,0.9316775917022514,0.07875
15.76,15.271218761731074,5.625,0.04028356750784212,125,2450,0.9316775917022514,0.07875
12.04,15.271218761731074,5.625,0.04028356750784212,125,2450,0.9316775917022514,0.07875
11.77,15.271218761731074,5.625,0.04028356750784212,125,2450,0.9316775917022514,0.07875
12.47,15.271218761731074,5.625,0.04028356750784212,125,2450,0.9316775917022514,0.07875
13.355,15.271218761731074,5.625,0.04028356750784212,125,2450,0.9316775917022514,0.07875
14.67,15.271218761731074,5.625,0.04028356750784212,125,2450,0.9316775917022514,0.07875
18.295,15.271218761731074,5.625,0.04028356750784212,125,2450,0.9316775917022514,0.07875
17.98,15.271218761731074,5.625,0.04028356750784212,125,2450,0.9316775917022514,0.07875
10.415,15.271218761731074,5.625,0.04028356750784212,125,2450,0.9316775917022514,0.07875
13.35,15.271218761731074,5.625,0.04028356750784212,125,2450,0.9316775917022514,0.07875
8.65,15.271218761731074,5.625,0.04028356750784212,125,2450,0.9316775917022514,0.07875
11.795,15.271218761731074,5.625,0.04028356750784212,125,2450,0.9316775917022514,0.07875
11.665,15.270362385792476,5.75,0.0394271915692439,125,2450,0.9316776443649688,0.0805
14.905,15.270362385792476,5.75,0.0394271915692439,125,2450,0.9316776443649688,0.0805
11.43,15.270362385792476,5.75,0.0394271915692439,125,2450,0.9316776443649688,0.0805
16.565,15.270362385792476,5.75,0.0394271915692439,125,2450,0.9316776443649688,0.0805
13.29,15.270362385792476,5.75,0.0394271915692439,125,2450,0.9316776443649688,0.0805
12.015,15.270362385792476,5.75,0.0394271915692439,125,2450,0.9316776443649688,0.0805
15.675,15.270362385792476,5.75,0.0394271915692439,125,2450,0.9316776443649688,0.0805
16.625,15.270362385792476,5.75,0.0394271915692439,125,2450,0.9316776443649688,0.0805
14.46,15.270362385792476,5.75,0.0394271915692439,125,2450,0.9316776443649688,0.0805
14.239999999999998,15.270362385792476,5.75,0.0394271915692439,125,2450,0.9316776443649688,0.0805
14.420000000000002,15.270362385792476,5.75,0.0394271915692439,125,2450,0.9316776443649688,0.0805
13.05,15.270362385792476,5.75,0.0394271915692439,125,2450,0.9316776443649688,0.0805
16.27,15.270362385792476,5.75,0.0394271915692439,125,2450,0.9316776443649688,0.0805
12.63,15.270362385792476,5.75,0.0394271915692439,125,2450,0.9316776443649688,0.0805
12.915,15.269822073322178,5.875,0.03888687909894628,125,2450,0.9316777005765371,0.08225
11.845,15.269822073322178,5.875,0.03888687909894628,125,2450,0.9316777005765371,0.08225
13.34,15.269822073322178,5.875,0.03888687909894628,125,2450,0.9316777005765371,0.08225
12.275,15.269822073322178,5.875,0.03888687909894628,125,2450,0.9316777005765371,0.08225
15.47,15.269822073322178,5.875,0.03888687909894628,125,2450,0.9316777005765371,0.08225
13.2,15.269822073322178,5.875,0.03888687909894628,125,2450,0.9316777005765371,0.08225
8.57,15.269822073322178,5.875,0.03888687909894628,125,2450,0.9316777005765371,0.08225
12.175,15.269822073322178,5.875,0.03888687909894628,125,2450,0.9316777005765371,0.08225
7.725,15.270561329452772,6,0.03962613522953973,125,2450,0.9316777604929192,0.084
15.28,15.270561329452772,6,0.03962613522953973,125,2450,0.9316777604929192,0.084
36.06,15.270561329452772,6,0.03962613522953973,125,2450,0.9316777604929192,0.084
14.78,15.270561329452772,6,0.03962613522953973,125,2450,0.9316777604929192,0.084
11.81,15.270561329452772,6,0.03962613522953973,125,2450,0.9316777604929192,0.084
12.66,15.270561329452772,6,0.03962613522953973,125,2450,0.9316777604929192,0.084
15.235,15.270561329452772,6,0.03962613522953973,125,2450,0.9316777604929192,0.084
18.28,15.267990933221428,6.09375,0.037055738998196475,125,2450,0.9316778079572027,0.0853125
16.535,15.267990933221428,6.125,0.037055738998196475,125,2450,0.9316778242734315,0.08575
13.44,15.267990933221428,6.125,0.037055738998196475,125,2450,0.9316778242734315,0.08575
11.445,15.266112668085034,6.25,0.035177473861802255,125,2450,0.9316778920807454,0.08750000000000001
11.94,15.266112668085034,6.25,0.035177473861802255,125,2450,0.9316778920807454,0.08750000000000001
14.095,15.266112668085034,6.25,0.035177473861802255,125,2450,0.9316778920807454,0.08750000000000001
18.275,15.266112668085034,6.25,0.035177473861802255,125,2450,0.9316778920807454,0.08750000000000001
14.505,15.266112668085034,6.25,0.035177473861802255,125,2450,0.9316778920807454,0.08750000000000001
9.88,15.263645117828403,6.375,0.032709923605171554,125,2450,0.931677964080885,0.08925
12.335,15.263645117828403,6.375,0.032709923605171554,125,2450,0.931677964080885,0.08925
13.235,15.263645117828403,6.375,0.032709923605171554,125,2450,0.931677964080885,0.08925
10.12,15.263645117828403,6.375,0.032709923605171554,125,2450,0.931677964080885,0.08925
13.64,15.263645117828403,6.375,0.032709923605171554,125,2450,0.931677964080885,0.08925
12.6,15.261477863408672,6.5,0.03054266918544002,125,2450,0.9316780404432298,0.091
11.41,15.261477863408672,6.5,0.03054266918544002,125,2450,0.9316780404432298,0.091
31.955,15.261477863408672,6.5,0.03054266918544002,125,2450,0.9316780404432298,0.091
14.075,15.261477863408672,6.5,0.03054266918544002,125,2450,0.9316780404432298,0.091
8.370000000000001,15.261477863408672,6.5,0.03054266918544002,125,2450,0.9316780404432298,0.091
10.235,15.261477863408672,6.5,0.03054266918544002,125,2450,0.9316780404432298,0.091
13.925,15.261477863408672,6.5,0.03054266918544002,125,2450,0.9316780404432298,0.091
12.18,15.261477863408672,6.5,0.03054266918544002,125,2450,0.9316780404432298,0.091
17.37,15.261477863408672,6.5,0.03054266918544002,125,2450,0.9316780404432298,0.091
14.86,15.260894827456768,6.625,0.029959633233536564,125,2450,0.9316781213405123,0.09275
8.795,15.260894827456768,6.625,0.029959633233536564,125,2450,0.9316781213405123,0.09275
10.04,15.260894827456768,6.625,0.029959633233536564,125,2450,0.9316781213405123,0.09275
14.260000000000002,15.260894827456768,6.625,0.029959633233536564,125,2450,0.9316781213405123,0.09275
13.38,15.260894827456768,6.625,0.029959633233536564,125,2450,0.9316781213405123,0.09275
13.44,15.260894827456768,6.625,0.029959633233536564,125,2450,0.9316781213405123,0.09275
12.655,15.260894827456768,6.625,0.029959633233536564,125,2450,0.9316781213405123,0.09275
11.38,15.260894827456768,6.625,0.029959633233536564,125,2450,0.9316781213405123,0.09275
12.68,15.260894827456768,6.625,0.029959633233536564,125,2450,0.9316781213405123,0.09275
12.08,15.260894827456768,6.625,0.029959633233536564,125,2450,0.9316781213405123,0.09275
9.55,15.260894827456768,6.625,0.029959633233536564,125,2450,0.9316781213405123,0.09275
15.925,15.260894827456768,6.625,0.029959633233536564,125,2450,0.9316781213405123,0.09275
15.22,15.260894827456768,6.625,0.029959633233536564,125,2450,0.9316781213405123,0.09275
11.35,15.2652518929686,6.75,0.0343166987453678,125,2450,0.9316782069488198,0.0945
10.79,15.2652518929686,6.75,0.0343166987453678,125,2450,0.9316782069488198,0.0945
13.565,15.2652518929686,6.75,0.0343166987453678,125,2450,0.9316782069488198,0.0945
15.585,15.2652518929686,6.75,0.0343166987453678,125,2450,0.9316782069488198,0.0945
21.495,15.2652518929686,6.75,0.0343166987453678,125,2450,0.9316782069488198,0.0945
16.135,15.2652518929686,6.75,0.0343166987453678,125,2450,0.9316782069488198,0.0945
13.145,15.2652518929686,6.75,0.0343166987453678,125,2450,0.9316782069488198,0.0945
13.81,15.2652518929686,6.75,0.0343166987453678,125,2450,0.9316782069488198,0.0945
17.744999999999997,15.2652518929686,6.75,0.0343166987453678,125,2450,0.9316782069488198,0.0945
14.505,15.2652518929686,6.75,0.0343166987453678,125,2450,0.9316782069488198,0.0945
15.175,15.263981945211054,6.875,0.03304675098782184,125,2450,0.931678297447593,0.09625
14.035,15.263981945211054,6.875,0.03304675098782184,125,2450,0.931678297447593,0.09625
10.665,15.263981945211054,6.875,0.03304675098782184,125,2450,0.931678297447593,0.09625
13.855,15.263981945211054,6.875,0.03304675098782184,125,2450,0.931678297447593,0.09625
11.025,15.263981945211054,6.875,0.03304675098782184,125,2450,0.931678297447593,0.09625
12.855,15.263981945211054,6.875,0.03304675098782184,125,2450,0.931678297447593,0.09625
14.825,15.263981945211054,6.875,0.03304675098782184,125,2450,0.931678297447593,0.09625
13.565,15.263981945211054,6.875,0.03304675098782184,125,2450,0.931678297447593,0.09625
14.755,15.263981945211054,6.875,0.03304675098782184,125,2450,0.931678297447593,0.09625
10.61,15.263981945211054,6.875,0.03304675098782184,125,2450,0.931678297447593,0.09625
12.735,15.263981945211054,6.875,0.03304675098782184,125,2450,0.931678297447593,0.09625
12.705,15.263981945211054,6.875,0.03304675098782184,125,2450,0.931678297447593,0.09625
10.445,15.263981945211054,6.875,0.03304675098782184,125,2450,0.931678297447593,0.09625
9.775,15.263981945211054,6.875,0.03304675098782184,125,2450,0.931678297447593,0.09625
18.665,15.263981945211054,6.875,0.03304675098782184,125,2450,0.931678297447593,0.09625
13.605,15.263981945211054,6.875,0.03304675098782184,125,2450,0.931678297447593,0.09625
31.04,15.261309436775544,7,0.03037424255231258,125,2450,0.9316783930196272,0.098
21.92,15.261309436775544,7,0.03037424255231258,125,2450,0.9316783930196272,0.098
8.635,15.261309436775544,7,0.03037424255231258,125,2450,0.9316783930196272,0.098
8.125,15.261309436775544,7,0.03037424255231258,125,2450,0.9316783930196272,0.098
13.735,15.261309436775544,7,0.03037424255231258,125,2450,0.9316783930196272,0.098
12.35,15.261309436775544,7,0.03037424255231258,125,2450,0.9316783930196272,0.098
14.655,15.261309436775544,7,0.03037424255231258,125,2450,0.9316783930196272,0.098
12.705,15.261309436775544,7,0.03037424255231258,125,2450,0.9316783930196272,0.098
15.595,15.261309436775544,7,0.03037424255231258,125,2450,0.9316783930196272,0.098
13.075,15.261309436775544,7,0.03037424255231258,125,2450,0.9316783930196272,0.098
13.355,15.261309436775544,7,0.03037424255231258,125,2450,0.9316783930196272,0.098
10.995,15.261309436775544,7,0.03037424255231258,125,2450,0.9316783930196272,0.098
12.775,15.261309436775544,7,0.03037424255231258,125,2450,0.9316783930196272,0.098
14.735,15.261309436775544,7,0.03037424255231258,125,2450,0.9316783930196272,0.098
15.455,15.261309436775544,7,0.03037424255231258,125,2450,0.9316783930196272,0.098
8.68,15.261309436775544,7,0.03037424255231258,125,2450,0.9316783930196272,0.098
10.56,15.261309436775544,7,0.03037424255231258,125,2450,0.9316783930196272,0.098
12.05,15.261309436775544,7,0.03037424255231258,125,2450,0.9316783930196272,0.098
15.99,15.261309436775544,7,0.03037424255231258,125,2450,0.9316783930196272,0.098
13.485,15.261309436775544,7,0.03037424255231258,125,2450,0.9316783930196272,0.098
14.545000000000002,15.26320631896355,7.125,0.03227112474031735,125,2450,0.9316784938510714,0.09975
12.13,15.26320631896355,7.125,0.03227112474031735,125,2450,0.9316784938510714,0.09975
13.505,15.26320631896355,7.125,0.03227112474031735,125,2450,0.9316784938510714,0.09975
12.22,15.26320631896355,7.125,0.03227112474031735,125,2450,0.9316784938510714,0.09975
13.425,15.26320631896355,7.125,0.03227112474031735,125,2450,0.9316784938510714,0.09975
10.585,15.26320631896355,7.125,0.03227112474031735,125,2450,0.9316784938510714,0.09975
17.555,15.26320631896355,7.125,0.03227112474031735,125,2450,0.9316784938510714,0.09975
12.78,15.26320631896355,7.125,0.03227112474031735,125,2450,0.9316784938510714,0.09975
15.215,15.261386342487928,7.25,0.03045114826469586,125,2450,0.9316786001314284,0.1015
7.665,15.261386342487928,7.25,0.03045114826469586,125,2450,0.9316786001314284,0.1015
12.775,15.261386342487928,7.25,0.03045114826469586,125,2450,0.9316786001314284,0.1015
12.285,15.261386342487928,7.25,0.03045114826469586,125,2450,0.9316786001314284,0.1015
16.880000000000003,15.261386342487928,7.25,0.03045114826469586,125,2450,0.9316786001314284,0.1015
11.71,15.261386342487928,7.25,0.03045114826469586,125,2450,0.9316786001314284,0.1015
14.265,15.26161113445162,7.28125,0.030675940228388043,125,2450,0.9316786275754372,0.1019375
8.675,15.265873264477284,7.375,0.03493807025405182,125,2450,0.9316787120535558,0.10325000000000001
12.705,15.265873264477284,7.375,0.03493807025405182,125,2450,0.9316787120535558,0.10325000000000001
16.57,15.265873264477284,7.375,0.03493807025405182,125,2450,0.9316787120535558,0.10325000000000001
15.955,15.265873264477284,7.375,0.03493807025405182,125,2450,0.9316787120535558,0.10325000000000001
12.32,15.265873264477284,7.375,0.03493807025405182,125,2450,0.9316787120535558,0.10325000000000001
12.83,15.265873264477284,7.375,0.03493807025405182,125,2450,0.9316787120535558,0.10325000000000001
12.96,15.269302936561685,7.5,0.03836774233845297,125,2450,0.9316788298136646,0.105
12.46,15.269302936561685,7.5,0.03836774233845297,125,2450,0.9316788298136646,0.105
14.515,15.269302936561685,7.5,0.03836774233845297,125,2450,0.9316788298136646,0.105
9.18,15.270602786385847,7.625,0.039667592162615506,125,2450,0.9316789536113197,0.10675
14.655,15.270602786385847,7.625,0.039667592162615506,125,2450,0.9316789536113197,0.10675
15.31,15.270602786385847,7.625,0.039667592162615506,125,2450,0.9316789536113197,0.10675
12.685,15.270602786385847,7.625,0.039667592162615506,125,2450,0.9316789536113197,0.10675
16.965,15.270602786385847,7.625,0.039667592162615506,125,2450,0.9316789536113197,0.10675
16.04,15.27306000492496,7.75,0.042124810701727355,125,2450,0.931679083649441,0.1085
26.165,15.27306000492496,7.75,0.042124810701727355,125,2450,0.931679083649441,0.1085
12.19,15.27306000492496,7.75,0.042124810701727355,125,2450,0.931679083649441,0.1085
10.4,15.27306000492496,7.75,0.042124810701727355,125,2450,0.931679083649441,0.1085
10.985,15.27306000492496,7.75,0.042124810701727355,125,2450,0.931679083649441,0.1085
5.6850000000000005,15.27306000492496,7.75,0.042124810701727355,125,2450,0.931679083649441,0.1085
13.7,15.27306000492496,7.75,0.042124810701727355,125,2450,0.931679083649441,0.1085
13.49,15.27306000492496,7.75,0.042124810701727355,125,2450,0.931679083649441,0.1085
9.88,15.27306000492496,7.75,0.042124810701727355,125,2450,0.931679083649441,0.1085
15.61,15.27306000492496,7.75,0.042124810701727355,125,2450,0.931679083649441,0.1085
11.425,15.27306000492496,7.75,0.042124810701727355,125,2450,0.931679083649441,0.1085
13.355,15.27306000492496,7.75,0.042124810701727355,125,2450,0.931679083649441,0.1085
14.03,15.276830097953187,7.875,0.045894903729955416,125,2450,0.931679220134301,0.11025
15.545,15.276830097953187,7.875,0.045894903729955416,125,2450,0.931679220134301,0.11025
8.115,15.276830097953187,7.875,0.045894903729955416,125,2450,0.931679220134301,0.11025
15.32,15.276830097953187,7.875,0.045894903729955416,125,2450,0.931679220134301,0.11025
12.13,15.276830097953187,7.875,0.045894903729955416,125,2450,0.931679220134301,0.11025
12.68,15.276830097953187,7.875,0.045894903729955416,125,2450,0.931679220134301,0.11025
10.425,15.276830097953187,7.875,0.045894903729955416,125,2450,0.931679220134301,0.11025
14.585,15.276830097953187,7.875,0.045894903729955416,125,2450,0.931679220134301,0.11025
15.580000000000002,15.276830097953187,7.875,0.045894903729955416,125,2450,0.931679220134301,0.11025
14.045,15.276830097953187,7.875,0.045894903729955416,125,2450,0.931679220134301,0.11025
12.485,15.276830097953187,7.875,0.045894903729955416,125,2450,0.931679220134301,0.11025
15.61,15.276830097953187,7.875,0.045894903729955416,125,2450,0.931679220134301,0.11025
11.645,15.276830097953187,7.875,0.045894903729955416,125,2450,0.931679220134301,0.11025
18.235,15.276830097953187,7.875,0.045894903729955416,125,2450,0.931679220134301,0.11025
14.505,15.279223405029512,8,0.04828821080628032,125,2450,0.9316793632755279,0.112
12.295,15.279223405029512,8,0.04828821080628032,125,2450,0.9316793632755279,0.112
15.315,15.279223405029512,8,0.04828821080628032,125,2450,0.9316793632755279,0.112
13.205,15.279223405029512,8,0.04828821080628032,125,2450,0.9316793632755279,0.112
13.395,15.279223405029512,8,0.04828821080628032,125,2450,0.9316793632755279,0.112
13.585,15.279223405029512,8,0.04828821080628032,125,2450,0.9316793632755279,0.112
14.315,15.279223405029512,8,0.04828821080628032,125,2450,0.9316793632755279,0.112
17.375,15.279223405029512,8,0.04828821080628032,125,2450,0.9316793632755279,0.112
15.325,15.279223405029512,8,0.04828821080628032,125,2450,0.9316793632755279,0.112
14.5,15.279223405029512,8,0.04828821080628032,125,2450,0.9316793632755279,0.112
10.855,15.276078244398391,8.125,0.045143050175159516,125,2450,0.9316795132861024,0.11375
7.805,15.276078244398391,8.125,0.045143050175159516,125,2450,0.9316795132861024,0.11375
12.64,15.276078244398391,8.125,0.045143050175159516,125,2450,0.9316795132861024,0.11375
5.755000000000001,15.276078244398391,8.125,0.045143050175159516,125,2450,0.9316795132861024,0.11375
15.685,15.276078244398391,8.125,0.045143050175159516,125,2450,0.9316795132861024,0.11375
10.21,15.276078244398391,8.125,0.045143050175159516,125,2450,0.9316795132861024,0.11375
16.72,15.276078244398391,8.125,0.045143050175159516,125,2450,0.9316795132861024,0.11375
12.760000000000002,15.276078244398391,8.125,0.045143050175159516,125,2450,0.9316795132861024,0.11375
12.475,15.276078244398391,8.125,0.045143050175159516,125,2450,0.9316795132861024,0.11375
8.379999999999999,15.276078244398391,8.125,0.045143050175159516,125,2450,0.9316795132861024,0.11375
15.49,15.276078244398391,8.125,0.045143050175159516,125,2450,0.9316795132861024,0.11375
9.25,15.276078244398391,8.125,0.045143050175159516,125,2450,0.9316795132861024,0.11375
12.405,15.276078244398391,8.125,0.045143050175159516,125,2450,0.9316795132861024,0.11375
10.825,15.276078244398391,8.125,0.045143050175159516,125,2450,0.9316795132861024,0.11375
12.75,15.276078244398391,8.125,0.045143050175159516,125,2450,0.9316795132861024,0.11375
12.9,15.276078244398391,8.125,0.045143050175159516,125,2450,0.9316795132861024,0.11375
12.41,15.281839441052703,8.25,0.05090424682947159,125,2450,0.9316796703823602,0.1155
12.495,15.281839441052703,8.25,0.05090424682947159,125,2450,0.9316796703823602,0.1155
10.855,15.281839441052703,8.25,0.05090424682947159,125,2450,0.9316796703823602,0.1155
12.425,15.281839441052703,8.25,0.05090424682947159,125,2450,0.9316796703823602,0.1155
14.21,15.281839441052703,8.25,0.05090424682947159,125,2450,0.9316796703823602,0.1155
13.815,15.281839441052703,8.25,0.05090424682947159,125,2450,0.9316796703823602,0.1155
12.72,15.281839441052703,8.25,0.05090424682947159,125,2450,0.9316796703823602,0.1155
14.475,15.281839441052703,8.25,0.05090424682947159,125,2450,0.9316796703823602,0.1155
24.495,15.301788449702071,8.375,0.07085325547883947,125,2450,0.9316798347839906,0.11725000000000001
13.645,15.301788449702071,8.375,0.07085325547883947,125,2450,0.9316798347839906,0.11725000000000001
12.765,15.301788449702071,8.375,0.07085325547883947,125,2450,0.9316798347839906,0.11725000000000001
18.185,15.301788449702071,8.375,0.07085325547883947,125,2450,0.9316798347839906,0.11725000000000001
17.41,15.301788449702071,8.375,0.07085325547883947,125,2450,0.9316798347839906,0.11725000000000001
13.245,15.301788449702071,8.375,0.07085325547883947,125,2450,0.9316798347839906,0.11725000000000001
14.605,15.301788449702071,8.375,0.07085325547883947,125,2450,0.9316798347839906,0.11725000000000001
12.84,15.301788449702071,8.375,0.07085325547883947,125,2450,0.9316798347839906,0.11725000000000001
18.89,15.301788449702071,8.375,0.07085325547883947,125,2450,0.9316798347839906,0.11725000000000001
13.31,15.301788449702071,8.375,0.07085325547883947,125,2450,0.9316798347839906,0.11725000000000001
13.505,15.301788449702071,8.375,0.07085325547883947,125,2450,0.9316798347839906,0.11725000000000001
13.89,15.304630155576035,8.5,0.07369496135280329,125,2450,0.9316800067140372,0.11900000000000001
10.245,15.304630155576035,8.5,0.07369496135280329,125,2450,0.9316800067140372,0.11900000000000001
20.35,15.304630155576035,8.5,0.07369496135280329,125,2450,0.9316800067140372,0.11900000000000001
15.3,15.304630155576035,8.5,0.07369496135280329,125,2450,0.9316800067140372,0.11900000000000001
15.69,15.304630155576035,8.5,0.07369496135280329,125,2450,0.9316800067140372,0.11900000000000001
13.965,15.304630155576035,8.5,0.07369496135280329,125,2450,0.9316800067140372,0.11900000000000001
17.42,15.304630155576035,8.5,0.07369496135280329,125,2450,0.9316800067140372,0.11900000000000001
14.96,15.304630155576035,8.5,0.07369496135280329,125,2450,0.9316800067140372,0.11900000000000001
17.34,15.304630155576035,8.5,0.07369496135280329,125,2450,0.9316800067140372,0.11900000000000001
14.905,15.304630155576035,8.5,0.07369496135280329,125,2450,0.9316800067140372,0.11900000000000001
11.47,15.304630155576035,8.5,0.07369496135280329,125,2450,0.9316800067140372,0.11900000000000001
11.99,15.304630155576035,8.5,0.07369496135280329,125,2450,0.9316800067140372,0.11900000000000001
13.575,15.309659390914884,8.625,0.07872419669165254,125,2450,0.9316801863988974,0.12075
29.79,15.309659390914884,8.625,0.07872419669165254,125,2450,0.9316801863988974,0.12075
13.695,15.309659390914884,8.625,0.07872419669165254,125,2450,0.9316801863988974,0.12075
12.15,15.309659390914884,8.625,0.07872419669165254,125,2450,0.9316801863988974,0.12075
14.345,15.309659390914884,8.625,0.07872419669165254,125,2450,0.9316801863988974,0.12075
15.5,15.309659390914884,8.625,0.07872419669165254,125,2450,0.9316801863988974,0.12075
14.91,15.309659390914884,8.625,0.07872419669165254,125,2450,0.9316801863988974,0.12075
13.725,15.311180580202974,8.708333333333334,0.08024538597974207,125,2450,0.9316803106103536,0.12191666666666667
9.875,15.311180580202974,8.75,0.08024538597974207,125,2450,0.9316803740683229,0.1225
14.345,15.311180580202974,8.75,0.08024538597974207,125,2450,0.9316803740683229,0.1225
13.785,15.31279483467023,8.875,0.08185964044699823,125,2450,0.931680569955419,0.12425
17.46,15.31279483467023,8.875,0.08185964044699823,125,2450,0.931680569955419,0.12425
14.260000000000002,15.31279483467023,8.875,0.08185964044699823,125,2450,0.931680569955419,0.12425
14.305,15.313651763312944,9,0.08271656908971181,125,2450,0.9316807742966458,0.126
13.645,15.313651763312944,9,0.08271656908971181,125,2450,0.9316807742966458,0.126
12.55,15.313651763312944,9,0.08271656908971181,125,2450,0.9316807742966458,0.126
14.415,15.313651763312944,9,0.08271656908971181,125,2450,0.9316807742966458,0.126
11.75,15.313651763312944,9,0.08271656908971181,125,2450,0.9316807742966458,0.126
13.29,15.313651763312944,9,0.08271656908971181,125,2450,0.9316807742966458,0.126
15.2,15.313651763312944,9,0.08271656908971181,125,2450,0.9316807742966458,0.126
12.09,15.313651763312944,9,0.08271656908971181,125,2450,0.9316807742966458,0.126
17.049999999999997,15.313651763312944,9,0.08271656908971181,125,2450,0.9316807742966458,0.126
18.62,15.313558054064774,9.020833333333334,0.0826228598415426,125,2450,0.931680809192236,0.1262916666666667
14.075,15.31411599936465,9.083333333333334,0.0831808051414189,125,2450,0.9316809153391579,0.12716666666666668
10.64,15.31411599936465,9.125,0.0831808051414189,125,2450,0.9316809873318167,0.12775
14.04,15.31411599936465,9.125,0.0831808051414189,125,2450,0.9316809873318167,0.12775
17.700000000000003,15.31411599936465,9.125,0.0831808051414189,125,2450,0.9316809873318167,0.12775
15.29,15.314000091418638,9.25,0.08306489719540622,125,2450,0.9316812093040993,0.1295
10.585,15.314000091418638,9.25,0.08306489719540622,125,2450,0.9316812093040993,0.1295
13.73,15.314000091418638,9.25,0.08306489719540622,125,2450,0.9316812093040993,0.1295
13.035,15.314000091418638,9.25,0.08306489719540622,125,2450,0.9316812093040993,0.1295
13.39,15.314000091418638,9.25,0.08306489719540622,125,2450,0.9316812093040993,0.1295
12.995,15.314000091418638,9.25,0.08306489719540622,125,2450,0.9316812093040993,0.1295
14.725,15.314000091418638,9.25,0.08306489719540622,125,2450,0.9316812093040993,0.1295
13.715,15.314000091418638,9.25,0.08306489719540622,125,2450,0.9316812093040993,0.1295
18.435,15.314000091418638,9.25,0.08306489719540622,125,2450,0.9316812093040993,0.1295
11.92,15.314000091418638,9.25,0.08306489719540622,125,2450,0.9316812093040993,0.1295
11.555,15.314000091418638,9.25,0.08306489719540622,125,2450,0.9316812093040993,0.1295
13.115,15.313795391532697,9.375,0.08286019730946492,125,2450,0.9316814404600154,0.13125
27.69,15.313795391532697,9.375,0.08286019730946492,125,2450,0.9316814404600154,0.13125
17.375,15.313795391532697,9.375,0.08286019730946492,125,2450,0.9316814404600154,0.13125
11.170000000000002,15.313795391532697,9.375,0.08286019730946492,125,2450,0.9316814404600154,0.13125
14.945,15.313795391532697,9.375,0.08286019730946492,125,2450,0.9316814404600154,0.13125
10.765,15.313795391532697,9.375,0.08286019730946492,125,2450,0.9316814404600154,0.13125
11.68,15.313795391532697,9.375,0.08286019730946492,125,2450,0.9316814404600154,0.13125
13.815,15.313795391532697,9.375,0.08286019730946492,125,2450,0.9316814404600154,0.13125
13.995,15.313795391532697,9.375,0.08286019730946492,125,2450,0.9316814404600154,0.13125
11.905,15.313795391532697,9.375,0.08286019730946492,125,2450,0.9316814404600154,0.13125
14.065,15.313795391532697,9.375,0.08286019730946492,125,2450,0.9316814404600154,0.13125
13.915,15.313795391532697,9.375,0.08286019730946492,125,2450,0.9316814404600154,0.13125
10.41,15.313795391532697,9.375,0.08286019730946492,125,2450,0.9316814404600154,0.13125
12.34,15.312607704525757,9.5,0.08167251030252487,125,2450,0.9316816810494408,0.133
14.76,15.312607704525757,9.5,0.08167251030252487,125,2450,0.9316816810494408,0.133
14.645,15.312607704525757,9.5,0.08167251030252487,125,2450,0.9316816810494408,0.133
12.98,15.312607704525757,9.5,0.08167251030252487,125,2450,0.9316816810494408,0.133
15.495,15.312607704525757,9.5,0.08167251030252487,125,2450,0.9316816810494408,0.133
14.895,15.312607704525757,9.5,0.08167251030252487,125,2450,0.9316816810494408,0.133
8.370000000000001,15.314019317490304,9.625,0.08308412326707248,125,2450,0.9316819313256054,0.13475
19.04,15.314019317490304,9.625,0.08308412326707248,125,2450,0.9316819313256054,0.13475
15.82,15.314019317490304,9.625,0.08308412326707248,125,2450,0.9316819313256054,0.13475
12.105,15.314019317490304,9.625,0.08308412326707248,125,2450,0.9316819313256054,0.13475
11.53,15.314019317490304,9.625,0.08308412326707248,125,2450,0.9316819313256054,0.13475
15.58,15.314019317490304,9.625,0.08308412326707248,125,2450,0.9316819313256054,0.13475
13.04,15.315189984727258,9.75,0.08425479050402629,125,2450,0.931682191545093,0.1365
7.48,15.315189984727258,9.75,0.08425479050402629,125,2450,0.931682191545093,0.1365
14.9,15.315189984727258,9.75,0.08425479050402629,125,2450,0.931682191545093,0.1365
13.065,15.315189984727258,9.75,0.08425479050402629,125,2450,0.931682191545093,0.1365
10.55,15.315189984727258,9.75,0.08425479050402629,125,2450,0.931682191545093,0.1365
10.920000000000002,15.315189984727258,9.75,0.08425479050402629,125,2450,0.931682191545093,0.1365
16.325000000000003,15.315189984727258,9.75,0.08425479050402629,125,2450,0.931682191545093,0.1365
15.71,15.315189984727258,9.75,0.08425479050402629,125,2450,0.931682191545093,0.1365
17.47,15.315189984727258,9.75,0.08425479050402629,125,2450,0.931682191545093,0.1365
12.52,15.315189984727258,9.75,0.08425479050402629,125,2450,0.931682191545093,0.1365
14.11,15.315189984727258,9.75,0.08425479050402629,125,2450,0.931682191545093,0.1365
12.49,15.315189984727258,9.75,0.08425479050402629,125,2450,0.931682191545093,0.1365
15.41,15.315189984727258,9.75,0.08425479050402629,125,2450,0.931682191545093,0.1365
15.87,15.315189984727258,9.75,0.08425479050402629,125,2450,0.931682191545093,0.1365
10.255,15.315317565161628,9.875,0.08438237093839618,125,2450,0.9316824619678415,0.13825
12.56,15.315317565161628,9.875,0.08438237093839618,125,2450,0.9316824619678415,0.13825
12.825,15.316810593866125,10,0.0858753996428927,125,2450,0.9316827428571429,0.14
13.795000000000002,15.316810593866125,10,0.0858753996428927,125,2450,0.9316827428571429,0.14
10.66,15.316810593866125,10,0.0858753996428927,125,2450,0.9316827428571429,0.14
12.085,15.316810593866125,10,0.0858753996428927,125,2450,0.9316827428571429,0.14
15.17,15.316810593866125,10,0.0858753996428927,125,2450,0.9316827428571429,0.14
11.71,15.316810593866125,10,0.0858753996428927,125,2450,0.9316827428571429,0.14
14.32,15.316810593866125,10,0.0858753996428927,125,2450,0.9316827428571429,0.14
15.845,15.318770102111538,10.125,0.08783490788830584,125,2450,0.9316830344796426,0.14175000000000001
16.065,15.318770102111538,10.125,0.08783490788830584,125,2450,0.9316830344796426,0.14175000000000001
13.335,15.318770102111538,10.125,0.08783490788830584,125,2450,0.9316830344796426,0.14175000000000001
13.195,15.318770102111538,10.125,0.08783490788830584,125,2450,0.9316830344796426,0.14175000000000001
11.615,15.318770102111538,10.125,0.08783490788830584,125,2450,0.9316830344796426,0.14175000000000001
6.35,15.320039365845972,10.25,0.08910417162273987,125,2450,0.9316833371053416,0.14350000000000002
17.57,15.320039365845972,10.25,0.08910417162273987,125,2450,0.9316833371053416,0.14350000000000002
14.135,15.320039365845972,10.25,0.08910417162273987,125,2450,0.9316833371053416,0.14350000000000002
12.56,15.320039365845972,10.25,0.08910417162273987,125,2450,0.9316833371053416,0.14350000000000002
18.275,15.320760506303154,10.28125,0.08982531207992217,125,2450,0.931683414512976,0.1439375
16.505,15.320991790164005,10.375,0.09005659594077287,125,2450,0.9316836510075931,0.14525
13.385,15.320991790164005,10.375,0.09005659594077287,125,2450,0.9316836510075931,0.14525
19.515,15.320991790164005,10.375,0.09005659594077287,125,2450,0.9316836510075931,0.14525
14.73,15.320991790164005,10.375,0.09005659594077287,125,2450,0.9316836510075931,0.14525
13.69,15.320991790164005,10.375,0.09005659594077287,125,2450,0.9316836510075931,0.14525
10.855,15.320991790164005,10.375,0.09005659594077287,125,2450,0.9316836510075931,0.14525
18.74,15.320991790164005,10.375,0.09005659594077287,125,2450,0.9316836510075931,0.14525
14.16,15.320991790164005,10.375,0.09005659594077287,125,2450,0.9316836510075931,0.14525
14.68,15.320991790164005,10.375,0.09005659594077287,125,2450,0.9316836510075931,0.14525
13.68,15.320991790164005,10.375,0.09005659594077287,125,2450,0.9316836510075931,0.14525
13.98,15.323432843058216,10.5,0.09249764883498379,125,2450,0.9316839764631055,0.147
13.45,15.323432843058216,10.5,0.09249764883498379,125,2450,0.9316839764631055,0.147
16.31,15.323432843058216,10.5,0.09249764883498379,125,2450,0.9316839764631055,0.147
14.025,15.323432843058216,10.5,0.09249764883498379,125,2450,0.9316839764631055,0.147
13.545000000000002,15.323432843058216,10.5,0.09249764883498379,125,2450,0.9316839764631055,0.147
13.515,15.323432843058216,10.5,0.09249764883498379,125,2450,0.9316839764631055,0.147
17.025,15.323432843058216,10.5,0.09249764883498379,125,2450,0.9316839764631055,0.147
28.525,15.323496570484316,10.53125,0.0925613762610844,125,2450,0.9316840596649267,0.1474375
12.935,15.32338606435372,10.625,0.09245087013048803,125,2450,0.9316843137519409,0.14875
13.805,15.32338606435372,10.625,0.09245087013048803,125,2450,0.9316843137519409,0.14875
12.14,15.32338606435372,10.625,0.09245087013048803,125,2450,0.9316843137519409,0.14875
13.325,15.32338606435372,10.625,0.09245087013048803,125,2450,0.9316843137519409,0.14875
9.015,15.32338606435372,10.625,0.09245087013048803,125,2450,0.9316843137519409,0.14875
14.115,15.32338606435372,10.625,0.09245087013048803,125,2450,0.9316843137519409,0.14875
13.68,15.32338606435372,10.625,0.09245087013048803,125,2450,0.9316843137519409,0.14875
9.135000000000002,15.32338606435372,10.625,0.09245087013048803,125,2450,0.9316843137519409,0.14875
16.315,15.32338606435372,10.625,0.09245087013048803,125,2450,0.9316843137519409,0.14875
12.4,15.32338606435372,10.625,0.09245087013048803,125,2450,0.9316843137519409,0.14875
14.775,15.324653166577844,10.75,0.09371797235461266,125,2450,0.9316846631575153,0.1505
16.04,15.324653166577844,10.75,0.09371797235461266,125,2450,0.9316846631575153,0.1505
10.435,15.324653166577844,10.75,0.09371797235461266,125,2450,0.9316846631575153,0.1505
12.32,15.324653166577844,10.75,0.09371797235461266,125,2450,0.9316846631575153,0.1505
10.78,15.324653166577844,10.75,0.09371797235461266,125,2450,0.9316846631575153,0.1505
13.955,15.324653166577844,10.75,0.09371797235461266,125,2450,0.9316846631575153,0.1505
15.855,15.324653166577844,10.75,0.09371797235461266,125,2450,0.9316846631575153,0.1505
12.865,15.324653166577844,10.75,0.09371797235461266,125,2450,0.9316846631575153,0.1505
10.05,15.324653166577844,10.75,0.09371797235461266,125,2450,0.9316846631575153,0.1505
17.445,15.324653166577844,10.75,0.09371797235461266,125,2450,0.9316846631575153,0.1505
11.745,15.324653166577844,10.75,0.09371797235461266,125,2450,0.9316846631575153,0.1505
11.655,15.327510093438407,10.875,0.09657489921517559,125,2450,0.9316850249665993,0.15225
11.28,15.327510093438407,10.875,0.09657489921517559,125,2450,0.9316850249665993,0.15225
13.87,15.327510093438407,10.875,0.09657489921517559,125,2450,0.9316850249665993,0.15225
13.9,15.327510093438407,10.875,0.09657489921517559,125,2450,0.9316850249665993,0.15225
11.635000000000002,15.327510093438407,10.875,0.09657489921517559,125,2450,0.9316850249665993,0.15225
14.895,15.327510093438407,10.875,0.09657489921517559,125,2450,0.9316850249665993,0.15225
16.994999999999997,15.327510093438407,10.875,0.09657489921517559,125,2450,0.9316850249665993,0.15225
13.735,15.32898855377963,11,0.09805335955639904,125,2450,0.9316853994693166,0.154
13.385,15.32898855377963,11,0.09805335955639904,125,2450,0.9316853994693166,0.154
11.31,15.32898855377963,11,0.09805335955639904,125,2450,0.9316853994693166,0.154
18.005,15.32898855377963,11,0.09805335955639904,125,2450,0.9316853994693166,0.154
17.755,15.332343319842742,11.125,0.10140812561951051,125,2450,0.9316857869591458,0.15575
10.815,15.332343319842742,11.125,0.10140812561951051,125,2450,0.9316857869591458,0.15575
15.48,15.332343319842742,11.125,0.10140812561951051,125,2450,0.9316857869591458,0.15575
15.48,15.332343319842742,11.125,0.10140812561951051,125,2450,0.9316857869591458,0.15575
16.990000000000002,15.332343319842742,11.125,0.10140812561951051,125,2450,0.9316857869591458,0.15575
31.415,15.334258776904807,11.25,0.10332358268157549,125,2450,0.9316861877329192,0.1575
11.49,15.334258776904807,11.25,0.10332358268157549,125,2450,0.9316861877329192,0.1575
17.65,15.334258776904807,11.25,0.10332358268157549,125,2450,0.9316861877329192,0.1575
21.3,15.334258776904807,11.25,0.10332358268157549,125,2450,0.9316861877329192,0.1575
18.12,15.334258776904807,11.25,0.10332358268157549,125,2450,0.9316861877329192,0.1575
9.41,15.332484340658254,11.375,0.10154914643502266,125,2450,0.9316866020908229,0.15925
13.420000000000002,15.332484340658254,11.375,0.10154914643502266,125,2450,0.9316866020908229,0.15925
12.53,15.332484340658254,11.375,0.10154914643502266,125,2450,0.9316866020908229,0.15925
12.995,15.332484340658254,11.375,0.10154914643502266,125,2450,0.9316866020908229,0.15925
14.975,15.332484340658254,11.375,0.10154914643502266,125,2450,0.9316866020908229,0.15925
23.845,15.33224875159828,11.5,0.10131355737504855,125,2450,0.9316870303363975,0.161
14.83,15.33224875159828,11.5,0.10131355737504855,125,2450,0.9316870303363975,0.161
16.755000000000003,15.33224875159828,11.5,0.10131355737504855,125,2450,0.9316870303363975,0.161
12.07,15.334999723616829,11.625,0.10406452939359667,125,2450,0.9316874727765371,0.16275
28.98,15.334999723616829,11.625,0.10406452939359667,125,2450,0.9316874727765371,0.16275
11.555,15.334999723616829,11.625,0.10406452939359667,125,2450,0.9316874727765371,0.16275
10.63,15.334999723616829,11.625,0.10406452939359667,125,2450,0.9316874727765371,0.16275
10.415,15.334999723616829,11.625,0.10406452939359667,125,2450,0.9316874727765371,0.16275
11.62,15.334999723616829,11.625,0.10406452939359667,125,2450,0.9316874727765371,0.16275
12.71,15.334999723616829,11.625,0.10406452939359667,125,2450,0.9316874727765371,0.16275
9.765,15.336154880089596,11.75,0.10521968586636454,125,2450,0.9316879297214906,0.1645
15.535,15.336154880089596,11.75,0.10521968586636454,125,2450,0.9316879297214906,0.1645
15.085,15.336154880089596,11.75,0.10521968586636454,125,2450,0.9316879297214906,0.1645
15.235,15.336154880089596,11.75,0.10521968586636454,125,2450,0.9316879297214906,0.1645
12.62,15.336154880089596,11.75,0.10521968586636454,125,2450,0.9316879297214906,0.1645
17.655,15.336154880089596,11.75,0.10521968586636454,125,2450,0.9316879297214906,0.1645
13.95,15.336154880089596,11.75,0.10521968586636454,125,2450,0.9316879297214906,0.1645
16.765,15.336154880089596,11.75,0.10521968586636454,125,2450,0.9316879297214906,0.1645
35.269999999999996,15.336154880089596,11.75,0.10521968586636454,125,2450,0.9316879297214906,0.1645
15.825,15.337525085274464,11.875,0.1065898910512324,125,2450,0.9316884014848601,0.16625
13.38,15.337525085274464,11.875,0.1065898910512324,125,2450,0.9316884014848601,0.16625
11.045000000000002,15.337525085274464,11.875,0.1065898910512324,125,2450,0.9316884014848601,0.16625
13.025,15.337525085274464,11.875,0.1065898910512324,125,2450,0.9316884014848601,0.16625
13.715,15.337525085274464,11.875,0.1065898910512324,125,2450,0.9316884014848601,0.16625
11.345,15.337525085274464,11.875,0.1065898910512324,125,2450,0.9316884014848601,0.16625
9.215,15.340286769762631,12,0.10935157553939945,125,2450,0.9316888883836024,0.168
12.555,15.340286769762631,12,0.10935157553939945,125,2450,0.9316888883836024,0.168
13.72,15.340286769762631,12,0.10935157553939945,125,2450,0.9316888883836024,0.168
10.69,15.340286769762631,12,0.10935157553939945,125,2450,0.9316888883836024,0.168
11.5,15.340286769762631,12,0.10935157553939945,125,2450,0.9316888883836024,0.168
13.425,15.340286769762631,12,0.10935157553939945,125,2450,0.9316888883836024,0.168
12.420000000000002,15.340286769762631,12,0.10935157553939945,125,2450,0.9316888883836024,0.168
11.01,15.340286769762631,12,0.10935157553939945,125,2450,0.9316888883836024,0.168
17.48,15.340286769762631,12,0.10935157553939945,125,2450,0.9316888883836024,0.168
12.535,15.340286769762631,12,0.10935157553939945,125,2450,0.9316888883836024,0.168
12.705,15.340286769762631,12,0.10935157553939945,125,2450,0.9316888883836024,0.168
13.285,15.348868998162972,12.125,0.1179338039397404,125,2450,0.9316893907380277,0.16975
10.02,15.348868998162972,12.125,0.1179338039397404,125,2450,0.9316893907380277,0.16975
17.91,15.348868998162972,12.125,0.1179338039397404,125,2450,0.9316893907380277,0.16975
13.34,15.348868998162972,12.125,0.1179338039397404,125,2450,0.9316893907380277,0.16975
17.634999999999998,15.348868998162972,12.125,0.1179338039397404,125,2450,0.9316893907380277,0.16975
15.985,15.348868998162972,12.125,0.1179338039397404,125,2450,0.9316893907380277,0.16975
14.225,15.348868998162972,12.125,0.1179338039397404,125,2450,0.9316893907380277,0.16975
13.885000000000002,15.348868998162972,12.125,0.1179338039397404,125,2450,0.9316893907380277,0.16975
20.155,15.350610703459862,12.25,0.11967550923663062,125,2450,0.9316899088718011,0.1715
15.345,15.350610703459862,12.25,0.11967550923663062,125,2450,0.9316899088718011,0.1715
13.115,15.350610703459862,12.25,0.11967550923663062,125,2450,0.9316899088718011,0.1715
16.45,15.350610703459862,12.25,0.11967550923663062,125,2450,0.9316899088718011,0.1715
14.23,15.350610703459862,12.25,0.11967550923663062,125,2450,0.9316899088718011,0.1715
10.84,15.347489363164264,12.375,0.11655416894103254,125,2450,0.9316904431119408,0.17325000000000002
13.57,15.347489363164264,12.375,0.11655416894103254,125,2450,0.9316904431119408,0.17325000000000002
16.735,15.347489363164264,12.375,0.11655416894103254,125,2450,0.9316904431119408,0.17325000000000002
14.079999999999998,15.343737823980724,12.5,0.11280262975749267,125,2450,0.9316909937888198,0.17500000000000002
14.3,15.343737823980724,12.5,0.11280262975749267,125,2450,0.9316909937888198,0.17500000000000002
12.155,15.343737823980724,12.5,0.11280262975749267,125,2450,0.9316909937888198,0.17500000000000002
10.055,15.343737823980724,12.5,0.11280262975749267,125,2450,0.9316909937888198,0.17500000000000002
14.79,15.343737823980724,12.5,0.11280262975749267,125,2450,0.9316909937888198,0.17500000000000002
13.425,15.343737823980724,12.5,0.11280262975749267,125,2450,0.9316909937888198,0.17500000000000002
10.67,15.343737823980724,12.5,0.11280262975749267,125,2450,0.9316909937888198,0.17500000000000002
13.22,15.343737823980724,12.5,0.11280262975749267,125,2450,0.9316909937888198,0.17500000000000002
14.315,15.343737823980724,12.5,0.11280262975749267,125,2450,0.9316909937888198,0.17500000000000002
20.225,15.342454434450262,12.625,0.11151924022703064,125,2450,0.9316915612361645,0.17675
12.26,15.342454434450262,12.625,0.11151924022703064,125,2450,0.9316915612361645,0.17675
15.27,15.34354088737774,12.75,0.1126056931545083,125,2450,0.9316921457910557,0.1785
8.309999999999999,15.34354088737774,12.75,0.1126056931545083,125,2450,0.9316921457910557,0.1785
12.46,15.34354088737774,12.75,0.1126056931545083,125,2450,0.9316921457910557,0.1785
12.25,15.34354088737774,12.75,0.1126056931545083,125,2450,0.9316921457910557,0.1785
13.355,15.344667598479347,12.875,0.11373240425611542,125,2450,0.9316927477939285,0.18025
12.25,15.344667598479347,12.875,0.11373240425611542,125,2450,0.9316927477939285,0.18025
14.535,15.344667598479347,12.875,0.11373240425611542,125,2450,0.9316927477939285,0.18025
12.345,15.344667598479347,12.875,0.11373240425611542,125,2450,0.9316927477939285,0.18025
13.48,15.344667598479347,12.875,0.11373240425611542,125,2450,0.9316927477939285,0.18025
13.43,15.344667598479347,12.875,0.11373240425611542,125,2450,0.9316927477939285,0.18025
15.8,15.344667598479347,12.875,0.11373240425611542,125,2450,0.9316927477939285,0.18025
16.975,15.344667598479347,12.875,0.11373240425611542,125,2450,0.9316927477939285,0.18025
12.445,15.344667598479347,12.875,0.11373240425611542,125,2450,0.9316927477939285,0.18025
15.885,15.345983310388862,13,0.11504811616562982,125,2450,0.9316933675885712,0.182
17.1,15.345983310388862,13,0.11504811616562982,125,2450,0.9316933675885712,0.182
14.865,15.345983310388862,13,0.11504811616562982,125,2450,0.9316933675885712,0.182
12.33,15.345983310388862,13,0.11504811616562982,125,2450,0.9316933675885712,0.182
12.64,15.345983310388862,13,0.11504811616562982,125,2450,0.9316933675885712,0.182
16.275,15.346410611976165,13.0625,0.11547541775293269,125,2450,0.9316936842661576,0.182875
32.64,15.34693464902112,13.125,0.11599945479788865,125,2450,0.9316940055221271,0.18375
13.16,15.34693464902112,13.125,0.11599945479788865,125,2450,0.9316940055221271,0.18375
11.25,15.34693464902112,13.125,0.11599945479788865,125,2450,0.9316940055221271,0.18375
18.47,15.34693464902112,13.125,0.11599945479788865,125,2450,0.9316940055221271,0.18375
13.655,15.34693464902112,13.125,0.11599945479788865,125,2450,0.9316940055221271,0.18375
12.72,15.34693464902112,13.125,0.11599945479788865,125,2450,0.9316940055221271,0.18375
13.005,15.34693464902112,13.125,0.11599945479788865,125,2450,0.9316940055221271,0.18375
15.56,15.352923104134703,13.25,0.12198790991147135,125,2450,0.931694661945093,0.1855
15.740000000000002,15.352923104134703,13.25,0.12198790991147135,125,2450,0.931694661945093,0.1855
11.995,15.352923104134703,13.25,0.12198790991147135,125,2450,0.931694661945093,0.1855
13.34,15.352923104134703,13.25,0.12198790991147135,125,2450,0.931694661945093,0.1855
16.255000000000003,15.352923104134703,13.25,0.12198790991147135,125,2450,0.931694661945093,0.1855
12.35,15.352923104134703,13.25,0.12198790991147135,125,2450,0.931694661945093,0.1855
17.415,15.352923104134703,13.25,0.12198790991147135,125,2450,0.931694661945093,0.1855
15.740000000000002,15.352923104134703,13.25,0.12198790991147135,125,2450,0.931694661945093,0.1855
14.83,15.352923104134703,13.25,0.12198790991147135,125,2450,0.931694661945093,0.1855
15.4,15.352923104134703,13.25,0.12198790991147135,125,2450,0.931694661945093,0.1855
13.915,15.353297446640168,13.375,0.1223622524169361,125,2450,0.9316953372113198,0.18725
12.125,15.353297446640168,13.375,0.1223622524169361,125,2450,0.9316953372113198,0.18725
13.195,15.353297446640168,13.375,0.1223622524169361,125,2450,0.9316953372113198,0.18725
13.935,15.353297446640168,13.375,0.1223622524169361,125,2450,0.9316953372113198,0.18725
15.795000000000002,15.353297446640168,13.375,0.1223622524169361,125,2450,0.9316953372113198,0.18725
14.215,15.353297446640168,13.375,0.1223622524169361,125,2450,0.9316953372113198,0.18725
12.02,15.353297446640168,13.375,0.1223622524169361,125,2450,0.9316953372113198,0.18725
14.88,15.353297446640168,13.375,0.1223622524169361,125,2450,0.9316953372113198,0.18725
17.585,15.353297446640168,13.375,0.1223622524169361,125,2450,0.9316953372113198,0.18725
13.275,15.351761927321665,13.5,0.12082673309843273,125,2450,0.9316960316780122,0.189
12.545,15.351761927321665,13.5,0.12082673309843273,125,2450,0.9316960316780122,0.189
12.02,15.351761927321665,13.5,0.12082673309843273,125,2450,0.9316960316780122,0.189
13.505,15.351761927321665,13.5,0.12082673309843273,125,2450,0.9316960316780122,0.189
11.27,15.351761927321665,13.5,0.12082673309843273,125,2450,0.9316960316780122,0.189
16.08,15.351761927321665,13.5,0.12082673309843273,125,2450,0.9316960316780122,0.189
17.21,15.351761927321665,13.5,0.12082673309843273,125,2450,0.9316960316780122,0.189
10.225,15.351761927321665,13.5,0.12082673309843273,125,2450,0.9316960316780122,0.189
17.060000000000002,15.351761927321665,13.5,0.12082673309843273,125,2450,0.9316960316780122,0.189
11.92,15.351761927321665,13.5,0.12082673309843273,125,2450,0.9316960316780122,0.189
13.51,15.350867113496932,13.625,0.11993191927370006,125,2450,0.9316967457057297,0.19075
11.41,15.350867113496932,13.625,0.11993191927370006,125,2450,0.9316967457057297,0.19075
14.53,15.350867113496932,13.625,0.11993191927370006,125,2450,0.9316967457057297,0.19075
18.255,15.350867113496932,13.625,0.11993191927370006,125,2450,0.9316967457057297,0.19075
12.775,15.352032626043266,13.75,0.12109743182003463,125,2450,0.9316974796583849,0.1925
17.025,15.352032626043266,13.75,0.12109743182003463,125,2450,0.9316974796583849,0.1925
13.945,15.352032626043266,13.75,0.12109743182003463,125,2450,0.9316974796583849,0.1925
13.71,15.352032626043266,13.75,0.12109743182003463,125,2450,0.9316974796583849,0.1925
33.38,15.353156590138886,13.875,0.12222139591565373,125,2450,0.9316982339032452,0.19425
12.8,15.353156590138886,13.875,0.12222139591565373,125,2450,0.9316982339032452,0.19425
14.195,15.353156590138886,13.875,0.12222139591565373,125,2450,0.9316982339032452,0.19425
16.665,15.353156590138886,13.875,0.12222139591565373,125,2450,0.9316982339032452,0.19425
16.975,15.353156590138886,13.875,0.12222139591565373,125,2450,0.9316982339032452,0.19425
18.36,15.353156590138886,13.875,0.12222139591565373,125,2450,0.9316982339032452,0.19425
14.35,15.353156590138886,13.875,0.12222139591565373,125,2450,0.9316982339032452,0.19425
11.73,15.351400256140217,14,0.1204650619169847,125,2450,0.9316990088109315,0.196
14.45,15.351400256140217,14,0.1204650619169847,125,2450,0.9316990088109315,0.196
12.92,15.350013914418897,14.125,0.1190787201956649,125,2450,0.9316998047554192,0.19775
11.705,15.350013914418897,14.125,0.1190787201956649,125,2450,0.9316998047554192,0.19775
13.595,15.350013914418897,14.125,0.1190787201956649,125,2450,0.9316998047554192,0.19775
11.625,15.35078096270328,14.25,0.11984576848004735,125,2450,0.931700622114037,0.1995
12.22,15.35078096270328,14.25,0.11984576848004735,125,2450,0.931700622114037,0.1995
11.170000000000002,15.35078096270328,14.25,0.11984576848004735,125,2450,0.931700622114037,0.1995
17.125,15.35078096270328,14.25,0.11984576848004735,125,2450,0.931700622114037,0.1995
10.905,15.35078096270328,14.25,0.11984576848004735,125,2450,0.931700622114037,0.1995
17.035,15.35078096270328,14.25,0.11984576848004735,125,2450,0.931700622114037,0.1995
15.27,15.35078096270328,14.25,0.11984576848004735,125,2450,0.931700622114037,0.1995
10.53,15.35078096270328,14.25,0.11984576848004735,125,2450,0.931700622114037,0.1995
14.58,15.35078096270328,14.25,0.11984576848004735,125,2450,0.931700622114037,0.1995
12,15.350907260346087,14.375,0.11997206612285538,125,2450,0.9317014612674689,0.20125
17.09,15.350907260346087,14.375,0.11997206612285538,125,2450,0.9317014612674689,0.20125
11.595,15.350907260346087,14.375,0.11997206612285538,125,2450,0.9317014612674689,0.20125
11.625,15.350907260346087,14.375,0.11997206612285538,125,2450,0.9317014612674689,0.20125
14.825,15.351336302975117,14.5,0.12040110875188503,125,2450,0.9317023225997515,0.203
15.405,15.351336302975117,14.5,0.12040110875188503,125,2450,0.9317023225997515,0.203
13.185,15.351336302975117,14.5,0.12040110875188503,125,2450,0.9317023225997515,0.203
13.185,15.351336302975117,14.5,0.12040110875188503,125,2450,0.9317023225997515,0.203
15.495,15.351068779925978,14.625,0.1201335857027459,125,2450,0.9317032064982762,0.20475000000000002
11.55,15.351068779925978,14.625,0.1201335857027459,125,2450,0.9317032064982762,0.20475000000000002
15.05,15.352500073291628,14.75,0.12156487906839608,125,2450,0.9317041133537887,0.20650000000000002
12.975,15.352500073291628,14.75,0.12156487906839608,125,2450,0.9317041133537887,0.20650000000000002
14.095,15.352500073291628,14.75,0.12156487906839608,125,2450,0.9317041133537887,0.20650000000000002
15.185,15.352500073291628,14.75,0.12156487906839608,125,2450,0.9317041133537887,0.20650000000000002
12.28,15.352500073291628,14.75,0.12156487906839608,125,2450,0.9317041133537887,0.20650000000000002
9.935,15.352500073291628,14.75,0.12156487906839608,125,2450,0.9317041133537887,0.20650000000000002
13.88,15.352500073291628,14.75,0.12156487906839608,125,2450,0.9317041133537887,0.20650000000000002
12.865,15.352500073291628,14.75,0.12156487906839608,125,2450,0.9317041133537887,0.20650000000000002
15.335,15.352500073291628,14.75,0.12156487906839608,125,2450,0.9317041133537887,0.20650000000000002
11.16,15.34486971864378,14.875,0.1139345244205483,125,2450,0.9317050435603882,0.20825
14.45,15.34486971864378,14.875,0.1139345244205483,125,2450,0.9317050435603882,0.20825
15.505,15.34486971864378,14.875,0.1139345244205483,125,2450,0.9317050435603882,0.20825
17.490000000000002,15.34486971864378,14.875,0.1139345244205483,125,2450,0.9317050435603882,0.20825
15.335,15.344907980334684,15,0.1139727861114519,125,2450,0.9317059975155279,0.21
15.32,15.344907980334684,15,0.1139727861114519,125,2450,0.9317059975155279,0.21
11.775,15.344907980334684,15,0.1139727861114519,125,2450,0.9317059975155279,0.21
17.11,15.344907980334684,15,0.1139727861114519,125,2450,0.9317059975155279,0.21
14.155,15.346466448992606,15.125,0.11553125476937431,125,2450,0.9317069756200154,0.21175
12.83,15.346466448992606,15.125,0.11553125476937431,125,2450,0.9317069756200154,0.21175
10.205,15.346466448992606,15.125,0.11553125476937431,125,2450,0.9317069756200154,0.21175
11.32,15.346466448992606,15.125,0.11553125476937431,125,2450,0.9317069756200154,0.21175
17.160000000000004,15.346466448992606,15.125,0.11553125476937431,125,2450,0.9317069756200154,0.21175
18.005000000000003,15.346466448992606,15.125,0.11553125476937431,125,2450,0.9317069756200154,0.21175
10.69,15.346260342752704,15.25,0.11532514852947173,125,2450,0.9317079782780124,0.2135
13.555,15.346260342752704,15.25,0.11532514852947173,125,2450,0.9317079782780124,0.2135
10.97,15.346260342752704,15.25,0.11532514852947173,125,2450,0.9317079782780124,0.2135
10.614999999999998,15.346260342752704,15.25,0.11532514852947173,125,2450,0.9317079782780124,0.2135
14.57,15.346260342752704,15.25,0.11532514852947173,125,2450,0.9317079782780124,0.2135
13.475,15.346260342752704,15.25,0.11532514852947173,125,2450,0.9317079782780124,0.2135
14.39,15.346260342752704,15.25,0.11532514852947173,125,2450,0.9317079782780124,0.2135
17.22,15.346260342752704,15.25,0.11532514852947173,125,2450,0.9317079782780124,0.2135
14.655,15.346260342752704,15.25,0.11532514852947173,125,2450,0.9317079782780124,0.2135
14.795000000000002,15.346260342752704,15.25,0.11532514852947173,125,2450,0.9317079782780124,0.2135
13.77,15.34175968252554,15.375,0.11082448830230796,125,2450,0.9317090058970342,0.21525
15.48,15.34175968252554,15.375,0.11082448830230796,125,2450,0.9317090058970342,0.21525
12.23,15.34175968252554,15.375,0.11082448830230796,125,2450,0.9317090058970342,0.21525
13.23,15.34175968252554,15.375,0.11082448830230796,125,2450,0.9317090058970342,0.21525
15.905,15.34175968252554,15.375,0.11082448830230796,125,2450,0.9317090058970342,0.21525
10.89,15.34175968252554,15.375,0.11082448830230796,125,2450,0.9317090058970342,0.21525
11.35,15.34175968252554,15.375,0.11082448830230796,125,2450,0.9317090058970342,0.21525
29.715,15.337442923424694,15.416666666666666,0.10650772920146245,125,2450,0.9317093540545203,0.21583333333333332
13.51,15.338905607461385,15.5,0.10797041323815293,125,2450,0.9317100588879501,0.217
10.825,15.341341635405492,15.625,0.11040644118225984,125,2450,0.9317111376649843,0.21875
15.66,15.341341635405492,15.625,0.11040644118225984,125,2450,0.9317111376649843,0.21875
17.33,15.341341635405492,15.625,0.11040644118225984,125,2450,0.9317111376649843,0.21875
15.875,15.341341635405492,15.625,0.11040644118225984,125,2450,0.9317111376649843,0.21875
16.44,15.341341635405492,15.625,0.11040644118225984,125,2450,0.9317111376649843,0.21875
16.66,15.343380207903357,15.75,0.11244501368012472,125,2450,0.9317122426457142,0.2205
16.465,15.343380207903357,15.75,0.11244501368012472,125,2450,0.9317122426457142,0.2205
10.7,15.343380207903357,15.75,0.11244501368012472,125,2450,0.9317122426457142,0.2205
13.27,15.343380207903357,15.75,0.11244501368012472,125,2450,0.9317122426457142,0.2205
13.25,15.343480697875792,15.875,0.11254550365256044,125,2450,0.9317133742510714,0.22225
15.705,15.343480697875792,15.875,0.11254550365256044,125,2450,0.9317133742510714,0.22225
14.62,15.343480697875792,15.875,0.11254550365256044,125,2450,0.9317133742510714,0.22225
14.29,15.343480697875792,15.875,0.11254550365256044,125,2450,0.9317133742510714,0.22225
17.62,15.343480697875792,15.875,0.11254550365256044,125,2450,0.9317133742510714,0.22225
10.225,15.343480697875792,15.875,0.11254550365256044,125,2450,0.9317133742510714,0.22225
15.195,15.343480697875792,15.875,0.11254550365256044,125,2450,0.9317133742510714,0.22225
13.43,15.342886301549395,16,0.11195110732616342,125,2450,0.9317145329053415,0.224
9.510000000000002,15.342886301549395,16,0.11195110732616342,125,2450,0.9317145329053415,0.224
12.25,15.342886301549395,16,0.11195110732616342,125,2450,0.9317145329053415,0.224
13.47,15.342886301549395,16,0.11195110732616342,125,2450,0.9317145329053415,0.224
13.16,15.342886301549395,16,0.11195110732616342,125,2450,0.9317145329053415,0.224
11.97,15.341649002813536,16.125,0.11071380859030455,125,2450,0.9317157190361645,0.22575
11.675,15.341649002813536,16.125,0.11071380859030455,125,2450,0.9317157190361645,0.22575
15.26,15.341649002813536,16.125,0.11071380859030455,125,2450,0.9317157190361645,0.22575
18.28,15.341649002813536,16.125,0.11071380859030455,125,2450,0.9317157190361645,0.22575
14.125,15.341649002813536,16.125,0.11071380859030455,125,2450,0.9317157190361645,0.22575
15.13,15.341649002813536,16.125,0.11071380859030455,125,2450,0.9317157190361645,0.22575
12.695,15.341455465958674,16.25,0.11052027173544232,125,2450,0.9317169330745341,0.2275
11.615,15.341455465958674,16.25,0.11052027173544232,125,2450,0.9317169330745341,0.2275
14.94,15.341455465958674,16.25,0.11052027173544232,125,2450,0.9317169330745341,0.2275
16.235,15.341455465958674,16.25,0.11052027173544232,125,2450,0.9317169330745341,0.2275
18.48,15.341494365065223,16.375,0.11055917084199152,125,2450,0.931718175454798,0.22925
12.48,15.341494365065223,16.375,0.11055917084199152,125,2450,0.931718175454798,0.22925
14.19,15.341494365065223,16.375,0.11055917084199152,125,2450,0.931718175454798,0.22925
18.89,15.341494365065223,16.375,0.11055917084199152,125,2450,0.931718175454798,0.22925
17.605,15.341494365065223,16.375,0.11055917084199152,125,2450,0.931718175454798,0.22925
13.34,15.337540126399697,16.5,0.10660493217646483,125,2450,0.9317194466146583,0.231
10.03,15.337540126399697,16.5,0.10660493217646483,125,2450,0.9317194466146583,0.231
11.09,15.337540126399697,16.5,0.10660493217646483,125,2450,0.9317194466146583,0.231
11.53,15.337540126399697,16.5,0.10660493217646483,125,2450,0.9317194466146583,0.231
7.165,15.33839454969596,16.625,0.107459355472729,125,2450,0.9317207469951707,0.23275
13.935,15.33839454969596,16.625,0.107459355472729,125,2450,0.9317207469951707,0.23275
14.2,15.3388944919543,16.75,0.1079592977310675,125,2450,0.9317220770407452,0.23450000000000001
11.36,15.3388944919543,16.75,0.1079592977310675,125,2450,0.9317220770407452,0.23450000000000001
11.135000000000002,15.3388944919543,16.75,0.1079592977310675,125,2450,0.9317220770407452,0.23450000000000001
12.895,15.3388944919543,16.75,0.1079592977310675,125,2450,0.9317220770407452,0.23450000000000001
16.715,15.3388944919543,16.75,0.1079592977310675,125,2450,0.9317220770407452,0.23450000000000001
23.08,15.33876951583511,16.875,0.10783432161187889,125,2450,0.9317234371991459,0.23625000000000002
14.405,15.33876951583511,16.875,0.10783432161187889,125,2450,0.9317234371991459,0.23625000000000002
10.65,15.33876951583511,16.875,0.10783432161187889,125,2450,0.9317234371991459,0.23625000000000002
15.175,15.33876951583511,16.875,0.10783432161187889,125,2450,0.9317234371991459,0.23625000000000002
16.385,15.33876951583511,16.875,0.10783432161187889,125,2450,0.9317234371991459,0.23625000000000002
12.56,15.33876951583511,16.875,0.10783432161187889,125,2450,0.9317234371991459,0.23625000000000002
8.88,15.340468820440186,17,0.10953362621695462,125,2450,0.9317248279214906,0.23800000000000002
9.65,15.340468820440186,17,0.10953362621695462,125,2450,0.9317248279214906,0.23800000000000002
10.905,15.340468820440186,17,0.10953362621695462,125,2450,0.9317248279214906,0.23800000000000002
15.92,15.340468820440186,17,0.10953362621695462,125,2450,0.9317248279214906,0.23800000000000002
15.595,15.340468820440186,17,0.10953362621695462,125,2450,0.9317248279214906,0.23800000000000002
15.67,15.340468820440186,17,0.10953362621695462,125,2450,0.9317248279214906,0.23800000000000002
14.18,15.340468820440186,17,0.10953362621695462,125,2450,0.9317248279214906,0.23800000000000002
13.32,15.340468820440186,17,0.10953362621695462,125,2450,0.9317248279214906,0.23800000000000002
24.64,15.339444128752136,17.125,0.10850893452890453,125,2450,0.9317262496622516,0.23975000000000002
10.355,15.339444128752136,17.125,0.10850893452890453,125,2450,0.9317262496622516,0.23975000000000002
11.46,15.339444128752136,17.125,0.10850893452890453,125,2450,0.9317262496622516,0.23975000000000002
16.795,15.339444128752136,17.125,0.10850893452890453,125,2450,0.9317262496622516,0.23975000000000002
11.48,15.343503654343808,17.25,0.11256846012057586,125,2450,0.9317277028792545,0.2415
10.4,15.343503654343808,17.25,0.11256846012057586,125,2450,0.9317277028792545,0.2415
8.835,15.343503654343808,17.25,0.11256846012057586,125,2450,0.9317277028792545,0.2415
15.465,15.343503654343808,17.25,0.11256846012057586,125,2450,0.9317277028792545,0.2415
16.335,15.343503654343808,17.25,0.11256846012057586,125,2450,0.9317277028792545,0.2415
13.15,15.342116653345805,17.375,0.11118145912257305,125,2450,0.9317291880336801,0.24325
22.895,15.342116653345805,17.375,0.11118145912257305,125,2450,0.9317291880336801,0.24325
14.105,15.342116653345805,17.375,0.11118145912257305,125,2450,0.9317291880336801,0.24325
12.79,15.342116653345805,17.375,0.11118145912257305,125,2450,0.9317291880336801,0.24325
10.375,15.353056981974262,17.46875,0.12212178775103055,125,2450,0.9317303231377527,0.24456250000000002
16.12,15.357601767403404,17.5,0.12666657318017194,125,2450,0.9317307055900621,0.245
12.735,15.357601767403404,17.5,0.12666657318017194,125,2450,0.9317307055900621,0.245
18.045,15.357601767403404,17.5,0.12666657318017194,125,2450,0.9317307055900621,0.245
14.69,15.357601767403404,17.5,0.12666657318017194,125,2450,0.9317307055900621,0.245
16.555,15.357601767403404,17.5,0.12666657318017194,125,2450,0.9317307055900621,0.245
14.515,15.357601767403404,17.5,0.12666657318017194,125,2450,0.9317307055900621,0.245
18.85,15.357601767403404,17.5,0.12666657318017194,125,2450,0.9317307055900621,0.245
11.705,15.358877930672104,17.625,0.12794273644887255,125,2450,0.9317322560162886,0.24675
14.48,15.358877930672104,17.625,0.12794273644887255,125,2450,0.9317322560162886,0.24675
14.225,15.358877930672104,17.625,0.12794273644887255,125,2450,0.9317322560162886,0.24675
13.835,15.360591071057998,17.75,0.1296558768347662,125,2450,0.9317338397836024,0.2485
14.875,15.360591071057998,17.75,0.1296558768347662,125,2450,0.9317338397836024,0.2485
15.67,15.360591071057998,17.75,0.1296558768347662,125,2450,0.9317338397836024,0.2485
12.565,15.360591071057998,17.75,0.1296558768347662,125,2450,0.9317338397836024,0.2485
10.705000000000002,15.360591071057998,17.75,0.1296558768347662,125,2450,0.9317338397836024,0.2485
14.245,15.360591071057998,17.75,0.1296558768347662,125,2450,0.9317338397836024,0.2485
11.79,15.3637157407662,17.875,0.13278054654296767,125,2450,0.9317354573665994,0.25025000000000003
11.795000000000002,15.3637157407662,17.875,0.13278054654296767,125,2450,0.9317354573665994,0.25025000000000003
11.545,15.3637157407662,17.875,0.13278054654296767,125,2450,0.9317354573665994,0.25025000000000003
15.67,15.3637157407662,17.875,0.13278054654296767,125,2450,0.9317354573665994,0.25025000000000003
14.615000000000002,15.3637157407662,17.875,0.13278054654296767,125,2450,0.9317354573665994,0.25025000000000003
15.945,15.3637157407662,17.875,0.13278054654296767,125,2450,0.9317354573665994,0.25025000000000003
7.24,15.373504308155232,18,0.14256911393199978,125,2450,0.9317371092432296,0.252
10.395,15.373504308155232,18,0.14256911393199978,125,2450,0.9317371092432296,0.252
28.445,15.373504308155232,18,0.14256911393199978,125,2450,0.9317371092432296,0.252
16.725,15.373504308155232,18,0.14256911393199978,125,2450,0.9317371092432296,0.252
18.270000000000003,15.373504308155232,18,0.14256911393199978,125,2450,0.9317371092432296,0.252
21.39,15.373504308155232,18,0.14256911393199978,125,2450,0.9317371092432296,0.252
19.62,15.372900461087465,18.125,0.14196526686423283,125,2450,0.9317387958947979,0.25375000000000003
12.2,15.372900461087465,18.125,0.14196526686423283,125,2450,0.9317387958947979,0.25375000000000003
13.704999999999998,15.372900461087465,18.125,0.14196526686423283,125,2450,0.9317387958947979,0.25375000000000003
18.795,15.372900461087465,18.125,0.14196526686423283,125,2450,0.9317387958947979,0.25375000000000003
10.47,15.373314127682844,18.25,0.1423789334596126,125,2450,0.9317405178059626,0.2555
13.175,15.373314127682844,18.25,0.1423789334596126,125,2450,0.9317405178059626,0.2555
9.74,15.373314127682844,18.25,0.1423789334596126,125,2450,0.9317405178059626,0.2555
16.265,15.373314127682844,18.25,0.1423789334596126,125,2450,0.9317405178059626,0.2555
15.579999999999998,15.373314127682844,18.25,0.1423789334596126,125,2450,0.9317405178059626,0.2555
13,15.37209570060842,18.375,0.1411605063851873,125,2450,0.931742275464736,0.25725
14.8,15.37209570060842,18.375,0.1411605063851873,125,2450,0.931742275464736,0.25725
15.28,15.37209570060842,18.375,0.1411605063851873,125,2450,0.931742275464736,0.25725
15.26,15.372328722184315,18.5,0.14139352796108362,125,2450,0.9317440693624843,0.259
17.435000000000002,15.372328722184315,18.5,0.14139352796108362,125,2450,0.9317440693624843,0.259
7.74,15.372328722184315,18.5,0.14139352796108362,125,2450,0.9317440693624843,0.259
12.77,15.372328722184315,18.5,0.14139352796108362,125,2450,0.9317440693624843,0.259
12.42,15.372328722184315,18.5,0.14139352796108362,125,2450,0.9317440693624843,0.259
13.47,15.372328722184315,18.5,0.14139352796108362,125,2450,0.9317440693624843,0.259
14.94,15.371675017094496,18.625,0.1407398228712644,125,2450,0.9317458999939285,0.26075
12.715,15.371675017094496,18.625,0.1407398228712644,125,2450,0.9317458999939285,0.26075
17.66,15.371675017094496,18.625,0.1407398228712644,125,2450,0.9317458999939285,0.26075
14.705,15.371675017094496,18.625,0.1407398228712644,125,2450,0.9317458999939285,0.26075
12.58,15.371675017094496,18.625,0.1407398228712644,125,2450,0.9317458999939285,0.26075
13.920000000000002,15.371675017094496,18.625,0.1407398228712644,125,2450,0.9317458999939285,0.26075
12.455000000000002,15.371675017094496,18.625,0.1407398228712644,125,2450,0.9317458999939285,0.26075
9.7,15.371675017094496,18.625,0.1407398228712644,125,2450,0.9317458999939285,0.26075
15.75,15.373604889848988,18.75,0.14266969562575582,125,2450,0.9317477678571426,0.2625
14.115,15.373604889848988,18.75,0.14266969562575582,125,2450,0.9317477678571426,0.2625
12.215,15.373604889848988,18.75,0.14266969562575582,125,2450,0.9317477678571426,0.2625
17.635,15.373604889848988,18.75,0.14266969562575582,125,2450,0.9317477678571426,0.2625
12.64,15.373604889848988,18.75,0.14266969562575582,125,2450,0.9317477678571426,0.2625
14.29,15.373604889848988,18.75,0.14266969562575582,125,2450,0.9317477678571426,0.2625
12.665,15.373604889848988,18.75,0.14266969562575582,125,2450,0.9317477678571426,0.2625
12.74,15.375161811125482,18.875,0.14422661690224992,125,2450,0.9317496734535559,0.26425
16.700000000000003,15.375161811125482,18.875,0.14422661690224992,125,2450,0.9317496734535559,0.26425
9.135,15.375161811125482,18.875,0.14422661690224992,125,2450,0.9317496734535559,0.26425
12.635,15.375161811125482,18.875,0.14422661690224992,125,2450,0.9317496734535559,0.26425
14.995,15.375161811125482,18.875,0.14422661690224992,125,2450,0.9317496734535559,0.26425
14.385,15.376151270896417,19,0.1452160766731847,125,2450,0.9317516172879501,0.266
13.52,15.376151270896417,19,0.1452160766731847,125,2450,0.9317516172879501,0.266
14.77,15.376151270896417,19,0.1452160766731847,125,2450,0.9317516172879501,0.266
13.13,15.376151270896417,19,0.1452160766731847,125,2450,0.9317516172879501,0.266
13.465,15.376151270896417,19,0.1452160766731847,125,2450,0.9317516172879501,0.266
15.615,15.376151270896417,19,0.1452160766731847,125,2450,0.9317516172879501,0.266
12.44,15.376151270896417,19,0.1452160766731847,125,2450,0.9317516172879501,0.266
15.665,15.376151270896417,19,0.1452160766731847,125,2450,0.9317516172879501,0.266
15.84,15.376151270896417,19,0.1452160766731847,125,2450,0.9317516172879501,0.266
12.565,15.37647093775318,19.125,0.14553574352994758,125,2450,0.9317535998684627,0.26775
15.015,15.37647093775318,19.125,0.14553574352994758,125,2450,0.9317535998684627,0.26775
13.945,15.37647093775318,19.125,0.14553574352994758,125,2450,0.9317535998684627,0.26775
15.32,15.37647093775318,19.125,0.14553574352994758,125,2450,0.9317535998684627,0.26775
10.885000000000002,15.37647093775318,19.125,0.14553574352994758,125,2450,0.9317535998684627,0.26775
7.970000000000001,15.376864010892614,19.25,0.1459288166693824,125,2450,0.9317556217065835,0.2695
13.31,15.376864010892614,19.25,0.1459288166693824,125,2450,0.9317556217065835,0.2695
10.205,15.376864010892614,19.25,0.1459288166693824,125,2450,0.9317556217065835,0.2695
13.63,15.376864010892614,19.25,0.1459288166693824,125,2450,0.9317556217065835,0.2695
13.225,15.376864010892614,19.25,0.1459288166693824,125,2450,0.9317556217065835,0.2695
11.305,15.384811191293718,19.375,0.15387599707048594,125,2450,0.9317576833171582,0.27125
15.105,15.384811191293718,19.375,0.15387599707048594,125,2450,0.9317576833171582,0.27125
12.15,15.384811191293718,19.375,0.15387599707048594,125,2450,0.9317576833171582,0.27125
10.73,15.384811191293718,19.375,0.15387599707048594,125,2450,0.9317576833171582,0.27125
19.075000000000003,15.384811191293718,19.375,0.15387599707048594,125,2450,0.9317576833171582,0.27125
13.385,15.384811191293718,19.375,0.15387599707048594,125,2450,0.9317576833171582,0.27125
11.71,15.4238808072998,19.5,0.192945613076569,125,2450,0.931759785218385,0.273
34.39,15.4238808072998,19.5,0.192945613076569,125,2450,0.931759785218385,0.273
13.670000000000002,15.4238808072998,19.5,0.192945613076569,125,2450,0.931759785218385,0.273
15.665,15.4238808072998,19.5,0.192945613076569,125,2450,0.931759785218385,0.273
14.665,15.4238808072998,19.5,0.192945613076569,125,2450,0.931759785218385,0.273
15.215,15.4238808072998,19.5,0.192945613076569,125,2450,0.931759785218385,0.273
14.05,15.4238808072998,19.5,0.192945613076569,125,2450,0.931759785218385,0.273
15.45,15.4238808072998,19.5,0.192945613076569,125,2450,0.931759785218385,0.273
24.035000000000004,15.4238808072998,19.5,0.192945613076569,125,2450,0.931759785218385,0.273
13.585,15.42286707226986,19.625,0.1919318780466277,125,2450,0.9317619279318168,0.27475
26.315,15.42286707226986,19.625,0.1919318780466277,125,2450,0.9317619279318168,0.27475
15.72,15.42286707226986,19.625,0.1919318780466277,125,2450,0.9317619279318168,0.27475
12.260000000000002,15.42286707226986,19.625,0.1919318780466277,125,2450,0.9317619279318168,0.27475
15.675,15.407400646668682,19.75,0.1764654524454503,125,2450,0.9317641119823601,0.2765
8.975000000000001,15.407400646668682,19.75,0.1764654524454503,125,2450,0.9317641119823601,0.2765
14.375,15.407400646668682,19.75,0.1764654524454503,125,2450,0.9317641119823601,0.2765
15.23,15.407400646668682,19.75,0.1764654524454503,125,2450,0.9317641119823601,0.2765
16.405,15.407400646668682,19.75,0.1764654524454503,125,2450,0.9317641119823601,0.2765
6.965000000000001,15.395419439677902,19.875,0.16448424545466978,125,2450,0.9317663378982762,0.27825
12.905,15.395419439677902,19.875,0.16448424545466978,125,2450,0.9317663378982762,0.27825
15.62,15.395419439677902,19.875,0.16448424545466978,125,2450,0.9317663378982762,0.27825
13.04,15.395419439677902,19.875,0.16448424545466978,125,2450,0.9317663378982762,0.27825
14.29,15.395419439677902,19.875,0.16448424545466978,125,2450,0.9317663378982762,0.27825
12.9,15.393803636759928,20,0.16286844253669663,125,2450,0.93176860621118,0.28
12.305,15.393803636759928,20,0.16286844253669663,125,2450,0.93176860621118,0.28
14.26,15.393803636759928,20,0.16286844253669663,125,2450,0.93176860621118,0.28
16.265,15.393803636759928,20,0.16286844253669663,125,2450,0.93176860621118,0.28
14.84,15.393803636759928,20,0.16286844253669663,125,2450,0.93176860621118,0.28
16.03,15.393803636759928,20,0.16286844253669663,125,2450,0.93176860621118,0.28
15.44,15.394508638185648,20.125,0.16357344396241658,125,2450,0.9317709174560403,0.28175
12.32,15.394508638185648,20.125,0.16357344396241658,125,2450,0.9317709174560403,0.28175
14.285,15.394508638185648,20.125,0.16357344396241658,125,2450,0.9317709174560403,0.28175
12.98,15.394508638185648,20.125,0.16357344396241658,125,2450,0.9317709174560403,0.28175
11.01,15.394508638185648,20.125,0.16357344396241658,125,2450,0.9317709174560403,0.28175
15.995,15.394508638185648,20.125,0.16357344396241658,125,2450,0.9317709174560403,0.28175
16.86,15.394508638185648,20.125,0.16357344396241658,125,2450,0.9317709174560403,0.28175
16.465,15.394508638185648,20.125,0.16357344396241658,125,2450,0.9317709174560403,0.28175
14.585,15.393616809818573,20.25,0.162681615595341,125,2450,0.93177327217118,0.28350000000000003
10.625,15.393616809818573,20.25,0.162681615595341,125,2450,0.93177327217118,0.28350000000000003
14.34,15.393616809818573,20.25,0.162681615595341,125,2450,0.93177327217118,0.28350000000000003
14.04,15.393616809818573,20.25,0.162681615595341,125,2450,0.93177327217118,0.28350000000000003
13.185,15.393616809818573,20.25,0.162681615595341,125,2450,0.93177327217118,0.28350000000000003
16.265,15.393616809818573,20.25,0.162681615595341,125,2450,0.93177327217118,0.28350000000000003
21.98,15.393741431289916,20.375,0.1628062370666843,125,2450,0.9317756708982762,0.28525
7.755000000000001,15.393741431289916,20.375,0.1628062370666843,125,2450,0.9317756708982762,0.28525
47.575,15.393741431289916,20.375,0.1628062370666843,125,2450,0.9317756708982762,0.28525
13.885,15.393741431289916,20.375,0.1628062370666843,125,2450,0.9317756708982762,0.28525
12.335,15.393741431289916,20.375,0.1628062370666843,125,2450,0.9317756708982762,0.28525
14.75,15.393741431289916,20.375,0.1628062370666843,125,2450,0.9317756708982762,0.28525
11.525,15.39544195322224,20.5,0.1645067589990088,125,2450,0.9317781141823602,0.28700000000000003
15.86,15.39544195322224,20.5,0.1645067589990088,125,2450,0.9317781141823602,0.28700000000000003
14.27,15.39544195322224,20.5,0.1645067589990088,125,2450,0.9317781141823602,0.28700000000000003
9.3,15.39544195322224,20.5,0.1645067589990088,125,2450,0.9317781141823602,0.28700000000000003
11.86,15.39544195322224,20.5,0.1645067589990088,125,2450,0.9317781141823602,0.28700000000000003
14.435,15.39544195322224,20.5,0.1645067589990088,125,2450,0.9317781141823602,0.28700000000000003
13.565,15.39544195322224,20.5,0.1645067589990088,125,2450,0.9317781141823602,0.28700000000000003
12.795,15.393913621789869,20.625,0.16297842756663705,125,2450,0.9317806025718167,0.28875
13.135000000000002,15.393913621789869,20.625,0.16297842756663705,125,2450,0.9317806025718167,0.28875
10.6,15.393913621789869,20.625,0.16297842756663705,125,2450,0.9317806025718167,0.28875
14.245,15.393913621789869,20.625,0.16297842756663705,125,2450,0.9317806025718167,0.28875
15.145,15.396707028785402,20.75,0.16577183456216993,125,2450,0.931783136618385,0.2905
13.09,15.396707028785402,20.75,0.16577183456216993,125,2450,0.931783136618385,0.2905
13.56,15.396707028785402,20.75,0.16577183456216993,125,2450,0.931783136618385,0.2905
14.96,15.396707028785402,20.75,0.16577183456216993,125,2450,0.931783136618385,0.2905
14.080000000000002,15.396707028785402,20.75,0.16577183456216993,125,2450,0.931783136618385,0.2905
7.765,15.396707028785402,20.75,0.16577183456216993,125,2450,0.931783136618385,0.2905
14.47,15.411616449111415,20.84375,0.18068125488818332,125,2450,0.931785067449588,0.29181250000000003
8.17,15.41179208652706,20.875,0.18085689230382762,125,2450,0.9317857168771583,0.29225
18.365,15.41179208652706,20.875,0.18085689230382762,125,2450,0.9317857168771583,0.29225
17.700000000000003,15.41179208652706,20.875,0.18085689230382762,125,2450,0.9317857168771583,0.29225
18.585,15.41179208652706,20.875,0.18085689230382762,125,2450,0.9317857168771583,0.29225
11.9,15.41179208652706,20.875,0.18085689230382762,125,2450,0.9317857168771583,0.29225
10.555,15.41179208652706,20.875,0.18085689230382762,125,2450,0.9317857168771583,0.29225
15.35,15.416069771870658,20.96875,0.18513457764742647,125,2450,0.9317876827338126,0.2935625
15.15,15.416069771870658,20.96875,0.18513457764742647,125,2450,0.9317876827338126,0.2935625
12.45,15.416069771870658,21,0.18513457764742647,125,2450,0.9317883439065837,0.294
13.525,15.416069771870658,21,0.18513457764742647,125,2450,0.9317883439065837,0.294
18.06,15.416069771870658,21,0.18513457764742647,125,2450,0.9317883439065837,0.294
11.56,15.416069771870658,21,0.18513457764742647,125,2450,0.9317883439065837,0.294
12.71,15.416069771870658,21,0.18513457764742647,125,2450,0.9317883439065837,0.294
14.63,15.416069771870658,21,0.18513457764742647,125,2450,0.9317883439065837,0.294
14.875,15.416069771870658,21,0.18513457764742647,125,2450,0.9317883439065837,0.294
16.3,15.416069771870658,21,0.18513457764742647,125,2450,0.9317883439065837,0.294
18.48,15.416069771870658,21,0.18513457764742647,125,2450,0.9317883439065837,0.294
11.415,15.41614320738059,21.125,0.18520801315735902,125,2450,0.9317910182684628,0.29575
11.9,15.41614320738059,21.125,0.18520801315735902,125,2450,0.9317910182684628,0.29575
16.48,15.41614320738059,21.125,0.18520801315735902,125,2450,0.9317910182684628,0.29575
15.105,15.41614320738059,21.125,0.18520801315735902,125,2450,0.9317910182684628,0.29575
16.365000000000002,15.41614320738059,21.125,0.18520801315735902,125,2450,0.9317910182684628,0.29575
11.995,15.41614320738059,21.125,0.18520801315735902,125,2450,0.9317910182684628,0.29575
12.105,15.41614320738059,21.125,0.18520801315735902,125,2450,0.9317910182684628,0.29575
13.65,15.41660349418793,21.25,0.18566829996469814,125,2450,0.93179374052795,0.2975
8.15,15.41660349418793,21.25,0.18566829996469814,125,2450,0.93179374052795,0.2975
11.09,15.41660349418793,21.25,0.18566829996469814,125,2450,0.93179374052795,0.2975
10.595,15.41660349418793,21.25,0.18566829996469814,125,2450,0.93179374052795,0.2975
11.775,15.41660349418793,21.25,0.18566829996469814,125,2450,0.93179374052795,0.2975
14.605,15.42466736121578,21.375,0.19373216699254847,125,2450,0.9317965112535558,0.29925
12.58,15.42466736121578,21.375,0.19373216699254847,125,2450,0.9317965112535558,0.29925
15.55,15.42466736121578,21.375,0.19373216699254847,125,2450,0.9317965112535558,0.29925
17.060000000000002,15.42466736121578,21.375,0.19373216699254847,125,2450,0.9317965112535558,0.29925
16.025,15.42466736121578,21.375,0.19373216699254847,125,2450,0.9317965112535558,0.29925
12.075,15.42466736121578,21.375,0.19373216699254847,125,2450,0.9317965112535558,0.29925
15.91,15.43907601141538,21.5,0.20814081719214883,125,2450,0.9317993310171427,0.301
13.23,15.43907601141538,21.5,0.20814081719214883,125,2450,0.9317993310171427,0.301
15.15,15.43907601141538,21.5,0.20814081719214883,125,2450,0.9317993310171427,0.301
16.255000000000003,15.43907601141538,21.5,0.20814081719214883,125,2450,0.9317993310171427,0.301
13.510000000000002,15.43907601141538,21.5,0.20814081719214883,125,2450,0.9317993310171427,0.301
14.41,15.43907601141538,21.5,0.20814081719214883,125,2450,0.9317993310171427,0.301
19.25,15.448889056515656,21.625,0.21795386229242375,125,2450,0.9318022003939285,0.30275
13.005,15.448889056515656,21.625,0.21795386229242375,125,2450,0.9318022003939285,0.30275
13.555,15.448889056515656,21.625,0.21795386229242375,125,2450,0.9318022003939285,0.30275
15.48,15.448889056515656,21.625,0.21795386229242375,125,2450,0.9318022003939285,0.30275
15.305,15.448889056515656,21.625,0.21795386229242375,125,2450,0.9318022003939285,0.30275
14.345,15.448889056515656,21.625,0.21795386229242375,125,2450,0.9318022003939285,0.30275
16.775,15.45860483555282,21.75,0.22766964132958734,125,2450,0.9318051199624843,0.3045
15.5,15.45860483555282,21.75,0.22766964132958734,125,2450,0.9318051199624843,0.3045
15.81,15.45860483555282,21.75,0.22766964132958734,125,2450,0.9318051199624843,0.3045
19.31,15.45860483555282,21.75,0.22766964132958734,125,2450,0.9318051199624843,0.3045
11.38,15.45860483555282,21.75,0.22766964132958734,125,2450,0.9318051199624843,0.3045
18.8,15.45860483555282,21.75,0.22766964132958734,125,2450,0.9318051199624843,0.3045
12.165,15.45860483555282,21.75,0.22766964132958734,125,2450,0.9318051199624843,0.3045
14.43,15.45860483555282,21.75,0.22766964132958734,125,2450,0.9318051199624843,0.3045
17.05,15.45860483555282,21.75,0.22766964132958734,125,2450,0.9318051199624843,0.3045
16.12,15.45939224573246,21.875,0.22845705150922768,125,2450,0.931808090304736,0.30625
11.875,15.45939224573246,21.875,0.22845705150922768,125,2450,0.931808090304736,0.30625
17.185000000000002,15.45939224573246,21.875,0.22845705150922768,125,2450,0.931808090304736,0.30625
12.395,15.45939224573246,21.875,0.22845705150922768,125,2450,0.931808090304736,0.30625
15.31,15.45939224573246,21.875,0.22845705150922768,125,2450,0.931808090304736,0.30625
22.63,15.4628183405666,21.916666666666668,0.23188314634336749,125,2450,0.9318090918029259,0.30683333333333335
12.235,15.460177315949169,22,0.22924212172593705,125,2450,0.9318111120059627,0.308
14.17,15.460177315949169,22,0.22924212172593705,125,2450,0.9318111120059627,0.308
9.675,15.460177315949169,22,0.22924212172593705,125,2450,0.9318111120059627,0.308
12.945,15.460177315949169,22,0.22924212172593705,125,2450,0.9318111120059627,0.308
10.54,15.460177315949169,22,0.22924212172593705,125,2450,0.9318111120059627,0.308
14.205,15.460177315949169,22,0.22924212172593705,125,2450,0.9318111120059627,0.308
15.235,15.46064847945549,22.125,0.22971328523225765,125,2450,0.9318141856547979,0.30975
9.105,15.46064847945549,22.125,0.22971328523225765,125,2450,0.9318141856547979,0.30975
16.365000000000002,15.46064847945549,22.125,0.22971328523225765,125,2450,0.9318141856547979,0.30975
15.755,15.465347570083756,22.25,0.23441237586052388,125,2450,0.9318173118432297,0.3115
16.23,15.465347570083756,22.25,0.23441237586052388,125,2450,0.9318173118432297,0.3115
10.475,15.465347570083756,22.25,0.23441237586052388,125,2450,0.9318173118432297,0.3115
11.565,15.465347570083756,22.25,0.23441237586052388,125,2450,0.9318173118432297,0.3115
14.48,15.464973733946508,22.375,0.23403853972327582,125,2450,0.9318204911665993,0.31325000000000003
13.115,15.464973733946508,22.375,0.23403853972327582,125,2450,0.9318204911665993,0.31325000000000003
15.195,15.464973733946508,22.375,0.23403853972327582,125,2450,0.9318204911665993,0.31325000000000003
14.89,15.464973733946508,22.375,0.23403853972327582,125,2450,0.9318204911665993,0.31325000000000003
16.61,15.464973733946508,22.375,0.23403853972327582,125,2450,0.9318204911665993,0.31325000000000003
42.32,15.477042960018174,22.40625,0.24610776579494242,125,2450,0.9318212943698617,0.3136875
11.62,15.464761890490562,22.46875,0.23382669626733055,125,2450,0.9318229108889562,0.3145625
13.48,15.464919997134418,22.5,0.23398480291118595,125,2450,0.9318237242236024,0.315
3.73,15.464919997134418,22.5,0.23398480291118595,125,2450,0.9318237242236024,0.315
15.555,15.464919997134418,22.5,0.23398480291118595,125,2450,0.9318237242236024,0.315
10.03,15.464919997134418,22.5,0.23398480291118595,125,2450,0.9318237242236024,0.315
14.955,15.464919997134418,22.5,0.23398480291118595,125,2450,0.9318237242236024,0.315
17.635,15.464919997134418,22.5,0.23398480291118595,125,2450,0.9318237242236024,0.315
12.335,15.469870722469462,22.625,0.23893552824623043,125,2450,0.9318270116162888,0.31675000000000003
17.36,15.469870722469462,22.625,0.23893552824623043,125,2450,0.9318270116162888,0.31675000000000003
14.74,15.469870722469462,22.625,0.23893552824623043,125,2450,0.9318270116162888,0.31675000000000003
17,15.469870722469462,22.625,0.23893552824623043,125,2450,0.9318270116162888,0.31675000000000003
15.59,15.469870722469462,22.625,0.23893552824623043,125,2450,0.9318270116162888,0.31675000000000003
11.585,15.469870722469462,22.625,0.23893552824623043,125,2450,0.9318270116162888,0.31675000000000003
16.38,15.476208466148767,22.75,0.2452732719255355,125,2450,0.931830353950062,0.3185
14.81,15.476208466148767,22.75,0.2452732719255355,125,2450,0.931830353950062,0.3185
23.06,15.494981523605285,22.875,0.26404632938205275,125,2450,0.93183375183368,0.32025
8.05,15.494981523605285,22.875,0.26404632938205275,125,2450,0.93183375183368,0.32025
9.415,15.494981523605285,22.875,0.26404632938205275,125,2450,0.93183375183368,0.32025
22.465,15.494981523605285,22.875,0.26404632938205275,125,2450,0.93183375183368,0.32025
12.84,15.494981523605285,22.875,0.26404632938205275,125,2450,0.93183375183368,0.32025
12.055,15.494981523605285,22.875,0.26404632938205275,125,2450,0.93183375183368,0.32025
17.5,15.494981523605285,22.875,0.26404632938205275,125,2450,0.93183375183368,0.32025
17.615000000000002,15.494981523605285,22.875,0.26404632938205275,125,2450,0.93183375183368,0.32025
15.23,15.494981523605285,22.875,0.26404632938205275,125,2450,0.93183375183368,0.32025
15.05,15.494981523605285,22.875,0.26404632938205275,125,2450,0.93183375183368,0.32025
15.335,15.496487837049823,23,0.2655526428265915,125,2450,0.9318372058792546,0.322
11.475,15.496487837049823,23,0.2655526428265915,125,2450,0.9318372058792546,0.322
17.6,15.496487837049823,23,0.2655526428265915,125,2450,0.9318372058792546,0.322
12.255,15.496487837049823,23,0.2655526428265915,125,2450,0.9318372058792546,0.322
16.115000000000002,15.496487837049823,23,0.2655526428265915,125,2450,0.9318372058792546,0.322
20.94,15.496487837049823,23,0.2655526428265915,125,2450,0.9318372058792546,0.322
16.79,15.496487837049823,23,0.2655526428265915,125,2450,0.9318372058792546,0.322
15.335,15.496487837049823,23,0.2655526428265915,125,2450,0.9318372058792546,0.322
11.22,15.497004078257884,23.125,0.26606888403465234,125,2450,0.9318407167022515,0.32375
8.450000000000001,15.497004078257884,23.125,0.26606888403465234,125,2450,0.9318407167022515,0.32375
13.925,15.497004078257884,23.125,0.26606888403465234,125,2450,0.9318407167022515,0.32375
15.21,15.497004078257884,23.125,0.26606888403465234,125,2450,0.9318407167022515,0.32375
13.4,15.497004078257884,23.125,0.26606888403465234,125,2450,0.9318407167022515,0.32375
16.445,15.497004078257884,23.125,0.26606888403465234,125,2450,0.9318407167022515,0.32375
14.235,15.497004078257884,23.125,0.26606888403465234,125,2450,0.9318407167022515,0.32375
14.34,15.497004078257884,23.125,0.26606888403465234,125,2450,0.9318407167022515,0.32375
13.165,15.49157841197141,23.25,0.26064321774817856,125,2450,0.9318442849214906,0.3255
10.52,15.49157841197141,23.25,0.26064321774817856,125,2450,0.9318442849214906,0.3255
15.585,15.49157841197141,23.25,0.26064321774817856,125,2450,0.9318442849214906,0.3255
7.51,15.49157841197141,23.25,0.26064321774817856,125,2450,0.9318442849214906,0.3255
14.605,15.503752768971696,23.375,0.2728175747484638,125,2450,0.9318479111591459,0.32725
12.665,15.503752768971696,23.375,0.2728175747484638,125,2450,0.9318479111591459,0.32725
13.74,15.503752768971696,23.375,0.2728175747484638,125,2450,0.9318479111591459,0.32725
17.384999999999998,15.503752768971696,23.375,0.2728175747484638,125,2450,0.9318479111591459,0.32725
16.045,15.503752768971696,23.375,0.2728175747484638,125,2450,0.9318479111591459,0.32725
12.54,15.51094459959616,23.5,0.28000940537292784,125,2450,0.9318515960407452,0.329
14.735,15.51094459959616,23.5,0.28000940537292784,125,2450,0.9318515960407452,0.329
9.59,15.51094459959616,23.5,0.28000940537292784,125,2450,0.9318515960407452,0.329
18.4,15.51094459959616,23.5,0.28000940537292784,125,2450,0.9318515960407452,0.329
12.91,15.51094459959616,23.5,0.28000940537292784,125,2450,0.9318515960407452,0.329
16.020000000000003,15.51094459959616,23.5,0.28000940537292784,125,2450,0.9318515960407452,0.329
15.785,15.51094459959616,23.5,0.28000940537292784,125,2450,0.9318515960407452,0.329
14.515,15.512230091944796,23.625,0.2812948977215637,125,2450,0.9318553401951706,0.33075
13.56,15.512230091944796,23.625,0.2812948977215637,125,2450,0.9318553401951706,0.33075
6.9750000000000005,15.513346292163408,23.75,0.2824110979401766,125,2450,0.9318591442546583,0.3325
11.55,15.513346292163408,23.75,0.2824110979401766,125,2450,0.9318591442546583,0.3325
14.565,15.513346292163408,23.75,0.2824110979401766,125,2450,0.9318591442546583,0.3325
8.445,15.517934481617832,23.875,0.28699928739460034,125,2450,0.931863008854798,0.33425
10.775,15.517934481617832,23.875,0.28699928739460034,125,2450,0.931863008854798,0.33425
16.915,15.517934481617832,23.875,0.28699928739460034,125,2450,0.931863008854798,0.33425
12.8,15.52705838500154,24,0.2961231907783084,125,2450,0.9318669346345341,0.336
12.5,15.52705838500154,24,0.2961231907783084,125,2450,0.9318669346345341,0.336
16.98,15.52705838500154,24,0.2961231907783084,125,2450,0.9318669346345341,0.336
16.525,15.52705838500154,24,0.2961231907783084,125,2450,0.9318669346345341,0.336
13.82,15.52705838500154,24,0.2961231907783084,125,2450,0.9318669346345341,0.336
16.93,15.52705838500154,24,0.2961231907783084,125,2450,0.9318669346345341,0.336
8.754999999999999,15.534827383195628,24.125,0.3038921889723962,125,2450,0.9318709222361645,0.33775
20.835,15.534827383195628,24.125,0.3038921889723962,125,2450,0.9318709222361645,0.33775
25.92,15.534827383195628,24.125,0.3038921889723962,125,2450,0.9318709222361645,0.33775
12.11,15.534827383195628,24.125,0.3038921889723962,125,2450,0.9318709222361645,0.33775
21.005000000000003,15.534827383195628,24.125,0.3038921889723962,125,2450,0.9318709222361645,0.33775
39.95,15.530290122716586,24.25,0.2993549284933543,125,2450,0.9318749723053414,0.3395
12.97,15.530290122716586,24.25,0.2993549284933543,125,2450,0.9318749723053414,0.3395
10.93,15.530290122716586,24.25,0.2993549284933543,125,2450,0.9318749723053414,0.3395
13.39,15.530290122716586,24.25,0.2993549284933543,125,2450,0.9318749723053414,0.3395
16.14,15.530290122716586,24.25,0.2993549284933543,125,2450,0.9318749723053414,0.3395
13.575,15.530290122716586,24.25,0.2993549284933543,125,2450,0.9318749723053414,0.3395
33.795,15.542588972398176,24.375,0.31165377817494466,125,2450,0.9318790854910713,0.34125
14.55,15.542588972398176,24.375,0.31165377817494466,125,2450,0.9318790854910713,0.34125
17.03,15.542588972398176,24.375,0.31165377817494466,125,2450,0.9318790854910713,0.34125
18.99,15.542588972398176,24.375,0.31165377817494466,125,2450,0.9318790854910713,0.34125
11.71,15.532503990576105,24.5,0.30156879635287304,125,2450,0.9318832624457142,0.343
8.75,15.532503990576105,24.5,0.30156879635287304,125,2450,0.9318832624457142,0.343
11.97,15.528921875045262,24.625,0.2979866808220297,125,2450,0.9318875038249843,0.34475
17.025,15.528921875045262,24.625,0.2979866808220297,125,2450,0.9318875038249843,0.34475
13.2,15.528921875045262,24.625,0.2979866808220297,125,2450,0.9318875038249843,0.34475
14.53,15.528921875045262,24.625,0.2979866808220297,125,2450,0.9318875038249843,0.34475
9.74,15.528921875045262,24.625,0.2979866808220297,125,2450,0.9318875038249843,0.34475
12.17,15.528921875045262,24.625,0.2979866808220297,125,2450,0.9318875038249843,0.34475
11.135000000000002,15.520216486180136,24.75,0.2892812919569039,125,2450,0.9318918102879503,0.34650000000000003
20.49,15.520216486180136,24.75,0.2892812919569039,125,2450,0.9318918102879503,0.34650000000000003
14.010000000000002,15.516433877825415,24.875,0.28549868360218333,125,2450,0.9318961824970341,0.34825
10.51,15.516433877825415,24.875,0.28549868360218333,125,2450,0.9318961824970341,0.34825
20.48,15.516433877825415,24.875,0.28549868360218333,125,2450,0.9318961824970341,0.34825
12.45,15.516433877825415,24.875,0.28549868360218333,125,2450,0.9318961824970341,0.34825
19.15,15.517668934735406,25,0.28673374051217415,125,2450,0.9319006211180123,0.35000000000000003
14.93,15.517668934735406,25,0.28673374051217415,125,2450,0.9319006211180123,0.35000000000000003
13.38,15.517668934735406,25,0.28673374051217415,125,2450,0.9319006211180123,0.35000000000000003
9.09,15.517668934735406,25,0.28673374051217415,125,2450,0.9319006211180123,0.35000000000000003
14.91,15.517668934735406,25,0.28673374051217415,125,2450,0.9319006211180123,0.35000000000000003
19.635,15.5194895501712,25.125,0.2885543559479675,125,2450,0.9319051268200154,0.35175
14.28,15.5194895501712,25.125,0.2885543559479675,125,2450,0.9319051268200154,0.35175
17.645,15.52208953543876,25.208333333333332,0.2911543412155275,125,2450,0.9319081682205399,0.35291666666666666
9.78,15.52137323197426,25.25,0.29043803775102894,125,2450,0.9319097002755278,0.3535
15.77,15.52137323197426,25.25,0.29043803775102894,125,2450,0.9319097002755278,0.3535
15.86,15.52137323197426,25.25,0.29043803775102894,125,2450,0.9319097002755278,0.3535
16.075000000000003,15.52137323197426,25.25,0.29043803775102894,125,2450,0.9319097002755278,0.3535
20.505000000000003,15.52137323197426,25.25,0.29043803775102894,125,2450,0.9319097002755278,0.3535
14.05,15.52137323197426,25.25,0.29043803775102894,125,2450,0.9319097002755278,0.3535
15.54,15.52137323197426,25.25,0.29043803775102894,125,2450,0.9319097002755278,0.3535
8.879999999999999,15.521821268282595,25.375,0.2908860740593635,125,2450,0.9319143421603882,0.35525
16.755000000000003,15.521821268282595,25.375,0.2908860740593635,125,2450,0.9319143421603882,0.35525
13.86,15.521821268282595,25.375,0.2908860740593635,125,2450,0.9319143421603882,0.35525
26.94,15.52316194704412,25.5,0.2922267528208877,125,2450,0.9319190531537888,0.357
11.3,15.52316194704412,25.5,0.2922267528208877,125,2450,0.9319190531537888,0.357
5.915,15.52316194704412,25.5,0.2922267528208877,125,2450,0.9319190531537888,0.357
13.89,15.52316194704412,25.5,0.2922267528208877,125,2450,0.9319190531537888,0.357
17.345,15.523819509656992,25.625,0.2928843154337599,125,2450,0.9319238339382762,0.35875
16.455000000000002,15.520090069133277,25.75,0.28915487491004477,125,2450,0.9319286851997514,0.3605
17.085,15.520090069133277,25.75,0.28915487491004477,125,2450,0.9319286851997514,0.3605
15.915,15.520090069133277,25.75,0.28915487491004477,125,2450,0.9319286851997514,0.3605
11.215,15.518131272559756,25.875,0.2871960783365246,125,2450,0.9319336076274687,0.36225
15.38,15.518131272559756,25.875,0.2871960783365246,125,2450,0.9319336076274687,0.36225
17.165,15.518131272559756,25.875,0.2871960783365246,125,2450,0.9319336076274687,0.36225
19.15,15.518131272559756,25.875,0.2871960783365246,125,2450,0.9319336076274687,0.36225
11.715,15.518131272559756,25.875,0.2871960783365246,125,2450,0.9319336076274687,0.36225
13.64,15.518131272559756,25.875,0.2871960783365246,125,2450,0.9319336076274687,0.36225
25.955,15.519552791189165,25.96875,0.28861759696593303,125,2450,0.9319373465676246,0.3635625
13.4,15.519572979384204,26,0.28863778516097227,125,2450,0.9319386019140371,0.364
10.55,15.519572979384204,26,0.28863778516097227,125,2450,0.9319386019140371,0.364
16.92,15.519572979384204,26,0.28863778516097227,125,2450,0.9319386019140371,0.364
12.78,15.519572979384204,26,0.28863778516097227,125,2450,0.9319386019140371,0.364
10.26,15.51178862167106,26.125,0.2808534274478287,125,2450,0.9319436687554192,0.36575
12.845,15.51178862167106,26.125,0.2808534274478287,125,2450,0.9319436687554192,0.36575
18.71,15.51178862167106,26.125,0.2808534274478287,125,2450,0.9319436687554192,0.36575
7.550000000000001,15.510034048674196,26.25,0.2790988544509645,125,2450,0.9319488088509316,0.3675
15.035,15.510034048674196,26.25,0.2790988544509645,125,2450,0.9319488088509316,0.3675
12.16,15.510034048674196,26.25,0.2790988544509645,125,2450,0.9319488088509316,0.3675
13.66,15.510034048674196,26.25,0.2790988544509645,125,2450,0.9319488088509316,0.3675
23.54,15.510029255997644,26.375,0.279094061774412,125,2450,0.9319540229032452,0.36925
13.9,15.510029255997644,26.375,0.279094061774412,125,2450,0.9319540229032452,0.36925
11.08,15.510029255997644,26.375,0.279094061774412,125,2450,0.9319540229032452,0.36925
10.535,15.51100352876164,26.5,0.2800683345384076,125,2450,0.9319593116183851,0.371
9.73,15.51100352876164,26.5,0.2800683345384076,125,2450,0.9319593116183851,0.371
12.91,15.51100352876164,26.5,0.2800683345384076,125,2450,0.9319593116183851,0.371
8.74,15.51100352876164,26.5,0.2800683345384076,125,2450,0.9319593116183851,0.371
14.555,15.51100352876164,26.5,0.2800683345384076,125,2450,0.9319593116183851,0.371
14.045,15.51100352876164,26.5,0.2800683345384076,125,2450,0.9319593116183851,0.371
17.47,15.512109118415664,26.5625,0.2811739241924318,125,2450,0.9319619841960645,0.371875
13.73,15.51317462882342,26.625,0.2822394346001875,125,2450,0.9319646757057297,0.37275
12.34,15.51317462882342,26.625,0.2822394346001875,125,2450,0.9319646757057297,0.37275
15.04,15.51317462882342,26.625,0.2822394346001875,125,2450,0.9319646757057297,0.37275
11.745,15.51317462882342,26.625,0.2822394346001875,125,2450,0.9319646757057297,0.37275
12.73,15.51317462882342,26.625,0.2822394346001875,125,2450,0.9319646757057297,0.37275
17.45,15.51317462882342,26.625,0.2822394346001875,125,2450,0.9319646757057297,0.37275
12.775,15.51317462882342,26.625,0.2822394346001875,125,2450,0.9319646757057297,0.37275
13.895,15.51317462882342,26.625,0.2822394346001875,125,2450,0.9319646757057297,0.37275
19.285,15.51317462882342,26.625,0.2822394346001875,125,2450,0.9319646757057297,0.37275
25.115,15.51565480703842,26.75,0.2847196128151879,125,2450,0.9319701158780124,0.3745
17.46,15.51565480703842,26.75,0.2847196128151879,125,2450,0.9319701158780124,0.3745
10.815,15.51565480703842,26.75,0.2847196128151879,125,2450,0.9319701158780124,0.3745
16.345,15.51565480703842,26.75,0.2847196128151879,125,2450,0.9319701158780124,0.3745
13.53,15.517566844035851,26.875,0.28663164981261957,125,2450,0.9319756328513197,0.37625000000000003
8.64,15.517566844035851,26.875,0.28663164981261957,125,2450,0.9319756328513197,0.37625000000000003
14.75,15.517566844035851,26.875,0.28663164981261957,125,2450,0.9319756328513197,0.37625000000000003
10.385,15.517566844035851,26.875,0.28663164981261957,125,2450,0.9319756328513197,0.37625000000000003
12.64,15.519864994877029,27,0.28892980065379703,125,2450,0.9319812273450929,0.378
19.79,15.519864994877029,27,0.28892980065379703,125,2450,0.9319812273450929,0.378
17.97,15.519864994877029,27,0.28892980065379703,125,2450,0.9319812273450929,0.378
13.78,15.523027453293528,27.125,0.2920922590702961,125,2450,0.9319869000821271,0.37975000000000003
20.39,15.523027453293528,27.125,0.2920922590702961,125,2450,0.9319869000821271,0.37975000000000003
22.75,15.523027453293528,27.125,0.2920922590702961,125,2450,0.9319869000821271,0.37975000000000003
14.045,15.523027453293528,27.125,0.2920922590702961,125,2450,0.9319869000821271,0.37975000000000003
11.265,15.5234745798737,27.28125,0.29253938565046766,125,2450,0.9319941021395676,0.3819375
13.23,15.522855723182325,27.375,0.2919205289590927,125,2450,0.9319984831939285,0.38325000000000004
15.95,15.522855723182325,27.375,0.2919205289590927,125,2450,0.9319984831939285,0.38325000000000004
13.565,15.522855723182325,27.375,0.2919205289590927,125,2450,0.9319984831939285,0.38325000000000004
18.99,15.522855723182325,27.375,0.2919205289590927,125,2450,0.9319984831939285,0.38325000000000004
10.93,15.5212860651175,27.5,0.2903508708942688,125,2450,0.9320043950310558,0.385
13.18,15.5212860651175,27.5,0.2903508708942688,125,2450,0.9320043950310558,0.385
16.755000000000003,15.5212860651175,27.5,0.2903508708942688,125,2450,0.9320043950310558,0.385
15.93,15.5205210734342,27.625,0.2895858792109678,125,2450,0.9320103880361645,0.38675
12.01,15.520836892866765,27.75,0.28990169864353277,125,2450,0.9320164629488199,0.3885
11.995,15.520836892866765,27.75,0.28990169864353277,125,2450,0.9320164629488199,0.3885
15.055,15.520836892866765,27.75,0.28990169864353277,125,2450,0.9320164629488199,0.3885
2.965,15.519157629369946,27.875,0.2882224351467144,125,2450,0.932022620511941,0.39025
21.53,15.519157629369946,27.875,0.2882224351467144,125,2450,0.932022620511941,0.39025
8,15.519157629369946,27.875,0.2882224351467144,125,2450,0.932022620511941,0.39025
13.38,15.519157629369946,27.875,0.2882224351467144,125,2450,0.932022620511941,0.39025
15.075,15.519157629369946,27.875,0.2882224351467144,125,2450,0.932022620511941,0.39025
17.64,15.519157629369946,27.875,0.2882224351467144,125,2450,0.932022620511941,0.39025
12.89,15.519157629369946,27.875,0.2882224351467144,125,2450,0.932022620511941,0.39025
13.32,15.51809858923593,28.125,0.2871633950126977,125,2450,0.9320351865780278,0.39375
13.125,15.518932129536282,28.25,0.2879969353130498,125,2450,0.9320415965836024,0.3955
10.45,15.518932129536282,28.25,0.2879969353130498,125,2450,0.9320415965836024,0.3955
11.58,15.518932129536282,28.25,0.2879969353130498,125,2450,0.9320415965836024,0.3955
12.12,15.52195362594822,28.375,0.29101843172498754,125,2450,0.9320480922448601,0.39725
16.520000000000003,15.52195362594822,28.375,0.29101843172498754,125,2450,0.9320480922448601,0.39725
19.935,15.52195362594822,28.375,0.29101843172498754,125,2450,0.9320480922448601,0.39725
12.91,15.520807331156847,28.5,0.28987213693361547,125,2450,0.9320546743214906,0.399
14.555,15.520807331156847,28.5,0.28987213693361547,125,2450,0.9320546743214906,0.399
21.61,15.520807331156847,28.5,0.28987213693361547,125,2450,0.9320546743214906,0.399
20.22,15.521061730453496,28.625,0.2901265362302645,125,2450,0.9320613435765371,0.40075
14.105,15.521061730453496,28.625,0.2901265362302645,125,2450,0.9320613435765371,0.40075
13.884999999999998,15.521061730453496,28.625,0.2901265362302645,125,2450,0.9320613435765371,0.40075
14.740000000000002,15.526539867631518,28.75,0.29560467340828644,125,2450,0.9320681007763973,0.4025
14.28,15.526539867631518,28.75,0.29560467340828644,125,2450,0.9320681007763973,0.4025
23.265,15.526380119508715,28.7875,0.2954449252854836,125,2450,0.9320701452005842,0.403025
10.155,15.526387639468798,28.875,0.2954524452455658,125,2450,0.9320749466908229,0.40425
12.03,15.526387639468798,28.875,0.2954524452455658,125,2450,0.9320749466908229,0.40425
16.060000000000002,15.526387639468798,28.875,0.2954524452455658,125,2450,0.9320749466908229,0.40425
15.025,15.526387639468798,28.875,0.2954524452455658,125,2450,0.9320749466908229,0.40425
18.46,15.526387639468798,28.875,0.2954524452455658,125,2450,0.9320749466908229,0.40425
15.125,15.52525212098196,29,0.29431692675872867,125,2450,0.9320818820929192,0.406
17.78,15.52525212098196,29,0.29431692675872867,125,2450,0.9320818820929192,0.406
16.490000000000002,15.52525212098196,29,0.29431692675872867,125,2450,0.9320818820929192,0.406
10.33,15.52525212098196,29,0.29431692675872867,125,2450,0.9320818820929192,0.406
16.2,15.52525212098196,29,0.29431692675872867,125,2450,0.9320818820929192,0.406
12.48,15.522227584103335,29.125,0.29129238988010364,125,2450,0.9320889077591459,0.40775
10.59,15.522227584103335,29.125,0.29129238988010364,125,2450,0.9320889077591459,0.40775
37.52,15.522227584103335,29.125,0.29129238988010364,125,2450,0.9320889077591459,0.40775
13.79,15.522227584103335,29.125,0.29129238988010364,125,2450,0.9320889077591459,0.40775
14.22,15.522227584103335,29.125,0.29129238988010364,125,2450,0.9320889077591459,0.40775
9.845,15.517980274080523,29.25,0.28704507985729144,125,2450,0.9320960244693167,0.40950000000000003
9.29,15.517980274080523,29.25,0.28704507985729144,125,2450,0.9320960244693167,0.40950000000000003
14.315,15.517980274080523,29.25,0.28704507985729144,125,2450,0.9320960244693167,0.40950000000000003
14.825,15.517980274080523,29.25,0.28704507985729144,125,2450,0.9320960244693167,0.40950000000000003
13.55,15.517980274080523,29.25,0.28704507985729144,125,2450,0.9320960244693167,0.40950000000000003
12.195,15.517980274080523,29.25,0.28704507985729144,125,2450,0.9320960244693167,0.40950000000000003
18.68,15.517853078590552,29.375,0.2869178843673197,125,2450,0.9321032330065994,0.41125
11.02,15.51725346900021,29.5,0.2863182747769777,125,2450,0.9321105341575154,0.41300000000000003
10.975,15.51561846543591,29.625,0.28468327121267833,125,2450,0.9321179287119408,0.41475
18.39,15.51561846543591,29.625,0.28468327121267833,125,2450,0.9321179287119408,0.41475
17.9,15.51561846543591,29.625,0.28468327121267833,125,2450,0.9321179287119408,0.41475
13.115,15.51561846543591,29.625,0.28468327121267833,125,2450,0.9321179287119408,0.41475
14.875,15.518333670977208,29.75,0.28739847675397634,125,2450,0.9321254174631055,0.4165
13.23,15.518333670977208,29.75,0.28739847675397634,125,2450,0.9321254174631055,0.4165
15.66,15.518333670977208,29.75,0.28739847675397634,125,2450,0.9321254174631055,0.4165
15.055,15.518333670977208,29.75,0.28739847675397634,125,2450,0.9321254174631055,0.4165
12.37,15.518446447329266,29.875,0.2875112531060342,125,2450,0.932133001207593,0.41825
10.62,15.518446447329266,29.875,0.2875112531060342,125,2450,0.932133001207593,0.41825
22.34,15.518261604871324,30.125,0.2873264106480917,125,2450,0.9321484568796428,0.42175
15.235,15.518261604871324,30.125,0.2873264106480917,125,2450,0.9321484568796428,0.42175
15.66,15.518261604871324,30.125,0.2873264106480917,125,2450,0.9321484568796428,0.42175
9.135,15.518702725962475,30.25,0.2877675317392434,125,2450,0.9321563304171427,0.4235
16.82,15.518702725962475,30.25,0.2877675317392434,125,2450,0.9321563304171427,0.4235
18.44,15.518702725962475,30.25,0.2877675317392434,125,2450,0.9321563304171427,0.4235
10.77,15.518702725962475,30.25,0.2877675317392434,125,2450,0.9321563304171427,0.4235
15.5,15.518702725962475,30.25,0.2877675317392434,125,2450,0.9321563304171427,0.4235
10.255,15.518702725962475,30.25,0.2877675317392434,125,2450,0.9321563304171427,0.4235
11.83,15.518702725962475,30.25,0.2877675317392434,125,2450,0.9321563304171427,0.4235
15.12,15.518702725962475,30.25,0.2877675317392434,125,2450,0.9321563304171427,0.4235
14.16,15.51754830064644,30.375,0.2866131064232089,125,2450,0.9321643021678415,0.42525
15.76,15.518082385690638,30.5,0.2871471914674064,125,2450,0.932172372945093,0.427
14.675,15.518082385690638,30.5,0.2871471914674064,125,2450,0.932172372945093,0.427
16.69,15.518501361904876,30.625,0.28756616768164456,125,2450,0.9321805435656055,0.42875
17.75,15.518501361904876,30.625,0.28756616768164456,125,2450,0.9321805435656055,0.42875
16.86,15.518501361904876,30.625,0.28756616768164456,125,2450,0.9321805435656055,0.42875
13.07,15.518501361904876,30.625,0.28756616768164456,125,2450,0.9321805435656055,0.42875
14.96,15.518787704933109,30.75,0.28785251070987705,125,2450,0.9321888148494407,0.4305
13.06,15.520262076428212,30.875,0.28932688220498015,125,2450,0.9321971876200155,0.43225
18.13,15.520262076428212,30.875,0.28932688220498015,125,2450,0.9321971876200155,0.43225
12.23,15.520262076428212,30.875,0.28932688220498015,125,2450,0.9321971876200155,0.43225
9.965,15.520262076428212,30.875,0.28932688220498015,125,2450,0.9321971876200155,0.43225
13.79,15.517890389326224,30.9375,0.2869551951029923,125,2450,0.9322014123210646,0.433125
14.12,15.518553093917044,31,0.2876178996938119,125,2450,0.9322056627040992,0.434
23.07,15.518553093917044,31,0.2876178996938119,125,2450,0.9322056627040992,0.434
14.08,15.518553093917044,31,0.2876178996938119,125,2450,0.9322056627040992,0.434
12.55,15.518676247015607,31.125,0.2877410527923754,125,2450,0.9322142409318166,0.43575
50.77,15.52169346923783,31.25,0.29075827501459806,125,2450,0.9322229231366458,0.4375
12.37,15.52169346923783,31.25,0.29075827501459806,125,2450,0.9322229231366458,0.4375
15.485,15.52169346923783,31.25,0.29075827501459806,125,2450,0.9322229231366458,0.4375
16.835,15.521380477958484,31.375,0.29044528373525225,125,2450,0.9322317101554192,0.43925000000000003
23.7,15.521380477958484,31.375,0.29044528373525225,125,2450,0.9322317101554192,0.43925000000000003
10.87,15.521380477958484,31.375,0.29044528373525225,125,2450,0.9322317101554192,0.43925000000000003
13.07,15.521845457166734,31.5,0.29091026294350186,125,2450,0.9322406028283229,0.441
15.675,15.521845457166734,31.5,0.29091026294350186,125,2450,0.9322406028283229,0.441
12.84,15.525857084507292,31.625,0.29492189028406024,125,2450,0.9322496019988975,0.44275000000000003
8.975,15.525857084507292,31.625,0.29492189028406024,125,2450,0.9322496019988975,0.44275000000000003
14.55,15.525857084507292,31.625,0.29492189028406024,125,2450,0.9322496019988975,0.44275000000000003
10.085,15.52751345949541,31.75,0.2965782652721778,125,2450,0.9322587085140371,0.4445
9.355,15.52751345949541,31.75,0.2965782652721778,125,2450,0.9322587085140371,0.4445
13.16,15.52751345949541,31.75,0.2965782652721778,125,2450,0.9322587085140371,0.4445
16.16,15.52751345949541,31.75,0.2965782652721778,125,2450,0.9322587085140371,0.4445
21.24,15.52751345949541,31.75,0.2965782652721778,125,2450,0.9322587085140371,0.4445
9.62,15.526227751031389,31.875,0.2952925568081568,125,2450,0.9322679232239905,0.44625000000000004
8.08,15.526227751031389,31.875,0.2952925568081568,125,2450,0.9322679232239905,0.44625000000000004
18.415,15.526227751031389,31.875,0.2952925568081568,125,2450,0.9322679232239905,0.44625000000000004
11.99,15.526227751031389,31.875,0.2952925568081568,125,2450,0.9322679232239905,0.44625000000000004
15.705,15.526227751031389,31.875,0.2952925568081568,125,2450,0.9322679232239905,0.44625000000000004
15.905,15.526677812337343,32,0.2957426181141116,125,2450,0.9322772469823601,0.448
16.94,15.526677812337343,32,0.2957426181141116,125,2450,0.9322772469823601,0.448
16.62,15.526677812337343,32,0.2957426181141116,125,2450,0.9322772469823601,0.448
36.86,15.528673798341528,32.125,0.29773860411829567,125,2450,0.9322866806461024,0.44975
14.385,15.528673798341528,32.125,0.29773860411829567,125,2450,0.9322866806461024,0.44975
14.725,15.528673798341528,32.125,0.29773860411829567,125,2450,0.9322866806461024,0.44975
15.47,15.528673798341528,32.125,0.29773860411829567,125,2450,0.9322866806461024,0.44975
13.18,15.528895556848324,32.25,0.2979603626250924,125,2450,0.9322962250755279,0.4515
11.91,15.528895556848324,32.25,0.2979603626250924,125,2450,0.9322962250755279,0.4515
13.27,15.528895556848324,32.25,0.2979603626250924,125,2450,0.9322962250755279,0.4515
17.185000000000002,15.528667552381068,32.375,0.2977323581578357,125,2450,0.9323058811343012,0.45325
18.095,15.529478682858208,32.41666666666667,0.2985434886349765,125,2450,0.9323091247768391,0.4538333333333334
14.33,15.530998311458152,32.5,0.3000631172349202,125,2450,0.9323156496894409,0.455
14.325,15.530998311458152,32.5,0.3000631172349202,125,2450,0.9323156496894409,0.455
12.36,15.52963241277932,32.625,0.29869721855608766,125,2450,0.9323255316113198,0.45675
21.215,15.52963241277932,32.625,0.29869721855608766,125,2450,0.9323255316113198,0.45675
16.485,15.52963241277932,32.625,0.29869721855608766,125,2450,0.9323255316113198,0.45675
19.685,15.52963241277932,32.625,0.29869721855608766,125,2450,0.9323255316113198,0.45675
13.03,15.52946341850596,32.6875,0.2985282242827285,125,2450,0.9323305153576951,0.457625
13.4,15.528375263862866,32.75,0.29744006963963443,125,2450,0.9323355277736646,0.4585
15.06,15.528375263862866,32.75,0.29744006963963443,125,2450,0.9323355277736646,0.4585
14.755,15.528375263862866,32.75,0.29744006963963443,125,2450,0.9323355277736646,0.4585
11.94,15.528809046654423,32.875,0.29787385243119147,125,2450,0.9323456390535557,0.46025
16.585,15.528809046654423,32.875,0.29787385243119147,125,2450,0.9323456390535557,0.46025
15.45,15.526110427583044,33,0.2951752333598119,125,2450,0.9323558663314285,0.462
15.745,15.526110427583044,33,0.2951752333598119,125,2450,0.9323558663314285,0.462
13.48,15.526110427583044,33,0.2951752333598119,125,2450,0.9323558663314285,0.462
12.005,15.526110427583044,33,0.2951752333598119,125,2450,0.9323558663314285,0.462
11.37,15.52419606250368,33.125,0.2932608682804485,125,2450,0.9323662104910713,0.46375
10.455,15.52419606250368,33.125,0.2932608682804485,125,2450,0.9323662104910713,0.46375
16.560000000000002,15.52419606250368,33.125,0.2932608682804485,125,2450,0.9323662104910713,0.46375
13.615,15.52419606250368,33.125,0.2932608682804485,125,2450,0.9323662104910713,0.46375
12.07,15.524136558773046,33.25,0.29320136454981416,125,2450,0.9323766724196272,0.4655
10.05,15.524136558773046,33.25,0.29320136454981416,125,2450,0.9323766724196272,0.4655
17.515,15.524136558773046,33.25,0.29320136454981416,125,2450,0.9323766724196272,0.4655
12.92,15.52378865410619,33.375,0.2928534598829575,125,2450,0.9323872530075931,0.46725
25.51,15.52378865410619,33.375,0.2928534598829575,125,2450,0.9323872530075931,0.46725
13.505,15.52378865410619,33.375,0.2928534598829575,125,2450,0.9323872530075931,0.46725
12.260000000000002,15.52378865410619,33.375,0.2928534598829575,125,2450,0.9323872530075931,0.46725
12.72,15.52378865410619,33.375,0.2928534598829575,125,2450,0.9323872530075931,0.46725
35.86,15.523245725677333,33.5,0.2923105314541008,125,2450,0.9323979531488197,0.46900000000000003
11.82,15.523245725677333,33.5,0.2923105314541008,125,2450,0.9323979531488197,0.46900000000000003
10.56,15.523245725677333,33.5,0.2923105314541008,125,2450,0.9323979531488197,0.46900000000000003
12.76,15.516504145979583,33.625,0.28556895175635155,125,2450,0.9324087737405123,0.47075
12.085,15.516504145979583,33.625,0.28556895175635155,125,2450,0.9324087737405123,0.47075
16.200000000000003,15.516504145979583,33.625,0.28556895175635155,125,2450,0.9324087737405123,0.47075
16.66,15.51690457880441,33.75,0.28596938458117904,125,2450,0.9324197156832297,0.47250000000000003
7.59,15.51690457880441,33.75,0.28596938458117904,125,2450,0.9324197156832297,0.47250000000000003
10.35,15.51690457880441,33.75,0.28596938458117904,125,2450,0.9324197156832297,0.47250000000000003
20.01,15.51690457880441,33.75,0.28596938458117904,125,2450,0.9324197156832297,0.47250000000000003
14.38,15.51690457880441,33.75,0.28596938458117904,125,2450,0.9324197156832297,0.47250000000000003
14.725,15.516305455741014,33.875,0.285370261517782,125,2450,0.932430779880885,0.47425
15.765,15.516305455741014,33.875,0.285370261517782,125,2450,0.932430779880885,0.47425
14.615,15.518437130605571,34,0.28750193638233945,125,2450,0.9324419672407452,0.47600000000000003
9.614999999999998,15.518437130605571,34,0.28750193638233945,125,2450,0.9324419672407452,0.47600000000000003
11.68,15.518437130605571,34,0.28750193638233945,125,2450,0.9324419672407452,0.47600000000000003
18.445,15.518155403345803,34.125,0.2872202091225713,125,2450,0.9324532786734316,0.47775
13.34,15.517386313549208,34.25,0.2864511193259762,125,2450,0.9324647150929191,0.47950000000000004
10.95,15.5161735164054,34.375,0.2852383221821686,125,2450,0.9324762774165372,0.48125
12.47,15.5161735164054,34.375,0.2852383221821686,125,2450,0.9324762774165372,0.48125
13.88,15.51616999024344,34.5,0.28523479602020885,125,2450,0.9324879665649689,0.483
12.395,15.51616999024344,34.5,0.28523479602020885,125,2450,0.9324879665649689,0.483
14.775,15.51616999024344,34.5,0.28523479602020885,125,2450,0.9324879665649689,0.483
15.305,15.51616999024344,34.5,0.28523479602020885,125,2450,0.9324879665649689,0.483
10.495,15.519413698778749,34.625,0.28847850455551693,125,2450,0.9324997834622515,0.48475
14.615,15.519413698778749,34.625,0.28847850455551693,125,2450,0.9324997834622515,0.48475
8.59,15.518737748536376,34.70833333333333,0.28780255431314394,125,2450,0.9325077328231899,0.4859166666666666
10.11,15.518737748536376,34.75,0.28780255431314394,125,2450,0.9325117290357763,0.4865
25.57,15.518737748536376,34.75,0.28780255431314394,125,2450,0.9325117290357763,0.4865
12.06,15.518737748536376,34.75,0.28780255431314394,125,2450,0.9325117290357763,0.4865
12.81,15.518737748536376,34.75,0.28780255431314394,125,2450,0.9325117290357763,0.4865
11.53,15.518737748536376,34.75,0.28780255431314394,125,2450,0.9325117290357763,0.4865
11.46,15.520226946450071,34.875,0.28929175222683945,125,2450,0.9325238042162887,0.48825
19.619999999999997,15.520226946450071,34.875,0.28929175222683945,125,2450,0.9325238042162887,0.48825
15.7,15.520226946450071,34.875,0.28929175222683945,125,2450,0.9325238042162887,0.48825
9.8,15.520226946450071,34.875,0.28929175222683945,125,2450,0.9325238042162887,0.48825
13.46,15.521196768116264,35,0.29026157389303187,125,2450,0.9325360099378881,0.49
10.065,15.521196768116264,35,0.29026157389303187,125,2450,0.9325360099378881,0.49
18.335,15.5241245264092,35.125,0.29318933218596754,125,2450,0.9325483471380279,0.49175
12.03,15.525456467883396,35.25,0.29452127366016434,125,2450,0.9325608167575155,0.4935
17.5,15.525456467883396,35.25,0.29452127366016434,125,2450,0.9325608167575155,0.4935
14.205000000000002,15.527352082368711,35.375,0.2964168881454796,125,2450,0.9325734197405123,0.49525
13.04,15.530883076570785,35.5,0.29994788234755276,125,2450,0.932586157034534,0.497
11.11,15.530883076570785,35.5,0.29994788234755276,125,2450,0.932586157034534,0.497
15.325,15.530883076570785,35.5,0.29994788234755276,125,2450,0.932586157034534,0.497
11.97,15.533424446687691,35.625,0.30248925246445957,125,2450,0.9325990295904502,0.49875
13.97,15.537049236393994,35.75,0.306114042170762,125,2450,0.9326120383624843,0.5005000000000001
14.22,15.537049236393994,35.75,0.306114042170762,125,2450,0.9326120383624843,0.5005000000000001
14.69,15.540075185329457,35.875,0.3091399911062247,125,2450,0.9326251843082143,0.50225
12.68,15.540075185329457,35.875,0.3091399911062247,125,2450,0.9326251843082143,0.50225
14.405,15.541906161947647,36,0.31097096772441546,125,2450,0.9326384683885713,0.504
14.075,15.541906161947647,36,0.31097096772441546,125,2450,0.9326384683885713,0.504
11.66,15.541906161947647,36,0.31097096772441546,125,2450,0.9326384683885713,0.504
12.56,15.54240214236776,36.0625,0.3114669481445276,125,2450,0.9326451625304434,0.504875
14.07,15.545284289145634,36.375,0.31434909492240237,125,2450,0.932679159097034,0.50925
12.63,15.545284289145634,36.375,0.31434909492240237,125,2450,0.932679159097034,0.50925
17.245,15.545284289145634,36.375,0.31434909492240237,125,2450,0.932679159097034,0.50925
16.44,15.545284289145634,36.375,0.31434909492240237,125,2450,0.932679159097034,0.50925
20.69,15.545284289145634,36.375,0.31434909492240237,125,2450,0.932679159097034,0.50925
11.44,15.546297022844902,36.5,0.31536182862167017,125,2450,0.9326930053922979,0.511
14.65,15.54630610135455,36.625,0.3153709071313173,125,2450,0.9327069946771583,0.51275
10.06,15.547750152656707,36.75,0.3168149584334756,125,2450,0.9327211279326706,0.5145
18.18,15.547750152656707,36.75,0.3168149584334756,125,2450,0.9327211279326706,0.5145
14.79,15.549042668933676,36.875,0.31810747471044465,125,2450,0.9327354061432451,0.51625
13.27,15.549759330135084,37,0.31882413591185177,125,2450,0.9327498302966458,0.518
14.39,15.549759330135084,37,0.31882413591185177,125,2450,0.9327498302966458,0.518
14.53,15.549759330135084,37,0.31882413591185177,125,2450,0.9327498302966458,0.518
14.4,15.549759330135084,37,0.31882413591185177,125,2450,0.9327498302966458,0.518
10.29,15.551066949895562,37.25,0.32013175567233,125,2450,0.9327791203997514,0.5215
15.065,15.551066949895562,37.25,0.32013175567233,125,2450,0.9327791203997514,0.5215
14.585,15.548995676252371,37.3125,0.3180604820291393,125,2450,0.9327865356924775,0.522375
17.14,15.548867942671915,37.375,0.31793274844868336,125,2450,0.9327939883417545,0.52325
11.42,15.548867942671915,37.375,0.31793274844868336,125,2450,0.9327939883417545,0.52325
19.875,15.548867942671915,37.375,0.31793274844868336,125,2450,0.9327939883417545,0.52325
18.515,15.551298850974357,37.5,0.320363656751125,125,2450,0.93280900621118,0.525
13.66,15.551298850974357,37.5,0.320363656751125,125,2450,0.93280900621118,0.525
9.675,15.551689272393425,37.625,0.32075407817019297,125,2450,0.932824175012562,0.52675
15.935,15.551689272393425,37.625,0.32075407817019297,125,2450,0.932824175012562,0.52675
13.4,15.552377795228706,37.75,0.32144260100547406,125,2450,0.9328394957537887,0.5285
18.66,15.559163783252655,37.875,0.32822858902942365,125,2450,0.9328549694461025,0.53025
11.145,15.559163783252655,37.875,0.32822858902942365,125,2450,0.9328549694461025,0.53025
13.77,15.56094484672096,38,0.3300096524977274,125,2450,0.9328705971040994,0.532
17.25,15.56094484672096,38,0.3300096524977274,125,2450,0.9328705971040994,0.532
14.9,15.56094484672096,38,0.3300096524977274,125,2450,0.9328705971040994,0.532
12.38,15.56094484672096,38,0.3300096524977274,125,2450,0.9328705971040994,0.532
14.07,15.560413289240682,38.03125,0.32947809501744985,125,2450,0.9328745281949538,0.5324375
14.19,15.561304249463094,38.125,0.3303690552398617,125,2450,0.9328863797457297,0.5337500000000001
11.49,15.561304249463094,38.125,0.3303690552398617,125,2450,0.9328863797457297,0.5337500000000001
20.09,15.566059311957154,38.375,0.3351241177339226,125,2450,0.9329184140684625,0.53725
15.435,15.566059311957154,38.375,0.3351241177339226,125,2450,0.9329184140684625,0.53725
11.215,15.566576432002776,38.625,0.33564123777954435,125,2450,0.9329510806249844,0.5407500000000001
13.395,15.566576432002776,38.625,0.33564123777954435,125,2450,0.9329510806249844,0.5407500000000001
30.630000000000003,15.567842684973026,38.75,0.33690749074979465,125,2450,0.9329676535714284,0.5425
8.69,15.570621897619162,38.875,0.3396867033959303,125,2450,0.9329843876796426,0.54425
11.165,15.566867122764112,39,0.33593192854088016,125,2450,0.9330012839910558,0.546
12.885000000000002,15.566867122764112,39,0.33593192854088016,125,2450,0.9330012839910558,0.546
12.31,15.566867122764112,39,0.33593192854088016,125,2450,0.9330012839910558,0.546
12.155,15.566867122764112,39,0.33593192854088016,125,2450,0.9330012839910558,0.546
12.765,15.568376668553483,39.25,0.3374414743302516,125,2450,0.9330355674059625,0.5495
13.555,15.568716341452584,39.375,0.33778114722935193,125,2450,0.9330529566090837,0.55125
14.09,15.568716341452584,39.375,0.33778114722935193,125,2450,0.9330529566090837,0.55125
15.260000000000002,15.571057893586412,39.5,0.34012269936317985,125,2450,0.9330705122146583,0.553
13.86,15.571057893586412,39.5,0.34012269936317985,125,2450,0.9330705122146583,0.553
19.68,15.571057893586412,39.5,0.34012269936317985,125,2450,0.9330705122146583,0.553
12.395,15.576967571254883,39.59375,0.34603237703165135,125,2450,0.9330837887568957,0.5543125
13.06,15.576967571254883,39.625,0.34603237703165135,125,2450,0.9330882352808849,0.55475
24.549999999999997,15.576967571254883,39.625,0.34603237703165135,125,2450,0.9330882352808849,0.55475
9.03,15.575072981743432,39.666666666666664,0.3441377875202001,125,2450,0.9330941803664872,0.5553333333333333
22.61,15.5754693276231,39.75,0.3445341333998684,125,2450,0.9331061268693166,0.5565
7.9,15.5754693276231,39.75,0.3445341333998684,125,2450,0.9331061268693166,0.5565
11.545,15.5754693276231,39.75,0.3445341333998684,125,2450,0.9331061268693166,0.5565
13.71,15.5754693276231,39.75,0.3445341333998684,125,2450,0.9331061268693166,0.5565
12.335,15.573785294855304,40.125,0.3428501006320719,125,2450,0.93316082343368,0.56175
14.34,15.573785294855304,40.125,0.3428501006320719,125,2450,0.93316082343368,0.56175
10.91,15.573785294855304,40.125,0.3428501006320719,125,2450,0.93316082343368,0.56175
13.71,15.57677947447226,40.25,0.3458442802490289,125,2450,0.9331793997935403,0.5635
12.51,15.57677947447226,40.25,0.3458442802490289,125,2450,0.9331793997935403,0.5635
11.4,15.57793295144688,40.375,0.34699775722364734,125,2450,0.93319815003368,0.56525
17.075,15.581490976349455,40.5,0.3505557821262233,125,2450,0.9332170752357763,0.5670000000000001
13.085,15.581490976349455,40.5,0.3505557821262233,125,2450,0.9332170752357763,0.5670000000000001
10.56,15.581490976349455,40.5,0.3505557821262233,125,2450,0.9332170752357763,0.5670000000000001
12.43,15.585300319567782,40.5625,0.35436512534455034,125,2450,0.9332266037864994,0.567875
12.7,15.680288779671384,40.625,0.4493535854481525,125,2450,0.93323617648486,0.56875
12.35,15.680288779671384,40.625,0.4493535854481525,125,2450,0.93323617648486,0.56875
51.99,15.680288779671384,40.625,0.4493535854481525,125,2450,0.93323617648486,0.56875
11.17,15.643095983240435,40.75,0.41216078901720365,125,2450,0.9332554548693167,0.5705
17.61,15.669804870347177,41,0.4388696761239448,125,2450,0.9332945474146582,0.5740000000000001
37.16,15.670896167277125,41.125,0.4399609730538927,125,2450,0.9333143637690837,0.57575
17.78,15.670896167277125,41.125,0.4399609730538927,125,2450,0.9333143637690837,0.57575
17.97,15.670896167277125,41.125,0.4399609730538927,125,2450,0.9333143637690837,0.57575
17.865000000000002,15.670896167277125,41.125,0.4399609730538927,125,2450,0.9333143637690837,0.57575
16.08,15.64497708948034,41.25,0.41404189525710855,125,2450,0.9333343616459625,0.5775
16.65,15.64497708948034,41.25,0.41404189525710855,125,2450,0.9333343616459625,0.5775
15.745,15.64497708948034,41.25,0.41404189525710855,125,2450,0.9333343616459625,0.5775
15.08,15.64497708948034,41.25,0.41404189525710855,125,2450,0.9333343616459625,0.5775
14.52,15.645449661479198,41.5,0.41451446725596597,125,2450,0.9333749063910557,0.581
18.494999999999997,15.645449661479198,41.5,0.41451446725596597,125,2450,0.9333749063910557,0.581
13.58,15.641142649143326,41.58333333333333,0.41020745492009425,125,2450,0.933388585176011,0.5821666666666666
16.46,15.641166859650882,41.625,0.4102316654276503,125,2450,0.9333954554796428,0.58275
7.300000000000001,15.64074584489468,41.75,0.4098106506714476,125,2450,0.9334161905314284,0.5845
3.77,15.64074584489468,41.75,0.4098106506714476,125,2450,0.9334161905314284,0.5845
11.62,15.639645440346634,41.875,0.4087102461234018,125,2450,0.9334371126649844,0.58625
12.66,15.639645440346634,41.875,0.4087102461234018,125,2450,0.9334371126649844,0.58625
14.34,15.639645440346634,41.875,0.4087102461234018,125,2450,0.9334371126649844,0.58625
11.935,15.643177281545189,42,0.4122420873219568,125,2450,0.9334582230022359,0.588
16.91,15.649534127971384,42.125,0.41859893374815194,125,2450,0.9334795226684626,0.58975
11.675,15.649534127971384,42.125,0.41859893374815194,125,2450,0.9334795226684626,0.58975
16.884999999999998,15.649534127971384,42.125,0.41859893374815194,125,2450,0.9334795226684626,0.58975
16.35,15.648466664564864,42.25,0.4175314703416326,125,2450,0.933501012792298,0.5915
12.695,15.648242601381709,42.375,0.4173074071584768,125,2450,0.9335226945057298,0.59325
31.32,15.647302494690328,42.5,0.4163673004670958,125,2450,0.9335445689440993,0.595
9.6,15.647302494690328,42.5,0.4163673004670958,125,2450,0.9335445689440993,0.595
16.080000000000002,15.647302494690328,42.5,0.4163673004670958,125,2450,0.9335445689440993,0.595
12.79,15.647302494690328,42.5,0.4163673004670958,125,2450,0.9335445689440993,0.595
18.07,15.647302494690328,42.5,0.4163673004670958,125,2450,0.9335445689440993,0.595
17.41,15.653563513129638,42.75,0.4226283189064066,125,2450,0.9335889005537887,0.5985
14.7,15.653563513129638,42.75,0.4226283189064066,125,2450,0.9335889005537887,0.5985
12.86,15.656423848292649,42.875,0.42548865406941694,125,2450,0.9336113600125621,0.6002500000000001
8.8,15.656990325694984,43,0.42605513147175245,125,2450,0.93363401677118,0.602
9.82,15.663565773252252,43.25,0.4326305790290199,125,2450,0.9336799267997515,0.6055
13.42,15.663565773252252,43.25,0.4326305790290199,125,2450,0.9336799267997515,0.6055
15.095,15.663565773252252,43.25,0.4326305790290199,125,2450,0.9336799267997515,0.6055
12.16,15.66695850279317,43.34375,0.4360233085699381,125,2450,0.9336973496025964,0.6068125
13.055,15.6669546319634,43.375,0.4360194377401676,125,2450,0.9337031823839905,0.6072500000000001
15.03,15.6669546319634,43.375,0.4360194377401676,125,2450,0.9337031823839905,0.6072500000000001
14.82,15.6669546319634,43.375,0.4360194377401676,125,2450,0.9337031823839905,0.6072500000000001
12.275,15.6669546319634,43.375,0.4360194377401676,125,2450,0.9337031823839905,0.6072500000000001
9.19,15.668204015101884,43.625,0.4372688208786517,125,2450,0.9337503005032453,0.61075
17.145,15.67586959002347,43.75,0.44493439580023875,125,2450,0.9337741653726707,0.6125
14.36,15.676360284586726,43.875,0.44542509036349465,125,2450,0.9337982356771584,0.61425
8.790000000000001,15.676360284586726,43.875,0.44542509036349465,125,2450,0.9337982356771584,0.61425
11.9,15.683652739438926,44.125,0.45271754521569463,125,2450,0.933846997297034,0.61775
16.05,15.683652739438926,44.125,0.45271754521569463,125,2450,0.933846997297034,0.61775
16.54,15.682419205197885,44.25,0.45148401097465296,125,2450,0.9338716909736645,0.6195
18,15.682419205197885,44.25,0.45148401097465296,125,2450,0.9338716909736645,0.6195
14.23,15.682419205197885,44.25,0.45148401097465296,125,2450,0.9338716909736645,0.6195
14.84,15.68572719671485,44.333333333333336,0.4547920024916188,125,2450,0.9338882701056176,0.6206666666666667
17.855,15.692153564930798,44.375,0.46121837070756655,125,2450,0.9338965948078414,0.62125
12.64,15.692134075457364,44.5,0.46119888123413233,125,2450,0.9339217099885714,0.623
15.580000000000002,15.692134075457364,44.5,0.46119888123413233,125,2450,0.9339217099885714,0.623
15.1,15.692134075457364,44.5,0.46119888123413233,125,2450,0.9339217099885714,0.623
36.629999999999995,15.695957799794405,44.625,0.46502260557117303,125,2450,0.9339470377082142,0.62475
15.105,15.695957799794405,44.625,0.46502260557117303,125,2450,0.9339470377082142,0.62475
12.075,15.695957799794405,44.625,0.46502260557117303,125,2450,0.9339470377082142,0.62475
9.74,15.695957799794405,44.625,0.46502260557117303,125,2450,0.9339470377082142,0.62475
3.67,15.695957799794405,44.625,0.46502260557117303,125,2450,0.9339470377082142,0.62475
15.35,15.695957799794405,44.625,0.46502260557117303,125,2450,0.9339470377082142,0.62475
15.055,15.699957458928518,44.75,0.46902226470528596,125,2450,0.9339725791624842,0.6265000000000001
16.415,15.710229543331142,44.875,0.47929434910791,125,2450,0.9339983355504502,0.62825
16.310000000000002,15.710229543331142,44.875,0.47929434910791,125,2450,0.9339983355504502,0.62825
11.305,15.711535124074416,45,0.48059992985118427,125,2450,0.934024308074534,0.63
10.88,15.711535124074416,45,0.48059992985118427,125,2450,0.934024308074534,0.63
11.985,15.708648142442442,45.125,0.4777129482192102,125,2450,0.9340504979405123,0.63175
11.91,15.708648142442442,45.125,0.4777129482192102,125,2450,0.9340504979405123,0.63175
43.105,15.725633731858847,45.25,0.49469853763561566,125,2450,0.9340769063575154,0.6335000000000001
13.96,15.735002067211951,45.375,0.5040668729887194,125,2450,0.9341035345380277,0.63525
12.005,15.735002067211951,45.375,0.5040668729887194,125,2450,0.9341035345380277,0.63525
10.28,15.736906305877476,45.625,0.5059711116542438,125,2450,0.9341574550562888,0.63875
13.57,15.736906305877476,45.625,0.5059711116542438,125,2450,0.9341574550562888,0.63875
14.235,15.73703970657608,45.75,0.5061045123528487,125,2450,0.9341847498357763,0.6405
32.63,15.73703970657608,45.75,0.5061045123528487,125,2450,0.9341847498357763,0.6405
12.27,15.73703970657608,45.75,0.5061045123528487,125,2450,0.9341847498357763,0.6405
14.16,15.73703970657608,45.75,0.5061045123528487,125,2450,0.9341847498357763,0.6405
17.990000000000002,15.737120359437023,45.8125,0.5061851652137914,125,2450,0.9341984813913905,0.641375
13.28,15.737599842375907,45.875,0.5066646481526753,125,2450,0.9342122692622513,0.64225
13.485,15.737599842375907,45.875,0.5066646481526753,125,2450,0.9342122692622513,0.64225
14.08,15.74001350017935,46,0.5090783059561179,125,2450,0.9342400145649689,0.644
15.645,15.74001350017935,46,0.5090783059561179,125,2450,0.9342400145649689,0.644
16.03,15.735721254789178,46.125,0.5047860605659462,125,2450,0.9342679869765372,0.64575
23.9,15.731007739676546,46.25,0.5000725454533139,125,2450,0.9342961877329191,0.6475
15.85,15.731007739676546,46.25,0.5000725454533139,125,2450,0.9342961877329191,0.6475
11.08,15.731007739676546,46.25,0.5000725454533139,125,2450,0.9342961877329191,0.6475
12.045,15.731007739676546,46.25,0.5000725454533139,125,2450,0.9342961877329191,0.6475
13.33,15.731007739676546,46.25,0.5000725454533139,125,2450,0.9342961877329191,0.6475
12.375,15.731007739676546,46.25,0.5000725454533139,125,2450,0.9342961877329191,0.6475
12.355,15.731007739676546,46.25,0.5000725454533139,125,2450,0.9342961877329191,0.6475
16.43,15.737974255810943,46.375,0.5070390615877116,125,2450,0.9343246180734315,0.64925
13.425,15.738890200350436,46.5,0.5079550061272045,125,2450,0.9343532792407453,0.651
18.815,15.738890200350436,46.5,0.5079550061272045,125,2450,0.9343532792407453,0.651
14.35,15.741812530214515,46.625,0.5108773359912835,125,2450,0.9343821724808851,0.65275
16.63,15.741812530214515,46.625,0.5108773359912835,125,2450,0.9343821724808851,0.65275
14.89,15.741812530214515,46.625,0.5108773359912835,125,2450,0.9343821724808851,0.65275
17.4,15.742140411356994,46.75,0.511205217133762,125,2450,0.9344112990432297,0.6545
10.66,15.742140411356994,46.75,0.511205217133762,125,2450,0.9344112990432297,0.6545
15.4,15.742140411356994,46.75,0.511205217133762,125,2450,0.9344112990432297,0.6545
15.205000000000002,15.742140411356994,46.75,0.511205217133762,125,2450,0.9344112990432297,0.6545
12.61,15.74275207089506,46.875,0.5118168766718281,125,2450,0.9344406601805122,0.65625
15.66,15.74275207089506,46.875,0.5118168766718281,125,2450,0.9344406601805122,0.65625
13.835,15.74362726051582,47,0.5126920662925887,125,2450,0.9344702571488196,0.658
16.01,15.74362726051582,47,0.5126920662925887,125,2450,0.9344702571488196,0.658
24.165,15.74362726051582,47,0.5126920662925887,125,2450,0.9344702571488196,0.658
14.24,15.742401576289035,47.125,0.5114663820658034,125,2450,0.9345000912075929,0.6597500000000001
13.43,15.742401576289035,47.125,0.5114663820658034,125,2450,0.9345000912075929,0.6597500000000001
9.1,15.742714014626646,47.25,0.5117788204034142,125,2450,0.9345301636196273,0.6615
15.09,15.742714014626646,47.25,0.5117788204034142,125,2450,0.9345301636196273,0.6615
13.515,15.746376643297872,47.5,0.5154414490746397,125,2450,0.9345910285714285,0.665
13.05,15.746376643297872,47.5,0.5154414490746397,125,2450,0.9345910285714285,0.665
13.33,15.746376643297872,47.5,0.5154414490746397,125,2450,0.9345910285714285,0.665
12.45,15.754050168865788,47.625,0.5231149746425565,125,2450,0.9346218236535558,0.6667500000000001
23.86,15.754050168865788,47.625,0.5231149746425565,125,2450,0.9346218236535558,0.6667500000000001
16.490000000000002,15.755055488821114,47.75,0.524120294597882,125,2450,0.9346528621736646,0.6685
16.79,15.755820488939923,47.875,0.5248852947166913,125,2450,0.9346841454113197,0.67025
12.28,15.756924033042194,48,0.5259888388189626,125,2450,0.9347156746494409,0.672
13.05,15.751943101334184,48.125,0.5210079071109526,125,2450,0.9347474511743011,0.67375
13.86,15.751943101334184,48.125,0.5210079071109526,125,2450,0.9347474511743011,0.67375
14.5,15.750554537509451,48.25,0.5196193432862195,125,2450,0.9347794762755278,0.6755
14.38,15.750810209023566,48.375,0.5198750148003342,125,2450,0.9348117512461024,0.67725
11.22,15.750810209023566,48.375,0.5198750148003342,125,2450,0.9348117512461024,0.67725
21.02,15.750810209023566,48.375,0.5198750148003342,125,2450,0.9348117512461024,0.67725
17.02,15.750810209023566,48.375,0.5198750148003342,125,2450,0.9348117512461024,0.67725
18.49,15.750810209023566,48.375,0.5198750148003342,125,2450,0.9348117512461024,0.67725
25.2,15.748629029121464,48.5,0.5176938348982318,125,2450,0.9348442773823601,0.679
13.22,15.748629029121464,48.5,0.5176938348982318,125,2450,0.9348442773823601,0.679
14.44,15.748629029121464,48.5,0.5176938348982318,125,2450,0.9348442773823601,0.679
11.2,15.748629029121464,48.5,0.5176938348982318,125,2450,0.9348442773823601,0.679
13.41,15.748629029121464,48.5,0.5176938348982318,125,2450,0.9348442773823601,0.679
15.98,15.748629029121464,48.5,0.5176938348982318,125,2450,0.9348442773823601,0.679
11.57,15.748593056186383,48.625,0.5176578619631513,125,2450,0.9348770559839905,0.68075
16.91,15.747500287200545,48.75,0.5165650929773129,125,2450,0.9349100883540371,0.6825
12.16,15.747500287200545,48.75,0.5165650929773129,125,2450,0.9349100883540371,0.6825
13.68,15.747500287200545,48.75,0.5165650929773129,125,2450,0.9349100883540371,0.6825
11.72,15.747500287200545,48.75,0.5165650929773129,125,2450,0.9349100883540371,0.6825
17.395,15.747500287200545,48.75,0.5165650929773129,125,2450,0.9349100883540371,0.6825
23.275,15.747500287200545,48.75,0.5165650929773129,125,2450,0.9349100883540371,0.6825
16.18,15.749384779881847,48.875,0.5184495856586153,125,2450,0.9349433757988974,0.68425
14.64,15.749384779881847,48.875,0.5184495856586153,125,2450,0.9349433757988974,0.68425
15.78,15.751784970690707,49.125,0.5208497764674753,125,2450,0.9350107211554191,0.68775
13.205,15.751784970690707,49.125,0.5208497764674753,125,2450,0.9350107211554191,0.68775
11.47,15.751784970690707,49.125,0.5208497764674753,125,2450,0.9350107211554191,0.68775
12.965,15.751784970690707,49.125,0.5208497764674753,125,2450,0.9350107211554191,0.68775
11.16,15.754121849433222,49.25,0.5231866552099902,125,2450,0.9350447816966458,0.6895
14.125,15.754121849433222,49.25,0.5231866552099902,125,2450,0.9350447816966458,0.6895
11.87,15.756693754076316,49.375,0.5257585598530845,125,2450,0.9350791025718167,0.69125
10.515,15.756693754076316,49.375,0.5257585598530845,125,2450,0.9350791025718167,0.69125
24.29,15.756693754076316,49.375,0.5257585598530845,125,2450,0.9350791025718167,0.69125
11.760000000000002,15.756693754076316,49.375,0.5257585598530845,125,2450,0.9350791025718167,0.69125
12.59,15.756693754076316,49.375,0.5257585598530845,125,2450,0.9350791025718167,0.69125
14.13,15.756693754076316,49.375,0.5257585598530845,125,2450,0.9350791025718167,0.69125
28.08,15.768821792285612,49.5,0.5378865980623804,125,2450,0.9351136851040993,0.6930000000000001
14.21,15.768821792285612,49.5,0.5378865980623804,125,2450,0.9351136851040993,0.6930000000000001
20.945,15.768821792285612,49.5,0.5378865980623804,125,2450,0.9351136851040993,0.6930000000000001
10.405,15.768821792285612,49.5,0.5378865980623804,125,2450,0.9351136851040993,0.6930000000000001
12.37,15.768821792285612,49.5,0.5378865980623804,125,2450,0.9351136851040993,0.6930000000000001
17.525,15.768821792285612,49.5,0.5378865980623804,125,2450,0.9351136851040993,0.6930000000000001
13.705,15.768821792285612,49.5,0.5378865980623804,125,2450,0.9351136851040993,0.6930000000000001
13.82,15.768821792285612,49.5,0.5378865980623804,125,2450,0.9351136851040993,0.6930000000000001
11.52,15.766422883317832,49.625,0.5354876890945999,125,2450,0.9351485306200155,0.69475
13.895,15.766422883317832,49.625,0.5354876890945999,125,2450,0.9351485306200155,0.69475
11.81,15.766422883317832,49.625,0.5354876890945999,125,2450,0.9351485306200155,0.69475
15.785,15.766422883317832,49.625,0.5354876890945999,125,2450,0.9351485306200155,0.69475
16.13,15.766422883317832,49.625,0.5354876890945999,125,2450,0.9351485306200155,0.69475
30.97,15.770200065263468,49.75,0.5392648710402366,125,2450,0.9351836404494408,0.6965
11.36,15.770200065263468,49.75,0.5392648710402366,125,2450,0.9351836404494408,0.6965
12.6,15.770200065263468,49.75,0.5392648710402366,125,2450,0.9351836404494408,0.6965
17.97,15.772729013082117,49.875,0.5417938188588849,125,2450,0.9352190159256055,0.69825
15.31,15.772729013082117,49.875,0.5417938188588849,125,2450,0.9352190159256055,0.69825
16.895,15.778203949043526,50,0.5472687548202941,125,2450,0.9352546583850931,0.7000000000000001
14.93,15.778203949043526,50,0.5472687548202941,125,2450,0.9352546583850931,0.7000000000000001
14.71,15.778203949043526,50,0.5472687548202941,125,2450,0.9352546583850931,0.7000000000000001
19.52,15.777031700445484,50.125,0.546096506222252,125,2450,0.9352905691678416,0.70175
17.560000000000002,15.777031700445484,50.125,0.546096506222252,125,2450,0.9352905691678416,0.70175
16.725,15.777611656961025,50.25,0.5466764627377927,125,2450,0.9353267496171427,0.7035
16.38,15.777611656961025,50.25,0.5466764627377927,125,2450,0.9353267496171427,0.7035
11.6,15.778906309798206,50.375,0.547971115574974,125,2450,0.9353632010796428,0.70525
17.175,15.778906309798206,50.375,0.547971115574974,125,2450,0.9353632010796428,0.70525
15.49,15.778740198924716,50.5,0.547805004701484,125,2450,0.9353999249053415,0.707
14.760000000000002,15.778740198924716,50.5,0.547805004701484,125,2450,0.9353999249053415,0.707
13.05,15.778740198924716,50.5,0.547805004701484,125,2450,0.9353999249053415,0.707
9.465,15.77861477394135,50.625,0.5476795797181175,125,2450,0.9354369224475931,0.70875
15.445,15.77861477394135,50.625,0.5476795797181175,125,2450,0.9354369224475931,0.70875
23.165,15.779192866684436,50.75,0.5482576724612045,125,2450,0.9354741950631055,0.7105
11.98,15.780509331849345,50.875,0.549574137626113,125,2450,0.9355117441119407,0.71225
14.37,15.780509331849345,50.875,0.549574137626113,125,2450,0.9355117441119407,0.71225
15.87,15.780509331849345,50.875,0.549574137626113,125,2450,0.9355117441119407,0.71225
24.015,15.780509331849345,50.875,0.549574137626113,125,2450,0.9355117441119407,0.71225
16.78,15.780394047774635,51,0.5494588535514033,125,2450,0.9355495709575155,0.714
21.895,15.780394047774635,51,0.5494588535514033,125,2450,0.9355495709575155,0.714
17.27,15.77974090679469,51.125,0.5488057125714576,125,2450,0.9355876769665993,0.71575
17.29,15.77974090679469,51.125,0.5488057125714576,125,2450,0.9355876769665993,0.71575
13.645,15.77974090679469,51.125,0.5488057125714576,125,2450,0.9355876769665993,0.71575
12.875,15.780634254504031,51.25,0.5496990602807994,125,2450,0.9356260635093167,0.7175
16.2,15.780634254504031,51.25,0.5496990602807994,125,2450,0.9356260635093167,0.7175
11.56,15.780634254504031,51.25,0.5496990602807994,125,2450,0.9356260635093167,0.7175
14.58,15.780634254504031,51.25,0.5496990602807994,125,2450,0.9356260635093167,0.7175
13.55,15.781033606633107,51.375,0.5500984124098753,125,2450,0.935664731959146,0.7192500000000001
16.825,15.781033606633107,51.375,0.5500984124098753,125,2450,0.935664731959146,0.7192500000000001
11.66,15.781033606633107,51.375,0.5500984124098753,125,2450,0.935664731959146,0.7192500000000001
11.32,15.78110584430063,51.46875,0.5501706500773977,125,2450,0.9356939191261845,0.7205625
17.075000000000003,15.78110584430063,51.5,0.5501706500773977,125,2450,0.9357036836929191,0.721
13.010000000000002,15.781847279763038,51.625,0.5509120855398066,125,2450,0.9357429200908229,0.72275
13.830000000000002,15.781284847841167,51.75,0.5503496536179355,125,2450,0.9357824425363974,0.7245
13.93,15.781284847841167,51.75,0.5503496536179355,125,2450,0.9357824425363974,0.7245
12.670000000000002,15.781194056091334,51.875,0.5502588618681017,125,2450,0.9358222524165373,0.7262500000000001
11.51,15.781194056091334,51.875,0.5502588618681017,125,2450,0.9358222524165373,0.7262500000000001
11.82,15.781194056091334,51.875,0.5502588618681017,125,2450,0.9358222524165373,0.7262500000000001
12.555,15.781194056091334,51.875,0.5502588618681017,125,2450,0.9358222524165373,0.7262500000000001
14.345,15.785477758686143,51.96875,0.5545425644629116,125,2450,0.9358522992917706,0.7275625
8.085,15.785477758686143,52,0.5545425644629116,125,2450,0.9358623511214905,0.728
15.64,15.785477758686143,52,0.5545425644629116,125,2450,0.9358623511214905,0.728
15.945,15.785477758686143,52,0.5545425644629116,125,2450,0.9358623511214905,0.728
12.06,15.78542833990466,52.125,0.5544931456814286,125,2450,0.9359027400448601,0.72975
10.875,15.78542833990466,52.125,0.5544931456814286,125,2450,0.9359027400448601,0.72975
11.55,15.78542833990466,52.125,0.5544931456814286,125,2450,0.9359027400448601,0.72975
14.865,15.78542833990466,52.125,0.5544931456814286,125,2450,0.9359027400448601,0.72975
13.3,15.78571454071732,52.15625,0.5547793464940884,125,2450,0.9359128827859622,0.7301875
17.87,15.788295059679395,52.25,0.5573598654561636,125,2450,0.9359434205836024,0.7315
15.59,15.788295059679395,52.25,0.5573598654561636,125,2450,0.9359434205836024,0.7315
14.1,15.788295059679395,52.25,0.5573598654561636,125,2450,0.9359434205836024,0.7315
11.375,15.7892522543377,52.28125,0.5583170601144687,125,2450,0.9359536364472151,0.7319375
12.725,15.793488430794309,52.375,0.5625532365710768,125,2450,0.9359843941380278,0.7332500000000001
14.53,15.793488430794309,52.375,0.5625532365710768,125,2450,0.9359843941380278,0.7332500000000001
16.45,15.82907829855878,52.5,0.5981431043355485,125,2450,0.936025662111801,0.735
23.23,15.82907829855878,52.5,0.5981431043355485,125,2450,0.936025662111801,0.735
11.815,15.8286522733473,52.625,0.5977170791240685,125,2450,0.9360672259119408,0.73675
14.64,15.8286522733473,52.625,0.5977170791240685,125,2450,0.9360672259119408,0.73675
14.755,15.8286522733473,52.625,0.5977170791240685,125,2450,0.9360672259119408,0.73675
14.76,15.8286522733473,52.625,0.5977170791240685,125,2450,0.9360672259119408,0.73675
14.045000000000002,15.829216650426474,52.75,0.5982814562032424,125,2450,0.9361090869488197,0.7385
13.875,15.829216650426474,52.75,0.5982814562032424,125,2450,0.9361090869488197,0.7385
22.115,15.868948373578808,52.875,0.6380131793555766,125,2450,0.9361512466361644,0.74025
44.14,15.868948373578808,52.875,0.6380131793555766,125,2450,0.9361512466361644,0.74025
14.055,15.868948373578808,52.875,0.6380131793555766,125,2450,0.9361512466361644,0.74025
15.44,15.868948373578808,52.875,0.6380131793555766,125,2450,0.9361512466361644,0.74025
11.42,15.868948373578808,52.875,0.6380131793555766,125,2450,0.9361512466361644,0.74025
11.885000000000002,15.868948373578808,52.875,0.6380131793555766,125,2450,0.9361512466361644,0.74025
14.28,15.868948373578808,52.875,0.6380131793555766,125,2450,0.9361512466361644,0.74025
15.75,15.88793580894617,53.0625,0.6570006147229375,125,2450,0.9362150492375862,0.7428750000000001
10.83,15.887657451019166,53.125,0.6567222567959341,125,2450,0.9362364676339284,0.74375
45.77,15.887657451019166,53.125,0.6567222567959341,125,2450,0.9362364676339284,0.74375
12.965,15.887657451019166,53.125,0.6567222567959341,125,2450,0.9362364676339284,0.74375
13.735,15.887657451019166,53.125,0.6567222567959341,125,2450,0.9362364676339284,0.74375
23.225,15.887657451019166,53.125,0.6567222567959341,125,2450,0.9362364676339284,0.74375
37.31,15.887332477751416,53.25,0.6563972835281842,125,2450,0.9362795317885714,0.7455
15.63,15.887332477751416,53.25,0.6563972835281842,125,2450,0.9362795317885714,0.7455
16.5,15.887332477751416,53.25,0.6563972835281842,125,2450,0.9362795317885714,0.7455
42.195,15.88109819821525,53.375,0.6501630039920183,125,2450,0.9363229002821271,0.74725
13.91,15.88109819821525,53.375,0.6501630039920183,125,2450,0.9363229002821271,0.74725
24.325000000000003,15.88097814368146,53.40625,0.6500429494582285,125,2450,0.936333790126034,0.7476875000000001
12.82,15.86330808403884,53.5,0.632372889815608,125,2450,0.9363665745450931,0.749
13.06,15.86330808403884,53.5,0.632372889815608,125,2450,0.9363665745450931,0.749
18.869999999999997,15.861292768835913,53.625,0.630357574612681,125,2450,0.9364105560113198,0.75075
14.415,15.861292768835913,53.625,0.630357574612681,125,2450,0.9364105560113198,0.75075
10.62,15.861292768835913,53.625,0.630357574612681,125,2450,0.9364105560113198,0.75075
12.545,15.861292768835913,53.625,0.630357574612681,125,2450,0.9364105560113198,0.75075
18.395,15.861117197716249,53.75,0.630182003493017,125,2450,0.9364548461180124,0.7525000000000001
20.695,15.861117197716249,53.75,0.630182003493017,125,2450,0.9364548461180124,0.7525000000000001
17.355,15.861117197716249,53.75,0.630182003493017,125,2450,0.9364548461180124,0.7525000000000001
16.65,15.861117197716249,53.75,0.630182003493017,125,2450,0.9364548461180124,0.7525000000000001
14.05,15.860260146936854,53.875,0.6293249527136222,125,2450,0.9364994463057297,0.75425
17.915,15.860260146936854,53.875,0.6293249527136222,125,2450,0.9364994463057297,0.75425
14.475,15.860260146936854,53.875,0.6293249527136222,125,2450,0.9364994463057297,0.75425
34.27,15.862899261683552,54,0.63196406746032,125,2450,0.936544358018385,0.756
14.225,15.862899261683552,54,0.63196406746032,125,2450,0.936544358018385,0.756
13.185,15.862899261683552,54,0.63196406746032,125,2450,0.936544358018385,0.756
16.740000000000002,15.862899261683552,54,0.63196406746032,125,2450,0.936544358018385,0.756
18.18,15.862899261683552,54,0.63196406746032,125,2450,0.936544358018385,0.756
10.99,15.862290496594682,54.125,0.6313553023714498,125,2450,0.9365895827032451,0.75775
27.475,15.857330916350408,54.15625,0.6263957221271763,125,2450,0.9366009379462883,0.7581875
14.235,15.857210928231408,54.25,0.6262757340081766,125,2450,0.9366351218109316,0.7595000000000001
15.06,15.857210928231408,54.25,0.6262757340081766,125,2450,0.9366351218109316,0.7595000000000001
11.39,15.857210928231408,54.25,0.6262757340081766,125,2450,0.9366351218109316,0.7595000000000001
12.425,15.858317627333204,54.3125,0.6273824331099718,125,2450,0.9366580097275707,0.760375
16.509999999999998,15.858945762729078,54.375,0.6280105685058466,125,2450,0.9366809767954191,0.76125
18.365,15.858945762729078,54.375,0.6280105685058466,125,2450,0.9366809767954191,0.76125
14.425,15.857407819211351,54.5,0.6264726249881196,125,2450,0.9367271491140371,0.763
13.615,15.858118391994358,54.625,0.6271831977711262,125,2450,0.9367736402274688,0.76475
15.21,15.858118391994358,54.625,0.6271831977711262,125,2450,0.9367736402274688,0.76475
9.37,15.85402309889009,54.75,0.6230879046668587,125,2450,0.9368204515997515,0.7665000000000001
10.02,15.85402309889009,54.75,0.6230879046668587,125,2450,0.9368204515997515,0.7665000000000001
13.89,15.85402309889009,54.75,0.6230879046668587,125,2450,0.9368204515997515,0.7665000000000001
11.47,15.85402309889009,54.75,0.6230879046668587,125,2450,0.9368204515997515,0.7665000000000001
18.355,15.85402309889009,54.75,0.6230879046668587,125,2450,0.9368204515997515,0.7665000000000001
12.19,15.85402309889009,54.75,0.6230879046668587,125,2450,0.9368204515997515,0.7665000000000001
11.39,15.85402309889009,54.75,0.6230879046668587,125,2450,0.9368204515997515,0.7665000000000001
41.58,15.85467704409492,54.875,0.6237418498716885,125,2450,0.9368675846982762,0.76825
21.06,15.85467704409492,54.875,0.6237418498716885,125,2450,0.9368675846982762,0.76825
14.19,15.85467704409492,54.875,0.6237418498716885,125,2450,0.9368675846982762,0.76825
15.215,15.85467704409492,54.875,0.6237418498716885,125,2450,0.9368675846982762,0.76825
11.92,15.85388805409872,55,0.6229528598754879,125,2450,0.9369150409937886,0.77
12.535,15.85388805409872,55,0.6229528598754879,125,2450,0.9369150409937886,0.77
10.04,15.85388805409872,55,0.6229528598754879,125,2450,0.9369150409937886,0.77
13.735,15.85388805409872,55,0.6229528598754879,125,2450,0.9369150409937886,0.77
17.45,15.853506107753317,55.125,0.622570913530085,125,2450,0.936962821960388,0.77175
10.25,15.853506107753317,55.125,0.622570913530085,125,2450,0.936962821960388,0.77175
13.14,15.853506107753317,55.125,0.622570913530085,125,2450,0.936962821960388,0.77175
19.07,15.852182242269995,55.25,0.6212470480467633,125,2450,0.9370109290755277,0.7735
14.025,15.852182242269995,55.25,0.6212470480467633,125,2450,0.9370109290755277,0.7735
14.875,15.851899856089975,55.375,0.6209646618667435,125,2450,0.9370593638200154,0.77525
13.4,15.851899856089975,55.375,0.6209646618667435,125,2450,0.9370593638200154,0.77525
15.745,15.851899856089975,55.375,0.6209646618667435,125,2450,0.9370593638200154,0.77525
17.675,15.851899856089975,55.375,0.6209646618667435,125,2450,0.9370593638200154,0.77525
16.145,15.851899856089975,55.375,0.6209646618667435,125,2450,0.9370593638200154,0.77525
14.88,15.851899856089975,55.375,0.6209646618667435,125,2450,0.9370593638200154,0.77525
15.93,15.852067713351644,55.5,0.6211325191284125,125,2450,0.9371081276780122,0.777
12.59,15.852067713351644,55.5,0.6211325191284125,125,2450,0.9371081276780122,0.777
15.855,15.852067713351644,55.5,0.6211325191284125,125,2450,0.9371081276780122,0.777
11.085,15.850342182152138,55.5625,0.6194069879289064,125,2450,0.9371326334892943,0.777875
12.34,15.850487530027817,55.625,0.6195523358045847,125,2450,0.937157222137034,0.77875
18.245,15.850487530027817,55.625,0.6195523358045847,125,2450,0.937157222137034,0.77875
12.955,15.850487530027817,55.625,0.6195523358045847,125,2450,0.937157222137034,0.77875
16.025,15.850487530027817,55.625,0.6195523358045847,125,2450,0.937157222137034,0.77875
15.79,15.850487530027817,55.625,0.6195523358045847,125,2450,0.937157222137034,0.77875
12.13,15.850487530027817,55.625,0.6195523358045847,125,2450,0.937157222137034,0.77875
12.635000000000002,15.849381376263914,55.75,0.6184461820406817,125,2450,0.9372066486879501,0.7805
20.035,15.849381376263914,55.75,0.6184461820406817,125,2450,0.9372066486879501,0.7805
12.27,15.84808320510623,55.875,0.6171480108829979,125,2450,0.9372564088249844,0.78225
28.47,15.84808320510623,55.875,0.6171480108829979,125,2450,0.9372564088249844,0.78225
13.260000000000002,15.84808320510623,55.875,0.6171480108829979,125,2450,0.9372564088249844,0.78225
11.155,15.84808320510623,55.875,0.6171480108829979,125,2450,0.9372564088249844,0.78225
11.62,15.84808320510623,55.875,0.6171480108829979,125,2450,0.9372564088249844,0.78225
13.175,15.84808320510623,55.875,0.6171480108829979,125,2450,0.9372564088249844,0.78225
10.49,15.847177202112215,56,0.6162420078889834,125,2450,0.9373065040457141,0.784
11.125,15.847177202112215,56,0.6162420078889834,125,2450,0.9373065040457141,0.784
14.88,15.847177202112215,56,0.6162420078889834,125,2450,0.9373065040457141,0.784
10.875,15.84788187574115,56.125,0.6169466815179181,125,2450,0.9373569358510713,0.7857500000000001
12.64,15.84788187574115,56.125,0.6169466815179181,125,2450,0.9373569358510713,0.7857500000000001
16.195,15.84788187574115,56.125,0.6169466815179181,125,2450,0.9373569358510713,0.7857500000000001
13.13,15.848590914449447,56.25,0.6176557202262156,125,2450,0.9374077057453415,0.7875
15.565,15.848590914449447,56.25,0.6176557202262156,125,2450,0.9374077057453415,0.7875
13.335,15.848590914449447,56.25,0.6176557202262156,125,2450,0.9374077057453415,0.7875
15.835,15.848590914449447,56.25,0.6176557202262156,125,2450,0.9374077057453415,0.7875
17.585,15.848590914449447,56.25,0.6176557202262156,125,2450,0.9374077057453415,0.7875
18.33,15.84936438120641,56.375,0.6184291869831782,125,2450,0.9374588152361645,0.78925
11.88,15.84936438120641,56.375,0.6184291869831782,125,2450,0.9374588152361645,0.78925
14.61,15.84834940781985,56.5,0.6174142135966179,125,2450,0.9375102658345339,0.791
11.625,15.84834940781985,56.5,0.6174142135966179,125,2450,0.9375102658345339,0.791
11.58,15.850487607254314,56.625,0.6195524130310819,125,2450,0.937562059054798,0.7927500000000001
12.365,15.850487607254314,56.625,0.6195524130310819,125,2450,0.937562059054798,0.7927500000000001
14.685,15.850487607254314,56.625,0.6195524130310819,125,2450,0.937562059054798,0.7927500000000001
14.71,15.850487607254314,56.625,0.6195524130310819,125,2450,0.937562059054798,0.7927500000000001
14.265,15.85124943954212,56.75,0.6203142453188875,125,2450,0.9376141964146583,0.7945
11.385000000000002,15.85124943954212,56.75,0.6203142453188875,125,2450,0.9376141964146583,0.7945
13.315,15.854587327219146,56.875,0.6236521329959146,125,2450,0.9376666794351707,0.79625
16.6,15.854587327219146,56.875,0.6236521329959146,125,2450,0.9376666794351707,0.79625
13.415,15.854587327219146,56.875,0.6236521329959146,125,2450,0.9376666794351707,0.79625
11.645,15.854587327219146,56.875,0.6236521329959146,125,2450,0.9376666794351707,0.79625
12.775,15.85958956441143,56.96875,0.6286543701881975,125,2450,0.9377062694572597,0.7975625000000001
20.5,15.85958956441143,57,0.6286543701881975,125,2450,0.9377195096407451,0.798
15.605,15.85958956441143,57,0.6286543701881975,125,2450,0.9377195096407451,0.798
13.16,15.85958956441143,57,0.6286543701881975,125,2450,0.9377195096407451,0.798
35.349999999999994,15.864728887550864,57.125,0.6337936933276325,125,2450,0.9377726885591458,0.7997500000000001
12.86,15.864728887550864,57.125,0.6337936933276325,125,2450,0.9377726885591458,0.7997500000000001
11.59,15.865763583991315,57.25,0.6348283897680833,125,2450,0.9378262177214906,0.8015
17.4,15.865763583991315,57.25,0.6348283897680833,125,2450,0.9378262177214906,0.8015
13.735,15.865763583991315,57.25,0.6348283897680833,125,2450,0.9378262177214906,0.8015
14.55,15.865763583991315,57.25,0.6348283897680833,125,2450,0.9378262177214906,0.8015
14.23,15.865763583991315,57.25,0.6348283897680833,125,2450,0.9378262177214906,0.8015
15.585,15.866282056926398,57.375,0.635346862703166,125,2450,0.9378800986622515,0.80325
17.21,15.866282056926398,57.375,0.635346862703166,125,2450,0.9378800986622515,0.80325
14.11,15.873595280004052,57.5,0.64266008578082,125,2450,0.9379343329192545,0.805
16.765,15.873595280004052,57.5,0.64266008578082,125,2450,0.9379343329192545,0.805
16.14,15.873595280004052,57.5,0.64266008578082,125,2450,0.9379343329192545,0.805
15.3,15.873595280004052,57.5,0.64266008578082,125,2450,0.9379343329192545,0.805
14.8,15.875283965133791,57.625,0.6443487709105593,125,2450,0.93798892203368,0.80675
16.245,15.875283965133791,57.625,0.6443487709105593,125,2450,0.93798892203368,0.80675
14.4,15.875283965133791,57.625,0.6443487709105593,125,2450,0.93798892203368,0.80675
15.170000000000002,15.875283965133791,57.625,0.6443487709105593,125,2450,0.93798892203368,0.80675
14.25,15.877083679039314,57.75,0.6461484848160826,125,2450,0.938043867550062,0.8085
14.795,15.877083679039314,57.75,0.6461484848160826,125,2450,0.938043867550062,0.8085
12.59,15.877083679039314,57.75,0.6461484848160826,125,2450,0.938043867550062,0.8085
11.9,15.877083679039314,57.75,0.6461484848160826,125,2450,0.938043867550062,0.8085
14.165,15.877083679039314,57.75,0.6461484848160826,125,2450,0.938043867550062,0.8085
15.51,15.888543501655986,57.875,0.6576083074327546,125,2450,0.9380991710162887,0.81025
20.43,15.888543501655986,57.875,0.6576083074327546,125,2450,0.9380991710162887,0.81025
14.345,15.897227444603423,58,0.6662922503801916,125,2450,0.9381548339836024,0.812
52.31,15.897227444603423,58,0.6662922503801916,125,2450,0.9381548339836024,0.812
16.830000000000002,15.897227444603423,58,0.6662922503801916,125,2450,0.9381548339836024,0.812
15.12,15.897227444603423,58,0.6662922503801916,125,2450,0.9381548339836024,0.812
12.605,15.897227444603423,58,0.6662922503801916,125,2450,0.9381548339836024,0.812
18.835,15.897227444603423,58,0.6662922503801916,125,2450,0.9381548339836024,0.812
9.36,15.896948972856444,58.125,0.6660137786332125,125,2450,0.9382108580065993,0.81375
16.675,15.896948972856444,58.125,0.6660137786332125,125,2450,0.9382108580065993,0.81375
13.21,15.896948972856444,58.125,0.6660137786332125,125,2450,0.9382108580065993,0.81375
14.465,15.895299267148811,58.25,0.6643640729255793,125,2450,0.9382672446432295,0.8155
15.055,15.895299267148811,58.25,0.6643640729255793,125,2450,0.9382672446432295,0.8155
13.095,15.895299267148811,58.25,0.6643640729255793,125,2450,0.9382672446432295,0.8155
18.675,15.896567602739534,58.375,0.6656324085163021,125,2450,0.9383239954547979,0.81725
15.87,15.896567602739534,58.375,0.6656324085163021,125,2450,0.9383239954547979,0.81725
10.52,15.89997180564325,58.416666666666664,0.6690366114200188,125,2450,0.9383429935900895,0.8178333333333333
14.945,15.900203456983428,58.5,0.6692682627601965,125,2450,0.9383811120059627,0.8190000000000001
9.975,15.90046932691024,58.625,0.6695341326870086,125,2450,0.9384385958647359,0.82075
15.86,15.90046932691024,58.625,0.6695341326870086,125,2450,0.9384385958647359,0.82075
16.95,15.90046932691024,58.625,0.6695341326870086,125,2450,0.9384385958647359,0.82075
14.1,15.900722491770996,58.75,0.6697872975477637,125,2450,0.9384964486024843,0.8225
22.675,15.900722491770996,58.75,0.6697872975477637,125,2450,0.9384964486024843,0.8225
14.645,15.900722491770996,58.75,0.6697872975477637,125,2450,0.9384964486024843,0.8225
12.775,15.902314610509707,59,0.6713794162864755,125,2450,0.9386132670171428,0.8260000000000001
15.765,15.902314610509707,59,0.6713794162864755,125,2450,0.9386132670171428,0.8260000000000001
12.26,15.90168076439242,59.125,0.6707455701691885,125,2450,0.9386722358535557,0.82775
13.19,15.903606307116494,59.25,0.6726711128932621,125,2450,0.9387315798879502,0.8295
11.64,15.904674037013844,59.375,0.6737388427906126,125,2450,0.9387913007084626,0.83125
12.925,15.904674037013844,59.375,0.6737388427906126,125,2450,0.9387913007084626,0.83125
15.47,15.904674037013844,59.375,0.6737388427906126,125,2450,0.9387913007084626,0.83125
13.29,15.905903952896365,59.46875,0.674968758673133,125,2450,0.938836339546992,0.8325625
15.73,15.905754580213156,59.5,0.6748193859899239,125,2450,0.9388513999065838,0.833
15.125,15.905754580213156,59.5,0.6748193859899239,125,2450,0.9388513999065838,0.833
14.32,15.905754580213156,59.5,0.6748193859899239,125,2450,0.9388513999065838,0.833
14.945,15.905913532665396,59.625,0.6749783384421644,125,2450,0.9389118790771585,0.83475
12.52,15.905913532665396,59.625,0.6749783384421644,125,2450,0.9389118790771585,0.83475
10.13,15.905913532665396,59.625,0.6749783384421644,125,2450,0.9389118790771585,0.83475
32.765,15.944800101789054,59.75,0.7138649075658225,125,2450,0.9389727398183849,0.8365
11.845,15.944800101789054,59.75,0.7138649075658225,125,2450,0.9389727398183849,0.8365
9.96,15.944800101789054,59.75,0.7138649075658225,125,2450,0.9389727398183849,0.8365
13.670000000000002,15.944800101789054,59.75,0.7138649075658225,125,2450,0.9389727398183849,0.8365
18.96,15.944800101789054,59.75,0.7138649075658225,125,2450,0.9389727398183849,0.8365
17.945,15.944800101789054,59.75,0.7138649075658225,125,2450,0.9389727398183849,0.8365
20.2,15.94932932393999,59.875,0.7183941297167582,125,2450,0.9390339837318166,0.83825
16.555,15.94932932393999,59.875,0.7183941297167582,125,2450,0.9390339837318166,0.83825
35.235,15.951017149122958,60,0.7200819548997259,125,2450,0.9390956124223602,0.84
15.705000000000002,15.951017149122958,60,0.7200819548997259,125,2450,0.9390956124223602,0.84
13.57,15.951017149122958,60,0.7200819548997259,125,2450,0.9390956124223602,0.84
27.75,15.950962204369606,60.125,0.7200270101463744,125,2450,0.9391576274982761,0.84175
13.49,15.950962204369606,60.125,0.7200270101463744,125,2450,0.9391576274982761,0.84175
11.37,15.937122253913376,60.25,0.7061870596901443,125,2450,0.9392200305711802,0.8435
16.810000000000002,15.937122253913376,60.25,0.7061870596901443,125,2450,0.9392200305711802,0.8435
12.59,15.937122253913376,60.25,0.7061870596901443,125,2450,0.9392200305711802,0.8435
10.665,15.937122253913376,60.25,0.7061870596901443,125,2450,0.9392200305711802,0.8435
13.34,15.937122253913376,60.25,0.7061870596901443,125,2450,0.9392200305711802,0.8435
20.14,15.941152102668248,60.375,0.7102169084450161,125,2450,0.9392828232560403,0.8452500000000001
8.585,15.941152102668248,60.375,0.7102169084450161,125,2450,0.9392828232560403,0.8452500000000001
13.23,15.941152102668248,60.375,0.7102169084450161,125,2450,0.9392828232560403,0.8452500000000001
12.16,15.94332434247435,60.5,0.712389148251118,125,2450,0.93934600717118,0.847
19.6,15.94332434247435,60.5,0.712389148251118,125,2450,0.93934600717118,0.847
13.11,15.94332434247435,60.5,0.712389148251118,125,2450,0.93934600717118,0.847
15.895,15.94332434247435,60.5,0.712389148251118,125,2450,0.93934600717118,0.847
11.185,15.943298315837149,60.59375,0.712363121613917,125,2450,0.9393936528278198,0.8483125
15.61,15.943298315837149,60.625,0.712363121613917,125,2450,0.9394095839382763,0.84875
13.065,15.943298315837149,60.625,0.712363121613917,125,2450,0.9394095839382763,0.84875
61.415,15.967976371155084,60.666666666666664,0.7370411769318519,125,2450,0.9394308637751826,0.8493333333333333
14.285,15.967921210405157,60.75,0.736986016181925,125,2450,0.9394735551823601,0.8505
7.625000000000001,15.964181039675186,61,0.7332458454519539,125,2450,0.939602687618385,0.854
19.78,15.964181039675186,61,0.7332458454519539,125,2450,0.939602687618385,0.854
11.44,15.964181039675186,61,0.7332458454519539,125,2450,0.939602687618385,0.854
13.05,15.96764043006108,61.125,0.7367052358378476,125,2450,0.9396678520771583,0.85575
15.45,15.96764043006108,61.125,0.7367052358378476,125,2450,0.9396678520771583,0.85575
15.35,15.96764043006108,61.125,0.7367052358378476,125,2450,0.9396678520771583,0.85575
18.835,15.96764043006108,61.125,0.7367052358378476,125,2450,0.9396678520771583,0.85575
17.755,15.971658695553906,61.25,0.7407235013306739,125,2450,0.9397334175465837,0.8575
13.29,15.971658695553906,61.25,0.7407235013306739,125,2450,0.9397334175465837,0.8575
13.01,15.97630432263308,61.333333333333336,0.7453691284098483,125,2450,0.9397773514538578,0.8586666666666667
13.65,15.976357721311912,61.375,0.7454225270886798,125,2450,0.9397993856684626,0.8592500000000001
15.625,15.976357721311912,61.375,0.7454225270886798,125,2450,0.9397993856684626,0.8592500000000001
18.200000000000003,15.976357721311912,61.375,0.7454225270886798,125,2450,0.9397993856684626,0.8592500000000001
12.385,15.976357721311912,61.375,0.7454225270886798,125,2450,0.9397993856684626,0.8592500000000001
7.285,15.98379183665266,61.5,0.7528566424294283,125,2450,0.9398657580879501,0.861
26.655,15.98379183665266,61.5,0.7528566424294283,125,2450,0.9398657580879501,0.861
20.48,15.98379183665266,61.5,0.7528566424294283,125,2450,0.9398657580879501,0.861
14.725,15.98379183665266,61.5,0.7528566424294283,125,2450,0.9398657580879501,0.861
9.91,15.98302920002116,61.625,0.7520940057979288,125,2450,0.9399325364535557,0.86275
21.985,15.986652305239296,61.75,0.7557171110160645,125,2450,0.9399997224171426,0.8645
11.13,15.989771113931436,61.875,0.7588359197082042,125,2450,0.9400673176339284,0.86625
12.5,15.989771113931436,61.875,0.7588359197082042,125,2450,0.9400673176339284,0.86625
12.345,15.989771113931436,61.875,0.7588359197082042,125,2450,0.9400673176339284,0.86625
14.415,15.989771113931436,61.875,0.7588359197082042,125,2450,0.9400673176339284,0.86625
23.005000000000003,15.989771113931436,61.875,0.7588359197082042,125,2450,0.9400673176339284,0.86625
16.73,15.996568549536416,62,0.7656333553131844,125,2450,0.9401353237624844,0.868
15.4,15.996568549536416,62,0.7656333553131844,125,2450,0.9401353237624844,0.868
22.09,15.996568549536416,62,0.7656333553131844,125,2450,0.9401353237624844,0.868
13.02,16.003683604783067,62.25,0.772748410559835,125,2450,0.9402725754059627,0.8715
14.87,16.003683604783067,62.25,0.772748410559835,125,2450,0.9402725754059627,0.8715
16.25,16.003683604783067,62.25,0.772748410559835,125,2450,0.9402725754059627,0.8715
16.21,16.003683604783067,62.25,0.772748410559835,125,2450,0.9402725754059627,0.8715
18.655,16.003683604783067,62.25,0.772748410559835,125,2450,0.9402725754059627,0.8715
15.99,16.003683604783067,62.25,0.772748410559835,125,2450,0.9402725754059627,0.8715
9.68,16.00566953138225,62.375,0.7747343371590176,125,2450,0.9403418242547978,0.87325
11.85,16.009021560657033,62.625,0.7780863664338007,125,2450,0.9404815763665993,0.87675
14.56,16.009021560657033,62.625,0.7780863664338007,125,2450,0.9404815763665993,0.87675
13.415,16.011068800225512,62.75,0.7801336060022805,125,2450,0.9405520829836023,0.8785000000000001
11.88,16.011068800225512,62.75,0.7801336060022805,125,2450,0.9405520829836023,0.8785000000000001
16.96,16.011068800225512,62.75,0.7801336060022805,125,2450,0.9405520829836023,0.8785000000000001
10.23,16.011388566763866,62.875,0.7804533725406344,125,2450,0.9406230122162886,0.88025
23.73,16.011388566763866,62.875,0.7804533725406344,125,2450,0.9406230122162886,0.88025
17.295,16.011388566763866,62.875,0.7804533725406344,125,2450,0.9406230122162886,0.88025
15.38,16.011388566763866,62.875,0.7804533725406344,125,2450,0.9406230122162886,0.88025
11.355,16.013666249018403,63,0.7827310547951711,125,2450,0.9406943657500619,0.882
19.035000000000004,16.013666249018403,63,0.7827310547951711,125,2450,0.9406943657500619,0.882
29.955,16.013795371250133,63.125,0.782860177026901,125,2450,0.9407661452736802,0.88375
39.010000000000005,16.013795371250133,63.125,0.782860177026901,125,2450,0.9407661452736802,0.88375
9.315,16.013795371250133,63.125,0.782860177026901,125,2450,0.9407661452736802,0.88375
11.98,16.017715000800553,63.25,0.7867798065773215,125,2450,0.9408383524792545,0.8855000000000001
16.41,16.017715000800553,63.25,0.7867798065773215,125,2450,0.9408383524792545,0.8855000000000001
18.765,16.017715000800553,63.25,0.7867798065773215,125,2450,0.9408383524792545,0.8855000000000001
13.38,16.01872426085188,63.375,0.7877890666286476,125,2450,0.9409109890622515,0.88725
19.54,16.01872426085188,63.375,0.7877890666286476,125,2450,0.9409109890622515,0.88725
22.145,16.01872426085188,63.375,0.7877890666286476,125,2450,0.9409109890622515,0.88725
12.575,16.020656357254314,63.5,0.7897211630310821,125,2450,0.9409840567214905,0.889
16.57,16.020656357254314,63.5,0.7897211630310821,125,2450,0.9409840567214905,0.889
12.2,16.020656357254314,63.5,0.7897211630310821,125,2450,0.9409840567214905,0.889
14.13,16.020656357254314,63.5,0.7897211630310821,125,2450,0.9409840567214905,0.889
12.845000000000002,16.020656357254314,63.5,0.7897211630310821,125,2450,0.9409840567214905,0.889
12.035,16.026490990606657,63.625,0.7955557963834252,125,2450,0.9410575571591457,0.89075
11.78,16.026490990606657,63.625,0.7955557963834252,125,2450,0.9410575571591457,0.89075
18.59,16.026490990606657,63.625,0.7955557963834252,125,2450,0.9410575571591457,0.89075
12.305,16.027647676520544,63.75,0.7967124822973126,125,2450,0.9411314920807453,0.8925000000000001
13.035,16.027647676520544,63.75,0.7967124822973126,125,2450,0.9411314920807453,0.8925000000000001
12.395,16.032214873079806,63.875,0.8012796788565737,125,2450,0.9412058631951707,0.89425
13.75,16.04615041687317,64.125,0.8152152226499396,125,2450,0.9413559208547979,0.89775
14.125,16.04615041687317,64.125,0.8152152226499396,125,2450,0.9413559208547979,0.89775
10.885,16.04615041687317,64.125,0.8152152226499396,125,2450,0.9413559208547979,0.89775
18.73,16.04615041687317,64.125,0.8152152226499396,125,2450,0.9413559208547979,0.89775
18.785,16.04615041687317,64.125,0.8152152226499396,125,2450,0.9413559208547979,0.89775
18.18,16.04603452936248,64.15625,0.8150993351392479,125,2450,0.9413748019069249,0.8981875
15.915,16.0455127901029,64.25,0.814577595879669,125,2450,0.9414316108345341,0.8995
28.87,16.0455127901029,64.25,0.814577595879669,125,2450,0.9414316108345341,0.8995
26.125,16.0455127901029,64.25,0.814577595879669,125,2450,0.9414316108345341,0.8995
11.335,16.0455127901029,64.25,0.814577595879669,125,2450,0.9414316108345341,0.8995
15.830000000000002,16.0455127901029,64.25,0.814577595879669,125,2450,0.9414316108345341,0.8995
12.805,16.045577629709403,64.375,0.8146424354861708,125,2450,0.9415077438761644,0.90125
13.77,16.047513872343185,64.625,0.8165786781199529,125,2450,0.9416613460510713,0.90475
8.969999999999999,16.047513872343185,64.625,0.8165786781199529,125,2450,0.9416613460510713,0.90475
13.455000000000002,16.047513872343185,64.625,0.8165786781199529,125,2450,0.9416613460510713,0.90475
13.71,16.047513872343185,64.625,0.8165786781199529,125,2450,0.9416613460510713,0.90475
9.685,16.052055006859863,64.75,0.8211198126366313,125,2450,0.9417388186457142,0.9065
17.225,16.052055006859863,64.75,0.8211198126366313,125,2450,0.9417388186457142,0.9065
12.605,16.052055006859863,64.75,0.8211198126366313,125,2450,0.9417388186457142,0.9065
19.715,16.0540553815866,64.875,0.8231201873633687,125,2450,0.9418167412249845,0.90825
14.47,16.0540553815866,64.875,0.8231201873633687,125,2450,0.9418167412249845,0.90825
14.65,16.0540553815866,64.875,0.8231201873633687,125,2450,0.9418167412249845,0.90825
14.915,16.0540553815866,64.875,0.8231201873633687,125,2450,0.9418167412249845,0.90825
8.47,16.056747850696002,65,0.8258126564727704,125,2450,0.9418951155279501,0.91
15.59,16.05905201546171,65.04166666666667,0.8281168212384777,125,2450,0.9419213409797116,0.9105833333333334
13.54,16.059885990844275,65.125,0.8289507966210437,125,2450,0.941973943297034,0.9117500000000001
13.37,16.059885990844275,65.125,0.8289507966210437,125,2450,0.941973943297034,0.9117500000000001
15.46,16.059885990844275,65.125,0.8289507966210437,125,2450,0.941973943297034,0.9117500000000001
12.665,16.059885990844275,65.125,0.8289507966210437,125,2450,0.941973943297034,0.9117500000000001
24.49,16.062202678896742,65.25,0.8312674846735106,125,2450,0.9420532262780122,0.9135
14.17,16.062202678896742,65.25,0.8312674846735106,125,2450,0.9420532262780122,0.9135
17.395,16.063569664805875,65.375,0.8326344705826436,125,2450,0.9421329662200154,0.91525
13.45,16.063569664805875,65.375,0.8326344705826436,125,2450,0.9421329662200154,0.91525
14.215,16.07523558332598,65.75,0.8443003891027487,125,2450,0.9423749453537887,0.9205
11.75,16.08794693823521,65.875,0.8570117440119773,125,2450,0.9424565306982763,0.92225
10.44,16.09567818787878,66,0.8647429936555469,125,2450,0.9425385817997516,0.924
15.170000000000002,16.108387468008996,66.125,0.8774522737857637,125,2450,0.9426211004274687,0.9257500000000001
32.55,16.108387468008996,66.125,0.8774522737857637,125,2450,0.9426211004274687,0.9257500000000001
38.379999999999995,16.110851354996925,66.25,0.8799161607736927,125,2450,0.9427040883540371,0.9275
11.7,16.110851354996925,66.25,0.8799161607736927,125,2450,0.9427040883540371,0.9275
21.045,16.110851354996925,66.25,0.8799161607736927,125,2450,0.9427040883540371,0.9275
12.21,16.116445190183693,66.375,0.8855099959604615,125,2450,0.942787547355419,0.92925
16.94,16.100223466250608,66.5,0.8692882720273758,125,2450,0.9428714792109316,0.931
14.54,16.100223466250608,66.5,0.8692882720273758,125,2450,0.9428714792109316,0.931
19.015,16.100223466250608,66.5,0.8692882720273758,125,2450,0.9428714792109316,0.931
14.725,16.100223466250608,66.5,0.8692882720273758,125,2450,0.9428714792109316,0.931
8.21,16.102166082565596,66.625,0.8712308883423638,125,2450,0.9429558857032453,0.93275
16.52,16.102166082565596,66.625,0.8712308883423638,125,2450,0.9429558857032453,0.93275
14.105,16.10271664762595,66.75,0.8717814534027184,125,2450,0.9430407686183849,0.9345
16.33,16.10271664762595,66.75,0.8717814534027184,125,2450,0.9430407686183849,0.9345
15.59,16.10271664762595,66.75,0.8717814534027184,125,2450,0.9430407686183849,0.9345
40.635000000000005,16.100105278459523,66.875,0.8691700842362913,125,2450,0.9431261297457296,0.93625
13.335,16.112714029172384,67,0.8817788349491522,125,2450,0.9432119708780122,0.9380000000000001
18.82,16.112714029172384,67,0.8817788349491522,125,2450,0.9432119708780122,0.9380000000000001
25.01,16.115388490369035,67.09375,0.8844532961458036,125,2450,0.9432766678107973,0.9393125
17.935,16.115388490369035,67.125,0.8844532961458036,125,2450,0.9432982938113198,0.93975
23.045,16.115388490369035,67.125,0.8844532961458036,125,2450,0.9432982938113198,0.93975
10.21,16.115388490369035,67.125,0.8844532961458036,125,2450,0.9432982938113198,0.93975
17.98,16.115490140402304,67.25,0.8845549461790725,125,2450,0.9433851003450932,0.9415
15.105,16.115490140402304,67.25,0.8845549461790725,125,2450,0.9433851003450932,0.9415
13.13,16.115490140402304,67.25,0.8845549461790725,125,2450,0.9433851003450932,0.9415
15.61,16.113700971121816,67.375,0.8827657768985837,125,2450,0.9434723922821273,0.94325
24.11,16.113700971121816,67.375,0.8827657768985837,125,2450,0.9434723922821273,0.94325
13.99,16.108357480246426,67.5,0.8774222860231937,125,2450,0.9435601714285714,0.9450000000000001
11.42,16.107570251846084,67.625,0.8766350576228525,125,2450,0.9436484395939284,0.94675
14.26,16.107570251846084,67.625,0.8766350576228525,125,2450,0.9436484395939284,0.94675
13.77,16.107436367828406,67.75,0.876501173605174,125,2450,0.9437371985910558,0.9485
13.53,16.107436367828406,67.75,0.876501173605174,125,2450,0.9437371985910558,0.9485
21.05,16.107436367828406,67.75,0.876501173605174,125,2450,0.9437371985910558,0.9485
11.09,16.107763901214014,67.79166666666667,0.8768287069907821,125,2450,0.9437668943109747,0.9490833333333334
14.305,16.103628901095203,67.84375,0.8726937068719707,125,2450,0.943804091039689,0.9498125000000001
12.34,16.103628901095203,67.875,0.8726937068719707,125,2450,0.9438264502361645,0.95025
14.34,16.103628901095203,67.875,0.8726937068719707,125,2450,0.9438264502361645,0.95025
17.91,16.103628901095203,67.875,0.8726937068719707,125,2450,0.9438264502361645,0.95025
8.06,16.103628901095203,67.875,0.8726937068719707,125,2450,0.9438264502361645,0.95025
12.415,16.101859222951493,68,0.8709240287282611,125,2450,0.9439161963488197,0.9520000000000001
15.66,16.101859222951493,68,0.8709240287282611,125,2450,0.9439161963488197,0.9520000000000001
12.395,16.101859222951493,68,0.8709240287282611,125,2450,0.9439161963488197,0.9520000000000001
12.33,16.102017837983333,68.125,0.8710826437601007,125,2450,0.9440064387519409,0.95375
15.215,16.102017837983333,68.125,0.8710826437601007,125,2450,0.9440064387519409,0.95375
17.63,16.10257332581719,68.25,0.8716381315939579,125,2450,0.9440971792718013,0.9555
15.665,16.101138627951016,68.375,0.8702034337277844,125,2450,0.9441884197380279,0.95725
16.130000000000003,16.101138627951016,68.375,0.8702034337277844,125,2450,0.9441884197380279,0.95725
32.6,16.101138627951016,68.375,0.8702034337277844,125,2450,0.9441884197380279,0.95725
11.755,16.10460697589798,68.5,0.8736717816747479,125,2450,0.9442801619836023,0.9590000000000001
13.51,16.102981074486515,68.625,0.8720458802632827,125,2450,0.9443724078448602,0.96075
13.49,16.10252199562044,68.75,0.871586801397207,125,2450,0.9444651591614907,0.9625
10.11,16.10252199562044,68.75,0.871586801397207,125,2450,0.9444651591614907,0.9625
16.605,16.10252199562044,68.75,0.871586801397207,125,2450,0.9444651591614907,0.9625
13.165,16.10252199562044,68.75,0.871586801397207,125,2450,0.9444651591614907,0.9625
13.905,16.11062100510148,68.83333333333333,0.8796858108782466,125,2450,0.9445272750911249,0.9636666666666667
16.71,16.11600678687127,68.875,0.885071592648039,125,2450,0.9445584177765373,0.96425
15.330000000000002,16.11600678687127,68.875,0.885071592648039,125,2450,0.9445584177765373,0.96425
15.1,16.11600678687127,68.875,0.885071592648039,125,2450,0.9445584177765373,0.96425
17.53,16.11600678687127,68.875,0.885071592648039,125,2450,0.9445584177765373,0.96425
27.9,16.120432548443365,69,0.8894973542201328,125,2450,0.9446521855363973,0.966
16.990000000000002,16.120432548443365,69,0.8894973542201328,125,2450,0.9446521855363973,0.966
12.915,16.120432548443365,69,0.8894973542201328,125,2450,0.9446521855363973,0.966
14.255,16.118363519952727,69.125,0.8874283257294948,125,2450,0.944746464290823,0.96775
14.475,16.11806690698818,69.25,0.8871317127649476,125,2450,0.9448412558929191,0.9695
18.11,16.11806690698818,69.25,0.8871317127649476,125,2450,0.9448412558929191,0.9695
19.975,16.11806690698818,69.25,0.8871317127649476,125,2450,0.9448412558929191,0.9695
13.16,16.11806690698818,69.25,0.8871317127649476,125,2450,0.9448412558929191,0.9695
16.6,16.117006476301935,69.375,0.8860712820787029,125,2450,0.9449365621991459,0.9712500000000001
20.06,16.115804103785063,69.5,0.8848689095618312,125,2450,0.9450323850693166,0.973
12.56,16.115804103785063,69.5,0.8848689095618312,125,2450,0.9450323850693166,0.973
27.51,16.115804103785063,69.5,0.8848689095618312,125,2450,0.9450323850693166,0.973
14.265,16.113712688639165,69.625,0.882777494415933,125,2450,0.9451287263665993,0.97475
13.295000000000002,16.112661578478534,69.75,0.8817263842553018,125,2450,0.9452255879575154,0.9765
15.99,16.112661578478534,69.75,0.8817263842553018,125,2450,0.9452255879575154,0.9765
12.565,16.112661578478534,69.75,0.8817263842553018,125,2450,0.9452255879575154,0.9765
14.625,16.113414724448496,69.875,0.8824795302252646,125,2450,0.9453229717119409,0.9782500000000001
15.475,16.113414724448496,69.875,0.8824795302252646,125,2450,0.9453229717119409,0.9782500000000001
13.445,16.113414724448496,69.875,0.8824795302252646,125,2450,0.9453229717119409,0.9782500000000001
13.665,16.114248605139498,70,0.8833134109162657,125,2450,0.9454208795031056,0.98
12.025,16.114248605139498,70,0.8833134109162657,125,2450,0.9454208795031056,0.98
14.010000000000002,16.114248605139498,70,0.8833134109162657,125,2450,0.9454208795031056,0.98
12.015,16.114248605139498,70,0.8833134109162657,125,2450,0.9454208795031056,0.98
19.32,16.114248605139498,70,0.8833134109162657,125,2450,0.9454208795031056,0.98
15.615,16.123516657724803,70.125,0.8925814635015712,125,2450,0.9455193132075932,0.98175
19.630000000000003,16.123516657724803,70.125,0.8925814635015712,125,2450,0.9455193132075932,0.98175
12.215,16.123516657724803,70.125,0.8925814635015712,125,2450,0.9455193132075932,0.98175
24.595,16.123516657724803,70.125,0.8925814635015712,125,2450,0.9455193132075932,0.98175
13.655,16.124534563579758,70.25,0.8935993693565258,125,2450,0.9456182747053414,0.9835
14,16.124534563579758,70.25,0.8935993693565258,125,2450,0.9456182747053414,0.9835
14.6,16.1245318656423,70.375,0.8935966714190684,125,2450,0.9457177658796426,0.9852500000000001
12.705,16.1245318656423,70.375,0.8935966714190684,125,2450,0.9457177658796426,0.9852500000000001
12.815,16.133900393111173,70.5,0.9029651988879408,125,2450,0.9458177886171428,0.987
13.505,16.133900393111173,70.5,0.9029651988879408,125,2450,0.9458177886171428,0.987
23.79,16.133900393111173,70.5,0.9029651988879408,125,2450,0.9458177886171428,0.987
23.505000000000003,16.13778564795862,70.625,0.9068504537353874,125,2450,0.9459183448078414,0.98875
13.125,16.13778564795862,70.625,0.9068504537353874,125,2450,0.9459183448078414,0.98875
15.2,16.13778564795862,70.625,0.9068504537353874,125,2450,0.9459183448078414,0.98875
23.410000000000004,16.13778564795862,70.625,0.9068504537353874,125,2450,0.9459183448078414,0.98875
11.96,16.13579459387631,70.75,0.9048593996530769,125,2450,0.9460194363450931,0.9905
16.25,16.13579459387631,70.75,0.9048593996530769,125,2450,0.9460194363450931,0.9905
18.200000000000003,16.13579459387631,70.75,0.9048593996530769,125,2450,0.9460194363450931,0.9905
17.25,16.13579459387631,70.75,0.9048593996530769,125,2450,0.9460194363450931,0.9905
18,16.135916672457242,71,0.90498147823401,125,2450,0.9462232330494409,0.994
16.185000000000002,16.135916672457242,71,0.90498147823401,125,2450,0.9462232330494409,0.994
14.805,16.134845504792573,71.125,0.9039103105693407,125,2450,0.9463259420200153,0.99575
17.275,16.134845504792573,71.125,0.9039103105693407,125,2450,0.9463259420200153,0.99575
14.965,16.134845504792573,71.125,0.9039103105693407,125,2450,0.9463259420200153,0.99575
15.395,16.131411602953392,71.25,0.9004764087301602,125,2450,0.9464291939440993,0.9975
15.565,16.131411602953392,71.25,0.9004764087301602,125,2450,0.9464291939440993,0.9975
31.5,16.132091100030667,71.375,0.9011559058074354,125,2450,0.9465329907318166,0.99925
49.39,16.132091100030667,71.375,0.9011559058074354,125,2450,0.9465329907318166,0.99925
14.975,16.130529603262296,71.5,0.8995944090390644,125,2450,0.9466373342966458,1.0010000000000001
18.075000000000003,16.130529603262296,71.5,0.8995944090390644,125,2450,0.9466373342966458,1.0010000000000001
15.2,16.130529603262296,71.5,0.8995944090390644,125,2450,0.9466373342966458,1.0010000000000001
16.405,16.130529603262296,71.5,0.8995944090390644,125,2450,0.9466373342966458,1.0010000000000001
19.455,16.134807450543924,71.59375,0.9038722563206925,125,2450,0.9467159519457157,1.0023125
15.36,16.134807450543924,71.625,0.9038722563206925,125,2450,0.9467422265554191,1.00275
8.07,16.134807450543924,71.625,0.9038722563206925,125,2450,0.9467422265554191,1.00275
16.485,16.134807450543924,71.625,0.9038722563206925,125,2450,0.9467422265554191,1.00275
13.435,16.134807450543924,71.625,0.9038722563206925,125,2450,0.9467422265554191,1.00275
16.505000000000003,16.134807450543924,71.625,0.9038722563206925,125,2450,0.9467422265554191,1.00275
13.905,16.134807450543924,71.625,0.9038722563206925,125,2450,0.9467422265554191,1.00275
12.364999999999998,16.136352466345656,71.75,0.9054172721224241,125,2450,0.9468476694283228,1.0045
13.45,16.136352466345656,71.75,0.9054172721224241,125,2450,0.9468476694283228,1.0045
18.18,16.136352466345656,71.75,0.9054172721224241,125,2450,0.9468476694283228,1.0045
12.39,16.136352466345656,71.75,0.9054172721224241,125,2450,0.9468476694283228,1.0045
11.735,16.136352466345656,71.75,0.9054172721224241,125,2450,0.9468476694283228,1.0045
12.635000000000002,16.13302918718968,71.875,0.9020939929664493,125,2450,0.9469536648388974,1.00625
17.25,16.13302918718968,71.875,0.9020939929664493,125,2450,0.9469536648388974,1.00625
11.685,16.13302918718968,71.875,0.9020939929664493,125,2450,0.9469536648388974,1.00625
16.19,16.13866399076435,72,0.907728796541118,125,2450,0.9470602147140372,1.008
10.615000000000002,16.13866399076435,72,0.907728796541118,125,2450,0.9470602147140372,1.008
12.64,16.13866399076435,72,0.907728796541118,125,2450,0.9470602147140372,1.008
22.11,16.13866399076435,72,0.907728796541118,125,2450,0.9470602147140372,1.008
11.655,16.13866399076435,72,0.907728796541118,125,2450,0.9470602147140372,1.008
16.44,16.13866399076435,72,0.907728796541118,125,2450,0.9470602147140372,1.008
13.63,16.140517480570452,72.125,0.90958228634722,125,2450,0.9471673209839906,1.00975
14.4,16.140517480570452,72.125,0.90958228634722,125,2450,0.9471673209839906,1.00975
21.005000000000003,16.140517480570452,72.125,0.90958228634722,125,2450,0.9471673209839906,1.00975
12.895,16.140517480570452,72.125,0.90958228634722,125,2450,0.9471673209839906,1.00975
24.93,16.181750395415367,72.25,0.9508152011921354,125,2450,0.9472749855823601,1.0115
12.065,16.181750395415367,72.25,0.9508152011921354,125,2450,0.9472749855823601,1.0115
10.41,16.183415491889086,72.375,0.9524802976658542,125,2450,0.9473832104461023,1.01325
12.385000000000002,16.183415491889086,72.375,0.9524802976658542,125,2450,0.9473832104461023,1.01325
39.635000000000005,16.241919342362742,72.5,1.01098414813951,125,2450,0.947491997515528,1.0150000000000001
12.26,16.241919342362742,72.5,1.01098414813951,125,2450,0.947491997515528,1.0150000000000001
20.924999999999997,16.241919342362742,72.5,1.01098414813951,125,2450,0.947491997515528,1.0150000000000001
14.93,16.241919342362742,72.5,1.01098414813951,125,2450,0.947491997515528,1.0150000000000001
14.405,16.244682878623554,72.625,1.0137476844003217,125,2450,0.9476013487343011,1.01675
14.35,16.244682878623554,72.625,1.0137476844003217,125,2450,0.9476013487343011,1.01675
14.07,16.242700040965534,72.75,1.0117648467423024,125,2450,0.9477112660494409,1.0185
18.81,16.242700040965534,72.75,1.0117648467423024,125,2450,0.9477112660494409,1.0185
16.634999999999998,16.242700040965534,72.75,1.0117648467423024,125,2450,0.9477112660494409,1.0185
17.5,16.24340297414679,72.875,1.0124677799235577,125,2450,0.9478217514113199,1.02025
15.69,16.24340297414679,72.875,1.0124677799235577,125,2450,0.9478217514113199,1.02025
12.03,16.24340297414679,72.875,1.0124677799235577,125,2450,0.9478217514113199,1.02025
12.635000000000002,16.24340297414679,72.875,1.0124677799235577,125,2450,0.9478217514113199,1.02025
14.535,16.24340297414679,72.875,1.0124677799235577,125,2450,0.9478217514113199,1.02025
15.195,16.251076160868585,73,1.0201409666453536,125,2450,0.9479328067736644,1.022
14.54,16.251076160868585,73,1.0201409666453536,125,2450,0.9479328067736644,1.022
23.02,16.251076160868585,73,1.0201409666453536,125,2450,0.9479328067736644,1.022
13.455000000000002,16.25403955990385,73.09375,1.0231043656806165,125,2450,0.948016473535409,1.0233125
39.34,16.267274555439986,73.125,1.0363393612167542,125,2450,0.9480444340935558,1.02375
15.260000000000002,16.267561281630464,73.25,1.0366260874072317,125,2450,0.9481566353314285,1.0255
17.65,16.267561281630464,73.25,1.0366260874072317,125,2450,0.9481566353314285,1.0255
16.035,16.267561281630464,73.25,1.0366260874072317,125,2450,0.9481566353314285,1.0255
14.63,16.267561281630464,73.25,1.0366260874072317,125,2450,0.9481566353314285,1.0255
42.115,16.26844649061725,73.375,1.037511296394019,125,2450,0.9482694124510713,1.02725
12.66,16.26844649061725,73.375,1.037511296394019,125,2450,0.9482694124510713,1.02725
11.3,16.26844649061725,73.375,1.037511296394019,125,2450,0.9482694124510713,1.02725
15.63,16.268497136706028,73.40833333333333,1.037561942482796,125,2450,0.9482995838606136,1.0277166666666666
12.28,16.268577053182597,73.5,1.0376418589593648,125,2450,0.9483827674196273,1.029
12.875,16.268577053182597,73.5,1.0376418589593648,125,2450,0.9483827674196273,1.029
13.78,16.268577053182597,73.5,1.0376418589593648,125,2450,0.9483827674196273,1.029
12.99,16.268277670400543,73.75,1.0373424761773116,125,2450,0.9486112187888198,1.0325
22.64,16.268277670400543,73.75,1.0373424761773116,125,2450,0.9486112187888198,1.0325
14.745,16.268277670400543,73.75,1.0373424761773116,125,2450,0.9486112187888198,1.0325
22.12,16.268286429548912,73.875,1.03735123532568,125,2450,0.9487263191405123,1.0342500000000001
12.705,16.268286429548912,73.875,1.03735123532568,125,2450,0.9487263191405123,1.0342500000000001
15.225,16.268286429548912,73.875,1.03735123532568,125,2450,0.9487263191405123,1.0342500000000001
16.985,16.269272330603943,73.90625,1.0383371363807115,125,2450,0.9487551856745939,1.0346875
13.285,16.269272330603943,73.91666666666667,1.0383371363807115,125,2450,0.9487648159934021,1.0348333333333335
14.235,16.26875007630302,74,1.0378148820797897,125,2450,0.9488420052432297,1.036
22.17,16.26875007630302,74,1.0378148820797897,125,2450,0.9488420052432297,1.036
17.75,16.270133568010085,74.25,1.0391983737868529,125,2450,0.9490751426407453,1.0395
12.85,16.270133568010085,74.25,1.0391983737868529,125,2450,0.9490751426407453,1.0395
15.725,16.270133568010085,74.25,1.0391983737868529,125,2450,0.9490751426407453,1.0395
15.91,16.270133568010085,74.25,1.0391983737868529,125,2450,0.9490751426407453,1.0395
11.155,16.26930899869633,74.375,1.0383738044730997,125,2450,0.9491925979134316,1.04125
17.28,16.269811360639114,74.5,1.038876166415882,125,2450,0.9493106468929192,1.043
14.52,16.269811360639114,74.5,1.038876166415882,125,2450,0.9493106468929192,1.043
15.615,16.27277577645035,74.625,1.0418405822271168,125,2450,0.9494292915765373,1.04475
11.255,16.27277577645035,74.625,1.0418405822271168,125,2450,0.9494292915765373,1.04475
7.24,16.27277577645035,74.625,1.0418405822271168,125,2450,0.9494292915765373,1.04475
16.509999999999998,16.286371504993262,74.875,1.0554363107700304,125,2450,0.9496683760622513,1.0482500000000001
14.575,16.286371504993262,74.875,1.0554363107700304,125,2450,0.9496683760622513,1.0482500000000001
17.23,16.286371504993262,74.875,1.0554363107700304,125,2450,0.9496683760622513,1.0482500000000001
17.17,16.289357222011606,75,1.0584220277883745,125,2450,0.9497888198757761,1.05
15.89,16.289357222011606,75,1.0584220277883745,125,2450,0.9497888198757761,1.05
17.86,16.289357222011606,75,1.0584220277883745,125,2450,0.9497888198757761,1.05
14.03,16.289357222011606,75,1.0584220277883745,125,2450,0.9497888198757761,1.05
22.05,16.291383723769993,75.125,1.0604485295467612,125,2450,0.9499098674162887,1.05175
18.1,16.291383723769993,75.125,1.0604485295467612,125,2450,0.9499098674162887,1.05175
16.490000000000002,16.291383723769993,75.125,1.0604485295467612,125,2450,0.9499098674162887,1.05175
8.3,16.291684502807158,75.25,1.060749308583926,125,2450,0.9500315206978881,1.0535
14.515,16.291684502807158,75.25,1.060749308583926,125,2450,0.9500315206978881,1.0535
11.62,16.291684502807158,75.25,1.060749308583926,125,2450,0.9500315206978881,1.0535
13.955,16.291684502807158,75.25,1.060749308583926,125,2450,0.9500315206978881,1.0535
20.805,16.293256851205598,75.375,1.0623216569823661,125,2450,0.950153781738028,1.05525
15.685,16.293256851205598,75.375,1.0623216569823661,125,2450,0.950153781738028,1.05525
14.64,16.293256851205598,75.375,1.0623216569823661,125,2450,0.950153781738028,1.05525
19.87,16.293256851205598,75.375,1.0623216569823661,125,2450,0.950153781738028,1.05525
11.920000000000002,16.294803275499866,75.5,1.0638680812766346,125,2450,0.9502766525575155,1.057
19.805,16.294803275499866,75.5,1.0638680812766346,125,2450,0.9502766525575155,1.057
17.8,16.294803275499866,75.5,1.0638680812766346,125,2450,0.9502766525575155,1.057
21.645000000000003,16.294803275499866,75.5,1.0638680812766346,125,2450,0.9502766525575155,1.057
19.1,16.300678446705074,75.875,1.0697432524818424,125,2450,0.9506489439504501,1.06225
18.165,16.300678446705074,75.875,1.0697432524818424,125,2450,0.9506489439504501,1.06225
21.22,16.305144604746136,76,1.0742094105229043,125,2450,0.9507742741624843,1.064
31.77,16.306608783650233,76.09375,1.0756735894270015,125,2450,0.9508686785414417,1.0653125
18.565,16.30891655144797,76.25,1.0779813572247399,125,2450,0.9510267964285715,1.0675000000000001
14.045,16.309564400274127,76.28125,1.0786292060508949,125,2450,0.9510585368816871,1.0679375
29.59,16.30917892063816,76.375,1.0782437264149287,125,2450,0.9511539925678415,1.06925
16.765,16.30917892063816,76.375,1.0782437264149287,125,2450,0.9511539925678415,1.06925
14.22,16.30917892063816,76.375,1.0782437264149287,125,2450,0.9511539925678415,1.06925
15.455000000000002,16.31294134436214,76.5,1.082006150138909,125,2450,0.9512818147736645,1.071
15.575,16.31294134436214,76.5,1.082006150138909,125,2450,0.9512818147736645,1.071
12.88,16.31294134436214,76.5,1.082006150138909,125,2450,0.9512818147736645,1.071
14.595,16.31294134436214,76.5,1.082006150138909,125,2450,0.9512818147736645,1.071
12.38,16.308192255872456,76.6875,1.0772570616492239,125,2450,0.9514747264446516,1.073625
8.225000000000001,16.308816212720664,76.75,1.0778810184974326,125,2450,0.9515393455922979,1.0745
16.9,16.308816212720664,76.75,1.0778810184974326,125,2450,0.9515393455922979,1.0745
30.82,16.319593560406243,77,1.0886583661830116,125,2450,0.9517994053326707,1.078
13.64,16.319593560406243,77,1.0886583661830116,125,2450,0.9517994053326707,1.078
16.68,16.31691540374338,77.125,1.085980209520148,125,2450,0.9519303887032453,1.07975
17.005000000000003,16.31691540374338,77.125,1.085980209520148,125,2450,0.9519303887032453,1.07975
16.565,16.304326281392843,77.25,1.073391087169611,125,2450,0.9520620104966457,1.0815000000000001
11.54,16.304326281392843,77.25,1.073391087169611,125,2450,0.9520620104966457,1.0815000000000001
8.344999999999999,16.305186059812193,77.375,1.0742508655889615,125,2450,0.9521942727839906,1.08325
15.905,16.305186059812193,77.375,1.0742508655889615,125,2450,0.9521942727839906,1.08325
15.07,16.305186059812193,77.375,1.0742508655889615,125,2450,0.9521942727839906,1.08325
25.42,16.305914886444643,77.5,1.0749796922214117,125,2450,0.9523271776397515,1.085
16.155,16.305914886444643,77.5,1.0749796922214117,125,2450,0.9523271776397515,1.085
11.545,16.301906079772273,77.625,1.0709708855490412,125,2450,0.9524607271417546,1.08675
8.77,16.301906079772273,77.625,1.0709708855490412,125,2450,0.9524607271417546,1.08675
27.67,16.317040861043065,77.75,1.086105666819833,125,2450,0.95259492337118,1.0885
13.105,16.317040861043065,77.75,1.086105666819833,125,2450,0.95259492337118,1.0885
31.755000000000003,16.317040861043065,77.75,1.086105666819833,125,2450,0.95259492337118,1.0885
33.1,16.317040861043065,77.75,1.086105666819833,125,2450,0.95259492337118,1.0885
11.8,16.319234541063977,77.875,1.0882993468407456,125,2450,0.9527297684125622,1.09025
18.115,16.319234541063977,77.875,1.0882993468407456,125,2450,0.9527297684125622,1.09025
18.14,16.319234541063977,77.875,1.0882993468407456,125,2450,0.9527297684125622,1.09025
13.785,16.321021015020825,78,1.0900858207975936,125,2450,0.9528652643537887,1.092
15.93,16.321021015020825,78,1.0900858207975936,125,2450,0.9528652643537887,1.092
10.19,16.324683497912186,78.125,1.0937483036889546,125,2450,0.9530014132861022,1.09375
17.855,16.324683497912186,78.125,1.0937483036889546,125,2450,0.9530014132861022,1.09375
12.71,16.329396162622448,78.25,1.0984609683992161,125,2450,0.9531382173040993,1.0955
16.950000000000003,16.329396162622448,78.25,1.0984609683992161,125,2450,0.9531382173040993,1.0955
23.6,16.329396162622448,78.25,1.0984609683992161,125,2450,0.9531382173040993,1.0955
10.96,16.329396162622448,78.25,1.0984609683992161,125,2450,0.9531382173040993,1.0955
16.9,16.329139539083812,78.375,1.09820434486058,125,2450,0.9532756785057298,1.09725
9.28,16.329139539083812,78.375,1.09820434486058,125,2450,0.9532756785057298,1.09725
15.47,16.329139539083812,78.375,1.09820434486058,125,2450,0.9532756785057298,1.09725
11.64,16.329139539083812,78.375,1.09820434486058,125,2450,0.9532756785057298,1.09725
14.1,16.329139539083812,78.375,1.09820434486058,125,2450,0.9532756785057298,1.09725
20.19,16.33748459337998,78.5,1.1065493991567479,125,2450,0.9534137989922981,1.099
17.535,16.33911316647189,78.625,1.108177972248658,125,2450,0.9535525808684627,1.1007500000000001
20.325,16.33911316647189,78.625,1.108177972248658,125,2450,0.9535525808684627,1.1007500000000001
12.68,16.33911316647189,78.625,1.108177972248658,125,2450,0.9535525808684627,1.1007500000000001
13.535,16.33911316647189,78.625,1.108177972248658,125,2450,0.9535525808684627,1.1007500000000001
13.98,16.340896070901128,78.75,1.1099608766778957,125,2450,0.9536920262422359,1.1025
14.59,16.340896070901128,78.75,1.1099608766778957,125,2450,0.9536920262422359,1.1025
15.8,16.335918464090938,78.875,1.1049832698677058,125,2450,0.9538321372249843,1.10425
20.53,16.335918464090938,78.875,1.1049832698677058,125,2450,0.9538321372249843,1.10425
17.745,16.335918464090938,78.875,1.1049832698677058,125,2450,0.9538321372249843,1.10425
14.055,16.335918464090938,78.875,1.1049832698677058,125,2450,0.9538321372249843,1.10425
9.515,16.33405936300739,79,1.1031241687841593,125,2450,0.9539729159314286,1.106
10.98,16.33405936300739,79,1.1031241687841593,125,2450,0.9539729159314286,1.106
13.510000000000002,16.33405936300739,79,1.1031241687841593,125,2450,0.9539729159314286,1.106
12.1,16.336651517864343,79.25,1.1057163236411114,125,2450,0.9542564849910559,1.1095
12.985,16.336651517864343,79.25,1.1057163236411114,125,2450,0.9542564849910559,1.1095
14.65,16.33735822314426,79.375,1.1064230289210286,125,2450,0.95439927959045,1.11125
13.41,16.33735822314426,79.375,1.1064230289210286,125,2450,0.95439927959045,1.11125
22.13,16.36371039333336,79.5,1.132775199110128,125,2450,0.9545427504059627,1.113
11.2,16.368511046313113,79.5625,1.1375758520898813,125,2450,0.9546147400607229,1.113875
8.68,16.3747677761867,79.625,1.1438325819634692,125,2450,0.9546868995690837,1.1147500000000001
18.799999999999997,16.3747677761867,79.625,1.1438325819634692,125,2450,0.9546868995690837,1.1147500000000001
13.52,16.3747677761867,79.625,1.1438325819634692,125,2450,0.9546868995690837,1.1147500000000001
10.93,16.374287659515282,79.75,1.1433524652920504,125,2450,0.9548317292146582,1.1165
29.964999999999996,16.416487128553396,79.875,1.1855519343301637,125,2450,0.954977241480885,1.11825
22.47,16.42108313938887,80,1.1901479451656378,125,2450,0.9551234385093165,1.12
16.405,16.42108313938887,80,1.1901479451656378,125,2450,0.9551234385093165,1.12
19.34,16.42108313938887,80,1.1901479451656378,125,2450,0.9551234385093165,1.12
16.05,16.42108313938887,80,1.1901479451656378,125,2450,0.9551234385093165,1.12
7.535000000000001,16.422654979993375,80.125,1.1917197857701431,125,2450,0.95527032244486,1.12175
34.335,16.422654979993375,80.125,1.1917197857701431,125,2450,0.95527032244486,1.12175
12.295000000000002,16.428517019010577,80.25,1.1975818247873455,125,2450,0.9554178954357764,1.1235
15.74,16.428517019010577,80.25,1.1975818247873455,125,2450,0.9554178954357764,1.1235
9.855,16.434092295481445,80.41666666666667,1.2031571012582134,125,2450,0.9556157350069013,1.1258333333333335
41.705,16.475943403384687,80.5,1.2450082091614547,125,2450,0.9557151171935403,1.127
16.64,16.475943403384687,80.5,1.2450082091614547,125,2450,0.9557151171935403,1.127
15.06,16.499157479280512,80.625,1.2682222850572806,125,2450,0.9558647702736801,1.12875
13.420000000000002,16.502629077987862,80.75,1.2716938837646303,125,2450,0.9560151210357762,1.1305
31.865,16.502629077987862,80.75,1.2716938837646303,125,2450,0.9560151210357762,1.1305
24.33,16.502629077987862,80.75,1.2716938837646303,125,2450,0.9560151210357762,1.1305
9.585,16.502629077987862,80.75,1.2716938837646303,125,2450,0.9560151210357762,1.1305
15.555,16.502629077987862,80.75,1.2716938837646303,125,2450,0.9560151210357762,1.1305
16.675,16.502629077987862,80.75,1.2716938837646303,125,2450,0.9560151210357762,1.1305
16,16.502629077987862,80.75,1.2716938837646303,125,2450,0.9560151210357762,1.1305
16.18,16.49753285864084,80.875,1.2665976644176098,125,2450,0.9561661716448601,1.13225
15.58,16.49753285864084,80.875,1.2665976644176098,125,2450,0.9561661716448601,1.13225
17.255000000000003,16.4831266354919,81,1.2521914412686677,125,2450,0.9563179242693166,1.1340000000000001
13.085,16.4831266354919,81,1.2521914412686677,125,2450,0.9563179242693166,1.1340000000000001
14.65,16.4831266354919,81,1.2521914412686677,125,2450,0.9563179242693166,1.1340000000000001
16.8,16.4831266354919,81,1.2521914412686677,125,2450,0.9563179242693166,1.1340000000000001
16.05,16.484890905760885,81.125,1.2539557115376532,125,2450,0.9564703810808849,1.13575
21.62,16.484890905760885,81.125,1.2539557115376532,125,2450,0.9564703810808849,1.13575
15.04,16.484890905760885,81.125,1.2539557115376532,125,2450,0.9564703810808849,1.13575
15.035,16.48335822433802,81.25,1.2524230301147874,125,2450,0.9566235442546585,1.1375
9.905,16.472162391479923,81.375,1.2412271972566913,125,2450,0.9567774159690836,1.13925
17.53,16.472162391479923,81.375,1.2412271972566913,125,2450,0.9567774159690836,1.13925
14.4,16.472162391479923,81.375,1.2412271972566913,125,2450,0.9567774159690836,1.13925
13.74,16.470603423107146,81.5,1.2396682288839145,125,2450,0.9569319984059625,1.141
25.755,16.470603423107146,81.5,1.2396682288839145,125,2450,0.9569319984059625,1.141
16.02,16.47761323409741,81.625,1.2466780398741797,125,2450,0.9570872937504502,1.14275
16.075,16.47761323409741,81.625,1.2466780398741797,125,2450,0.9570872937504502,1.14275
18.555,16.480093928779475,81.75,1.249158734556243,125,2450,0.9572433041910557,1.1445
10.765,16.480093928779475,81.75,1.249158734556243,125,2450,0.9572433041910557,1.1445
16.494999999999997,16.480093928779475,81.75,1.249158734556243,125,2450,0.9572433041910557,1.1445
13.03,16.480093928779475,81.75,1.249158734556243,125,2450,0.9572433041910557,1.1445
22.82,16.480093928779475,81.75,1.249158734556243,125,2450,0.9572433041910557,1.1445
15.205,16.48153174410121,81.875,1.2505965498779794,125,2450,0.9574000319196428,1.14625
18.77,16.48153174410121,81.875,1.2505965498779794,125,2450,0.9574000319196428,1.14625
14.82,16.48153174410121,81.875,1.2505965498779794,125,2450,0.9574000319196428,1.14625
15.645,16.48153174410121,81.875,1.2505965498779794,125,2450,0.9574000319196428,1.14625
29.07,16.48153174410121,81.875,1.2505965498779794,125,2450,0.9574000319196428,1.14625
15.84,16.481006476897523,82,1.2500712826742912,125,2450,0.9575574791314285,1.1480000000000001
14.21,16.481006476897523,82,1.2500712826742912,125,2450,0.9575574791314285,1.1480000000000001
12.575,16.48066583888783,82.125,1.2497306446645986,125,2450,0.9577156480249842,1.14975
11.285,16.48066583888783,82.125,1.2497306446645986,125,2450,0.9577156480249842,1.14975
19.43,16.48429196104827,82.25,1.2533567668250392,125,2450,0.9578745408022359,1.1515
17.165,16.490588075367253,82.375,1.2596528811440209,125,2450,0.9580341596684626,1.15325
15.99,16.490588075367253,82.375,1.2596528811440209,125,2450,0.9580341596684626,1.15325
14.47,16.490588075367253,82.375,1.2596528811440209,125,2450,0.9580341596684626,1.15325
15.18,16.490588075367253,82.375,1.2596528811440209,125,2450,0.9580341596684626,1.15325
15.455000000000002,16.49304340969859,82.5,1.262108215475358,125,2450,0.9581945068322979,1.155
13.91,16.49304340969859,82.5,1.262108215475358,125,2450,0.9581945068322979,1.155
11.48,16.492911175357747,82.625,1.2619759811345155,125,2450,0.9583555845057298,1.15675
16.79,16.492911175357747,82.625,1.2619759811345155,125,2450,0.9583555845057298,1.15675
13.79,16.49950581809608,82.875,1.2685706238728471,125,2450,0.9586799402461023,1.16025
13.595,16.49950581809608,82.875,1.2685706238728471,125,2450,0.9586799402461023,1.16025
11.58,16.49950581809608,82.875,1.2685706238728471,125,2450,0.9586799402461023,1.16025
16.855,16.49950581809608,82.875,1.2685706238728471,125,2450,0.9586799402461023,1.16025
10.185,16.49950581809608,82.875,1.2685706238728471,125,2450,0.9586799402461023,1.16025
19.5,16.49950581809608,82.875,1.2685706238728471,125,2450,0.9586799402461023,1.16025
17.490000000000002,16.501499796924136,83,1.2705646027009045,125,2450,0.9588432227537886,1.162
15.69,16.503605859204338,83.125,1.2726706649811064,125,2450,0.9590072446525622,1.16375
14.335,16.503605859204338,83.125,1.2726706649811064,125,2450,0.9590072446525622,1.16375
16.615000000000002,16.508069162953984,83.25,1.2771339687307517,125,2450,0.9591720081711801,1.1655
17.255,16.508069162953984,83.25,1.2771339687307517,125,2450,0.9591720081711801,1.1655
10.54,16.508069162953984,83.25,1.2771339687307517,125,2450,0.9591720081711801,1.1655
22.855,16.508069162953984,83.25,1.2771339687307517,125,2450,0.9591720081711801,1.1655
15.4,16.50744813964346,83.34375,1.2765129454202295,125,2450,0.9592960688407954,1.1668125
13.35,16.50744813964346,83.375,1.2765129454202295,125,2450,0.9593375155417546,1.1672500000000001
14.525,16.50744813964346,83.375,1.2765129454202295,125,2450,0.9593375155417546,1.1672500000000001
12.425,16.50744813964346,83.375,1.2765129454202295,125,2450,0.9593375155417546,1.1672500000000001
9.864999999999998,16.513122562464485,83.5,1.282187368241253,125,2450,0.9595037689997515,1.169
13.44,16.513122562464485,83.5,1.282187368241253,125,2450,0.9595037689997515,1.169
20.45,16.513122562464485,83.5,1.282187368241253,125,2450,0.9595037689997515,1.169
22.18,16.513122562464485,83.5,1.282187368241253,125,2450,0.9595037689997515,1.169
15.3,16.512710906253098,83.625,1.2817757120298658,125,2450,0.9596707707839907,1.17075
17.645000000000003,16.512710906253098,83.625,1.2817757120298658,125,2450,0.9596707707839907,1.17075
12.245,16.512710906253098,83.625,1.2817757120298658,125,2450,0.9596707707839907,1.17075
20.625,16.51830080360126,83.75,1.2873656093780284,125,2450,0.9598385231366459,1.1725
14.375,16.51830080360126,83.75,1.2873656093780284,125,2450,0.9598385231366459,1.1725
13.72,16.51830080360126,83.75,1.2873656093780284,125,2450,0.9598385231366459,1.1725
13.61,16.51563964769878,83.875,1.2847044534755483,125,2450,0.9600070283032452,1.17425
16.635,16.515251640380082,83.91666666666667,1.2843164461568506,125,2450,0.9600633643726985,1.1748333333333334
13.86,16.517440332994852,84,1.28650513877162,125,2450,0.9601762885326707,1.176
19.08,16.517440332994852,84,1.28650513877162,125,2450,0.9601762885326707,1.176
12.135000000000002,16.517440332994852,84,1.28650513877162,125,2450,0.9601762885326707,1.176
18,16.517440332994852,84,1.28650513877162,125,2450,0.9601762885326707,1.176
18.885,16.517440332994852,84,1.28650513877162,125,2450,0.9601762885326707,1.176
11.16,16.517198948264316,84.0625,1.2862637540410837,125,2450,0.9602612024996359,1.1768750000000001
24.85,16.516863281621408,84.125,1.285928087398176,125,2450,0.9603463060771582,1.17775
12.025,16.516863281621408,84.125,1.285928087398176,125,2450,0.9603463060771582,1.17775
6.790000000000001,16.516863281621408,84.125,1.285928087398176,125,2450,0.9603463060771582,1.17775
21.34,16.517734917516286,84.25,1.2867997232930541,125,2450,0.960517083192298,1.1795
12.345,16.51781962750108,84.375,1.286884433277848,125,2450,0.9606886221370341,1.1812500000000001
13.4,16.51781962750108,84.375,1.286884433277848,125,2450,0.9606886221370341,1.1812500000000001
13.525,16.51818347920244,84.625,1.2872482849792064,125,2450,0.9610339945678414,1.18475
18.49,16.51818347920244,84.625,1.2872482849792064,125,2450,0.9610339945678414,1.18475
16.82,16.51818347920244,84.625,1.2872482849792064,125,2450,0.9610339945678414,1.18475
14.695,16.520849977040097,84.875,1.2899147828168651,125,2450,0.9613824415082143,1.18825
12.695,16.520849977040097,84.875,1.2899147828168651,125,2450,0.9613824415082143,1.18825
16.685000000000002,16.520849977040097,84.875,1.2899147828168651,125,2450,0.9613824415082143,1.18825
12.845,16.521480966965008,85,1.2905457727417762,125,2450,0.9615578236024844,1.19
10.3,16.521480966965008,85,1.2905457727417762,125,2450,0.9615578236024844,1.19
12.52,16.521480966965008,85,1.2905457727417762,125,2450,0.9615578236024844,1.19
16.08,16.521480966965008,85,1.2905457727417762,125,2450,0.9615578236024844,1.19
14.665,16.521480966965008,85,1.2905457727417762,125,2450,0.9615578236024844,1.19
17.04,16.521480966965008,85,1.2905457727417762,125,2450,0.9615578236024844,1.19
14.97,16.521480966965008,85,1.2905457727417762,125,2450,0.9615578236024844,1.19
48.31,16.534176627667414,85.125,1.3032414334441818,125,2450,0.9617339811504503,1.19175
14.685,16.534176627667414,85.125,1.3032414334441818,125,2450,0.9617339811504503,1.19175
22.91,16.534176627667414,85.125,1.3032414334441818,125,2450,0.9617339811504503,1.19175
24.905,16.534176627667414,85.125,1.3032414334441818,125,2450,0.9617339811504503,1.19175
13.14,16.538709867022035,85.25,1.3077746727988036,125,2450,0.961910916434534,1.1935
11.4,16.538709867022035,85.25,1.3077746727988036,125,2450,0.961910916434534,1.1935
15.375,16.538709867022035,85.25,1.3077746727988036,125,2450,0.961910916434534,1.1935
20.405,16.538709867022035,85.25,1.3077746727988036,125,2450,0.961910916434534,1.1935
14.685,16.543374931773485,85.5,1.3124397375502532,125,2450,0.9622671293575153,1.197
13.895,16.543374931773485,85.5,1.3124397375502532,125,2450,0.9622671293575153,1.197
14.575,16.54165203732429,85.625,1.3107168431010585,125,2450,0.9624464115780278,1.19875
18.945,16.54636815164327,85.875,1.3154329574200396,125,2450,0.9628073390162887,1.20225
12.23,16.54636815164327,85.875,1.3154329574200396,125,2450,0.9628073390162887,1.20225
14.355,16.54636815164327,85.875,1.3154329574200396,125,2450,0.9628073390162887,1.20225
20.005000000000003,16.54636815164327,85.875,1.3154329574200396,125,2450,0.9628073390162887,1.20225
21.994999999999997,16.54636815164327,85.875,1.3154329574200396,125,2450,0.9628073390162887,1.20225
11.71,16.547545292480642,86,1.31661009825741,125,2450,0.9629889888357761,1.204
16.685,16.547545292480642,86,1.31661009825741,125,2450,0.9629889888357761,1.204
13.715,16.547545292480642,86,1.31661009825741,125,2450,0.9629889888357761,1.204
17.775,16.547545292480642,86,1.31661009825741,125,2450,0.9629889888357761,1.204
10.535,16.547545292480642,86,1.31661009825741,125,2450,0.9629889888357761,1.204
15.81,16.547545292480642,86,1.31661009825741,125,2450,0.9629889888357761,1.204
7.955000000000001,16.547082088293777,86.125,1.3161468940705454,125,2450,0.9631714324622515,1.20575
13.78,16.563657631493093,86.25,1.3327224372698616,125,2450,0.9633546722049688,1.2075
11.96,16.563657631493093,86.25,1.3327224372698616,125,2450,0.9633546722049688,1.2075
15.565,16.563657631493093,86.25,1.3327224372698616,125,2450,0.9633546722049688,1.2075
14.575,16.563657631493093,86.25,1.3327224372698616,125,2450,0.9633546722049688,1.2075
19.095,16.563657631493093,86.25,1.3327224372698616,125,2450,0.9633546722049688,1.2075
16.53,16.563657631493093,86.25,1.3327224372698616,125,2450,0.9633546722049688,1.2075
17.305,16.563657631493093,86.25,1.3327224372698616,125,2450,0.9633546722049688,1.2075
25.03,16.563657631493093,86.25,1.3327224372698616,125,2450,0.9633546722049688,1.2075
9.4,16.563065225947042,86.375,1.3321300317238105,125,2450,0.9635387103765372,1.20925
13.66,16.563065225947042,86.375,1.3321300317238105,125,2450,0.9635387103765372,1.20925
13.3,16.563065225947042,86.375,1.3321300317238105,125,2450,0.9635387103765372,1.20925
15.185,16.563065225947042,86.375,1.3321300317238105,125,2450,0.9635387103765372,1.20925
15.03,16.563065225947042,86.375,1.3321300317238105,125,2450,0.9635387103765372,1.20925
32.61,16.66355530419397,86.5,1.4326201099707383,125,2450,0.9637235492929191,1.211
18.02,16.66355530419397,86.5,1.4326201099707383,125,2450,0.9637235492929191,1.211
16.17,16.69097097539126,86.625,1.4600357811680276,125,2450,0.9639091912734314,1.21275
25.295,16.69097097539126,86.625,1.4600357811680276,125,2450,0.9639091912734314,1.21275
18.37,16.691265126612628,86.75,1.4603299323893957,125,2450,0.9640956386407452,1.2145000000000001
22.869999999999997,16.691601748250303,86.875,1.4606665540270711,125,2450,0.9642828937208849,1.21625
12.155,16.691601748250303,86.875,1.4606665540270711,125,2450,0.9642828937208849,1.21625
28.31,16.691601748250303,86.875,1.4606665540270711,125,2450,0.9642828937208849,1.21625
15.225,16.689395087524137,87,1.4584598933009048,125,2450,0.9644709588432298,1.218
20.835,16.689395087524137,87,1.4584598933009048,125,2450,0.9644709588432298,1.218
16.155,16.689395087524137,87,1.4584598933009048,125,2450,0.9644709588432298,1.218
16.75,16.689395087524137,87,1.4584598933009048,125,2450,0.9644709588432298,1.218
10.86,16.689395087524137,87,1.4584598933009048,125,2450,0.9644709588432298,1.218
18.335,16.689395087524137,87,1.4584598933009048,125,2450,0.9644709588432298,1.218
17.165,16.69023751885196,87.125,1.4593023246287267,125,2450,0.9646598363405124,1.2197500000000001
10.695,16.6910621771544,87.25,1.4601269829311683,125,2450,0.9648495285488198,1.2215
14.805,16.6910621771544,87.25,1.4601269829311683,125,2450,0.9648495285488198,1.2215
19.075,16.6910621771544,87.25,1.4601269829311683,125,2450,0.9648495285488198,1.2215
17.21,16.6910621771544,87.25,1.4601269829311683,125,2450,0.9648495285488198,1.2215
21.835,16.6910621771544,87.25,1.4601269829311683,125,2450,0.9648495285488198,1.2215
13.68,16.69043098584654,87.375,1.4594957916233078,125,2450,0.9650400378075932,1.22325
16.32,16.69043098584654,87.375,1.4594957916233078,125,2450,0.9650400378075932,1.22325
16.36,16.69184224166823,87.5,1.4609070474449979,125,2450,0.965231366459627,1.225
13.565,16.69184224166823,87.5,1.4609070474449979,125,2450,0.965231366459627,1.225
13.095,16.69184224166823,87.5,1.4609070474449979,125,2450,0.965231366459627,1.225
16.66,16.69184224166823,87.5,1.4609070474449979,125,2450,0.965231366459627,1.225
14.91,16.69467863126998,87.625,1.4637434370467481,125,2450,0.9654235168510713,1.22675
13.02,16.69467863126998,87.625,1.4637434370467481,125,2450,0.9654235168510713,1.22675
15.71,16.69467863126998,87.625,1.4637434370467481,125,2450,0.9654235168510713,1.22675
15.35,16.69467863126998,87.625,1.4637434370467481,125,2450,0.9654235168510713,1.22675
17.15,16.697155453340123,87.75,1.4662202591168914,125,2450,0.9656164913314285,1.2285
15.22,16.697155453340123,87.75,1.4662202591168914,125,2450,0.9656164913314285,1.2285
37.23,16.701896309722596,87.875,1.4709611154993638,125,2450,0.9658102922535556,1.23025
12.905,16.701896309722596,87.875,1.4709611154993638,125,2450,0.9658102922535556,1.23025
19.615,16.701896309722596,87.875,1.4709611154993638,125,2450,0.9658102922535556,1.23025
28.1,16.701896309722596,87.875,1.4709611154993638,125,2450,0.9658102922535556,1.23025
12.825,16.70495215065977,88,1.4740169564365395,125,2450,0.9660049219736645,1.232
32.985,16.70495215065977,88,1.4740169564365395,125,2450,0.9660049219736645,1.232
17.89,16.707885590803293,88.125,1.4769503965800617,125,2450,0.9662003828513197,1.2337500000000001
15.115,16.707655042495148,88.25,1.476719848271916,125,2450,0.966396677249441,1.2355
15.065,16.707655042495148,88.25,1.476719848271916,125,2450,0.966396677249441,1.2355
14.12,16.707655042495148,88.25,1.476719848271916,125,2450,0.966396677249441,1.2355
24.735,16.71646327483998,88.375,1.4855280806167492,125,2450,0.9665938075343012,1.23725
21.075,16.71646327483998,88.375,1.4855280806167492,125,2450,0.9665938075343012,1.23725
22.205,16.71646327483998,88.375,1.4855280806167492,125,2450,0.9665938075343012,1.23725
11.38,16.71646327483998,88.375,1.4855280806167492,125,2450,0.9665938075343012,1.23725
17.735,16.71646327483998,88.375,1.4855280806167492,125,2450,0.9665938075343012,1.23725
13.51,16.718051539144707,88.48214285714286,1.4871163449214748,125,2450,0.9667634434436324,1.23875
15.72,16.717982869341455,88.5,1.4870476751182231,125,2450,0.966791776075528,1.239
19.285000000000004,16.717982869341455,88.5,1.4870476751182231,125,2450,0.966791776075528,1.239
13.185,16.717982869341455,88.5,1.4870476751182231,125,2450,0.966791776075528,1.239
8.205,16.720023878513587,88.625,1.4890886842903548,125,2450,0.9669905852461024,1.24075
13.830000000000002,16.720023878513587,88.625,1.4890886842903548,125,2450,0.9669905852461024,1.24075
10.745,16.720023878513587,88.625,1.4890886842903548,125,2450,0.9669905852461024,1.24075
20.95,16.720023878513587,88.625,1.4890886842903548,125,2450,0.9669905852461024,1.24075
13.515,16.720023878513587,88.625,1.4890886842903548,125,2450,0.9669905852461024,1.24075
15.955,16.720023878513587,88.625,1.4890886842903548,125,2450,0.9669905852461024,1.24075
20.1,16.74385972075767,88.75,1.5129245265344373,125,2450,0.9671902374223601,1.2425
9.985,16.77823401753826,88.875,1.5472988233150282,125,2450,0.9673907349839906,1.24425
13.63,16.77823401753826,88.875,1.5472988233150282,125,2450,0.9673907349839906,1.24425
27.3,16.77823401753826,88.875,1.5472988233150282,125,2450,0.9673907349839906,1.24425
16.005,16.77823401753826,88.875,1.5472988233150282,125,2450,0.9673907349839906,1.24425
13.11,16.77823401753826,88.875,1.5472988233150282,125,2450,0.9673907349839906,1.24425
14.835,16.84171514409467,89.125,1.6107799498714392,125,2450,0.9677942757988974,1.2477500000000001
19.15,16.84171514409467,89.125,1.6107799498714392,125,2450,0.9677942757988974,1.2477500000000001
13.03,16.86542323899331,89.25,1.6344880447700767,125,2450,0.967997323828323,1.2495
14.585,16.86542323899331,89.25,1.6344880447700767,125,2450,0.967997323828323,1.2495
22.335,16.86542323899331,89.25,1.6344880447700767,125,2450,0.967997323828323,1.2495
16.71,16.86542323899331,89.25,1.6344880447700767,125,2450,0.967997323828323,1.2495
12.35,16.86542323899331,89.25,1.6344880447700767,125,2450,0.967997323828323,1.2495
14.005,16.888113865291732,89.375,1.6571786710685004,125,2450,0.968201226795419,1.25125
14.135000000000002,16.888113865291732,89.375,1.6571786710685004,125,2450,0.968201226795419,1.25125
11.945,16.888113865291732,89.375,1.6571786710685004,125,2450,0.968201226795419,1.25125
18.64,16.888113865291732,89.375,1.6571786710685004,125,2450,0.968201226795419,1.25125
24.674999999999997,16.894262002944995,89.5,1.663326808721763,125,2450,0.9684059870966458,1.2530000000000001
29.950000000000003,16.908109434866866,89.625,1.6771742406436339,125,2450,0.9686116071318167,1.25475
14.055,16.91002391412264,89.75,1.6790887198994078,125,2450,0.9688180893040992,1.2565
17.455,16.91002391412264,89.75,1.6790887198994078,125,2450,0.9688180893040992,1.2565
23.565,16.91002391412264,89.75,1.6790887198994078,125,2450,0.9688180893040992,1.2565
21.9,16.914995853339445,89.875,1.6840606591162128,125,2450,0.9690254360200153,1.25825
19.305,16.914995853339445,89.875,1.6840606591162128,125,2450,0.9690254360200153,1.25825
13.995,16.914995853339445,89.875,1.6840606591162128,125,2450,0.9690254360200153,1.25825
17.14,16.92514786633726,90,1.694212672114027,125,2450,0.969233649689441,1.26
12.13,16.92514786633726,90,1.694212672114027,125,2450,0.969233649689441,1.26
14.78,16.92514786633726,90,1.694212672114027,125,2450,0.969233649689441,1.26
13.115,16.94093143075604,90.125,1.7099962365328096,125,2450,0.9694427327256053,1.26175
16.035,16.94093143075604,90.125,1.7099962365328096,125,2450,0.9694427327256053,1.26175
16.195,16.949288567316255,90.25,1.7183533730930236,125,2450,0.969652687545093,1.2635
46.91,16.949288567316255,90.25,1.7183533730930236,125,2450,0.969652687545093,1.2635
17.02,16.959409190593508,90.5,1.7284739963702762,125,2450,0.9700752222171428,1.2670000000000001
19.33,16.959409190593508,90.5,1.7284739963702762,125,2450,0.9700752222171428,1.2670000000000001
15.2,16.95934775703206,90.53125,1.7284125628088276,125,2450,0.9701282858866658,1.2674375
17.265,16.959462132685516,90.59375,1.7285269384622843,125,2450,0.9702345781999471,1.2683125
9.735,16.959462132685516,90.625,1.7285269384622843,125,2450,0.9702878069196428,1.26875
15.15,16.959462132685516,90.625,1.7285269384622843,125,2450,0.9702878069196428,1.26875
15.97,16.959462132685516,90.625,1.7285269384622843,125,2450,0.9702878069196428,1.26875
17.155,16.959462132685516,90.625,1.7285269384622843,125,2450,0.9702878069196428,1.26875
13.420000000000002,16.959462132685516,90.625,1.7285269384622843,125,2450,0.9702878069196428,1.26875
15.565,16.977458238568985,90.75,1.7465230443457536,125,2450,0.9705012731053415,1.2705
17.175,16.977458238568985,90.75,1.7465230443457536,125,2450,0.9705012731053415,1.2705
16.35,16.977273584900132,90.875,1.7463383906769003,125,2450,0.970715623207593,1.27225
13.56,16.977273584900132,90.875,1.7463383906769003,125,2450,0.970715623207593,1.27225
15.465,16.977273584900132,90.875,1.7463383906769003,125,2450,0.970715623207593,1.27225
15.815,16.987019561874757,91,1.7560843676515248,125,2450,0.9709308596631055,1.274
21.065,16.987019561874757,91,1.7560843676515248,125,2450,0.9709308596631055,1.274
16.185000000000002,16.987019561874757,91,1.7560843676515248,125,2450,0.9709308596631055,1.274
16.31,16.991229341838636,91.125,1.7602941476154044,125,2450,0.9711469849119407,1.27575
12.065,16.991229341838636,91.125,1.7602941476154044,125,2450,0.9711469849119407,1.27575
19.595,16.991229341838636,91.125,1.7602941476154044,125,2450,0.9711469849119407,1.27575
22.15,16.991229341838636,91.125,1.7602941476154044,125,2450,0.9711469849119407,1.27575
10.595,16.99144985402854,91.1875,1.7605146598053096,125,2450,0.9712553815972914,1.2766250000000001
19.335,16.99446433720505,91.25,1.7635291429818167,125,2450,0.9713640013975154,1.2775
19.475,16.99446433720505,91.25,1.7635291429818167,125,2450,0.9713640013975154,1.2775
12.085,16.99446433720505,91.25,1.7635291429818167,125,2450,0.9713640013975154,1.2775
16.92,17.00024540768314,91.375,1.7693102134599066,125,2450,0.9715819115665991,1.27925
15.255,17.00024540768314,91.375,1.7693102134599066,125,2450,0.9715819115665991,1.27925
29.25,17.002893548069032,91.40625,1.7719583538458004,125,2450,0.9716365290339688,1.2796875
13.81,17.010593448642037,91.5,1.7796582544188055,125,2450,0.9718007178693165,1.281
16.565,17.010593448642037,91.5,1.7796582544188055,125,2450,0.9718007178693165,1.281
11.75,17.01347299407498,91.625,1.7825377998517489,125,2450,0.9720204227591458,1.28275
15.66,17.01347299407498,91.625,1.7825377998517489,125,2450,0.9720204227591458,1.28275
16,17.01347299407498,91.625,1.7825377998517489,125,2450,0.9720204227591458,1.28275
35.629999999999995,17.01347299407498,91.625,1.7825377998517489,125,2450,0.9720204227591458,1.28275
21.07,17.01347299407498,91.625,1.7825377998517489,125,2450,0.9720204227591458,1.28275
15.59,17.00584065399324,91.75,1.7749054597700074,125,2450,0.9722410286929192,1.2845
11.38,17.00584065399324,91.75,1.7749054597700074,125,2450,0.9722410286929192,1.2845
16.785,17.00584065399324,91.75,1.7749054597700074,125,2450,0.9722410286929192,1.2845
13.435,17.00584065399324,91.75,1.7749054597700074,125,2450,0.9722410286929192,1.2845
23.455,17.00584065399324,91.75,1.7749054597700074,125,2450,0.9722410286929192,1.2845
23,17.00584065399324,91.75,1.7749054597700074,125,2450,0.9722410286929192,1.2845
15.2,16.999938444127256,91.875,1.7690032499040242,125,2450,0.972462538130823,1.2862500000000001
17.560000000000002,16.999938444127256,91.875,1.7690032499040242,125,2450,0.972462538130823,1.2862500000000001
18.06,16.999938444127256,91.875,1.7690032499040242,125,2450,0.972462538130823,1.2862500000000001
17.630000000000003,16.999938444127256,91.875,1.7690032499040242,125,2450,0.972462538130823,1.2862500000000001
17.384999999999998,16.999938444127256,91.875,1.7690032499040242,125,2450,0.972462538130823,1.2862500000000001
16.545,16.999938444127256,91.875,1.7690032499040242,125,2450,0.972462538130823,1.2862500000000001
12.545000000000002,16.998817595705056,92,1.767882401481824,125,2450,0.9726849535363974,1.288
16.52,16.998817595705056,92,1.767882401481824,125,2450,0.9726849535363974,1.288
11.87,16.998817595705056,92,1.767882401481824,125,2450,0.9726849535363974,1.288
15.77,16.999190281999134,92.125,1.768255087775902,125,2450,0.9729082773765372,1.28975
16.97,16.999190281999134,92.125,1.768255087775902,125,2450,0.9729082773765372,1.28975
17.310000000000002,16.999705350790123,92.25,1.768770156566891,125,2450,0.9731325121214905,1.2915
18.165,16.999705350790123,92.25,1.768770156566891,125,2450,0.9731325121214905,1.2915
12.63,16.999705350790123,92.25,1.768770156566891,125,2450,0.9731325121214905,1.2915
19.375,16.999705350790123,92.25,1.768770156566891,125,2450,0.9731325121214905,1.2915
17.035,16.999705350790123,92.25,1.768770156566891,125,2450,0.9731325121214905,1.2915
15.12,17.000972291907885,92.375,1.7700370976846536,125,2450,0.9733576602448601,1.29325
17.495,17.000972291907885,92.375,1.7700370976846536,125,2450,0.9733576602448601,1.29325
12.35,17.000972291907885,92.375,1.7700370976846536,125,2450,0.9733576602448601,1.29325
14.325,17.001382955699352,92.5,1.7704477614761203,125,2450,0.9735837242236024,1.295
15.235,17.001382955699352,92.5,1.7704477614761203,125,2450,0.9735837242236024,1.295
17.645,17.001382955699352,92.5,1.7704477614761203,125,2450,0.9735837242236024,1.295
16.130000000000003,17.001382955699352,92.5,1.7704477614761203,125,2450,0.9735837242236024,1.295
14.785,16.99991161172064,92.625,1.7689764174974094,125,2450,0.9738107065380279,1.29675
14.21,16.99991161172064,92.625,1.7689764174974094,125,2450,0.9738107065380279,1.29675
18.855,16.99991161172064,92.625,1.7689764174974094,125,2450,0.9738107065380279,1.29675
20.42,16.99991161172064,92.625,1.7689764174974094,125,2450,0.9738107065380279,1.29675
18.295,16.99991161172064,92.625,1.7689764174974094,125,2450,0.9738107065380279,1.29675
10.93,17.001600448095513,92.75,1.7706652538722807,125,2450,0.9740386096718011,1.2985
17.5,17.001600448095513,92.75,1.7706652538722807,125,2450,0.9740386096718011,1.2985
27.695,17.001600448095513,92.75,1.7706652538722807,125,2450,0.9740386096718011,1.2985
13.79,17.000852300937446,92.875,1.7699171067142139,125,2450,0.9742674361119409,1.3002500000000001
16.15,17.000852300937446,92.875,1.7699171067142139,125,2450,0.9742674361119409,1.3002500000000001
19.78,17.000852300937446,92.875,1.7699171067142139,125,2450,0.9742674361119409,1.3002500000000001
12.125,17.00172437238978,92.90625,1.7707891781665488,125,2450,0.9743247872803624,1.3006875
21.355,17.001926395011203,93,1.7709912007879716,125,2450,0.9744971883488197,1.302
18.47,17.001926395011203,93,1.7709912007879716,125,2450,0.9744971883488197,1.302
15.765,17.001926395011203,93,1.7709912007879716,125,2450,0.9744971883488197,1.302
14.775,17.00113800512431,93.125,1.770202810901079,125,2450,0.9747278688761645,1.30375
14.55,17.00113800512431,93.125,1.770202810901079,125,2450,0.9747278688761645,1.30375
19.705,17.002768554145316,93.25,1.7718333599220841,125,2450,0.9749594801910556,1.3055
11.295,17.002768554145316,93.25,1.7718333599220841,125,2450,0.9749594801910556,1.3055
13.69,17.002768554145316,93.25,1.7718333599220841,125,2450,0.9749594801910556,1.3055
17.9,17.000572577527123,93.375,1.7696373833038912,125,2450,0.9751920247939283,1.30725
16.61,17.000572577527123,93.375,1.7696373833038912,125,2450,0.9751920247939283,1.30725
15.815,17.000572577527123,93.375,1.7696373833038912,125,2450,0.9751920247939283,1.30725
15.86,17.001479019880513,93.41666666666669,1.7705438256572812,125,2450,0.9752697474915388,1.3078333333333336
15.420000000000002,17.000197308184855,93.5,1.7692621139616236,125,2450,0.9754255051885713,1.309
9.010000000000002,17.000197308184855,93.5,1.7692621139616236,125,2450,0.9754255051885713,1.309
13.24,17.000197308184855,93.5,1.7692621139616236,125,2450,0.9754255051885713,1.309
17.439999999999998,17.000197308184855,93.5,1.7692621139616236,125,2450,0.9754255051885713,1.309
12.54,17.00092306369764,93.625,1.7699878694744093,125,2450,0.9756599238821272,1.31075
16.585,17.00092306369764,93.625,1.7699878694744093,125,2450,0.9756599238821272,1.31075
14.16,17.00139682082624,93.75,1.7704616266030087,125,2450,0.9758952833850929,1.3125
10.02,17.006850272850762,93.875,1.7759150786275306,125,2450,0.9761315862113198,1.31425
15.935,17.006850272850762,93.875,1.7759150786275306,125,2450,0.9761315862113198,1.31425
20.805,17.006850272850762,93.875,1.7759150786275306,125,2450,0.9761315862113198,1.31425
13.94,17.006850272850762,93.875,1.7759150786275306,125,2450,0.9761315862113198,1.31425
17.89,17.006850272850762,93.875,1.7759150786275306,125,2450,0.9761315862113198,1.31425
23.055,17.009210808683857,94,1.7782756144606253,125,2450,0.9763688348780122,1.316
16.29,17.01238420878841,94.125,1.7814490145651796,125,2450,0.9766070319057297,1.31775
19.869999999999997,17.01238420878841,94.125,1.7814490145651796,125,2450,0.9766070319057297,1.31775
15.325,17.012887619229435,94.25,1.781952425006203,125,2450,0.9768461798183848,1.3195000000000001
11.435,17.012887619229435,94.25,1.781952425006203,125,2450,0.9768461798183848,1.3195000000000001
20.75,17.012887619229435,94.25,1.781952425006203,125,2450,0.9768461798183848,1.3195000000000001
18.18,17.012887619229435,94.25,1.781952425006203,125,2450,0.9768461798183848,1.3195000000000001
15.760000000000002,17.017125176377043,94.375,1.786189982153811,125,2450,0.97708628114324525,1.32125
16.01,17.016602817523324,94.5,1.7856676233000925,125,2450,0.9773273384109317,1.323
20.340000000000003,17.016602817523324,94.5,1.7856676233000925,125,2450,0.9773273384109317,1.323
15.405,17.016602817523324,94.5,1.7856676233000925,125,2450,0.9773273384109317,1.323
12.69,17.016602817523324,94.5,1.7856676233000925,125,2450,0.9773273384109317,1.323
15.545,17.016602817523324,94.5,1.7856676233000925,125,2450,0.9773273384109317,1.323
15.885,17.01693798076826,94.625,1.7860027865450299,125,2450,0.9775693541554192,1.32475
20.815,17.01693798076826,94.625,1.7860027865450299,125,2450,0.9775693541554192,1.32475
16.715,17.01693798076826,94.625,1.7860027865450299,125,2450,0.9775693541554192,1.32475
13.65,17.01693798076826,94.625,1.7860027865450299,125,2450,0.9775693541554192,1.32475
16.85,17.01711687037001,94.75,1.7861816761467786,125,2450,0.9778123309140372,1.3265
12.74,17.01711687037001,94.75,1.7861816761467786,125,2450,0.9778123309140372,1.3265
23.08,17.01711687037001,94.75,1.7861816761467786,125,2450,0.9778123309140372,1.3265
13.555,17.01711687037001,94.75,1.7861816761467786,125,2450,0.9778123309140372,1.3265
13.125,17.01822448181379,94.875,1.787289287590557,125,2450,0.9780562712274689,1.32825
13.81,17.01822448181379,94.875,1.787289287590557,125,2450,0.9780562712274689,1.32825
15.53,17.01822448181379,94.875,1.787289287590557,125,2450,0.9780562712274689,1.32825
16.465,17.01822448181379,94.875,1.787289287590557,125,2450,0.9780562712274689,1.32825
15.405,17.03967340004875,95,1.8087382058255166,125,2450,0.9783011776397513,1.33
18.05,17.03967340004875,95,1.8087382058255166,125,2450,0.9783011776397513,1.33
14.46,17.03967340004875,95,1.8087382058255166,125,2450,0.9783011776397513,1.33
13.14,17.03967340004875,95,1.8087382058255166,125,2450,0.9783011776397513,1.33
19.145000000000003,17.03967340004875,95,1.8087382058255166,125,2450,0.9783011776397513,1.33
15.58,17.03967340004875,95,1.8087382058255166,125,2450,0.9783011776397513,1.33
15.83,17.03967340004875,95,1.8087382058255166,125,2450,0.9783011776397513,1.33
19.265,17.042315020023086,95.125,1.811379825799854,125,2450,0.9785470526982762,1.33175
12.03,17.042315020023086,95.125,1.811379825799854,125,2450,0.9785470526982762,1.33175
23.92,17.042315020023086,95.125,1.811379825799854,125,2450,0.9785470526982762,1.33175
15.445,17.042315020023086,95.125,1.811379825799854,125,2450,0.9785470526982762,1.33175
16.07,17.042315020023086,95.125,1.811379825799854,125,2450,0.9785470526982762,1.33175
21.185,17.042315020023086,95.125,1.811379825799854,125,2450,0.9785470526982762,1.33175
26.92,17.042315020023086,95.125,1.811379825799854,125,2450,0.9785470526982762,1.33175
34.725,17.044330033448613,95.25,1.8133948392253814,125,2450,0.9787938989537885,1.3335000000000001
20.735,17.044330033448613,95.25,1.8133948392253814,125,2450,0.9787938989537885,1.3335000000000001
16.810000000000002,17.044330033448613,95.25,1.8133948392253814,125,2450,0.9787938989537885,1.3335000000000001
13.705,17.044062859938492,95.375,1.8131276657152604,125,2450,0.9790417189603882,1.33525
14.47,17.044062859938492,95.375,1.8131276657152604,125,2450,0.9790417189603882,1.33525
16.6,17.044062859938492,95.375,1.8131276657152604,125,2450,0.9790417189603882,1.33525
13.475,17.044062859938492,95.375,1.8131276657152604,125,2450,0.9790417189603882,1.33525
45.385,17.044062859938492,95.375,1.8131276657152604,125,2450,0.9790417189603882,1.33525
13.68,17.044290094279333,95.5,1.8133549000561011,125,2450,0.9792905152755278,1.337
10.64,17.044290094279333,95.5,1.8133549000561011,125,2450,0.9792905152755278,1.337
11.94,17.044290094279333,95.5,1.8133549000561011,125,2450,0.9792905152755278,1.337
10.205000000000002,17.044290094279333,95.5,1.8133549000561011,125,2450,0.9792905152755278,1.337
21.25,17.044290094279333,95.5,1.8133549000561011,125,2450,0.9792905152755278,1.337
14.4,17.044290094279333,95.5,1.8133549000561011,125,2450,0.9792905152755278,1.337
13.71,17.04900562393431,95.625,1.818070429711078,125,2450,0.9795402904600156,1.33875
19.630000000000003,17.04900562393431,95.625,1.818070429711078,125,2450,0.9795402904600156,1.33875
16.72,17.04900562393431,95.625,1.818070429711078,125,2450,0.9795402904600156,1.33875
12.205,17.048780289840593,95.75,1.8178450956173613,125,2450,0.9797910470780123,1.3405
13.66,17.048780289840593,95.75,1.8178450956173613,125,2450,0.9797910470780123,1.3405
13.31,17.048780289840593,95.75,1.8178450956173613,125,2450,0.9797910470780123,1.3405
12.79,17.051697595111005,95.875,1.820762400887773,125,2450,0.9800427876970341,1.34225
11.495,17.051697595111005,95.875,1.820762400887773,125,2450,0.9800427876970341,1.34225
13.57,17.051697595111005,95.875,1.820762400887773,125,2450,0.9800427876970341,1.34225
14.38,17.051697595111005,95.875,1.820762400887773,125,2450,0.9800427876970341,1.34225
20.135,17.051697595111005,95.875,1.820762400887773,125,2450,0.9800427876970341,1.34225
17.945,17.058080545163282,96,1.8271453509400502,125,2450,0.9802955148879501,1.344
12.075,17.065967538082205,96.125,1.8350323438589733,125,2450,0.9805492312249844,1.34575
23.51,17.065967538082205,96.125,1.8350323438589733,125,2450,0.9805492312249844,1.34575
23.4,17.065967538082205,96.125,1.8350323438589733,125,2450,0.9805492312249844,1.34575
11.69,17.065852561250153,96.25,1.8349173670269217,125,2450,0.9808039392857142,1.3475
13.085,17.065852561250153,96.25,1.8349173670269217,125,2450,0.9808039392857142,1.3475
13.945,17.065852561250153,96.25,1.8349173670269217,125,2450,0.9808039392857142,1.3475
16.86,17.065852561250153,96.25,1.8349173670269217,125,2450,0.9808039392857142,1.3475
15.55,17.074594250728342,96.375,1.8436590565051105,125,2450,0.9810596416510714,1.34925
16.490000000000002,17.074594250728342,96.375,1.8436590565051105,125,2450,0.9810596416510714,1.34925
15.98,17.074594250728342,96.375,1.8436590565051105,125,2450,0.9810596416510714,1.34925
16.1,17.074594250728342,96.375,1.8436590565051105,125,2450,0.9810596416510714,1.34925
13.57,17.074594250728342,96.375,1.8436590565051105,125,2450,0.9810596416510714,1.34925
13.645,17.074594250728342,96.375,1.8436590565051105,125,2450,0.9810596416510714,1.34925
16.535,17.074594250728342,96.375,1.8436590565051105,125,2450,0.9810596416510714,1.34925
24.035,17.074594250728342,96.375,1.8436590565051105,125,2450,0.9810596416510714,1.34925
23.595,17.08111181982484,96.5,1.850176625601609,125,2450,0.9813163409053415,1.351
28.39,17.08111181982484,96.5,1.850176625601609,125,2450,0.9813163409053415,1.351
16.445,17.08111181982484,96.5,1.850176625601609,125,2450,0.9813163409053415,1.351
12.815,17.08543073318859,96.625,1.8544955389653595,125,2450,0.9815740396361645,1.3527500000000001
13.465,17.108046098410526,96.75,1.877110904187294,125,2450,0.9818327404345342,1.3545
14.53,17.108046098410526,96.75,1.877110904187294,125,2450,0.9818327404345342,1.3545
17.035,17.108046098410526,96.75,1.877110904187294,125,2450,0.9818327404345342,1.3545
17.55,17.108046098410526,96.75,1.877110904187294,125,2450,0.9818327404345342,1.3545
17.53,17.108046098410526,96.75,1.877110904187294,125,2450,0.9818327404345342,1.3545
16.43,17.108046098410526,96.75,1.877110904187294,125,2450,0.9818327404345342,1.3545
24.51,17.122679866944885,96.875,1.8917446727216536,125,2450,0.9820924458947982,1.35625
16.185000000000002,17.122679866944885,96.875,1.8917446727216536,125,2450,0.9820924458947982,1.35625
16.650000000000002,17.122679866944885,96.875,1.8917446727216536,125,2450,0.9820924458947982,1.35625
22.785,17.122679866944885,96.875,1.8917446727216536,125,2450,0.9820924458947982,1.35625
25.335,17.120865744000298,97,1.8899305497770662,125,2450,0.9823531586146582,1.358
10.48,17.120865744000298,97,1.8899305497770662,125,2450,0.9823531586146582,1.358
17.12,17.120865744000298,97,1.8899305497770662,125,2450,0.9823531586146582,1.358
16.835,17.120865744000298,97,1.8899305497770662,125,2450,0.9823531586146582,1.358
14.91,17.120865744000298,97,1.8899305497770662,125,2450,0.9823531586146582,1.358
18.26,17.127765895364238,97.125,1.8968307011410062,125,2450,0.9826148811951706,1.35975
19.380000000000003,17.127765895364238,97.125,1.8968307011410062,125,2450,0.9826148811951706,1.35975
24.65,17.127765895364238,97.125,1.8968307011410062,125,2450,0.9826148811951706,1.35975
23.73,17.127765895364238,97.125,1.8968307011410062,125,2450,0.9826148811951706,1.35975
13.010000000000002,17.127765895364238,97.125,1.8968307011410062,125,2450,0.9826148811951706,1.35975
19.025,17.132955489390472,97.25,1.9020202951672402,125,2450,0.9828776162407453,1.3615
19.045,17.132955489390472,97.25,1.9020202951672402,125,2450,0.9828776162407453,1.3615
17.855,17.132955489390472,97.25,1.9020202951672402,125,2450,0.9828776162407453,1.3615
27.375,17.132955489390472,97.25,1.9020202951672402,125,2450,0.9828776162407453,1.3615
19.18,17.135244816094207,97.375,1.9043096218709756,125,2450,0.9831413663591458,1.36325
17.61,17.135244816094207,97.375,1.9043096218709756,125,2450,0.9831413663591458,1.36325
16.98,17.13624058467609,97.4375,1.9053053904528596,125,2450,0.9832736228864992,1.364125
16.700000000000003,17.137375070228796,97.5,1.9064398760055639,125,2450,0.9834061341614906,1.365
45.03,17.137375070228796,97.5,1.9064398760055639,125,2450,0.9834061341614906,1.365
14.325,17.137375070228796,97.5,1.9064398760055639,125,2450,0.9834061341614906,1.365
32.275000000000006,17.137375070228796,97.5,1.9064398760055639,125,2450,0.9834061341614906,1.365
21.96,17.13542837528535,97.58333333333331,1.9044931810621186,125,2450,0.9835832127006485,1.3661666666666665
17.385,17.13542837528535,97.625,1.9044931810621186,125,2450,0.9836719222622514,1.3667500000000001
21.869999999999997,17.136112569278314,97.75,1.9051773750550822,125,2450,0.9839387332792544,1.3685
15.81,17.136112569278314,97.75,1.9051773750550822,125,2450,0.9839387332792544,1.3685
12.945,17.135010212681983,97.875,1.9040750184587516,125,2450,0.9842065698336802,1.37025
20.56,17.135010212681983,97.875,1.9040750184587516,125,2450,0.9842065698336802,1.37025
24.02,17.133451300862767,98,1.9025161066395349,125,2450,0.984475434550062,1.372
20.945,17.133011489295424,98.125,1.9020762950721917,125,2450,0.9847453300562887,1.37375
17.33,17.133011489295424,98.125,1.9020762950721917,125,2450,0.9847453300562887,1.37375
13.73,17.133011489295424,98.125,1.9020762950721917,125,2450,0.9847453300562887,1.37375
15.86,17.131368567876358,98.25,1.9004333736531258,125,2450,0.9850162589836023,1.3755
14.435,17.131368567876358,98.25,1.9004333736531258,125,2450,0.9850162589836023,1.3755
23.605,17.131368567876358,98.25,1.9004333736531258,125,2450,0.9850162589836023,1.3755
19.565,17.131368567876358,98.25,1.9004333736531258,125,2450,0.9850162589836023,1.3755
24.325,17.131926579472214,98.33333333333331,1.9009913852489824,125,2450,0.9851974536922012,1.3766666666666665
15.66,17.131926579472214,98.375,1.9009913852489824,125,2450,0.9852882239665993,1.37725
19.369999999999997,17.131926579472214,98.375,1.9009913852489824,125,2450,0.9852882239665993,1.37725
17.47,17.131926579472214,98.375,1.9009913852489824,125,2450,0.9852882239665993,1.37725
14.445,17.131926579472214,98.375,1.9009913852489824,125,2450,0.9852882239665993,1.37725
14.51,17.131926579472214,98.375,1.9009913852489824,125,2450,0.9852882239665993,1.37725
19.35,17.131926579472214,98.375,1.9009913852489824,125,2450,0.9852882239665993,1.37725
26.26,17.13362817794194,98.5,1.9026929837187083,125,2450,0.9855612276432297,1.379
13.13,17.13362817794194,98.5,1.9026929837187083,125,2450,0.9855612276432297,1.379
19.055,17.13389863215257,98.625,1.902963437929337,125,2450,0.9858352726547979,1.38075
16.47,17.13389863215257,98.625,1.902963437929337,125,2450,0.9858352726547979,1.38075
17.865000000000002,17.13389863215257,98.625,1.902963437929337,125,2450,0.9858352726547979,1.38075
14.69,17.13358321738686,98.75,1.9026480231636285,125,2450,0.9861103616459626,1.3825
14.755,17.13358321738686,98.75,1.9026480231636285,125,2450,0.9861103616459626,1.3825
18.75,17.13358321738686,98.75,1.9026480231636285,125,2450,0.9861103616459626,1.3825
14.67,17.13358321738686,98.75,1.9026480231636285,125,2450,0.9861103616459626,1.3825
16.67,17.133147520803835,98.79166666666669,1.902212326580603,125,2450,0.9862022904294012,1.3830833333333337
16.54,17.13349182552772,98.875,1.9025566313044884,125,2450,0.9863864972647359,1.38425
17.630000000000003,17.133443533500664,99,1.902508339277432,125,2450,0.9866636821624843,1.3860000000000001
15.68,17.133443533500664,99,1.902508339277432,125,2450,0.9866636821624843,1.3860000000000001
35.480000000000004,17.133443533500664,99,1.902508339277432,125,2450,0.9866636821624843,1.3860000000000001
24.19,17.133204581404858,99.125,1.9022693871816259,125,2450,0.9869419189939285,1.38775
29.555000000000003,17.133204581404858,99.125,1.9022693871816259,125,2450,0.9869419189939285,1.38775
15.795,17.133204581404858,99.125,1.9022693871816259,125,2450,0.9869419189939285,1.38775
14.53,17.130340580596947,99.25,1.899405386373715,125,2450,0.9872212104171428,1.3895
15.62,17.130340580596947,99.25,1.899405386373715,125,2450,0.9872212104171428,1.3895
16.665,17.130340580596947,99.25,1.899405386373715,125,2450,0.9872212104171428,1.3895
15.34,17.129897451022764,99.375,1.898962256799532,125,2450,0.9875015590935559,1.39125
16.700000000000003,17.132632434032935,99.5,1.9016972398097032,125,2450,0.9877829676879503,1.393
13.32,17.132632434032935,99.5,1.9016972398097032,125,2450,0.9877829676879503,1.393
16.310000000000002,17.132678176357807,99.625,1.901742982134575,125,2450,0.9880654388684628,1.39475
16.71,17.132678176357807,99.625,1.901742982134575,125,2450,0.9880654388684628,1.39475
13.765,17.133858226733246,99.75,1.9029230325100137,125,2450,0.9883489753065837,1.3965
13.08,17.133858226733246,99.75,1.9029230325100137,125,2450,0.9883489753065837,1.3965
19.605,17.133858226733246,99.75,1.9029230325100137,125,2450,0.9883489753065837,1.3965
21.205,17.133858226733246,99.75,1.9029230325100137,125,2450,0.9883489753065837,1.3965
18.91,17.133858226733246,99.75,1.9029230325100137,125,2450,0.9883489753065837,1.3965
18.39,17.133637236095474,99.875,1.9027020418722422,125,2450,0.9886335796771583,1.39825
15.47,17.133637236095474,99.875,1.9027020418722422,125,2450,0.9886335796771583,1.39825
13.87,17.133637236095474,99.875,1.9027020418722422,125,2450,0.9886335796771583,1.39825
20.955,17.133637236095474,99.875,1.9027020418722422,125,2450,0.9886335796771583,1.39825
19.42,17.133637236095474,99.875,1.9027020418722422,125,2450,0.9886335796771583,1.39825
18.715,17.133637236095474,99.875,1.9027020418722422,125,2450,0.9886335796771583,1.39825
16.94,17.133637236095474,99.875,1.9027020418722422,125,2450,0.9886335796771583,1.39825
14.725,17.13328004702124,100,1.9023448527980094,125,2450,0.9889192546583849,1.4000000000000001
13.75,17.13328004702124,100,1.9023448527980094,125,2450,0.9889192546583849,1.4000000000000001
31.08,17.133429948646562,100.125,1.90249475442333,125,2450,0.9892060029318166,1.40175
13.33,17.133429948646562,100.125,1.90249475442333,125,2450,0.9892060029318166,1.40175
11.72,17.133429948646562,100.125,1.90249475442333,125,2450,0.9892060029318166,1.40175
14.185,17.133429948646562,100.125,1.90249475442333,125,2450,0.9892060029318166,1.40175
15.915,17.133429948646562,100.125,1.90249475442333,125,2450,0.9892060029318166,1.40175
21.985,17.133429948646562,100.125,1.90249475442333,125,2450,0.9892060029318166,1.40175
19.11,17.130619418753966,100.375,1.8996842245307342,125,2450,0.9897827300982763,1.40525
19.14,17.130619418753966,100.375,1.8996842245307342,125,2450,0.9897827300982763,1.40525
18.875,17.131407346351153,100.5,1.9004721521279215,125,2450,0.9900727143711799,1.407
23.53,17.131407346351153,100.5,1.9004721521279215,125,2450,0.9900727143711799,1.407
15.18,17.131008260475287,100.625,1.9000730662520553,125,2450,0.9903637826960403,1.40875
18.455,17.131008260475287,100.625,1.9000730662520553,125,2450,0.9903637826960403,1.40875
16.72,17.131356116073615,100.75,1.9004209218503831,125,2450,0.9906559377711801,1.4105
20.73,17.131356116073615,100.75,1.9004209218503831,125,2450,0.9906559377711801,1.4105
17.925,17.131356116073615,100.75,1.9004209218503831,125,2450,0.9906559377711801,1.4105
23.145000000000003,17.13132873927958,100.875,1.9003935450563496,125,2450,0.9909491822982764,1.41225
15.47,17.128191773805767,101,1.8972565795825354,125,2450,0.9912435189823601,1.414
15.61,17.128191773805767,101,1.8972565795825354,125,2450,0.9912435189823601,1.414
14.275,17.125029351269887,101.0625,1.8940941570466556,125,2450,0.9913910977295117,1.414875
18.45,17.125601905566057,101.08333333333331,1.8946667113428255,125,2450,0.9914403515296342,1.4151666666666665
17.134999999999998,17.125601905566057,101.125,1.8946667113428255,125,2450,0.9915389505318166,1.41575
15.29,17.12515770385044,101.25,1.894222509627209,125,2450,0.9918354796583849,1.4175
18.105,17.12515770385044,101.25,1.894222509627209,125,2450,0.9918354796583849,1.4175
14.905,17.12515770385044,101.25,1.894222509627209,125,2450,0.9918354796583849,1.4175
17.56,17.12515770385044,101.25,1.894222509627209,125,2450,0.9918354796583849,1.4175
14.75,17.12481905733395,101.375,1.8938838631107195,125,2450,0.9921331090771583,1.4192500000000001
16.875,17.12481905733395,101.375,1.8938838631107195,125,2450,0.9921331090771583,1.4192500000000001
18.385,17.12481905733395,101.375,1.8938838631107195,125,2450,0.9921331090771583,1.4192500000000001
20.875,17.12481905733395,101.375,1.8938838631107195,125,2450,0.9921331090771583,1.4192500000000001
15.97,17.12481905733395,101.375,1.8938838631107195,125,2450,0.9921331090771583,1.4192500000000001
16.66,17.12441300705356,101.5,1.8934778128303265,125,2450,0.9924318415065838,1.421
11.765,17.12441300705356,101.5,1.8934778128303265,125,2450,0.9924318415065838,1.421
29.665,17.12468432798313,101.625,1.893749133759897,125,2450,0.9927316796684625,1.42275
11.68,17.12468432798313,101.625,1.893749133759897,125,2450,0.9927316796684625,1.42275
15.465,17.12468432798313,101.625,1.893749133759897,125,2450,0.9927316796684625,1.42275
15.55,17.12468432798313,101.625,1.893749133759897,125,2450,0.9927316796684625,1.42275
21.545,17.12468432798313,101.625,1.893749133759897,125,2450,0.9927316796684625,1.42275
17.51,17.12468432798313,101.625,1.893749133759897,125,2450,0.9927316796684625,1.42275
19.26,17.123751015203926,101.75,1.8928158209806938,125,2450,0.9930326262879502,1.4245
34.855,17.12457810673515,101.875,1.8936429125119183,125,2450,0.9933346840935557,1.42625
13.13,17.12457810673515,101.875,1.8936429125119183,125,2450,0.9933346840935557,1.42625
12.165,17.12457810673515,101.875,1.8936429125119183,125,2450,0.9933346840935557,1.42625
13.945,17.12457810673515,101.875,1.8936429125119183,125,2450,0.9933346840935557,1.42625
15.64,17.12457810673515,101.875,1.8936429125119183,125,2450,0.9933346840935557,1.42625
16.35,17.12457810673515,101.875,1.8936429125119183,125,2450,0.9933346840935557,1.42625
20.585,17.125360928710247,102,1.8944257344870152,125,2450,0.9936378558171426,1.428
13.91,17.125360928710247,102,1.8944257344870152,125,2450,0.9936378558171426,1.428
12.395,17.125425164880763,102.125,1.8944899706575313,125,2450,0.9939421441939285,1.42975
18.005000000000003,17.125425164880763,102.125,1.8944899706575313,125,2450,0.9939421441939285,1.42975
33.18,17.125425164880763,102.125,1.8944899706575313,125,2450,0.9939421441939285,1.42975
21.08,17.12576548341037,102.25,1.8948302891871371,125,2450,0.9942475519624844,1.4315
12.145,17.12576548341037,102.25,1.8948302891871371,125,2450,0.9942475519624844,1.4315
13.035,17.12576548341037,102.25,1.8948302891871371,125,2450,0.9942475519624844,1.4315
15.12,17.12576548341037,102.25,1.8948302891871371,125,2450,0.9942475519624844,1.4315
11.08,17.12576548341037,102.25,1.8948302891871371,125,2450,0.9942475519624844,1.4315
13.395,17.126037007861466,102.375,1.8951018136382345,125,2450,0.9945540818647359,1.4332500000000001
16.195,17.126037007861466,102.375,1.8951018136382345,125,2450,0.9945540818647359,1.4332500000000001
13.725,17.126037007861466,102.375,1.8951018136382345,125,2450,0.9945540818647359,1.4332500000000001
12.66,17.126037007861466,102.375,1.8951018136382345,125,2450,0.9945540818647359,1.4332500000000001
17.375,17.126037007861466,102.375,1.8951018136382345,125,2450,0.9945540818647359,1.4332500000000001
19.67,17.126803885178262,102.41666666666669,1.8958686909550302,125,2450,0.9946565083362594,1.4338333333333337
13.95,17.12743302309291,102.5,1.896497828869677,125,2450,0.9948617366459626,1.435
12.285,17.12743302309291,102.5,1.896497828869677,125,2450,0.9948617366459626,1.435
13.245,17.12743302309291,102.5,1.896497828869677,125,2450,0.9948617366459626,1.435
19.83,17.12743302309291,102.5,1.896497828869677,125,2450,0.9948617366459626,1.435
16.55,17.12743302309291,102.5,1.896497828869677,125,2450,0.9948617366459626,1.435
14.295,17.12691194667432,102.625,1.8959767524510873,125,2450,0.9951705190547978,1.43675
16.564999999999998,17.12691194667432,102.625,1.8959767524510873,125,2450,0.9951705190547978,1.43675
16.32,17.12691194667432,102.625,1.8959767524510873,125,2450,0.9951705190547978,1.43675
14.575,17.12691194667432,102.625,1.8959767524510873,125,2450,0.9951705190547978,1.43675
16.94,17.12691194667432,102.625,1.8959767524510873,125,2450,0.9951705190547978,1.43675
16.285,17.12691194667432,102.625,1.8959767524510873,125,2450,0.9951705190547978,1.43675
14.52,17.12691194667432,102.625,1.8959767524510873,125,2450,0.9951705190547978,1.43675
13.81,17.12627900874066,102.75,1.8953438145174282,125,2450,0.9954804318432295,1.4385000000000001
11.78,17.12627900874066,102.75,1.8953438145174282,125,2450,0.9954804318432295,1.4385000000000001
14.94,17.12627900874066,102.75,1.8953438145174282,125,2450,0.9954804318432295,1.4385000000000001
12.715,17.12627900874066,102.75,1.8953438145174282,125,2450,0.9954804318432295,1.4385000000000001
15.27,17.12627900874066,102.75,1.8953438145174282,125,2450,0.9954804318432295,1.4385000000000001
21.450000000000003,17.12627900874066,102.75,1.8953438145174282,125,2450,0.9954804318432295,1.4385000000000001
24.77,17.12627900874066,102.75,1.8953438145174282,125,2450,0.9954804318432295,1.4385000000000001
13.805,17.12627900874066,102.75,1.8953438145174282,125,2450,0.9954804318432295,1.4385000000000001
18.815,17.126064970626413,102.875,1.8951297764031807,125,2450,0.9957914777665993,1.44025
16.435000000000002,17.126064970626413,102.875,1.8951297764031807,125,2450,0.9957914777665993,1.44025
17.005,17.126064970626413,102.875,1.8951297764031807,125,2450,0.9957914777665993,1.44025
15.825,17.126481796854907,103.125,1.8955466026316756,125,2450,0.9964169800562886,1.44375
12.89,17.126481796854907,103.125,1.8955466026316756,125,2450,0.9964169800562886,1.44375
17.740000000000002,17.126481796854907,103.125,1.8955466026316756,125,2450,0.9964169800562886,1.44375
15.425,17.126481796854907,103.125,1.8955466026316756,125,2450,0.9964169800562886,1.44375
17.345,17.126481796854907,103.125,1.8955466026316756,125,2450,0.9964169800562886,1.44375
14.52,17.1265152045633,103.25,1.895580010340069,125,2450,0.9967314419500621,1.4455
15.84,17.1265152045633,103.25,1.895580010340069,125,2450,0.9967314419500621,1.4455
24.24,17.1265152045633,103.25,1.895580010340069,125,2450,0.9967314419500621,1.4455
15.685,17.1265152045633,103.25,1.895580010340069,125,2450,0.9967314419500621,1.4455
16.685000000000002,17.1265152045633,103.25,1.895580010340069,125,2450,0.9967314419500621,1.4455
17.245,17.126396953327678,103.375,1.895461759104446,125,2450,0.9970470480336799,1.44725
14.32,17.126396953327678,103.375,1.895461759104446,125,2450,0.9970470480336799,1.44725
20.27,17.126396953327678,103.375,1.895461759104446,125,2450,0.9970470480336799,1.44725
21.6,17.126396953327678,103.375,1.895461759104446,125,2450,0.9970470480336799,1.44725
18.5,17.126630099060023,103.5,1.895694904836791,125,2450,0.9973638010792545,1.449
10.2,17.126630099060023,103.5,1.895694904836791,125,2450,0.9973638010792545,1.449
12.905,17.126630099060023,103.5,1.895694904836791,125,2450,0.9973638010792545,1.449
15.385000000000002,17.126630099060023,103.5,1.895694904836791,125,2450,0.9973638010792545,1.449
14.58,17.127965596755107,103.625,1.8970304025318754,125,2450,0.9976817038622515,1.45075
16.505000000000003,17.127965596755107,103.625,1.8970304025318754,125,2450,0.9976817038622515,1.45075
15.22,17.127936344545244,103.66666666666669,1.897001150322012,125,2450,0.997787927433982,1.4513333333333336
19.51,17.128596265061354,103.75,1.8976610708381223,125,2450,0.9980007591614906,1.4525000000000001
29.345,17.128651166092624,103.875,1.897715971869392,125,2450,0.9983209697591456,1.45425
13.57,17.128651166092624,103.875,1.897715971869392,125,2450,0.9983209697591456,1.45425
22.44,17.128651166092624,103.875,1.897715971869392,125,2450,0.9983209697591456,1.45425
15.785,17.128651166092624,103.875,1.897715971869392,125,2450,0.9983209697591456,1.45425
12.56,17.129063595519487,104,1.8981284012962547,125,2450,0.9986423384407451,1.456
22.285000000000004,17.129063595519487,104,1.8981284012962547,125,2450,0.9986423384407451,1.456
19.605,17.129063595519487,104,1.8981284012962547,125,2450,0.9986423384407451,1.456
16.445,17.129063595519487,104,1.8981284012962547,125,2450,0.9986423384407451,1.456
17.115000000000002,17.128943516510837,104.125,1.8980083222876054,125,2450,0.9989648679951708,1.45775
21.525,17.128943516510837,104.125,1.8980083222876054,125,2450,0.9989648679951708,1.45775
18.445,17.128943516510837,104.125,1.8980083222876054,125,2450,0.9989648679951708,1.45775
19.92,17.128943516510837,104.125,1.8980083222876054,125,2450,0.9989648679951708,1.45775
19.905,17.128867261877247,104.25,1.8979320676540148,125,2450,0.9992885612146584,1.4595
11.945,17.128867261877247,104.25,1.8979320676540148,125,2450,0.9992885612146584,1.4595
10.875,17.128867261877247,104.25,1.8979320676540148,125,2450,0.9992885612146584,1.4595
12.64,17.128867261877247,104.25,1.8979320676540148,125,2450,0.9992885612146584,1.4595
18.53,17.128867261877247,104.25,1.8979320676540148,125,2450,0.9992885612146584,1.4595
20.35,17.128867261877247,104.25,1.8979320676540148,125,2450,0.9992885612146584,1.4595
34.644999999999996,17.128867261877247,104.25,1.8979320676540148,125,2450,0.9992885612146584,1.4595
19.795,17.129090174860803,104.375,1.898154980637571,125,2450,0.9996134208947979,1.46125
16.225,17.129090174860803,104.375,1.898154980637571,125,2450,0.9996134208947979,1.46125
18.335,17.129090174860803,104.375,1.898154980637571,125,2450,0.9996134208947979,1.46125
16.41,17.129168640548475,104.5,1.8982334463252428,125,2450,0.999939449834534,1.463
10.935,17.130911279674983,104.625,1.8999760854517511,125,2450,1.0002666508361646,1.46475
28.655,17.130911279674983,104.625,1.8999760854517511,125,2450,1.0002666508361646,1.46475
17.009999999999998,17.130911279674983,104.625,1.8999760854517511,125,2450,1.0002666508361646,1.46475
13.435,17.131239955893975,104.75,1.9003047616707427,125,2450,1.0005950267053414,1.4665000000000001
20.26,17.131239955893975,104.75,1.9003047616707427,125,2450,1.0005950267053414,1.4665000000000001
19.07,17.131239955893975,104.75,1.9003047616707427,125,2450,1.0005950267053414,1.4665000000000001
16.005000000000003,17.132025918136158,104.875,1.901090723912926,125,2450,1.0009245802510713,1.46825
16.915,17.132025918136158,104.875,1.901090723912926,125,2450,1.0009245802510713,1.46825
14.23,17.132025918136158,104.875,1.901090723912926,125,2450,1.0009245802510713,1.46825
15.02,17.132025918136158,104.875,1.901090723912926,125,2450,1.0009245802510713,1.46825
18.135,17.132025918136158,104.875,1.901090723912926,125,2450,1.0009245802510713,1.46825
23.055,17.132025918136158,104.875,1.901090723912926,125,2450,1.0009245802510713,1.46825
15.91,17.132025918136158,104.875,1.901090723912926,125,2450,1.0009245802510713,1.46825
14.41,17.13245527097809,105,1.90152007675486,125,2450,1.0012553142857141,1.47
16.655,17.13245527097809,105,1.90152007675486,125,2450,1.0012553142857141,1.47
20.305,17.13245527097809,105,1.90152007675486,125,2450,1.0012553142857141,1.47
16.915,17.132577499972484,105.125,1.9016423057492524,125,2450,1.0015872316249845,1.4717500000000001
14.815,17.132577499972484,105.125,1.9016423057492524,125,2450,1.0015872316249845,1.4717500000000001
16.8,17.132577499972484,105.125,1.9016423057492524,125,2450,1.0015872316249845,1.4717500000000001
18.875,17.132577499972484,105.125,1.9016423057492524,125,2450,1.0015872316249845,1.4717500000000001
13.29,17.13053523034507,105.25,1.8996000361218393,125,2450,1.0019203350879502,1.4735
17.03,17.129931250804155,105.28125,1.8989960565809234,125,2450,1.002003796616198,1.4739375000000001
12.83,17.130052099820407,105.375,1.8991169055971753,125,2450,1.002254627497034,1.47525
9.58,17.130052099820407,105.375,1.8991169055971753,125,2450,1.002254627497034,1.47525
16.405,17.130052099820407,105.375,1.8991169055971753,125,2450,1.002254627497034,1.47525
17.759999999999998,17.130052099820407,105.375,1.8991169055971753,125,2450,1.002254627497034,1.47525
32.22,17.129932137007938,105.5,1.8989969427847058,125,2450,1.0025901116780123,1.477
15.025,17.129932137007938,105.5,1.8989969427847058,125,2450,1.0025901116780123,1.477
22.215,17.129932137007938,105.5,1.8989969427847058,125,2450,1.0025901116780123,1.477
14.78,17.129932137007938,105.5,1.8989969427847058,125,2450,1.0025901116780123,1.477
12.115,17.129932137007938,105.5,1.8989969427847058,125,2450,1.0025901116780123,1.477
15.44,17.129932137007938,105.5,1.8989969427847058,125,2450,1.0025901116780123,1.477
13.7,17.134892398152314,105.58333333333331,1.9039572039290817,125,2450,1.002814431291125,1.4781666666666664
6.790000000000001,17.14038670335144,105.625,1.909451509128207,125,2450,1.0029267904600152,1.47875
24.78,17.14038670335144,105.625,1.909451509128207,125,2450,1.0029267904600152,1.47875
21.07,17.14038670335144,105.625,1.909451509128207,125,2450,1.0029267904600152,1.47875
15.51,17.14496951594055,105.75,1.9140343217173168,125,2450,1.0032646666755278,1.4805
11.29,17.14496951594055,105.75,1.9140343217173168,125,2450,1.0032646666755278,1.4805
15.61,17.14496951594055,105.75,1.9140343217173168,125,2450,1.0032646666755278,1.4805
18.28,17.14496951594055,105.75,1.9140343217173168,125,2450,1.0032646666755278,1.4805
16.39,17.14496951594055,105.75,1.9140343217173168,125,2450,1.0032646666755278,1.4805
20.57,17.14496951594055,105.75,1.9140343217173168,125,2450,1.0032646666755278,1.4805
14.695,17.14496951594055,105.75,1.9140343217173168,125,2450,1.0032646666755278,1.4805
17.065,17.14286672176699,105.875,1.9119315275437572,125,2450,1.0036037431603881,1.48225
19.315,17.14286672176699,105.875,1.9119315275437572,125,2450,1.0036037431603881,1.48225
17.235,17.14286672176699,105.875,1.9119315275437572,125,2450,1.0036037431603881,1.48225
17.655,17.14286672176699,105.875,1.9119315275437572,125,2450,1.0036037431603881,1.48225
15.345,17.14286672176699,105.875,1.9119315275437572,125,2450,1.0036037431603881,1.48225
16.69,17.142683933890364,106,1.9117487396671322,125,2450,1.0039440227537888,1.484
12.175,17.142683933890364,106,1.9117487396671322,125,2450,1.0039440227537888,1.484
19.735,17.142683933890364,106,1.9117487396671322,125,2450,1.0039440227537888,1.484
14.285,17.142683933890364,106,1.9117487396671322,125,2450,1.0039440227537888,1.484
14.21,17.142683933890364,106,1.9117487396671322,125,2450,1.0039440227537888,1.484
11.87,17.142683933890364,106,1.9117487396671322,125,2450,1.0039440227537888,1.484
17.450000000000003,17.144082516962314,106.125,1.913147322739082,125,2450,1.0042855082982762,1.4857500000000001
13.53,17.144082516962314,106.125,1.913147322739082,125,2450,1.0042855082982762,1.4857500000000001
13.7,17.144082516962314,106.125,1.913147322739082,125,2450,1.0042855082982762,1.4857500000000001
16.425,17.143993610489545,106.16666666666669,1.9130584162663133,125,2450,1.0043996052940234,1.4863333333333337
16.705000000000002,17.14360412766947,106.25,1.9126689334462377,125,2450,1.0046282026397515,1.4875
16.335,17.14360412766947,106.25,1.9126689334462377,125,2450,1.0046282026397515,1.4875
13.89,17.14360412766947,106.25,1.9126689334462377,125,2450,1.0046282026397515,1.4875
16.66,17.14360412766947,106.25,1.9126689334462377,125,2450,1.0046282026397515,1.4875
15.43,17.14360412766947,106.25,1.9126689334462377,125,2450,1.0046282026397515,1.4875
15.79,17.14360412766947,106.25,1.9126689334462377,125,2450,1.0046282026397515,1.4875
13.365,17.144074494911177,106.375,1.913139300687945,125,2450,1.004972108627469,1.48925
19.73,17.144074494911177,106.375,1.913139300687945,125,2450,1.004972108627469,1.48925
15.825,17.144074494911177,106.375,1.913139300687945,125,2450,1.004972108627469,1.48925
16.04,17.144074494911177,106.375,1.913139300687945,125,2450,1.004972108627469,1.48925
16.384999999999998,17.144074494911177,106.375,1.913139300687945,125,2450,1.004972108627469,1.48925
24.045,17.144074494911177,106.375,1.913139300687945,125,2450,1.004972108627469,1.48925
16.275,17.14587941970445,106.5,1.914944225481218,125,2450,1.005317229114037,1.491
17.435000000000002,17.14587941970445,106.5,1.914944225481218,125,2450,1.005317229114037,1.491
11.58,17.145655993224075,106.625,1.9147207990008432,125,2450,1.005663566955419,1.49275
17.975,17.145655993224075,106.625,1.9147207990008432,125,2450,1.005663566955419,1.49275
11.75,17.145655993224075,106.625,1.9147207990008432,125,2450,1.005663566955419,1.49275
23.105,17.145655993224075,106.625,1.9147207990008432,125,2450,1.005663566955419,1.49275
16.07,17.145655993224075,106.625,1.9147207990008432,125,2450,1.005663566955419,1.49275
21.31,17.145655993224075,106.625,1.9147207990008432,125,2450,1.005663566955419,1.49275
13.85,17.145655993224075,106.625,1.9147207990008432,125,2450,1.005663566955419,1.49275
15.77,17.145655993224075,106.625,1.9147207990008432,125,2450,1.005663566955419,1.49275
19.745,17.145655993224075,106.625,1.9147207990008432,125,2450,1.005663566955419,1.49275
13.725,17.1456318086171,106.75,1.9146966143938684,125,2450,1.0060111250109316,1.4945
11.68,17.1456318086171,106.75,1.9146966143938684,125,2450,1.0060111250109316,1.4945
18.845,17.1456318086171,106.75,1.9146966143938684,125,2450,1.0060111250109316,1.4945
38.025000000000006,17.1456318086171,106.75,1.9146966143938684,125,2450,1.0060111250109316,1.4945
12.64,17.148166009382237,106.875,1.9172308151590052,125,2450,1.0063599061432453,1.49625
17.36,17.148166009382237,106.875,1.9172308151590052,125,2450,1.0063599061432453,1.49625
12.425,17.148166009382237,106.875,1.9172308151590052,125,2450,1.0063599061432453,1.49625
20.525,17.148166009382237,106.875,1.9172308151590052,125,2450,1.0063599061432453,1.49625
17.045,17.148166009382237,106.875,1.9172308151590052,125,2450,1.0063599061432453,1.49625
17.3,17.148166009382237,106.875,1.9172308151590052,125,2450,1.0063599061432453,1.49625
17.19,17.148166009382237,106.875,1.9172308151590052,125,2450,1.0063599061432453,1.49625
11.38,17.14917291556986,107,1.9182377213466282,125,2450,1.0067099132183848,1.498
12.655,17.14917291556986,107,1.9182377213466282,125,2450,1.0067099132183848,1.498
14.365000000000002,17.14917291556986,107,1.9182377213466282,125,2450,1.0067099132183848,1.498
14.41,17.14917291556986,107,1.9182377213466282,125,2450,1.0067099132183848,1.498
15.39,17.14917291556986,107,1.9182377213466282,125,2450,1.0067099132183848,1.498
17.715000000000003,17.14917291556986,107,1.9182377213466282,125,2450,1.0067099132183848,1.498
18.73,17.14917291556986,107,1.9182377213466282,125,2450,1.0067099132183848,1.498
17.880000000000003,17.14917291556986,107,1.9182377213466282,125,2450,1.0067099132183848,1.498
17.3,17.14917291556986,107,1.9182377213466282,125,2450,1.0067099132183848,1.498
14.325,17.14916071021866,107.125,1.9182255159954273,125,2450,1.0070611491057297,1.4997500000000001
13.12,17.14916071021866,107.125,1.9182255159954273,125,2450,1.0070611491057297,1.4997500000000001
32.63,17.14916071021866,107.125,1.9182255159954273,125,2450,1.0070611491057297,1.4997500000000001
15.03,17.1504205229741,107.25,1.9194853287508664,125,2450,1.007413616678012,1.5015
25.705,17.1504205229741,107.25,1.9194853287508664,125,2450,1.007413616678012,1.5015
19.29,17.1504205229741,107.25,1.9194853287508664,125,2450,1.007413616678012,1.5015
16.3,17.1504205229741,107.25,1.9194853287508664,125,2450,1.007413616678012,1.5015
25.39,17.15300434224033,107.375,1.9220691480170977,125,2450,1.0077673188113199,1.50325
17.52,17.15300434224033,107.375,1.9220691480170977,125,2450,1.0077673188113199,1.50325
27.645,17.15300434224033,107.375,1.9220691480170977,125,2450,1.0077673188113199,1.50325
14.015,17.15300434224033,107.375,1.9220691480170977,125,2450,1.0077673188113199,1.50325
22.405,17.15300434224033,107.375,1.9220691480170977,125,2450,1.0077673188113199,1.50325
16.725,17.152519019195942,107.5,1.9215838249727106,125,2450,1.008122258385093,1.5050000000000001
17.875,17.152519019195942,107.5,1.9215838249727106,125,2450,1.008122258385093,1.5050000000000001
13.77,17.152519019195942,107.5,1.9215838249727106,125,2450,1.008122258385093,1.5050000000000001
15.79,17.152519019195942,107.5,1.9215838249727106,125,2450,1.008122258385093,1.5050000000000001
17.345,17.152519019195942,107.5,1.9215838249727106,125,2450,1.008122258385093,1.5050000000000001
14.085,17.151686370327013,107.625,1.9207511761037814,125,2450,1.0084784382821272,1.50675
18.44,17.151686370327013,107.625,1.9207511761037814,125,2450,1.0084784382821272,1.50675
21.130000000000003,17.151686370327013,107.625,1.9207511761037814,125,2450,1.0084784382821272,1.50675
24.85,17.151686370327013,107.625,1.9207511761037814,125,2450,1.0084784382821272,1.50675
16.494999999999997,17.151686370327013,107.625,1.9207511761037814,125,2450,1.0084784382821272,1.50675
13.65,17.151686370327013,107.625,1.9207511761037814,125,2450,1.0084784382821272,1.50675
12.525,17.151686370327013,107.625,1.9207511761037814,125,2450,1.0084784382821272,1.50675
19.200000000000003,17.151686370327013,107.625,1.9207511761037814,125,2450,1.0084784382821272,1.50675
13.57,17.15283670667812,107.6875,1.9219015124548875,125,2450,1.0086569942536578,1.507625
13.29,17.152690021952335,107.75,1.921754827729103,125,2450,1.0088358613885713,1.5085
12.915,17.152690021952335,107.75,1.921754827729103,125,2450,1.0088358613885713,1.5085
14.58,17.152690021952335,107.75,1.921754827729103,125,2450,1.0088358613885713,1.5085
17.6,17.152690021952335,107.75,1.921754827729103,125,2450,1.0088358613885713,1.5085
14.920000000000002,17.152690021952335,107.75,1.921754827729103,125,2450,1.0088358613885713,1.5085
20.285,17.152690021952335,107.75,1.921754827729103,125,2450,1.0088358613885713,1.5085
17.16,17.152690021952335,107.75,1.921754827729103,125,2450,1.0088358613885713,1.5085
21.025,17.152690021952335,107.75,1.921754827729103,125,2450,1.0088358613885713,1.5085
22.01,17.152690021952335,107.75,1.921754827729103,125,2450,1.0088358613885713,1.5085
12.16,17.152415654734387,107.875,1.9214804605111553,125,2450,1.0091945305939285,1.51025
14.49,17.152415654734387,107.875,1.9214804605111553,125,2450,1.0091945305939285,1.51025
16.485,17.152415654734387,107.875,1.9214804605111553,125,2450,1.0091945305939285,1.51025
19.235,17.152415654734387,107.875,1.9214804605111553,125,2450,1.0091945305939285,1.51025
15.25,17.152568647320646,108,1.9216334530974137,125,2450,1.009554448791056,1.512
16.740000000000002,17.152568647320646,108,1.9216334530974137,125,2450,1.009554448791056,1.512
19.86,17.152568647320646,108,1.9216334530974137,125,2450,1.009554448791056,1.512
15.365,17.152568647320646,108,1.9216334530974137,125,2450,1.009554448791056,1.512
32.74,17.152568647320646,108,1.9216334530974137,125,2450,1.009554448791056,1.512
13.39,17.151541614481562,108.125,1.9206064202583306,125,2450,1.0099156188761644,1.51375
11.495,17.151541614481562,108.125,1.9206064202583306,125,2450,1.0099156188761644,1.51375
15.485,17.151541614481562,108.125,1.9206064202583306,125,2450,1.0099156188761644,1.51375
14.145,17.151541614481562,108.125,1.9206064202583306,125,2450,1.0099156188761644,1.51375
17.93,17.151541614481562,108.125,1.9206064202583306,125,2450,1.0099156188761644,1.51375
17.53,17.151541614481562,108.125,1.9206064202583306,125,2450,1.0099156188761644,1.51375
13.045,17.152856496859663,108.25,1.9219213026364308,125,2450,1.0102780437488197,1.5155
15.845,17.152856496859663,108.25,1.9219213026364308,125,2450,1.0102780437488197,1.5155
15.95,17.152856496859663,108.25,1.9219213026364308,125,2450,1.0102780437488197,1.5155
14.91,17.152856496859663,108.25,1.9219213026364308,125,2450,1.0102780437488197,1.5155
20.07,17.152856496859663,108.25,1.9219213026364308,125,2450,1.0102780437488197,1.5155
18.33,17.152856496859663,108.25,1.9219213026364308,125,2450,1.0102780437488197,1.5155
13.095,17.153649515584117,108.375,1.9227143213608855,125,2450,1.010641726311941,1.51725
16.345,17.153649515584117,108.375,1.9227143213608855,125,2450,1.010641726311941,1.51725
18.16,17.153649515584117,108.375,1.9227143213608855,125,2450,1.010641726311941,1.51725
11.5,17.153649515584117,108.375,1.9227143213608855,125,2450,1.010641726311941,1.51725
18.295,17.153649515584117,108.375,1.9227143213608855,125,2450,1.010641726311941,1.51725
16.875,17.154802087701785,108.5,1.9238668934785537,125,2450,1.0110066694718012,1.5190000000000001
16.175,17.154802087701785,108.5,1.9238668934785537,125,2450,1.0110066694718012,1.5190000000000001
20.59,17.154802087701785,108.5,1.9238668934785537,125,2450,1.0110066694718012,1.5190000000000001
11.955000000000002,17.156487873154692,108.625,1.92555267893146,125,2450,1.0113728761380276,1.52075
14.39,17.156487873154692,108.625,1.92555267893146,125,2450,1.0113728761380276,1.52075
19.96,17.156487873154692,108.625,1.92555267893146,125,2450,1.0113728761380276,1.52075
14.985,17.159129822826774,108.75,1.928194628603542,125,2450,1.0117403492236023,1.5225
18.825,17.159129822826774,108.75,1.928194628603542,125,2450,1.0117403492236023,1.5225
17.745,17.159129822826774,108.75,1.928194628603542,125,2450,1.0117403492236023,1.5225
16.93,17.159129822826774,108.75,1.928194628603542,125,2450,1.0117403492236023,1.5225
22.835,17.159129822826774,108.75,1.928194628603542,125,2450,1.0117403492236023,1.5225
11.925,17.159129822826774,108.75,1.928194628603542,125,2450,1.0117403492236023,1.5225
16.52,17.159129822826774,108.75,1.928194628603542,125,2450,1.0117403492236023,1.5225
36.114999999999995,17.159129822826774,108.75,1.928194628603542,125,2450,1.0117403492236023,1.5225
14.71,17.159568602766896,108.875,1.9286334085436643,125,2450,1.01210909164486,1.52425
24.17,17.159568602766896,108.875,1.9286334085436643,125,2450,1.01210909164486,1.52425
19.305,17.159568602766896,108.875,1.9286334085436643,125,2450,1.01210909164486,1.52425
15.635000000000002,17.159568602766896,108.875,1.9286334085436643,125,2450,1.01210909164486,1.52425
32.035,17.159568602766896,108.875,1.9286334085436643,125,2450,1.01210909164486,1.52425
15.85,17.159558708626605,109,1.9286235144033732,125,2450,1.0124791063214904,1.526
17.115000000000002,17.159558708626605,109,1.9286235144033732,125,2450,1.0124791063214904,1.526
15.055,17.159558708626605,109,1.9286235144033732,125,2450,1.0124791063214904,1.526
14.575,17.159558708626605,109,1.9286235144033732,125,2450,1.0124791063214904,1.526
16.955,17.159558708626605,109,1.9286235144033732,125,2450,1.0124791063214904,1.526
14.13,17.159558708626605,109,1.9286235144033732,125,2450,1.0124791063214904,1.526
12.035,17.159558708626605,109,1.9286235144033732,125,2450,1.0124791063214904,1.526
13.13,17.159558708626605,109,1.9286235144033732,125,2450,1.0124791063214904,1.526
19.845,17.159558708626605,109,1.9286235144033732,125,2450,1.0124791063214904,1.526
14.535,17.161037044217327,109.08333333333331,1.9301018499940952,125,2450,1.0127264910244582,1.5271666666666663
16.325,17.161037268768226,109.125,1.930102074544994,125,2450,1.0128503961765372,1.52775
14.265,17.161037268768226,109.125,1.930102074544994,125,2450,1.0128503961765372,1.52775
16.990000000000002,17.161037268768226,109.125,1.930102074544994,125,2450,1.0128503961765372,1.52775
18.85,17.161037268768226,109.125,1.930102074544994,125,2450,1.0128503961765372,1.52775
21.605,17.161037268768226,109.125,1.930102074544994,125,2450,1.0128503961765372,1.52775
16.35,17.161037268768226,109.125,1.930102074544994,125,2450,1.0128503961765372,1.52775
19.34,17.161037268768226,109.125,1.930102074544994,125,2450,1.0128503961765372,1.52775
11.63,17.164554560019056,109.25,1.933619365795824,125,2450,1.0132229641363972,1.5295
15.975,17.164554560019056,109.25,1.933619365795824,125,2450,1.0132229641363972,1.5295
14.26,17.164554560019056,109.25,1.933619365795824,125,2450,1.0132229641363972,1.5295
15.295,17.164554560019056,109.25,1.933619365795824,125,2450,1.0132229641363972,1.5295
22.795,17.164554560019056,109.25,1.933619365795824,125,2450,1.0132229641363972,1.5295
16.805,17.164554560019056,109.25,1.933619365795824,125,2450,1.0132229641363972,1.5295
14.095,17.164554560019056,109.25,1.933619365795824,125,2450,1.0132229641363972,1.5295
19.895,17.164554560019056,109.25,1.933619365795824,125,2450,1.0132229641363972,1.5295
23.48,17.164554560019056,109.25,1.933619365795824,125,2450,1.0132229641363972,1.5295
13.55,17.164534966388857,109.375,1.9335997721656248,125,2450,1.0135968131308226,1.53125
18.035,17.164534966388857,109.375,1.9335997721656248,125,2450,1.0135968131308226,1.53125
15.265,17.164534966388857,109.375,1.9335997721656248,125,2450,1.0135968131308226,1.53125
18.565,17.164534966388857,109.375,1.9335997721656248,125,2450,1.0135968131308226,1.53125
14.81,17.164534966388857,109.375,1.9335997721656248,125,2450,1.0135968131308226,1.53125
22.48,17.164534966388857,109.375,1.9335997721656248,125,2450,1.0135968131308226,1.53125
20.36,17.164534966388857,109.375,1.9335997721656248,125,2450,1.0135968131308226,1.53125
13.435,17.164534966388857,109.375,1.9335997721656248,125,2450,1.0135968131308226,1.53125
13.545,17.164727857867803,109.41666666666669,1.9337926636445708,125,2450,1.0137217146435058,1.5318333333333336
16.490000000000002,17.166203817971407,109.5,1.9352686237481755,125,2450,1.013971946092919,1.5330000000000001
16.405,17.166203817971407,109.5,1.9352686237481755,125,2450,1.013971946092919,1.5330000000000001
15.99,17.166203817971407,109.5,1.9352686237481755,125,2450,1.013971946092919,1.5330000000000001
9.37,17.16835547774709,109.625,1.9374202835238599,125,2450,1.014348365959146,1.53475
25.405,17.16835547774709,109.625,1.9374202835238599,125,2450,1.014348365959146,1.53475
15.43,17.172836435949737,109.75,1.9419012417265051,125,2450,1.0147260756693166,1.5365
14.08,17.172836435949737,109.75,1.9419012417265051,125,2450,1.0147260756693166,1.5365
14.09,17.172836435949737,109.75,1.9419012417265051,125,2450,1.0147260756693166,1.5365
15.545,17.172836435949737,109.75,1.9419012417265051,125,2450,1.0147260756693166,1.5365
17.78,17.172836435949737,109.75,1.9419012417265051,125,2450,1.0147260756693166,1.5365
24.305,17.172836435949737,109.75,1.9419012417265051,125,2450,1.0147260756693166,1.5365
17.985,17.172836435949737,109.75,1.9419012417265051,125,2450,1.0147260756693166,1.5365
19.655,17.172836435949737,109.75,1.9419012417265051,125,2450,1.0147260756693166,1.5365
12.34,17.172836435949737,109.75,1.9419012417265051,125,2450,1.0147260756693166,1.5365
15.055,17.172836435949737,109.75,1.9419012417265051,125,2450,1.0147260756693166,1.5365
19.18,17.17503340154236,109.875,1.9440982073191293,125,2450,1.0151050781665993,1.5382500000000001
13.9,17.17503340154236,109.875,1.9440982073191293,125,2450,1.0151050781665993,1.5382500000000001
19.875,17.17503340154236,109.875,1.9440982073191293,125,2450,1.0151050781665993,1.5382500000000001
18.055,17.17815738239019,110,1.9472221881669576,125,2450,1.0154853763975153,1.54
18.22,17.17815738239019,110,1.9472221881669576,125,2450,1.0154853763975153,1.54
17.91,17.17815738239019,110,1.9472221881669576,125,2450,1.0154853763975153,1.54
18.6,17.17815738239019,110,1.9472221881669576,125,2450,1.0154853763975153,1.54
16.75,17.17815738239019,110,1.9472221881669576,125,2450,1.0154853763975153,1.54
16.07,17.17815738239019,110,1.9472221881669576,125,2450,1.0154853763975153,1.54
13.67,17.17815738239019,110,1.9472221881669576,125,2450,1.0154853763975153,1.54
19.625,17.17973356395563,110.125,1.9487983697323976,125,2450,1.015866973311941,1.54175
14.975,17.17973356395563,110.125,1.9487983697323976,125,2450,1.015866973311941,1.54175
18.325,17.17973356395563,110.125,1.9487983697323976,125,2450,1.015866973311941,1.54175
16.9,17.182221939347702,110.25,1.9512867451244702,125,2450,1.0162498718631054,1.5435
15.215,17.182221939347702,110.25,1.9512867451244702,125,2450,1.0162498718631054,1.5435
15.295,17.182221939347702,110.25,1.9512867451244702,125,2450,1.0162498718631054,1.5435
19.29,17.182221939347702,110.25,1.9512867451244702,125,2450,1.0162498718631054,1.5435
15.775,17.183096481216346,110.375,1.952161286993114,125,2450,1.0166340750075928,1.54525
17.884999999999998,17.183096481216346,110.375,1.952161286993114,125,2450,1.0166340750075928,1.54525
13.705,17.183096481216346,110.375,1.952161286993114,125,2450,1.0166340750075928,1.54525
18.835,17.183096481216346,110.375,1.952161286993114,125,2450,1.0166340750075928,1.54525
15.63,17.183096481216346,110.375,1.952161286993114,125,2450,1.0166340750075928,1.54525
20.84,17.183096481216346,110.375,1.952161286993114,125,2450,1.0166340750075928,1.54525
26.365,17.18386970536329,110.5,1.9529345111400573,125,2450,1.0170195857053415,1.547
15.364999999999998,17.18386970536329,110.5,1.9529345111400573,125,2450,1.0170195857053415,1.547
15.73,17.18386970536329,110.5,1.9529345111400573,125,2450,1.0170195857053415,1.547
18.965,17.18386970536329,110.5,1.9529345111400573,125,2450,1.0170195857053415,1.547
15.415,17.18386970536329,110.5,1.9529345111400573,125,2450,1.0170195857053415,1.547
20.505,17.18386970536329,110.5,1.9529345111400573,125,2450,1.0170195857053415,1.547
18.48,17.18386970536329,110.5,1.9529345111400573,125,2450,1.0170195857053415,1.547
28.82,17.18386970536329,110.5,1.9529345111400573,125,2450,1.0170195857053415,1.547
17.375,17.18386970536329,110.5,1.9529345111400573,125,2450,1.0170195857053415,1.547
15.225,17.183476717173004,110.625,1.9525415229497725,125,2450,1.017406406919643,1.54875
10.7,17.183476717173004,110.625,1.9525415229497725,125,2450,1.017406406919643,1.54875
17.134999999999998,17.183476717173004,110.625,1.9525415229497725,125,2450,1.017406406919643,1.54875
15.545000000000002,17.183476717173004,110.625,1.9525415229497725,125,2450,1.017406406919643,1.54875
18.28,17.183476717173004,110.625,1.9525415229497725,125,2450,1.017406406919643,1.54875
19.770000000000003,17.183476717173004,110.625,1.9525415229497725,125,2450,1.017406406919643,1.54875
13.475,17.183476717173004,110.625,1.9525415229497725,125,2450,1.017406406919643,1.54875
17.759999999999998,17.183476717173004,110.625,1.9525415229497725,125,2450,1.017406406919643,1.54875
17.755000000000003,17.183476717173004,110.625,1.9525415229497725,125,2450,1.017406406919643,1.54875
13.07,17.184835257473356,110.75,1.9539000632501242,125,2450,1.0177945416171426,1.5505
18.24,17.184835257473356,110.75,1.9539000632501242,125,2450,1.0177945416171426,1.5505
14.415,17.184835257473356,110.75,1.9539000632501242,125,2450,1.0177945416171426,1.5505
24.805,17.184835257473356,110.75,1.9539000632501242,125,2450,1.0177945416171426,1.5505
17.175,17.184835257473356,110.75,1.9539000632501242,125,2450,1.0177945416171426,1.5505
19.565,17.184835257473356,110.75,1.9539000632501242,125,2450,1.0177945416171426,1.5505
16.310000000000002,17.183957728008476,110.875,1.9530225337852443,125,2450,1.0181839927678413,1.5522500000000001
30.28,17.183957728008476,110.875,1.9530225337852443,125,2450,1.0181839927678413,1.5522500000000001
17.98,17.183957728008476,110.875,1.9530225337852443,125,2450,1.0181839927678413,1.5522500000000001
18.36,17.183957728008476,110.875,1.9530225337852443,125,2450,1.0181839927678413,1.5522500000000001
14.575,17.185718997493314,111,1.9547838032700824,125,2450,1.018574763345093,1.554
15.015,17.185718997493314,111,1.9547838032700824,125,2450,1.018574763345093,1.554
14.080000000000002,17.185718997493314,111,1.9547838032700824,125,2450,1.018574763345093,1.554
17.625,17.185718997493314,111,1.9547838032700824,125,2450,1.018574763345093,1.554
15.13,17.186262490150856,111.125,1.9553272959276242,125,2450,1.0189668563256056,1.55575
12.225,17.186262490150856,111.125,1.9553272959276242,125,2450,1.0189668563256056,1.55575
19.285,17.186262490150856,111.125,1.9553272959276242,125,2450,1.0189668563256056,1.55575
23.045,17.186262490150856,111.125,1.9553272959276242,125,2450,1.0189668563256056,1.55575
18.035,17.186262490150856,111.125,1.9553272959276242,125,2450,1.0189668563256056,1.55575
18.695,17.186262490150856,111.125,1.9553272959276242,125,2450,1.0189668563256056,1.55575
10.895,17.186262490150856,111.125,1.9553272959276242,125,2450,1.0189668563256056,1.55575
15.3,17.186531587907723,111.25,1.9555963936844911,125,2450,1.0193602746894408,1.5575
15.84,17.186531587907723,111.25,1.9555963936844911,125,2450,1.0193602746894408,1.5575
17.215,17.186531587907723,111.25,1.9555963936844911,125,2450,1.0193602746894408,1.5575
11.065,17.186531587907723,111.25,1.9555963936844911,125,2450,1.0193602746894408,1.5575
29.28,17.186531587907723,111.25,1.9555963936844911,125,2450,1.0193602746894408,1.5575
15.435,17.186531587907723,111.25,1.9555963936844911,125,2450,1.0193602746894408,1.5575
20.26,17.186531587907723,111.25,1.9555963936844911,125,2450,1.0193602746894408,1.5575
18.42,17.186531587907723,111.25,1.9555963936844911,125,2450,1.0193602746894408,1.5575
25.71,17.186531587907723,111.25,1.9555963936844911,125,2450,1.0193602746894408,1.5575
9.265,17.18717605326273,111.375,1.9562408590394966,125,2450,1.0197550214200155,1.55925
12.79,17.18717605326273,111.375,1.9562408590394966,125,2450,1.0197550214200155,1.55925
20.26,17.18717605326273,111.375,1.9562408590394966,125,2450,1.0197550214200155,1.55925
13.675,17.18717605326273,111.375,1.9562408590394966,125,2450,1.0197550214200155,1.55925
23.04,17.18717605326273,111.375,1.9562408590394966,125,2450,1.0197550214200155,1.55925
15.4,17.18717605326273,111.375,1.9562408590394966,125,2450,1.0197550214200155,1.55925
21.665,17.18717605326273,111.375,1.9562408590394966,125,2450,1.0197550214200155,1.55925
17.395000000000003,17.18717605326273,111.375,1.9562408590394966,125,2450,1.0197550214200155,1.55925
23.64,17.1858432939005,111.5,1.9549080996772688,125,2450,1.0201510995040992,1.561
44.69,17.1858432939005,111.5,1.9549080996772688,125,2450,1.0201510995040992,1.561
11.08,17.1858432939005,111.5,1.9549080996772688,125,2450,1.0201510995040992,1.561
17.68,17.1858432939005,111.5,1.9549080996772688,125,2450,1.0201510995040992,1.561
15.905,17.1858432939005,111.5,1.9549080996772688,125,2450,1.0201510995040992,1.561
19.085,17.1858432939005,111.5,1.9549080996772688,125,2450,1.0201510995040992,1.561
13.74,17.18687460734504,111.625,1.9559394131218077,125,2450,1.0205485119318167,1.56275
12,17.18687460734504,111.625,1.9559394131218077,125,2450,1.0205485119318167,1.56275
24.565,17.18687460734504,111.625,1.9559394131218077,125,2450,1.0205485119318167,1.56275
20.55,17.18687460734504,111.625,1.9559394131218077,125,2450,1.0205485119318167,1.56275
17.14,17.18687460734504,111.625,1.9559394131218077,125,2450,1.0205485119318167,1.56275
30.12,17.18687460734504,111.625,1.9559394131218077,125,2450,1.0205485119318167,1.56275
20.200000000000003,17.18687460734504,111.625,1.9559394131218077,125,2450,1.0205485119318167,1.56275
16.9,17.188920228721337,111.75,1.9579850344981047,125,2450,1.0209472616966457,1.5645
23.565,17.188920228721337,111.75,1.9579850344981047,125,2450,1.0209472616966457,1.5645
13.19,17.188920228721337,111.75,1.9579850344981047,125,2450,1.0209472616966457,1.5645
16.985,17.188920228721337,111.75,1.9579850344981047,125,2450,1.0209472616966457,1.5645
13.15,17.188920228721337,111.75,1.9579850344981047,125,2450,1.0209472616966457,1.5645
18.19,17.188920228721337,111.75,1.9579850344981047,125,2450,1.0209472616966457,1.5645
17.42,17.188920228721337,111.75,1.9579850344981047,125,2450,1.0209472616966457,1.5645
19.51,17.188920228721337,111.75,1.9579850344981047,125,2450,1.0209472616966457,1.5645
8.754999999999999,17.188086626639784,111.875,1.957151432416552,125,2450,1.021347351795419,1.5662500000000001
11.305,17.188086626639784,111.875,1.957151432416552,125,2450,1.021347351795419,1.5662500000000001
13.51,17.188086626639784,111.875,1.957151432416552,125,2450,1.021347351795419,1.5662500000000001
14.82,17.188086626639784,111.875,1.957151432416552,125,2450,1.021347351795419,1.5662500000000001
20.67,17.188086626639784,111.875,1.957151432416552,125,2450,1.021347351795419,1.5662500000000001
17.369999999999997,17.188086626639784,111.875,1.957151432416552,125,2450,1.021347351795419,1.5662500000000001
24.325000000000003,17.188086626639784,111.875,1.957151432416552,125,2450,1.021347351795419,1.5662500000000001
16.18,17.18815948390145,111.91666666666669,1.9572242896782193,125,2450,1.0214810135321186,1.5668333333333335
9.67,17.18815948390145,111.9375,1.9572242896782193,125,2450,1.0215479004074621,1.567125
30.645,17.18839988880593,112,1.957464694582697,125,2450,1.021748785228323,1.568
14.695,17.18839988880593,112,1.957464694582697,125,2450,1.021748785228323,1.568
15,17.18839988880593,112,1.957464694582697,125,2450,1.021748785228323,1.568
26.825000000000003,17.18839988880593,112,1.957464694582697,125,2450,1.021748785228323,1.568
17.465000000000003,17.18839988880593,112,1.957464694582697,125,2450,1.021748785228323,1.568
10.725,17.18839988880593,112,1.957464694582697,125,2450,1.021748785228323,1.568
25.785,17.18839988880593,112,1.957464694582697,125,2450,1.021748785228323,1.568
12.855,17.18839988880593,112,1.957464694582697,125,2450,1.021748785228323,1.568
12.955000000000002,17.18932822926786,112.125,1.9583930350446295,125,2450,1.0221515649988973,1.56975
12.2,17.18932822926786,112.125,1.9583930350446295,125,2450,1.0221515649988973,1.56975
18.675,17.18932822926786,112.125,1.9583930350446295,125,2450,1.0221515649988973,1.56975
17.325,17.18932822926786,112.125,1.9583930350446295,125,2450,1.0221515649988973,1.56975
17.380000000000003,17.190434812648718,112.25,1.959499618425486,125,2450,1.022555694114037,1.5715000000000001
15.97,17.190434812648718,112.25,1.959499618425486,125,2450,1.022555694114037,1.5715000000000001
20.44,17.190434812648718,112.25,1.959499618425486,125,2450,1.022555694114037,1.5715000000000001
24.04,17.190434812648718,112.25,1.959499618425486,125,2450,1.022555694114037,1.5715000000000001
19.770000000000003,17.190434812648718,112.25,1.959499618425486,125,2450,1.022555694114037,1.5715000000000001
19.19,17.190434812648718,112.25,1.959499618425486,125,2450,1.022555694114037,1.5715000000000001
48.02,17.190434812648718,112.25,1.959499618425486,125,2450,1.022555694114037,1.5715000000000001
11.575,17.19456329045501,112.375,1.9636280962317798,125,2450,1.0229611755839905,1.57325
14.325,17.19456329045501,112.375,1.9636280962317798,125,2450,1.0229611755839905,1.57325
14.045000000000002,17.19456329045501,112.375,1.9636280962317798,125,2450,1.0229611755839905,1.57325
16.67,17.19456329045501,112.375,1.9636280962317798,125,2450,1.0229611755839905,1.57325
17.225,17.19456329045501,112.375,1.9636280962317798,125,2450,1.0229611755839905,1.57325
15.33,17.19456329045501,112.375,1.9636280962317798,125,2450,1.0229611755839905,1.57325
17.46,17.19456329045501,112.375,1.9636280962317798,125,2450,1.0229611755839905,1.57325
17.369999999999997,17.19456329045501,112.375,1.9636280962317798,125,2450,1.0229611755839905,1.57325
17.39,17.19456329045501,112.375,1.9636280962317798,125,2450,1.0229611755839905,1.57325
15.625,17.19456329045501,112.375,1.9636280962317798,125,2450,1.0229611755839905,1.57325
18.355,17.19456329045501,112.375,1.9636280962317798,125,2450,1.0229611755839905,1.57325
16.3,17.195836801171673,112.5,1.964901606948441,125,2450,1.02336801242236,1.575
15.13,17.195836801171673,112.5,1.964901606948441,125,2450,1.02336801242236,1.575
15.645,17.195836801171673,112.5,1.964901606948441,125,2450,1.02336801242236,1.575
15.505,17.195836801171673,112.5,1.964901606948441,125,2450,1.02336801242236,1.575
20.17,17.195836801171673,112.5,1.964901606948441,125,2450,1.02336801242236,1.575
17.549999999999997,17.195836801171673,112.5,1.964901606948441,125,2450,1.02336801242236,1.575
14.57,17.200066152231457,112.625,1.9691309580082255,125,2450,1.0237762076461023,1.57675
19.305,17.200066152231457,112.625,1.9691309580082255,125,2450,1.0237762076461023,1.57675
14.44,17.200066152231457,112.625,1.9691309580082255,125,2450,1.0237762076461023,1.57675
29.345,17.200066152231457,112.625,1.9691309580082255,125,2450,1.0237762076461023,1.57675
17.585,17.200066152231457,112.625,1.9691309580082255,125,2450,1.0237762076461023,1.57675
16.490000000000002,17.200066152231457,112.625,1.9691309580082255,125,2450,1.0237762076461023,1.57675
19.755000000000003,17.200066152231457,112.625,1.9691309580082255,125,2450,1.0237762076461023,1.57675
23.04,17.200066152231457,112.625,1.9691309580082255,125,2450,1.0237762076461023,1.57675
17.72,17.200066152231457,112.625,1.9691309580082255,125,2450,1.0237762076461023,1.57675
10.615,17.200066152231457,112.625,1.9691309580082255,125,2450,1.0237762076461023,1.57675
13.29,17.201543701656416,112.75,1.9706085074331838,125,2450,1.0241857642755279,1.5785
12.69,17.201543701656416,112.75,1.9706085074331838,125,2450,1.0241857642755279,1.5785
13.59,17.201741432623056,112.875,1.970806238399824,125,2450,1.024596685334301,1.58025
11.175,17.201741432623056,112.875,1.970806238399824,125,2450,1.024596685334301,1.58025
19.44,17.201741432623056,112.875,1.970806238399824,125,2450,1.024596685334301,1.58025
14.95,17.201741432623056,112.875,1.970806238399824,125,2450,1.024596685334301,1.58025
14.835,17.201741432623056,112.875,1.970806238399824,125,2450,1.024596685334301,1.58025
16.415,17.201741432623056,112.875,1.970806238399824,125,2450,1.024596685334301,1.58025
21.155,17.201741432623056,112.875,1.970806238399824,125,2450,1.024596685334301,1.58025
12.305,17.199797834581044,113,1.9688626403578127,125,2450,1.025008973849441,1.582
13.185,17.199797834581044,113,1.9688626403578127,125,2450,1.025008973849441,1.582
15.035,17.199797834581044,113,1.9688626403578127,125,2450,1.025008973849441,1.582
16.075,17.199797834581044,113,1.9688626403578127,125,2450,1.025008973849441,1.582
11.29,17.199797834581044,113,1.9688626403578127,125,2450,1.025008973849441,1.582
20.315,17.199797834581044,113,1.9688626403578127,125,2450,1.025008973849441,1.582
35.57,17.199797834581044,113,1.9688626403578127,125,2450,1.025008973849441,1.582
20.96,17.199797834581044,113,1.9688626403578127,125,2450,1.025008973849441,1.582
15.275,17.201464300934052,113.125,1.9705291067108206,125,2450,1.0254226328513198,1.58375
16.855,17.201464300934052,113.125,1.9705291067108206,125,2450,1.0254226328513198,1.58375
18.9,17.201464300934052,113.125,1.9705291067108206,125,2450,1.0254226328513198,1.58375
21.705,17.201464300934052,113.125,1.9705291067108206,125,2450,1.0254226328513198,1.58375
19.26,17.201464300934052,113.125,1.9705291067108206,125,2450,1.0254226328513198,1.58375
30.770000000000003,17.201464300934052,113.125,1.9705291067108206,125,2450,1.0254226328513198,1.58375
18.630000000000003,17.201464300934052,113.125,1.9705291067108206,125,2450,1.0254226328513198,1.58375
17.16,17.20269590783929,113.25,1.9717607136160566,125,2450,1.0258376653736645,1.5855000000000001
17.735,17.20269590783929,113.25,1.9717607136160566,125,2450,1.0258376653736645,1.5855000000000001
16.805,17.20269590783929,113.25,1.9717607136160566,125,2450,1.0258376653736645,1.5855000000000001
16.765,17.20269590783929,113.25,1.9717607136160566,125,2450,1.0258376653736645,1.5855000000000001
20.285,17.20269590783929,113.25,1.9717607136160566,125,2450,1.0258376653736645,1.5855000000000001
13.27,17.20269590783929,113.25,1.9717607136160566,125,2450,1.0258376653736645,1.5855000000000001
20.57,17.20269590783929,113.25,1.9717607136160566,125,2450,1.0258376653736645,1.5855000000000001
15.805,17.20269590783929,113.25,1.9717607136160566,125,2450,1.0258376653736645,1.5855000000000001
17.560000000000002,17.20269590783929,113.25,1.9717607136160566,125,2450,1.0258376653736645,1.5855000000000001
13.935,17.202435374620013,113.375,1.9715001803967809,125,2450,1.0262540744535558,1.58725
15.735,17.202435374620013,113.375,1.9715001803967809,125,2450,1.0262540744535558,1.58725
16.020000000000003,17.202435374620013,113.375,1.9715001803967809,125,2450,1.0262540744535558,1.58725
17.435000000000002,17.202435374620013,113.375,1.9715001803967809,125,2450,1.0262540744535558,1.58725
14.79,17.202435374620013,113.375,1.9715001803967809,125,2450,1.0262540744535558,1.58725
13.84,17.202435374620013,113.375,1.9715001803967809,125,2450,1.0262540744535558,1.58725
26.23,17.202435374620013,113.375,1.9715001803967809,125,2450,1.0262540744535558,1.58725
17.89,17.202435374620013,113.375,1.9715001803967809,125,2450,1.0262540744535558,1.58725
18.72,17.202435374620013,113.375,1.9715001803967809,125,2450,1.0262540744535558,1.58725
15.59,17.202435374620013,113.375,1.9715001803967809,125,2450,1.0262540744535558,1.58725
17.385,17.202470555924073,113.41666666666669,1.971535361700841,125,2450,1.026393183907274,1.5878333333333337
14.175,17.201716801290484,113.5,1.9707816070672521,125,2450,1.0266718631314282,1.589
12.615,17.201716801290484,113.5,1.9707816070672521,125,2450,1.0266718631314282,1.589
12.53,17.201716801290484,113.5,1.9707816070672521,125,2450,1.0266718631314282,1.589
13.13,17.201716801290484,113.5,1.9707816070672521,125,2450,1.0266718631314282,1.589
13.795000000000002,17.201716801290484,113.5,1.9707816070672521,125,2450,1.0266718631314282,1.589
15.760000000000002,17.201716801290484,113.5,1.9707816070672521,125,2450,1.0266718631314282,1.589
15.805,17.201716801290484,113.5,1.9707816070672521,125,2450,1.0266718631314282,1.589
25.74,17.201716801290484,113.5,1.9707816070672521,125,2450,1.0266718631314282,1.589
35.93,17.201716801290484,113.5,1.9707816070672521,125,2450,1.0266718631314282,1.589
15.265,17.207444237727135,113.625,1.9765090435039028,125,2450,1.0270910344510715,1.59075
29.75,17.207444237727135,113.625,1.9765090435039028,125,2450,1.0270910344510715,1.59075
20.15,17.207444237727135,113.625,1.9765090435039028,125,2450,1.0270910344510715,1.59075
14.055,17.207444237727135,113.625,1.9765090435039028,125,2450,1.0270910344510715,1.59075
15.58,17.207444237727135,113.625,1.9765090435039028,125,2450,1.0270910344510715,1.59075
16.485,17.207444237727135,113.625,1.9765090435039028,125,2450,1.0270910344510715,1.59075
29.21,17.207444237727135,113.625,1.9765090435039028,125,2450,1.0270910344510715,1.59075
17.895000000000003,17.20692310166592,113.66666666666669,1.9759879074426898,125,2450,1.0272310660045822,1.5913333333333337
21.775,17.20531089702758,113.75,1.9743757028043483,125,2450,1.0275115914596271,1.5925
19.365,17.20531089702758,113.75,1.9743757028043483,125,2450,1.0275115914596271,1.5925
17.595,17.20531089702758,113.75,1.9743757028043483,125,2450,1.0275115914596271,1.5925
12.77,17.205106183597298,113.875,1.9741709893740662,125,2450,1.027933537207593,1.59425
15.91,17.205106183597298,113.875,1.9741709893740662,125,2450,1.027933537207593,1.59425
23.76,17.205106183597298,113.875,1.9741709893740662,125,2450,1.027933537207593,1.59425
12.920000000000002,17.205106183597298,113.875,1.9741709893740662,125,2450,1.027933537207593,1.59425
13.885,17.205106183597298,113.875,1.9741709893740662,125,2450,1.027933537207593,1.59425
21.424999999999997,17.205106183597298,113.875,1.9741709893740662,125,2450,1.027933537207593,1.59425
16.630000000000003,17.205106183597298,113.875,1.9741709893740662,125,2450,1.027933537207593,1.59425
8.435,17.205106183597298,113.875,1.9741709893740662,125,2450,1.027933537207593,1.59425
20.47,17.204317786462994,113.96875,1.973382592239762,125,2450,1.0282509097157613,1.5955625
16.505,17.204317786462994,114,1.973382592239762,125,2450,1.0283568747488199,1.596
13.46,17.204317786462994,114,1.973382592239762,125,2450,1.0283568747488199,1.596
18.785,17.204317786462994,114,1.973382592239762,125,2450,1.0283568747488199,1.596
14.475,17.204317786462994,114,1.973382592239762,125,2450,1.0283568747488199,1.596
17.62,17.204317786462994,114,1.973382592239762,125,2450,1.0283568747488199,1.596
28.055,17.204317786462994,114,1.973382592239762,125,2450,1.0283568747488199,1.596
22.045,17.204317786462994,114,1.973382592239762,125,2450,1.0283568747488199,1.596
19.625,17.211137967885865,114.125,1.9802027736626329,125,2450,1.0287816071405125,1.59775
21.375,17.211137967885865,114.125,1.9802027736626329,125,2450,1.0287816071405125,1.59775
17.23,17.211137967885865,114.125,1.9802027736626329,125,2450,1.0287816071405125,1.59775
16.25,17.211137967885865,114.125,1.9802027736626329,125,2450,1.0287816071405125,1.59775
15.055,17.210848978127284,114.25,1.9799137839040526,125,2450,1.0292077374432296,1.5995000000000001
21.275,17.210848978127284,114.25,1.9799137839040526,125,2450,1.0292077374432296,1.5995000000000001
18.375,17.210848978127284,114.25,1.9799137839040526,125,2450,1.0292077374432296,1.5995000000000001
17.685000000000002,17.210848978127284,114.25,1.9799137839040526,125,2450,1.0292077374432296,1.5995000000000001
17.765,17.210848978127284,114.25,1.9799137839040526,125,2450,1.0292077374432296,1.5995000000000001
15.605,17.210848978127284,114.25,1.9799137839040526,125,2450,1.0292077374432296,1.5995000000000001
14.375,17.20813186366573,114.375,1.977196669442499,125,2450,1.029635268720885,1.60125
18.745,17.20813186366573,114.375,1.977196669442499,125,2450,1.029635268720885,1.60125
23.37,17.20813186366573,114.375,1.977196669442499,125,2450,1.029635268720885,1.60125
15.735,17.20813186366573,114.375,1.977196669442499,125,2450,1.029635268720885,1.60125
21.880000000000003,17.20813186366573,114.375,1.977196669442499,125,2450,1.029635268720885,1.60125
19.9,17.20813186366573,114.375,1.977196669442499,125,2450,1.029635268720885,1.60125
17.14,17.20813186366573,114.375,1.977196669442499,125,2450,1.029635268720885,1.60125
13.535,17.20665740353837,114.5,1.975722209315137,125,2450,1.0300642040407453,1.603
9.895,17.20665740353837,114.5,1.975722209315137,125,2450,1.0300642040407453,1.603
16.08,17.20665740353837,114.5,1.975722209315137,125,2450,1.0300642040407453,1.603
13.670000000000002,17.20665740353837,114.5,1.975722209315137,125,2450,1.0300642040407453,1.603
13.35,17.20665740353837,114.5,1.975722209315137,125,2450,1.0300642040407453,1.603
18.235,17.20665740353837,114.5,1.975722209315137,125,2450,1.0300642040407453,1.603
20.325,17.20665740353837,114.5,1.975722209315137,125,2450,1.0300642040407453,1.603
16.14,17.20665740353837,114.5,1.975722209315137,125,2450,1.0300642040407453,1.603
24.57,17.20665740353837,114.5,1.975722209315137,125,2450,1.0300642040407453,1.603
19.79,17.20665740353837,114.5,1.975722209315137,125,2450,1.0300642040407453,1.603
15.95,17.205251834913714,114.625,1.974316640690482,125,2450,1.0304945464734314,1.6047500000000001
13.385,17.205251834913714,114.625,1.974316640690482,125,2450,1.0304945464734314,1.6047500000000001
14.56,17.205251834913714,114.625,1.974316640690482,125,2450,1.0304945464734314,1.6047500000000001
16.845,17.205251834913714,114.625,1.974316640690482,125,2450,1.0304945464734314,1.6047500000000001
15.63,17.205251834913714,114.625,1.974316640690482,125,2450,1.0304945464734314,1.6047500000000001
14.46,17.205251834913714,114.625,1.974316640690482,125,2450,1.0304945464734314,1.6047500000000001
28.005,17.205251834913714,114.625,1.974316640690482,125,2450,1.0304945464734314,1.6047500000000001
12.86,17.203331475751085,114.75,1.9723962815278533,125,2450,1.030926299092919,1.6065
21.09,17.203331475751085,114.75,1.9723962815278533,125,2450,1.030926299092919,1.6065
19.285,17.203331475751085,114.75,1.9723962815278533,125,2450,1.030926299092919,1.6065
11.095,17.203331475751085,114.75,1.9723962815278533,125,2450,1.030926299092919,1.6065
18.35,17.203331475751085,114.75,1.9723962815278533,125,2450,1.030926299092919,1.6065
10.495,17.20311947451546,114.875,1.972184280292229,125,2450,1.0313594649765372,1.60825
14.15,17.20311947451546,114.875,1.972184280292229,125,2450,1.0313594649765372,1.60825
15.39,17.20420707764254,115,1.973271883419308,125,2450,1.031794047204969,1.61
20.115,17.20420707764254,115,1.973271883419308,125,2450,1.031794047204969,1.61
18.875,17.20420707764254,115,1.973271883419308,125,2450,1.031794047204969,1.61
15.23,17.20420707764254,115,1.973271883419308,125,2450,1.031794047204969,1.61
20.095,17.20420707764254,115,1.973271883419308,125,2450,1.031794047204969,1.61
18.885,17.203722619772567,115.08333333333331,1.9727874255493347,125,2450,1.032084557071663,1.6111666666666664
12.835,17.204226584818663,115.125,1.9732913905954312,125,2450,1.0322300488622513,1.61175
17.060000000000002,17.204226584818663,115.125,1.9732913905954312,125,2450,1.0322300488622513,1.61175
12.045,17.204226584818663,115.125,1.9732913905954312,125,2450,1.0322300488622513,1.61175
20.085,17.204226584818663,115.125,1.9732913905954312,125,2450,1.0322300488622513,1.61175
11.995,17.204226584818663,115.125,1.9732913905954312,125,2450,1.0322300488622513,1.61175
17.615000000000002,17.204226584818663,115.125,1.9732913905954312,125,2450,1.0322300488622513,1.61175
13.02,17.204226584818663,115.125,1.9732913905954312,125,2450,1.0322300488622513,1.61175
16.78,17.203867897193913,115.25,1.972932702970681,125,2450,1.0326674730357763,1.6135
15.015,17.203867897193913,115.25,1.972932702970681,125,2450,1.0326674730357763,1.6135
24.01,17.203867897193913,115.25,1.972932702970681,125,2450,1.0326674730357763,1.6135
25.795,17.203867897193913,115.25,1.972932702970681,125,2450,1.0326674730357763,1.6135
15.75,17.203867897193913,115.25,1.972932702970681,125,2450,1.0326674730357763,1.6135
17.9,17.204866641847463,115.375,1.9739314476242313,125,2450,1.0331063228162887,1.61525
21.45,17.204866641847463,115.375,1.9739314476242313,125,2450,1.0331063228162887,1.61525
14.645,17.204866641847463,115.375,1.9739314476242313,125,2450,1.0331063228162887,1.61525
21.515,17.204866641847463,115.375,1.9739314476242313,125,2450,1.0331063228162887,1.61525
17.305,17.204866641847463,115.375,1.9739314476242313,125,2450,1.0331063228162887,1.61525
16.875,17.204866641847463,115.375,1.9739314476242313,125,2450,1.0331063228162887,1.61525
16.299999999999997,17.203964979220338,115.41666666666669,1.973029784997106,125,2450,1.0332529234126981,1.6158333333333337
13.06,17.203452645079096,115.5,1.9725174508558645,125,2450,1.0335466012978882,1.617
14.45,17.203452645079096,115.5,1.9725174508558645,125,2450,1.0335466012978882,1.617
18.25,17.203452645079096,115.5,1.9725174508558645,125,2450,1.0335466012978882,1.617
18.235,17.203452645079096,115.5,1.9725174508558645,125,2450,1.0335466012978882,1.617
22.880000000000003,17.203452645079096,115.5,1.9725174508558645,125,2450,1.0335466012978882,1.617
14.81,17.203452645079096,115.5,1.9725174508558645,125,2450,1.0335466012978882,1.617
15.65,17.203452645079096,115.5,1.9725174508558645,125,2450,1.0335466012978882,1.617
17.04,17.203452645079096,115.5,1.9725174508558645,125,2450,1.0335466012978882,1.617
12.585,17.203452645079096,115.5,1.9725174508558645,125,2450,1.0335466012978882,1.617
17.645,17.203452645079096,115.5,1.9725174508558645,125,2450,1.0335466012978882,1.617
20.24,17.204277934143825,115.625,1.973342739920593,125,2450,1.0339883115780277,1.6187500000000001
17.455000000000002,17.204277934143825,115.625,1.973342739920593,125,2450,1.0339883115780277,1.6187500000000001
33.38,17.204277934143825,115.625,1.973342739920593,125,2450,1.0339883115780277,1.6187500000000001
29.365,17.204439129610034,115.75,1.9735039353868018,125,2450,1.0344314567575155,1.6205
12.365,17.204439129610034,115.75,1.9735039353868018,125,2450,1.0344314567575155,1.6205
13.935,17.204439129610034,115.75,1.9735039353868018,125,2450,1.0344314567575155,1.6205
14.755,17.204439129610034,115.75,1.9735039353868018,125,2450,1.0344314567575155,1.6205
16.53,17.204439129610034,115.75,1.9735039353868018,125,2450,1.0344314567575155,1.6205
12.635,17.204439129610034,115.75,1.9735039353868018,125,2450,1.0344314567575155,1.6205
24.905,17.204439129610034,115.75,1.9735039353868018,125,2450,1.0344314567575155,1.6205
31.25,17.20626097140264,115.84375,1.9753257771794068,125,2450,1.034764759162049,1.6218125
16.09,17.206255161593685,115.875,1.975319967370453,125,2450,1.0348760399405124,1.62225
15.45,17.206255161593685,115.875,1.975319967370453,125,2450,1.0348760399405124,1.62225
19.615,17.206255161593685,115.875,1.975319967370453,125,2450,1.0348760399405124,1.62225
17.39,17.207035442460523,116,1.976100248237291,125,2450,1.035322064234534,1.624
13.925,17.207035442460523,116,1.976100248237291,125,2450,1.035322064234534,1.624
18.71,17.207035442460523,116,1.976100248237291,125,2450,1.035322064234534,1.624
13.98,17.207035442460523,116,1.976100248237291,125,2450,1.035322064234534,1.624
18.69,17.207035442460523,116,1.976100248237291,125,2450,1.035322064234534,1.624
16.505000000000003,17.207035442460523,116,1.976100248237291,125,2450,1.035322064234534,1.624
19.54,17.207035442460523,116,1.976100248237291,125,2450,1.035322064234534,1.624
13.22,17.208331484780647,116.125,1.9773962905574152,125,2450,1.0357695327504501,1.62575
18.645,17.208331484780647,116.125,1.9773962905574152,125,2450,1.0357695327504501,1.62575
19.07,17.208331484780647,116.125,1.9773962905574152,125,2450,1.0357695327504501,1.62575
19.075,17.208331484780647,116.125,1.9773962905574152,125,2450,1.0357695327504501,1.62575
14.585,17.208331484780647,116.125,1.9773962905574152,125,2450,1.0357695327504501,1.62575
20.26,17.208331484780647,116.125,1.9773962905574152,125,2450,1.0357695327504501,1.62575
29.25,17.20835310166592,116.25,1.977417907442689,125,2450,1.0362184486024844,1.6275
15.670000000000002,17.20835310166592,116.25,1.977417907442689,125,2450,1.0362184486024844,1.6275
10.385000000000002,17.20835310166592,116.25,1.977417907442689,125,2450,1.0362184486024844,1.6275
13.88,17.20835310166592,116.25,1.977417907442689,125,2450,1.0362184486024844,1.6275
14.545000000000002,17.20835310166592,116.25,1.977417907442689,125,2450,1.0362184486024844,1.6275
20.835,17.20835310166592,116.25,1.977417907442689,125,2450,1.0362184486024844,1.6275
13.03,17.20835310166592,116.25,1.977417907442689,125,2450,1.0362184486024844,1.6275
18.715000000000003,17.20835310166592,116.25,1.977417907442689,125,2450,1.0362184486024844,1.6275
20.67,17.20835310166592,116.25,1.977417907442689,125,2450,1.0362184486024844,1.6275
16.875,17.20835310166592,116.25,1.977417907442689,125,2450,1.0362184486024844,1.6275
14.225,17.20801877163551,116.375,1.9770835774122766,125,2450,1.036668814908214,1.62925
14.16,17.20801877163551,116.375,1.9770835774122766,125,2450,1.036668814908214,1.62925
23.295,17.20801877163551,116.375,1.9770835774122766,125,2450,1.036668814908214,1.62925
16.630000000000003,17.20801877163551,116.375,1.9770835774122766,125,2450,1.036668814908214,1.62925
20.81,17.20801877163551,116.375,1.9770835774122766,125,2450,1.036668814908214,1.62925
17.25,17.20801877163551,116.375,1.9770835774122766,125,2450,1.036668814908214,1.62925
11.37,17.20801877163551,116.375,1.9770835774122766,125,2450,1.036668814908214,1.62925
19.39,17.20801877163551,116.375,1.9770835774122766,125,2450,1.036668814908214,1.62925
28.485,17.20801877163551,116.375,1.9770835774122766,125,2450,1.036668814908214,1.62925
16.955000000000002,17.212564968883868,116.5,1.981629774660636,125,2450,1.0371206347885713,1.631
18.835,17.212564968883868,116.5,1.981629774660636,125,2450,1.0371206347885713,1.631
16.83,17.212564968883868,116.5,1.981629774660636,125,2450,1.0371206347885713,1.631
16.205,17.212564968883868,116.5,1.981629774660636,125,2450,1.0371206347885713,1.631
18.685,17.212564968883868,116.5,1.981629774660636,125,2450,1.0371206347885713,1.631
15.895,17.212564968883868,116.5,1.981629774660636,125,2450,1.0371206347885713,1.631
19.950000000000003,17.212564968883868,116.5,1.981629774660636,125,2450,1.0371206347885713,1.631
16.98,17.212564968883868,116.5,1.981629774660636,125,2450,1.0371206347885713,1.631
15.425,17.212045350501583,116.53125,1.9811101562783513,125,2450,1.0372338172457496,1.6314375
14.195,17.21236844514563,116.625,1.9814332509223966,125,2450,1.0375739113678415,1.63275
12.49,17.21236844514563,116.625,1.9814332509223966,125,2450,1.0375739113678415,1.63275
13.385000000000002,17.21236844514563,116.625,1.9814332509223966,125,2450,1.0375739113678415,1.63275
16.72,17.21236844514563,116.625,1.9814332509223966,125,2450,1.0375739113678415,1.63275
19.675,17.21236844514563,116.625,1.9814332509223966,125,2450,1.0375739113678415,1.63275
14.579999999999998,17.21236844514563,116.625,1.9814332509223966,125,2450,1.0375739113678415,1.63275
19.715000000000003,17.21236844514563,116.625,1.9814332509223966,125,2450,1.0375739113678415,1.63275
15.69,17.21236844514563,116.625,1.9814332509223966,125,2450,1.0375739113678415,1.63275
15.9,17.21236844514563,116.625,1.9814332509223966,125,2450,1.0375739113678415,1.63275
23.54,17.21236844514563,116.625,1.9814332509223966,125,2450,1.0375739113678415,1.63275
21.765,17.21236844514563,116.625,1.9814332509223966,125,2450,1.0375739113678415,1.63275
12.03,17.21236844514563,116.625,1.9814332509223966,125,2450,1.0375739113678415,1.63275
14.61,17.212539392417753,116.64583333333331,1.9816041981945212,125,2450,1.0376495993074533,1.6330416666666665
16.830000000000002,17.21237087326558,116.75,1.9814356790423489,125,2450,1.0380286477736644,1.6345
18.41,17.21237087326558,116.75,1.9814356790423489,125,2450,1.0380286477736644,1.6345
17.925,17.21237087326558,116.75,1.9814356790423489,125,2450,1.0380286477736644,1.6345
16.27,17.21237087326558,116.75,1.9814356790423489,125,2450,1.0380286477736644,1.6345
16.605,17.21237087326558,116.75,1.9814356790423489,125,2450,1.0380286477736644,1.6345
18.25,17.21237087326558,116.75,1.9814356790423489,125,2450,1.0380286477736644,1.6345
24.39,17.21237087326558,116.75,1.9814356790423489,125,2450,1.0380286477736644,1.6345
9.765,17.21365213597825,116.875,1.9827169417550188,125,2450,1.038484847137034,1.63625
16.91,17.21365213597825,116.875,1.9827169417550188,125,2450,1.038484847137034,1.63625
19.985,17.21365213597825,116.875,1.9827169417550188,125,2450,1.038484847137034,1.63625
17.33,17.21365213597825,116.875,1.9827169417550188,125,2450,1.038484847137034,1.63625
13.260000000000002,17.21365213597825,116.875,1.9827169417550188,125,2450,1.038484847137034,1.63625
15.88,17.21365213597825,116.875,1.9827169417550188,125,2450,1.038484847137034,1.63625
12.12,17.214123795991558,117,1.983188601768326,125,2450,1.038942512592298,1.6380000000000001
14.485,17.214123795991558,117,1.983188601768326,125,2450,1.038942512592298,1.6380000000000001
13.65,17.214123795991558,117,1.983188601768326,125,2450,1.038942512592298,1.6380000000000001
13.705,17.214123795991558,117,1.983188601768326,125,2450,1.038942512592298,1.6380000000000001
15.420000000000002,17.214123795991558,117,1.983188601768326,125,2450,1.038942512592298,1.6380000000000001
13.805,17.21482359876696,117.09375,1.9838884045437268,125,2450,1.0392867256939493,1.6393125
16.665,17.214866490958766,117.125,1.983931296735534,125,2450,1.0394016472771581,1.63975
11.37,17.214866490958766,117.125,1.983931296735534,125,2450,1.0394016472771581,1.63975
13.7,17.214866490958766,117.125,1.983931296735534,125,2450,1.0394016472771581,1.63975
16.205,17.214866490958766,117.125,1.983931296735534,125,2450,1.0394016472771581,1.63975
11.27,17.214866490958766,117.125,1.983931296735534,125,2450,1.0394016472771581,1.63975
16.52,17.214866490958766,117.125,1.983931296735534,125,2450,1.0394016472771581,1.63975
22.32,17.214866490958766,117.125,1.983931296735534,125,2450,1.0394016472771581,1.63975
18.385,17.214866490958766,117.125,1.983931296735534,125,2450,1.0394016472771581,1.63975
13.665,17.214866490958766,117.125,1.983931296735534,125,2450,1.0394016472771581,1.63975
17.97,17.214866490958766,117.125,1.983931296735534,125,2450,1.0394016472771581,1.63975
17.6,17.216451869249802,117.25,1.9855166750265703,125,2450,1.0398622543326708,1.6415
10.885000000000002,17.216451869249802,117.25,1.9855166750265703,125,2450,1.0398622543326708,1.6415
17.72,17.216451869249802,117.25,1.9855166750265703,125,2450,1.0398622543326708,1.6415
13.205,17.216451869249802,117.25,1.9855166750265703,125,2450,1.0398622543326708,1.6415
19.34,17.216451869249802,117.25,1.9855166750265703,125,2450,1.0398622543326708,1.6415
17.095,17.216451869249802,117.25,1.9855166750265703,125,2450,1.0398622543326708,1.6415
19.365,17.216451869249802,117.25,1.9855166750265703,125,2450,1.0398622543326708,1.6415
10.82,17.2166698135992,117.375,1.9857346193759682,125,2450,1.040324336903245,1.64325
15.225,17.2166698135992,117.375,1.9857346193759682,125,2450,1.040324336903245,1.64325
17.685000000000002,17.2166698135992,117.375,1.9857346193759682,125,2450,1.040324336903245,1.64325
15.46,17.2166698135992,117.375,1.9857346193759682,125,2450,1.040324336903245,1.64325
16.125,17.2166698135992,117.375,1.9857346193759682,125,2450,1.040324336903245,1.64325
18.275,17.2166698135992,117.375,1.9857346193759682,125,2450,1.040324336903245,1.64325
21,17.2166698135992,117.375,1.9857346193759682,125,2450,1.040324336903245,1.64325
18.200000000000003,17.2166698135992,117.375,1.9857346193759682,125,2450,1.040324336903245,1.64325
21.57,17.2166698135992,117.375,1.9857346193759682,125,2450,1.040324336903245,1.64325
18.84,17.2166698135992,117.375,1.9857346193759682,125,2450,1.040324336903245,1.64325
21.03,17.2166698135992,117.375,1.9857346193759682,125,2450,1.040324336903245,1.64325
18.875,17.2166698135992,117.375,1.9857346193759682,125,2450,1.040324336903245,1.64325
12.47,17.216367377875407,117.46875,1.9854321836521756,125,2450,1.0406718690313863,1.6445625
14.255,17.21635232749997,117.5,1.9854171332767372,125,2450,1.0407878981366459,1.645
18.205,17.21635232749997,117.5,1.9854171332767372,125,2450,1.0407878981366459,1.645
19.415,17.21635232749997,117.5,1.9854171332767372,125,2450,1.0407878981366459,1.645
19.35,17.21635232749997,117.5,1.9854171332767372,125,2450,1.0407878981366459,1.645
14.87,17.217729961517648,117.625,1.9867947672944162,125,2450,1.0412529411839906,1.64675
18.54,17.217729961517648,117.625,1.9867947672944162,125,2450,1.0412529411839906,1.64675
12.575,17.217729961517648,117.625,1.9867947672944162,125,2450,1.0412529411839906,1.64675
13.48,17.217729961517648,117.625,1.9867947672944162,125,2450,1.0412529411839906,1.64675
15.705,17.217729961517648,117.625,1.9867947672944162,125,2450,1.0412529411839906,1.64675
18.08,17.217729961517648,117.625,1.9867947672944162,125,2450,1.0412529411839906,1.64675
14.645,17.217729961517648,117.625,1.9867947672944162,125,2450,1.0412529411839906,1.64675
16.69,17.217729961517648,117.625,1.9867947672944162,125,2450,1.0412529411839906,1.64675
12.91,17.217432788007525,117.66666666666669,1.9864975937842928,125,2450,1.0414082853702138,1.6473333333333335
22.135,17.22038351179804,117.75,1.9894483175748086,125,2450,1.0417194691997513,1.6485
21.415,17.22038351179804,117.75,1.9894483175748086,125,2450,1.0417194691997513,1.6485
13.49,17.22038351179804,117.75,1.9894483175748086,125,2450,1.0417194691997513,1.6485
17.255,17.22038351179804,117.75,1.9894483175748086,125,2450,1.0417194691997513,1.6485
19.11,17.22038351179804,117.75,1.9894483175748086,125,2450,1.0417194691997513,1.6485
14.89,17.22038351179804,117.75,1.9894483175748086,125,2450,1.0417194691997513,1.6485
22.685,17.22038351179804,117.75,1.9894483175748086,125,2450,1.0417194691997513,1.6485
45.295,17.22038351179804,117.75,1.9894483175748086,125,2450,1.0417194691997513,1.6485
19.165,17.22730362050919,117.875,1.996368426285958,125,2450,1.0421874853417545,1.65025
19.765,17.22730362050919,117.875,1.996368426285958,125,2450,1.0421874853417545,1.65025
16.88,17.228556445810966,118,1.9976212515877343,125,2450,1.04265699277118,1.6520000000000001
19.79,17.228556445810966,118,1.9976212515877343,125,2450,1.04265699277118,1.6520000000000001
21.61,17.228556445810966,118,1.9976212515877343,125,2450,1.04265699277118,1.6520000000000001
18.06,17.228556445810966,118,1.9976212515877343,125,2450,1.04265699277118,1.6520000000000001
18.04,17.228556445810966,118,1.9976212515877343,125,2450,1.04265699277118,1.6520000000000001
23.18,17.228645005952586,118.08333333333331,1.9977098117293544,125,2450,1.0429708277797374,1.6531666666666665
15.235,17.226021567828834,118.125,1.9950863736056021,125,2450,1.043127994652562,1.65375
12.41,17.226021567828834,118.125,1.9950863736056021,125,2450,1.043127994652562,1.65375
9.11,17.226021567828834,118.125,1.9950863736056021,125,2450,1.043127994652562,1.65375
34.584999999999994,17.226021567828834,118.125,1.9950863736056021,125,2450,1.043127994652562,1.65375
15.065,17.226021567828834,118.125,1.9950863736056021,125,2450,1.043127994652562,1.65375
13.975,17.226021567828834,118.125,1.9950863736056021,125,2450,1.043127994652562,1.65375
16.895,17.226021567828834,118.125,1.9950863736056021,125,2450,1.043127994652562,1.65375
16.405,17.226021567828834,118.125,1.9950863736056021,125,2450,1.043127994652562,1.65375
17.77,17.226021567828834,118.125,1.9950863736056021,125,2450,1.043127994652562,1.65375
11.755,17.242421679985473,118.25,2.0114864857622408,125,2450,1.0436004941537886,1.6555
13.555,17.242421679985473,118.25,2.0114864857622408,125,2450,1.0436004941537886,1.6555
16.515,17.242421679985473,118.25,2.0114864857622408,125,2450,1.0436004941537886,1.6555
15.645,17.242421679985473,118.25,2.0114864857622408,125,2450,1.0436004941537886,1.6555
17.94,17.242421679985473,118.25,2.0114864857622408,125,2450,1.0436004941537886,1.6555
10.18,17.242421679985473,118.25,2.0114864857622408,125,2450,1.0436004941537886,1.6555
17.18,17.242421679985473,118.25,2.0114864857622408,125,2450,1.0436004941537886,1.6555
12.47,17.242421679985473,118.25,2.0114864857622408,125,2450,1.0436004941537886,1.6555
19.915,17.242421679985473,118.25,2.0114864857622408,125,2450,1.0436004941537886,1.6555
26.445,17.242421679985473,118.25,2.0114864857622408,125,2450,1.0436004941537886,1.6555
18.09,17.24218685095306,118.375,2.0112516567298293,125,2450,1.0440744944461022,1.6572500000000001
12.585,17.24218685095306,118.375,2.0112516567298293,125,2450,1.0440744944461022,1.6572500000000001
16.080000000000002,17.24218685095306,118.375,2.0112516567298293,125,2450,1.0440744944461022,1.6572500000000001
19.33,17.24218685095306,118.375,2.0112516567298293,125,2450,1.0440744944461022,1.6572500000000001
10.38,17.24205865900363,118.39583333333331,2.011123464780397,125,2450,1.0441536406279244,1.6575416666666665
18.48,17.240394860291527,118.45833333333331,2.0094596660682953,125,2450,1.0443913299813679,1.6584166666666664
25.02,17.240387494071587,118.5,2.0094522998483555,125,2450,1.0445499987040991,1.659
13.785,17.240387494071587,118.5,2.0094522998483555,125,2450,1.0445499987040991,1.659
18.045,17.240387494071587,118.5,2.0094522998483555,125,2450,1.0445499987040991,1.659
16.455,17.240387494071587,118.5,2.0094522998483555,125,2450,1.0445499987040991,1.659
16.005,17.240387494071587,118.5,2.0094522998483555,125,2450,1.0445499987040991,1.659
15.2,17.24277744939903,118.625,2.0118422551757966,125,2450,1.0450270101057297,1.66075
16.93,17.24277744939903,118.625,2.0118422551757966,125,2450,1.0450270101057297,1.66075
15.705000000000002,17.24277744939903,118.625,2.0118422551757966,125,2450,1.0450270101057297,1.66075
13.585,17.24277744939903,118.625,2.0118422551757966,125,2450,1.0450270101057297,1.66075
27.775,17.24277744939903,118.625,2.0118422551757966,125,2450,1.0450270101057297,1.66075
17.240000000000002,17.24277744939903,118.625,2.0118422551757966,125,2450,1.0450270101057297,1.66075
19.035,17.243166558442844,118.66666666666669,2.0122313642196126,125,2450,1.0451863493768392,1.6613333333333336
10.56,17.243166558442844,118.6875,2.0122313642196126,125,2450,1.045266081979434,1.6616250000000001
15.425,17.244291559274515,118.75,2.0133563650512833,125,2450,1.045505531832298,1.6625
15.71,17.244291559274515,118.75,2.0133563650512833,125,2450,1.045505531832298,1.6625
18.590000000000003,17.244291559274515,118.75,2.0133563650512833,125,2450,1.045505531832298,1.6625
16.21,17.244291559274515,118.75,2.0133563650512833,125,2450,1.045505531832298,1.6625
14.095,17.244291559274515,118.75,2.0133563650512833,125,2450,1.045505531832298,1.6625
15.705,17.244291559274515,118.75,2.0133563650512833,125,2450,1.045505531832298,1.6625
16.3,17.244291559274515,118.75,2.0133563650512833,125,2450,1.045505531832298,1.6625
19.165,17.244291559274515,118.75,2.0133563650512833,125,2450,1.045505531832298,1.6625
16.275,17.244291559274515,118.75,2.0133563650512833,125,2450,1.045505531832298,1.6625
19.18,17.244291559274515,118.75,2.0133563650512833,125,2450,1.045505531832298,1.6625
17.465,17.246614143391994,118.875,2.0156789491687626,125,2450,1.0459855670684628,1.66425
14.535,17.246614143391994,118.875,2.0156789491687626,125,2450,1.0459855670684628,1.66425
18.69,17.246614143391994,118.875,2.0156789491687626,125,2450,1.0459855670684628,1.66425
18.235,17.246614143391994,118.875,2.0156789491687626,125,2450,1.0459855670684628,1.66425
18.425,17.246614143391994,118.875,2.0156789491687626,125,2450,1.0459855670684628,1.66425
10.945,17.246614143391994,118.875,2.0156789491687626,125,2450,1.0459855670684628,1.66425
18.43,17.246614143391994,118.875,2.0156789491687626,125,2450,1.0459855670684628,1.66425
23.685,17.247910535013514,119,2.0169753407902817,125,2450,1.0464671190022357,1.666
8.945,17.247910535013514,119,2.0169753407902817,125,2450,1.0464671190022357,1.666
19.125,17.247910535013514,119,2.0169753407902817,125,2450,1.0464671190022357,1.666
16.49,17.247910535013514,119,2.0169753407902817,125,2450,1.0464671190022357,1.666
24.025,17.247910535013514,119,2.0169753407902817,125,2450,1.0464671190022357,1.666
20.525,17.247910535013514,119,2.0169753407902817,125,2450,1.0464671190022357,1.666
17.745,17.247910535013514,119,2.0169753407902817,125,2450,1.0464671190022357,1.666
13.23,17.248530504835774,119.125,2.017595310612542,125,2450,1.0469501908249843,1.66775
14.705000000000002,17.248530504835774,119.125,2.017595310612542,125,2450,1.0469501908249843,1.66775
18.125,17.248530504835774,119.125,2.017595310612542,125,2450,1.0469501908249843,1.66775
14.875,17.248530504835774,119.125,2.017595310612542,125,2450,1.0469501908249843,1.66775
12.685,17.248530504835774,119.125,2.017595310612542,125,2450,1.0469501908249843,1.66775
18.619999999999997,17.248530504835774,119.125,2.017595310612542,125,2450,1.0469501908249843,1.66775
15.835,17.248530504835774,119.125,2.017595310612542,125,2450,1.0469501908249843,1.66775
15.205,17.248530504835774,119.125,2.017595310612542,125,2450,1.0469501908249843,1.66775
16.03,17.248648823199048,119.25,2.017713628975816,125,2450,1.0474347857314283,1.6695
15.364999999999998,17.248648823199048,119.25,2.017713628975816,125,2450,1.0474347857314283,1.6695
18.725,17.248648823199048,119.25,2.017713628975816,125,2450,1.0474347857314283,1.6695
12.715,17.248648823199048,119.25,2.017713628975816,125,2450,1.0474347857314283,1.6695
17.425,17.248648823199048,119.25,2.017713628975816,125,2450,1.0474347857314283,1.6695
23,17.248648823199048,119.25,2.017713628975816,125,2450,1.0474347857314283,1.6695
13.285,17.248648823199048,119.25,2.017713628975816,125,2450,1.0474347857314283,1.6695
13.31,17.248648823199048,119.25,2.017713628975816,125,2450,1.0474347857314283,1.6695
14.455,17.252916195240676,119.375,2.021981001017444,125,2450,1.0479209069196427,1.6712500000000001
10.175,17.252916195240676,119.375,2.021981001017444,125,2450,1.0479209069196427,1.6712500000000001
35.035000000000004,17.252916195240676,119.375,2.021981001017444,125,2450,1.0479209069196427,1.6712500000000001
16.275,17.252916195240676,119.375,2.021981001017444,125,2450,1.0479209069196427,1.6712500000000001
19.495,17.252916195240676,119.375,2.021981001017444,125,2450,1.0479209069196427,1.6712500000000001
21.515,17.252916195240676,119.375,2.021981001017444,125,2450,1.0479209069196427,1.6712500000000001
11.165,17.252916195240676,119.375,2.021981001017444,125,2450,1.0479209069196427,1.6712500000000001
18.185,17.252916195240676,119.375,2.021981001017444,125,2450,1.0479209069196427,1.6712500000000001
14.32,17.253256494862523,119.45833333333331,2.022321300639291,125,2450,1.0482458372269166,1.6724166666666664
10.99,17.253256494862523,119.5,2.022321300639291,125,2450,1.0484085575910558,1.673
18.47,17.253256494862523,119.5,2.022321300639291,125,2450,1.0484085575910558,1.673
19.5,17.253256494862523,119.5,2.022321300639291,125,2450,1.0484085575910558,1.673
30.145,17.253256494862523,119.5,2.022321300639291,125,2450,1.0484085575910558,1.673
28.37,17.253256494862523,119.5,2.022321300639291,125,2450,1.0484085575910558,1.673
14.595,17.253379825938467,119.625,2.022444631715235,125,2450,1.04889774095045,1.67475
18.395000000000003,17.253379825938467,119.625,2.022444631715235,125,2450,1.04889774095045,1.67475
13.175,17.253379825938467,119.625,2.022444631715235,125,2450,1.04889774095045,1.67475
13.78,17.253379825938467,119.625,2.022444631715235,125,2450,1.04889774095045,1.67475
20.854999999999997,17.253379825938467,119.625,2.022444631715235,125,2450,1.04889774095045,1.67475
25.475,17.253379825938467,119.625,2.022444631715235,125,2450,1.04889774095045,1.67475
16.46,17.253379825938467,119.625,2.022444631715235,125,2450,1.04889774095045,1.67475
15.895,17.253379825938467,119.625,2.022444631715235,125,2450,1.04889774095045,1.67475
18.575,17.25564306101593,119.75,2.024707866792699,125,2450,1.0493884602059627,1.6765
15.935,17.25564306101593,119.75,2.024707866792699,125,2450,1.0493884602059627,1.6765
14.685,17.25564306101593,119.75,2.024707866792699,125,2450,1.0493884602059627,1.6765
19.25,17.25564306101593,119.75,2.024707866792699,125,2450,1.0493884602059627,1.6765
16.735,17.25564306101593,119.75,2.024707866792699,125,2450,1.0493884602059627,1.6765
20.85,17.25564306101593,119.75,2.024707866792699,125,2450,1.0493884602059627,1.6765
17.47,17.25564306101593,119.75,2.024707866792699,125,2450,1.0493884602059627,1.6765
14.45,17.256642796901303,119.875,2.0257076026780716,125,2450,1.0498807185690835,1.67825
15.405,17.256642796901303,119.875,2.0257076026780716,125,2450,1.0498807185690835,1.67825
22.26,17.256642796901303,119.875,2.0257076026780716,125,2450,1.0498807185690835,1.67825
16.98,17.256642796901303,119.875,2.0257076026780716,125,2450,1.0498807185690835,1.67825
16.985,17.256642796901303,119.875,2.0257076026780716,125,2450,1.0498807185690835,1.67825
17.345,17.256642796901303,119.875,2.0257076026780716,125,2450,1.0498807185690835,1.67825
27.23,17.256642796901303,119.875,2.0257076026780716,125,2450,1.0498807185690835,1.67825
17.145000000000003,17.256642796901303,119.875,2.0257076026780716,125,2450,1.0498807185690835,1.67825
36.27,17.256642796901303,119.875,2.0257076026780716,125,2450,1.0498807185690835,1.67825
40.57,17.257536357042923,120,2.0266011628196914,125,2450,1.050374519254658,1.68
10.98,17.257536357042923,120,2.0266011628196914,125,2450,1.050374519254658,1.68
20.64,17.257536357042923,120,2.0266011628196914,125,2450,1.050374519254658,1.68
17.07,17.257536357042923,120,2.0266011628196914,125,2450,1.050374519254658,1.68
16.875,17.257536357042923,120,2.0266011628196914,125,2450,1.050374519254658,1.68
25.105,17.257536357042923,120,2.0266011628196914,125,2450,1.050374519254658,1.68
14.05,17.257536357042923,120,2.0266011628196914,125,2450,1.050374519254658,1.68
14.115,17.257382590884763,120.125,2.0264473966615313,125,2450,1.050869865480885,1.68175
11.33,17.257382590884763,120.125,2.0264473966615313,125,2450,1.050869865480885,1.68175
24.175,17.257382590884763,120.125,2.0264473966615313,125,2450,1.050869865480885,1.68175
25.275,17.257382590884763,120.125,2.0264473966615313,125,2450,1.050869865480885,1.68175
21.04,17.257382590884763,120.125,2.0264473966615313,125,2450,1.050869865480885,1.68175
15,17.257382590884763,120.125,2.0264473966615313,125,2450,1.050869865480885,1.68175
21.255000000000003,17.257382590884763,120.125,2.0264473966615313,125,2450,1.050869865480885,1.68175
17.07,17.257382590884763,120.125,2.0264473966615313,125,2450,1.050869865480885,1.68175
15.53,17.256163378951488,120.15625,2.025228184728256,125,2450,1.0509939439056206,1.6821875
13.55,17.256525855545917,120.25,2.025590661322685,125,2450,1.0513667604693167,1.6835
15.965,17.256525855545917,120.25,2.025590661322685,125,2450,1.0513667604693167,1.6835
14.74,17.256525855545917,120.25,2.025590661322685,125,2450,1.0513667604693167,1.6835
17.05,17.256525855545917,120.25,2.025590661322685,125,2450,1.0513667604693167,1.6835
15.585,17.256525855545917,120.25,2.025590661322685,125,2450,1.0513667604693167,1.6835
11.77,17.256525855545917,120.25,2.025590661322685,125,2450,1.0513667604693167,1.6835
15.295,17.256525855545917,120.25,2.025590661322685,125,2450,1.0513667604693167,1.6835
18.765,17.256525855545917,120.25,2.025590661322685,125,2450,1.0513667604693167,1.6835
21.525,17.256525855545917,120.25,2.025590661322685,125,2450,1.0513667604693167,1.6835
17.03,17.256525855545917,120.25,2.025590661322685,125,2450,1.0513667604693167,1.6835
14.925,17.256525855545917,120.25,2.025590661322685,125,2450,1.0513667604693167,1.6835
17.41,17.256525855545917,120.25,2.025590661322685,125,2450,1.0513667604693167,1.6835
21.5,17.257124536160877,120.375,2.026189341937645,125,2450,1.0518652074448602,1.6852500000000001
12.805,17.257124536160877,120.375,2.026189341937645,125,2450,1.0518652074448602,1.6852500000000001
20.58,17.257124536160877,120.375,2.026189341937645,125,2450,1.0518652074448602,1.6852500000000001
10.355,17.257124536160877,120.375,2.026189341937645,125,2450,1.0518652074448602,1.6852500000000001
25.425,17.257124536160877,120.375,2.026189341937645,125,2450,1.0518652074448602,1.6852500000000001
20.79,17.257124536160877,120.375,2.026189341937645,125,2450,1.0518652074448602,1.6852500000000001
20.335,17.257124536160877,120.375,2.026189341937645,125,2450,1.0518652074448602,1.6852500000000001
16.05,17.259316982934,120.5,2.0283817887107674,125,2450,1.052365209635776,1.687
16.115000000000002,17.259316982934,120.5,2.0283817887107674,125,2450,1.052365209635776,1.687
16.925,17.259316982934,120.5,2.0283817887107674,125,2450,1.052365209635776,1.687
14.760000000000002,17.259316982934,120.5,2.0283817887107674,125,2450,1.052365209635776,1.687
19.015,17.259316982934,120.5,2.0283817887107674,125,2450,1.052365209635776,1.687
20.815,17.259316982934,120.5,2.0283817887107674,125,2450,1.052365209635776,1.687
14.41,17.259316982934,120.5,2.0283817887107674,125,2450,1.052365209635776,1.687
17.06,17.259598775064024,120.58333333333331,2.0286635808407922,125,2450,1.0526994100339817,1.6881666666666664
11.34,17.259139869660544,120.625,2.028204675437312,125,2450,1.05286677027368,1.68875
22.26,17.259139869660544,120.625,2.028204675437312,125,2450,1.05286677027368,1.68875
17.130000000000003,17.259139869660544,120.625,2.028204675437312,125,2450,1.05286677027368,1.68875
14.675,17.259240024351165,120.75,2.028304830127933,125,2450,1.0533698925935404,1.6905000000000001
16.135,17.259240024351165,120.75,2.028304830127933,125,2450,1.0533698925935404,1.6905000000000001
19.42,17.259240024351165,120.75,2.028304830127933,125,2450,1.0533698925935404,1.6905000000000001
16.225,17.259240024351165,120.75,2.028304830127933,125,2450,1.0533698925935404,1.6905000000000001
22.325,17.259240024351165,120.75,2.028304830127933,125,2450,1.0533698925935404,1.6905000000000001
16.03,17.259240024351165,120.75,2.028304830127933,125,2450,1.0533698925935404,1.6905000000000001
19.82,17.259240024351165,120.75,2.028304830127933,125,2450,1.0533698925935404,1.6905000000000001
28.375,17.259287758525673,120.875,2.028352564302441,125,2450,1.05387457983368,1.69225
7.295,17.259287758525673,120.875,2.028352564302441,125,2450,1.05387457983368,1.69225
12.46,17.259287758525673,120.875,2.028352564302441,125,2450,1.05387457983368,1.69225
16.435,17.259287758525673,120.875,2.028352564302441,125,2450,1.05387457983368,1.69225
18.410000000000004,17.259287758525673,120.875,2.028352564302441,125,2450,1.05387457983368,1.69225
17.265,17.259287758525673,120.875,2.028352564302441,125,2450,1.05387457983368,1.69225
18.64,17.259287758525673,120.875,2.028352564302441,125,2450,1.05387457983368,1.69225
15.585,17.26018825491385,121,2.0292530606906176,125,2450,1.0543808352357762,1.694
19.585,17.26018825491385,121,2.0292530606906176,125,2450,1.0543808352357762,1.694
14.11,17.26018825491385,121,2.0292530606906176,125,2450,1.0543808352357762,1.694
16.02,17.26018825491385,121,2.0292530606906176,125,2450,1.0543808352357762,1.694
27.700000000000003,17.26018825491385,121,2.0292530606906176,125,2450,1.0543808352357762,1.694
14.965,17.26018825491385,121,2.0292530606906176,125,2450,1.0543808352357762,1.694
17.015,17.26018825491385,121,2.0292530606906176,125,2450,1.0543808352357762,1.694
14.52,17.26018825491385,121,2.0292530606906176,125,2450,1.0543808352357762,1.694
19.175,17.26018825491385,121,2.0292530606906176,125,2450,1.0543808352357762,1.694
27.485,17.260023602433094,121.125,2.029088408209862,125,2450,1.0548886620448599,1.69575
13.915,17.260023602433094,121.125,2.029088408209862,125,2450,1.0548886620448599,1.69575
19.445,17.260023602433094,121.125,2.029088408209862,125,2450,1.0548886620448599,1.69575
14.81,17.260023602433094,121.125,2.029088408209862,125,2450,1.0548886620448599,1.69575
20.43,17.260023602433094,121.125,2.029088408209862,125,2450,1.0548886620448599,1.69575
25.700000000000003,17.260023602433094,121.125,2.029088408209862,125,2450,1.0548886620448599,1.69575
13.955,17.261634742652657,121.25,2.030699548429425,125,2450,1.0553980635093168,1.6975
16.5,17.261634742652657,121.25,2.030699548429425,125,2450,1.0553980635093168,1.6975
13.240000000000002,17.261634742652657,121.25,2.030699548429425,125,2450,1.0553980635093168,1.6975
14.095,17.261634742652657,121.25,2.030699548429425,125,2450,1.0553980635093168,1.6975
17.275,17.261634742652657,121.25,2.030699548429425,125,2450,1.0553980635093168,1.6975
23.925,17.261634742652657,121.25,2.030699548429425,125,2450,1.0553980635093168,1.6975
34.455,17.261358568334625,121.375,2.0304233741113933,125,2450,1.0559090428808848,1.69925
12.275,17.261358568334625,121.375,2.0304233741113933,125,2450,1.0559090428808848,1.69925
17.085,17.261358568334625,121.375,2.0304233741113933,125,2450,1.0559090428808848,1.69925
17.31,17.261358568334625,121.375,2.0304233741113933,125,2450,1.0559090428808848,1.69925
14.065,17.261358568334625,121.375,2.0304233741113933,125,2450,1.0559090428808848,1.69925
15.965000000000002,17.260712194296985,121.5,2.0297770000737536,125,2450,1.0564216034146583,1.701
18.845,17.260712194296985,121.5,2.0297770000737536,125,2450,1.0564216034146583,1.701
15.1,17.260712194296985,121.5,2.0297770000737536,125,2450,1.0564216034146583,1.701
15.965,17.260712194296985,121.5,2.0297770000737536,125,2450,1.0564216034146583,1.701
16.985,17.261220635272178,121.625,2.030285441048946,125,2450,1.0569357483690835,1.70275
20.6,17.261220635272178,121.625,2.030285441048946,125,2450,1.0569357483690835,1.70275
12.28,17.261220635272178,121.625,2.030285441048946,125,2450,1.0569357483690835,1.70275
14.905,17.261220635272178,121.625,2.030285441048946,125,2450,1.0569357483690835,1.70275
14.65,17.261220635272178,121.625,2.030285441048946,125,2450,1.0569357483690835,1.70275
14.6,17.261220635272178,121.625,2.030285441048946,125,2450,1.0569357483690835,1.70275
12.545000000000002,17.261220635272178,121.625,2.030285441048946,125,2450,1.0569357483690835,1.70275
18.965,17.261220635272178,121.625,2.030285441048946,125,2450,1.0569357483690835,1.70275
16.065,17.26227309095605,121.75,2.0313378967328184,125,2450,1.0574514810059625,1.7045000000000001
16.79,17.26227309095605,121.75,2.0313378967328184,125,2450,1.0574514810059625,1.7045000000000001
14.185,17.26227309095605,121.75,2.0313378967328184,125,2450,1.0574514810059625,1.7045000000000001
23.99,17.26227309095605,121.75,2.0313378967328184,125,2450,1.0574514810059625,1.7045000000000001
15.77,17.26227309095605,121.75,2.0313378967328184,125,2450,1.0574514810059625,1.7045000000000001
14.995,17.26227309095605,121.75,2.0313378967328184,125,2450,1.0574514810059625,1.7045000000000001
11.8,17.26227309095605,121.75,2.0313378967328184,125,2450,1.0574514810059625,1.7045000000000001
14.5,17.26227309095605,121.75,2.0313378967328184,125,2450,1.0574514810059625,1.7045000000000001
24.34,17.26227309095605,121.75,2.0313378967328184,125,2450,1.0574514810059625,1.7045000000000001
16.975,17.26227309095605,121.75,2.0313378967328184,125,2450,1.0574514810059625,1.7045000000000001
14.62,17.263168546117157,121.875,2.0322333518939253,125,2450,1.05796880459045,1.70625
15.95,17.263168546117157,121.875,2.0322333518939253,125,2450,1.05796880459045,1.70625
25.48,17.263168546117157,121.875,2.0322333518939253,125,2450,1.05796880459045,1.70625
26.705,17.263168546117157,121.875,2.0322333518939253,125,2450,1.05796880459045,1.70625
21.54,17.263168546117157,121.875,2.0322333518939253,125,2450,1.05796880459045,1.70625
13.205,17.263168546117157,121.875,2.0322333518939253,125,2450,1.05796880459045,1.70625
17.875,17.263168546117157,121.875,2.0322333518939253,125,2450,1.05796880459045,1.70625
16.310000000000002,17.263168546117157,121.875,2.0322333518939253,125,2450,1.05796880459045,1.70625
17.240000000000002,17.263168546117157,121.875,2.0322333518939253,125,2450,1.05796880459045,1.70625
17.695,17.26237452831942,122,2.031439334096188,125,2450,1.0584877223910556,1.708
17.225,17.26237452831942,122,2.031439334096188,125,2450,1.0584877223910556,1.708
11.37,17.26237452831942,122,2.031439334096188,125,2450,1.0584877223910556,1.708
12.170000000000002,17.26237452831942,122,2.031439334096188,125,2450,1.0584877223910556,1.708
15.33,17.26237452831942,122,2.031439334096188,125,2450,1.0584877223910556,1.708
16.495,17.26237452831942,122,2.031439334096188,125,2450,1.0584877223910556,1.708
25.33,17.26237452831942,122,2.031439334096188,125,2450,1.0584877223910556,1.708
20.925,17.26237452831942,122,2.031439334096188,125,2450,1.0584877223910556,1.708
23.565,17.26237452831942,122,2.031439334096188,125,2450,1.0584877223910556,1.708
14.69,17.264251237163634,122.125,2.0333160429404025,125,2450,1.0590082376796428,1.70975
17.51,17.264251237163634,122.125,2.0333160429404025,125,2450,1.0590082376796428,1.70975
21.275,17.264251237163634,122.125,2.0333160429404025,125,2450,1.0590082376796428,1.70975
15.725,17.264251237163634,122.125,2.0333160429404025,125,2450,1.0590082376796428,1.70975
14.05,17.266677691398023,122.25,2.035742497174791,125,2450,1.0595303537314285,1.7115
14.97,17.266677691398023,122.25,2.035742497174791,125,2450,1.0595303537314285,1.7115
17.385,17.266677691398023,122.25,2.035742497174791,125,2450,1.0595303537314285,1.7115
25.225,17.266677691398023,122.25,2.035742497174791,125,2450,1.0595303537314285,1.7115
13.84,17.266677691398023,122.25,2.035742497174791,125,2450,1.0595303537314285,1.7115
17.92,17.266677691398023,122.25,2.035742497174791,125,2450,1.0595303537314285,1.7115
28.785,17.266677691398023,122.25,2.035742497174791,125,2450,1.0595303537314285,1.7115
15.26,17.26846807194645,122.375,2.037532877723219,125,2450,1.0600540738249844,1.71325
27.17,17.26846807194645,122.375,2.037532877723219,125,2450,1.0600540738249844,1.71325
21.18,17.26846807194645,122.375,2.037532877723219,125,2450,1.0600540738249844,1.71325
13.625,17.26846807194645,122.375,2.037532877723219,125,2450,1.0600540738249844,1.71325
18.095,17.26846807194645,122.375,2.037532877723219,125,2450,1.0600540738249844,1.71325
15.89,17.26846807194645,122.375,2.037532877723219,125,2450,1.0600540738249844,1.71325
21.26,17.26846807194645,122.375,2.037532877723219,125,2450,1.0600540738249844,1.71325
16.92,17.26846807194645,122.375,2.037532877723219,125,2450,1.0600540738249844,1.71325
18.215,17.26846807194645,122.375,2.037532877723219,125,2450,1.0600540738249844,1.71325
15.65,17.26846807194645,122.375,2.037532877723219,125,2450,1.0600540738249844,1.71325
16.58,17.270500071518732,122.5,2.0395648772955006,125,2450,1.0605794012422358,1.715
11.855,17.270500071518732,122.5,2.0395648772955006,125,2450,1.0605794012422358,1.715
17.125,17.270500071518732,122.5,2.0395648772955006,125,2450,1.0605794012422358,1.715
18.32,17.270500071518732,122.5,2.0395648772955006,125,2450,1.0605794012422358,1.715
15.305,17.270500071518732,122.5,2.0395648772955006,125,2450,1.0605794012422358,1.715
20.55,17.270500071518732,122.5,2.0395648772955006,125,2450,1.0605794012422358,1.715
20.435,17.270500071518732,122.5,2.0395648772955006,125,2450,1.0605794012422358,1.715
14.82,17.274267569142534,122.625,2.043332374919302,125,2450,1.0611063392684625,1.71675
22.655,17.274267569142534,122.625,2.043332374919302,125,2450,1.0611063392684625,1.71675
11.695,17.274267569142534,122.625,2.043332374919302,125,2450,1.0611063392684625,1.71675
16.700000000000003,17.274267569142534,122.625,2.043332374919302,125,2450,1.0611063392684625,1.71675
18.94,17.274267569142534,122.625,2.043332374919302,125,2450,1.0611063392684625,1.71675
18.93,17.274267569142534,122.625,2.043332374919302,125,2450,1.0611063392684625,1.71675
18.56,17.275106399695712,122.75,2.0441712054724803,125,2450,1.061634891192298,1.7185000000000001
13.31,17.275106399695712,122.75,2.0441712054724803,125,2450,1.061634891192298,1.7185000000000001
14.02,17.275106399695712,122.75,2.0441712054724803,125,2450,1.061634891192298,1.7185000000000001
16.455,17.275106399695712,122.75,2.0441712054724803,125,2450,1.061634891192298,1.7185000000000001
16.505000000000003,17.275106399695712,122.75,2.0441712054724803,125,2450,1.061634891192298,1.7185000000000001
16.725,17.275106399695712,122.75,2.0441712054724803,125,2450,1.061634891192298,1.7185000000000001
16.765,17.275106399695712,122.75,2.0441712054724803,125,2450,1.061634891192298,1.7185000000000001
20.015,17.275106399695712,122.75,2.0441712054724803,125,2450,1.061634891192298,1.7185000000000001
20.69,17.275106399695712,122.75,2.0441712054724803,125,2450,1.061634891192298,1.7185000000000001
22.205,17.275106399695712,122.75,2.0441712054724803,125,2450,1.061634891192298,1.7185000000000001
11.875,17.275106399695712,122.75,2.0441712054724803,125,2450,1.061634891192298,1.7185000000000001
14.075,17.275430699429577,122.875,2.0444955052063456,125,2450,1.0621650603057295,1.72025
15.48,17.275430699429577,122.875,2.0444955052063456,125,2450,1.0621650603057295,1.72025
11.47,17.275430699429577,122.875,2.0444955052063456,125,2450,1.0621650603057295,1.72025
16.065,17.275430699429577,122.875,2.0444955052063456,125,2450,1.0621650603057295,1.72025
14.95,17.275430699429577,122.875,2.0444955052063456,125,2450,1.0621650603057295,1.72025
15.205,17.275430699429577,122.875,2.0444955052063456,125,2450,1.0621650603057295,1.72025
14.32,17.275430699429577,122.875,2.0444955052063456,125,2450,1.0621650603057295,1.72025
19.855,17.275430699429577,122.875,2.0444955052063456,125,2450,1.0621650603057295,1.72025
18.165,17.275430699429577,122.875,2.0444955052063456,125,2450,1.0621650603057295,1.72025
20.115,17.275430699429577,122.875,2.0444955052063456,125,2450,1.0621650603057295,1.72025
14.18,17.282216482625092,123,2.05128128840186,125,2450,1.0626968499040992,1.722
17.415,17.282216482625092,123,2.05128128840186,125,2450,1.0626968499040992,1.722
16.060000000000002,17.282216482625092,123,2.05128128840186,125,2450,1.0626968499040992,1.722
12.235,17.282216482625092,123,2.05128128840186,125,2450,1.0626968499040992,1.722
19.43,17.282216482625092,123,2.05128128840186,125,2450,1.0626968499040992,1.722
15.715,17.282216482625092,123,2.05128128840186,125,2450,1.0626968499040992,1.722
12.37,17.282216482625092,123,2.05128128840186,125,2450,1.0626968499040992,1.722
19.78,17.282216482625092,123,2.05128128840186,125,2450,1.0626968499040992,1.722
21.035,17.282216482625092,123,2.05128128840186,125,2450,1.0626968499040992,1.722
16.46,17.282216482625092,123,2.05128128840186,125,2450,1.0626968499040992,1.722
17.03,17.282216482625092,123,2.05128128840186,125,2450,1.0626968499040992,1.722
15.61,17.282216482625092,123,2.05128128840186,125,2450,1.0626968499040992,1.722
19.18,17.282216482625092,123,2.05128128840186,125,2450,1.0626968499040992,1.722
12.755,17.28737033028691,123.125,2.05643513606368,125,2450,1.0632302632861026,1.7237500000000001
17.72,17.28737033028691,123.125,2.05643513606368,125,2450,1.0632302632861026,1.7237500000000001
25.875,17.28737033028691,123.125,2.05643513606368,125,2450,1.0632302632861026,1.7237500000000001
12.255,17.28737033028691,123.125,2.05643513606368,125,2450,1.0632302632861026,1.7237500000000001
16.415,17.28737033028691,123.125,2.05643513606368,125,2450,1.0632302632861026,1.7237500000000001
16.715,17.28737033028691,123.125,2.05643513606368,125,2450,1.0632302632861026,1.7237500000000001
20.965,17.28737033028691,123.125,2.05643513606368,125,2450,1.0632302632861026,1.7237500000000001
14.84,17.28737033028691,123.125,2.05643513606368,125,2450,1.0632302632861026,1.7237500000000001
13.1,17.288119374460468,123.21875,2.057184180237236,125,2450,1.0636313909168775,1.7250625
15.12,17.288092657774794,123.25,2.0571574635515617,125,2450,1.0637653037537886,1.7255
17.235,17.288092657774794,123.25,2.0571574635515617,125,2450,1.0637653037537886,1.7255
21.655,17.288092657774794,123.25,2.0571574635515617,125,2450,1.0637653037537886,1.7255
17.285,17.288092657774794,123.25,2.0571574635515617,125,2450,1.0637653037537886,1.7255
17.175,17.288092657774794,123.25,2.0571574635515617,125,2450,1.0637653037537886,1.7255
17,17.288092657774794,123.25,2.0571574635515617,125,2450,1.0637653037537886,1.7255
18.89,17.288092657774794,123.25,2.0571574635515617,125,2450,1.0637653037537886,1.7255
13.215,17.288092657774794,123.25,2.0571574635515617,125,2450,1.0637653037537886,1.7255
21.16,17.288092657774794,123.25,2.0571574635515617,125,2450,1.0637653037537886,1.7255
17.965,17.288092657774794,123.25,2.0571574635515617,125,2450,1.0637653037537886,1.7255
18.345,17.288092657774794,123.25,2.0571574635515617,125,2450,1.0637653037537886,1.7255
20.085,17.288092657774794,123.25,2.0571574635515617,125,2450,1.0637653037537886,1.7255
18.005000000000003,17.288092657774794,123.25,2.0571574635515617,125,2450,1.0637653037537886,1.7255
15.775,17.287232786089593,123.375,2.056297591866361,125,2450,1.064301974612562,1.72725
14.91,17.287232786089593,123.375,2.056297591866361,125,2450,1.064301974612562,1.72725
13.4,17.287232786089593,123.375,2.056297591866361,125,2450,1.064301974612562,1.72725
16.745,17.287232786089593,123.375,2.056297591866361,125,2450,1.064301974612562,1.72725
18.14,17.287327211762058,123.5,2.056392017538826,125,2450,1.0648402791711802,1.729
14.32,17.287327211762058,123.5,2.056392017538826,125,2450,1.0648402791711802,1.729
19.83,17.287327211762058,123.5,2.056392017538826,125,2450,1.0648402791711802,1.729
19.745,17.287327211762058,123.5,2.056392017538826,125,2450,1.0648402791711802,1.729
17.57,17.287327211762058,123.5,2.056392017538826,125,2450,1.0648402791711802,1.729
23.244999999999997,17.287327211762058,123.5,2.056392017538826,125,2450,1.0648402791711802,1.729
25.41,17.286891232292426,123.54166666666669,2.055956038069194,125,2450,1.0650200776408298,1.7295833333333337
11.41,17.287080202447353,123.625,2.056145008224121,125,2450,1.0653802207417546,1.73075
14.24,17.287080202447353,123.625,2.056145008224121,125,2450,1.0653802207417546,1.73075
15.07,17.287080202447353,123.625,2.056145008224121,125,2450,1.0653802207417546,1.73075
13.115,17.287080202447353,123.625,2.056145008224121,125,2450,1.0653802207417546,1.73075
15.68,17.287080202447353,123.625,2.056145008224121,125,2450,1.0653802207417546,1.73075
17.915,17.287080202447353,123.625,2.056145008224121,125,2450,1.0653802207417546,1.73075
13.775,17.2876577422487,123.71875,2.056722548025469,125,2450,1.0657862532031157,1.7320625
15.16,17.287025429374452,123.75,2.0560902351512205,125,2450,1.0659218026397514,1.7325
9.445,17.287025429374452,123.75,2.0560902351512205,125,2450,1.0659218026397514,1.7325
12.325,17.287025429374452,123.75,2.0560902351512205,125,2450,1.0659218026397514,1.7325
11.845,17.287025429374452,123.75,2.0560902351512205,125,2450,1.0659218026397514,1.7325
11.74,17.287025429374452,123.75,2.0560902351512205,125,2450,1.0659218026397514,1.7325
13.785,17.287025429374452,123.75,2.0560902351512205,125,2450,1.0659218026397514,1.7325
15.48,17.287025429374452,123.75,2.0560902351512205,125,2450,1.0659218026397514,1.7325
17.68,17.291993713758064,123.875,2.061058519534832,125,2450,1.0664650281839907,1.73425
15.575,17.291993713758064,123.875,2.061058519534832,125,2450,1.0664650281839907,1.73425
16.015,17.291993713758064,123.875,2.061058519534832,125,2450,1.0664650281839907,1.73425
15.99,17.291993713758064,123.875,2.061058519534832,125,2450,1.0664650281839907,1.73425
15.025,17.291993713758064,123.875,2.061058519534832,125,2450,1.0664650281839907,1.73425
18.905,17.291993713758064,123.875,2.061058519534832,125,2450,1.0664650281839907,1.73425
21.25,17.291993713758064,123.875,2.061058519534832,125,2450,1.0664650281839907,1.73425
18.08,17.294529864432906,124,2.0635946702096746,125,2450,1.067009900696646,1.736
14.35,17.294529864432906,124,2.0635946702096746,125,2450,1.067009900696646,1.736
17.765,17.294529864432906,124,2.0635946702096746,125,2450,1.067009900696646,1.736
16.505000000000003,17.294529864432906,124,2.0635946702096746,125,2450,1.067009900696646,1.736
18.565,17.294529864432906,124,2.0635946702096746,125,2450,1.067009900696646,1.736
20.94,17.294529864432906,124,2.0635946702096746,125,2450,1.067009900696646,1.736
18.22,17.295612051368558,124.125,2.064676857145326,125,2450,1.067556423503245,1.7377500000000001
13.525,17.295612051368558,124.125,2.064676857145326,125,2450,1.067556423503245,1.7377500000000001
12.52,17.295612051368558,124.125,2.064676857145326,125,2450,1.067556423503245,1.7377500000000001
18.48,17.295612051368558,124.125,2.064676857145326,125,2450,1.067556423503245,1.7377500000000001
22.705,17.295612051368558,124.125,2.064676857145326,125,2450,1.067556423503245,1.7377500000000001
17.265,17.295612051368558,124.125,2.064676857145326,125,2450,1.067556423503245,1.7377500000000001
17.03,17.295612051368558,124.125,2.064676857145326,125,2450,1.067556423503245,1.7377500000000001
19.340000000000003,17.294408997001103,124.25,2.063473802777871,125,2450,1.0681045999326706,1.7395
17.665,17.294408997001103,124.25,2.063473802777871,125,2450,1.0681045999326706,1.7395
14.195,17.294408997001103,124.25,2.063473802777871,125,2450,1.0681045999326706,1.7395
30.065,17.294408997001103,124.25,2.063473802777871,125,2450,1.0681045999326706,1.7395
12.655,17.294450169299363,124.375,2.0635149750761315,125,2450,1.0686544333171581,1.74125
15.605,17.294450169299363,124.375,2.0635149750761315,125,2450,1.0686544333171581,1.74125
15.565,17.294450169299363,124.375,2.0635149750761315,125,2450,1.0686544333171581,1.74125
19.66,17.294450169299363,124.375,2.0635149750761315,125,2450,1.0686544333171581,1.74125
12.345,17.294450169299363,124.375,2.0635149750761315,125,2450,1.0686544333171581,1.74125
29.765,17.294450169299363,124.375,2.0635149750761315,125,2450,1.0686544333171581,1.74125
22.8,17.294450169299363,124.375,2.0635149750761315,125,2450,1.0686544333171581,1.74125
22.765,17.294450169299363,124.375,2.0635149750761315,125,2450,1.0686544333171581,1.74125
20.205,17.295935959979907,124.5,2.0650007657566753,125,2450,1.069205926992298,1.743
14.905,17.295935959979907,124.5,2.0650007657566753,125,2450,1.069205926992298,1.743
13.885000000000002,17.295935959979907,124.5,2.0650007657566753,125,2450,1.069205926992298,1.743
20.58,17.295935959979907,124.5,2.0650007657566753,125,2450,1.069205926992298,1.743
16.56,17.295935959979907,124.5,2.0650007657566753,125,2450,1.069205926992298,1.743
14.39,17.295935959979907,124.5,2.0650007657566753,125,2450,1.069205926992298,1.743
11.815,17.295935959979907,124.5,2.0650007657566753,125,2450,1.069205926992298,1.743
18.82,17.295935959979907,124.5,2.0650007657566753,125,2450,1.069205926992298,1.743
15.825,17.293914494815,124.625,2.062979300591767,125,2450,1.069759084297034,1.74475
14.145,17.293914494815,124.625,2.062979300591767,125,2450,1.069759084297034,1.74475
18.545,17.293914494815,124.625,2.062979300591767,125,2450,1.069759084297034,1.74475
15.61,17.293914494815,124.625,2.062979300591767,125,2450,1.069759084297034,1.74475
14.565,17.293914494815,124.625,2.062979300591767,125,2450,1.069759084297034,1.74475
14.465,17.293914494815,124.625,2.062979300591767,125,2450,1.069759084297034,1.74475
14.27,17.293914494815,124.625,2.062979300591767,125,2450,1.069759084297034,1.74475
14.23,17.293914494815,124.625,2.062979300591767,125,2450,1.069759084297034,1.74475
12.47,17.293914494815,124.625,2.062979300591767,125,2450,1.069759084297034,1.74475
10.99,17.296276547376543,124.75,2.065341353153311,125,2450,1.0703139085736646,1.7465
10.015,17.296276547376543,124.75,2.065341353153311,125,2450,1.0703139085736646,1.7465
23.185,17.296276547376543,124.75,2.065341353153311,125,2450,1.0703139085736646,1.7465
15.035000000000002,17.296276547376543,124.75,2.065341353153311,125,2450,1.0703139085736646,1.7465
15.475,17.296276547376543,124.75,2.065341353153311,125,2450,1.0703139085736646,1.7465
23.130000000000003,17.296276547376543,124.75,2.065341353153311,125,2450,1.0703139085736646,1.7465
21.369999999999997,17.296276547376543,124.75,2.065341353153311,125,2450,1.0703139085736646,1.7465
14.71,17.296276547376543,124.75,2.065341353153311,125,2450,1.0703139085736646,1.7465
15.145,17.296276547376543,124.75,2.065341353153311,125,2450,1.0703139085736646,1.7465
19.68,17.296276547376543,124.75,2.065341353153311,125,2450,1.0703139085736646,1.7465
21.675,17.296276547376543,124.75,2.065341353153311,125,2450,1.0703139085736646,1.7465
33.54,17.296276547376543,124.75,2.065341353153311,125,2450,1.0703139085736646,1.7465
25.5,17.296792148911567,124.875,2.0658569546883356,125,2450,1.0708704031678413,1.74825
26.225,17.296792148911567,124.875,2.0658569546883356,125,2450,1.0708704031678413,1.74825
15.575,17.296792148911567,124.875,2.0658569546883356,125,2450,1.0708704031678413,1.74825
13.66,17.296792148911567,124.875,2.0658569546883356,125,2450,1.0708704031678413,1.74825
21.175,17.296792148911567,124.875,2.0658569546883356,125,2450,1.0708704031678413,1.74825
12.065,17.296792148911567,124.875,2.0658569546883356,125,2450,1.0708704031678413,1.74825
15.28,17.298400047400303,125,2.0674648531770714,125,2450,1.0714285714285712,1.75
12.63,17.298400047400303,125,2.0674648531770714,125,2450,1.0714285714285712,1.75
19.195,17.298400047400303,125,2.0674648531770714,125,2450,1.0714285714285712,1.75
19.47,17.298400047400303,125,2.0674648531770714,125,2450,1.0714285714285712,1.75
14.775,17.298400047400303,125,2.0674648531770714,125,2450,1.0714285714285712,1.75
17.28,17.298400047400303,125,2.0674648531770714,125,2450,1.0714285714285712,1.75
23.660000000000004,17.298400047400303,125,2.0674648531770714,125,2450,1.0714285714285712,1.75
26.82,17.29803940440059,125.125,2.0671042101773587,125,2450,1.071988416708214,1.7517500000000001
15.82,17.29803940440059,125.125,2.0671042101773587,125,2450,1.071988416708214,1.7517500000000001
13.105,17.29803940440059,125.125,2.0671042101773587,125,2450,1.071988416708214,1.7517500000000001
20.84,17.29803940440059,125.125,2.0671042101773587,125,2450,1.071988416708214,1.7517500000000001
22.22,17.29803940440059,125.125,2.0671042101773587,125,2450,1.071988416708214,1.7517500000000001
22.875,17.29803940440059,125.125,2.0671042101773587,125,2450,1.071988416708214,1.7517500000000001
15.66,17.29803940440059,125.125,2.0671042101773587,125,2450,1.071988416708214,1.7517500000000001
15.78,17.29803940440059,125.125,2.0671042101773587,125,2450,1.071988416708214,1.7517500000000001
37.73,17.29803940440059,125.125,2.0671042101773587,125,2450,1.071988416708214,1.7517500000000001
14.085,17.298336159818327,125.16666666666669,2.0674009655950947,125,2450,1.0721754050522014,1.7523333333333337
19.425,17.29818310390634,125.25,2.0672479096831076,125,2450,1.0725499423624842,1.7535
22.025,17.29818310390634,125.25,2.0672479096831076,125,2450,1.0725499423624842,1.7535
16.369999999999997,17.29818310390634,125.25,2.0672479096831076,125,2450,1.0725499423624842,1.7535
14.65,17.29818310390634,125.25,2.0672479096831076,125,2450,1.0725499423624842,1.7535
16.085,17.29818310390634,125.25,2.0672479096831076,125,2450,1.0725499423624842,1.7535
15.31,17.29818310390634,125.25,2.0672479096831076,125,2450,1.0725499423624842,1.7535
17.895,17.29818310390634,125.25,2.0672479096831076,125,2450,1.0725499423624842,1.7535
25.295,17.29818310390634,125.25,2.0672479096831076,125,2450,1.0725499423624842,1.7535
23.26,17.29818310390634,125.25,2.0672479096831076,125,2450,1.0725499423624842,1.7535
13.85,17.297550975425207,125.375,2.0666157812019748,125,2450,1.07311315175045,1.75525
16.04,17.297550975425207,125.375,2.0666157812019748,125,2450,1.07311315175045,1.75525
15.23,17.297550975425207,125.375,2.0666157812019748,125,2450,1.07311315175045,1.75525
12.08,17.297550975425207,125.375,2.0666157812019748,125,2450,1.07311315175045,1.75525
15.305,17.297550975425207,125.375,2.0666157812019748,125,2450,1.07311315175045,1.75525
15.725,17.296956552366563,125.5,2.066021358143331,125,2450,1.073678048234534,1.7570000000000001
16.145000000000003,17.296956552366563,125.5,2.066021358143331,125,2450,1.073678048234534,1.7570000000000001
19.275,17.296956552366563,125.5,2.066021358143331,125,2450,1.073678048234534,1.7570000000000001
21.595,17.296956552366563,125.5,2.066021358143331,125,2450,1.073678048234534,1.7570000000000001
18.705,17.296956552366563,125.5,2.066021358143331,125,2450,1.073678048234534,1.7570000000000001
14.025,17.296956552366563,125.5,2.066021358143331,125,2450,1.073678048234534,1.7570000000000001
19.375,17.296682334968025,125.625,2.0657471407447936,125,2450,1.0742446351805124,1.75875
16.875,17.296682334968025,125.625,2.0657471407447936,125,2450,1.0742446351805124,1.75875
14.495,17.296682334968025,125.625,2.0657471407447936,125,2450,1.0742446351805124,1.75875
15.08,17.296682334968025,125.625,2.0657471407447936,125,2450,1.0742446351805124,1.75875
17.36,17.296682334968025,125.625,2.0657471407447936,125,2450,1.0742446351805124,1.75875
15.16,17.296682334968025,125.625,2.0657471407447936,125,2450,1.0742446351805124,1.75875
20.535,17.296682334968025,125.625,2.0657471407447936,125,2450,1.0742446351805124,1.75875
15.275,17.297143629759397,125.71875,2.066208435536165,125,2450,1.0746706867822307,1.7600625
13.69,17.297120304505142,125.75,2.0661851102819107,125,2450,1.0748129159575153,1.7605
14.75,17.297120304505142,125.75,2.0661851102819107,125,2450,1.0748129159575153,1.7605
17.58,17.297540113102233,125.84375,2.066604918879001,125,2450,1.075240240145512,1.7618125
15.315,17.297502461619484,125.875,2.066567267396252,125,2450,1.0753828939380279,1.76225
20.61,17.297502461619484,125.875,2.066567267396252,125,2450,1.0753828939380279,1.76225
20.825,17.297502461619484,125.875,2.066567267396252,125,2450,1.0753828939380279,1.76225
19.735,17.297502461619484,125.875,2.066567267396252,125,2450,1.0753828939380279,1.76225
10.75,17.296590088627372,125.9375,2.0656548944041404,125,2450,1.0756685204344187,1.763125
15.955,17.296913288537077,126,2.065978094313845,125,2450,1.075954572497888,1.764
16.545,17.296913288537077,126,2.065978094313845,125,2450,1.075954572497888,1.764
12.595,17.296913288537077,126,2.065978094313845,125,2450,1.075954572497888,1.764
19.92,17.296913288537077,126,2.065978094313845,125,2450,1.075954572497888,1.764
14.18,17.296913288537077,126,2.065978094313845,125,2450,1.075954572497888,1.764
13.305,17.296913288537077,126,2.065978094313845,125,2450,1.075954572497888,1.764
15.325,17.29678451014149,126.125,2.065849315918257,125,2450,1.0765279550162885,1.76575
14.195,17.29678451014149,126.125,2.065849315918257,125,2450,1.0765279550162885,1.76575
17.195,17.29678451014149,126.125,2.065849315918257,125,2450,1.0765279550162885,1.76575
19.05,17.29678451014149,126.125,2.065849315918257,125,2450,1.0765279550162885,1.76575
16.450000000000003,17.29678451014149,126.125,2.065849315918257,125,2450,1.0765279550162885,1.76575
21.935,17.29678451014149,126.125,2.065849315918257,125,2450,1.0765279550162885,1.76575
19.22,17.29678451014149,126.125,2.065849315918257,125,2450,1.0765279550162885,1.76575
22.99,17.29678451014149,126.125,2.065849315918257,125,2450,1.0765279550162885,1.76575
17.9,17.29678451014149,126.125,2.065849315918257,125,2450,1.0765279550162885,1.76575
39.275,17.29678451014149,126.125,2.065849315918257,125,2450,1.0765279550162885,1.76575
16.22,17.296755107874592,126.16666666666669,2.06581991365136,125,2450,1.0767194617644167,1.7663333333333335
17.935000000000002,17.297323755103942,126.25,2.0663885608807107,125,2450,1.0771030448757763,1.7675
27.355,17.297323755103942,126.25,2.0663885608807107,125,2450,1.0771030448757763,1.7675
18.485,17.297323755103942,126.25,2.0663885608807107,125,2450,1.0771030448757763,1.7675
12.510000000000002,17.297323755103942,126.25,2.0663885608807107,125,2450,1.0771030448757763,1.7675
18.965,17.297323755103942,126.25,2.0663885608807107,125,2450,1.0771030448757763,1.7675
22.225,17.297323755103942,126.25,2.0663885608807107,125,2450,1.0771030448757763,1.7675
20.47,17.297323755103942,126.25,2.0663885608807107,125,2450,1.0771030448757763,1.7675
17.92,17.297323755103942,126.25,2.0663885608807107,125,2450,1.0771030448757763,1.7675
16.54,17.297323755103942,126.25,2.0663885608807107,125,2450,1.0771030448757763,1.7675
15.915,17.31565548414586,126.28125,2.084720289922629,125,2450,1.0772470845094047,1.7679375
12.795,17.3149941942257,126.375,2.084059000002469,125,2450,1.0776798454622514,1.76925
19.345,17.3149941942257,126.375,2.084059000002469,125,2450,1.0776798454622514,1.76925
10.575,17.3149941942257,126.375,2.084059000002469,125,2450,1.0776798454622514,1.76925
18.285,17.3149941942257,126.375,2.084059000002469,125,2450,1.0776798454622514,1.76925
16.65,17.3149941942257,126.375,2.084059000002469,125,2450,1.0776798454622514,1.76925
18.83,17.3149941942257,126.375,2.084059000002469,125,2450,1.0776798454622514,1.76925
21.735,17.3149941942257,126.375,2.084059000002469,125,2450,1.0776798454622514,1.76925
13.585,17.31698441592516,126.5,2.086049221701927,125,2450,1.0782583601649687,1.7710000000000001
18.775,17.31698441592516,126.5,2.086049221701927,125,2450,1.0782583601649687,1.7710000000000001
16.325,17.31698441592516,126.5,2.086049221701927,125,2450,1.0782583601649687,1.7710000000000001
17.810000000000002,17.31698441592516,126.5,2.086049221701927,125,2450,1.0782583601649687,1.7710000000000001
17.85,17.31698441592516,126.5,2.086049221701927,125,2450,1.0782583601649687,1.7710000000000001
18.285,17.31698441592516,126.5,2.086049221701927,125,2450,1.0782583601649687,1.7710000000000001
15.985,17.31698441592516,126.5,2.086049221701927,125,2450,1.0782583601649687,1.7710000000000001
25.56,17.31698441592516,126.5,2.086049221701927,125,2450,1.0782583601649687,1.7710000000000001
16.4,17.31698441592516,126.5,2.086049221701927,125,2450,1.0782583601649687,1.7710000000000001
20.49,17.31698441592516,126.5,2.086049221701927,125,2450,1.0782583601649687,1.7710000000000001
15.365000000000002,17.31698441592516,126.5,2.086049221701927,125,2450,1.0782583601649687,1.7710000000000001
20.549999999999997,17.31698441592516,126.5,2.086049221701927,125,2450,1.0782583601649687,1.7710000000000001
13.6,17.31698441592516,126.5,2.086049221701927,125,2450,1.0782583601649687,1.7710000000000001
16.770000000000003,17.31698441592516,126.5,2.086049221701927,125,2450,1.0782583601649687,1.7710000000000001
18.57,17.31540396361549,126.625,2.0844687693922594,125,2450,1.078838592376537,1.77275
10.06,17.31540396361549,126.625,2.0844687693922594,125,2450,1.078838592376537,1.77275
16.04,17.31540396361549,126.625,2.0844687693922594,125,2450,1.078838592376537,1.77275
14.985,17.31540396361549,126.625,2.0844687693922594,125,2450,1.078838592376537,1.77275
15.74,17.31540396361549,126.625,2.0844687693922594,125,2450,1.078838592376537,1.77275
11.02,17.314819390143388,126.75,2.083884195920156,125,2450,1.079420545492919,1.7745
28.255000000000003,17.314819390143388,126.75,2.083884195920156,125,2450,1.079420545492919,1.7745
15,17.314819390143388,126.75,2.083884195920156,125,2450,1.079420545492919,1.7745
18.775,17.314819390143388,126.75,2.083884195920156,125,2450,1.079420545492919,1.7745
13.345,17.314819390143388,126.75,2.083884195920156,125,2450,1.079420545492919,1.7745
19.43,17.314819390143388,126.75,2.083884195920156,125,2450,1.079420545492919,1.7745
21.415,17.314819390143388,126.75,2.083884195920156,125,2450,1.079420545492919,1.7745
17.335,17.314819390143388,126.75,2.083884195920156,125,2450,1.079420545492919,1.7745
15.670000000000002,17.315428554315044,126.875,2.0844933600918125,125,2450,1.0800042229134315,1.77625
10.7,17.315428554315044,126.875,2.0844933600918125,125,2450,1.0800042229134315,1.77625
15.895,17.315428554315044,126.875,2.0844933600918125,125,2450,1.0800042229134315,1.77625
16.365,17.315428554315044,126.875,2.0844933600918125,125,2450,1.0800042229134315,1.77625
14.78,17.315428554315044,126.875,2.0844933600918125,125,2450,1.0800042229134315,1.77625
17.615000000000002,17.315428554315044,126.875,2.0844933600918125,125,2450,1.0800042229134315,1.77625
14.345,17.315428554315044,126.875,2.0844933600918125,125,2450,1.0800042229134315,1.77625
20.455,17.315428554315044,126.875,2.0844933600918125,125,2450,1.0800042229134315,1.77625
16.905,17.315428554315044,126.875,2.0844933600918125,125,2450,1.0800042229134315,1.77625
18.424999999999997,17.315428554315044,126.875,2.0844933600918125,125,2450,1.0800042229134315,1.77625
12.615,17.315693441445546,127,2.0847582472223145,125,2450,1.080589628040745,1.778
24.06,17.315693441445546,127,2.0847582472223145,125,2450,1.080589628040745,1.778
28.72,17.315693441445546,127,2.0847582472223145,125,2450,1.080589628040745,1.778
14.33,17.31742803915489,127.125,2.0864928449316587,125,2450,1.081176764280885,1.77975
15.95,17.31742803915489,127.125,2.0864928449316587,125,2450,1.081176764280885,1.77975
20.05,17.31742803915489,127.125,2.0864928449316587,125,2450,1.081176764280885,1.77975
23.62,17.31742803915489,127.125,2.0864928449316587,125,2450,1.081176764280885,1.77975
20.02,17.31742803915489,127.125,2.0864928449316587,125,2450,1.081176764280885,1.77975
13.28,17.31742803915489,127.125,2.0864928449316587,125,2450,1.081176764280885,1.77975
20.745,17.31742803915489,127.125,2.0864928449316587,125,2450,1.081176764280885,1.77975
17.35,17.31742803915489,127.125,2.0864928449316587,125,2450,1.081176764280885,1.77975
13.19,17.31722441093514,127.25,2.086289216711908,125,2450,1.0817656350432296,1.7815
12.37,17.31722441093514,127.25,2.086289216711908,125,2450,1.0817656350432296,1.7815
16.345,17.31722441093514,127.25,2.086289216711908,125,2450,1.0817656350432296,1.7815
21.145000000000003,17.31722441093514,127.25,2.086289216711908,125,2450,1.0817656350432296,1.7815
15.91,17.31745287757329,127.375,2.08651768335006,125,2450,1.0823562437405123,1.78325
14.46,17.31745287757329,127.375,2.08651768335006,125,2450,1.0823562437405123,1.78325
19.415,17.31745287757329,127.375,2.08651768335006,125,2450,1.0823562437405123,1.78325
14.61,17.31745287757329,127.375,2.08651768335006,125,2450,1.0823562437405123,1.78325
16.35,17.31745287757329,127.375,2.08651768335006,125,2450,1.0823562437405123,1.78325
17.395,17.31745287757329,127.375,2.08651768335006,125,2450,1.0823562437405123,1.78325
13.34,17.318420165497443,127.5,2.087484971274211,125,2450,1.0829485937888197,1.7850000000000001
16.485,17.318420165497443,127.5,2.087484971274211,125,2450,1.0829485937888197,1.7850000000000001
20.1,17.318420165497443,127.5,2.087484971274211,125,2450,1.0829485937888197,1.7850000000000001
28.47,17.318420165497443,127.5,2.087484971274211,125,2450,1.0829485937888197,1.7850000000000001
20.805,17.318420165497443,127.5,2.087484971274211,125,2450,1.0829485937888197,1.7850000000000001
15.91,17.319335917802356,127.625,2.0884007235791238,125,2450,1.083542688607593,1.78675
20.27,17.319335917802356,127.625,2.0884007235791238,125,2450,1.083542688607593,1.78675
14.580000000000002,17.319335917802356,127.625,2.0884007235791238,125,2450,1.083542688607593,1.78675
17.049999999999997,17.319335917802356,127.625,2.0884007235791238,125,2450,1.083542688607593,1.78675
15.21,17.319335917802356,127.625,2.0884007235791238,125,2450,1.083542688607593,1.78675
16.645,17.319335917802356,127.625,2.0884007235791238,125,2450,1.083542688607593,1.78675
17.88,17.319335917802356,127.625,2.0884007235791238,125,2450,1.083542688607593,1.78675
12.73,17.319335917802356,127.625,2.0884007235791238,125,2450,1.083542688607593,1.78675
14.72,17.32140801741266,127.75,2.0904728231894296,125,2450,1.0841385316196273,1.7885
13.705,17.32140801741266,127.75,2.0904728231894296,125,2450,1.0841385316196273,1.7885
14.08,17.32140801741266,127.75,2.0904728231894296,125,2450,1.0841385316196273,1.7885
16.585,17.32140801741266,127.75,2.0904728231894296,125,2450,1.0841385316196273,1.7885
24.505,17.32140801741266,127.75,2.0904728231894296,125,2450,1.0841385316196273,1.7885
14.845,17.32140801741266,127.75,2.0904728231894296,125,2450,1.0841385316196273,1.7885
19.595,17.32140801741266,127.75,2.0904728231894296,125,2450,1.0841385316196273,1.7885
19.01,17.32140801741266,127.75,2.0904728231894296,125,2450,1.0841385316196273,1.7885
15.53,17.32140801741266,127.75,2.0904728231894296,125,2450,1.0841385316196273,1.7885
10.16,17.321738876884194,127.875,2.0908036826609617,125,2450,1.084736126251071,1.7902500000000001
13.47,17.321738876884194,127.875,2.0908036826609617,125,2450,1.084736126251071,1.7902500000000001
30.64,17.321738876884194,127.875,2.0908036826609617,125,2450,1.084736126251071,1.7902500000000001
18.395000000000003,17.321738876884194,127.875,2.0908036826609617,125,2450,1.084736126251071,1.7902500000000001
19.56,17.321489959480903,128,2.0905547652576715,125,2450,1.0853354759314284,1.792
26.075,17.321489959480903,128,2.0905547652576715,125,2450,1.0853354759314284,1.792
19.62,17.321489959480903,128,2.0905547652576715,125,2450,1.0853354759314284,1.792
15.325,17.321489959480903,128,2.0905547652576715,125,2450,1.0853354759314284,1.792
17.37,17.321489959480903,128,2.0905547652576715,125,2450,1.0853354759314284,1.792
15.73,17.321489959480903,128,2.0905547652576715,125,2450,1.0853354759314284,1.792
23.785,17.321489959480903,128,2.0905547652576715,125,2450,1.0853354759314284,1.792
18.445,17.321489959480903,128,2.0905547652576715,125,2450,1.0853354759314284,1.792
20.285,17.321489959480903,128,2.0905547652576715,125,2450,1.0853354759314284,1.792
14.395,17.321736379616823,128.125,2.090801185393591,125,2450,1.085936584093556,1.79375
17.055,17.321736379616823,128.125,2.090801185393591,125,2450,1.085936584093556,1.79375
14.95,17.321736379616823,128.125,2.090801185393591,125,2450,1.085936584093556,1.79375
13.59,17.356632296235965,128.25,2.125697102012733,125,2450,1.0865394541736644,1.7955
14.085,17.356632296235965,128.25,2.125697102012733,125,2450,1.0865394541736644,1.7955
44.150000000000006,17.356632296235965,128.25,2.125697102012733,125,2450,1.0865394541736644,1.7955
22.805,17.356632296235965,128.25,2.125697102012733,125,2450,1.0865394541736644,1.7955
13.17,17.361512189306968,128.375,2.130576995083736,125,2450,1.0871440896113198,1.79725
16.595,17.361512189306968,128.375,2.130576995083736,125,2450,1.0871440896113198,1.79725
16.425,17.361512189306968,128.375,2.130576995083736,125,2450,1.0871440896113198,1.79725
14.71,17.361512189306968,128.375,2.130576995083736,125,2450,1.0871440896113198,1.79725
15.59,17.361512189306968,128.375,2.130576995083736,125,2450,1.0871440896113198,1.79725
22.655,17.361512189306968,128.375,2.130576995083736,125,2450,1.0871440896113198,1.79725
16.145000000000003,17.361512189306968,128.375,2.130576995083736,125,2450,1.0871440896113198,1.79725
16.92,17.361512189306968,128.375,2.130576995083736,125,2450,1.0871440896113198,1.79725
16.525,17.361512189306968,128.375,2.130576995083736,125,2450,1.0871440896113198,1.79725
20.08,17.36220065059867,128.45833333333331,2.131265456375438,125,2450,1.0875481623573513,1.7984166666666663
17.92,17.36220069337027,128.5,2.1312654991470374,125,2450,1.087750493849441,1.799
17.17,17.36220069337027,128.5,2.1312654991470374,125,2450,1.087750493849441,1.799
21.275,17.36220069337027,128.5,2.1312654991470374,125,2450,1.087750493849441,1.799
16.285,17.36220069337027,128.5,2.1312654991470374,125,2450,1.087750493849441,1.799
12.805,17.364765030410474,128.625,2.1338298361872425,125,2450,1.0883586703343011,1.80075
12.67,17.364765030410474,128.625,2.1338298361872425,125,2450,1.0883586703343011,1.80075
16.385,17.364765030410474,128.625,2.1338298361872425,125,2450,1.0883586703343011,1.80075
18.085,17.364765030410474,128.625,2.1338298361872425,125,2450,1.0883586703343011,1.80075
17.905,17.364765030410474,128.625,2.1338298361872425,125,2450,1.0883586703343011,1.80075
29.17,17.364765030410474,128.625,2.1338298361872425,125,2450,1.0883586703343011,1.80075
15.725,17.364765030410474,128.625,2.1338298361872425,125,2450,1.0883586703343011,1.80075
13.885,17.364033784331205,128.75,2.1330985901079735,125,2450,1.0889686225155277,1.8025
16.755000000000003,17.364033784331205,128.75,2.1330985901079735,125,2450,1.0889686225155277,1.8025
12.79,17.364033784331205,128.75,2.1330985901079735,125,2450,1.0889686225155277,1.8025
18.705,17.364033784331205,128.75,2.1330985901079735,125,2450,1.0889686225155277,1.8025
16.285,17.364033784331205,128.75,2.1330985901079735,125,2450,1.0889686225155277,1.8025
19.445,17.364033784331205,128.75,2.1330985901079735,125,2450,1.0889686225155277,1.8025
9.02,17.36488057527313,128.8125,2.133945381049898,125,2450,1.0892742655712042,1.803375
13.475,17.365701381280164,128.875,2.1347661870569326,125,2450,1.0895803538461022,1.8042500000000001
17.545,17.365701381280164,128.875,2.1347661870569326,125,2450,1.0895803538461022,1.8042500000000001
21.66,17.365701381280164,128.875,2.1347661870569326,125,2450,1.0895803538461022,1.8042500000000001
17.945,17.365701381280164,128.875,2.1347661870569326,125,2450,1.0895803538461022,1.8042500000000001
34.61,17.365508938071343,129,2.1345737438481116,125,2450,1.0901938677823602,1.806
14.240000000000002,17.365508938071343,129,2.1345737438481116,125,2450,1.0901938677823602,1.806
17.64,17.365508938071343,129,2.1345737438481116,125,2450,1.0901938677823602,1.806
16.205,17.364591254509893,129.0625,2.133656060286661,125,2450,1.090501294308642,1.806875
18.744999999999997,17.36451450277527,129.09375,2.1335793085520365,125,2450,1.0906551751506266,1.8073125
15.59,17.36451450277527,129.09375,2.1335793085520365,125,2450,1.0906551751506266,1.8073125
23.415,17.36489819895434,129.125,2.1339630047311076,125,2450,1.0908091677839904,1.80775
17.77,17.36489819895434,129.125,2.1339630047311076,125,2450,1.0908091677839904,1.80775
18.595,17.36489819895434,129.125,2.1339630047311076,125,2450,1.0908091677839904,1.80775
19.585,17.36489819895434,129.125,2.1339630047311076,125,2450,1.0908091677839904,1.80775
18.35,17.36489819895434,129.125,2.1339630047311076,125,2450,1.0908091677839904,1.80775
17.835,17.36489819895434,129.125,2.1339630047311076,125,2450,1.0908091677839904,1.80775
33.31,17.36489819895434,129.125,2.1339630047311076,125,2450,1.0908091677839904,1.80775
17.855,17.36588426919481,129.25,2.13494907497158,125,2450,1.091426257314037,1.8095
11.95,17.36588426919481,129.25,2.13494907497158,125,2450,1.091426257314037,1.8095
11.265,17.36588426919481,129.25,2.13494907497158,125,2450,1.091426257314037,1.8095
18.75,17.36588426919481,129.25,2.13494907497158,125,2450,1.091426257314037,1.8095
11.78,17.36588426919481,129.25,2.13494907497158,125,2450,1.091426257314037,1.8095
17.295,17.36588426919481,129.25,2.13494907497158,125,2450,1.091426257314037,1.8095
12.9,17.36588426919481,129.25,2.13494907497158,125,2450,1.091426257314037,1.8095
17.675,17.36588426919481,129.25,2.13494907497158,125,2450,1.091426257314037,1.8095
14.57,17.367401061681267,129.375,2.1364658674580355,125,2450,1.0920451398388973,1.81125
14.7,17.367401061681267,129.375,2.1364658674580355,125,2450,1.0920451398388973,1.81125
17.515,17.367401061681267,129.375,2.1364658674580355,125,2450,1.0920451398388973,1.81125
13.985,17.367401061681267,129.375,2.1364658674580355,125,2450,1.0920451398388973,1.81125
18.200000000000003,17.367401061681267,129.375,2.1364658674580355,125,2450,1.0920451398388973,1.81125
13.55,17.367401061681267,129.375,2.1364658674580355,125,2450,1.0920451398388973,1.81125
14.345,17.367401061681267,129.375,2.1364658674580355,125,2450,1.0920451398388973,1.81125
59.225,17.366931398626424,129.40625,2.1359962044031917,125,2450,1.0922001410320898,1.8116875000000001
15.79,17.365557180396216,129.5,2.1346219861729843,125,2450,1.092665818828323,1.813
15.05,17.365557180396216,129.5,2.1346219861729843,125,2450,1.092665818828323,1.813
19.815,17.365557180396216,129.5,2.1346219861729843,125,2450,1.092665818828323,1.813
19.895,17.365557180396216,129.5,2.1346219861729843,125,2450,1.092665818828323,1.813
16.82,17.365557180396216,129.5,2.1346219861729843,125,2450,1.092665818828323,1.813
16.325,17.365557180396216,129.5,2.1346219861729843,125,2450,1.092665818828323,1.813
16.64,17.36576551349193,129.625,2.1348303192686977,125,2450,1.0932882977554192,1.81475
9.23,17.36576551349193,129.625,2.1348303192686977,125,2450,1.0932882977554192,1.81475
14.06,17.36576551349193,129.625,2.1348303192686977,125,2450,1.0932882977554192,1.81475
16.385,17.36576551349193,129.625,2.1348303192686977,125,2450,1.0932882977554192,1.81475
17.515,17.36649066901422,129.75,2.135555474790987,125,2450,1.0939125800966458,1.8165
12.995,17.36649066901422,129.75,2.135555474790987,125,2450,1.0939125800966458,1.8165
15.065,17.36649066901422,129.75,2.135555474790987,125,2450,1.0939125800966458,1.8165
22.9,17.36649066901422,129.75,2.135555474790987,125,2450,1.0939125800966458,1.8165
20.735,17.36649066901422,129.75,2.135555474790987,125,2450,1.0939125800966458,1.8165
17.384999999999998,17.36649066901422,129.75,2.135555474790987,125,2450,1.0939125800966458,1.8165
22.42,17.36764075289408,129.875,2.1367055586708474,125,2450,1.0945386693318166,1.8182500000000001
10.02,17.36764075289408,129.875,2.1367055586708474,125,2450,1.0945386693318166,1.8182500000000001
14.92,17.36764075289408,129.875,2.1367055586708474,125,2450,1.0945386693318166,1.8182500000000001
16.33,17.36764075289408,129.875,2.1367055586708474,125,2450,1.0945386693318166,1.8182500000000001
14.82,17.37121949148832,130,2.1402842972650866,125,2450,1.0951665689440993,1.82
21.225,17.37121949148832,130,2.1402842972650866,125,2450,1.0951665689440993,1.82
20.61,17.37121949148832,130,2.1402842972650866,125,2450,1.0951665689440993,1.82
24.235,17.37121949148832,130,2.1402842972650866,125,2450,1.0951665689440993,1.82
12.69,17.37121949148832,130,2.1402842972650866,125,2450,1.0951665689440993,1.82
11.75,17.37121949148832,130,2.1402842972650866,125,2450,1.0951665689440993,1.82
18.545,17.37121949148832,130,2.1402842972650866,125,2450,1.0951665689440993,1.82
16.585,17.37121949148832,130,2.1402842972650866,125,2450,1.0951665689440993,1.82
20.75,17.37121949148832,130,2.1402842972650866,125,2450,1.0951665689440993,1.82
10.39,17.371948885676133,130.125,2.141013691452901,125,2450,1.0957962824200154,1.82175
13.52,17.371948885676133,130.125,2.141013691452901,125,2450,1.0957962824200154,1.82175
15.815,17.371948885676133,130.125,2.141013691452901,125,2450,1.0957962824200154,1.82175
16.17,17.371948885676133,130.125,2.141013691452901,125,2450,1.0957962824200154,1.82175
18.205,17.371948885676133,130.125,2.141013691452901,125,2450,1.0957962824200154,1.82175
18.215,17.371948885676133,130.125,2.141013691452901,125,2450,1.0957962824200154,1.82175
15.925,17.371948885676133,130.125,2.141013691452901,125,2450,1.0957962824200154,1.82175
17.795,17.371948885676133,130.125,2.141013691452901,125,2450,1.0957962824200154,1.82175
12.625,17.371948885676133,130.125,2.141013691452901,125,2450,1.0957962824200154,1.82175
13.115,17.371948885676133,130.125,2.141013691452901,125,2450,1.0957962824200154,1.82175
11.91,17.371623696768236,130.1875,2.1406885025450038,125,2450,1.0961118204472913,1.822625
15.96,17.37150043959211,130.25,2.1405652453688795,125,2450,1.0964278132494407,1.8235000000000001
17.435000000000002,17.37150043959211,130.25,2.1405652453688795,125,2450,1.0964278132494407,1.8235000000000001
11.990000000000002,17.37150043959211,130.25,2.1405652453688795,125,2450,1.0964278132494407,1.8235000000000001
15.345,17.372792409105465,130.375,2.141857214882233,125,2450,1.0970611649256055,1.82525
11.17,17.372792409105465,130.375,2.141857214882233,125,2450,1.0970611649256055,1.82525
13.27,17.372792409105465,130.375,2.141857214882233,125,2450,1.0970611649256055,1.82525
12.670000000000002,17.372792409105465,130.375,2.141857214882233,125,2450,1.0970611649256055,1.82525
12.235,17.372792409105465,130.375,2.141857214882233,125,2450,1.0970611649256055,1.82525
15.06,17.372792409105465,130.375,2.141857214882233,125,2450,1.0970611649256055,1.82525
18.825000000000003,17.372792409105465,130.375,2.141857214882233,125,2450,1.0970611649256055,1.82525
11.905,17.372792409105465,130.375,2.141857214882233,125,2450,1.0970611649256055,1.82525
15.54,17.372792409105465,130.375,2.141857214882233,125,2450,1.0970611649256055,1.82525
19.055,17.372792409105465,130.375,2.141857214882233,125,2450,1.0970611649256055,1.82525
20.46,17.372792409105465,130.375,2.141857214882233,125,2450,1.0970611649256055,1.82525
11.66,17.377768647818517,130.5,2.146833453595285,125,2450,1.097696340945093,1.827
16.91,17.377768647818517,130.5,2.146833453595285,125,2450,1.097696340945093,1.827
18.315,17.377768647818517,130.5,2.146833453595285,125,2450,1.097696340945093,1.827
14.78,17.377768647818517,130.5,2.146833453595285,125,2450,1.097696340945093,1.827
17.545,17.377768647818517,130.5,2.146833453595285,125,2450,1.097696340945093,1.827
18.68,17.377768647818517,130.5,2.146833453595285,125,2450,1.097696340945093,1.827
12.7,17.377768647818517,130.5,2.146833453595285,125,2450,1.097696340945093,1.827
17.840000000000003,17.379746687928773,130.625,2.1488114937055407,125,2450,1.0983333448078414,1.82875
13.235,17.380208453801785,130.75,2.1492732595785533,125,2450,1.0989721800171428,1.8305
14.03,17.380208453801785,130.75,2.1492732595785533,125,2450,1.0989721800171428,1.8305
15.3,17.380208453801785,130.75,2.1492732595785533,125,2450,1.0989721800171428,1.8305
12.16,17.380208453801785,130.75,2.1492732595785533,125,2450,1.0989721800171428,1.8305
58.915000000000006,17.380208453801785,130.75,2.1492732595785533,125,2450,1.0989721800171428,1.8305
24.595,17.380208453801785,130.75,2.1492732595785533,125,2450,1.0989721800171428,1.8305
25.28,17.380208453801785,130.75,2.1492732595785533,125,2450,1.0989721800171428,1.8305
15.88,17.380208453801785,130.75,2.1492732595785533,125,2450,1.0989721800171428,1.8305
22.275,17.380208453801785,130.75,2.1492732595785533,125,2450,1.0989721800171428,1.8305
18.935,17.380208453801785,130.75,2.1492732595785533,125,2450,1.0989721800171428,1.8305
14.845,17.38113057063954,130.875,2.1501953764163098,125,2450,1.0996128500796427,1.83225
16.765,17.38113057063954,130.875,2.1501953764163098,125,2450,1.0996128500796427,1.83225
14.52,17.38113057063954,130.875,2.1501953764163098,125,2450,1.0996128500796427,1.83225
13.285,17.38113057063954,130.875,2.1501953764163098,125,2450,1.0996128500796427,1.83225
16.995,17.38113057063954,130.875,2.1501953764163098,125,2450,1.0996128500796427,1.83225
19.66,17.38113057063954,130.875,2.1501953764163098,125,2450,1.0996128500796427,1.83225
12.03,17.3826758386749,131,2.1517406444516674,125,2450,1.1002553585053416,1.834
19.9,17.383458824964222,131.125,2.1525236307409905,125,2450,1.100899708807593,1.83575
17.62,17.383458824964222,131.125,2.1525236307409905,125,2450,1.100899708807593,1.83575
24.205,17.383458824964222,131.125,2.1525236307409905,125,2450,1.100899708807593,1.83575
13.38,17.38420189299483,131.25,2.153266698771599,125,2450,1.1015459045031055,1.8375000000000001
15.095,17.38420189299483,131.25,2.153266698771599,125,2450,1.1015459045031055,1.8375000000000001
14.23,17.38420189299483,131.25,2.153266698771599,125,2450,1.1015459045031055,1.8375000000000001
23.455,17.38420189299483,131.25,2.153266698771599,125,2450,1.1015459045031055,1.8375000000000001
16.775,17.38420189299483,131.25,2.153266698771599,125,2450,1.1015459045031055,1.8375000000000001
15.765,17.386405011638494,131.375,2.1554698174152627,125,2450,1.1021939491119408,1.83925
14.9,17.386405011638494,131.375,2.1554698174152627,125,2450,1.1021939491119408,1.83925
10.585,17.386405011638494,131.375,2.1554698174152627,125,2450,1.1021939491119408,1.83925
17.405,17.386405011638494,131.375,2.1554698174152627,125,2450,1.1021939491119408,1.83925
20.92,17.386405011638494,131.375,2.1554698174152627,125,2450,1.1021939491119408,1.83925
21.3,17.386405011638494,131.375,2.1554698174152627,125,2450,1.1021939491119408,1.83925
17.965000000000003,17.386405011638494,131.375,2.1554698174152627,125,2450,1.1021939491119408,1.83925
22.86,17.386405011638494,131.375,2.1554698174152627,125,2450,1.1021939491119408,1.83925
17.935000000000002,17.386405011638494,131.375,2.1554698174152627,125,2450,1.1021939491119408,1.83925
15.13,17.386750145180933,131.5,2.1558149509577014,125,2450,1.1028438461575154,1.841
13.11,17.386750145180933,131.5,2.1558149509577014,125,2450,1.1028438461575154,1.841
22.035,17.386750145180933,131.5,2.1558149509577014,125,2450,1.1028438461575154,1.841
15.035,17.386750145180933,131.5,2.1558149509577014,125,2450,1.1028438461575154,1.841
26.425,17.388641181560555,131.59375,2.157705987337323,125,2450,1.103332486724753,1.8423125
18.96,17.388637255127705,131.625,2.157702060904473,125,2450,1.1034955991665991,1.84275
17.18,17.388637255127705,131.625,2.157702060904473,125,2450,1.1034955991665991,1.84275
17.175,17.37168902587193,131.66666666666666,2.1407538316486985,125,2450,1.103713263216011,1.8433333333333333
13.625,17.37168902587193,131.67708333333331,2.1407538316486985,125,2450,1.1037677115265654,1.8434791666666663
17.87,17.37227808394626,131.75,2.1413428897230276,125,2450,1.1041492116693168,1.8445
11.675,17.37227808394626,131.75,2.1413428897230276,125,2450,1.1041492116693168,1.8445
16.22,17.37227808394626,131.75,2.1413428897230276,125,2450,1.1041492116693168,1.8445
15.35,17.37227808394626,131.75,2.1413428897230276,125,2450,1.1041492116693168,1.8445
11.555,17.374181602147953,131.875,2.143246407924721,125,2450,1.1048046871991457,1.84625
16.85,17.374181602147953,131.875,2.143246407924721,125,2450,1.1048046871991457,1.84625
17.745,17.374181602147953,131.875,2.143246407924721,125,2450,1.1048046871991457,1.84625
16.619999999999997,17.374181602147953,131.875,2.143246407924721,125,2450,1.1048046871991457,1.84625
17.335,17.374181602147953,131.875,2.143246407924721,125,2450,1.1048046871991457,1.84625
21.8,17.37668205885359,131.96875,2.1457468646303575,125,2450,1.1052975185855594,1.8475625
12.485,17.376685993840756,132,2.145750799617524,125,2450,1.1054620292929191,1.848
17,17.376685993840756,132,2.145750799617524,125,2450,1.1054620292929191,1.848
15.02,17.376685993840756,132,2.145750799617524,125,2450,1.1054620292929191,1.848
21.255,17.377055062845603,132.125,2.146119868622371,125,2450,1.106121241490823,1.84975
17.755000000000003,17.377055062845603,132.125,2.146119868622371,125,2450,1.106121241490823,1.84975
13.825,17.377055062845603,132.125,2.146119868622371,125,2450,1.106121241490823,1.84975
17.345,17.377055062845603,132.125,2.146119868622371,125,2450,1.106121241490823,1.84975
18.25,17.377055062845603,132.125,2.146119868622371,125,2450,1.106121241490823,1.84975
37.94500000000001,17.377055062845603,132.125,2.146119868622371,125,2450,1.106121241490823,1.84975
21.83,17.37793565202439,132.25,2.147000457801159,125,2450,1.1067823273363973,1.8515000000000001
15.495,17.37793565202439,132.25,2.147000457801159,125,2450,1.1067823273363973,1.8515000000000001
13.1,17.377895047162685,132.375,2.146959852939453,125,2450,1.107445290376537,1.85325
18.015,17.377895047162685,132.375,2.146959852939453,125,2450,1.107445290376537,1.85325
20.335,17.377895047162685,132.375,2.146959852939453,125,2450,1.107445290376537,1.85325
18.005,17.377895047162685,132.375,2.146959852939453,125,2450,1.107445290376537,1.85325
14.13,17.377895047162685,132.375,2.146959852939453,125,2450,1.107445290376537,1.85325
19.4,17.377895047162685,132.375,2.146959852939453,125,2450,1.107445290376537,1.85325
26.3,17.377895047162685,132.375,2.146959852939453,125,2450,1.107445290376537,1.85325
7.725,17.37820548794778,132.5,2.1472702937245494,125,2450,1.1081101341614905,1.855
17.435000000000002,17.37820548794778,132.5,2.1472702937245494,125,2450,1.1081101341614905,1.855
17.2,17.37820548794778,132.5,2.1472702937245494,125,2450,1.1081101341614905,1.855
17.26,17.37820548794778,132.5,2.1472702937245494,125,2450,1.1081101341614905,1.855
16.855,17.380817570093015,132.625,2.149882375869783,125,2450,1.10877686224486,1.8567500000000001
15.37,17.380817570093015,132.625,2.149882375869783,125,2450,1.10877686224486,1.8567500000000001
15.535,17.380817570093015,132.625,2.149882375869783,125,2450,1.10877686224486,1.8567500000000001
12.725,17.380817570093015,132.625,2.149882375869783,125,2450,1.10877686224486,1.8567500000000001
36.42,17.380817570093015,132.625,2.149882375869783,125,2450,1.10877686224486,1.8567500000000001
17.7,17.380817570093015,132.625,2.149882375869783,125,2450,1.10877686224486,1.8567500000000001
16.555,17.380817570093015,132.625,2.149882375869783,125,2450,1.10877686224486,1.8567500000000001
14.475,17.380817570093015,132.625,2.149882375869783,125,2450,1.10877686224486,1.8567500000000001
20.675,17.381743550156695,132.75,2.1508083559334636,125,2450,1.1094454781836025,1.8585
13.885,17.381743550156695,132.75,2.1508083559334636,125,2450,1.1094454781836025,1.8585
13.990000000000002,17.381743550156695,132.75,2.1508083559334636,125,2450,1.1094454781836025,1.8585
22.655,17.381743550156695,132.75,2.1508083559334636,125,2450,1.1094454781836025,1.8585
19.6,17.381743550156695,132.75,2.1508083559334636,125,2450,1.1094454781836025,1.8585
16.130000000000003,17.3834594722411,132.875,2.152524278017868,125,2450,1.1101159855380278,1.86025
15.05,17.3834594722411,132.875,2.152524278017868,125,2450,1.1101159855380278,1.86025
19.69,17.3834594722411,132.875,2.152524278017868,125,2450,1.1101159855380278,1.86025
19.945,17.3834594722411,132.875,2.152524278017868,125,2450,1.1101159855380278,1.86025
20.275,17.3834594722411,132.875,2.152524278017868,125,2450,1.1101159855380278,1.86025
26.02,17.3834594722411,132.875,2.152524278017868,125,2450,1.1101159855380278,1.86025
10.755,17.384468871181312,133,2.15353367695808,125,2450,1.1107883878718012,1.862
11.465,17.384468871181312,133,2.15353367695808,125,2450,1.1107883878718012,1.862
17.445,17.386882695793993,133.125,2.155947501570761,125,2450,1.111462688751941,1.86375
13.025,17.386882695793993,133.125,2.155947501570761,125,2450,1.111462688751941,1.86375
15.635,17.386882695793993,133.125,2.155947501570761,125,2450,1.111462688751941,1.86375
16.72,17.386882695793993,133.125,2.155947501570761,125,2450,1.111462688751941,1.86375
16.565,17.386882695793993,133.125,2.155947501570761,125,2450,1.111462688751941,1.86375
18.275,17.386882695793993,133.125,2.155947501570761,125,2450,1.111462688751941,1.86375
13.985,17.386882695793993,133.125,2.155947501570761,125,2450,1.111462688751941,1.86375
15.945,17.392290247561206,133.25,2.1613550533379744,125,2450,1.11213889174882,1.8655
12.725,17.392290247561206,133.25,2.1613550533379744,125,2450,1.11213889174882,1.8655
12.98,17.39350005877212,133.375,2.1625648645488873,125,2450,1.1128170004361644,1.86725
14.11,17.39350005877212,133.375,2.1625648645488873,125,2450,1.1128170004361644,1.86725
16.815,17.39350005877212,133.375,2.1625648645488873,125,2450,1.1128170004361644,1.86725
16.495,17.39350005877212,133.375,2.1625648645488873,125,2450,1.1128170004361644,1.86725
26.605,17.39350005877212,133.375,2.1625648645488873,125,2450,1.1128170004361644,1.86725
18.68,17.39350005877212,133.375,2.1625648645488873,125,2450,1.1128170004361644,1.86725
18.265,17.39350005877212,133.375,2.1625648645488873,125,2450,1.1128170004361644,1.86725
14.875,17.39350005877212,133.375,2.1625648645488873,125,2450,1.1128170004361644,1.86725
15.18,17.39350005877212,133.375,2.1625648645488873,125,2450,1.1128170004361644,1.86725
16.244999999999997,17.39219581868087,133.41666666666666,2.16126062445764,125,2450,1.1130434607702138,1.8678333333333332
13.34,17.396805574645136,133.5,2.1658703804219037,125,2450,1.113497018391056,1.869
19.145,17.396805574645136,133.5,2.1658703804219037,125,2450,1.113497018391056,1.869
19.19,17.396805574645136,133.5,2.1658703804219037,125,2450,1.113497018391056,1.869
28.33,17.396805574645136,133.5,2.1658703804219037,125,2450,1.113497018391056,1.869
27.855,17.396805574645136,133.5,2.1658703804219037,125,2450,1.113497018391056,1.869
25.040000000000003,17.402958295988164,133.625,2.172023101764932,125,2450,1.1141789491939285,1.8707500000000001
25.695,17.402958295988164,133.625,2.172023101764932,125,2450,1.1141789491939285,1.8707500000000001
17.245,17.402958295988164,133.625,2.172023101764932,125,2450,1.1141789491939285,1.8707500000000001
15.91,17.402958295988164,133.625,2.172023101764932,125,2450,1.1141789491939285,1.8707500000000001
17.16,17.402958295988164,133.625,2.172023101764932,125,2450,1.1141789491939285,1.8707500000000001
27.49,17.40517135118729,133.75,2.1742361569640565,125,2450,1.1148627964285711,1.8725
15.625,17.40517135118729,133.75,2.1742361569640565,125,2450,1.1148627964285711,1.8725
12.73,17.40517135118729,133.75,2.1742361569640565,125,2450,1.1148627964285711,1.8725
15.695,17.40517135118729,133.75,2.1742361569640565,125,2450,1.1148627964285711,1.8725
18.81,17.40517135118729,133.75,2.1742361569640565,125,2450,1.1148627964285711,1.8725
27.700000000000003,17.40517135118729,133.75,2.1742361569640565,125,2450,1.1148627964285711,1.8725
17.045,17.397078366798922,133.875,2.1661431725756906,125,2450,1.1155485636821272,1.87425
16.425,17.397078366798922,133.875,2.1661431725756906,125,2450,1.1155485636821272,1.87425
14.225,17.397078366798922,133.875,2.1661431725756906,125,2450,1.1155485636821272,1.87425
15.11,17.397078366798922,133.875,2.1661431725756906,125,2450,1.1155485636821272,1.87425
16.700000000000003,17.397078366798922,133.875,2.1661431725756906,125,2450,1.1155485636821272,1.87425
15.495,17.397078366798922,133.875,2.1661431725756906,125,2450,1.1155485636821272,1.87425
16.39,17.397078366798922,133.875,2.1661431725756906,125,2450,1.1155485636821272,1.87425
15.67,17.397078366798922,133.875,2.1661431725756906,125,2450,1.1155485636821272,1.87425
16.405,17.397078366798922,133.875,2.1661431725756906,125,2450,1.1155485636821272,1.87425
19.485,17.397078366798922,133.875,2.1661431725756906,125,2450,1.1155485636821272,1.87425
21.805,17.39716119911049,133.91666666666666,2.166226004887257,125,2450,1.1157775800579983,1.8748333333333331
18.615,17.396831657717087,134,2.165896463493855,125,2450,1.116236254545093,1.8760000000000001
12.325,17.396831657717087,134,2.165896463493855,125,2450,1.116236254545093,1.8760000000000001
21.54,17.396831657717087,134,2.165896463493855,125,2450,1.116236254545093,1.8760000000000001
19.94,17.396831657717087,134,2.165896463493855,125,2450,1.116236254545093,1.8760000000000001
18.76,17.396831657717087,134,2.165896463493855,125,2450,1.116236254545093,1.8760000000000001
13.16,17.396995138493626,134.125,2.166059944270394,125,2450,1.1169258726113198,1.87775
15.855,17.396995138493626,134.125,2.166059944270394,125,2450,1.1169258726113198,1.87775
11.685,17.396995138493626,134.125,2.166059944270394,125,2450,1.1169258726113198,1.87775
9.72,17.398607569702637,134.25,2.1676723754794054,125,2450,1.1176174214780124,1.8795
15.435,17.398607569702637,134.25,2.1676723754794054,125,2450,1.1176174214780124,1.8795
17.335,17.398607569702637,134.25,2.1676723754794054,125,2450,1.1176174214780124,1.8795
15.045,17.398607569702637,134.25,2.1676723754794054,125,2450,1.1176174214780124,1.8795
18.055,17.398607569702637,134.25,2.1676723754794054,125,2450,1.1176174214780124,1.8795
20.665,17.398607569702637,134.25,2.1676723754794054,125,2450,1.1176174214780124,1.8795
17.875,17.398607569702637,134.25,2.1676723754794054,125,2450,1.1176174214780124,1.8795
16.425,17.402727746848345,134.375,2.1717925526251136,125,2450,1.1183109047457298,1.88125
14.09,17.402727746848345,134.375,2.1717925526251136,125,2450,1.1183109047457298,1.88125
20.475,17.402727746848345,134.375,2.1717925526251136,125,2450,1.1183109047457298,1.88125
25.385,17.402727746848345,134.375,2.1717925526251136,125,2450,1.1183109047457298,1.88125
16.15,17.402727746848345,134.375,2.1717925526251136,125,2450,1.1183109047457298,1.88125
15.02,17.402727746848345,134.375,2.1717925526251136,125,2450,1.1183109047457298,1.88125
30.895000000000003,17.402727746848345,134.375,2.1717925526251136,125,2450,1.1183109047457298,1.88125
19.255,17.407940032039868,134.5,2.177004837816636,125,2450,1.119006326018385,1.883
16.46,17.407940032039868,134.5,2.177004837816636,125,2450,1.119006326018385,1.883
12.35,17.410850237581165,134.54166666666666,2.1799150433579335,125,2450,1.1192385644004157,1.8835833333333332
17.905,17.41525331654229,134.625,2.184318122319059,125,2450,1.1197036889032452,1.8847500000000001
28.715,17.41525331654229,134.625,2.184318122319059,125,2450,1.1197036889032452,1.8847500000000001
69.37,17.41525331654229,134.625,2.184318122319059,125,2450,1.1197036889032452,1.8847500000000001
21.455,17.41525331654229,134.625,2.184318122319059,125,2450,1.1197036889032452,1.8847500000000001
17.555,17.41525331654229,134.625,2.184318122319059,125,2450,1.1197036889032452,1.8847500000000001
12.2,17.415579140370827,134.75,2.1846439461475953,125,2450,1.1204029970109317,1.8865
23.595,17.415579140370827,134.75,2.1846439461475953,125,2450,1.1204029970109317,1.8865
14.17,17.415579140370827,134.75,2.1846439461475953,125,2450,1.1204029970109317,1.8865
17.895000000000003,17.415579140370827,134.75,2.1846439461475953,125,2450,1.1204029970109317,1.8865
27.17,17.415579140370827,134.75,2.1846439461475953,125,2450,1.1204029970109317,1.8865
19.225,17.415579140370827,134.75,2.1846439461475953,125,2450,1.1204029970109317,1.8865
14.330000000000002,17.415255351163527,134.875,2.184320156940295,125,2450,1.121104253955419,1.88825
19.365,17.415255351163527,134.875,2.184320156940295,125,2450,1.121104253955419,1.88825
14.54,17.415255351163527,134.875,2.184320156940295,125,2450,1.121104253955419,1.88825
18.33,17.415255351163527,134.875,2.184320156940295,125,2450,1.121104253955419,1.88825
19.755000000000003,17.415255351163527,134.875,2.184320156940295,125,2450,1.121104253955419,1.88825
20.56,17.415255351163527,134.875,2.184320156940295,125,2450,1.121104253955419,1.88825
21.165,17.415877873618616,134.91666666666666,2.184942679395384,125,2450,1.1213384399702138,1.8888333333333331
13.53,17.415117711799397,135,2.184182517576165,125,2450,1.1218074633540371,1.8900000000000001
15.8,17.415117711799397,135,2.184182517576165,125,2450,1.1218074633540371,1.8900000000000001
18.025,17.415117711799397,135,2.184182517576165,125,2450,1.1218074633540371,1.8900000000000001
18.42,17.415117711799397,135,2.184182517576165,125,2450,1.1218074633540371,1.8900000000000001
19.92,17.415117711799397,135,2.184182517576165,125,2450,1.1218074633540371,1.8900000000000001
18.455,17.415117711799397,135,2.184182517576165,125,2450,1.1218074633540371,1.8900000000000001
17.18,17.415117711799397,135,2.184182517576165,125,2450,1.1218074633540371,1.8900000000000001
22.65,17.415117711799397,135,2.184182517576165,125,2450,1.1218074633540371,1.8900000000000001
14.985,17.413763112070285,135.125,2.182827917847053,125,2450,1.1225126288274687,1.89175
13.44,17.413763112070285,135.125,2.182827917847053,125,2450,1.1225126288274687,1.89175
16.060000000000002,17.413763112070285,135.125,2.182827917847053,125,2450,1.1225126288274687,1.89175
16.415,17.413763112070285,135.125,2.182827917847053,125,2450,1.1225126288274687,1.89175
19.1,17.413763112070285,135.125,2.182827917847053,125,2450,1.1225126288274687,1.89175
14.605,17.413763112070285,135.125,2.182827917847053,125,2450,1.1225126288274687,1.89175
12.745,17.413763112070285,135.125,2.182827917847053,125,2450,1.1225126288274687,1.89175
22.44,17.413763112070285,135.125,2.182827917847053,125,2450,1.1225126288274687,1.89175
19.115,17.413763112070285,135.125,2.182827917847053,125,2450,1.1225126288274687,1.89175
11.93,17.413763112070285,135.125,2.182827917847053,125,2450,1.1225126288274687,1.89175
18.01,17.41597249627806,135.25,2.185037302054827,125,2450,1.1232197539997517,1.8935
24.32,17.41597249627806,135.25,2.185037302054827,125,2450,1.1232197539997517,1.8935
19.19,17.417615796106972,135.375,2.18668060188374,125,2450,1.1239288424982763,1.89525
12.265,17.417679157835895,135.5,2.1867439636126633,125,2450,1.1246398979537886,1.897
14.88,17.417679157835895,135.5,2.1867439636126633,125,2450,1.1246398979537886,1.897
15.275,17.417679157835895,135.5,2.1867439636126633,125,2450,1.1246398979537886,1.897
15.29,17.417679157835895,135.5,2.1867439636126633,125,2450,1.1246398979537886,1.897
17.305,17.417679157835895,135.5,2.1867439636126633,125,2450,1.1246398979537886,1.897
14.25,17.417679157835895,135.5,2.1867439636126633,125,2450,1.1246398979537886,1.897
17.14,17.417679157835895,135.5,2.1867439636126633,125,2450,1.1246398979537886,1.897
21.424999999999997,17.417679157835895,135.5,2.1867439636126633,125,2450,1.1246398979537886,1.897
23.185,17.417679157835895,135.5,2.1867439636126633,125,2450,1.1246398979537886,1.897
15.83,17.419570147998428,135.625,2.188634953775196,125,2450,1.1253529240003881,1.89875
16.17,17.419570147998428,135.625,2.188634953775196,125,2450,1.1253529240003881,1.89875
13.465,17.419570147998428,135.625,2.188634953775196,125,2450,1.1253529240003881,1.89875
15.715,17.419570147998428,135.625,2.188634953775196,125,2450,1.1253529240003881,1.89875
15.535,17.419570147998428,135.625,2.188634953775196,125,2450,1.1253529240003881,1.89875
15.075,17.418895659000235,135.75,2.187960464777003,125,2450,1.1260679242755278,1.9005
12.035,17.418895659000235,135.75,2.187960464777003,125,2450,1.1260679242755278,1.9005
18.515,17.418895659000235,135.75,2.187960464777003,125,2450,1.1260679242755278,1.9005
19.025,17.418895659000235,135.75,2.187960464777003,125,2450,1.1260679242755278,1.9005
10.745,17.42028507005907,135.875,2.1893498758358376,125,2450,1.1267849024200154,1.90225
12.92,17.42028507005907,135.875,2.1893498758358376,125,2450,1.1267849024200154,1.90225
21.11,17.42028507005907,135.875,2.1893498758358376,125,2450,1.1267849024200154,1.90225
12.61,17.42028507005907,135.875,2.1893498758358376,125,2450,1.1267849024200154,1.90225
17.245,17.42028507005907,135.875,2.1893498758358376,125,2450,1.1267849024200154,1.90225
16.725,17.42028507005907,135.875,2.1893498758358376,125,2450,1.1267849024200154,1.90225
20.53,17.42028507005907,135.875,2.1893498758358376,125,2450,1.1267849024200154,1.90225
20.16,17.42028507005907,135.875,2.1893498758358376,125,2450,1.1267849024200154,1.90225
22.23,17.420841939653215,136,2.189906745429983,125,2450,1.1275038620780122,1.9040000000000001
11.73,17.420841939653215,136,2.189906745429983,125,2450,1.1275038620780122,1.9040000000000001
19.415,17.420841939653215,136,2.189906745429983,125,2450,1.1275038620780122,1.9040000000000001
15.075,17.420841939653215,136,2.189906745429983,125,2450,1.1275038620780122,1.9040000000000001
13.37,17.420841939653215,136,2.189906745429983,125,2450,1.1275038620780122,1.9040000000000001
13.47,17.420841939653215,136,2.189906745429983,125,2450,1.1275038620780122,1.9040000000000001
15.95,17.420841939653215,136,2.189906745429983,125,2450,1.1275038620780122,1.9040000000000001
18.28,17.420841939653215,136,2.189906745429983,125,2450,1.1275038620780122,1.9040000000000001
14.83,17.420841939653215,136,2.189906745429983,125,2450,1.1275038620780122,1.9040000000000001
16.244999999999997,17.42663252740628,136.125,2.1956973331830483,125,2450,1.128224806897034,1.90575
21.37,17.42663252740628,136.125,2.1956973331830483,125,2450,1.128224806897034,1.90575
14.36,17.42663252740628,136.125,2.1956973331830483,125,2450,1.128224806897034,1.90575
19.025,17.42663252740628,136.125,2.1956973331830483,125,2450,1.128224806897034,1.90575
18.65,17.42663252740628,136.125,2.1956973331830483,125,2450,1.128224806897034,1.90575
22.165,17.42663252740628,136.125,2.1956973331830483,125,2450,1.128224806897034,1.90575
13.75,17.42634728016267,136.25,2.195412085939438,125,2450,1.1289477405279502,1.9075
20.175,17.42634728016267,136.25,2.195412085939438,125,2450,1.1289477405279502,1.9075
12.785,17.42634728016267,136.25,2.195412085939438,125,2450,1.1289477405279502,1.9075
9.36,17.425835269065818,136.375,2.194900074842586,125,2450,1.1296726666249843,1.9092500000000001
12.045000000000002,17.425835269065818,136.375,2.194900074842586,125,2450,1.1296726666249843,1.9092500000000001
14.26,17.425835269065818,136.375,2.194900074842586,125,2450,1.1296726666249843,1.9092500000000001
24.19,17.425835269065818,136.375,2.194900074842586,125,2450,1.1296726666249843,1.9092500000000001
15.015,17.42746090897647,136.5,2.196525714753239,125,2450,1.1303995888457143,1.911
16.815,17.42746090897647,136.5,2.196525714753239,125,2450,1.1303995888457143,1.911
40.900000000000006,17.43181360251796,136.625,2.2008784082947273,125,2450,1.1311285108510711,1.91275
15.89,17.43444982305308,136.75,2.203514628829847,125,2450,1.1318594363053416,1.9145
14.51,17.43444982305308,136.75,2.203514628829847,125,2450,1.1318594363053416,1.9145
17.76,17.43444982305308,136.75,2.203514628829847,125,2450,1.1318594363053416,1.9145
17.475,17.43444982305308,136.75,2.203514628829847,125,2450,1.1318594363053416,1.9145
17.195,17.43444982305308,136.75,2.203514628829847,125,2450,1.1318594363053416,1.9145
13.105,17.434151859456463,136.875,2.2032166652332315,125,2450,1.1325923688761645,1.91625
15.260000000000002,17.434151859456463,136.875,2.2032166652332315,125,2450,1.1325923688761645,1.91625
21.8,17.434151859456463,136.875,2.2032166652332315,125,2450,1.1325923688761645,1.91625
13.985,17.4364399302197,137,2.205504735996467,125,2450,1.1333273122345342,1.9180000000000001
16.65,17.4364399302197,137,2.205504735996467,125,2450,1.1333273122345342,1.9180000000000001
18.335,17.4364399302197,137,2.205504735996467,125,2450,1.1333273122345342,1.9180000000000001
17.765,17.4364399302197,137,2.205504735996467,125,2450,1.1333273122345342,1.9180000000000001
19.505000000000003,17.4364399302197,137,2.205504735996467,125,2450,1.1333273122345342,1.9180000000000001
16.92,17.4364399302197,137,2.205504735996467,125,2450,1.1333273122345342,1.9180000000000001
28.075000000000003,17.4364399302197,137,2.205504735996467,125,2450,1.1333273122345342,1.9180000000000001
16.955,17.4364399302197,137,2.205504735996467,125,2450,1.1333273122345342,1.9180000000000001
20.73,17.437133881721458,137.08333333333334,2.206198687498226,125,2450,1.1338183933919945,1.919166666666667
17.090000000000003,17.437133881721458,137.125,2.206198687498226,125,2450,1.134064270054798,1.91975
18.495,17.437133881721458,137.125,2.206198687498226,125,2450,1.134064270054798,1.91975
14.265,17.437133881721458,137.125,2.206198687498226,125,2450,1.134064270054798,1.91975
13.355,17.437133881721458,137.125,2.206198687498226,125,2450,1.134064270054798,1.91975
15.71,17.437133881721458,137.125,2.206198687498226,125,2450,1.134064270054798,1.91975
16.805,17.437133881721458,137.125,2.206198687498226,125,2450,1.134064270054798,1.91975
14.49,17.438725472230914,137.20833333333334,2.207790278007682,125,2450,1.1345566962298153,1.9209166666666668
20.04,17.43871374033756,137.25,2.2077785461143264,125,2450,1.1348032460146584,1.9215
20.36,17.43871374033756,137.25,2.2077785461143264,125,2450,1.1348032460146584,1.9215
15.26,17.43871374033756,137.25,2.2077785461143264,125,2450,1.1348032460146584,1.9215
29.405,17.43871374033756,137.25,2.2077785461143264,125,2450,1.1348032460146584,1.9215
30.565,17.440516819061063,137.375,2.2095816248378313,125,2450,1.1355442437951706,1.9232500000000001
12.670000000000002,17.440516819061063,137.375,2.2095816248378313,125,2450,1.1355442437951706,1.9232500000000001
17.665,17.440516819061063,137.375,2.2095816248378313,125,2450,1.1355442437951706,1.9232500000000001
18.715,17.440516819061063,137.375,2.2095816248378313,125,2450,1.1355442437951706,1.9232500000000001
12.81,17.440516819061063,137.375,2.2095816248378313,125,2450,1.1355442437951706,1.9232500000000001
13.55,17.442654131816507,137.5,2.2117189375932753,125,2450,1.1362872670807453,1.925
13.31,17.442654131816507,137.5,2.2117189375932753,125,2450,1.1362872670807453,1.925
17.25,17.442654131816507,137.5,2.2117189375932753,125,2450,1.1362872670807453,1.925
18.09,17.442654131816507,137.5,2.2117189375932753,125,2450,1.1362872670807453,1.925
18.065,17.442654131816507,137.5,2.2117189375932753,125,2450,1.1362872670807453,1.925
18.535,17.442654131816507,137.5,2.2117189375932753,125,2450,1.1362872670807453,1.925
16.955,17.442654131816507,137.5,2.2117189375932753,125,2450,1.1362872670807453,1.925
13.275,17.444129214389456,137.625,2.213194020166224,125,2450,1.1370323195591456,1.92675
14.96,17.444129214389456,137.625,2.213194020166224,125,2450,1.1370323195591456,1.92675
14.955,17.444129214389456,137.625,2.213194020166224,125,2450,1.1370323195591456,1.92675
14.025,17.444129214389456,137.625,2.213194020166224,125,2450,1.1370323195591456,1.92675
17.810000000000002,17.447432818847204,137.75,2.2164976246239725,125,2450,1.1377794049214907,1.9285
11.125,17.44899942456434,137.875,2.2180642303411098,125,2450,1.1385285268622516,1.93025
16.6,17.44899942456434,137.875,2.2180642303411098,125,2450,1.1385285268622516,1.93025
17.185000000000002,17.44899942456434,137.875,2.2180642303411098,125,2450,1.1385285268622516,1.93025
18.68,17.45010096149049,138,2.21916576726726,125,2450,1.1392796890792547,1.932
24.86,17.45010096149049,138,2.21916576726726,125,2450,1.1392796890792547,1.932
16.015,17.45171857412237,138.125,2.2207833798991388,125,2450,1.14003289527368,1.93375
39.510000000000005,17.45171857412237,138.125,2.2207833798991388,125,2450,1.14003289527368,1.93375
13.12,17.45171857412237,138.125,2.2207833798991388,125,2450,1.14003289527368,1.93375
15.35,17.45171857412237,138.125,2.2207833798991388,125,2450,1.14003289527368,1.93375
15.5,17.45171857412237,138.125,2.2207833798991388,125,2450,1.14003289527368,1.93375
16.695,17.45171857412237,138.125,2.2207833798991388,125,2450,1.14003289527368,1.93375
20.545,17.45171857412237,138.125,2.2207833798991388,125,2450,1.14003289527368,1.93375
22.775,17.45171857412237,138.125,2.2207833798991388,125,2450,1.14003289527368,1.93375
17.315,17.45316463462042,138.1875,2.2222294403971894,125,2450,1.140410266019962,1.934625
12.71,17.45316463462042,138.1875,2.2222294403971894,125,2450,1.140410266019962,1.934625
9.7,17.453280152037966,138.25,2.222344957814734,125,2450,1.140788149150062,1.9355
16.585,17.453280152037966,138.25,2.222344957814734,125,2450,1.140788149150062,1.9355
17.74,17.453280152037966,138.25,2.222344957814734,125,2450,1.140788149150062,1.9355
15.34,17.453280152037966,138.25,2.222344957814734,125,2450,1.140788149150062,1.9355
19.82,17.453280152037966,138.25,2.222344957814734,125,2450,1.140788149150062,1.9355
19.045,17.453280152037966,138.25,2.222344957814734,125,2450,1.140788149150062,1.9355
15.535,17.453280152037966,138.25,2.222344957814734,125,2450,1.140788149150062,1.9355
21.494999999999997,17.453280152037966,138.25,2.222344957814734,125,2450,1.140788149150062,1.9355
14.575,17.456133944453136,138.375,2.2251987502299038,125,2450,1.1415454544162886,1.9372500000000001
15.82,17.455688159831904,138.40625,2.2247529656086726,125,2450,1.141735101697346,1.9376875
15.22,17.4576947021045,138.5,2.226759507881269,125,2450,1.1423048147836024,1.939
12.25,17.4576947021045,138.5,2.226759507881269,125,2450,1.1423048147836024,1.939
15.125,17.4576947021045,138.5,2.226759507881269,125,2450,1.1423048147836024,1.939
15.745,17.4576947021045,138.5,2.226759507881269,125,2450,1.1423048147836024,1.939
25.84,17.4576947021045,138.5,2.226759507881269,125,2450,1.1423048147836024,1.939
40.23,17.501099113757384,138.59375,2.270163919534152,125,2450,1.1428756859536116,1.9403125
14.545,17.473092637899576,138.625,2.2421574436763443,125,2450,1.1430662339665993,1.94075
13.685,17.473092637899576,138.625,2.2421574436763443,125,2450,1.1430662339665993,1.94075
17.055,17.473092637899576,138.625,2.2421574436763443,125,2450,1.1430662339665993,1.94075
12.705,17.473092637899576,138.625,2.2421574436763443,125,2450,1.1430662339665993,1.94075
12.605,17.473092637899576,138.625,2.2421574436763443,125,2450,1.1430662339665993,1.94075
19,17.473092637899576,138.625,2.2421574436763443,125,2450,1.1430662339665993,1.94075
20.205,17.473092637899576,138.625,2.2421574436763443,125,2450,1.1430662339665993,1.94075
17.990000000000002,17.473092637899576,138.625,2.2421574436763443,125,2450,1.1430662339665993,1.94075
19.675,17.473092637899576,138.625,2.2421574436763443,125,2450,1.1430662339665993,1.94075
28.775,17.473092637899576,138.625,2.2421574436763443,125,2450,1.1430662339665993,1.94075
15.96,17.474459978575368,138.75,2.243524784352136,125,2450,1.1438297156832298,1.9425000000000001
14.645,17.474459978575368,138.75,2.243524784352136,125,2450,1.1438297156832298,1.9425000000000001
14.515,17.474459978575368,138.75,2.243524784352136,125,2450,1.1438297156832298,1.9425000000000001
21.71,17.474459978575368,138.75,2.243524784352136,125,2450,1.1438297156832298,1.9425000000000001
14.865000000000002,17.474459978575368,138.75,2.243524784352136,125,2450,1.1438297156832298,1.9425000000000001
19.055,17.474459978575368,138.75,2.243524784352136,125,2450,1.1438297156832298,1.9425000000000001
16.605,17.474459978575368,138.75,2.243524784352136,125,2450,1.1438297156832298,1.9425000000000001
16.705,17.474459978575368,138.75,2.243524784352136,125,2450,1.1438297156832298,1.9425000000000001
25.72,17.477948083080644,138.875,2.2470128888574123,125,2450,1.1445952636547978,1.94425
19.805,17.477948083080644,138.875,2.2470128888574123,125,2450,1.1445952636547978,1.94425
15.765,17.47983485311201,139,2.248899658888778,125,2450,1.145362881605963,1.946
20.615,17.47983485311201,139,2.248899658888778,125,2450,1.145362881605963,1.946
17.005000000000003,17.47983485311201,139,2.248899658888778,125,2450,1.145362881605963,1.946
17.225,17.48159730891469,139.125,2.2506621146914583,125,2450,1.1461325732647358,1.94775
18.42,17.48159730891469,139.125,2.2506621146914583,125,2450,1.1461325732647358,1.94775
17.935000000000002,17.48159730891469,139.125,2.2506621146914583,125,2450,1.1461325732647358,1.94775
13.6,17.48159730891469,139.125,2.2506621146914583,125,2450,1.1461325732647358,1.94775
18.785,17.48159730891469,139.125,2.2506621146914583,125,2450,1.1461325732647358,1.94775
14.39,17.481932902251824,139.25,2.250997708028592,125,2450,1.1469043423624843,1.9495
11.21,17.481932902251824,139.25,2.250997708028592,125,2450,1.1469043423624843,1.9495
12.315,17.481932902251824,139.25,2.250997708028592,125,2450,1.1469043423624843,1.9495
17.11,17.481932902251824,139.25,2.250997708028592,125,2450,1.1469043423624843,1.9495
16.130000000000003,17.481932902251824,139.25,2.250997708028592,125,2450,1.1469043423624843,1.9495
15.235,17.481932902251824,139.25,2.250997708028592,125,2450,1.1469043423624843,1.9495
17.07,17.481932902251824,139.25,2.250997708028592,125,2450,1.1469043423624843,1.9495
15.954999999999998,17.483778779069617,139.375,2.252843584846385,125,2450,1.1476781926339286,1.9512500000000002
14.895,17.483778779069617,139.375,2.252843584846385,125,2450,1.1476781926339286,1.9512500000000002
16.22,17.483778779069617,139.375,2.252843584846385,125,2450,1.1476781926339286,1.9512500000000002
15.595,17.483778779069617,139.375,2.252843584846385,125,2450,1.1476781926339286,1.9512500000000002
18.005000000000003,17.483778779069617,139.375,2.252843584846385,125,2450,1.1476781926339286,1.9512500000000002
17.490000000000002,17.483778779069617,139.375,2.252843584846385,125,2450,1.1476781926339286,1.9512500000000002
16.085,17.483778779069617,139.375,2.252843584846385,125,2450,1.1476781926339286,1.9512500000000002
13.705000000000002,17.483778779069617,139.375,2.252843584846385,125,2450,1.1476781926339286,1.9512500000000002
68.59,17.492416418077315,139.5,2.2614812238540836,125,2450,1.1484541278171427,1.953
20.21,17.492416418077315,139.5,2.2614812238540836,125,2450,1.1484541278171427,1.953
18.42,17.492416418077315,139.5,2.2614812238540836,125,2450,1.1484541278171427,1.953
22.295,17.492416418077315,139.5,2.2614812238540836,125,2450,1.1484541278171427,1.953
22.05,17.492416418077315,139.5,2.2614812238540836,125,2450,1.1484541278171427,1.953
16.085,17.492416418077315,139.5,2.2614812238540836,125,2450,1.1484541278171427,1.953
17.479999999999997,17.492416418077315,139.5,2.2614812238540836,125,2450,1.1484541278171427,1.953
19.34,17.492416418077315,139.5,2.2614812238540836,125,2450,1.1484541278171427,1.953
16.975,17.493281252931418,139.58333333333334,2.262346058708186,125,2450,1.1489725780710836,1.9541666666666668
13.35,17.493281252931418,139.625,2.262346058708186,125,2450,1.149232151653556,1.95475
23.44,17.493281252931418,139.625,2.262346058708186,125,2450,1.149232151653556,1.95475
12.545000000000002,17.493281252931418,139.625,2.262346058708186,125,2450,1.149232151653556,1.95475
18.415,17.493281252931418,139.625,2.262346058708186,125,2450,1.149232151653556,1.95475
45.925,17.498105431716706,139.75,2.267170237493474,125,2450,1.1500122678879503,1.9565000000000001
15.97,17.498105431716706,139.75,2.267170237493474,125,2450,1.1500122678879503,1.9565000000000001
14.55,17.498105431716706,139.75,2.267170237493474,125,2450,1.1500122678879503,1.9565000000000001
14.515,17.502814204528224,139.83333333333334,2.2718790103049926,125,2450,1.1505335096716631,1.9576666666666669
18.895,17.502828693169988,139.875,2.2718934989467563,125,2450,1.1507944802684626,1.95825
13.38,17.508305162136818,140,2.277369967913586,125,2450,1.151578792546584,1.96
17.255000000000003,17.508305162136818,140,2.277369967913586,125,2450,1.151578792546584,1.96
19.995,17.508305162136818,140,2.277369967913586,125,2450,1.151578792546584,1.96
20.880000000000003,17.508305162136818,140,2.277369967913586,125,2450,1.151578792546584,1.96
17.985,17.51815187739677,140.125,2.28721668317354,125,2450,1.152365208477158,1.96175
13.33,17.51815187739677,140.125,2.28721668317354,125,2450,1.152365208477158,1.96175
17.985,17.51815187739677,140.125,2.28721668317354,125,2450,1.152365208477158,1.96175
22.565,17.51815187739677,140.125,2.28721668317354,125,2450,1.152365208477158,1.96175
18.99,17.51815187739677,140.125,2.28721668317354,125,2450,1.152365208477158,1.96175
21.200000000000003,17.51815187739677,140.125,2.28721668317354,125,2450,1.152365208477158,1.96175
18.295,17.51815187739677,140.125,2.28721668317354,125,2450,1.152365208477158,1.96175
16.065,17.517415274887504,140.1875,2.2864800806642727,125,2450,1.1527592064864216,1.962625
17.685000000000002,17.52157115004196,140.25,2.290635955818729,125,2450,1.153153731818385,1.9635
20.59,17.52157115004196,140.25,2.290635955818729,125,2450,1.153153731818385,1.9635
19.205,17.52157115004196,140.25,2.290635955818729,125,2450,1.153153731818385,1.9635
16.810000000000002,17.52157115004196,140.25,2.290635955818729,125,2450,1.153153731818385,1.9635
18.9,17.524542874450287,140.375,2.293607680227055,125,2450,1.1539443663318167,1.96525
15.06,17.524542874450287,140.375,2.293607680227055,125,2450,1.1539443663318167,1.96525
16.59,17.524542874450287,140.375,2.293607680227055,125,2450,1.1539443663318167,1.96525
32.635,17.524542874450287,140.375,2.293607680227055,125,2450,1.1539443663318167,1.96525
14.260000000000002,17.530825422924764,140.5,2.299890228701532,125,2450,1.15473711578236,1.967
20.875,17.530825422924764,140.5,2.299890228701532,125,2450,1.15473711578236,1.967
28.825,17.530825422924764,140.5,2.299890228701532,125,2450,1.15473711578236,1.967
17.415,17.528755482805003,140.625,2.2978202885817716,125,2450,1.155531983938276,1.96875
16.58,17.528755482805003,140.625,2.2978202885817716,125,2450,1.155531983938276,1.96875
18.265,17.528755482805003,140.625,2.2978202885817716,125,2450,1.155531983938276,1.96875
15.385,17.528755482805003,140.625,2.2978202885817716,125,2450,1.155531983938276,1.96875
21.015,17.528755482805003,140.625,2.2978202885817716,125,2450,1.155531983938276,1.96875
14.635,17.529101885238234,140.75,2.298166691015002,125,2450,1.15632897457118,1.9705000000000001
10.06,17.529101885238234,140.75,2.298166691015002,125,2450,1.15632897457118,1.9705000000000001
20.355,17.529101885238234,140.75,2.298166691015002,125,2450,1.15632897457118,1.9705000000000001
15.405,17.529101885238234,140.75,2.298166691015002,125,2450,1.15632897457118,1.9705000000000001
20.48,17.529101885238234,140.75,2.298166691015002,125,2450,1.15632897457118,1.9705000000000001
14.585,17.529101885238234,140.75,2.298166691015002,125,2450,1.15632897457118,1.9705000000000001
41.56,17.52821116311106,140.83333333333331,2.2972759688878277,125,2450,1.1568614826777084,1.9716666666666665
14.375,17.52821360323082,140.875,2.297278409007589,125,2450,1.1571280914560402,1.97225
18.615,17.52821360323082,140.875,2.297278409007589,125,2450,1.1571280914560402,1.97225
11.365,17.5283972389356,140.9375,2.2974620447123684,125,2450,1.1575284484235489,1.973125
11.785,17.530090238175216,141,2.299155043951984,125,2450,1.1579293383711797,1.974
16.965,17.530090238175216,141,2.299155043951984,125,2450,1.1579293383711797,1.974
16.515,17.530090238175216,141,2.299155043951984,125,2450,1.1579293383711797,1.974
33.91,17.552855354846635,141.125,2.321920160623403,125,2450,1.1587327190982761,1.9757500000000001
12.64,17.552855354846635,141.125,2.321920160623403,125,2450,1.1587327190982761,1.9757500000000001
21.42,17.552855354846635,141.125,2.321920160623403,125,2450,1.1587327190982761,1.9757500000000001
16.605,17.552855354846635,141.125,2.321920160623403,125,2450,1.1587327190982761,1.9757500000000001
29.18,17.552855354846635,141.125,2.321920160623403,125,2450,1.1587327190982761,1.9757500000000001
31.955,17.552855354846635,141.125,2.321920160623403,125,2450,1.1587327190982761,1.9757500000000001
38.775000000000006,17.55982979964751,141.25,2.328894605424278,125,2450,1.15953823742236,1.9775
15.9,17.55982979964751,141.25,2.328894605424278,125,2450,1.15953823742236,1.9775
27.035,17.55982979964751,141.25,2.328894605424278,125,2450,1.15953823742236,1.9775
14.285,17.553043828138147,141.28125,2.3221086339149153,125,2450,1.159739951446788,1.9779375000000001
33.105000000000004,17.543224308249354,141.375,2.3122891140261217,125,2450,1.1603458971318166,1.97925
17.935,17.543224308249354,141.375,2.3122891140261217,125,2450,1.1603458971318166,1.97925
24.89,17.543224308249354,141.375,2.3122891140261217,125,2450,1.1603458971318166,1.97925
26.805,17.543224308249354,141.375,2.3122891140261217,125,2450,1.1603458971318166,1.97925
16.425,17.54150593867897,141.5,2.310570744455738,125,2450,1.1611557020183847,1.981
12.775,17.54150593867897,141.5,2.310570744455738,125,2450,1.1611557020183847,1.981
15.33,17.54150593867897,141.5,2.310570744455738,125,2450,1.1611557020183847,1.981
15.81,17.54150593867897,141.5,2.310570744455738,125,2450,1.1611557020183847,1.981
17.365,17.54150593867897,141.5,2.310570744455738,125,2450,1.1611557020183847,1.981
13.55,17.537477584435077,141.625,2.3065423902118454,125,2450,1.1619676558771583,1.98275
19.415,17.537477584435077,141.625,2.3065423902118454,125,2450,1.1619676558771583,1.98275
22.79,17.537477584435077,141.625,2.3065423902118454,125,2450,1.1619676558771583,1.98275
17.509999999999998,17.537477584435077,141.625,2.3065423902118454,125,2450,1.1619676558771583,1.98275
14.795,17.539406499105738,141.75,2.308471304882506,125,2450,1.1627817625065835,1.9845
13.35,17.539406499105738,141.75,2.308471304882506,125,2450,1.1627817625065835,1.9845
17.67,17.539406499105738,141.75,2.308471304882506,125,2450,1.1627817625065835,1.9845
18.24,17.539406499105738,141.75,2.308471304882506,125,2450,1.1627817625065835,1.9845
19.61,17.539406499105738,141.75,2.308471304882506,125,2450,1.1627817625065835,1.9845
19.89,17.539406499105738,141.75,2.308471304882506,125,2450,1.1627817625065835,1.9845
31.630000000000003,17.539406499105738,141.75,2.308471304882506,125,2450,1.1627817625065835,1.9845
13.170000000000002,17.53912215957052,141.8125,2.3081869653472893,125,2450,1.163189624298223,1.9853750000000001
8.645,17.534877288479372,141.875,2.30394209425614,125,2450,1.1635980257084626,1.98625
14.765,17.534877288479372,141.875,2.30394209425614,125,2450,1.1635980257084626,1.98625
15.38,17.534877288479372,141.875,2.30394209425614,125,2450,1.1635980257084626,1.98625
19.23,17.534877288479372,141.875,2.30394209425614,125,2450,1.1635980257084626,1.98625
12.705000000000002,17.535457715720128,142,2.304522521496896,125,2450,1.16441644928795,1.988
16.55,17.535457715720128,142,2.304522521496896,125,2450,1.16441644928795,1.988
23.155,17.535457715720128,142,2.304522521496896,125,2450,1.16441644928795,1.988
15.455000000000002,17.53622089483808,142.125,2.3052857006148493,125,2450,1.1652370370535556,1.9897500000000001
12.665,17.53622089483808,142.125,2.3052857006148493,125,2450,1.1652370370535556,1.9897500000000001
14.33,17.53622089483808,142.125,2.3052857006148493,125,2450,1.1652370370535556,1.9897500000000001
21.24,17.53739006411857,142.25,2.3064548698953367,125,2450,1.1660597928171426,1.9915
15.43,17.537702620790938,142.375,2.3067674265677063,125,2450,1.1668847203939285,1.99325
14.18,17.537702620790938,142.375,2.3067674265677063,125,2450,1.1668847203939285,1.99325
18.03,17.537702620790938,142.375,2.3067674265677063,125,2450,1.1668847203939285,1.99325
17.2,17.537702620790938,142.375,2.3067674265677063,125,2450,1.1668847203939285,1.99325
20.325000000000003,17.537702620790938,142.375,2.3067674265677063,125,2450,1.1668847203939285,1.99325
18.92,17.537702620790938,142.375,2.3067674265677063,125,2450,1.1668847203939285,1.99325
22.51,17.537702620790938,142.375,2.3067674265677063,125,2450,1.1668847203939285,1.99325
18.545,17.537702620790938,142.375,2.3067674265677063,125,2450,1.1668847203939285,1.99325
14.915,17.5388112859606,142.5,2.3078760917373664,125,2450,1.1677118236024844,1.995
24.74,17.5388112859606,142.5,2.3078760917373664,125,2450,1.1677118236024844,1.995
22.54,17.5388112859606,142.5,2.3078760917373664,125,2450,1.1677118236024844,1.995
14.615000000000002,17.5388112859606,142.5,2.3078760917373664,125,2450,1.1677118236024844,1.995
17.009999999999998,17.5388112859606,142.5,2.3078760917373664,125,2450,1.1677118236024844,1.995
12.63,17.54012625792144,142.625,2.309191063698208,125,2450,1.168541106264736,1.99675
16.055,17.54012625792144,142.625,2.309191063698208,125,2450,1.168541106264736,1.99675
17.34,17.54012625792144,142.625,2.309191063698208,125,2450,1.168541106264736,1.99675
15.920000000000002,17.54012625792144,142.625,2.309191063698208,125,2450,1.168541106264736,1.99675
16.189999999999998,17.54012625792144,142.625,2.309191063698208,125,2450,1.168541106264736,1.99675
12.815,17.541823934591907,142.75,2.310888740368675,125,2450,1.1693725722059627,1.9985
18.85,17.541823934591907,142.75,2.310888740368675,125,2450,1.1693725722059627,1.9985
18.895000000000003,17.541823934591907,142.75,2.310888740368675,125,2450,1.1693725722059627,1.9985
15.695,17.541823934591907,142.75,2.310888740368675,125,2450,1.1693725722059627,1.9985
19.21,17.541823934591907,142.75,2.310888740368675,125,2450,1.1693725722059627,1.9985
14.935000000000002,17.544136918386222,142.875,2.3132017241629903,125,2450,1.1702062252547982,2.00025
13.61,17.544136918386222,142.875,2.3132017241629903,125,2450,1.1702062252547982,2.00025
16.42,17.544136918386222,142.875,2.3132017241629903,125,2450,1.1702062252547982,2.00025
12.62,17.54603608968648,143,2.3151008954632495,125,2450,1.1710420692432295,2.0020000000000002
15.45,17.54603608968648,143,2.3151008954632495,125,2450,1.1710420692432295,2.0020000000000002
14.715,17.55198720875786,143.125,2.3210520145346294,125,2450,1.1718801080065995,2.00375
16.130000000000003,17.55198720875786,143.125,2.3210520145346294,125,2450,1.1718801080065995,2.00375
29.119999999999997,17.55198720875786,143.125,2.3210520145346294,125,2450,1.1718801080065995,2.00375
17.72,17.55198720875786,143.125,2.3210520145346294,125,2450,1.1718801080065995,2.00375
19.195,17.55198720875786,143.125,2.3210520145346294,125,2450,1.1718801080065995,2.00375
20.21,17.55198720875786,143.125,2.3210520145346294,125,2450,1.1718801080065995,2.00375
18.85,17.552782778570617,143.25,2.3218475843473847,125,2450,1.1727203453836021,2.0055
16.715,17.552782778570617,143.25,2.3218475843473847,125,2450,1.1727203453836021,2.0055
12.31,17.55341875708977,143.375,2.3224835628665375,125,2450,1.1735627852162887,2.00725
17.125,17.55341875708977,143.375,2.3224835628665375,125,2450,1.1735627852162887,2.00725
22.26,17.55341875708977,143.375,2.3224835628665375,125,2450,1.1735627852162887,2.00725
12.18,17.553236952128263,143.5,2.3223017579050307,125,2450,1.1744074313500619,2.009
21.075,17.553236952128263,143.5,2.3223017579050307,125,2450,1.1744074313500619,2.009
15.53,17.553236952128263,143.5,2.3223017579050307,125,2450,1.1744074313500619,2.009
16.555,17.553236952128263,143.5,2.3223017579050307,125,2450,1.1744074313500619,2.009
19.380000000000003,17.553236952128263,143.5,2.3223017579050307,125,2450,1.1744074313500619,2.009
23.675,17.554190393816317,143.625,2.323255199593085,125,2450,1.17525428763368,2.0107500000000003
14.69,17.554190393816317,143.625,2.323255199593085,125,2450,1.17525428763368,2.0107500000000003
17.68,17.554190393816317,143.625,2.323255199593085,125,2450,1.17525428763368,2.0107500000000003
20.53,17.554190393816317,143.625,2.323255199593085,125,2450,1.17525428763368,2.0107500000000003
37.305,17.562049253715564,143.75,2.3311140594923323,125,2450,1.1761033579192546,2.0125
14.765,17.562049253715564,143.75,2.3311140594923323,125,2450,1.1761033579192546,2.0125
17.9,17.562049253715564,143.75,2.3311140594923323,125,2450,1.1761033579192546,2.0125
15.985,17.562049253715564,143.75,2.3311140594923323,125,2450,1.1761033579192546,2.0125
18.775,17.562049253715564,143.75,2.3311140594923323,125,2450,1.1761033579192546,2.0125
16.27,17.562049253715564,143.75,2.3311140594923323,125,2450,1.1761033579192546,2.0125
28.87,17.56143349582658,143.875,2.330498301603349,125,2450,1.1769546460622513,2.01425
13.775,17.56143349582658,143.875,2.330498301603349,125,2450,1.1769546460622513,2.01425
13.81,17.56143349582658,143.875,2.330498301603349,125,2450,1.1769546460622513,2.01425
19.065,17.56143349582658,143.875,2.330498301603349,125,2450,1.1769546460622513,2.01425
12.25,17.56147370778362,144,2.3305385135603878,125,2450,1.1778081559214906,2.016
27.715,17.56147370778362,144,2.3305385135603878,125,2450,1.1778081559214906,2.016
18.380000000000003,17.56147370778362,144,2.3305385135603878,125,2450,1.1778081559214906,2.016
16.905,17.56147370778362,144,2.3305385135603878,125,2450,1.1778081559214906,2.016
19.59,17.56152367000204,144.125,2.330588475778807,125,2450,1.1786638913591458,2.01775
18.56,17.56152367000204,144.125,2.330588475778807,125,2450,1.1786638913591458,2.01775
15.295000000000002,17.56152367000204,144.125,2.330588475778807,125,2450,1.1786638913591458,2.01775
13.165,17.56123348287629,144.25,2.330298288653058,125,2450,1.179521856240745,2.0195
13.125,17.56123348287629,144.25,2.330298288653058,125,2450,1.179521856240745,2.0195
14.495,17.56123348287629,144.25,2.330298288653058,125,2450,1.179521856240745,2.0195
14.615,17.56092615954676,144.375,2.3299909653235282,125,2450,1.1803820544351706,2.02125
18.08,17.56092615954676,144.375,2.3299909653235282,125,2450,1.1803820544351706,2.02125
16.45,17.56092615954676,144.375,2.3299909653235282,125,2450,1.1803820544351706,2.02125
13.105,17.56092615954676,144.375,2.3299909653235282,125,2450,1.1803820544351706,2.02125
15.175,17.56092615954676,144.375,2.3299909653235282,125,2450,1.1803820544351706,2.02125
15.36,17.56115375114927,144.5,2.330218556926038,125,2450,1.1812444898146583,2.023
15.825,17.56115375114927,144.5,2.330218556926038,125,2450,1.1812444898146583,2.023
16.025000000000002,17.56115375114927,144.5,2.330218556926038,125,2450,1.1812444898146583,2.023
20.3,17.561355526764704,144.625,2.330420332541472,125,2450,1.182109166254798,2.02475
16.075,17.561355526764704,144.625,2.330420332541472,125,2450,1.182109166254798,2.02475
16.25,17.56238234633984,144.75,2.33144715211661,125,2450,1.1829760876345337,2.0265
17.25,17.56238234633984,144.75,2.33144715211661,125,2450,1.1829760876345337,2.0265
16.68,17.56238234633984,144.75,2.33144715211661,125,2450,1.1829760876345337,2.0265
13.1,17.563403993640478,144.875,2.3324687994172457,125,2450,1.1838452578361647,2.02825
11.615000000000002,17.563403993640478,144.875,2.3324687994172457,125,2450,1.1838452578361647,2.02825
24.05,17.562614491097943,145,2.331679296874711,125,2450,1.184716680745341,2.0300000000000002
13.05,17.562614491097943,145,2.331679296874711,125,2450,1.184716680745341,2.0300000000000002
13.215,17.562614491097943,145,2.331679296874711,125,2450,1.184716680745341,2.0300000000000002
22.91,17.562614491097943,145,2.331679296874711,125,2450,1.184716680745341,2.0300000000000002
12.455000000000002,17.56398622619917,145.125,2.3330510319759377,125,2450,1.1855903602510713,2.03175
13.585,17.56366229727131,145.15625,2.3327271030480787,125,2450,1.1858091331767773,2.0321875
24.575000000000003,17.563884619293933,145.25,2.3329494250707015,125,2450,1.186466300245714,2.0335
19.195,17.563884619293933,145.25,2.3329494250707015,125,2450,1.186466300245714,2.0335
17.759999999999998,17.56313901063031,145.375,2.332203816407077,125,2450,1.1873445046249844,2.03525
15.28,17.56313901063031,145.375,2.332203816407077,125,2450,1.1873445046249844,2.03525
18.465,17.56313901063031,145.375,2.332203816407077,125,2450,1.1873445046249844,2.03525
22.365,17.56596354632083,145.5,2.3350283520975985,125,2450,1.18822497728795,2.037
17.57,17.56596354632083,145.5,2.3350283520975985,125,2450,1.18822497728795,2.037
13.645,17.567914380604645,145.625,2.336979186381413,125,2450,1.189107722137034,2.03875
53.825,17.567914380604645,145.625,2.336979186381413,125,2450,1.189107722137034,2.03875
15.4,17.567914380604645,145.625,2.336979186381413,125,2450,1.189107722137034,2.03875
12.695,17.567914380604645,145.625,2.336979186381413,125,2450,1.189107722137034,2.03875
14.32,17.56977141570112,145.75,2.3388362214778873,125,2450,1.1899927430780122,2.0405
16.355,17.56977141570112,145.75,2.3388362214778873,125,2450,1.1899927430780122,2.0405
16.145,17.56977141570112,145.75,2.3388362214778873,125,2450,1.1899927430780122,2.0405
23.65,17.570765258729345,145.875,2.3398300645061134,125,2450,1.1908800440200153,2.04225
13.415,17.569589828993582,146,2.33865463477035,125,2450,1.1917696288755277,2.044
12.095,17.569589828993582,146,2.33865463477035,125,2450,1.1917696288755277,2.044
17.03,17.57305594842139,146.25,2.3421207541981595,125,2450,1.1935556659937885,2.0475
17.380000000000003,17.57305594842139,146.25,2.3421207541981595,125,2450,1.1935556659937885,2.0475
17.655,17.57305594842139,146.25,2.3421207541981595,125,2450,1.1935556659937885,2.0475
13.025,17.57305594842139,146.25,2.3421207541981595,125,2450,1.1935556659937885,2.0475
16.47,17.573971023628122,146.375,2.34303582940489,125,2450,1.1944521260982763,2.0492500000000002
25.34,17.573971023628122,146.375,2.34303582940489,125,2450,1.1944521260982763,2.0492500000000002
19.61,17.573592734254486,146.40625,2.3426575400312544,125,2450,1.194676600282998,2.0496875
12.86,17.57397750590167,146.5,2.3430423116784382,125,2450,1.1953508857997512,2.051
14.995,17.573957196164002,146.625,2.3430220019407706,125,2450,1.1962519490274688,2.05275
15.08,17.573957196164002,146.625,2.3430220019407706,125,2450,1.1962519490274688,2.05275
18.885,17.573957196164002,146.625,2.3430220019407706,125,2450,1.1962519490274688,2.05275
14.9,17.574918832415307,146.70833333333334,2.343983638192075,125,2450,1.1968539395246391,2.053916666666667
24.855,17.576907799837606,146.875,2.3459726056143744,125,2450,1.1980610017954192,2.05625
17.455,17.576907799837606,146.875,2.3459726056143744,125,2450,1.1980610017954192,2.05625
15.1,17.576907799837606,146.875,2.3459726056143744,125,2450,1.1980610017954192,2.05625
16.705000000000002,17.576907799837606,146.875,2.3459726056143744,125,2450,1.1980610017954192,2.05625
22.205,17.576762911519005,146.91666666666666,2.345827717295773,125,2450,1.1983634101466114,2.056833333333333
17.27,17.577327607484218,147,2.346392413260986,125,2450,1.1989689992109314,2.058
14.135,17.577327607484218,147,2.346392413260986,125,2450,1.1989689992109314,2.058
20.69,17.57764352030144,147.125,2.3467083260782076,125,2450,1.199879315903245,2.05975
14.91,17.57641712024441,147.1875,2.345481926021179,125,2450,1.2003353452112042,2.060625
14.425,17.57679505033661,147.25,2.3458598561133783,125,2450,1.2007919558183848,2.0615
12.525,17.57679505033661,147.25,2.3458598561133783,125,2450,1.2007919558183848,2.0615
18.475,17.57679505033661,147.25,2.3458598561133783,125,2450,1.2007919558183848,2.0615
56.38,17.577581362355428,147.34375,2.346646168132196,125,2450,1.2014779627453915,2.0628125
22.675,17.577621987533643,147.375,2.346686793310411,125,2450,1.2017069229057296,2.06325
18,17.577621987533643,147.375,2.346686793310411,125,2450,1.2017069229057296,2.06325
16.814999999999998,17.577621987533643,147.375,2.346686793310411,125,2450,1.2017069229057296,2.06325
13.07,17.576570655792363,147.40625,2.345635461569131,125,2450,1.2019360287613599,2.0636875
12.52,17.576614589472623,147.5,2.345679395249391,125,2450,1.202624221118012,2.065
16.020000000000003,17.576614589472623,147.5,2.345679395249391,125,2450,1.202624221118012,2.065
17.520000000000003,17.576614589472623,147.5,2.345679395249391,125,2450,1.202624221118012,2.065
36.17,17.576348808415688,147.625,2.3454136141924558,125,2450,1.2035438544113197,2.06675
18.69,17.576348808415688,147.625,2.3454136141924558,125,2450,1.2035438544113197,2.06675
14.68,17.576345867987023,147.75,2.3454106737637908,125,2450,1.2044658267450932,2.0685000000000002
13.285,17.576345867987023,147.75,2.3454106737637908,125,2450,1.2044658267450932,2.0685000000000002
20.595,17.576345867987023,147.75,2.3454106737637908,125,2450,1.2044658267450932,2.0685000000000002
16.02,17.576345867987023,147.75,2.3454106737637908,125,2450,1.2044658267450932,2.0685000000000002
20.08,17.576345867987023,147.75,2.3454106737637908,125,2450,1.2044658267450932,2.0685000000000002
16.4,17.576345867987023,147.75,2.3454106737637908,125,2450,1.2044658267450932,2.0685000000000002
14.215,17.576601614351436,147.875,2.345666420128204,125,2450,1.2053901420821274,2.07025
16.465,17.576601614351436,147.875,2.345666420128204,125,2450,1.2053901420821274,2.07025
15.225,17.576601614351436,147.875,2.345666420128204,125,2450,1.2053901420821274,2.07025
19.425,17.58065097800508,148,2.34971578378185,125,2450,1.2063168043885713,2.072
13.715,17.583106707973716,148.125,2.352171513750484,125,2450,1.2072458176339285,2.07375
11.035,17.583106707973716,148.125,2.352171513750484,125,2450,1.2072458176339285,2.07375
13.865,17.584459287576415,148.25,2.353524093353183,125,2450,1.2081771857910555,2.0755
21.06,17.584459287576415,148.25,2.353524093353183,125,2450,1.2081771857910555,2.0755
18.16,17.584459287576415,148.25,2.353524093353183,125,2450,1.2081771857910555,2.0755
20.755000000000003,17.584459287576415,148.25,2.353524093353183,125,2450,1.2081771857910555,2.0755
18.39,17.584459287576415,148.25,2.353524093353183,125,2450,1.2081771857910555,2.0755
23.53,17.584459287576415,148.25,2.353524093353183,125,2450,1.2081771857910555,2.0755
20.48,17.584459287576415,148.25,2.353524093353183,125,2450,1.2081771857910555,2.0755
14.53,17.584417195332332,148.375,2.3534820011091,125,2450,1.2091109128361646,2.0772500000000003
13.305,17.584417195332332,148.375,2.3534820011091,125,2450,1.2091109128361646,2.0772500000000003
17.445,17.584417195332332,148.375,2.3534820011091,125,2450,1.2091109128361646,2.0772500000000003
19.605,17.584417195332332,148.375,2.3534820011091,125,2450,1.2091109128361646,2.0772500000000003
14.41,17.584417195332332,148.375,2.3534820011091,125,2450,1.2091109128361646,2.0772500000000003
20.715000000000003,17.584417195332332,148.375,2.3534820011091,125,2450,1.2091109128361646,2.0772500000000003
16.04,17.58770151514509,148.5,2.3567663209218566,125,2450,1.2100470027488195,2.079
14.725,17.58770151514509,148.5,2.3567663209218566,125,2450,1.2100470027488195,2.079
12.225,17.58770151514509,148.5,2.3567663209218566,125,2450,1.2100470027488195,2.079
12.635000000000002,17.58770151514509,148.5,2.3567663209218566,125,2450,1.2100470027488195,2.079
19.835,17.588058047912885,148.625,2.3571228536896527,125,2450,1.2109854595119411,2.08075
13.59,17.588058047912885,148.625,2.3571228536896527,125,2450,1.2109854595119411,2.08075
15.695,17.588058047912885,148.625,2.3571228536896527,125,2450,1.2109854595119411,2.08075
18.33,17.587509050075226,148.75,2.3565738558519946,125,2450,1.211926287111801,2.0825
17.695,17.58859265667156,148.875,2.3576574624483264,125,2450,1.2128694895380279,2.08425
16.415,17.58908091444173,149,2.3581457202184986,125,2450,1.2138150707836022,2.086
16.509999999999998,17.58908091444173,149,2.3581457202184986,125,2450,1.2138150707836022,2.086
15.27,17.58908091444173,149,2.3581457202184986,125,2450,1.2138150707836022,2.086
31.995,17.58908091444173,149,2.3581457202184986,125,2450,1.2138150707836022,2.086
22.77,17.588903155554743,149.125,2.3579679613315108,125,2450,1.2147630348448601,2.08775
13.135,17.588903155554743,149.125,2.3579679613315108,125,2450,1.2147630348448601,2.08775
25.9,17.588903155554743,149.125,2.3579679613315108,125,2450,1.2147630348448601,2.08775
15.58,17.589502664631826,149.25,2.3585674704085946,125,2450,1.2157133857214903,2.0895
19.115,17.589502664631826,149.25,2.3585674704085946,125,2450,1.2157133857214903,2.0895
17.165,17.589502664631826,149.25,2.3585674704085946,125,2450,1.2157133857214903,2.0895
20.28,17.58936728253887,149.375,2.358432088315638,125,2450,1.2166661274165373,2.09125
17.53,17.589174129440305,149.5,2.3582389352170736,125,2450,1.2176212639363972,2.093
20.450000000000003,17.589174129440305,149.5,2.3582389352170736,125,2450,1.2176212639363972,2.093
12.4,17.589178106248596,149.53125,2.3582429120253643,125,2450,1.2178604227275587,2.0934375
14.77,17.589381639182726,149.59821428571428,2.358446444959494,125,2450,1.218373410999697,2.094375
14.8,17.592013144148986,149.75,2.361077949925754,125,2450,1.219538737492919,2.0965000000000003
12.47,17.592013144148986,149.75,2.361077949925754,125,2450,1.219538737492919,2.0965000000000003
14.865,17.595453004428425,149.875,2.364517810205193,125,2450,1.2205010825591458,2.09825
16.625,17.595453004428425,149.875,2.364517810205193,125,2450,1.2205010825591458,2.09825
19.66,17.595453004428425,149.875,2.364517810205193,125,2450,1.2205010825591458,2.09825
17.11,17.595453004428425,149.875,2.364517810205193,125,2450,1.2205010825591458,2.09825
25.28,17.59707968820373,150,2.3661444939804994,125,2450,1.2214658385093167,2.1
16.625,17.59857488697286,150.125,2.367639692749627,125,2450,1.2224330093665996,2.10175
22.745,17.59857488697286,150.125,2.367639692749627,125,2450,1.2224330093665996,2.10175
15.225,17.59857488697286,150.125,2.367639692749627,125,2450,1.2224330093665996,2.10175
18.275,17.59857488697286,150.125,2.367639692749627,125,2450,1.2224330093665996,2.10175
20.42,17.5996824587341,150.25,2.368747264510869,125,2450,1.2234025991575153,2.1035
15.235,17.5996824587341,150.25,2.368747264510869,125,2450,1.2234025991575153,2.1035
16.345,17.5996824587341,150.25,2.368747264510869,125,2450,1.2234025991575153,2.1035
15.725,17.5996824587341,150.25,2.368747264510869,125,2450,1.2234025991575153,2.1035
15.475,17.600522353349632,150.33333333333334,2.3695871591264,125,2450,1.2240503381934023,2.1046666666666667
14.535,17.600522353349632,150.375,2.3695871591264,125,2450,1.224374611911941,2.10525
16.67,17.600522353349632,150.375,2.3695871591264,125,2450,1.224374611911941,2.10525
13.61,17.600522353349632,150.375,2.3695871591264,125,2450,1.224374611911941,2.10525
24.435,17.600522353349632,150.375,2.3695871591264,125,2450,1.224374611911941,2.10525
19.295,17.600522353349632,150.375,2.3695871591264,125,2450,1.224374611911941,2.10525
24.775,17.600571539501136,150.5,2.369636345277904,125,2450,1.2253490516631054,2.107
17.505000000000003,17.600571539501136,150.5,2.369636345277904,125,2450,1.2253490516631054,2.107
15.19,17.60271633693009,150.625,2.3717811427068582,125,2450,1.2263259224475933,2.10875
15.125,17.614614355654545,150.75,2.3836791614313135,125,2450,1.2273052283053414,2.1105
13.32,17.614614355654545,150.75,2.3836791614313135,125,2450,1.2273052283053414,2.1105
21.55,17.614614355654545,150.75,2.3836791614313135,125,2450,1.2273052283053414,2.1105
37.995,17.631947195569953,150.875,2.4010120013467215,125,2450,1.2282869732796429,2.11225
16.505,17.631947195569953,150.875,2.4010120013467215,125,2450,1.2282869732796429,2.11225
25.085,17.631947195569953,150.875,2.4010120013467215,125,2450,1.2282869732796429,2.11225
17.435000000000002,17.631947195569953,150.875,2.4010120013467215,125,2450,1.2282869732796429,2.11225
13.72,17.631947195569953,150.875,2.4010120013467215,125,2450,1.2282869732796429,2.11225
17.240000000000002,17.636323151871636,151,2.4053879576484043,125,2450,1.2292711614171428,2.114
15.905,17.636323151871636,151,2.4053879576484043,125,2450,1.2292711614171428,2.114
17.075000000000003,17.64202899162071,151.125,2.411093797397477,125,2450,1.2302577967678416,2.1157500000000002
26.674999999999997,17.64202899162071,151.125,2.411093797397477,125,2450,1.2302577967678416,2.1157500000000002
13.505,17.64202899162071,151.125,2.411093797397477,125,2450,1.2302577967678416,2.1157500000000002
24.675,17.64202899162071,151.125,2.411093797397477,125,2450,1.2302577967678416,2.1157500000000002
34.405,17.64202899162071,151.125,2.411093797397477,125,2450,1.2302577967678416,2.1157500000000002
15.989999999999998,17.63589526716486,151.25,2.404960072941627,125,2450,1.231246883385093,2.1175
29.965000000000003,17.63589526716486,151.25,2.404960072941627,125,2450,1.231246883385093,2.1175
16.745,17.62726869126903,151.375,2.3963334970457986,125,2450,1.2322384253256053,2.11925
23.585,17.62726869126903,151.375,2.3963334970457986,125,2450,1.2322384253256053,2.11925
18.545,17.623565355915925,151.5,2.3926301616926935,125,2450,1.2332324266494408,2.121
17.72,17.623565355915925,151.5,2.3926301616926935,125,2450,1.2332324266494408,2.121
35.875,17.62389098228224,151.625,2.392955788059009,125,2450,1.2342288914200155,2.12275
21.99,17.62389098228224,151.625,2.392955788059009,125,2450,1.2342288914200155,2.12275
20.835,17.62389098228224,151.625,2.392955788059009,125,2450,1.2342288914200155,2.12275
13.73,17.621100261343166,151.75,2.390165067119934,125,2450,1.2352278237040992,2.1245
17.7,17.621100261343166,151.75,2.390165067119934,125,2450,1.2352278237040992,2.1245
15.86,17.621100261343166,151.75,2.390165067119934,125,2450,1.2352278237040992,2.1245
19.25,17.621100261343166,151.75,2.390165067119934,125,2450,1.2352278237040992,2.1245
13.61,17.62154855142966,151.875,2.39061335720643,125,2450,1.2362292275718167,2.12625
17.565,17.62154855142966,151.875,2.39061335720643,125,2450,1.2362292275718167,2.12625
15.535,17.62154855142966,151.875,2.39061335720643,125,2450,1.2362292275718167,2.12625
19.2,17.62154855142966,151.875,2.39061335720643,125,2450,1.2362292275718167,2.12625
18.115,17.62154855142966,151.875,2.39061335720643,125,2450,1.2362292275718167,2.12625
21.48,17.62154855142966,151.875,2.39061335720643,125,2450,1.2362292275718167,2.12625
22.25,17.62154855142966,151.875,2.39061335720643,125,2450,1.2362292275718167,2.12625
18.825000000000003,17.61818724867802,152,2.3872520544547875,125,2450,1.2372331070966458,2.128
44.61,17.617980601377383,152.0625,2.387045407154151,125,2450,1.2377359765043563,2.128875
15.375,17.61779985453773,152.125,2.3868646603144974,125,2450,1.2382394663554193,2.12975
16.845,17.61779985453773,152.125,2.3868646603144974,125,2450,1.2382394663554193,2.12975
21.785000000000004,17.61779985453773,152.125,2.3868646603144974,125,2450,1.2382394663554193,2.12975
26.935,17.619181752052224,152.25,2.3882465578289924,125,2450,1.2392483094283229,2.1315
9.225,17.618671580965827,152.375,2.3877363867425956,125,2450,1.2402596403988975,2.13325
9.83,17.617500803592,152.4375,2.3865656093687697,125,2450,1.2407662401228348,2.134125
14.715,17.6191874017053,152.46875,2.3882522074820685,125,2450,1.241019773768071,2.1345625
12.455000000000002,17.6191874017053,152.5,2.3882522074820685,125,2450,1.241273463354037,2.1350000000000002
20.345,17.6191874017053,152.5,2.3882522074820685,125,2450,1.241273463354037,2.1350000000000002
15.165,17.619556260772878,152.625,2.3886210665496463,125,2450,1.2422897823839905,2.13675
13.355,17.619556260772878,152.625,2.3886210665496463,125,2450,1.2422897823839905,2.13675
16.175,17.622759148568715,152.66666666666666,2.391823954345483,125,2450,1.2426291107847063,2.1373333333333333
18.765,17.623357198302582,152.75,2.39242200407935,125,2450,1.24330860158236,2.1385
17.56,17.62769378346559,152.875,2.3967585892423564,125,2450,1.2443299250461024,2.14025
13.335,17.62769378346559,152.875,2.3967585892423564,125,2450,1.2443299250461024,2.14025
14.82,17.629087994686007,153,2.398152800462775,125,2450,1.2453537568755277,2.142
16.83,17.629087994686007,153,2.398152800462775,125,2450,1.2453537568755277,2.142
20.965,17.629087994686007,153,2.398152800462775,125,2450,1.2453537568755277,2.142
14.685,17.630142695403617,153.125,2.399207501180385,125,2450,1.2463801011743012,2.1437500000000003
18.905,17.630142695403617,153.125,2.399207501180385,125,2450,1.2463801011743012,2.1437500000000003
20.5,17.630142695403617,153.125,2.399207501180385,125,2450,1.2463801011743012,2.1437500000000003
13.175,17.63233618996212,153.25,2.4014009957388893,125,2450,1.2474089620494409,2.1455
15.56,17.63233618996212,153.25,2.4014009957388893,125,2450,1.2474089620494409,2.1455
20.235,17.63233618996212,153.25,2.4014009957388893,125,2450,1.2474089620494409,2.1455
16.015,17.632560372192895,153.375,2.401625177969663,125,2450,1.2484403436113196,2.14725
11.670000000000002,17.632560372192895,153.375,2.401625177969663,125,2450,1.2484403436113196,2.14725
17.57,17.632560372192895,153.375,2.401625177969663,125,2450,1.2484403436113196,2.14725
26.915,17.632290713415212,153.40625,2.4013555191919806,125,2450,1.248698583341096,2.1476875
23.43,17.633949310981986,153.5,2.4030141167587544,125,2450,1.2494742499736644,2.149
12.16,17.633949310981986,153.5,2.4030141167587544,125,2450,1.2494742499736644,2.149
16.105,17.633949310981986,153.5,2.4030141167587544,125,2450,1.2494742499736644,2.149
15.145,17.635423289215993,153.625,2.404488094992761,125,2450,1.250510685253556,2.15075
17.740000000000002,17.635423289215993,153.625,2.404488094992761,125,2450,1.250510685253556,2.15075
20.815,17.635423289215993,153.625,2.404488094992761,125,2450,1.250510685253556,2.15075
18.11,17.635423289215993,153.625,2.404488094992761,125,2450,1.250510685253556,2.15075
47.775,17.645026963534022,153.75,2.41409176931079,125,2450,1.2515496535714283,2.1525
9.615,17.645026963534022,153.75,2.41409176931079,125,2450,1.2515496535714283,2.1525
19.565,17.645026963534022,153.75,2.41409176931079,125,2450,1.2515496535714283,2.1525
13.885000000000002,17.645026963534022,153.75,2.41409176931079,125,2450,1.2515496535714283,2.1525
13.895,17.651687808035497,153.875,2.4207526138122653,125,2450,1.2525911590510714,2.15425
19.555,17.651687808035497,153.875,2.4207526138122653,125,2450,1.2525911590510714,2.15425
16.33,17.651687808035497,153.875,2.4207526138122653,125,2450,1.2525911590510714,2.15425
24.799999999999997,17.654431512887697,153.91666666666666,2.4234963186644656,125,2450,1.252938892071249,2.1548333333333334
16.14,17.654781414631827,154,2.4238462204085955,125,2450,1.2536352058196272,2.156
22.52,17.659069279616144,154.125,2.4281340853929123,125,2450,1.254681798007593,2.15775
14.420000000000002,17.659599515929234,154.25,2.4286643217060018,125,2450,1.2557309397488197,2.1595
21.8,17.659599515929234,154.25,2.4286643217060018,125,2450,1.2557309397488197,2.1595
17.64,17.659599515929234,154.25,2.4286643217060018,125,2450,1.2557309397488197,2.1595
21.545,17.659599515929234,154.25,2.4286643217060018,125,2450,1.2557309397488197,2.1595
12.435,17.6555551725921,154.375,2.4246199783688667,125,2450,1.2567826351805125,2.16125
22.01,17.6555551725921,154.375,2.4246199783688667,125,2450,1.2567826351805125,2.16125
17.314999999999998,17.65526852885576,154.5,2.4243333346325286,125,2450,1.2578368884432296,2.1630000000000003
14.195,17.65526852885576,154.5,2.4243333346325286,125,2450,1.2578368884432296,2.1630000000000003
15.715,17.65526852885576,154.5,2.4243333346325286,125,2450,1.2578368884432296,2.1630000000000003
18.305,17.65770399613549,154.625,2.4267688019122566,125,2450,1.258893703680885,2.16475
15.295000000000002,17.65770399613549,154.625,2.4267688019122566,125,2450,1.258893703680885,2.16475
15.21,17.65770399613549,154.625,2.4267688019122566,125,2450,1.258893703680885,2.16475
17.605,17.65770399613549,154.625,2.4267688019122566,125,2450,1.258893703680885,2.16475
16.15,17.658475314451238,154.75,2.427540120228006,125,2450,1.2599530850407452,2.1665
16.76,17.658475314451238,154.75,2.427540120228006,125,2450,1.2599530850407452,2.1665
18.68,17.658475314451238,154.75,2.427540120228006,125,2450,1.2599530850407452,2.1665
11.205,17.659289100450668,154.85714285714286,2.4283539062274357,125,2450,1.260863171776288,2.168
14.915,17.660501739577175,155,2.429566545353943,125,2450,1.262079562732919,2.17
14.175,17.660501739577175,155,2.429566545353943,125,2450,1.262079562732919,2.17
21.42,17.65793127324793,155.125,2.426996079024697,125,2450,1.2631466673765372,2.17175
19.91,17.65793127324793,155.125,2.426996079024697,125,2450,1.2631466673765372,2.17175
12.35,17.658314124093856,155.25,2.427378929870624,125,2450,1.264216354764969,2.1735
18.68,17.658314124093856,155.25,2.427378929870624,125,2450,1.264216354764969,2.1735
17.56,17.658314124093856,155.25,2.427378929870624,125,2450,1.264216354764969,2.1735
17.655,17.658142120719653,155.375,2.427206926496421,125,2450,1.2652886290622516,2.17525
21.175,17.67100102826171,155.5,2.440065834038478,125,2450,1.2663634944357764,2.177
29.69,17.67100102826171,155.5,2.440065834038478,125,2450,1.2663634944357764,2.177
19.72,17.67100102826171,155.5,2.440065834038478,125,2450,1.2663634944357764,2.177
28.585,17.671010620030554,155.625,2.440075425807322,125,2450,1.2674409550562888,2.17875
13.36,17.671966771061825,155.75,2.4410315768385935,125,2450,1.268521015097888,2.1805
14.04,17.671145419598087,155.875,2.440210225374855,125,2450,1.2696036787380278,2.1822500000000002
14.765,17.671145419598087,155.875,2.440210225374855,125,2450,1.2696036787380278,2.1822500000000002
13.580000000000002,17.671145419598087,155.875,2.440210225374855,125,2450,1.2696036787380278,2.1822500000000002
14.115,17.671545831393544,155.96875,2.4406106371703125,125,2450,1.2704173875945655,2.1835625
71.57,17.671571698944156,156,2.440636504720924,125,2450,1.2706889501575152,2.184
15.99,17.671571698944156,156,2.440636504720924,125,2450,1.2706889501575152,2.184
14.885,17.672760246967158,156.125,2.4418250527439262,125,2450,1.2717768335405126,2.18575
19.61,17.672760246967158,156.125,2.4418250527439262,125,2450,1.2717768335405126,2.18575
18,17.673272622454277,156.21875,2.4423374282310455,125,2450,1.2725944626977388,2.1870625
6.225,17.673272622454277,156.25,2.4423374282310455,125,2450,1.272867333074534,2.1875
23.38,17.673272622454277,156.25,2.4423374282310455,125,2450,1.272867333074534,2.1875
23.905,17.67325654567926,156.3125,2.4423213514560267,125,2450,1.2734135652076948,2.188375
16.545,17.67324611083466,156.375,2.4423109166114294,125,2450,1.2739604529504498,2.18925
15.74,17.675555560744364,156.5,2.444620366521132,125,2450,1.2750561973624843,2.191
16.54,17.675555560744364,156.5,2.444620366521132,125,2450,1.2750561973624843,2.191
17.795,17.675164265240134,156.625,2.4442290710169026,125,2450,1.276154570508214,2.19275
17.66,17.677179084173698,156.75,2.446243889950466,125,2450,1.2772555765885711,2.1945
17.27,17.676870601496194,156.875,2.4459354072729624,125,2450,1.2783592198078413,2.19625
20.66,17.677143306443444,156.90625,2.446208112220212,125,2450,1.2786355431586234,2.1966875
16.54,17.677227912588297,157,2.446292718365065,125,2450,1.2794655043736645,2.198
15.490000000000002,17.675797020800445,157.125,2.4448618265772133,125,2450,1.2805744344970338,2.19975
13.345,17.675797020800445,157.125,2.4448618265772133,125,2450,1.2805744344970338,2.19975
22,17.675953660022,157.15625,2.4450184657987677,125,2450,1.280852080890038,2.2001875
14.69,17.67577997584274,157.25,2.4448447816195085,125,2450,1.281686014392298,2.2015000000000002
12.245,17.67577997584274,157.25,2.4448447816195085,125,2450,1.281686014392298,2.2015000000000002
13.59,17.675698928057358,157.375,2.444763733834126,125,2450,1.282800248277158,2.20325
22.64,17.675698928057358,157.375,2.444763733834126,125,2450,1.282800248277158,2.20325
14.455000000000002,17.675741717122087,157.5,2.4448065228988547,125,2450,1.2839171403726706,2.205
16.759999999999998,17.675741717122087,157.5,2.4448065228988547,125,2450,1.2839171403726706,2.205
14.62,17.675741717122087,157.5,2.4448065228988547,125,2450,1.2839171403726706,2.205
22.755000000000003,17.675741717122087,157.5,2.4448065228988547,125,2450,1.2839171403726706,2.205
19.36,17.67644468475824,157.625,2.4455094905350094,125,2450,1.2850366949032452,2.20675
17.805,17.67644468475824,157.625,2.4455094905350094,125,2450,1.2850366949032452,2.20675
15.495,17.67642079266148,157.75,2.4454855984382498,125,2450,1.2861589160966456,2.2085
18.235,17.67642079266148,157.75,2.4454855984382498,125,2450,1.2861589160966456,2.2085
17.310000000000002,17.678414151301347,157.875,2.447478957078115,125,2450,1.2872838081839904,2.21025
14.48,17.678414151301347,157.875,2.447478957078115,125,2450,1.2872838081839904,2.21025
18.86,17.68168868152661,158,2.450753487303377,125,2450,1.2884113753997513,2.212
19.665,17.68168868152661,158,2.450753487303377,125,2450,1.2884113753997513,2.212
14.69,17.681681568847207,158.125,2.450746374623975,125,2450,1.2895416219817544,2.21375
15.815,17.681681568847207,158.125,2.450746374623975,125,2450,1.2895416219817544,2.21375
18.265,17.682957884549136,158.25,2.4520226903259044,125,2450,1.29067455217118,2.2155
20.185,17.682957884549136,158.25,2.4520226903259044,125,2450,1.29067455217118,2.2155
17.285,17.682772179530602,158.375,2.45183698530737,125,2450,1.291810170212562,2.21725
16.1,17.684108027002324,158.5,2.4531728327790923,125,2450,1.2929484803537885,2.219
20.58,17.685288478717943,158.625,2.4543532844947116,125,2450,1.2940894868461021,2.2207500000000002
16.25,17.685288478717943,158.625,2.4543532844947116,125,2450,1.2940894868461021,2.2207500000000002
24.515,17.69139125946597,158.75,2.460456065242738,125,2450,1.2952331939440993,2.2225
19.835,17.69139125946597,158.75,2.460456065242738,125,2450,1.2952331939440993,2.2225
21.705,17.69258364315098,158.875,2.461648448927747,125,2450,1.2963796059057295,2.22425
17.055,17.697449630937314,159,2.466514436714082,125,2450,1.297528726992298,2.226
16.96,17.704227746016677,159.125,2.4732925517934454,125,2450,1.2986805614684624,2.22775
12.95,17.704227746016677,159.125,2.4732925517934454,125,2450,1.2986805614684624,2.22775
14,17.704227746016677,159.125,2.4732925517934454,125,2450,1.2986805614684624,2.22775
34.035,17.704227746016677,159.125,2.4732925517934454,125,2450,1.2986805614684624,2.22775
20.505000000000003,17.705484519374725,159.25,2.474549325151493,125,2450,1.299835113602236,2.2295000000000003
18.075,17.708138952175787,159.5,2.477203757952555,125,2450,1.3021523879314285,2.233
14.48,17.70894739505194,159.58333333333334,2.478012200828708,125,2450,1.3029272381124914,2.234166666666667
17.700000000000003,17.708931833318264,159.625,2.477996639095032,125,2450,1.3033151186796426,2.23475
21.395,17.708931833318264,159.625,2.477996639095032,125,2450,1.3033151186796426,2.23475
13.1,17.711508013457987,159.75,2.480572819234755,125,2450,1.3044805841910556,2.2365
15.305,17.71053507302932,159.875,2.479599878806088,125,2450,1.30564878875045,2.23825
27.75,17.71053507302932,159.875,2.479599878806088,125,2450,1.30564878875045,2.23825
11.305,17.71172721434193,160.125,2.480792020118699,125,2450,1.3079934321690836,2.24175
19.835,17.71172721434193,160.125,2.480792020118699,125,2450,1.3079934321690836,2.24175
20.365,17.713193090922104,160.25,2.482257896698872,125,2450,1.3091698796146582,2.2435
18.375,17.713728345531933,160.375,2.4827931513087016,125,2450,1.3103490832808848,2.24525
28.47,17.713728345531933,160.375,2.4827931513087016,125,2450,1.3103490832808848,2.24525
13.85,17.713728345531933,160.375,2.4827931513087016,125,2450,1.3103490832808848,2.24525
17.995,17.713728345531933,160.375,2.4827931513087016,125,2450,1.3103490832808848,2.24525
15.04,17.713728345531933,160.375,2.4827931513087016,125,2450,1.3103490832808848,2.24525
14.68,17.713728345531933,160.375,2.4827931513087016,125,2450,1.3103490832808848,2.24525
17.87,17.713728345531933,160.375,2.4827931513087016,125,2450,1.3103490832808848,2.24525
14.355,17.713176440532408,160.5,2.482241246309176,125,2450,1.3115310474693167,2.247
17.83,17.713176440532408,160.5,2.482241246309176,125,2450,1.3115310474693167,2.247
17.545,17.713176440532408,160.5,2.482241246309176,125,2450,1.3115310474693167,2.247
17.869999999999997,17.713725905055743,160.625,2.4827907108325107,125,2450,1.31271577648486,2.2487500000000002
17.490000000000002,17.713004531730963,160.75,2.482069337507731,125,2450,1.3139032746357764,2.2505
28.425,17.713004531730963,160.75,2.482069337507731,125,2450,1.3139032746357764,2.2505
13.645,17.714038887186717,160.875,2.4831036929634855,125,2450,1.3150935462336797,2.25225
16.78,17.714038887186717,160.875,2.4831036929634855,125,2450,1.3150935462336797,2.25225
14.56,17.71681996313007,161,2.485884768906839,125,2450,1.3162865955935406,2.254
17.725,17.71681996313007,161,2.485884768906839,125,2450,1.3162865955935406,2.254
14.47,17.71681996313007,161,2.485884768906839,125,2450,1.3162865955935406,2.254
11.305,17.72025110239915,161.125,2.489315908175918,125,2450,1.3174824270336798,2.25575
23.03,17.72025110239915,161.125,2.489315908175918,125,2450,1.3174824270336798,2.25575
19.299999999999997,17.72025110239915,161.125,2.489315908175918,125,2450,1.3174824270336798,2.25575
17.515,17.72025110239915,161.125,2.489315908175918,125,2450,1.3174824270336798,2.25575
20.12,17.72025110239915,161.125,2.489315908175918,125,2450,1.3174824270336798,2.25575
11.215,17.724535371123608,161.375,2.493600176900376,125,2450,1.31988245344486,2.25925
18.695,17.724535371123608,161.375,2.493600176900376,125,2450,1.31988245344486,2.25925
19.98,17.724535371123608,161.375,2.493600176900376,125,2450,1.31988245344486,2.25925
17.16,17.724533127872014,161.41666666666666,2.4935979336487826,125,2450,1.32028354387746,2.2598333333333334
19.725,17.72265741679417,161.5,2.491722222570939,125,2450,1.3210866570693165,2.261
15.46,17.72265741679417,161.5,2.491722222570939,125,2450,1.3210866570693165,2.261
23.695,17.72209472966842,161.625,2.4911595354451883,125,2450,1.3222936600808848,2.26275
16.32,17.72256491025962,161.875,2.491629716036389,125,2450,1.3247160816090835,2.26625
14.23,17.72342660068829,162,2.4924914064650565,125,2450,1.3259315088059627,2.2680000000000002
14.425,17.72342660068829,162,2.4924914064650565,125,2450,1.3259315088059627,2.2680000000000002
20.685,17.72342660068829,162,2.4924914064650565,125,2450,1.3259315088059627,2.2680000000000002
28.085,17.72342660068829,162,2.4924914064650565,125,2450,1.3259315088059627,2.2680000000000002
15.995,17.73974613911144,162.375,2.508810944888207,125,2450,1.3295947082796427,2.27325
20.985,17.741380587595426,162.40625,2.510445393372194,125,2450,1.32990112288834,2.2736875
19.095,17.741406669360465,162.5,2.5104714751372335,125,2450,1.3308214285714284,2.275
18.715,17.742112112284143,162.75,2.5111769180609116,125,2450,1.3332833760022358,2.2785
15.920000000000002,17.742112112284143,162.75,2.5111769180609116,125,2450,1.3332833760022358,2.2785
14.65,17.742532812312657,162.875,2.511597618089425,125,2450,1.3345186118684624,2.28025
18.25,17.742532812312657,162.875,2.511597618089425,125,2450,1.3345186118684624,2.28025
14.125,17.743210630367024,163,2.512275436143792,125,2450,1.335756694992298,2.282
23.744999999999997,17.743210630367024,163,2.512275436143792,125,2450,1.335756694992298,2.282
18.25,17.749160401063726,163.125,2.5182252068404942,125,2450,1.3369976297457296,2.28375
31.83,17.749160401063726,163.125,2.5182252068404942,125,2450,1.3369976297457296,2.28375
25.415,17.749160401063726,163.125,2.5182252068404942,125,2450,1.3369976297457296,2.28375
14.63,17.749160401063726,163.125,2.5182252068404942,125,2450,1.3369976297457296,2.28375
18.93,17.749160401063726,163.125,2.5182252068404942,125,2450,1.3369976297457296,2.28375
20.880000000000003,17.749160401063726,163.125,2.5182252068404942,125,2450,1.3369976297457296,2.28375
33.2,17.757954140133208,163.375,2.527018945909976,125,2450,1.3394880716461022,2.2872500000000002
20.08,17.75473719901544,163.5,2.523802004792209,125,2450,1.3407375875537886,2.289
17.195,17.749520956025233,163.75,2.518585761802001,125,2450,1.34324523121118,2.2925
17.155,17.749984313120564,163.875,2.519049118897332,125,2450,1.3445033677417546,2.29425
16.6,17.749984313120564,163.875,2.519049118897332,125,2450,1.3445033677417546,2.29425
18.11,17.749984313120564,163.875,2.519049118897332,125,2450,1.3445033677417546,2.29425
25.31,17.750170444666995,164.125,2.5192352504437636,125,2450,1.3470282921839904,2.29775
15.98,17.75359011841474,164.625,2.5226549241915066,125,2450,1.352112869877158,2.30475
15.59,17.75359011841474,164.625,2.5226549241915066,125,2450,1.352112869877158,2.30475
9.555,17.754283292305054,164.875,2.523348098081822,125,2450,1.3546725936970339,2.30825
18.255000000000003,17.754283292305054,164.875,2.523348098081822,125,2450,1.3546725936970339,2.30825
17.215,17.754587148283573,165,2.523651954060341,125,2450,1.3559568298136644,2.31
15.605,17.754587148283573,165,2.523651954060341,125,2450,1.3559568298136644,2.31
14.72,17.754587148283573,165,2.523651954060341,125,2450,1.3559568298136644,2.31
17.18,17.754413131079886,165.125,2.5234779368566542,125,2450,1.3572439879678415,2.31175
33.425,17.753517064878952,165.25,2.5225818706557206,125,2450,1.3585340725885713,2.3135
15.995,17.753517064878952,165.25,2.5225818706557206,125,2450,1.3585340725885713,2.3135
17.985,17.753517064878952,165.25,2.5225818706557206,125,2450,1.3585340725885713,2.3135
16.525,17.75368981687496,165.375,2.5227546226517283,125,2450,1.359827088108214,2.3152500000000003
17.54,17.754229147499426,165.5,2.5232939532761947,125,2450,1.3611230389624844,2.317
9.115,17.754229147499426,165.5,2.5232939532761947,125,2450,1.3611230389624844,2.317
24.005000000000003,17.755170494923625,165.75,2.5242353007003935,125,2450,1.3637237644345341,2.3205
21.715,17.755524291972385,165.875,2.5245890977491534,125,2450,1.3650285479405122,2.32225
16.865000000000002,17.755074514741132,166,2.5241393205179,125,2450,1.3663362845575153,2.324
16.585,17.754929057916687,166.0625,2.5239938636934554,125,2450,1.3669912616739217,2.324875
21.855,17.754975833769745,166.125,2.524040639546513,125,2450,1.3676469787380279,2.32575
20.53,17.75567258871224,166.25,2.5247373944890086,125,2450,1.3689606349378882,2.3275
11.785,17.75567258871224,166.25,2.5247373944890086,125,2450,1.3689606349378882,2.3275
13.305,17.756600999747313,166.5,2.5256658055240813,125,2450,1.3715968512357763,2.331
27.665,17.756600999747313,166.5,2.5256658055240813,125,2450,1.3715968512357763,2.331
27.68,17.755282932073136,166.625,2.5243477378499044,125,2450,1.3729194202622512,2.33275
15.26,17.755282932073136,166.625,2.5243477378499044,125,2450,1.3729194202622512,2.33275
15.695,17.755282932073136,166.625,2.5243477378499044,125,2450,1.3729194202622512,2.33275
21.94,17.760279851686292,166.75,2.52934465746306,125,2450,1.374244969164969,2.3345000000000002
22.705,17.760279851686292,166.75,2.52934465746306,125,2450,1.374244969164969,2.3345000000000002
27,17.81248631875216,167,2.5815511245289287,125,2450,1.3769050244929193,2.338
21.61,17.81251744150665,167.125,2.581582247283418,125,2450,1.3782395398734313,2.33975
15.84,17.81251744150665,167.125,2.581582247283418,125,2450,1.3782395398734313,2.33975
22.665,17.81251744150665,167.125,2.581582247283418,125,2450,1.3782395398734313,2.33975
15.465,17.813453247276065,167.21875,2.5825180530528336,125,2450,1.3792423934611322,2.3410625
16.41,17.813453247276065,167.25,2.5825180530528336,125,2450,1.3795770530407452,2.3415
14.785,17.815002284202212,167.5,2.58406708997898,125,2450,1.3822610906832296,2.345
9.135,17.816653506994722,167.625,2.5857183127714904,125,2450,1.3836076241405122,2.34675
17.32,17.816766880010594,167.75,2.5858316857873618,125,2450,1.3849571733488197,2.3485
15.97,17.816957617464258,167.875,2.586022423241026,125,2450,1.3863097428075928,2.35025
20.115,17.816957617464258,167.875,2.586022423241026,125,2450,1.3863097428075928,2.35025
13.37,17.81865359253792,168,2.5877183983146885,125,2450,1.3876653370196275,2.352
19.64,17.81978024114547,168.125,2.5888450469222377,125,2450,1.3890239604910712,2.3537500000000002
13.695,17.820472207926194,168.25,2.5895370137029623,125,2450,1.3903856177314284,2.3555
20.09,17.820472207926194,168.25,2.5895370137029623,125,2450,1.3903856177314284,2.3555
22.785,17.820472207926194,168.25,2.5895370137029623,125,2450,1.3903856177314284,2.3555
17.93,17.820472207926194,168.25,2.5895370137029623,125,2450,1.3903856177314284,2.3555
12.985,17.820624361357424,168.375,2.5896891671341926,125,2450,1.3917503132535558,2.35725
16.735,17.82151746027863,168.5,2.5905822660553994,125,2450,1.3931180515736645,2.359
15.055,17.82151746027863,168.5,2.5905822660553994,125,2450,1.3931180515736645,2.359
15.445,17.82151746027863,168.5,2.5905822660553994,125,2450,1.3931180515736645,2.359
15.23,17.821435834244983,168.66666666666666,2.5905006400217516,125,2450,1.3949464437205241,2.361333333333333
15.37,17.82390401466985,168.875,2.592968820446618,125,2450,1.397239568534301,2.36425
18.895,17.82351509275178,169,2.592579898528548,125,2450,1.3986195232755279,2.366
19.31,17.822694546582213,169.125,2.591759352358981,125,2450,1.400002543446102,2.36775
19.52,17.824003105298114,169.25,2.5930679110748827,125,2450,1.40138863358236,2.3695
19.005,17.824003105298114,169.25,2.5930679110748827,125,2450,1.40138863358236,2.3695
15.82,17.82519399554144,169.375,2.594258801318208,125,2450,1.4027777982239906,2.37125
20.17,17.82519399554144,169.375,2.594258801318208,125,2450,1.4027777982239906,2.37125
16.105,17.82537411850979,169.5,2.594438924286557,125,2450,1.4041700419140373,2.373
16.14,17.82537411850979,169.5,2.594438924286557,125,2450,1.4041700419140373,2.373
19.685,17.824725490646465,169.625,2.593790296423233,125,2450,1.4055653691988974,2.37475
16.885,17.824725490646465,169.625,2.593790296423233,125,2450,1.4055653691988974,2.37475
9.54,17.85025468440181,169.75,2.6193194901785795,125,2450,1.4069637846283227,2.3765
18.115,17.85025468440181,169.75,2.6193194901785795,125,2450,1.4069637846283227,2.3765
33.015,17.85025468440181,169.75,2.6193194901785795,125,2450,1.4069637846283227,2.3765
18.305,17.85025468440181,169.75,2.6193194901785795,125,2450,1.4069637846283227,2.3765
13.955000000000002,17.849774169004036,170,2.618838974780804,125,2450,1.409769898136646,2.38
20.305,17.855257608672318,170.125,2.624322414449086,125,2450,1.4111776053318166,2.3817500000000003
19.98,17.855034476246693,170.25,2.6240992820234617,125,2450,1.4125884189040994,2.3835
17.245,17.855034476246693,170.25,2.6240992820234617,125,2450,1.4125884189040994,2.3835
23.770000000000003,17.85660649720478,170.375,2.625671302981548,125,2450,1.4140023434200153,2.38525
15.08,17.85660649720478,170.375,2.625671302981548,125,2450,1.4140023434200153,2.38525
16.53,17.85660649720478,170.375,2.625671302981548,125,2450,1.4140023434200153,2.38525
15.085,17.85709785841094,170.5,2.6261626641877065,125,2450,1.4154193834494406,2.387
15.67,17.85709785841094,170.5,2.6261626641877065,125,2450,1.4154193834494406,2.387
11.335,17.856836140418352,170.75,2.62590094619512,125,2450,1.4182628283450933,2.3905
14.565,17.859122016760903,171.125,2.628186822537671,125,2450,1.4225514764796425,2.39575
18.22,17.859122016760903,171.125,2.628186822537671,125,2450,1.4225514764796425,2.39575
11.58,17.860726912802154,171.375,2.6297917185789217,125,2450,1.425426282607593,2.39925
19.875,17.870029545750544,171.5,2.639094351527312,125,2450,1.4268684116631054,2.4010000000000002
12.6,17.870029545750544,171.5,2.639094351527312,125,2450,1.4268684116631054,2.4010000000000002
24.08,17.872647021632115,171.625,2.6417118274088836,125,2450,1.4283136975119408,2.40275
16.81,17.872647021632115,171.625,2.6417118274088836,125,2450,1.4283136975119408,2.40275
54.75,17.873070666722885,171.75,2.6421354724996533,125,2450,1.4297621447575155,2.4045
16.435000000000002,17.873070666722885,171.75,2.6421354724996533,125,2450,1.4297621447575155,2.4045
15.670000000000002,17.873157764907468,172,2.642222570684236,125,2450,1.4326685418693164,2.408
23.32,17.873157764907468,172,2.642222570684236,125,2450,1.4326685418693164,2.408
16.39,17.873859557156305,172.125,2.6429243629330728,125,2450,1.4341265009591457,2.40975
18.15,17.873859557156305,172.125,2.6429243629330728,125,2450,1.4341265009591457,2.40975
16.275,17.873859557156305,172.125,2.6429243629330728,125,2450,1.4341265009591457,2.40975
19.205,17.874483026883517,172.375,2.6435478326602855,125,2450,1.437051963290823,2.41325
17.29,17.874483026883517,172.375,2.6435478326602855,125,2450,1.437051963290823,2.41325
23.244999999999997,17.874483026883517,172.375,2.6435478326602855,125,2450,1.437051963290823,2.41325
21.4,17.875179475177404,172.625,2.6442442809541724,125,2450,1.439990181976537,2.41675
17.14,17.877023342680495,172.875,2.646088148457263,125,2450,1.4429411940448602,2.4202500000000002
17.565,17.877023342680495,172.875,2.646088148457263,125,2450,1.4429411940448602,2.4202500000000002
22.065,17.87733529912475,173,2.6464001049015167,125,2450,1.4444215091836023,2.422
19.405,17.877840349381376,173.125,2.6469051551581444,125,2450,1.4459050365780277,2.42375
17.93,17.877820775790465,173.25,2.6468855815672327,125,2450,1.4473917808718009,2.4255
12.165,17.878336771418255,173.34375,2.647401577195023,125,2450,1.448508952977674,2.4268125
13.85,17.878336771418255,173.375,2.647401577195023,125,2450,1.4488817467119408,2.42725
19.72,17.878336771418255,173.375,2.647401577195023,125,2450,1.4488817467119408,2.42725
18.93,17.878336771418255,173.375,2.647401577195023,125,2450,1.4488817467119408,2.42725
13.615,17.877889302546475,173.5,2.646954108323243,125,2450,1.4503749387488196,2.4290000000000003
18.1,17.878034186587918,173.625,2.647098992364686,125,2450,1.4518713616361645,2.43075
18.21,17.878356857317886,173.75,2.6474216630946543,125,2450,1.4533710200310554,2.4325
18.89,17.878356857317886,173.75,2.6474216630946543,125,2450,1.4533710200310554,2.4325
19.125,17.878356857317886,173.75,2.6474216630946543,125,2450,1.4533710200310554,2.4325
14.325,17.878356857317886,173.75,2.6474216630946543,125,2450,1.4533710200310554,2.4325
14.055,17.878118308225595,173.875,2.647183114002363,125,2450,1.4548739185939283,2.43425
18.345,17.877272261509503,174.125,2.6463370672862716,125,2450,1.457889454882127,2.43775
15.62,17.876956385879808,174.375,2.646021191656576,125,2450,1.46091800785132,2.44125
14.465,17.876956385879808,174.375,2.646021191656576,125,2450,1.46091800785132,2.44125
22.46,17.876956385879808,174.375,2.646021191656576,125,2450,1.46091800785132,2.44125
15.635,17.877334702104502,174.625,2.64639950788127,125,2450,1.4639596149057297,2.44475
18.12,17.877334702104502,174.625,2.64639950788127,125,2450,1.4639596149057297,2.44475
15.63,17.877334702104502,174.625,2.64639950788127,125,2450,1.4639596149057297,2.44475
22.44,17.877334702104502,174.625,2.64639950788127,125,2450,1.4639596149057297,2.44475
16.535,17.877334702104502,174.625,2.64639950788127,125,2450,1.4639596149057297,2.44475
17.740000000000002,17.877400701415404,174.75,2.646465507192172,125,2450,1.4654853254183846,2.4465
17.93,17.877099265715376,174.875,2.6461640714921444,125,2450,1.4670143135032452,2.4482500000000003
14.85,17.875958389729252,175,2.6450231955060204,125,2450,1.4685465838509313,2.45
12.595,17.874526833912316,175.125,2.6435916396890846,125,2450,1.4700821411554192,2.45175
16.24,17.874526833912316,175.125,2.6435916396890846,125,2450,1.4700821411554192,2.45175
14.49,17.874526833912316,175.125,2.6435916396890846,125,2450,1.4700821411554192,2.45175
18.915,17.87492006340571,175.25,2.6439848691824785,125,2450,1.471620990114037,2.4535
16.445,17.87492006340571,175.25,2.6439848691824785,125,2450,1.471620990114037,2.4535
16.130000000000003,17.87450229893465,175.5,2.643567104711419,125,2450,1.4747085817997512,2.457
12.445,17.875659860953473,175.65625,2.644724666730241,125,2450,1.4766450390508497,2.4591875
18.945,17.87549495184312,175.875,2.644559757619888,125,2450,1.4793647743603882,2.46225
19.48,17.87549495184312,175.875,2.644559757619888,125,2450,1.4793647743603882,2.46225
13.66,17.874720698682776,176,2.6437855044595437,125,2450,1.4809234720755278,2.464
18.425,17.874720698682776,176,2.6437855044595437,125,2450,1.4809234720755278,2.464
14.84,17.87605008479151,176.25,2.6451148905682764,125,2450,1.484050846118012,2.4675000000000002
23.85,17.87605008479151,176.25,2.6451148905682764,125,2450,1.484050846118012,2.4675000000000002
14.36,17.876826469759667,176.375,2.645891275536435,125,2450,1.4856195318970342,2.46925
19.345,17.8769123482408,176.5,2.6459771540175687,125,2450,1.4871915564879499,2.471
27.595,17.896601898188525,176.53125,2.665666703965293,125,2450,1.4875850848797558,2.4714375
14.82,17.896486541520908,176.625,2.6655513472976757,125,2450,1.4887669246249842,2.47275
12.54,17.89631997465464,176.75,2.6653847804314097,125,2450,1.4903456410457139,2.4745
13.8,17.89631997465464,176.75,2.6653847804314097,125,2450,1.4903456410457139,2.4745
15.34,17.89631997465464,176.75,2.6653847804314097,125,2450,1.4903456410457139,2.4745
21.805,17.89631997465464,176.75,2.6653847804314097,125,2450,1.4903456410457139,2.4745
16.105,17.895986068538303,177,2.665050874315071,125,2450,1.493513137705341,2.478
14.93,17.896227215292413,177.125,2.665292021069181,125,2450,1.4951019274361643,2.47975
14.415,17.895860320985786,177.375,2.6649251267625544,125,2450,1.4982896134547978,2.48325
18.905,17.89562711858107,177.5,2.6646919243578395,125,2450,1.499888519254658,2.485
21.2,17.897061635499618,177.625,2.6661264412763863,125,2450,1.5014908065951706,2.4867500000000002
16.605,17.898234174469298,177.75,2.6672989802460663,125,2450,1.503096480240745,2.4885
15.225,17.89920010772184,177.875,2.668264913498607,125,2450,1.5047055449591458,2.49025
23.525,17.89920859752794,178,2.6682734033047097,125,2450,1.5063180055214904,2.492
11.4,17.89901086097723,178.125,2.6680756667539995,125,2450,1.5079338667022513,2.49375
16.585,17.89901086097723,178.125,2.6680756667539995,125,2450,1.5079338667022513,2.49375
17.810000000000002,17.898805595793316,178.16666666666666,2.6678704015700845,125,2450,1.50847324361452,2.494333333333333
16.655,17.89898732709262,178.25,2.668052132869388,125,2450,1.5095531332792544,2.4955000000000003
17.045,17.89898732709262,178.25,2.668052132869388,125,2450,1.5095531332792544,2.4955000000000003
17.815,17.89940723703464,178.375,2.668472042811409,125,2450,1.5111758100336798,2.49725
18.245,17.89940723703464,178.375,2.668472042811409,125,2450,1.5111758100336798,2.49725
18.295,17.89917875435714,178.5,2.6682435601339094,125,2450,1.512801901750062,2.499
16.43,17.898398272107354,178.875,2.667463077884122,125,2450,1.5177007145665993,2.50425
18.04,17.898398272107354,178.875,2.667463077884122,125,2450,1.5177007145665993,2.50425
16.745,17.89747643673049,179.125,2.6665412425072574,125,2450,1.520983752454798,2.50775
11.7,17.90034592406534,179.25,2.6694107298421095,125,2450,1.5226304346059625,2.5095
12.075,17.90016124105042,179.5,2.6692260468271876,125,2450,1.525934149362484,2.513
16.875,17.900345402014207,179.625,2.6694102077909747,125,2450,1.5275911915939286,2.5147500000000003
14.07,17.90069640702799,179.79166666666666,2.669761212804758,125,2450,1.5298059689451773,2.5170833333333333
15.98,17.901026552807856,180,2.6700913585846244,125,2450,1.53258311552795,2.52
14.815,17.901504105797116,180.125,2.670568911573884,125,2450,1.5342540386684627,2.52175
17.455000000000002,17.901749008016488,180.25,2.6708138137932558,125,2450,1.5359284441065837,2.5235
15.485,17.901749008016488,180.25,2.6708138137932558,125,2450,1.5359284441065837,2.5235
21.475,17.899731724607115,180.33333333333337,2.668796530383883,125,2450,1.5370466513958871,2.524666666666667
18.840000000000003,17.899731724607115,180.375,2.668796530383883,125,2450,1.5376063366771582,2.52525
14.275,17.899731724607115,180.375,2.668796530383883,125,2450,1.5376063366771582,2.52525
19.135,17.900334022273686,180.5,2.669398828050454,125,2450,1.539287721218385,2.527
16.840000000000003,17.90083616382392,180.625,2.6699009696006897,125,2450,1.5409726025718167,2.52875
14.435,17.90083616382392,180.625,2.6699009696006897,125,2450,1.5409726025718167,2.52875
21.26,17.90007281195623,180.75,2.6691376177329964,125,2450,1.54266098558236,2.5305
20.875,17.90007281195623,180.75,2.6691376177329964,125,2450,1.54266098558236,2.5305
20.450000000000003,17.900512003454185,180.875,2.6695768092309535,125,2450,1.5443528750982765,2.53225
15.82,17.89973745196193,181.125,2.6688022577386974,125,2450,1.5477471930560402,2.53575
16.91,17.901444706500474,181.25,2.670509512277242,125,2450,1.5494496312111798,2.5375
14.5,17.901010898521193,181.375,2.670075704297961,125,2450,1.5511555952982763,2.53925
14.965,17.90175121277364,181.5,2.6708160185504077,125,2450,1.55286509018236,2.541
16.99,17.90175121277364,181.5,2.6708160185504077,125,2450,1.55286509018236,2.541
24.119999999999997,17.9022061576458,181.625,2.671270963422568,125,2450,1.5545781207318168,2.54275
13.55,17.9022061576458,181.625,2.671270963422568,125,2450,1.5545781207318168,2.54275
11.895,17.90220770811629,181.675,2.671272513893058,125,2450,1.5552643240290605,2.5434500000000004
17.494999999999997,17.902629332011355,181.75,2.6716941377881227,125,2450,1.5562946918183849,2.5445
17.19,17.902629332011355,181.75,2.6716941377881227,125,2450,1.5562946918183849,2.5445
21.55,17.90351734740913,181.875,2.6725821531858998,125,2450,1.5580148083171583,2.54625
15.420000000000002,17.90792028356064,182.125,2.676985089337407,125,2450,1.5614656970684624,2.54975
22.785,17.909360703553983,182.25,2.6784255093307507,125,2450,1.56319647908795,2.5515
20.83,17.91154765037463,182.375,2.6806124561513975,125,2450,1.5649308260535557,2.5532500000000002
21.945,17.91484646168059,182.75,2.6839112674573578,125,2450,1.5701553055624844,2.5585
29.450000000000003,17.91484646168059,182.75,2.6839112674573578,125,2450,1.5701553055624844,2.5585
22.665,17.91528136247424,183,2.6843461682510075,125,2450,1.5736562064059625,2.562
17.46,17.915102832510357,183.25,2.684167638287125,125,2450,1.5771714846432296,2.5655
14.91,17.914790872501804,183.375,2.6838556782785723,125,2450,1.5789345275665994,2.56725
17.35,17.914790872501804,183.375,2.6838556782785723,125,2450,1.5789345275665994,2.56725
16.66,17.914790872501804,183.375,2.6838556782785723,125,2450,1.5789345275665994,2.56725
21.89,17.914090939985883,183.40625,2.683155745762651,125,2450,1.5793758520261114,2.5676875
14.625,17.917780323837228,183.625,2.686845129613996,125,2450,1.582471445616289,2.57075
19.345,17.920696835338035,184,2.689761641114803,125,2450,1.5878039770792545,2.576
11.015,17.920696835338035,184,2.689761641114803,125,2450,1.5878039770792545,2.576
13.84,17.920696835338035,184,2.689761641114803,125,2450,1.5878039770792545,2.576
13.675,17.922550702247076,184.5,2.691615508023844,125,2450,1.5949649144407452,2.583
15.93,17.922725596387366,184.625,2.691790402164134,125,2450,1.5967642701951708,2.58475
14.63,17.923756703221315,184.75,2.692821508998083,125,2450,1.5985672844146581,2.5865
13.105,17.92665235144867,184.875,2.695717157225438,125,2450,1.6003739620547979,2.58825
17.96,17.93799898900689,185.125,2.7070637947836573,125,2450,1.6039983274361644,2.59175
18.73,17.937630621812705,185.25,2.706695427589473,125,2450,1.6058160251053413,2.5935
17.935000000000002,17.937630621812705,185.25,2.706695427589473,125,2450,1.6058160251053413,2.5935
18.39,17.937630621812705,185.25,2.706695427589473,125,2450,1.6058160251053413,2.5935
42.974999999999994,17.93996647629422,185.375,2.7090312820709883,125,2450,1.6076374060510714,2.59525
19.57,17.941114436326536,185.5,2.7101792421033046,125,2450,1.6094624752457138,2.597
23.34,17.941114436326536,185.5,2.7101792421033046,125,2450,1.6094624752457138,2.597
14.95,17.942788964413218,185.625,2.711853770189986,125,2450,1.6112912376649844,2.59875
18.515,17.942788964413218,185.625,2.711853770189986,125,2450,1.6112912376649844,2.59875
12.655,17.95678754225753,185.75,2.725852348034298,125,2450,1.61312369828795,2.6005000000000003
19.575,17.95678754225753,185.75,2.725852348034298,125,2450,1.61312369828795,2.6005000000000003
30.110000000000003,17.961627284321022,186.125,2.73069209009779,125,2450,1.6186433192200154,2.60575
19.1,17.962155847195273,186.25,2.7312206529720413,125,2450,1.6204906225155276,2.6075
26.89,17.965022329944063,186.5,2.7340871357208307,125,2450,1.6241964035537886,2.611
11.89,17.966700337619187,186.625,2.7357651433959553,125,2450,1.6260548912982762,2.61275
16.950000000000003,17.966700337619187,186.625,2.7357651433959553,125,2450,1.6260548912982762,2.61275
12.325,17.96714884976157,186.75,2.7362136555383394,125,2450,1.6279171171997513,2.6145
22.635,17.96714884976157,186.75,2.7362136555383394,125,2450,1.6279171171997513,2.6145
15.325,17.96842510083086,186.875,2.737489906607628,125,2450,1.629783086267469,2.61625
16.665,17.96842510083086,186.875,2.737489906607628,125,2450,1.629783086267469,2.61625
17.439999999999998,17.96901643174047,187.375,2.738081237517239,125,2450,1.6372844945032454,2.62325
17.645,17.982493136426335,187.75,2.751557942203103,125,2450,1.6429500998780122,2.6285
13.260000000000002,17.98251529591688,187.83333333333331,2.751580101693648,125,2450,1.6442137426157621,2.6296666666666666
31.845,18.010199714698363,188,2.779264520475131,125,2450,1.6467460785450927,2.632
16.725,18.010199714698363,188,2.779264520475131,125,2450,1.6467460785450927,2.632
10.86,18.02704769706696,188.5,2.7961125028437266,125,2450,1.6543835975910557,2.6390000000000002
15.945,18.020451749438408,188.875,2.789516555215176,125,2450,1.6601517625119406,2.64425
13.79,18.02761354453868,189.25,2.7966783503154495,125,2450,1.6659543869836024,2.6495
30.445,18.027726127943303,189.375,2.7967909337200716,125,2450,1.66789627648486,2.65125
20.435,18.027726127943303,189.375,2.7967909337200716,125,2450,1.66789627648486,2.65125
34.644999999999996,18.033379224963547,189.5,2.8024440307403147,125,2450,1.6698420151214906,2.653
15.775,18.02844632742529,189.75,2.7975111332020575,125,2450,1.6737450601363975,2.6565
17.05,18.028575645931134,189.875,2.7976404517079025,125,2450,1.6757023766908223,2.6582500000000002
18.545,18.03373157478771,190.125,2.8027963805644767,125,2450,1.6796286233591455,2.66175
16.115000000000002,18.03435389597866,190.5,2.8034187017554295,125,2450,1.6855471037575154,2.6670000000000003
26.55,18.036359657194325,190.75,2.805424462971093,125,2450,1.6895122238631055,2.6705
13.46,18.03602889740438,190.78125,2.8050937031811465,125,2450,1.6900089613836633,2.6709375
18.09,18.03140380211876,191.25,2.800468607895528,125,2450,1.6974893678571426,2.6775
22.465000000000003,18.03140380211876,191.25,2.800468607895528,125,2450,1.6974893678571426,2.6775
46.150000000000006,18.044180308035497,191.40625,2.8132451138122647,125,2450,1.6999950912428197,2.6796875
16.275,18.04420298423073,191.58333333333331,2.8132677900074974,125,2450,1.70284233901452,2.6821666666666664
16.475,18.044529165914977,191.75,2.813593971691745,125,2450,1.7055293236494407,2.6845
13.545,18.04507405506525,191.875,2.814138860842018,125,2450,1.707549165460015,2.6862500000000002
14.81,18.045714510939213,192,2.814779316715981,125,2450,1.709572958704099,2.688
15.06,18.04488602849933,192.375,2.813950834276099,125,2450,1.7156680985554187,2.69325
16.825,18.05326139490937,192.5,2.8223262006861383,125,2450,1.7177077490683228,2.695
6.795,18.05326139490937,192.5,2.8223262006861383,125,2450,1.7177077490683228,2.695
19.3,18.05326139490937,192.5,2.8223262006861383,125,2450,1.7177077490683228,2.695
12.545,18.04097374568401,192.875,2.810038551460778,125,2450,1.7238505845839904,2.70025
16.655,18.041126276693426,193,2.810191082470194,125,2450,1.72590617498236,2.702
17.195,18.05590140108749,193.25,2.824966206864257,125,2450,1.7300293546755277,2.7055000000000002
19.57,18.05556503073296,193.375,2.824629836509729,125,2450,1.7320969543343008,2.70725
13.205,18.056060160711095,193.625,2.825124966487863,125,2450,1.7362441992113193,2.71075
19.43,18.056060160711095,193.625,2.825124966487863,125,2450,1.7362441992113193,2.71075
12.670000000000002,18.05762988673524,193.9375,2.8266946925120067,125,2450,1.7414508942875866,2.715125
18.58,18.057715665891216,194,2.826780471667984,125,2450,1.7424952583314284,2.716
14.08,18.05967381554429,194.375,2.828738621321058,125,2450,1.7487826724475928,2.72125
17.15,18.062076709993487,194.5,2.8311415157702555,125,2450,1.75088658034882,2.723
16.875,18.06266871847652,194.625,2.8317335242532877,125,2450,1.752994548540512,2.7247500000000002
19.435,18.062751751933416,194.75,2.8318165577101837,125,2450,1.7551065822432297,2.7265
16.810000000000002,18.062595961252875,194.875,2.8316607670296428,125,2450,1.7572226866808847,2.72825
13.84,18.06335760178134,195.125,2.8324224075581093,125,2450,1.7614671286734314,2.73175
14.19,18.06335760178134,195.125,2.8324224075581093,125,2450,1.7614671286734314,2.73175
13.51,18.06737354822179,195.625,2.8364383539985596,125,2450,1.7700050917022512,2.73875
22.815,18.07491880924736,195.875,2.843983615024129,125,2450,1.7742986966162884,2.74225
16.255000000000003,18.082694378109636,196.08333333333337,2.8517591838864043,125,2450,1.7778892814045826,2.7451666666666674
18.37,18.08274002348555,196.5,2.851804829262317,125,2450,1.7851048642345342,2.751
9.37,18.08274002348555,196.5,2.851804829262317,125,2450,1.7851048642345342,2.751
17.785,18.083059036174458,196.75,2.852123841951226,125,2450,1.7894563039624845,2.7545
13.52,18.086727088046903,197,2.855791893823671,125,2450,1.7938243627885713,2.758
16.86,18.08975360073581,197.25,2.8588184065125795,125,2450,1.7982090829736646,2.7615
17.8,18.08975360073581,197.25,2.8588184065125795,125,2450,1.7982090829736646,2.7615
16.759999999999998,18.08975360073581,197.25,2.8588184065125795,125,2450,1.7982090829736646,2.7615
17.65,18.08975360073581,197.25,2.8588184065125795,125,2450,1.7982090829736646,2.7615
20.765,18.08993391368135,197.5,2.8589987194581177,125,2450,1.802610506832298,2.765
17.314999999999998,18.09469001231741,197.625,2.863754818094179,125,2450,1.8048174958771583,2.76675
17.925,18.109183414560544,198,2.878248220337312,125,2450,1.8114636350966458,2.7720000000000002
25.61,18.10723484479531,198.28125,2.8762996505720793,125,2450,1.816473083605615,2.7759375
57.485,18.10723484479531,198.28125,2.8762996505720793,125,2450,1.816473083605615,2.7759375
13.955,18.10719843867897,198.375,2.876263244455739,125,2450,1.818147643941754,2.77725
15.63,18.10719843867897,198.375,2.876263244455739,125,2450,1.818147643941754,2.77725
16.5,18.108658118842456,198.625,2.877722924619224,125,2450,1.8226247594125617,2.7807500000000003
20.265,18.108658118842456,198.625,2.877722924619224,125,2450,1.8226247594125617,2.7807500000000003
13.345,18.109365398568716,198.75,2.8784302043454844,125,2450,1.8248696659937889,2.7825
19.92,18.112209262745125,199.25,2.8812740685218934,125,2450,1.8338917423922978,2.7895
30.924999999999997,18.114918518044053,199.375,2.8839833238208215,125,2450,1.8361579007084623,2.7912500000000002
15.575,18.114918518044053,199.375,2.8839833238208215,125,2450,1.8361579007084623,2.7912500000000002
20.42,18.116558082486595,199.50892857142856,2.885622888263363,125,2450,1.8385906619902623,2.793125
14.555,18.117410190651217,199.625,2.886474996427985,125,2450,1.840703021824984,2.79475
10.515,18.118250613377196,199.75,2.887315419153964,125,2450,1.8429819953314286,2.7965
18.9,18.11913817385149,199.875,2.8882029796282573,125,2450,1.8452652512796426,2.79825
21.950000000000003,18.151149634976857,200.625,2.9202144407536252,125,2450,1.8590550187208847,2.80875
36.815,18.151364030946816,200.7375,2.920428836723584,125,2450,1.8611368691791308,2.810325
17.445,18.151364030946816,200.75,2.920428836723584,125,2450,1.8613684020693169,2.8105
14.65,18.15120224024251,200.875,2.92026704601928,125,2450,1.86368611084486,2.81225
33.535,18.156968221613106,201.375,2.926033027389874,125,2450,1.87300030803368,2.8192500000000003
21.485,18.155430835670703,201.5,2.9244956414474714,125,2450,1.8753397248357766,2.821
19.525,18.1429487574462,202.125,2.912013563222967,125,2450,1.8871022841690837,2.82975
17.619999999999997,18.142991979098134,202.19166666666663,2.9120567848749026,125,2450,1.888363415396169,2.830683333333333
18.665,18.142991979098134,202.25,2.9120567848749026,125,2450,1.8894679290059626,2.8315
12.875,18.14349096778742,202.33333333333331,2.91255577356419,125,2450,1.8910474642886397,2.8326666666666664
17.665,18.141265473419015,203,2.910330279195783,125,2450,1.903754184602236,2.842
13.715,18.143141858149555,203.33333333333337,2.912206663926323,125,2450,1.9101546710835062,2.846666666666667
16.43,18.14669595139164,203.875,2.9157607571684068,125,2450,1.920622809212562,2.85425
13.205,18.1467562479414,204.125,2.915821053718169,125,2450,1.9254824845417544,2.8577500000000002
15.615,18.148359546938643,204.5,2.917424352715411,125,2450,1.9328055518966456,2.863
15.795,18.148359546938643,204.5,2.917424352715411,125,2450,1.9328055518966456,2.863
17.36,18.148825755236334,204.625,2.9178905610131025,125,2450,1.9352555441032449,2.86475
14.79,18.148825755236334,204.625,2.9178905610131025,125,2450,1.9352555441032449,2.86475
17.759999999999998,18.148991869911743,204.875,2.9180566756885113,125,2450,1.9401690160771583,2.86825
16.910000000000004,18.151062700868877,205.75,2.9201275066456454,125,2450,1.957508364762484,2.8805
15.355,18.15117267366139,205.875,2.920237479438157,125,2450,1.96000354475045,2.88225
16.525,18.15857378429726,206.875,2.9276385900740287,125,2450,1.9801292167022513,2.89625
14.330000000000002,18.166889312407704,208,2.9359541181844726,125,2450,2.003122135548819,2.912
23.29,18.177005490646465,209,2.9460702964232333,125,2450,2.0238759178494403,2.926
15.965,18.17734515976062,209.125,2.946409965537388,125,2450,2.0264911789343008,2.92775
15.915,18.18033997726846,209.33333333333331,2.949404783045228,125,2450,2.030860380972698,2.9306666666666663
18.485,18.181985064237377,209.875,2.9510498700141454,125,2450,2.0422815129988967,2.93825
14.175,18.182704227220935,210,2.951769032997703,125,2450,2.0449297490683227,2.94
24.025,18.19584767176043,211.66666666666669,2.9649124775371973,125,2450,2.080694066528641,2.963333333333334
12.93,18.19730376279265,212,2.9663685685694183,125,2450,2.0879490845575153,2.968
14.165,18.197851620767175,212.25,2.9669164265439427,125,2450,2.0934128532693164,2.9715000000000003
20.555,18.197903933285,212.375,2.9669687390617696,125,2450,2.0961519875591454,2.97325
20.43,18.202255876660153,212.625,2.9713206824369216,125,2450,2.101644784490823,2.97675
19.505000000000003,18.20279111166633,213,2.971855917443097,125,2450,2.10992038632149,2.982
14.115,18.20288762114737,213.2,2.971952426924137,125,2450,2.114351950281836,2.9848
16.42,18.203867203173793,213.5,2.9729320089505613,125,2450,2.1210227206718004,2.989
13.665,18.209072024127124,214.125,2.9781368299038924,125,2450,2.135010758593929,2.99775
22.29,18.21926260712779,215.625,2.9883274129045567,125,2450,2.1690853612674688,3.0187500000000003
20.925,18.227153514004513,216.375,2.9962183197812813,125,2450,2.186391509020015,3.02925
15.245,18.245333145931134,216.625,3.0143979517079025,125,2450,2.192200362697034,3.03275
17.265,18.245516300098988,216.875,3.014581105875756,125,2450,2.1980293626649843,3.03625
15.48,18.245516300098988,217,3.014581105875756,125,2450,2.2009514320457138,3.0380000000000003
18.55,18.257139383456085,217.25,3.0262041892328533,125,2450,2.2068107387053417,3.0415
21.185,18.259948367392973,217.5,3.0290131731697407,125,2450,2.2126903080745337,3.045
21.73,18.28088344283732,219,3.04994824861409,125,2450,2.248395857983602,3.0660000000000003
14.31,18.281246328969814,219.25,3.0503111347465826,125,2450,2.2544185758432294,3.0695
18.645,18.281246328969814,219.25,3.0503111347465826,125,2450,2.2544185758432294,3.0695
34.66,18.333186349846432,219.875,3.1022511556232004,125,2450,2.269565762593928,3.07825
15.865,18.33629326862792,220.875,3.1053580744046876,125,2450,2.294071388131816,3.09225
18.305,18.34486851622796,221.375,3.11393332200473,125,2450,2.30644967885604,3.09925
21.19,18.364983726996893,222.75,3.1340485327736616,125,2450,2.3409250632171426,3.1185
11.305,18.365120374059913,222.875,3.134185179836681,125,2450,2.3440910221939277,3.12025
18.455,18.375854914146405,223.75,3.1449197199231733,125,2450,2.366402349223602,3.1325000000000003
20.215000000000003,18.437968230965147,224.375,3.2070330367419153,125,2450,2.382500091702251,3.14125
49.56,18.44454932698739,225.375,3.2136141327641567,125,2450,2.408537770036164,3.15525
16.810000000000002,18.40059488503795,226.125,3.1696596908147185,125,2450,2.4282948300970335,3.16575
21.265,18.40211388501419,226.25,3.17117869079096,125,2450,2.431606846118012,3.1675
14.715,18.388416426003644,227.75,3.1574812317804124,125,2450,2.471781315818385,3.1885
21.065,18.373588810520324,228.125,3.1426536162970926,125,2450,2.481949782851319,3.19375
20.84,18.37234155016009,229.125,3.1414063559368586,125,2450,2.5093119073119405,3.20775
17.195,18.37234155016009,229.125,3.1414063559368586,125,2450,2.5093119073119405,3.20775
13.364999999999998,18.370211484933403,229.375,3.1392762907101712,125,2450,2.5162086615780277,3.21125
20.89,18.400242562183664,229.75,3.1693073679604318,125,2450,2.5265961601214904,3.2165
16.055,18.40204790803957,230,3.1711127138163384,125,2450,2.533549475776397,3.22
58.15,18.40465164544571,230.125,3.1737164512224787,125,2450,2.5370346470908225,3.22175
13.925,18.394219756366727,230.375,3.1632845621434953,125,2450,2.5440220475591455,3.22525
30.305,18.442652096092036,231.125,3.2117169018688045,125,2450,2.565121156807593,3.23575
54.995000000000005,18.435288133065708,231.90625,3.204352938842476,125,2450,2.587318897243833,3.2466875
17.42,18.438381165215695,232.125,3.207445970992463,125,2450,2.5935746048200152,3.24975
17.259999999999998,18.438381165215695,232.25,3.207445970992463,125,2450,2.597157244504099,3.2515
12.785,18.441149873632195,232.625,3.2102146794089634,125,2450,2.607939924555419,3.2567500000000003
17.27,18.44074922599889,233.625,3.2098140317756574,125,2450,2.636949750734301,3.27075
19.02,18.440354348254377,234.625,3.2094191540311456,125,2450,2.6663344962075928,3.2847500000000003
25.44,18.463135320714223,235.5,3.2322001264909908,125,2450,2.6923562276929185,3.297
14.635000000000002,18.462172699409212,236.125,3.2312375051859803,125,2450,2.7111216278162886,3.30575
22.924999999999997,18.47348932247261,238.125,3.2425541282493775,125,2450,2.772180156143245,3.33375
13.785,18.47792939934268,238.875,3.2469942051194494,125,2450,2.795477374412562,3.34425
17.630000000000003,18.48008291243554,239.25,3.24914771821231,125,2450,2.8072085757040983,3.3495
35.03,18.520262070785503,240.125,3.2893268765622707,125,2450,2.8347967040796425,3.3617500000000002
11.28,18.52262408806048,241.03125,3.2916888938372466,125,2450,2.863689831243051,3.3744375
14.385000000000002,18.52262408806048,241.375,3.2916888938372466,125,2450,2.87473489683368,3.37925
14.3,18.52187461165615,242.875,3.2909394174329165,125,2450,2.9234867252796426,3.40025
17.175,18.51675953466727,243.125,3.2858243404440373,125,2450,2.9317003626649845,3.40375
16.025,18.51745901665567,244,3.2865238224324393,125,2450,2.9606482787537884,3.416
20.755000000000003,18.51745901665567,244.125,3.2865238224324393,125,2450,2.964809202812562,3.4177500000000003
12.64,18.51745901665567,244.25,3.2865238224324393,125,2450,2.96897652337118,3.4195
12.07,18.51745901665567,244.25,3.2865238224324393,125,2450,2.96897652337118,3.4195
13.155,18.526695104480023,245.875,3.295759910256791,125,2450,3.023736757908214,3.44225
17.935000000000002,18.528057525708995,247.375,3.297122331485763,125,2450,3.075257623576537,3.46325
14.335,18.531594631022177,247.625,3.300659436798945,125,2450,3.0839360764734316,3.46675
19.015,18.53289037714897,247.75,3.301955182925738,125,2450,3.088285171440745,3.4685
31.81,18.543482221198964,250.875,3.3125470269757322,125,2450,3.1991709428200155,3.51225
17.255000000000003,18.53774685336321,251.5,3.306811659139978,125,2450,3.221851375817142,3.521
16.385,18.53875386790555,251.625,3.30781867368232,125,2450,3.2264078018796423,3.5227500000000003
44.435,18.53935881800535,253.625,3.3084236237821187,125,2450,3.3002394157380275,3.5507500000000003
16.97,18.539507469155435,255.125,3.308572274932203,125,2450,3.356771486705729,3.57175
11.455,18.541688094452457,257.25,3.3107529002292253,125,2450,3.438583445845713,3.6015
17.15,18.544391245293635,257.41666666666663,3.3134560510704034,125,2450,3.4450864422426752,3.6038333333333328
20.12,18.544391245293635,257.4375,3.3134560510704034,125,2450,3.4459002054554424,3.6041250000000002
20.595,18.540789405164368,258.75,3.309854210941136,125,2450,3.497566957919253,3.6225
18.33,18.540789405164368,259.125,3.309854210941136,125,2450,3.5124740498162885,3.6277500000000003
15.285,18.541465090935684,261.625,3.3105298967124526,125,2450,3.61352128805604,3.66275
21.82,18.541465090935684,261.625,3.3105298967124526,125,2450,3.61352128805604,3.66275
20.185,18.541685162578112,263.875,3.3107499683548802,125,2450,3.7069747157666,3.6942500000000003
19.79,18.54164868553221,264.5,3.3107134913089773,125,2450,3.733361957879255,3.7030000000000003
19.26,18.543880658728668,266.125,3.312945464505436,125,2450,3.8028495328249843,3.72575
20.575,18.543367364246205,268.75,3.312432170022973,125,2450,3.917819196428571,3.7625
23.049999999999997,18.544692200050783,272.9375,3.3137570058275507,125,2450,4.108327455757461,3.821125
16.31,18.544692200050783,273,3.3137570058275507,125,2450,4.1112381420283235,3.822
17.705,18.544692200050783,273.375,3.3137570058275507,125,2450,4.12874428718399,3.8272500000000003
13.785,18.542909551181857,277.125,3.3119743569586255,125,2450,4.30780898915045,3.87975
19.53,18.544096006010296,277.875,3.313160811787064,125,2450,4.344505738897032,3.89025
15.37,18.547046474359313,283.125,3.316111280136081,125,2450,4.609827281919643,3.96375
14.92,18.54687655111057,287.125,3.3159413568873397,125,2450,4.822134048216289,4.01975
19.130000000000003,18.548515116242218,290,3.317579922018986,125,2450,4.980311612422358,4.0600000000000005
11.68,18.556029502945,293,3.32509430872177,125,2450,5.150458893292917,4.102
14.955000000000002,18.556029502945,293.625,3.32509430872177,125,2450,5.186570665844861,4.11075
18.665,18.559227450145833,295.8333333333333,3.3282922559226016,125,2450,5.316025017253277,4.141666666666667
28.430000000000003,18.566920209389252,299.75,3.3359850151660204,125,2450,5.55286204144323,4.1965
15.715,18.561047965305992,301.5,3.33011277108276,125,2450,5.661728373382358,4.221
14.47,18.558769053962013,307.4583333333333,3.3278338597387815,125,2450,6.046865778172672,4.304416666666667
16.675,18.558772358068087,311.125,3.3278371638448547,125,2450,6.295275121766597,4.3557500000000005
15.755,18.558782346424707,315.125,3.3278471522014748,125,2450,6.576470073607591,4.4117500000000005
15.34,18.55902321171793,324.125,3.3280880174946965,125,2450,7.2494891751057295,4.53775
15.295,18.55953429954228,332.75,3.3285991053190465,125,2450,7.949280842357513,4.6585
19.04,18.5594066441388,342.625,3.3284714499155683,125,2450,8.820147127531817,4.79675
18.815,18.5594066441388,348,3.3284714499155683,125,2450,9.326925712314033,4.872
18.645,18.561005383802332,406.375,3.3300701895791,125,2450,16.542454025497033,5.68925
16.525,18.561005383802332,409.375,3.3300701895791,125,2450,17.00856032244759,5.73125
15.94,18.561005383802332,425.625,3.3300701895791,125,2450,19.717278591702243,5.95875
16.97,18.561005383802332,461.375,3.3300701895791,125,2450,26.869458245593922,6.45925
