,LSOA11CD,LSOA11NM,LSOA11NMW,BNG_E,BNG_N,LONG,LAT,GlobalID,geometry,Demand_O,Demand_D,Demand_Total,Intra_LSOA,Inter_LSOA,flowUE,flowPO,no2UE,no2PO,intInd,rdCount,flowUE_mean,flowUE_median,flowPO_mean,flowPO_median,no2UE_mean,no2UE_median,no2PO_mean,no2PO_median,no2UE_meanByRdCount,no2PO_meanByRdCount,company_count,LSOA21CD,Area,LSOA 2021 Code,population,popn,flowDiff,no2Diff,flowDiff_mean,no2Diff_mean,flowDiff_median,no2Diff_median,no2Diff_cat,no2Diff_mean_cat,no2Diff_median_cat,intIndMean
0,E01007823,Sheffield 069A,Sheffield 069A,434232,381158,-1.4875,53.3262,f80ee960-a032-462a-81a6-bd5e909df988,"POLYGON ((-1.4812362501162188 53.33205116440044, -1.4805097001238137 53.33142298029689, -1.48146976236859 53.331073841584974, -1.4813077567580861 53.33056618036502, -1.4831078953994843 53.330863956511436, -1.4839416573992734 53.33145351412136, -1.4845699274444126 53.33153629116151, -1.4847867053191413 53.33124874145784, -1.4835071611827186 53.33092904632637, -1.4826210638690445 53.32930532577989, -1.4826013441892596 53.32925879894532, -1.4821123305306487 53.32760781993678, -1.4828914841601963 53.32694047150057, -1.4821502817126209 53.32624238329863, -1.4795553049382586 53.32631199738825, -1.4792737865287904 53.32607313350926, -1.481725139557676 53.32504671222435, -1.4854982006275181 53.32482658354462, -1.488476263013823 53.32460141265579, -1.4916824017624042 53.32324893456294, -1.4921979251581203 53.322986466734086, -1.4922589374633246 53.322954817901525, -1.4933355815943534 53.32240954899741, -1.4944124412063216 53.32191741293054, -1.4953834655106009 53.322715374111525, -1.4957665550274726 53.32327391025891, -1.4935040633873573 53.32422133099373, -1.4939232089569197 53.32456871788141, -1.4935007276363637 53.324746701547724, -1.4895801721195243 53.32650669658326, -1.4881722241603048 53.32715094307789, -1.4876330241182565 53.32729319650292, -1.487773587335127 53.32784136854977, -1.4870336964081707 53.32776536462653, -1.4870092518969815 53.32815616317034, -1.486014096600411 53.32856984255049, -1.487286603557858 53.33076851940396, -1.4868062484816764 53.33093435663323, -1.4869919007637726 53.33135768038413, -1.4862918661123674 53.33124383878203, -1.4857414007515837 53.331591917445564, -1.487429856185443 53.332720792736424, -1.4876933789925655 53.33292621141141, -1.486988479199636 53.33321326983269, -1.4846846800444047 53.331695101144334, -1.4843262504714543 53.33230242089445, -1.4825636029707179 53.331845320201204, -1.4819923886639794 53.33235813303218, -1.4823500558643736 53.33303833603552, -1.4816491552652828 53.333997272338614, -1.4804210556037132 53.33322982169125, -1.4804902639610136 53.332651327364445, -1.4812001828960044 53.33255006388949, -1.4812362501162188 53.33205116440044))",62.51069687016012,76.44269969166206,136.75360664263764,2.19978991918452,134.5538167234531,2847.3147577954755,2492.0980879205426,41.92557687852407,37.30852047983755,0.011306415770921903,12,237.27622981628963,251.79583897730498,207.6748406600453,211.8332387193425,3.493798073210339,3.6874658625008996,3.109043373319796,2.9768982195795957,3.493798073210339,3.1090433733197957,74,E01007823,0.4199,E01007823,"1,666",1666.0,-355.2166698749329,-4.617056398686522,-29.601389156244323,-0.3847546998905429,-39.96260025796249,-0.7105676429213039,Reduced,Reduced,Reduced,0.000942201314243492
1,E01007824,Sheffield 066A,Sheffield 066A,433926,381709,-1.49204,53.3312,f4c6631d-a617-46ff-8d6d-0ca0aaab9eae,"POLYGON ((-1.4857414007515837 53.331591917445564, -1.4862918661123674 53.33124383878203, -1.4869919007637726 53.33135768038413, -1.4868062484816764 53.33093435663323, -1.487286603557858 53.33076851940396, -1.486014096600411 53.32856984255049, -1.4870092518969815 53.32815616317034, -1.4875209066097703 53.32869827552365, -1.4882365878507287 53.32862616805565, -1.4890264177513668 53.33010419425186, -1.4896189158621689 53.32998769948567, -1.4898890962063216 53.330296638510845, -1.4902722498671912 53.33011214470217, -1.4939976073603347 53.3284342036191, -1.4935744011442098 53.32718473237712, -1.4935986159628114 53.32688611497595, -1.4953794553536077 53.32730397143245, -1.494985225458955 53.3286535405964, -1.4955673693062477 53.32919697253656, -1.494064584129502 53.330520770565805, -1.4948828613685679 53.33092570052675, -1.4959732308437894 53.33059212467295, -1.4975789321433508 53.330780987155826, -1.4974442803915682 53.331144635993475, -1.4953324586655143 53.331788761105486, -1.4964935813033373 53.33334639974033, -1.4945033097077178 53.33367085218523, -1.4937018668386652 53.335150933594456, -1.4930982506894015 53.33554284387203, -1.4928233137419722 53.33533017983465, -1.4876933789925655 53.33292621141141, -1.487429856185443 53.332720792736424, -1.4857414007515837 53.331591917445564))",11.548897075718731,18.51489848646971,28.780584775997472,1.28321078619097,27.4973739898065,1283.910137737535,1142.308387495057,21.269138854725348,18.923377107500144,0.0031422797171658376,6,213.98502295625585,130.2961929501533,190.38473124917618,158.6955043525555,3.544856475787558,2.158474910855033,3.1538961845833575,2.6289353269248688,3.544856475787558,3.1538961845833575,33,E01007824,0.3455,E01007824,"1,373",1373.0,-141.60175024247792,-2.345761747225204,-23.600291707079663,-0.3909602912042005,28.39931140240219,0.4704604160698356,Reduced,Reduced,Increased,0.0005237132861943063
2,E01007825,Sheffield 066B,Sheffield 066B,433246,382124,-1.5022,53.335,a612dc57-6881-449f-b42a-3c56d69954d1,"POLYGON ((-1.4960243987241355 53.34317142477067, -1.4949222576388366 53.34282381123036, -1.4937738377507181 53.343456231724744, -1.4924619668454495 53.3431000027311, -1.4929397507435844 53.34233606582469, -1.4909009557818977 53.34135585954975, -1.4913557874204986 53.3409982481229, -1.4907721315687474 53.3402764536888, -1.4908490839661255 53.33940507990625, -1.4922062382626755 53.33894344459285, -1.4918796129169865 53.33802604733449, -1.4939997997383918 53.33735911543835, -1.4936061568049666 53.33676118659728, -1.4954083857304716 53.335949896588495, -1.4974372135016443 53.33624172534348, -1.5004377766968033 53.3359655901926, -1.501142312769654 53.33507100912682, -1.50003519613112 53.33404814108798, -1.4971881516664403 53.333267277580845, -1.4964935813033373 53.33334639974033, -1.4953324586655143 53.331788761105486, -1.4974442803915682 53.331144635993475, -1.4975789321433508 53.330780987155826, -1.4959732308437894 53.33059212467295, -1.4948828613685679 53.33092570052675, -1.494064584129502 53.330520770565805, -1.4955673693062477 53.32919697253656, -1.4958971829008716 53.32905347575506, -1.4971843910089235 53.3294004770675, -1.498469249052068 53.32866880306686, -1.5000633629081483 53.329736163158515, -1.5014580318828912 53.32988581545381, -1.5050163117411646 53.328671183721674, -1.5066488889381153 53.32981176550821, -1.513626603873003 53.330778983842244, -1.5125981667703776 53.331182933084555, -1.5117849592576946 53.333487194006764, -1.5082206216017828 53.33710205184345, -1.5066220978826033 53.33739124969982, -1.5051380210015206 53.338116459284315, -1.5047358947619263 53.33854193714696, -1.5013162599581364 53.34093662427933, -1.500495934235239 53.34145272131457, -1.49801082017128 53.34364929251072, -1.4960243987241355 53.34317142477067))",70.20996158730595,63.79390765635112,131.25413184467644,2.749737398980651,128.5043944456958,2587.9097043622323,2463.5809123339377,36.19401062542842,33.93267020641522,0.01704763433668772,6,431.31828406037204,380.62727622920454,410.59681872232295,384.7137538637785,6.0323351042380695,4.729077693249254,5.655445034402536,4.779849856550521,6.0323351042380695,5.655445034402536,44,E01007825,1.2626,E01007825,"1,468",1468.0,-124.32879202829463,-2.2613404190132016,-20.721465338049086,-0.3768900698355333,4.086477634573953,0.05077216330126699,Reduced,Reduced,Increased,0.002841272389447953
3,E01007826,Sheffield 066C,Sheffield 066C,433274,381093,-1.50189,53.3257,ad133a15-96fb-40ac-b042-c4cb24f51f9a,"POLYGON ((-1.5066488889381153 53.32981176550821, -1.5050163117411646 53.328671183721674, -1.5014580318828912 53.32988581545381, -1.5000633629081483 53.329736163158515, -1.498469249052068 53.32866880306686, -1.4971843910089235 53.3294004770675, -1.4958971829008716 53.32905347575506, -1.4955673693062477 53.32919697253656, -1.494985225458955 53.3286535405964, -1.4953794553536077 53.32730397143245, -1.4935986159628114 53.32688611497595, -1.4935744011442098 53.32718473237712, -1.4939976073603347 53.3284342036191, -1.4902722498671912 53.33011214470217, -1.4898890962063216 53.330296638510845, -1.4896189158621689 53.32998769948567, -1.4890264177513668 53.33010419425186, -1.4882365878507287 53.32862616805565, -1.4875209066097703 53.32869827552365, -1.4870092518969815 53.32815616317034, -1.4870336964081707 53.32776536462653, -1.487773587335127 53.32784136854977, -1.4876330241182565 53.32729319650292, -1.4881722241603048 53.32715094307789, -1.4895801721195243 53.32650669658326, -1.4935007276363637 53.324746701547724, -1.4939232089569197 53.32456871788141, -1.4935040633873573 53.32422133099373, -1.4957665550274726 53.32327391025891, -1.4968443707832844 53.32396531694571, -1.497262286584361 53.3238277876551, -1.4983305067830466 53.32443040143971, -1.4990573099637519 53.32396930218835, -1.4998859204459756 53.324765459976966, -1.5018740619207727 53.3240205359786, -1.5024760774746058 53.32421084430742, -1.5053788693999983 53.32226544945633, -1.5060204342312147 53.32162528302993, -1.506500678063265 53.32176206491799, -1.5073819007544322 53.32072556897823, -1.5082324029760752 53.32162936846148, -1.5103947195709286 53.322685155836105, -1.5106236625888474 53.324982724251065, -1.5121839692491197 53.32549135731258, -1.5126251454980044 53.32617824670946, -1.5146521339170322 53.32654074262663, -1.5148413694147427 53.32714407780381, -1.5142526497778295 53.32854361110727, -1.51468270250575 53.3294305368784, -1.513626603873003 53.330778983842244, -1.5066488889381153 53.32981176550821))",43.62916673049298,33.363480440965276,72.95969898628664,4.032948185171615,68.92675080111502,542.1159229697081,696.5812376450538,8.980643194638777,11.539501583169086,0.0013981548245416671,4,135.52898074242702,122.3159050708317,174.14530941126344,194.95133784135749,2.245160798659694,2.026274185884458,2.8848753957922715,3.229546175068804,2.245160798659694,2.8848753957922715,144,E01007826,1.049,E01007826,"1,511",1511.0,154.46531467534567,2.558858388530309,38.61632866883642,0.6397145971325773,72.63543277052578,1.203271989184346,Increased,Increased,Increased,0.0003495387061354168
4,E01007827,Sheffield 064A,Sheffield 064A,436198,383406,-1.45773,53.3463,b465c1c1-9916-4c42-892a-4c5764aac112,"POLYGON ((-1.4518704938128297 53.34897266018248, -1.449667782416066 53.34746411369349, -1.4511787934533344 53.34504055195408, -1.4511106202523838 53.344235097477494, -1.4518165772223266 53.34297308292506, -1.453350275472083 53.34141361630823, -1.4535439820217722 53.34120774352067, -1.455451623065915 53.340364333652126, -1.4590595300821971 53.33984593024125, -1.4613194688824829 53.34024263782226, -1.463456608217522 53.33978007782818, -1.463401528221623 53.33975160917786, -1.464119801939482 53.339099338791456, -1.468456173070623 53.33821085846993, -1.4696401745711143 53.33961837034431, -1.4773185229488466 53.33753634078655, -1.4784996770844134 53.33814048068692, -1.4795537676106763 53.339393510500344, -1.4795927606194441 53.340012726979424, -1.478944449633924 53.33994318491374, -1.4757847155511212 53.33986521890261, -1.4757153616697802 53.340097768086444, -1.4749357848552018 53.3401082479008, -1.473988209789612 53.34065698433697, -1.4734214134630126 53.34055391971514, -1.4735343084078212 53.34135450663516, -1.473031033415915 53.34147587282867, -1.471422201129007 53.341719412686615, -1.4715318820691237 53.34345425116157, -1.4711252530361096 53.34361024824535, -1.4712118621982806 53.343816465269086, -1.4687309028996482 53.34392081364654, -1.468606647082626 53.344354827316764, -1.4677577418287395 53.34400187274105, -1.4681979872063196 53.3436979156787, -1.4674855050096147 53.34367342333896, -1.4645659066326309 53.34471737186573, -1.4639922602806994 53.34534399544839, -1.4648832609317306 53.34578065382451, -1.4646652116548808 53.34612670511146, -1.4653937136122077 53.346520772996065, -1.465968856480989 53.34640776039404, -1.466089500249761 53.346017244347784, -1.4664932162041486 53.3463171383169, -1.4673973498775217 53.34610953908186, -1.4675431281304394 53.34558122828022, -1.468271113703284 53.34582131699623, -1.4677672015761432 53.34615012752419, -1.4687471442321645 53.34622113415863, -1.4685919108485026 53.34657455513764, -1.4674556735621798 53.34652463000404, -1.4670410390563084 53.34676257284015, -1.4672916795582829 53.34726437358829, -1.4683270699901652 53.34738780166157, -1.4683618951849273 53.347798095270754, -1.4669501657977795 53.347700161032506, -1.4651165647218833 53.34804104830304, -1.4643776676814964 53.34776924214389, -1.4634213568349999 53.34771009914281, -1.460547800285202 53.35044335764154, -1.458114781990642 53.35146772773705, -1.456918617632906 53.35233329385338, -1.4563133587806008 53.353836217055914, -1.456472371680106 53.35472336573594, -1.4555537582947704 53.35517341349617, -1.4542499731008791 53.354211738384, -1.4530118475115712 53.353657373386675, -1.4511999655998167 53.352167894227655, -1.4511783281021804 53.3514017736787, -1.451700126285158 53.35016611445713, -1.451299631731712 53.34952368242996, -1.4518704938128297 53.34897266018248))",43.62916673049299,29.147216429194916,69.66001410750984,3.116369052178072,66.54364505533177,4629.169026066974,4179.296528179193,76.68639408900746,69.23384710518312,0.12155311657864755,10,462.91690260669736,279.9278331099615,417.9296528179193,348.3864583701195,7.668639408900747,4.637259085912199,6.923384710518309,5.7713384608345955,7.668639408900747,6.923384710518311,55,E01007827,1.5468,E01007827,"1,968",1968.0,-449.8724978877808,-7.452546983824348,-44.98724978877806,-0.7452546983824382,68.45862526015799,1.134079374922396,Reduced,Reduced,Increased,0.012155311657864754
5,E01007828,Sheffield 059A,Sheffield 059A,434387,383133,-1.48496,53.344,db1f5d5f-be62-4abb-8d54-72a307e63c80,"POLYGON ((-1.4820625094668347 53.34698746239804, -1.4806506980922423 53.345763046111244, -1.4800636995176268 53.34504849656406, -1.4807747333705104 53.345140902811174, -1.4812247827525218 53.34482629337132, -1.4794500967744935 53.343732944618075, -1.4790365614212062 53.34249522393952, -1.4797783711066463 53.34232341138921, -1.479745487800533 53.34202384384615, -1.4796306094285816 53.34221961260044, -1.4789407377365447 53.34198103577988, -1.4796886714352808 53.340864469787384, -1.4813159788958414 53.34199990811261, -1.4832448304534767 53.34286120508322, -1.483493474762272 53.34267663632694, -1.4847993754440427 53.34326934238761, -1.4848053421472867 53.34285013297057, -1.4834076418312123 53.34190286406173, -1.4846232349146513 53.34195090371337, -1.484669398404709 53.34158250133317, -1.4852574941205348 53.34143171704076, -1.4866353869918374 53.34195042150163, -1.4877752871537833 53.34246112291722, -1.4890173938444309 53.3421409985162, -1.4924619668454495 53.3431000027311, -1.4901482990673902 53.343998530144134, -1.4893097400387147 53.344217647144326, -1.488765511661205 53.3440522983546, -1.4885956519192542 53.34445637453925, -1.4880860572726382 53.3443910089677, -1.4880389728097037 53.34467794351691, -1.4892934506427258 53.34521935487513, -1.4886744664173228 53.34577382351306, -1.486215453985548 53.345023494401914, -1.4854954450461253 53.344982120003294, -1.4849996672652144 53.34574863710275, -1.483802981909547 53.34578149206976, -1.4831973926804385 53.34629426905657, -1.4832998783636928 53.346776787833605, -1.4823208568627182 53.34668501493154, -1.4821011328662483 53.34706280277746, -1.4820625094668347 53.34698746239804))",6.78268558415227,7.332633063948399,13.748686994903249,0.36663165319742,13.38205534170583,5588.217650463103,4931.569264213749,88.56807093991621,78.683176809299,0.07985259628305269,10,558.8217650463105,508.678499723818,493.1569264213749,467.46476294737204,8.85680709399162,8.42672187486924,7.8683176809299,7.743978850684538,8.856807093991621,7.8683176809299,31,E01007828,0.2817,E01007828,"1,778",1778.0,-656.6483862493542,-9.884894130617212,-65.66483862493556,-0.9884894130617194,-41.213736776445955,-0.6827430241847026,Reduced,Reduced,Reduced,0.007985259628305269
6,E01007829,Sheffield 059B,Sheffield 059B,434176,383466,-1.48809,53.347,80865331-ec4f-4dd5-9c91-38bbcecb9f4c,"POLYGON ((-1.4834517123378452 53.349094436389905, -1.4821011328662483 53.34706280277746, -1.4823208568627182 53.34668501493154, -1.4832998783636928 53.346776787833605, -1.4831973926804385 53.34629426905657, -1.483802981909547 53.34578149206976, -1.4849996672652144 53.34574863710275, -1.4854954450461253 53.344982120003294, -1.486215453985548 53.345023494401914, -1.4886744664173228 53.34577382351306, -1.4892934506427258 53.34521935487513, -1.4880389728097037 53.34467794351691, -1.4880860572726382 53.3443910089677, -1.4885956519192542 53.34445637453925, -1.488765511661205 53.3440522983546, -1.4893097400387147 53.344217647144326, -1.4901482990673902 53.343998530144134, -1.4924619668454495 53.3431000027311, -1.4937738377507181 53.343456231724744, -1.4949222576388366 53.34282381123036, -1.4960243987241355 53.34317142477067, -1.49801082017128 53.34364929251072, -1.497866340094423 53.343976917861966, -1.496847123763338 53.3440335889829, -1.4957461011419442 53.34481658270937, -1.49551067644073 53.34583327535255, -1.4940228120702979 53.346893556564105, -1.4941517302879297 53.34738314401158, -1.4929963408161928 53.34805068221596, -1.4921748558366374 53.347910427749206, -1.4917724090241746 53.34867275810897, -1.4900101313842744 53.349540801279815, -1.488346708362141 53.349086783323564, -1.4875907808741866 53.34944370794972, -1.4873372143489312 53.34963304954577, -1.4866982492271188 53.34965525727896, -1.48591703344573 53.350481152368104, -1.485017001883128 53.35116116411293, -1.4848548753762374 53.35098149009718, -1.4835791716304778 53.34927993997953, -1.4834517123378452 53.349094436389905))",228.59483576859142,247.84299756145614,436.8416147847262,39.596218545321385,397.2453962394048,4065.8852431651308,3241.549383623897,67.35508604725761,53.699212988721136,0.010438954910458497,14,290.42037451179505,149.8040874248335,231.53924168742122,175.818169818633,4.8110775748041155,2.481640920803717,3.835658070622938,2.912587849524903,4.8110775748041155,3.835658070622938,55,E01007829,0.4405,E01007829,"1,646",1646.0,-824.3358595412337,-13.655873058536478,-58.88113282437382,-0.9754195041811773,26.014082393799498,0.43094692872118623,Reduced,Reduced,Increased,0.0007456396364613212
7,E01007830,Sheffield 064B,Sheffield 064B,435327,383375,-1.47082,53.3461,ed2e8ebd-3ee4-4dad-aeed-0de2d67df614,"POLYGON ((-1.4735220102036732 53.3494181145588, -1.471970341405026 53.34806465031278, -1.4705228580777312 53.34841618133867, -1.469487239123896 53.34850477993011, -1.4689829438240547 53.34851431355988, -1.4683618951849273 53.347798095270754, -1.4683270699901652 53.34738780166157, -1.4672916795582829 53.34726437358829, -1.4670410390563084 53.34676257284015, -1.4674556735621798 53.34652463000404, -1.4685919108485026 53.34657455513764, -1.4687471442321645 53.34622113415863, -1.4677672015761432 53.34615012752419, -1.468271113703284 53.34582131699623, -1.4675431281304394 53.34558122828022, -1.4673973498775217 53.34610953908186, -1.4664932162041486 53.3463171383169, -1.466089500249761 53.346017244347784, -1.465968856480989 53.34640776039404, -1.4653937136122077 53.346520772996065, -1.4646652116548808 53.34612670511146, -1.4648832609317306 53.34578065382451, -1.4639922602806994 53.34534399544839, -1.4645659066326309 53.34471737186573, -1.4674855050096147 53.34367342333896, -1.4681979872063196 53.3436979156787, -1.4677577418287395 53.34400187274105, -1.468606647082626 53.344354827316764, -1.4687309028996482 53.34392081364654, -1.4712118621982806 53.343816465269086, -1.4717413174553033 53.343813244868024, -1.4728367998384857 53.3456223263325, -1.4736522246813415 53.34495922820761, -1.4752014619151756 53.34453805726169, -1.4760558205128886 53.34530660075639, -1.4751345221489067 53.345245463353855, -1.4742854180876594 53.345861926269606, -1.47763619802362 53.34795838048412, -1.4773552194833848 53.348046804676805, -1.4765395238654317 53.34834908251027, -1.4754898984857014 53.34816996901854, -1.4741424271044974 53.34844079683665, -1.4746380955378624 53.34855369305381, -1.4735220102036732 53.3494181145588))",36.1132178399459,23.464425804634907,59.02769616478467,0.54994747979613,58.47774868498854,7273.7468958419595,6536.950330135574,120.49623114154161,108.2905260823783,0.25264104236941043,12,606.1455746534966,502.32010042097147,544.7458608446312,348.3864583701195,10.041352595128469,8.321389208905321,9.024210506864858,5.7713384608345955,10.041352595128467,9.02421050686486,122,E01007830,0.2868,E01007830,"1,455",1455.0,-736.7965657063851,-12.205705059163307,-61.399713808865386,-1.0171420882636113,-153.93364205085197,-2.550050748070726,Reduced,Reduced,Reduced,0.021053420197450868
8,E01007831,Sheffield 059C,Sheffield 059C,434102,382900,-1.48927,53.3419,d9c848d2-b7b1-45d4-8903-7846d9e5ed0f,"POLYGON ((-1.4800636995176268 53.34504849656406, -1.4781184593990104 53.343293442494065, -1.4781119157932066 53.343905916235435, -1.477764243576311 53.34305606489866, -1.4771884059180203 53.34276656104865, -1.4780290460445766 53.342523093296066, -1.4776512854718031 53.342384156067, -1.478117034691524 53.34191484059847, -1.4778419119057964 53.34180256372981, -1.4777820179650076 53.34110979931588, -1.478760625809925 53.340568682950405, -1.478944449633924 53.33994318491374, -1.4795927606194441 53.340012726979424, -1.4795537676106763 53.339393510500344, -1.4798132742447774 53.33900699237045, -1.481170366967331 53.33859517190488, -1.4818489831131902 53.33880231645248, -1.4820244874169466 53.33888172958171, -1.4840521054999525 53.33884463924275, -1.4847688261260807 53.33950559415033, -1.48565175897987 53.339465428041, -1.48643215271181 53.33914680127334, -1.486583540355093 53.338631255258655, -1.487192278764777 53.339203632424535, -1.489571144695831 53.339681267981454, -1.4907721315687474 53.3402764536888, -1.4913557874204986 53.3409982481229, -1.4909009557818977 53.34135585954975, -1.4929397507435844 53.34233606582469, -1.4924619668454495 53.3431000027311, -1.4890173938444309 53.3421409985162, -1.4877752871537833 53.34246112291722, -1.4866353869918374 53.34195042150163, -1.4852574941205348 53.34143171704076, -1.484669398404709 53.34158250133317, -1.4846232349146513 53.34195090371337, -1.4834076418312123 53.34190286406173, -1.4848053421472867 53.34285013297057, -1.4847993754440427 53.34326934238761, -1.483493474762272 53.34267663632694, -1.4832448304534767 53.34286120508322, -1.4813159788958414 53.34199990811261, -1.4796886714352808 53.340864469787384, -1.4789407377365447 53.34198103577988, -1.4796306094285816 53.34221961260044, -1.479745487800533 53.34202384384615, -1.4797783711066463 53.34232341138921, -1.4790365614212062 53.34249522393952, -1.4794500967744935 53.343732944618075, -1.4812247827525218 53.34482629337132, -1.4807747333705104 53.345140902811174, -1.4800636995176268 53.34504849656406))",65.44375009573946,67.09359253512788,123.37155130093183,9.1657913299355,114.20575997099633,4937.031250159554,4188.640758268141,77.78057611354826,66.37589058447364,0.07030267040764582,8,617.1289062699443,592.193103868002,523.5800947835177,640.5788030824365,9.722572014193533,9.810217229980434,8.296986323059205,9.718600254703556,9.722572014193533,8.296986323059205,85,E01007831,0.3062,E01007831,"1,623",1623.0,-748.3904918914122,-11.404685529074627,-93.54881148642664,-1.4255856911343283,48.38569921443445,-0.09161697527687807,Reduced,Reduced,Reduced,0.008787833800955727
9,E01007832,Sheffield 059D,Sheffield 059D,435050,382956,-1.47502,53.3424,c807d311-b5f5-465a-a644-57d5d894cc03,"POLYGON ((-1.4728367998384857 53.3456223263325, -1.4717413174553033 53.343813244868024, -1.4712118621982806 53.343816465269086, -1.4711252530361096 53.34361024824535, -1.4715318820691237 53.34345425116157, -1.471422201129007 53.341719412686615, -1.473031033415915 53.34147587282867, -1.4735343084078212 53.34135450663516, -1.4734214134630126 53.34055391971514, -1.473988209789612 53.34065698433697, -1.4749357848552018 53.3401082479008, -1.4757153616697802 53.340097768086444, -1.4757847155511212 53.33986521890261, -1.478944449633924 53.33994318491374, -1.478760625809925 53.340568682950405, -1.4777820179650076 53.34110979931588, -1.4778419119057964 53.34180256372981, -1.478117034691524 53.34191484059847, -1.4776512854718031 53.342384156067, -1.4780290460445766 53.342523093296066, -1.4771884059180203 53.34276656104865, -1.477764243576311 53.34305606489866, -1.4781119157932066 53.343905916235435, -1.4756643275473351 53.344880081192734, -1.4760193496181628 53.34522477614719, -1.4760558205128886 53.34530660075639, -1.4752014619151756 53.34453805726169, -1.4736522246813415 53.34495922820761, -1.4728367998384857 53.3456223263325))",19.981425099259397,15.581845260890358,35.37995453355105,0.18331582659871,35.19663870695234,3646.467393543323,2976.978107147352,56.40121235555929,46.30359703814679,0.08288105521371104,6,607.7445655905539,623.862790463975,496.16301785789204,515.5023345916755,9.40020205925988,10.334854384791287,7.717266173024465,7.859421215200819,9.40020205925988,7.717266173024465,39,E01007832,0.2037,E01007832,"1,566",1566.0,-669.4892863959708,-10.097615317412497,-111.58154773266182,-1.6829358862354153,-108.36045587229944,-2.4754331695904677,Reduced,Reduced,Reduced,0.013813509202285175
10,E01007833,Sheffield 064C,Sheffield 064C,435261,382014,-1.47196,53.3339,4ac543f4-92f1-4a74-83e2-83ee3cee2c54,"POLYGON ((-1.4620945221544137 53.33834500001483, -1.4610945708396554 53.33626324987393, -1.463117376450111 53.33531869118502, -1.463147399545896 53.33483260575636, -1.462123967484649 53.33490609369336, -1.4623157623441358 53.33411423807927, -1.4626042079643813 53.33332143289388, -1.4627796407571896 53.33280286024104, -1.4672395344431628 53.3321955736627, -1.46702378275569 53.33093490622871, -1.4691428129482669 53.329094808727774, -1.4685982003215254 53.32870586840273, -1.4694494661784434 53.328276108028064, -1.4702429849054746 53.32793115511322, -1.4706773967155369 53.32848377038394, -1.4711749693952743 53.32905972899505, -1.47190801459766 53.32883596245407, -1.47346155078624 53.32838655440753, -1.474502797949534 53.328168517424935, -1.4752978274492707 53.32953338193569, -1.4759217508593387 53.330654401952046, -1.4766523277293633 53.330597629287425, -1.4789431397614536 53.33062467435731, -1.4806680968905013 53.330380612911384, -1.4813077567580861 53.33056618036502, -1.48146976236859 53.331073841584974, -1.4805097001238137 53.33142298029689, -1.4812362501162188 53.33205116440044, -1.4812001828960044 53.33255006388949, -1.4804902639610136 53.332651327364445, -1.4804210556037132 53.33322982169125, -1.4816491552652828 53.333997272338614, -1.4822396543775123 53.33406200092911, -1.4833697798238143 53.33576941272309, -1.481862049891094 53.33512026351481, -1.4806869561112639 53.3352444612899, -1.480936344220558 53.335730938837365, -1.4803325168096886 53.33598898613803, -1.4805794127330756 53.337561214572304, -1.4798589269724252 53.33813912015003, -1.4806822877115409 53.33807065042977, -1.481170366967331 53.33859517190488, -1.4798132742447774 53.33900699237045, -1.4795537676106763 53.339393510500344, -1.4784996770844134 53.33814048068692, -1.4773185229488466 53.33753634078655, -1.4696401745711143 53.33961837034431, -1.468456173070623 53.33821085846993, -1.464119801939482 53.339099338791456, -1.463401528221623 53.33975160917786, -1.4620945221544137 53.33834500001483))",62.1440652169627,63.427276003153665,120.6218139019512,4.949527318165173,115.67228658378603,1281.278597058982,1631.229665079804,21.079698716106588,26.27709307279555,0.004096013888742955,7,183.0397995798546,29.8958103177107,233.03280929711485,174.738638037606,3.01138553087237,0.3714384609944802,3.753870438970793,2.753941460939109,3.01138553087237,3.753870438970793,67,E01007833,1.1686,E01007833,"1,707",1707.0,349.9510680208218,5.197394356688964,49.993009717260264,0.7424849080984233,144.8428277198953,2.3825029999446286,Increased,Increased,Increased,0.0005851448412489935
11,E01007834,Sheffield 066D,Sheffield 066D,434202,382242,-1.48784,53.336,c7ec5b1a-c814-4a17-963a-1f835a58ba2a,"POLYGON ((-1.487192278764777 53.339203632424535, -1.486583540355093 53.338631255258655, -1.48643215271181 53.33914680127334, -1.48565175897987 53.339465428041, -1.4847688261260807 53.33950559415033, -1.4840521054999525 53.33884463924275, -1.4820244874169466 53.33888172958171, -1.4818489831131902 53.33880231645248, -1.481170366967331 53.33859517190488, -1.4806822877115409 53.33807065042977, -1.4798589269724252 53.33813912015003, -1.4805794127330756 53.337561214572304, -1.4803325168096886 53.33598898613803, -1.480936344220558 53.335730938837365, -1.4806869561112639 53.3352444612899, -1.481862049891094 53.33512026351481, -1.4833697798238143 53.33576941272309, -1.4822396543775123 53.33406200092911, -1.4816491552652828 53.333997272338614, -1.4823500558643736 53.33303833603552, -1.4819923886639794 53.33235813303218, -1.4825636029707179 53.331845320201204, -1.4843262504714543 53.33230242089445, -1.4846846800444047 53.331695101144334, -1.486988479199636 53.33321326983269, -1.4876933789925655 53.33292621141141, -1.4928233137419722 53.33533017983465, -1.4930982506894015 53.33554284387203, -1.4937018668386652 53.335150933594456, -1.4945033097077178 53.33367085218523, -1.4964935813033373 53.33334639974033, -1.4971881516664403 53.333267277580845, -1.50003519613112 53.33404814108798, -1.501142312769654 53.33507100912682, -1.5004377766968033 53.3359655901926, -1.4974372135016443 53.33624172534348, -1.4954083857304716 53.335949896588495, -1.4936061568049666 53.33676118659728, -1.4939997997383918 53.33735911543835, -1.4918796129169865 53.33802604733449, -1.4922062382626755 53.33894344459285, -1.4908490839661255 53.33940507990625, -1.4907721315687474 53.3402764536888, -1.489571144695831 53.339681267981454, -1.487192278764777 53.339203632424535))",62.87732852335755,87.44164928758482,139.6866598682172,10.632317942725198,129.054341925492,4638.662946097165,4178.044466785775,73.22716253425169,65.52088447006692,0.01123003432197049,10,463.86629460971665,441.9825714159955,417.80444667857756,428.15823996947347,7.322716253425169,6.887154668085927,6.552088447006693,7.0928305572482255,7.322716253425169,6.552088447006692,63,E01007834,0.6507,E01007834,"1,657",1657.0,-460.61847931139073,-7.706278064184772,-46.061847931139084,-0.7706278064184753,-13.824331446522024,0.20567588916229873,Reduced,Reduced,Increased,0.001123003432197049
12,E01007835,Sheffield 062A,Sheffield 062A,438023,382679,-1.4304,53.3397,26be82bd-8303-430e-8614-664db5a9e175,"POLYGON ((-1.4282204096317705 53.343053316523495, -1.428070161358706 53.34258420997682, -1.4272745081202733 53.34268601397203, -1.4267888047039805 53.342374028851026, -1.427451843767707 53.341685614101294, -1.4272785047376937 53.34125271033527, -1.4268583672434954 53.340902172428585, -1.426472174097485 53.341221176679475, -1.4260443000944931 53.34109508439801, -1.4262152907085877 53.34050933925427, -1.4255465353606231 53.34038792275912, -1.424944460524958 53.340613966653656, -1.4252514873644195 53.341052056893105, -1.4246089136569124 53.341280809296876, -1.4240003876964888 53.341415137225304, -1.424036916681252 53.34107353862586, -1.4232531590341568 53.34124739574953, -1.421724203951501 53.340177171392845, -1.4220627933176286 53.339472913122755, -1.420919877682291 53.3390566147242, -1.4201654219585471 53.33926599600847, -1.4204327656185942 53.338683239102764, -1.4217072756714975 53.338456331345526, -1.4215270700259883 53.337824616644156, -1.4208020862111075 53.33789563659843, -1.4185833616555352 53.336876593501856, -1.4173233284648012 53.336803713118634, -1.4187245267602522 53.336468978830894, -1.4208972677129958 53.33702520212567, -1.4212650145980354 53.337671813705654, -1.4223575207728807 53.33745021887824, -1.4226984344092548 53.336973017466775, -1.4236996882427737 53.33722524420268, -1.4250457988790903 53.33834139052809, -1.4247851709457753 53.33886649823804, -1.4263095399346115 53.33826309217913, -1.4286830849063834 53.33630104149944, -1.4304133074363112 53.33680354799487, -1.4335854594354467 53.337657167153516, -1.4339683523240405 53.337354110765716, -1.4367282985849597 53.33742998670471, -1.4409941366370147 53.336296390399575, -1.4422179694525878 53.33727570662589, -1.4421200828943417 53.337352849341244, -1.4390572097011671 53.339530814608345, -1.4374163661875994 53.34063659605646, -1.4348812045566481 53.34116990906984, -1.4345071563845981 53.34164759903576, -1.4348250037318466 53.34181553654252, -1.43276642962269 53.34225947683228, -1.4303898678518714 53.34261160517258, -1.4297254281222094 53.34292548529519, -1.428850147398703 53.34293542273487, -1.4282204096317705 53.343053316523495))",2.19978991918452,1.6498424393883901,3.6663165319742004,0.18331582659871,3.4830007053754906,3715.6976197869735,3080.044694555409,51.07547575211007,42.81859316714893,0.15528530942488292,6,619.2829366311622,592.7888936072155,513.3407824259015,549.415956652059,8.512579292018346,9.820087028745245,7.136432194524822,8.283592272605603,8.512579292018346,7.136432194524822,23,E01007835,0.6029,E01007835,"1,371",1371.0,-635.6529252315645,-8.25688258496114,-105.94215420526075,-1.376147097493524,-43.37293695515655,-1.5364947561396427,Reduced,Reduced,Reduced,0.025880884904147153
13,E01007836,Sheffield 062B,Sheffield 062B,438888,382683,-1.41741,53.3396,38e3348a-dc52-4052-ba7f-66512df5ac3f,"POLYGON ((-1.4132987304505276 53.34279073147173, -1.4123559856476855 53.342010846958324, -1.413225392158641 53.34213789178231, -1.413520145255414 53.34192373968419, -1.4118994443339399 53.341354970804595, -1.4123155343166798 53.341111670910955, -1.4120272762425925 53.34096483113005, -1.4128709212415869 53.33961589257788, -1.4125421569050354 53.338742641912006, -1.4139010363311153 53.33783977255945, -1.414563595853822 53.33821399956104, -1.416116478879408 53.33699472512671, -1.4208689298136477 53.33454960710455, -1.421187564368188 53.33500310859479, -1.4229481876551453 53.33528889085264, -1.423601523774056 53.33590974730913, -1.4286830849063834 53.33630104149944, -1.4263095399346115 53.33826309217913, -1.4247851709457753 53.33886649823804, -1.4250457988790903 53.33834139052809, -1.4236996882427737 53.33722524420268, -1.4226984344092548 53.336973017466775, -1.4223575207728807 53.33745021887824, -1.4212650145980354 53.337671813705654, -1.4208972677129958 53.33702520212567, -1.4187245267602522 53.336468978830894, -1.4173233284648012 53.336803713118634, -1.4185833616555352 53.336876593501856, -1.4208020862111075 53.33789563659843, -1.4215270700259883 53.337824616644156, -1.4217072756714975 53.338456331345526, -1.4204327656185942 53.338683239102764, -1.4201654219585471 53.33926599600847, -1.420919877682291 53.3390566147242, -1.4220627933176286 53.339472913122755, -1.421724203951501 53.340177171392845, -1.4232531590341568 53.34124739574953, -1.424036916681252 53.34107353862586, -1.4240003876964888 53.341415137225304, -1.4237306643412422 53.341739684147996, -1.422330200077342 53.34149986428871, -1.4223571243656066 53.341847177036875, -1.423154329499339 53.34188391237016, -1.4237357458797986 53.34239968248703, -1.423030483743745 53.343222677256584, -1.4197442810040957 53.34258920905781, -1.4190276610250079 53.34289742335746, -1.41797890876278 53.34270355114638, -1.4178408026727138 53.34291860844624, -1.4183361615258303 53.343289817874016, -1.417983048187013 53.3436965973164, -1.4173610793890785 53.343716934547295, -1.4177525867006535 53.34452387009446, -1.4175159374234931 53.344714778925216, -1.4160603335594775 53.344371335699144, -1.4157895314669755 53.34384800579444, -1.4143635639684766 53.3434768844534, -1.4141532048380254 53.343034197849526, -1.4132987304505276 53.34279073147173))",33.91342792076135,26.397479030214242,57.377853725396236,2.93305322557936,54.44480049981688,1626.639520012842,1501.401966375944,26.94676270623044,24.87208875527687,0.09253879160530999,4,406.6598800032105,452.077340228732,375.350491593986,391.588028618497,6.73669067655761,7.489072202002847,6.2180221888192175,6.487011753962493,6.73669067655761,6.2180221888192175,42,E01007836,0.5603,E01007836,"1,621",1621.0,-125.23755363689793,-2.0746739509535708,-31.309388409224482,-0.5186684877383927,-60.489311610235006,-1.0020604480403534,Reduced,Reduced,Reduced,0.023134697901327498
14,E01007838,Sheffield 076A,Sheffield 076A,440233,384231,-1.39702,53.3535,10e4b22d-9e4e-4f04-a6e3-d5746013a917,"POLYGON ((-1.3958326471513252 53.35459142386608, -1.396190855093072 53.35336798561351, -1.395959724138814 53.35360139652696, -1.39519480367529 53.35351052217684, -1.3943276298903131 53.353138045396435, -1.3931999915156932 53.35194995487559, -1.393703167557193 53.351595611695714, -1.3941521493452702 53.35191318093322, -1.3961442481873805 53.351567838252606, -1.396643425260964 53.35186493639884, -1.3973482054997104 53.351987386587645, -1.3980421148166198 53.35162943041734, -1.3980792461544815 53.351126246346674, -1.3972030260274964 53.350408306064104, -1.3978782153768214 53.35029725882897, -1.3980725539748582 53.349890229241936, -1.3974106601605625 53.34958289021711, -1.396800250990892 53.34982743978175, -1.3959400449646926 53.34956574228823, -1.395080566826587 53.34986165201673, -1.3930597372595706 53.35020195892017, -1.3914305602068247 53.35012958521973, -1.3918540338303627 53.34906683335632, -1.39272249748275 53.349209015697, -1.3947796861294228 53.34863702883229, -1.3945832443601671 53.347820260779386, -1.394914196519093 53.34768788879656, -1.3955271638618505 53.34803020322573, -1.3952646070211534 53.347858707106184, -1.3966394840801453 53.347165293155584, -1.3963800105106656 53.34693825539572, -1.3976169403947571 53.34662053785715, -1.3963678128554273 53.3457243397665, -1.3967808902921972 53.34551331246659, -1.3971368098519799 53.34569324085586, -1.3974955215535074 53.345475914080986, -1.3972301512307725 53.34528824616722, -1.3979061347470112 53.34515664552619, -1.399549657864649 53.3463606189538, -1.4003599554307662 53.345900143976344, -1.4010701183165344 53.34556860504889, -1.401716253408604 53.34565238404589, -1.4006127052892474 53.346291767025555, -1.3998089160507519 53.346703460157364, -1.402422998545914 53.3484509836486, -1.401996739288094 53.34866144300664, -1.3997597794145877 53.34757133135162, -1.3994095259018624 53.34789187161288, -1.4015414482587578 53.34941095594402, -1.4013005247377568 53.349596373050915, -1.4017852164484665 53.3498551532669, -1.4014158183011616 53.350096475215494, -1.402699127946175 53.35084443961508, -1.4001682626393508 53.351817227147976, -1.4004836687695732 53.35210552603152, -1.4009746504521805 53.35304919528304, -1.399489820562226 53.35360003835112, -1.3995691015434168 53.35403716443813, -1.3985452847988349 53.35439110493306, -1.396750005475692 53.35503049815669, -1.3958326471513252 53.35459142386608))",34.6466912271562,40.51279767831491,69.84332993410851,5.3161589713625945,64.52717096274591,3211.106928097619,3177.7044979752363,37.210630339867066,39.63257569638347,0.04727431175683371,8,401.3883660122023,221.47120161452352,397.21306224690454,396.0173113985795,4.651328792483383,2.5515776765206954,4.954071962047934,5.216309546882179,4.651328792483383,4.954071962047934,20,E01007838,0.3505,E01007838,"1,465",1465.0,-33.40243012238261,2.421945356516403,-4.17530376529777,0.3027431695645504,174.546109784056,2.664731870361484,Increased,Increased,Increased,0.005909288969604214
15,E01007839,Sheffield 076B,Sheffield 076B,439662,383846,-1.40565,53.35,eec9c82b-8333-47d5-85c5-6b543bb7ca1e,"POLYGON ((-1.399489820562226 53.35360003835112, -1.4009746504521805 53.35304919528304, -1.4004836687695732 53.35210552603152, -1.4001682626393508 53.351817227147976, -1.402699127946175 53.35084443961508, -1.4014158183011616 53.350096475215494, -1.4017852164484665 53.3498551532669, -1.4013005247377568 53.349596373050915, -1.4015414482587578 53.34941095594402, -1.3994095259018624 53.34789187161288, -1.3997597794145877 53.34757133135162, -1.401996739288094 53.34866144300664, -1.402422998545914 53.3484509836486, -1.3998089160507519 53.346703460157364, -1.4006127052892474 53.346291767025555, -1.4023434365419765 53.347427932411485, -1.4039280569245605 53.34751647426944, -1.4055460933486787 53.348740866053824, -1.4060234638030995 53.34857736298801, -1.4072426157915165 53.34890810247871, -1.4056898908105688 53.35155088737987, -1.4055193818911151 53.35091453258299, -1.4047100915694837 53.35165582230885, -1.405381451340115 53.35212463293664, -1.405825641562613 53.352432552135404, -1.4109708144137454 53.350550700346425, -1.4126855297928456 53.35128480116465, -1.4119529908456612 53.352406049812764, -1.4103832388089963 53.352735387363424, -1.4094653223007965 53.35364271637631, -1.408331943420096 53.35396681357463, -1.4072181303703055 53.3536133432073, -1.4030796677492947 53.35435692410494, -1.4023752835894192 53.35452497829521, -1.3992137668661924 53.3547229917385, -1.3985452847988349 53.35439110493306, -1.3995691015434168 53.35403716443813, -1.399489820562226 53.35360003835112))",41.429376811308465,35.01332288035364,72.04311985329306,4.399579838369047,67.64354001492401,2103.733814777515,3335.922158290981,34.85026350732892,55.26258381157093,0.018869330224280792,12,175.31115123145958,137.055212260444,277.99351319091505,268.6462807314555,2.904188625610743,2.270444211514711,4.60521531763091,4.450369912766385,2.904188625610743,4.60521531763091,101,E01007839,0.3576,E01007839,"1,613",1613.0,1232.188343513466,20.41232030424201,102.68236195945548,1.701026692020167,131.59106847101148,2.1799257012516744,Increased,Increased,Increased,0.0015724441853567327
16,E01007841,Sheffield 076C,Sheffield 076C,439454,383623,-1.4088,53.348,c6bbd990-e6f3-47e7-a11d-ae7b5d7f2ff1,"POLYGON ((-1.4047100915694837 53.35165582230885, -1.4055193818911151 53.35091453258299, -1.4056898908105688 53.35155088737987, -1.4072426157915165 53.34890810247871, -1.4060234638030995 53.34857736298801, -1.4055460933486787 53.348740866053824, -1.4039280569245605 53.34751647426944, -1.403536649659214 53.34665667570457, -1.4039693783612066 53.34633304296713, -1.402784669514969 53.34591815598904, -1.40300971334121 53.34538564462206, -1.4030157918314357 53.345097683511966, -1.4040806128725258 53.34474479116396, -1.4068198403650258 53.342441250176975, -1.4087481939475974 53.34467989784682, -1.4100566816852869 53.34491022695954, -1.4101867820137954 53.34570133370362, -1.4106498437424013 53.34568509447008, -1.4106191379932704 53.34488767443956, -1.4127047075129806 53.34472856699888, -1.413194278545007 53.34530920409575, -1.4137312371020543 53.345199823840886, -1.4139310695079705 53.345443304068965, -1.4130010232985153 53.34571501414036, -1.4124118085143291 53.345829140705376, -1.412443222600159 53.346554536522106, -1.4148213815322508 53.349255880568705, -1.4129201727814213 53.35004423787463, -1.4127460752191774 53.350432676257796, -1.4126855297928456 53.35128480116465, -1.4109708144137454 53.350550700346425, -1.405825641562613 53.352432552135404, -1.405381451340115 53.35212463293664, -1.4047100915694837 53.35165582230885))",29.880479735589738,35.929902013347196,63.4272760031537,2.38310574578323,61.04417025737047,1444.0645828427246,2291.420136715062,23.922242861791087,37.95945808807808,0.010611501769712994,8,180.50807285534057,117.2036577318315,286.4275170893828,268.6462807314555,2.990280357723886,1.94158516029229,4.74493226100976,4.450369912766385,2.990280357723886,4.74493226100976,35,E01007841,0.4517,E01007841,"1,542",1542.0,847.3555538723376,14.037215226286992,105.9194442340422,1.754651903285874,151.44262299962398,2.5087847524740954,Increased,Increased,Increased,0.0013264377212141242
17,E01007842,Sheffield 076D,Sheffield 076D,439913,382957,-1.40199,53.342,71200c84-1af8-427b-9d9f-48601597617f,"POLYGON ((-1.401716253408604 53.34565238404589, -1.4010701183165344 53.34556860504889, -1.4003599554307662 53.345900143976344, -1.399549657864649 53.3463606189538, -1.3979061347470112 53.34515664552619, -1.3972301512307725 53.34528824616722, -1.3974955215535074 53.345475914080986, -1.3971368098519799 53.34569324085586, -1.3967808902921972 53.34551331246659, -1.3963678128554273 53.3457243397665, -1.3948509310285102 53.34464699583736, -1.393907964774347 53.34484895465228, -1.392399955147819 53.34483230096843, -1.3924005046284884 53.34479363401149, -1.3929751659322873 53.34439337417394, -1.3942396205247356 53.3441862228283, -1.3945759978666348 53.34390852164338, -1.3942985640599137 53.34371729828802, -1.3953278335311454 53.343313921362245, -1.3964316870531566 53.34291056209041, -1.3970875174974668 53.343014828842755, -1.39745953223234 53.342611838520526, -1.3968561016402135 53.342348507788245, -1.3972786506397752 53.34180612797492, -1.3966508367262098 53.34151116284569, -1.397018636444549 53.341133775056896, -1.4004752786471812 53.34078648106481, -1.4007544612058294 53.340326200593275, -1.396046871896994 53.34079686217658, -1.3934454467211266 53.34075999734433, -1.3936977767080505 53.33881765054579, -1.393179408149315 53.336484213210674, -1.4043266353309016 53.338930985795905, -1.406384656727213 53.33938269380249, -1.407566677363398 53.340077043249345, -1.4069135091405265 53.34097455918941, -1.4068198403650258 53.342441250176975, -1.4040806128725258 53.34474479116396, -1.4030157918314357 53.345097683511966, -1.40300971334121 53.34538564462206, -1.402784669514969 53.34591815598904, -1.4039693783612066 53.34633304296713, -1.403536649659214 53.34665667570457, -1.4039280569245605 53.34751647426944, -1.4023434365419765 53.347427932411485, -1.4006127052892474 53.346291767025555, -1.401716253408604 53.34565238404589))",34.8300070537549,31.347006348379455,63.4272760031537,2.7497373989806517,60.67753860417305,749.9912389565932,1344.0954388579798,12.424286819095318,22.26616309257426,0.00974488619200802,8,93.74890486957415,70.98727723726586,168.01192985724748,150.3296458689689,1.5530358523869148,1.1759687941547703,2.7832703865717825,2.4903472743062225,1.5530358523869148,2.7832703865717825,25,E01007842,0.6449,E01007842,"1,576",1576.0,594.1041999013867,9.841876273478942,74.26302498767333,1.2302345341848677,79.34236863170304,1.3143784801514522,Increased,Increased,Increased,0.0012181107740010025
18,E01007843,Sheffield 062C,Sheffield 062C,439051,383442,-1.41487,53.3465,f6b8fff7-0734-43e9-ad62-f11daa22a26c,"POLYGON ((-1.412443222600159 53.346554536522106, -1.4124118085143291 53.345829140705376, -1.4130010232985153 53.34571501414036, -1.4139310695079705 53.345443304068965, -1.4137312371020543 53.345199823840886, -1.413194278545007 53.34530920409575, -1.4127047075129806 53.34472856699888, -1.4106191379932704 53.34488767443956, -1.4106498437424013 53.34568509447008, -1.4101867820137954 53.34570133370362, -1.4100566816852869 53.34491022695954, -1.4087481939475974 53.34467989784682, -1.4068198403650258 53.342441250176975, -1.4069135091405265 53.34097455918941, -1.4085398606539306 53.341959697186674, -1.4110898579805735 53.34199836112461, -1.4118994443339399 53.341354970804595, -1.413520145255414 53.34192373968419, -1.413225392158641 53.34213789178231, -1.4123559856476855 53.342010846958324, -1.4132987304505276 53.34279073147173, -1.4141532048380254 53.343034197849526, -1.4143635639684766 53.3434768844534, -1.4157895314669755 53.34384800579444, -1.4160603335594775 53.344371335699144, -1.4175159374234931 53.344714778925216, -1.4177525867006535 53.34452387009446, -1.4215234896245077 53.346234318070486, -1.421707988615239 53.34584705877378, -1.4229962843783865 53.346209417666905, -1.421561400453497 53.34723085460947, -1.4208314927567283 53.347676411277796, -1.4192337163826592 53.34783189525068, -1.4166230061641218 53.34860799533299, -1.4165943676180643 53.348633814965844, -1.4148213815322508 53.349255880568705, -1.412443222600159 53.346554536522106))",8.61584385013937,8.799159676738078,17.04837187368003,0.36663165319742,16.68174022048261,1676.1273601550538,1817.0198645243618,27.76657377607679,30.10058622051579,0.0221475938335707,6,279.3545600258423,225.32342675846047,302.8366440873936,268.823996829462,4.627762296012798,3.732687444460339,5.016764370085965,4.453313941522073,4.627762296012798,5.016764370085965,21,E01007843,0.371,E01007843,"1,708",1708.0,140.89250436930797,2.3340124444390007,23.48208406155129,0.3890020740731668,43.500570071001505,0.7206264970617342,Increased,Increased,Increased,0.0036912656389284496
19,E01007846,Sheffield 062D,Sheffield 062D,438464,383090,-1.42373,53.3433,fbb46d7c-f2dd-4b16-954e-247fc1f10c21,"POLYGON ((-1.4215234896245077 53.346234318070486, -1.4177525867006535 53.34452387009446, -1.4173610793890785 53.343716934547295, -1.417983048187013 53.3436965973164, -1.4183361615258303 53.343289817874016, -1.4178408026727138 53.34291860844624, -1.41797890876278 53.34270355114638, -1.4190276610250079 53.34289742335746, -1.4197442810040957 53.34258920905781, -1.423030483743745 53.343222677256584, -1.4237357458797986 53.34239968248703, -1.423154329499339 53.34188391237016, -1.4223571243656066 53.341847177036875, -1.422330200077342 53.34149986428871, -1.4237306643412422 53.341739684147996, -1.4240003876964888 53.341415137225304, -1.4246089136569124 53.341280809296876, -1.4252514873644195 53.341052056893105, -1.424944460524958 53.340613966653656, -1.4255465353606231 53.34038792275912, -1.4262152907085877 53.34050933925427, -1.4260443000944931 53.34109508439801, -1.426472174097485 53.341221176679475, -1.4268583672434954 53.340902172428585, -1.4272785047376937 53.34125271033527, -1.427451843767707 53.341685614101294, -1.4267888047039805 53.342374028851026, -1.4272745081202733 53.34268601397203, -1.428070161358706 53.34258420997682, -1.4282204096317705 53.343053316523495, -1.428850147398703 53.34293542273487, -1.4297254281222094 53.34292548529519, -1.4273906022856502 53.34460242840065, -1.425504894964087 53.34450911809068, -1.425169883756236 53.34477581144375, -1.4229962843783865 53.346209417666905, -1.421707988615239 53.34584705877378, -1.4215234896245077 53.346234318070486))",15.765161087489073,15.765161087489062,30.980374695182004,0.54994747979613,30.430427215385873,2232.3439632427485,2151.149350361508,32.126134260901836,31.175885795540296,0.11190857636075612,8,279.04299540534356,121.4777154963405,268.8936687951885,131.7115647874225,4.01576678261273,1.8287766954262978,3.896985724442537,1.955926459568235,4.0157667826127295,3.896985724442537,184,E01007846,0.2425,E01007846,"1,372",1372.0,-81.19461288124057,-0.9502484653615397,-10.149326610155072,-0.11878105817019335,10.23384929108201,0.12714976414193724,Reduced,Reduced,Increased,0.013988572045094514
20,E01007847,Sheffield 014A,Sheffield 014A,438375,391992,-1.42399,53.4234,cb1ab7b6-cc83-4af7-b12c-7044118d7cb1,"POLYGON ((-1.4211199606563427 53.42243898962043, -1.4222847136607986 53.42209429189369, -1.423048441534436 53.42189282568874, -1.4234993594791303 53.42213820894604, -1.4245672267616836 53.42189392097746, -1.4252706209567743 53.42230438433062, -1.425011276261476 53.42256178518384, -1.426821887171101 53.42261895965503, -1.4293678448085476 53.42340523829009, -1.4305855930085432 53.42349194507926, -1.4306865095364472 53.42447216614074, -1.4287908448010844 53.42469623580513, -1.4249344697197182 53.424788803454376, -1.4216553722529568 53.424284930328625, -1.4211291912312924 53.423940885631104, -1.4194307126423669 53.42381773468572, -1.4185367739041623 53.42313729746165, -1.419410612594227 53.42312231966079, -1.4193031694367593 53.42292230336303, -1.4211199606563427 53.42243898962043))",4.582895664967751,5.316158971362592,9.899054636330343,0.0,9.899054636330343,209.3865728921721,422.6454484371517,4.527752189547749,8.530162814134036,7.763352957333899e-06,6,34.89776214869535,4.4334932662898,70.44090807285862,51.4162545427561,0.7546253649246247,0.11016727080881339,1.4216938023556727,1.1825782578260333,0.7546253649246247,1.4216938023556727,28,E01007847,0.1581,E01007847,"1,358",1358.0,213.2588755449796,4.002410624586287,35.54314592416327,0.6670684374310479,46.9827612764663,1.07241098701722,Increased,Increased,Increased,1.2938921595556499e-06
21,E01007848,Sheffield 013A,Sheffield 013A,437374,391434,-1.43912,53.4184,186fbc25-6c3a-4dad-bbae-3c249ee3ce7e,"POLYGON ((-1.4388586079165169 53.42208004331279, -1.4362898011102965 53.421145986946335, -1.4351698130080321 53.42163507393787, -1.4345384646489368 53.42158714473264, -1.433591466900158 53.42151075045282, -1.433754465980814 53.42056771454795, -1.4331180211237537 53.42049358766936, -1.4336373690217472 53.419422337755364, -1.43468536117438 53.41927845729835, -1.4347811392981957 53.41977241442725, -1.4354969813780094 53.419723043948544, -1.4357049196492715 53.4192405714034, -1.4342833669913073 53.418716264982436, -1.434640585338341 53.41842362216166, -1.43477294513012 53.418082230004394, -1.4338493078357755 53.41787162158226, -1.4322565048014402 53.41805169334103, -1.4311971105288321 53.41770741409434, -1.431009116479914 53.4174598253174, -1.4313899712434652 53.41733853862639, -1.4328297779328736 53.416554388638865, -1.4338338455853166 53.41685577613577, -1.4356975780024501 53.415866851449394, -1.4364765688068883 53.41676129482841, -1.4369913556660114 53.416446188238, -1.4364388967629498 53.41582745630828, -1.4385338352933015 53.41469742204593, -1.439526095027294 53.41494223954984, -1.439869546176599 53.41533527017346, -1.4392329630094185 53.41634782276352, -1.4373915648240554 53.417494910160265, -1.4390622193708684 53.41761217456669, -1.4395258096790051 53.41725821948029, -1.4412012250755715 53.41733913518019, -1.4417570300395197 53.41779521968593, -1.4427703915283832 53.41760886441713, -1.4433517749339466 53.41780371116564, -1.443157860176411 53.41807901994162, -1.443995746097977 53.41871021265431, -1.4440879697073319 53.41961831560499, -1.4446379542503738 53.42003029697134, -1.4441020986400341 53.42093989238961, -1.4437787538353004 53.420835494677, -1.4430616482598397 53.421557520397414, -1.441907439996357 53.42190241390665, -1.4420272560793297 53.42013567041643, -1.4411819452397072 53.41986562025509, -1.4403142677817677 53.41976543470145, -1.4394752531256967 53.41982707413445, -1.438564324072431 53.420631731217284, -1.4388586079165169 53.42208004331279))",43.079219250696845,37.21311279953815,74.60954142567498,5.682790624560007,68.92675080111496,797.9091318450558,785.9498823265728,10.675965881042746,10.900177301105263,0.0002117391911427561,8,99.73864148063198,43.2032621649615,98.2437352908216,92.8013532828344,1.3344957351303433,0.9149111119320933,1.3625221626381574,1.3831398917966156,1.3344957351303433,1.3625221626381578,42,E01007848,0.3386,E01007848,"1,760",1760.0,-11.95924951848292,0.2242114200625167,-1.4949061898103793,0.028026427507814144,49.5980911178729,0.46822877986452227,Increased,Increased,Increased,2.6467398892844512e-05
22,E01007849,Sheffield 010A,Sheffield 010A,437219,392119,-1.44137,53.4246,e2400194-ae5f-4752-87b5-915ae7d6c8ec,"POLYGON ((-1.4409263371467653 53.42908114571607, -1.4409416955501453 53.428667479608954, -1.4401231537460533 53.428898817246164, -1.4397320699042186 53.42844464018258, -1.4403175316438772 53.427159513909714, -1.4398183942045355 53.4270075188152, -1.4397019233867556 53.42751040401827, -1.438696043922663 53.4274787671335, -1.4372522640758867 53.427276294233295, -1.4361935045482495 53.426637244930006, -1.4370027903933547 53.426407706281005, -1.4389669385047636 53.42459466723139, -1.4384105691239233 53.42427182438923, -1.4355135824428105 53.42433055122367, -1.4342162149323596 53.423144565782316, -1.4342494826887913 53.42295205161417, -1.4351665233971738 53.42301931034264, -1.4352628778489522 53.422561344687935, -1.4343940877298331 53.42226061018517, -1.4345384646489368 53.42158714473264, -1.4351698130080321 53.42163507393787, -1.4362898011102965 53.421145986946335, -1.4388586079165169 53.42208004331279, -1.438564324072431 53.420631731217284, -1.4394752531256967 53.41982707413445, -1.4403142677817677 53.41976543470145, -1.4411819452397072 53.41986562025509, -1.4420272560793297 53.42013567041643, -1.441907439996357 53.42190241390665, -1.4430616482598397 53.421557520397414, -1.4437787538353004 53.420835494677, -1.4441020986400341 53.42093989238961, -1.4446379542503738 53.42003029697134, -1.4470730958269162 53.418726604517275, -1.4478853107974947 53.418278815342276, -1.4479241592161622 53.420452503822766, -1.4477593208888524 53.420833328138976, -1.4478440794378558 53.42267766828984, -1.4481436728802182 53.42300989270822, -1.448570536903187 53.42420518178986, -1.4482791387822207 53.4251226285647, -1.4454269490518776 53.4250927163338, -1.443860324180038 53.4260674266632, -1.4425110818325875 53.42653545240866, -1.4420233151046358 53.42815001625359, -1.4415488580439904 53.42920532210331, -1.4409263371467653 53.42908114571607))",45.09569334328266,26.030847377016833,69.4766982809111,1.6498424393883913,67.8268558415227,996.9296834804154,1334.7054970769755,15.621400483423596,24.5361308905096,0.0014893116141052158,14,71.20926310574397,11.527082492353461,95.3361069340697,84.92782545826981,1.1158143202445425,0.12779403413822288,1.752580777893543,1.3831398917966156,1.1158143202445425,1.752580777893543,92,E01007849,0.5564,E01007849,"2,200",2200.0,337.77581359656006,8.914730407086005,24.126843828325732,0.6367664576490004,73.40074296591635,1.2553458576583927,Increased,Increased,Increased,0.00010637940100751541
23,E01007850,Sheffield 014B,Sheffield 014B,438049,391653,-1.42894,53.4203,27c67930-de93-4477-9c2e-5f49ab1eb92c,"POLYGON ((-1.42376860571071 53.42906818321173, -1.4213588918712732 53.425865569552116, -1.4188230213268385 53.42418149077812, -1.4197078997939734 53.42420830775655, -1.4194307126423669 53.42381773468572, -1.4211291912312924 53.423940885631104, -1.4216553722529568 53.424284930328625, -1.4249344697197182 53.424788803454376, -1.4287908448010844 53.42469623580513, -1.4306865095364472 53.42447216614074, -1.4305855930085432 53.42349194507926, -1.4293678448085476 53.42340523829009, -1.426821887171101 53.42261895965503, -1.425011276261476 53.42256178518384, -1.4252706209567743 53.42230438433062, -1.4245672267616836 53.42189392097746, -1.4234993594791303 53.42213820894604, -1.423048441534436 53.42189282568874, -1.4222847136607986 53.42209429189369, -1.4211199606563427 53.42243898962043, -1.4208826586454277 53.42220222016172, -1.4223932792040304 53.42171781633761, -1.4224437544831274 53.42129860468169, -1.4230300780263023 53.42117974876102, -1.4222418446680596 53.42060806377869, -1.422646299242328 53.42040138296148, -1.4224094555422904 53.42022485166145, -1.422288924647279 53.42025287988179, -1.4220072695602153 53.42002665753749, -1.4202116355176997 53.42045349928643, -1.4195589149402117 53.42028353235283, -1.4224477822599142 53.419771469220066, -1.4223342396020513 53.41954254550652, -1.4229976304772862 53.41932136328938, -1.4245273545417827 53.418929018292154, -1.4241800817203765 53.41866130793994, -1.4259628404925802 53.418121586555635, -1.4267950837576728 53.41752727868833, -1.4275300717696757 53.417571098454, -1.430684586501039 53.417117213836704, -1.4313899712434652 53.41733853862639, -1.431009116479914 53.4174598253174, -1.4311971105288321 53.41770741409434, -1.4322565048014402 53.41805169334103, -1.4338493078357755 53.41787162158226, -1.43477294513012 53.418082230004394, -1.434640585338341 53.41842362216166, -1.4342833669913073 53.418716264982436, -1.4357049196492715 53.4192405714034, -1.4354969813780094 53.419723043948544, -1.4347811392981957 53.41977241442725, -1.43468536117438 53.41927845729835, -1.4336373690217472 53.419422337755364, -1.4331180211237537 53.42049358766936, -1.433754465980814 53.42056771454795, -1.433591466900158 53.42151075045282, -1.4345384646489368 53.42158714473264, -1.4343940877298331 53.42226061018517, -1.4352628778489522 53.422561344687935, -1.4351665233971738 53.42301931034264, -1.4342494826887913 53.42295205161417, -1.4342162149323596 53.423144565782316, -1.4355135824428105 53.42433055122367, -1.4384105691239233 53.42427182438923, -1.4389669385047636 53.42459466723139, -1.4370027903933547 53.426407706281005, -1.4361935045482495 53.426637244930006, -1.4336739259868938 53.429514576809595, -1.4294943389946801 53.42840061725998, -1.4270110650461798 53.429594931203646, -1.4264663209365458 53.4308618377673, -1.42376860571071 53.42906818321173))",33.730112094162656,29.147216429194934,61.227486083969204,1.64984243938839,59.57764364458082,347.71156280041384,554.5955943248704,5.673491805959405,9.623099886713206,0.00023321362714565278,8,43.46394535005174,25.714260944480852,69.32444929060881,65.97507294385935,0.7091864757449258,0.28643490410291444,1.2028874858391507,0.5464685362895851,0.7091864757449257,1.2028874858391507,30,E01007850,0.9846,E01007850,"1,378",1378.0,206.88403152445653,3.9496080807538005,25.860503940557074,0.49370101009422496,40.26081199937849,0.2600336321866707,Increased,Increased,Increased,2.9151703393206598e-05
24,E01007851,Sheffield 013B,Sheffield 013B,437251,391029,-1.44102,53.4148,6c33c78b-44be-443e-9206-1a4f550add32,"POLYGON ((-1.4433517749339466 53.41780371116564, -1.4427703915283832 53.41760886441713, -1.4417570300395197 53.41779521968593, -1.4412012250755715 53.41733913518019, -1.4395258096790051 53.41725821948029, -1.4390622193708684 53.41761217456669, -1.4373915648240554 53.417494910160265, -1.4392329630094185 53.41634782276352, -1.439869546176599 53.41533527017346, -1.439526095027294 53.41494223954984, -1.4385338352933015 53.41469742204593, -1.4364388967629498 53.41582745630828, -1.4364678316699313 53.41506097703326, -1.435060968237802 53.414840241640846, -1.436487836830497 53.413295240000124, -1.4365641934624171 53.41190543144442, -1.4366675541696148 53.411304001885405, -1.435098807425807 53.411101909707696, -1.4341827858823815 53.41065959350097, -1.4347329454470965 53.409987876774096, -1.436170240417592 53.409621755249674, -1.4395150995795916 53.40955538156449, -1.440082626140948 53.4103001826956, -1.439524744893765 53.4115450677623, -1.4409649988013835 53.41217419909864, -1.441397065002762 53.41223555671573, -1.4446294271853035 53.41269452707359, -1.4454664682398723 53.41574831092253, -1.4459154578781053 53.41734166402878, -1.4478546479879053 53.41811726537668, -1.4478853107974947 53.418278815342276, -1.4470730958269162 53.418726604517275, -1.4446379542503738 53.42003029697134, -1.4440879697073319 53.41961831560499, -1.443995746097977 53.41871021265431, -1.443157860176411 53.41807901994162, -1.4433517749339466 53.41780371116564))",10.63231794272518,9.532422983132918,19.248161792864547,0.91657913299355,18.331582659870996,1447.1022741176819,1214.9090319542363,16.630596567951926,16.858049035659658,0.008442020264249058,6,241.18371235294697,254.087982216191,202.48483865903938,168.7736315771055,2.771766094658654,3.6490478662694015,2.8096748392766098,1.6775332008930097,2.771766094658654,2.8096748392766098,68,E01007851,0.4397,E01007851,"1,518",1518.0,-232.19324216344557,0.22745246770773164,-38.698873693907586,0.03790874461795557,-85.31435063908549,-1.9715146653763918,Increased,Increased,Reduced,0.001407003377374843
25,E01007852,Sheffield 014C,Sheffield 014C,438799,392010,-1.41761,53.4235,d67b2759-0cb0-4f81-b535-66e9d9eefee0,"POLYGON ((-1.4129895321404813 53.42524999712193, -1.4113885938150637 53.42326241522676, -1.4101596722046283 53.422768316120084, -1.409444118537011 53.42196911460371, -1.4097076156934145 53.42141397347792, -1.408544504068873 53.420343092335855, -1.4086112903755033 53.420295935786214, -1.4118991831294103 53.41812144599366, -1.4119656915853631 53.41698313395621, -1.4116479209161394 53.41647164251869, -1.413110124776502 53.41556903647783, -1.4164497829711606 53.41619686580422, -1.4175514279266046 53.41705616424495, -1.417347001193968 53.4177023514194, -1.4196207881576082 53.41754630915645, -1.4210575227125566 53.41702826027325, -1.4209657317488824 53.41674202991664, -1.422415779143915 53.41725075928573, -1.423703709159918 53.41783342086862, -1.425774058655054 53.41732117410752, -1.4267950837576728 53.41752727868833, -1.4259628404925802 53.418121586555635, -1.4241800817203765 53.41866130793994, -1.4245273545417827 53.418929018292154, -1.4229976304772862 53.41932136328938, -1.4223342396020513 53.41954254550652, -1.4224477822599142 53.419771469220066, -1.4195589149402117 53.42028353235283, -1.4202116355176997 53.42045349928643, -1.4220072695602153 53.42002665753749, -1.422288924647279 53.42025287988179, -1.4224094555422904 53.42022485166145, -1.422646299242328 53.42040138296148, -1.4222418446680596 53.42060806377869, -1.4230300780263023 53.42117974876102, -1.4224437544831274 53.42129860468169, -1.4223932792040304 53.42171781633761, -1.4208826586454277 53.42220222016172, -1.4211199606563427 53.42243898962043, -1.4193031694367593 53.42292230336303, -1.419410612594227 53.42312231966079, -1.4185367739041623 53.42313729746165, -1.4194307126423669 53.42381773468572, -1.4197078997939734 53.42420830775655, -1.4188230213268385 53.42418149077812, -1.4213588918712732 53.425865569552116, -1.42376860571071 53.42906818321173, -1.4264663209365458 53.4308618377673, -1.4246013509844873 53.433328191181296, -1.419578722796271 53.430721969608264, -1.4181828807129955 53.42997874230099, -1.417005258679912 53.42866972119807, -1.4152431416866291 53.426733810187656, -1.4129895321404813 53.42524999712193))",81.20891118322857,76.62601551826084,151.96882025033065,5.866106451158729,146.1027137991719,20443.44691912145,17856.68278010533,251.21419056933973,217.68110933529508,2.8404290176162585,44,464.6237936163967,106.40383839095534,405.8336995478485,162.415363142427,5.70941342203045,1.4688969441175104,4.947297939438524,2.0505087804400572,5.709413422030448,4.947297939438524,63,E01007852,1.0487,E01007852,"1,519",1519.0,-2586.764139016119,-33.53308123404466,-58.79009406854823,-0.7621154825919261,56.011524751471654,0.5816118363225469,Reduced,Reduced,Increased,0.06455520494582406
26,E01007853,Sheffield 014D,Sheffield 014D,438000,391047,-1.42975,53.4149,a91f7a17-1822-4cb0-92d8-75bbf27f3971,"POLYGON ((-1.423703709159918 53.41783342086862, -1.422415779143915 53.41725075928573, -1.4240608107663872 53.41651093299638, -1.4245126518554139 53.41631686958647, -1.4244283273745355 53.4158760189217, -1.4240028383814864 53.41507396843263, -1.42435965441049 53.41427570576393, -1.4248682594676125 53.41446696192683, -1.4250552645728924 53.41411802305565, -1.425929808624303 53.4142882037945, -1.4271578076151712 53.413880710601596, -1.42704511728058 53.41283960452739, -1.4289955701626806 53.411932034719584, -1.4294316089604249 53.4121199674486, -1.4293456700427163 53.41219689551745, -1.4297566046985395 53.412735867360325, -1.4317498246616966 53.41230263588851, -1.432036001054794 53.41251871782429, -1.4337682543328638 53.41237435702359, -1.4365641934624171 53.41190543144442, -1.436487836830497 53.413295240000124, -1.435060968237802 53.414840241640846, -1.4364678316699313 53.41506097703326, -1.4364388967629498 53.41582745630828, -1.4369913556660114 53.416446188238, -1.4364765688068883 53.41676129482841, -1.4356975780024501 53.415866851449394, -1.4338338455853166 53.41685577613577, -1.4328297779328736 53.416554388638865, -1.4313899712434652 53.41733853862639, -1.430684586501039 53.417117213836704, -1.4275300717696757 53.417571098454, -1.4267950837576728 53.41752727868833, -1.425774058655054 53.41732117410752, -1.423703709159918 53.41783342086862))",17.41500352687745,34.096743747360094,48.028746568862054,3.4830007053754914,44.545745863486566,2165.746990980976,2825.0848330813546,21.52654089477781,28.080059417742262,0.002149697482683609,4,541.436747745244,343.165800869078,706.2712082703387,426.63855706228003,5.3816352236944525,3.4109121134003546,7.020014854435566,4.240593376851578,5.3816352236944525,7.020014854435566,46,E01007853,0.3945,E01007853,"1,746",1746.0,659.3378421003786,6.553518522964453,164.83446052509464,1.6383796307411131,83.47275619320203,0.8296812634512234,Increased,Increased,Increased,0.0005374243706709023
27,E01007854,Sheffield 014E,Sheffield 014E,438639,390919,-1.42015,53.4137,2e993e61-3876-40b0-afc7-6d01aabfadec,"POLYGON ((-1.4175514279266046 53.41705616424495, -1.4164497829711606 53.41619686580422, -1.413110124776502 53.41556903647783, -1.414768804061792 53.41414652654298, -1.4167086602011567 53.41332343671854, -1.417891878382628 53.411617062951755, -1.4193811431688386 53.41085840257774, -1.41917214378928 53.41042060011392, -1.4155197402373931 53.41064275024324, -1.416580189996884 53.40915301748432, -1.4196971211804235 53.410092242020866, -1.421873228302703 53.40956545580477, -1.4225594323575281 53.40989937046196, -1.42470550123416 53.40937856455133, -1.4250589868045926 53.40953291353438, -1.4270656001591808 53.40995617365706, -1.4265407829239785 53.41008227474825, -1.4272151459828502 53.410703525617116, -1.42704511728058 53.41283960452739, -1.4271578076151712 53.413880710601596, -1.425929808624303 53.4142882037945, -1.4250552645728924 53.41411802305565, -1.4248682594676125 53.41446696192683, -1.42435965441049 53.41427570576393, -1.4240028383814864 53.41507396843263, -1.4244283273745355 53.4158760189217, -1.4245126518554139 53.41631686958647, -1.4240608107663872 53.41651093299638, -1.422415779143915 53.41725075928573, -1.4209657317488824 53.41674202991664, -1.4210575227125566 53.41702826027325, -1.4196207881576082 53.41754630915645, -1.417347001193968 53.4177023514194, -1.4175514279266046 53.41705616424495))",82.49212196941956,92.20786077915119,158.93482166108166,15.76516108748908,143.16966057359258,11847.436032657759,10396.035978914046,177.58961823690095,155.30041668530384,0.9071566833314922,28,423.1227154520629,230.5331005660665,371.2869992469302,173.2689057445915,6.342486365603606,2.945821796164229,5.546443453046566,2.595339838380247,6.342486365603605,5.546443453046566,189,E01007854,0.5408,E01007854,"1,453",1453.0,-1451.4000537437132,-22.289201551597102,-51.83571620513271,-0.7960429125570405,-57.264194821475,-0.3504819577839817,Reduced,Reduced,Reduced,0.032398452976124724
28,E01007855,Sheffield 014F,Sheffield 014F,437826,390437,-1.43244,53.4094,bb6058ca-d83b-4800-bd7d-82b8d654e199,"POLYGON ((-1.42704511728058 53.41283960452739, -1.4272151459828502 53.410703525617116, -1.4265407829239785 53.41008227474825, -1.4270656001591808 53.40995617365706, -1.4250589868045926 53.40953291353438, -1.4280119037269048 53.40758945992747, -1.4304783614819725 53.405951802858986, -1.433692705379564 53.405934169191504, -1.436109702862361 53.40688732295411, -1.4384463367312312 53.40729116020362, -1.440085940185799 53.40832971176727, -1.4395150995795916 53.40955538156449, -1.436170240417592 53.409621755249674, -1.4347329454470965 53.409987876774096, -1.4341827858823815 53.41065959350097, -1.435098807425807 53.411101909707696, -1.4366675541696148 53.411304001885405, -1.4365641934624171 53.41190543144442, -1.4337682543328638 53.41237435702359, -1.432036001054794 53.41251871782429, -1.4317498246616966 53.41230263588851, -1.4297566046985395 53.412735867360325, -1.4293456700427163 53.41219689551745, -1.4294316089604249 53.4121199674486, -1.4289955701626806 53.411932034719584, -1.42704511728058 53.41283960452739))",36.663165319742006,40.32948185171619,74.42622559907626,2.56642157238194,71.85980402669432,2395.004994007195,3263.213780962713,25.32440817271227,35.338063817633,0.0022780432372200886,8,299.37562425089936,114.62900151310947,407.9017226203391,97.87567390876147,3.1655510215890335,1.5970305047620588,4.417257977204124,0.9787153081015841,3.165551021589034,4.417257977204125,64,E01007855,0.4573,E01007855,"2,059",2059.0,868.208786955518,10.013655644920728,108.52609836943975,1.2517069556150906,-16.753327604348,-0.6183151966604746,Increased,Increased,Reduced,0.0002847554046525111
29,E01007856,Sheffield 007A,Sheffield 007A,437823,393101,-1.43217,53.4334,cde0a483-bf9c-46d2-8665-7eb60971fba7,"POLYGON ((-1.4333267361123843 53.43827948135832, -1.4262667464978906 53.434329163611515, -1.4246013509844873 53.433328191181296, -1.4264663209365458 53.4308618377673, -1.4270110650461798 53.429594931203646, -1.4294943389946801 53.42840061725998, -1.4336739259868938 53.429514576809595, -1.4355598227458939 53.430358381750736, -1.4361042805253412 53.42950401134013, -1.4364848912107122 53.429823784235815, -1.437155395252008 53.42962622779562, -1.4378165040566475 53.430741610573314, -1.4378610173181239 53.430746823039755, -1.438262163434569 53.43113181839377, -1.4390688198796588 53.43089877929537, -1.4394827227975253 53.43131049517237, -1.4405985522822442 53.430974798092514, -1.4396228255434005 53.43280729210331, -1.4398786547285312 53.43409566865865, -1.4399035310218637 53.434489104280246, -1.4398856159626596 53.43453984202534, -1.4387794476241087 53.43606002278072, -1.4359484338871755 53.43774274111029, -1.4342356121949422 53.437604310065915, -1.4333267361123843 53.43827948135832))",25.114268244023272,25.114268244023286,48.02874656886204,2.19978991918452,45.82895664967752,1790.5964759315289,2276.6912569858605,34.15985291063015,40.712315702732006,0.021575672629818677,12,149.21637299429406,74.48268687366871,189.72427141548837,126.601825277947,2.846654409219179,0.9107161053528563,3.3926929752276673,1.9060179518613358,2.846654409219179,3.3926929752276673,33,E01007856,0.7214,E01007856,"1,288",1288.0,486.09478105433163,6.552462792101856,40.50789842119431,0.5460385660084883,52.11913840427829,0.9953018465084795,Increased,Increased,Increased,0.0017979727191515563
30,E01007857,Sheffield 010B,Sheffield 010B,437483,392524,-1.43735,53.4282,2c170111-27e7-473b-9f4d-e325fef31f29,"POLYGON ((-1.4394827227975253 53.43131049517237, -1.4390688198796588 53.43089877929537, -1.438262163434569 53.43113181839377, -1.4378610173181239 53.430746823039755, -1.4378165040566475 53.430741610573314, -1.437155395252008 53.42962622779562, -1.4364848912107122 53.429823784235815, -1.4361042805253412 53.42950401134013, -1.4355598227458939 53.430358381750736, -1.4336739259868938 53.429514576809595, -1.4361935045482495 53.426637244930006, -1.4372522640758867 53.427276294233295, -1.438696043922663 53.4274787671335, -1.4397019233867556 53.42751040401827, -1.4398183942045355 53.4270075188152, -1.4403175316438772 53.427159513909714, -1.4397320699042186 53.42844464018258, -1.4401231537460533 53.428898817246164, -1.4409416955501453 53.428667479608954, -1.4409263371467653 53.42908114571607, -1.4415488580439904 53.42920532210331, -1.4420233151046358 53.42815001625359, -1.4425110818325875 53.42653545240866, -1.443860324180038 53.4260674266632, -1.4454269490518776 53.4250927163338, -1.4482791387822207 53.4251226285647, -1.447514581573665 53.42738838568122, -1.4453430342312594 53.429186444437214, -1.4446179618493944 53.429745244124305, -1.4434435681267745 53.43093303961129, -1.441517069125517 53.43100763926763, -1.4405985522822442 53.430974798092514, -1.4394827227975253 53.43131049517237))",12.09884455551486,12.098844555514855,23.464425804634878,0.73326330639484,22.73116249824004,616.3888943773599,789.6788890436999,11.521333997446101,14.731877290163434,5.947730088280038e-05,6,102.73148239622664,11.527082492353461,131.61314817394998,79.55731272835615,1.9202223329076835,0.12779403413822288,2.4553128816939056,1.0244886294442466,1.9202223329076835,2.4553128816939056,34,E01007857,0.3252,E01007857,"1,761",1761.0,173.28999466634002,3.2105432927173325,28.88166577772334,0.5350905487862221,68.0302302360027,0.8966945953060237,Increased,Increased,Increased,9.91288348046673e-06
31,E01007858,Sheffield 038A,Sheffield 038A,431719,386291,-1.52472,53.3726,fd64f715-fa56-4d45-b472-b653930670b7,"POLYGON ((-1.5221902397515985 53.37324228579824, -1.5218665258767836 53.37262076197401, -1.5212655891479574 53.372751935792884, -1.521411809866711 53.372960695282124, -1.5204121341240269 53.37300000655829, -1.5199949840783202 53.371975067521205, -1.5197471629457657 53.370930088847096, -1.5187082047133937 53.37012720757128, -1.516461715772034 53.36956039900235, -1.5166025745049592 53.3691667564735, -1.5179077852676521 53.3688458950555, -1.5193552619730564 53.36909611342872, -1.5200329038226208 53.36886613916224, -1.5203697922358015 53.36845783452749, -1.5211113305869284 53.36828729947623, -1.5221752687368264 53.36892478716205, -1.5238772508151401 53.36854059379184, -1.5245182241991289 53.36889357141393, -1.521599263988058 53.36960438615428, -1.520349178126247 53.370169538792865, -1.5208810664289734 53.37081968634792, -1.522956913198615 53.36969303815709, -1.5235349155076956 53.3701882132413, -1.52408107676214 53.3699217097444, -1.5244589969205824 53.370404352657175, -1.5247606592747882 53.370288987976814, -1.5243807212614753 53.369805133494104, -1.5255113584171933 53.369648085672374, -1.525494590791667 53.369261972735934, -1.5269255928515144 53.36883223698351, -1.5275812635608714 53.368984098377716, -1.5286427762412789 53.36933815907509, -1.5291390905238489 53.3689282818561, -1.5298891164956083 53.36949592379363, -1.529584245297442 53.37060199511629, -1.5285863299202944 53.37072857645672, -1.5286378763780077 53.371919601216305, -1.528456432851489 53.372017760595625, -1.529415145203149 53.37230917954547, -1.528743932517386 53.37320539276027, -1.5289222398403666 53.37367689643377, -1.5265936424031117 53.37387632638638, -1.5251006375670522 53.37435965921545, -1.5231262160145542 53.37494426762929, -1.5223672030560709 53.37500040296795, -1.5196844973834986 53.376245665745145, -1.5185959578545285 53.37673388143723, -1.517943064848333 53.37544513838126, -1.5186726675236761 53.37441795029705, -1.5217702859277484 53.37427495125085, -1.5216033825054072 53.3739596429291, -1.5223880894822088 53.37368693843703, -1.5218882353396916 53.37336691893122, -1.5221902397515985 53.37324228579824))",51.51174727423752,40.69611350491364,88.54154424717696,3.6663165319742017,84.87522771520275,2022.733489413894,3364.915156242792,33.508419466380204,55.74287918515401,0.001990924387445254,10,202.2733489413894,144.9573794132495,336.49151562427926,303.4588291855655,3.3508419466380204,2.4013507956175855,5.574287918515401,5.02707143197246,3.3508419466380204,5.574287918515401,79,E01007858,0.3911,E01007858,"1,397",1397.0,1342.181666828898,22.234459718773806,134.21816668288986,2.2234459718773802,158.501449772316,2.6257206363548744,Increased,Increased,Increased,0.0001990924387445254
32,E01007859,Sheffield 036A,Sheffield 036A,433334,386535,-1.50042,53.3746,0a888877-a9b0-47f4-81c9-a1aaa1e59ef7,"POLYGON ((-1.5062584599953233 53.37702487512877, -1.5053471812262122 53.37677610013467, -1.504838472029421 53.37713442977468, -1.5045051176732338 53.377360569063214, -1.5038151626285838 53.376575002324, -1.5064676912319366 53.37571588118622, -1.5056776705733173 53.374945905983935, -1.5052955505988486 53.37450332078122, -1.5045689413674135 53.374530457200905, -1.5038705588587848 53.375292684789734, -1.5025935250935123 53.37554415892877, -1.5030372483771597 53.376144952931675, -1.5015584545561613 53.37667254850765, -1.4989640982066843 53.37641420851322, -1.4994457915301511 53.37584167993734, -1.4986632270566265 53.375536845221426, -1.4971426316529337 53.374690279961264, -1.4962606065672526 53.37469078801969, -1.4969430018147174 53.374181308414194, -1.497737723136747 53.37412917470597, -1.4980156962066975 53.37370382070051, -1.4975516194273732 53.37360844088016, -1.4982284041140954 53.372972405400496, -1.4983689443187576 53.3732893169466, -1.5005861638072044 53.37240784652933, -1.5005594193121823 53.37212808735206, -1.5024604185631059 53.372643603990326, -1.502895495556295 53.371593899898244, -1.5030427630518324 53.37183382779488, -1.5035694139934566 53.371782085717975, -1.504727139885352 53.373113713266335, -1.5059462428007737 53.37251079386263, -1.5068958293501256 53.37397112889745, -1.507601335068711 53.37410866303856, -1.5087634806325914 53.37363725438744, -1.5088145837844185 53.37286610892304, -1.509197244172114 53.37270104057024, -1.5102379277871663 53.37300507625946, -1.5103898415957973 53.37366324881673, -1.5102287065731317 53.37418164912278, -1.5087375479928997 53.374274158292245, -1.5072115250092022 53.37483972362239, -1.5078108593183186 53.37525833517299, -1.5084278894266119 53.375370690963344, -1.5088042141764924 53.37607627814943, -1.5081627453266464 53.37620554751098, -1.5075790672649028 53.375788656287995, -1.5064595977593127 53.37612362861173, -1.5062895652503716 53.37644840633949, -1.505663452628933 53.376400423878565, -1.5055555747903737 53.37664679776423, -1.5079631181773199 53.37685740293679, -1.5076212444113553 53.37766379843666, -1.5068295505150853 53.37769516574662, -1.5062584599953233 53.37702487512877))",37.94637610593297,51.695063100836215,86.89170180778852,2.74973739898065,84.14196440880787,3208.7695984224965,5033.852552473875,60.0513970085632,95.38122157865622,0.2807372425985309,9,356.5299553802774,207.38670538285,559.316950274875,385.540269833963,6.67237744539591,3.4355493455209225,10.597913508739579,8.348712455414171,6.672377445395911,10.59791350873958,280,,,,,,1825.0829540513787,35.329824570093024,202.78699489459763,3.9255360633436682,178.153564451113,4.913163109893249,Increased,Increased,Increased,0.03119302695539232
33,E01007860,Sheffield 036B,Sheffield 036B,433737,386296,-1.49439,53.3725,b1e92902-2633-43d9-81d5-5a506e276cd6,"POLYGON ((-1.4920632850336675 53.37729371113908, -1.4932218689412249 53.37638927777834, -1.4944669711486134 53.3756886027078, -1.495244251413442 53.37527750396419, -1.493014816422627 53.37254386619696, -1.4928746577641323 53.37237206881169, -1.493348973314435 53.371715968703604, -1.492197383298065 53.37061423630156, -1.4926006878661577 53.370334482592774, -1.492850389443362 53.37052093153421, -1.4926926741310789 53.37029601517945, -1.4932820504491733 53.370222841227, -1.494047533977882 53.37072118411858, -1.4948952723124262 53.37066707378561, -1.496312377568415 53.371601815841785, -1.4969953441622028 53.37064639077543, -1.496322250713937 53.37036032019485, -1.4959060289153283 53.36947341974051, -1.4963673724169257 53.36929805486303, -1.4968521841809275 53.36922761332612, -1.4981907437689663 53.37200077572873, -1.4980990046403435 53.37203622820132, -1.4982284041140954 53.372972405400496, -1.4975516194273732 53.37360844088016, -1.4980156962066975 53.37370382070051, -1.497737723136747 53.37412917470597, -1.4969430018147174 53.374181308414194, -1.4962606065672526 53.37469078801969, -1.4971426316529337 53.374690279961264, -1.4986632270566265 53.375536845221426, -1.4994457915301511 53.37584167993734, -1.4989640982066843 53.37641420851322, -1.4969912673357282 53.3764646398735, -1.4970505441280892 53.376536799022325, -1.4968639848167304 53.376884010519845, -1.497699840866993 53.37707834937676, -1.4974618915490658 53.37734751258249, -1.4994253798136323 53.37783215786519, -1.4986607247021375 53.377959107127744, -1.4972725298182339 53.378962091066626, -1.4962156790070777 53.37836488824247, -1.4958682992298893 53.37871879044022, -1.4963604545908327 53.37896787575208, -1.495879967955611 53.378952815257634, -1.4946132327080537 53.378687860024705, -1.494325818201401 53.37813387512682, -1.4947364619391894 53.37774050599293, -1.494174390807245 53.377496115544744, -1.4950433294792522 53.377249502043774, -1.4944907167745236 53.376912506591076, -1.4922391258721008 53.3779096898011, -1.490646071017035 53.37939775343234, -1.489785758678025 53.37957333419899, -1.4892072682172235 53.37926675641985, -1.4904032160697263 53.37852992914671, -1.4920632850336675 53.37729371113908))",145.5527663193758,158.56819000788443,297.8882182229041,6.2327381043561445,291.6554801185479,11757.730555710397,11787.772713176922,194.77749762653102,195.27517328144654,1.608324942235087,14,839.8378968364568,820.369175610174,841.9837652269231,825.5443775466755,13.912678401895073,13.590161332425215,13.948226662960467,13.675893258167818,13.912678401895073,13.948226662960467,280,,,,,,30.04215746652517,0.49767565491552546,2.145868390466262,0.03554826106539366,5.17520193650148,0.08573192574260347,Increased,Increased,Increased,0.11488035301679192
34,E01007861,Sheffield 038B,Sheffield 038B,431087,386013,-1.53424,53.3701,37e97f4a-7d8e-4e4b-b855-0b29fa683c3b,"POLYGON ((-1.533397290743479 53.37419163456913, -1.532882055331108 53.37411966185006, -1.5315827124264074 53.37420532319498, -1.5289222398403666 53.37367689643377, -1.528743932517386 53.37320539276027, -1.529415145203149 53.37230917954547, -1.528456432851489 53.372017760595625, -1.5286378763780077 53.371919601216305, -1.5285863299202944 53.37072857645672, -1.529584245297442 53.37060199511629, -1.5298891164956083 53.36949592379363, -1.5291390905238489 53.3689282818561, -1.5286427762412789 53.36933815907509, -1.5275812635608714 53.368984098377716, -1.527896621341536 53.36870075433352, -1.5288475240091102 53.367902484119845, -1.5297695030193748 53.36774225366512, -1.5316732275259102 53.367381637562964, -1.5320299458605644 53.36779976948949, -1.5326624356728573 53.367849400636935, -1.533037949368325 53.36675939944897, -1.5327391945688622 53.3668032823673, -1.531547759273104 53.366978281305826, -1.5307452445255423 53.366684571499675, -1.5310702160625071 53.36639813772301, -1.5325182765662735 53.36627846695719, -1.5323187480481695 53.3652433387629, -1.5335461532396828 53.36508440961009, -1.5340405288851033 53.36528581648281, -1.5353462241436453 53.36490010183911, -1.5351515335603945 53.364232311148626, -1.5360943557844062 53.36432138754855, -1.5382737020746848 53.364947841294025, -1.540256181524481 53.365256457281625, -1.5400767501905972 53.36567124179725, -1.5392781003954403 53.36562222251198, -1.538966825545912 53.366307910242774, -1.5380460598865546 53.36668449325416, -1.537924008129402 53.367280025253095, -1.5374316956287852 53.36725168477513, -1.537171275350659 53.367236692215606, -1.5370679252258423 53.36723074206786, -1.5371221836161524 53.367514572503495, -1.537262251511166 53.368247010305, -1.5373154765138997 53.36852519169998, -1.5380456036111396 53.36840863904409, -1.53841807291036 53.36940501890221, -1.5374210150002845 53.36949908436404, -1.5375568826002743 53.37021795933941, -1.5380289250143286 53.370209709687735, -1.5376857887158584 53.37110833819075, -1.5383877772002572 53.37250668112368, -1.5397173500381898 53.37283302255582, -1.5407103676991323 53.373478007567016, -1.5408737958247358 53.37387648380257, -1.5377933428979915 53.37414772722573, -1.536655330559509 53.37396080485673, -1.5340014012008185 53.37500662357808, -1.533397290743479 53.37419163456913))",46.01227247627621,46.562219956072326,89.64143920676918,2.9330532255793598,86.70838598118982,2070.498112661447,3851.20329498374,34.29968388149426,63.7986843714214,0.03300188820625637,6,345.08301877690786,281.4809509049425,641.8672158306233,569.6467628888095,5.716613980249043,4.662987894392057,10.633114061903568,9.436716590911209,5.716613980249043,10.633114061903568,98,E01007861,0.5888,E01007861,"1,577",1577.0,1780.7051823222928,29.49900048992714,296.78419705371545,4.916500081654524,288.16581198386694,4.773728696519152,Increased,Increased,Increased,0.005500314701042729
35,E01007862,Sheffield 038C,Sheffield 038C,432527,386267,-1.51258,53.3723,07697b2a-71a3-4af4-861c-fc64b3b10ed4,"POLYGON ((-1.5141678953452156 53.37685741704531, -1.5139474978368732 53.375515525349186, -1.513876775329983 53.37586291094786, -1.5123278426624096 53.376136028329356, -1.5100152534617526 53.37560211016046, -1.5091209828634862 53.376390593443105, -1.5088042141764924 53.37607627814943, -1.5084278894266119 53.375370690963344, -1.5078108593183186 53.37525833517299, -1.5072115250092022 53.37483972362239, -1.5087375479928997 53.374274158292245, -1.5102287065731317 53.37418164912278, -1.5103898415957973 53.37366324881673, -1.5102379277871663 53.37300507625946, -1.509197244172114 53.37270104057024, -1.5088145837844185 53.37286610892304, -1.5087634806325914 53.37363725438744, -1.507601335068711 53.37410866303856, -1.5068958293501256 53.37397112889745, -1.5059462428007737 53.37251079386263, -1.504727139885352 53.373113713266335, -1.5035694139934566 53.371782085717975, -1.5030427630518324 53.37183382779488, -1.502895495556295 53.371593899898244, -1.5027749195065954 53.37139556576523, -1.5051364107626455 53.371015102094766, -1.5049539381115213 53.371716524917716, -1.505972730012847 53.371897011519685, -1.5074234681477405 53.372013330488066, -1.507566414955609 53.37091320024732, -1.5079736032937447 53.37095716117315, -1.5092029473026969 53.371213794705184, -1.509022232029789 53.37072759950051, -1.5084161390542243 53.370835523633254, -1.507063734853389 53.37026564837245, -1.5065930034574844 53.36945963866096, -1.5068015217423931 53.36894818180002, -1.5090483421110403 53.3682227365426, -1.5114308924741273 53.368014809171164, -1.5138226636794094 53.36886568826003, -1.514442664697285 53.368927030641004, -1.5166025745049592 53.3691667564735, -1.516461715772034 53.36956039900235, -1.5187082047133937 53.37012720757128, -1.5197471629457657 53.370930088847096, -1.5199949840783202 53.371975067521205, -1.5204121341240269 53.37300000655829, -1.521411809866711 53.372960695282124, -1.5212655891479574 53.372751935792884, -1.5218665258767836 53.37262076197401, -1.5221902397515985 53.37324228579824, -1.5218882353396916 53.37336691893122, -1.5223880894822088 53.37368693843703, -1.5216033825054072 53.3739596429291, -1.5217702859277484 53.37427495125085, -1.5186726675236761 53.37441795029705, -1.517943064848333 53.37544513838126, -1.5185959578545285 53.37673388143723, -1.5181367816134264 53.37694197863355, -1.516995146119637 53.376083442730135, -1.516349986201259 53.37626874960911, -1.5157458425998782 53.37735887191544, -1.516051973739897 53.37760576881979, -1.5156469399013934 53.37778835917338, -1.5141678953452156 53.37685741704531))",97.52401975051374,97.70733557711247,189.73188052966492,5.499474797961297,184.23240573170364,798.8806080061589,2835.031479932165,13.234183671119151,46.964874278858176,4.7331409965681016e-05,6,133.1467680010265,91.55389506653314,472.50524665536085,413.81274458663347,2.2056972785198585,1.5166735191393306,7.827479046476363,6.85518438227907,2.2056972785198585,7.827479046476363,44,E01007862,0.6911,E01007862,"3,794",3794.0,2036.150871926006,33.73069060773902,339.35847865433436,5.621781767956504,322.25884952010034,5.3385108631397395,Increased,Increased,Increased,7.888568327613503e-06
36,E01007863,Sheffield 036C,Sheffield 036C,433208,386060,-1.50236,53.3704,5f3787bd-341a-4a04-818a-b82d65eeed86,"POLYGON ((-1.4982284041140954 53.372972405400496, -1.4980990046403435 53.37203622820132, -1.4981907437689663 53.37200077572873, -1.4968521841809275 53.36922761332612, -1.4963673724169257 53.36929805486303, -1.4962372112449853 53.36903703128875, -1.4964318835017743 53.36870971961175, -1.4971045929958033 53.36862280183626, -1.4972788061247462 53.36886687743711, -1.4991889621084469 53.36850988908116, -1.499314641676144 53.368455297285436, -1.5019544083173444 53.36755647988153, -1.5022946792294583 53.367422654314986, -1.5021273475650407 53.36784352707125, -1.504517152241359 53.367963956197165, -1.5051450427336792 53.368106907178955, -1.505328207143195 53.36863434988108, -1.5068015217423931 53.36894818180002, -1.5065930034574844 53.36945963866096, -1.507063734853389 53.37026564837245, -1.5084161390542243 53.370835523633254, -1.509022232029789 53.37072759950051, -1.5092029473026969 53.371213794705184, -1.5079736032937447 53.37095716117315, -1.507566414955609 53.37091320024732, -1.5074234681477405 53.372013330488066, -1.505972730012847 53.371897011519685, -1.5049539381115213 53.371716524917716, -1.5051364107626455 53.371015102094766, -1.5027749195065954 53.37139556576523, -1.502895495556295 53.371593899898244, -1.5024604185631059 53.372643603990326, -1.5005594193121823 53.37212808735206, -1.5005861638072044 53.37240784652933, -1.4983689443187576 53.3732893169466, -1.4982284041140954 53.372972405400496))",91.47459747275634,95.87417731112552,180.7494050263283,6.599369757553565,174.15003526877473,4301.705777816077,6825.523549029334,76.48908263336652,123.46096338725177,0.28402677569739393,12,358.4754814846731,209.0421156527495,568.7936290857779,477.06533709856956,6.37409021944721,4.304459950614763,10.288413615604314,7.974802393890959,6.37409021944721,10.288413615604314,62,E01007863,0.2791,E01007863,"1,581",1581.0,2523.8177712132574,46.971880753885245,210.31814760110478,3.914323396157104,268.02322144582007,3.670342443276196,Increased,Increased,Increased,0.02366889797478283
37,E01007864,Sheffield 036D,Sheffield 036D,433788,386042,-1.49365,53.3702,6f1532d9-32dc-4d9e-8243-8491716c62a7,"POLYGON ((-1.4928746577641323 53.37237206881169, -1.4911874764790736 53.37030780096532, -1.4905963416517634 53.36945351605464, -1.490696005229081 53.36888828185939, -1.491712284042375 53.368465021231664, -1.492209887004149 53.36875176257149, -1.4929315940898296 53.36853365274534, -1.4948133556555148 53.36817131944585, -1.495853150202818 53.36796724705036, -1.4977018808977591 53.36808754812072, -1.498809983135328 53.36854423618675, -1.499314641676144 53.368455297285436, -1.4991889621084469 53.36850988908116, -1.4972788061247462 53.36886687743711, -1.4971045929958033 53.36862280183626, -1.4964318835017743 53.36870971961175, -1.4962372112449853 53.36903703128875, -1.4963673724169257 53.36929805486303, -1.4959060289153283 53.36947341974051, -1.496322250713937 53.37036032019485, -1.4969953441622028 53.37064639077543, -1.496312377568415 53.371601815841785, -1.4948952723124262 53.37066707378561, -1.494047533977882 53.37072118411858, -1.4932820504491733 53.370222841227, -1.4926926741310789 53.37029601517945, -1.492850389443362 53.37052093153421, -1.4926006878661577 53.370334482592774, -1.492197383298065 53.37061423630156, -1.493348973314435 53.371715968703604, -1.4928746577641323 53.37237206881169))",169.01719212401068,158.93482166108188,309.62043112522156,18.331582659871,291.28884846535055,6731.747114080648,7261.067330930888,111.51751193162374,120.28618261962058,0.8903475217146791,8,841.468389260081,790.0540494768815,907.6334163663608,827.9459649833045,13.939688991452968,13.087963703342126,15.035772827452572,13.715677737750982,13.939688991452968,15.035772827452572,52,E01007864,0.1175,E01007864,"1,600",1600.0,529.3202168502394,8.768670687996831,66.16502710627981,1.096083835999604,37.89191550642306,0.6277140344088554,Increased,Increased,Increased,0.11129344021433489
38,E01007865,Sheffield 038D,Sheffield 038D,431490,385536,-1.52823,53.3658,d53241b9-5b64-4ff2-b154-3159779d9e67,"POLYGON ((-1.520349178126247 53.370169538792865, -1.521599263988058 53.36960438615428, -1.5245182241991289 53.36889357141393, -1.5238772508151401 53.36854059379184, -1.5221752687368264 53.36892478716205, -1.5211113305869284 53.36828729947623, -1.5203697922358015 53.36845783452749, -1.5213382136211397 53.367892609292014, -1.5237827581727639 53.364838483159716, -1.5246458143479351 53.3642917410032, -1.527949303157049 53.36310662290334, -1.5307263036470493 53.36296440815447, -1.5319060460153007 53.36252409716286, -1.532852709197805 53.362653645493126, -1.5340840599284462 53.36234357234406, -1.5360943557844062 53.36432138754855, -1.5351515335603945 53.364232311148626, -1.5353462241436453 53.36490010183911, -1.5340405288851033 53.36528581648281, -1.5335461532396828 53.36508440961009, -1.5323187480481695 53.3652433387629, -1.5325182765662735 53.36627846695719, -1.5310702160625071 53.36639813772301, -1.5307452445255423 53.366684571499675, -1.531547759273104 53.366978281305826, -1.5327391945688622 53.3668032823673, -1.533037949368325 53.36675939944897, -1.5326624356728573 53.367849400636935, -1.5320299458605644 53.36779976948949, -1.5316732275259102 53.367381637562964, -1.5297695030193748 53.36774225366512, -1.5288475240091102 53.367902484119845, -1.527896621341536 53.36870075433352, -1.5275812635608714 53.368984098377716, -1.5269255928515144 53.36883223698351, -1.525494590791667 53.369261972735934, -1.5255113584171933 53.369648085672374, -1.5243807212614753 53.369805133494104, -1.5247606592747882 53.370288987976814, -1.5244589969205824 53.370404352657175, -1.52408107676214 53.3699217097444, -1.5235349155076956 53.3701882132413, -1.522956913198615 53.36969303815709, -1.5208810664289734 53.37081968634792, -1.520349178126247 53.370169538792865))",79.92570039703759,69.29338245431242,137.30355412243387,11.915528728916158,125.38802539351771,4958.341234900902,6483.724182733592,87.5820017514369,115.64822507407433,0.11992664422065623,16,309.8963271813064,295.6665825008855,405.23276142084944,349.9283569664945,5.473875109464807,6.48489134148735,7.228014067129645,5.796881413088244,5.473875109464807,7.228014067129646,86,E01007865,0.449,E01007865,"1,775",1775.0,1525.3829478326898,28.066223322637427,95.33643423954305,1.7541389576648383,54.261774465608994,-0.6880099283991061,Increased,Increased,Reduced,0.007495415263791014
39,E01007866,Sheffield 030A,Sheffield 030A,433881,387213,-1.49213,53.3807,7b2d4405-b257-4685-88f3-3ec7a89ec82a,"POLYGON ((-1.4967849440469296 53.38202706746826, -1.4939848054587017 53.38091679408788, -1.4917802050927202 53.38110743553855, -1.4891312945795323 53.38096692079042, -1.4844767258353428 53.38200292325488, -1.4834864578934568 53.38196735570487, -1.4838045535783286 53.381495979638466, -1.483535082399857 53.380120974332435, -1.4834563635101772 53.3792490273952, -1.48495824625763 53.37925365216739, -1.4863135663304041 53.379257852550644, -1.4892072682172235 53.37926675641985, -1.489785758678025 53.37957333419899, -1.490646071017035 53.37939775343234, -1.4922391258721008 53.3779096898011, -1.4944907167745236 53.376912506591076, -1.4950433294792522 53.377249502043774, -1.494174390807245 53.377496115544744, -1.4947364619391894 53.37774050599293, -1.494325818201401 53.37813387512682, -1.4946132327080537 53.378687860024705, -1.495879967955611 53.378952815257634, -1.4962360364048064 53.37929107869543, -1.4954181917662974 53.37983775236107, -1.495868646487139 53.379981954258156, -1.4972835648379867 53.379355329678845, -1.496896721065386 53.3802263586434, -1.4978058258082205 53.379638117410536, -1.4977720797855896 53.37915598414258, -1.4993165908896917 53.378997876318614, -1.500398866393216 53.379974965781294, -1.5014038957712192 53.379611204307, -1.501417398317001 53.38036807198036, -1.5005649428375218 53.380650386917594, -1.5008702730652417 53.381048428145874, -1.501846747857806 53.38103374051623, -1.5038002376421111 53.38168222499086, -1.5035255877581173 53.382907085888384, -1.5039086454685575 53.3831922791655, -1.5038004331881705 53.38347282480318, -1.5037554206772938 53.38348114290549, -1.5018253592833535 53.38383845508022, -1.5013132865405738 53.38394115968104, -1.5012711594765618 53.38394974776768, -1.4991132812706147 53.38449461941074, -1.4976362492670674 53.38353653095803, -1.4968723366046102 53.383145254702804, -1.4975636759584787 53.382350989809574, -1.4970979882677236 53.38215728354513, -1.4967849440469296 53.38202706746826))",157.28497922169322,157.10166339509476,304.67090380705633,9.715738809731633,294.9551649973247,16703.687280220664,13126.771901460468,279.00550946060235,221.37440403915036,1.6062859044963038,19,879.1414358010877,970.982849825751,690.8827316558142,693.503648968972,14.684500497926443,17.87858414512742,11.651284423113177,11.695323511631008,14.68450049792644,11.651284423113177,162,E01007866,0.4278,E01007866,"1,754",1754.0,-3576.9153787601954,-57.63110542145199,-188.25870414527355,-3.033216074813266,-277.479200856779,-6.1832606334964115,Reduced,Reduced,Reduced,0.08454136339454231
40,E01007867,Sheffield 030B,Sheffield 030B,433297,386932,-1.50093,53.3782,83d80c83-8a9c-44f6-a07c-6302862d378b,"POLYGON ((-1.5038002376421111 53.38168222499086, -1.501846747857806 53.38103374051623, -1.5008702730652417 53.381048428145874, -1.5005649428375218 53.380650386917594, -1.501417398317001 53.38036807198036, -1.5014038957712192 53.379611204307, -1.500398866393216 53.379974965781294, -1.4993165908896917 53.378997876318614, -1.4977720797855896 53.37915598414258, -1.4978058258082205 53.379638117410536, -1.496896721065386 53.3802263586434, -1.4972835648379867 53.379355329678845, -1.495868646487139 53.379981954258156, -1.4954181917662974 53.37983775236107, -1.4962360364048064 53.37929107869543, -1.495879967955611 53.378952815257634, -1.4963604545908327 53.37896787575208, -1.4958682992298893 53.37871879044022, -1.4962156790070777 53.37836488824247, -1.4972725298182339 53.378962091066626, -1.4986607247021375 53.377959107127744, -1.4994253798136323 53.37783215786519, -1.4974618915490658 53.37734751258249, -1.497699840866993 53.37707834937676, -1.4968639848167304 53.376884010519845, -1.4970505441280892 53.376536799022325, -1.4969912673357282 53.3764646398735, -1.4989640982066843 53.37641420851322, -1.5015584545561613 53.37667254850765, -1.5030372483771597 53.376144952931675, -1.5025935250935123 53.37554415892877, -1.5038705588587848 53.375292684789734, -1.5045689413674135 53.374530457200905, -1.5052955505988486 53.37450332078122, -1.5056776705733173 53.374945905983935, -1.5064676912319366 53.37571588118622, -1.5038151626285838 53.376575002324, -1.5034845918939048 53.376692714401145, -1.5022601963626774 53.37707996580851, -1.5017397978848828 53.377243286888735, -1.5017943282503952 53.377614882014775, -1.5029733804883336 53.378813572487665, -1.5034905350051273 53.37935464888336, -1.5035970129028116 53.38079782912748, -1.5041853275720485 53.38111441350895, -1.5038002376421111 53.38168222499086))",134.1871850702558,133.27060593726233,260.8584212499646,6.599369757553561,254.259051492411,8270.06369186545,8228.266237889515,142.3420943113676,144.24737914239466,0.03924299761539083,18,459.44798288141396,383.4715434466765,457.125902104973,360.7599570371255,7.9078941284093105,6.352554797001334,8.013743285688593,7.367768793027593,7.9078941284093105,8.013743285688593,111,E01007867,0.1838,E01007867,"1,864",1864.0,-41.79745397593615,1.9052848310270747,-2.3220807764409415,0.10584915727928212,-22.71158640955099,1.015213996026259,Increased,Increased,Increased,0.0021801665341883796
41,E01007868,Sheffield 030C,Sheffield 030C,432844,386925,-1.50774,53.3782,432d3587-c4f8-4e4e-bc00-c941296fb223,"POLYGON ((-1.5034905350051273 53.37935464888336, -1.5029733804883336 53.378813572487665, -1.5017943282503952 53.377614882014775, -1.5017397978848828 53.377243286888735, -1.5022601963626774 53.37707996580851, -1.5034845918939048 53.376692714401145, -1.5038151626285838 53.376575002324, -1.5045051176732338 53.377360569063214, -1.504838472029421 53.37713442977468, -1.5053471812262122 53.37677610013467, -1.5062584599953233 53.37702487512877, -1.5068295505150853 53.37769516574662, -1.5076212444113553 53.37766379843666, -1.5079631181773199 53.37685740293679, -1.5055555747903737 53.37664679776423, -1.505663452628933 53.376400423878565, -1.5062895652503716 53.37644840633949, -1.5064595977593127 53.37612362861173, -1.5075790672649028 53.375788656287995, -1.5081627453266464 53.37620554751098, -1.5088042141764924 53.37607627814943, -1.5091209828634862 53.376390593443105, -1.5100152534617526 53.37560211016046, -1.5123278426624096 53.376136028329356, -1.513876775329983 53.37586291094786, -1.5139474978368732 53.375515525349186, -1.5141678953452156 53.37685741704531, -1.5143656869907074 53.37756040837623, -1.513855335503357 53.37791831117109, -1.5135602262664407 53.37804092885029, -1.5107775166780217 53.379139289053676, -1.5090574649343413 53.379276936270436, -1.5087298844127224 53.379234373643634, -1.5083294015917752 53.37920090413554, -1.5077719325357763 53.38063046938406, -1.5067595578532886 53.380758166300645, -1.505658749868408 53.38081461294076, -1.5050098534034964 53.38082416834287, -1.5035970129028116 53.38079782912748, -1.5034905350051273 53.37935464888336))",51.87837892743494,59.57764364458073,108.15633769323888,3.299684878776785,104.8566528144621,5823.814594988984,7862.151488013181,96.47678419556087,130.24368823047857,0.04174254695954829,16,363.98841218681156,280.1866758486775,491.38446800082386,417.7882651024965,6.029799012222554,4.641547051237394,8.14023051440491,6.921042494452484,6.029799012222554,8.14023051440491,339,E01007868,0.2817,E01007868,"1,282",1282.0,2038.3368930241968,33.7669040349177,127.3960558140123,2.1104315021823563,137.601589253819,2.2794954432150902,Increased,Increased,Increased,0.0026089091849717683
42,E01007869,Sheffield 020A,Sheffield 020A,436117,389263,-1.45828,53.399,9b876f97-06fa-4b6b-bc35-d840e7af907c,"POLYGON ((-1.4606885706567705 53.405414713201026, -1.4607353790652828 53.40499833587926, -1.4594429176164454 53.4050407059547, -1.4592499639590912 53.40404544822336, -1.4585283699659657 53.40362700253732, -1.4585743041236152 53.40311507240076, -1.4597513519270704 53.40263190258536, -1.4598047023988614 53.4020972371606, -1.459138053949388 53.402028432969274, -1.4576150023700132 53.402279619913124, -1.4561905710546306 53.40155772295086, -1.4561869053174161 53.40118788805793, -1.455596717212441 53.401205426455995, -1.4542400992950333 53.40064499534594, -1.4525233410763125 53.4015943263677, -1.4524049396657879 53.401621477832364, -1.4537511589489198 53.40067901209289, -1.4538401029745307 53.40015519928359, -1.453503649494321 53.39978124192635, -1.4529220960210587 53.39996947274289, -1.4523205366821372 53.39964775338694, -1.452662787229873 53.399273361530575, -1.4534474660805388 53.39952834021767, -1.4541165242347105 53.39856437050798, -1.45479177049018 53.39902987554469, -1.4539173014193594 53.399745174245425, -1.4565047269420415 53.40058370636479, -1.4579477304794215 53.39946667812245, -1.4572449037987678 53.39914888360358, -1.4579860674586953 53.39857380032339, -1.457273473123983 53.39795732181723, -1.4581564936198228 53.397597827986985, -1.4570630634084905 53.39689189967788, -1.4573836947626861 53.396610141171664, -1.4589648023906865 53.3951657125385, -1.461018114852812 53.39481867387984, -1.461437472317875 53.394758723048824, -1.4609574812285755 53.39574027916301, -1.4592804046325836 53.39658222906383, -1.4598314218384 53.39742127093029, -1.4621270533417536 53.396427413778305, -1.4629511535016586 53.39662616658668, -1.4640406470599523 53.39645522289044, -1.4642674579223391 53.39666389659127, -1.4642459348482797 53.3971552828202, -1.4630508897833907 53.39786338461598, -1.463943538046648 53.3988046781598, -1.4628613664350547 53.39948061504798, -1.4631740646812055 53.4001406339269, -1.4626489054994076 53.40074561048851, -1.4627070068390673 53.401483131413755, -1.4621379416521283 53.40195458825556, -1.4624592001003485 53.40220606290061, -1.462278504994291 53.40279295128741, -1.4604343621407874 53.40380613153698, -1.4601442536663756 53.404297071796414, -1.4617087650255542 53.40539358840072, -1.46115194532204 53.405612783772874, -1.4606885706567705 53.405414713201026))",26.397479030214257,19.06484596626585,44.54574586348656,0.91657913299355,43.62916673049301,5113.701668218166,3690.4083992637225,67.67535414613076,44.07800240302148,0.18951897206531698,8,639.2127085272707,583.2396066933879,461.3010499079653,437.28028275029396,8.459419268266345,6.354053239959152,5.509750300377685,5.336762176103074,8.459419268266345,5.509750300377685,42,E01007869,0.3434,E01007869,"1,664",1664.0,-1423.2932689544432,-23.59735174310928,-177.9116586193054,-2.94966896788866,-145.95932394309398,-1.017291063856078,Reduced,Reduced,Reduced,0.023689871508164623
43,E01007870,Sheffield 019A,Sheffield 019A,435426,389349,-1.46866,53.3998,89412b09-1972-4753-b5f6-909a9dd6223b,"POLYGON ((-1.4604343621407874 53.40380613153698, -1.462278504994291 53.40279295128741, -1.4624592001003485 53.40220606290061, -1.4621379416521283 53.40195458825556, -1.4627070068390673 53.401483131413755, -1.4626489054994076 53.40074561048851, -1.4631740646812055 53.4001406339269, -1.4628613664350547 53.39948061504798, -1.463943538046648 53.3988046781598, -1.4630508897833907 53.39786338461598, -1.4642459348482797 53.3971552828202, -1.4642674579223391 53.39666389659127, -1.4650568055312228 53.396643460938265, -1.465046604073986 53.39707124020107, -1.4655612327986836 53.39708742653217, -1.4653957323284466 53.39625040224328, -1.4660159488224034 53.39596662611192, -1.466666517603215 53.396198087280005, -1.4664139585427411 53.396749070848905, -1.4669790136621297 53.39682954306284, -1.4675222793228908 53.39659905119875, -1.4681016367931734 53.39531591905422, -1.468772793494382 53.39518679883554, -1.4686063890688201 53.39620673174929, -1.4697635526907904 53.395061323007276, -1.469952306587221 53.39415235384902, -1.471568458410753 53.39424576895892, -1.471628186567371 53.395069584524165, -1.472734734381707 53.395577839179, -1.4699763288073204 53.39748562247852, -1.4703599041625028 53.397851238942614, -1.4740805207205854 53.398460271610524, -1.4739694402065722 53.399209392504325, -1.4746290758283538 53.40025663424539, -1.4765211147843242 53.40131928268396, -1.474448525456087 53.402653422313755, -1.4731051510448103 53.40300293512324, -1.473257049647839 53.40419455751982, -1.4728786096056512 53.40449147377067, -1.4725190036411397 53.404270716184584, -1.4721728810202905 53.40448041569174, -1.4710081872698937 53.40262631125547, -1.4701549084581254 53.40141734263169, -1.4689254100738303 53.40170132406474, -1.4674304655814303 53.401445063178386, -1.4672157443149123 53.400344351364545, -1.4667874096278761 53.40077716836368, -1.466062438145423 53.40036993484447, -1.4658606056535177 53.400631456822936, -1.4655505254992587 53.40089902003488, -1.4658407878493838 53.401333931481844, -1.464490619536285 53.401995942977074, -1.4642308851794419 53.40284862988319, -1.4633723679316657 53.40278964037377, -1.4631777098579386 53.40307404816912, -1.4632782979663492 53.40373339621933, -1.464804594921779 53.403164968591646, -1.4656143506515082 53.403753606945926, -1.4649402313601314 53.404479862592304, -1.4623841280399388 53.404857669044354, -1.4617087650255542 53.40539358840072, -1.4601442536663756 53.404297071796414, -1.4604343621407874 53.40380613153698))",31.896953828175562,45.64564082307882,76.0760680384647,1.46652661278968,74.60954142567502,14939.406261822674,10569.4411431743,217.83963019363415,155.19315138709428,0.5535892985015202,20,746.9703130911337,556.0030978278495,528.4720571587152,433.79913371006,10.891981509681708,8.068567719393185,7.759657569354713,6.218785827725596,10.891981509681708,7.759657569354713,95,E01007870,0.5469,E01007870,"1,896",1896.0,-4369.965118648375,-62.646478806539875,-218.4982559324185,-3.1323239403269945,-122.2039641177895,-1.8497818916675888,Reduced,Reduced,Reduced,0.02767946492507601
44,E01007871,Sheffield 019B,Sheffield 019B,435275,389926,-1.47087,53.405,f096edfe-c9e2-44a1-93f2-b7205ac6bea6,"POLYGON ((-1.4751349717200881 53.40831863774398, -1.4745954859242507 53.407622702136784, -1.4721391287391141 53.40763625254741, -1.4721262292087482 53.40737284413464, -1.4711946243305798 53.40743907161571, -1.4683412789101682 53.40782994572551, -1.468755225536493 53.405996051392336, -1.468147611307079 53.40526526671941, -1.4684649669331726 53.405103773018816, -1.469548692874882 53.40387888218563, -1.4687664457924858 53.403515967944564, -1.4686882158622052 53.40386873968496, -1.46648561359421 53.404664991626476, -1.4656143506515082 53.403753606945926, -1.464804594921779 53.403164968591646, -1.4632782979663492 53.40373339621933, -1.4631777098579386 53.40307404816912, -1.4633723679316657 53.40278964037377, -1.4642308851794419 53.40284862988319, -1.464490619536285 53.401995942977074, -1.4658407878493838 53.401333931481844, -1.4655505254992587 53.40089902003488, -1.4658606056535177 53.400631456822936, -1.466062438145423 53.40036993484447, -1.4667874096278761 53.40077716836368, -1.4672157443149123 53.400344351364545, -1.4674304655814303 53.401445063178386, -1.4689254100738303 53.40170132406474, -1.4701549084581254 53.40141734263169, -1.4710081872698937 53.40262631125547, -1.4721728810202905 53.40448041569174, -1.4725190036411397 53.404270716184584, -1.4728786096056512 53.40449147377067, -1.473257049647839 53.40419455751982, -1.4731051510448103 53.40300293512324, -1.474448525456087 53.402653422313755, -1.4765211147843242 53.40131928268396, -1.478279312106844 53.401754348295, -1.4785272585741704 53.40564069748239, -1.478573176297854 53.4062712902378, -1.4758616425604947 53.40790887098951, -1.475813518546374 53.40826899699024, -1.4751349717200881 53.40831863774398))",37.579744452735554,34.096743747360065,71.12654072029949,0.54994747979613,70.57659324050336,7845.627234365769,5290.324932893149,112.00087906847384,76.90879353267442,0.3044036995635176,10,784.5627234365769,542.533086483119,529.0324932893149,372.649073715713,11.200087906847383,7.689501032284502,7.690879353267443,4.902999716356525,11.200087906847383,7.690879353267443,47,E01007871,0.4665,E01007871,"1,833",1833.0,-2555.3023014726205,-35.09208553579941,-255.53023014726205,-3.50920855357994,-169.88401276740598,-2.7865013159279775,Reduced,Reduced,Reduced,0.03044036995635176
45,E01007872,Sheffield 020B,Sheffield 020B,435663,389959,-1.46503,53.4053,bed73e6a-c573-4a92-9efd-d38b6938039b,"POLYGON ((-1.4661579519820127 53.40926520890941, -1.4651515889843563 53.40896784887398, -1.463545612501037 53.40938930910332, -1.4618703366758812 53.40930574957411, -1.4610571289872136 53.408770009617356, -1.460919626664546 53.408696913754184, -1.4582680417383223 53.40718405710938, -1.4572319397878641 53.40618721763428, -1.4570260242249158 53.40598245956256, -1.4563895268027685 53.40476357591341, -1.4569359899251673 53.40451534289735, -1.4563643431474718 53.40406384912931, -1.456288867250704 53.40336022331879, -1.4551354379069776 53.403863178930024, -1.454777097638851 53.40369455268947, -1.4539738368407211 53.40398822043926, -1.453042837606329 53.403911917724415, -1.4522972893119068 53.402586259863945, -1.4535123173413758 53.402573558835265, -1.453578353250689 53.40215069222699, -1.4525233410763125 53.4015943263677, -1.4542400992950333 53.40064499534594, -1.455596717212441 53.401205426455995, -1.4561869053174161 53.40118788805793, -1.4561905710546306 53.40155772295086, -1.4576150023700132 53.402279619913124, -1.459138053949388 53.402028432969274, -1.4598047023988614 53.4020972371606, -1.4597513519270704 53.40263190258536, -1.4585743041236152 53.40311507240076, -1.4585283699659657 53.40362700253732, -1.4592499639590912 53.40404544822336, -1.4594429176164454 53.4050407059547, -1.4607353790652828 53.40499833587926, -1.4606885706567705 53.405414713201026, -1.46115194532204 53.405612783772874, -1.4617087650255542 53.40539358840072, -1.4623841280399388 53.404857669044354, -1.4649402313601314 53.404479862592304, -1.4656143506515082 53.403753606945926, -1.46648561359421 53.404664991626476, -1.4686882158622052 53.40386873968496, -1.4687664457924858 53.403515967944564, -1.469548692874882 53.40387888218563, -1.4684649669331726 53.405103773018816, -1.468147611307079 53.40526526671941, -1.468755225536493 53.405996051392336, -1.4683412789101682 53.40782994572551, -1.46736554984838 53.40791845281045, -1.467810566268164 53.409322068339286, -1.468079187791335 53.4097423380328, -1.4677160644766278 53.409815182915565, -1.4661579519820127 53.40926520890941))",45.462324996480106,20.348056752456817,65.26043426914079,0.54994747979613,64.71048678934466,3534.5414096919017,2695.254527586316,41.51512857797242,27.592373653471693,0.1349750315561617,6,589.0902349486503,583.2396066933879,449.20908793105264,376.50545634213097,6.919188096328736,4.830947204060866,4.598728942245282,4.589322453994157,6.919188096328736,4.598728942245282,57,E01007872,0.4611,E01007872,"1,782",1782.0,-839.2868821055858,-13.922754924500726,-139.88114701759764,-2.320459154083454,-206.73415035125697,-0.24162475006670903,Reduced,Reduced,Reduced,0.022495838592693617
46,E01007873,Sheffield 020C,Sheffield 020C,436657,389649,-1.45011,53.4024,c6957bf3-782a-4395-ac5d-db06dc729bb9,"POLYGON ((-1.4524302151168411 53.40723721029167, -1.452005034717222 53.40664848088767, -1.451491893483431 53.406780956184015, -1.4506955097029874 53.40554585009754, -1.4465117891223063 53.406367476480035, -1.4461450961323319 53.406072728597415, -1.4485928676625732 53.40536499319174, -1.4496985537044953 53.40542522758198, -1.4499021332442807 53.40522900764789, -1.4492379649824858 53.405078524620464, -1.4485471010455577 53.403955241700835, -1.447405012769556 53.40392263014772, -1.4468178899950577 53.40436922082129, -1.4453453704934922 53.40442898630535, -1.444681734829684 53.40479505478931, -1.4440964130532592 53.404323366787, -1.4468488403783115 53.40291239927582, -1.4463844639330317 53.40276642954642, -1.4469857757757905 53.402029078050646, -1.4450494829707525 53.40192285101625, -1.4402842461509384 53.40457169573729, -1.4385976630273436 53.40357502815809, -1.4393885733172822 53.4017630293736, -1.443818815498735 53.39881747232001, -1.4470896836473826 53.40057645871358, -1.447770770689626 53.40012021561607, -1.4488342904310543 53.39941599219027, -1.449986599306824 53.39963819061404, -1.4504816656481028 53.39882409918314, -1.4507700044887655 53.398651669490526, -1.4525454970598997 53.39890959170263, -1.4526668099834357 53.398099018317524, -1.4535230104817503 53.39758582827845, -1.4541880974787715 53.397640077259965, -1.4541165242347105 53.39856437050798, -1.4534474660805388 53.39952834021767, -1.452662787229873 53.399273361530575, -1.4523205366821372 53.39964775338694, -1.4529220960210587 53.39996947274289, -1.453503649494321 53.39978124192635, -1.4538401029745307 53.40015519928359, -1.4537511589489198 53.40067901209289, -1.4524049396657879 53.401621477832364, -1.4525233410763125 53.4015943263677, -1.453578353250689 53.40215069222699, -1.4535123173413758 53.402573558835265, -1.4522972893119068 53.402586259863945, -1.453042837606329 53.403911917724415, -1.4539738368407211 53.40398822043926, -1.454777097638851 53.40369455268947, -1.4551354379069776 53.403863178930024, -1.456288867250704 53.40336022331879, -1.4563643431474718 53.40406384912931, -1.4569359899251673 53.40451534289735, -1.4563895268027685 53.40476357591341, -1.456197082927937 53.404826225741395, -1.4542066730353693 53.40596485845464, -1.4524302151168411 53.40723721029167))",24.19768911102972,19.981425099259386,43.812482557091684,0.36663165319742,43.44585090389426,7113.1426722417755,6092.685728955171,91.12970954759774,81.24692986200424,0.2131945693637275,12,592.7618893534813,530.656940594413,507.72381074626423,542.328743168964,7.5941424622998115,8.20336544373523,6.770577488500353,7.627747848768228,7.5941424622998115,6.770577488500353,163,E01007873,0.5459,E01007873,"2,268",2268.0,-1020.4569432866047,-9.882779685593505,-85.03807860721702,-0.8235649737994581,11.671802574551066,-0.5756175949670013,Reduced,Reduced,Reduced,0.017766214113643958
47,E01007874,Sheffield 022A,Sheffield 022A,436302,389140,-1.45551,53.3979,50255a10-d3a2-442c-802a-dd342b13e928,"POLYGON ((-1.4541880974787715 53.397640077259965, -1.4535230104817503 53.39758582827845, -1.4526668099834357 53.398099018317524, -1.4525454970598997 53.39890959170263, -1.4507700044887655 53.398651669490526, -1.4504816656481028 53.39882409918314, -1.450032669154427 53.398621522626286, -1.4537332617349472 53.396202569229494, -1.4535144860675624 53.39567123648768, -1.4541807177289985 53.394854011206, -1.4547583581675638 53.394831984086615, -1.4552605754609427 53.39544082242606, -1.4557621562337284 53.39542729743943, -1.456555229949295 53.394255907432296, -1.4533599831274306 53.394484023591225, -1.4540668531017702 53.394034235407055, -1.4548741194580366 53.394037391521785, -1.4546549011226952 53.3934415828345, -1.4571524204899966 53.39341368649545, -1.4578847693943855 53.393767570760026, -1.4581302660848534 53.39338217123679, -1.4595689771969045 53.39363493343887, -1.4607985933194179 53.39468091870871, -1.461018114852812 53.39481867387984, -1.4589648023906865 53.3951657125385, -1.4573836947626861 53.396610141171664, -1.4570630634084905 53.39689189967788, -1.4581564936198228 53.397597827986985, -1.457273473123983 53.39795732181723, -1.4579860674586953 53.39857380032339, -1.4572449037987678 53.39914888360358, -1.4579477304794215 53.39946667812245, -1.4565047269420415 53.40058370636479, -1.4539173014193594 53.399745174245425, -1.45479177049018 53.39902987554469, -1.4541165242347105 53.39856437050798, -1.4541880974787715 53.397640077259965))",10.63231794272518,19.248161792864565,29.513848082392325,0.36663165319742,29.147216429194906,4216.339841122475,3320.92870981197,61.349708010179754,48.38681677855003,0.203193617877891,6,702.7233068537458,641.2110495257166,553.488118301995,497.5769358387035,10.224951335029958,7.54510072973355,8.06446946309167,6.7718309867387845,10.224951335029958,8.06446946309167,65,E01007874,0.2341,E01007874,"1,919",1919.0,-895.4111313105054,-12.962891231629726,-149.23518855175087,-2.1604818719382877,-143.6341136870131,-0.7732697429947653,Reduced,Reduced,Reduced,0.0338656029796485
48,E01007875,Sheffield 022B,Sheffield 022B,435748,388678,-1.4639,53.3937,abefbfe6-8d62-4864-9beb-3b6d841832d8,"POLYGON ((-1.4592804046325836 53.39658222906383, -1.4609574812285755 53.39574027916301, -1.461437472317875 53.394758723048824, -1.461018114852812 53.39481867387984, -1.4607985933194179 53.39468091870871, -1.4595689771969045 53.39363493343887, -1.4581302660848534 53.39338217123679, -1.4583753021104806 53.39303272383604, -1.4588259450071797 53.3930707208972, -1.4611270633345645 53.39423167427075, -1.4610547727038878 53.392811136556546, -1.463529478492652 53.39332564164402, -1.464884845357342 53.393503242536624, -1.4651610211912836 53.39309085623236, -1.4658505993650084 53.39348352888335, -1.466518385668095 53.39362351832468, -1.4670018170061427 53.393940261959244, -1.4674335376158039 53.39378355517009, -1.4675186525693549 53.39349173962427, -1.466575656135125 53.39340396491423, -1.4665083498719842 53.39289486915559, -1.468008051373124 53.39232994901854, -1.4679698742508431 53.392020900983695, -1.4669719990616088 53.392208477848385, -1.4651802083018584 53.3918955554474, -1.466075876475405 53.39003459907303, -1.468539622813145 53.39101910478343, -1.4686724828514524 53.39107748402255, -1.469078933589293 53.39086056954477, -1.4700059958242437 53.39249163724612, -1.4700049837130442 53.3933034362384, -1.4693357145514148 53.39336083310545, -1.4692388409030241 53.39311908370445, -1.4691855853079985 53.393792027131816, -1.469952306587221 53.39415235384902, -1.4697635526907904 53.395061323007276, -1.4686063890688201 53.39620673174929, -1.468772793494382 53.39518679883554, -1.4681016367931734 53.39531591905422, -1.4675222793228908 53.39659905119875, -1.4669790136621297 53.39682954306284, -1.4664139585427411 53.396749070848905, -1.466666517603215 53.396198087280005, -1.4660159488224034 53.39596662611192, -1.4653957323284466 53.39625040224328, -1.4655612327986836 53.39708742653217, -1.465046604073986 53.39707124020107, -1.4650568055312228 53.396643460938265, -1.4642674579223391 53.39666389659127, -1.4640406470599523 53.39645522289044, -1.4629511535016586 53.39662616658668, -1.4621270533417536 53.396427413778305, -1.4598314218384 53.39742127093029, -1.4592804046325836 53.39658222906383))",22.547846671641324,18.514898486469704,36.84648114634069,4.216264011770332,32.63021713457036,4334.465646273752,2753.7800146517347,65.11203055139686,41.72408615136608,0.0882454070100659,8,541.808205784219,505.2810636709635,344.22250183146684,333.9239914604605,8.139003818924607,7.065515548396661,5.21551076892076,4.6697495802838285,8.139003818924607,5.21551076892076,65,E01007875,0.2808,E01007875,"1,853",1853.0,-1580.6856316220174,-23.387944400030776,-197.58570395275217,-2.923493050003847,-171.35707221050296,-2.3957659681128325,Reduced,Reduced,Reduced,0.011030675876258238
49,E01007877,Sheffield 022D,Sheffield 022D,437589,389630,-1.4361,53.4022,9b3ab188-75d5-408a-ab1b-9e9bcb3a91b0,"POLYGON ((-1.436109702862361 53.40688732295411, -1.433692705379564 53.405934169191504, -1.434047409100473 53.40529736283001, -1.4329430894864648 53.40463595313298, -1.4338603795396436 53.40397673230867, -1.4328629058271154 53.40320315482451, -1.4309206784637583 53.403200975210744, -1.4333092163155814 53.4019860302032, -1.4324433688093996 53.40149653120652, -1.433609407165599 53.40089982334396, -1.431817134382675 53.39995648973007, -1.4314695863522746 53.40017698262016, -1.4299901577581096 53.39928647106, -1.4292927476559432 53.39978266068861, -1.4286211709777685 53.399392937064675, -1.4294284418935879 53.39863276598516, -1.4288754162092347 53.398615444879255, -1.4274234269126858 53.39774135569157, -1.4281113335483049 53.39703546115916, -1.4292626602796832 53.39753534514826, -1.430037993159852 53.39690983857617, -1.4328267610570258 53.39817465128523, -1.433234956772624 53.39752929525452, -1.4361230916890888 53.39631441116049, -1.4371721372276334 53.396476251226645, -1.4359656915095167 53.39900537049411, -1.4371145404982237 53.39970291761291, -1.4366574400688323 53.400150197136156, -1.4393885733172822 53.4017630293736, -1.4385976630273436 53.40357502815809, -1.4402842461509384 53.40457169573729, -1.4450494829707525 53.40192285101625, -1.4469857757757905 53.402029078050646, -1.4463844639330317 53.40276642954642, -1.4468488403783115 53.40291239927582, -1.4440964130532592 53.404323366787, -1.444681734829684 53.40479505478931, -1.4453453704934922 53.40442898630535, -1.4468178899950577 53.40436922082129, -1.447405012769556 53.40392263014772, -1.4485471010455577 53.403955241700835, -1.4492379649824858 53.405078524620464, -1.4499021332442807 53.40522900764789, -1.4496985537044953 53.40542522758198, -1.4485928676625732 53.40536499319174, -1.4461450961323319 53.406072728597415, -1.4465117891223063 53.406367476480035, -1.4506955097029874 53.40554585009754, -1.451491893483431 53.406780956184015, -1.452005034717222 53.40664848088767, -1.4524302151168411 53.40723721029167, -1.4517388268152716 53.40747519651342, -1.4509228477567508 53.4077056723758, -1.4481597865427471 53.40805684312542, -1.444771455649426 53.40778534574294, -1.4444214833945273 53.407703629840405, -1.4421573091896907 53.40743990498214, -1.4402133468497371 53.407328287953284, -1.4384463367312312 53.40729116020362, -1.436109702862361 53.40688732295411))",30.797058868583278,40.329481851716196,67.27690836172657,3.849632358572911,63.42727600315366,21711.803380332218,21259.042189919972,300.40034462158997,296.0143440019127,0.5856140053257337,47,461.9532634113238,356.4528586097,452.32004659404197,390.884677149189,6.391496694076381,5.833738792126752,6.29817753195559,5.397742015636476,6.391496694076382,6.29817753195559,315,,,,,,-452.7611904122459,-4.386000619677247,-9.633216817281834,-0.09331916212079161,34.43181853948897,-0.4359967764902759,Reduced,Reduced,Reduced,0.012459872453739015
50,E01007878,Sheffield 075A,Sheffield 075A,437040,386840,-1.44468,53.3771,d824b928-c058-4fd7-9917-ae5ddb269e8c,"POLYGON ((-1.4425592382248027 53.378659547000105, -1.4421137992475626 53.37817952845832, -1.4410983930776111 53.37835232636918, -1.4406988793045974 53.3776900015481, -1.4404744882314777 53.377030796918916, -1.4414542633460126 53.37635163823574, -1.4413738088961618 53.37600841437579, -1.4407080815650233 53.37604905587098, -1.4408920198652506 53.375841864241224, -1.4415885222900067 53.37564485408927, -1.441374418541054 53.37540039798561, -1.4414873811465025 53.374789257560735, -1.4408308513319 53.37450127024185, -1.4411613890870871 53.374346818086735, -1.4406885503291047 53.37372438310584, -1.4416040311956178 53.373424982927645, -1.441888640893497 53.373792675460756, -1.441424693059765 53.37391179133337, -1.4419842814489567 53.37463830455895, -1.4433683665309944 53.375200095048164, -1.4446933234957353 53.374372280576935, -1.4473989890197454 53.37552639652116, -1.4477215955059424 53.37520523880452, -1.4489549192862226 53.37725941792407, -1.4485817853314111 53.377689891028126, -1.4492883848732212 53.37785650291926, -1.4494807555745253 53.37824682556979, -1.4489534065761935 53.37835877509973, -1.447417810837654 53.37996538753869, -1.4476643069355428 53.38061728305495, -1.4466569927408393 53.38082300141153, -1.4447759095397839 53.379985477337996, -1.4453090842056822 53.37945520282856, -1.4449147843043324 53.37903012866408, -1.4434331960330704 53.37874589632523, -1.4425592382248027 53.378659547000105))",2.93305322557936,3.11636905217807,5.682790624560011,0.36663165319742,5.316158971362591,11300.875309202309,9078.978714194029,146.9050557959144,115.88947575385271,0.640650668029703,10,1130.0875309202308,1284.879638385255,907.8978714194029,829.7403535588919,14.69050557959144,15.767847578347837,11.588947575385271,12.002354548948418,14.69050557959144,11.588947575385271,38,E01007878,0.2523,E01007878,"1,462",1462.0,-2221.89659500828,-31.015580042061686,-222.18965950082793,-3.1015580042061686,-455.1392848263631,-3.765493029399419,Reduced,Reduced,Reduced,0.0640650668029703
51,E01007879,Sheffield 075B,Sheffield 075B,436439,386785,-1.45372,53.3767,b5069472-831e-40e3-9cb0-5e4f17b97b9e,"POLYGON ((-1.4528329926626007 53.37982427784037, -1.4494807555745253 53.37824682556979, -1.4492883848732212 53.37785650291926, -1.4485817853314111 53.377689891028126, -1.4489549192862226 53.37725941792407, -1.4477215955059424 53.37520523880452, -1.4474994483241295 53.37481603373988, -1.4479289320617188 53.374512457343606, -1.451340983366174 53.37583073456225, -1.450971368784765 53.37517641962272, -1.4516369195777592 53.375473857507785, -1.4519270574381213 53.375241644520734, -1.452327720191966 53.375689016902584, -1.4527566689665392 53.37558943756969, -1.4525909718365841 53.37503873088061, -1.45126556282324 53.37452564945534, -1.4506988440694824 53.37364835256757, -1.4509904027958898 53.3732711064203, -1.4520487632149426 53.37325934660376, -1.4522472748642896 53.37371502323806, -1.4539851851919001 53.37380068840624, -1.4543562407771051 53.374338421569576, -1.4583932132970296 53.37571861720413, -1.4572030026315959 53.37675552680703, -1.4576648510180912 53.37699009074997, -1.4582067718123024 53.37660553240783, -1.4588208525491457 53.377115189565224, -1.4599665331279463 53.37711076617251, -1.4596768483234654 53.378099276124026, -1.459214307619991 53.37784563210142, -1.4554387263988493 53.379221727388035, -1.4552866892166454 53.37935586469798, -1.4541457663152433 53.379233802947184, -1.4539523255991882 53.37946077345464, -1.4528329926626007 53.37982427784037))",46.37890412947364,44.72906169008526,87.62496511418341,3.4830007053754914,84.14196440880792,12465.923998425587,9915.002806358709,164.77175173899175,125.56104787492457,1.3161571647807533,10,1246.5923998425587,1437.99361797049,991.5002806358709,788.0105832103445,16.477175173899177,18.572056976802024,12.556104787492455,12.008933290126434,16.477175173899177,12.556104787492457,183,E01007879,0.3193,E01007879,"1,468",1468.0,-2550.9211920668786,-39.210703864067185,-255.0921192066878,-3.921070386406722,-649.9830347601455,-6.56312368667559,Reduced,Reduced,Reduced,0.13161571647807532
52,E01007881,Sheffield 075C,Sheffield 075C,437420,386243,-1.43904,53.3717,c921f793-c000-40e0-90d1-332562e16c31,"POLYGON ((-1.4382181402556613 53.3763049462749, -1.4358606878544684 53.3755851459768, -1.4347017949878411 53.37566389975715, -1.43431562675828 53.374178069554425, -1.4350867900184388 53.373680612736536, -1.4365068737381437 53.37348115949303, -1.436327399109255 53.37307807625731, -1.4324926548099435 53.37090512990369, -1.432984219538306 53.36954613441479, -1.4333457245530214 53.369065205777005, -1.4337056323188841 53.3689762615746, -1.4391351486098054 53.36736036192914, -1.4399829607144803 53.367926999022906, -1.4406757652996771 53.36759766277087, -1.4410993952384188 53.36770638721257, -1.4414320189775098 53.36731585504779, -1.4427328756613422 53.36815849511591, -1.4435196339724943 53.36847318259564, -1.4453407525067457 53.369534836218556, -1.4456106609445987 53.370728955874206, -1.445096247027379 53.37071058943601, -1.4453089188420811 53.371641581945234, -1.4448172659243932 53.37175898230834, -1.4454794577224477 53.37306847018437, -1.4451534543885751 53.37325882032741, -1.4444017777047435 53.37251924871471, -1.443776377273722 53.372560094818496, -1.4427105254394916 53.37292944343553, -1.442343712398554 53.3735047531434, -1.4416040311956178 53.373424982927645, -1.4406885503291047 53.37372438310584, -1.4411613890870871 53.374346818086735, -1.4408308513319 53.37450127024185, -1.4414873811465025 53.374789257560735, -1.441374418541054 53.37540039798561, -1.4415885222900067 53.37564485408927, -1.4408920198652506 53.375841864241224, -1.4394562835932303 53.3749284966073, -1.4390983023811144 53.3760543031722, -1.4382181402556613 53.3763049462749))",8.43252802354066,11.365581249120014,19.614793446061963,0.18331582659871,19.43147761946325,11457.042941256077,10888.596493505522,149.4921146196872,145.86743970231106,0.6473663439839077,12,954.7535784380065,1095.718136523345,907.3830411254602,829.7403535588919,12.457676218307265,13.234916232588045,12.155619975192588,12.002354548948418,12.457676218307265,12.155619975192588,41,E01007881,0.542,E01007881,"1,558",1558.0,-568.4464477505553,-3.624674917376126,-47.370537312546276,-0.30205624311467716,-265.9777829644531,-1.2325616836396271,Reduced,Reduced,Reduced,0.053947195331992305
53,E01007882,Sheffield 075D,Sheffield 075D,436882,386376,-1.44711,53.373,83f1bdfe-5c0c-4188-8078-ebf288a00153,"POLYGON ((-1.451340983366174 53.37583073456225, -1.4479289320617188 53.374512457343606, -1.4474994483241295 53.37481603373988, -1.4477215955059424 53.37520523880452, -1.4473989890197454 53.37552639652116, -1.4446933234957353 53.374372280576935, -1.4433683665309944 53.375200095048164, -1.4419842814489567 53.37463830455895, -1.441424693059765 53.37391179133337, -1.441888640893497 53.373792675460756, -1.4416040311956178 53.373424982927645, -1.442343712398554 53.3735047531434, -1.4427105254394916 53.37292944343553, -1.443776377273722 53.372560094818496, -1.4444017777047435 53.37251924871471, -1.4451534543885751 53.37325882032741, -1.4454794577224477 53.37306847018437, -1.4448172659243932 53.37175898230834, -1.4453089188420811 53.371641581945234, -1.445096247027379 53.37071058943601, -1.4456106609445987 53.370728955874206, -1.4453407525067457 53.369534836218556, -1.4456686910654017 53.36917686377304, -1.4471884505229131 53.370572710670004, -1.4495861726991222 53.3731552461032, -1.4506988440694824 53.37364835256757, -1.45126556282324 53.37452564945534, -1.4525909718365841 53.37503873088061, -1.4527566689665392 53.37558943756969, -1.452327720191966 53.375689016902584, -1.4519270574381213 53.375241644520734, -1.4516369195777592 53.375473857507785, -1.450971368784765 53.37517641962272, -1.451340983366174 53.37583073456225))",14.115318648100672,21.99789919184521,35.196638706952335,0.91657913299355,34.28005957395879,9398.10215268434,10091.003553370472,141.85372078566243,151.8107279302948,0.6398079687710884,12,783.1751793903617,736.639102587336,840.9169627808727,764.8770617433105,11.821143398805203,12.203096539419354,12.650893994191234,12.670884008814095,11.821143398805203,12.650893994191234,61,E01007882,0.2101,E01007882,"1,501",1501.0,692.9014006861325,9.957007144632371,57.741783390511046,0.8297505953860309,28.237959155974522,0.46778746939474125,Increased,Increased,Increased,0.05331733073092403
54,E01007883,Sheffield 027A,Sheffield 027A,437894,387885,-1.43172,53.3865,a9247599-2fc1-4ebf-b1ee-a12136d1f82b,"POLYGON ((-1.4203903970019232 53.38639888069578, -1.422089163708663 53.383218119224985, -1.422536272919616 53.382261828551115, -1.4232018174225465 53.38188441724133, -1.4240773471753354 53.381554207918064, -1.4257099618775617 53.38078921644323, -1.4259772458817042 53.38095597724154, -1.4269145868225463 53.38156964349623, -1.4303398833003453 53.38295267263559, -1.43315526205541 53.38491408140356, -1.4368709310096706 53.3859075511043, -1.4389231349250917 53.384791876693015, -1.4396670058968444 53.38362532687279, -1.440679886651284 53.3835669823683, -1.4400683252199422 53.38231747346643, -1.441414053699876 53.38173714440346, -1.4402067370538585 53.38091871164336, -1.4411236806187997 53.38067469607746, -1.441960600873316 53.38099293166569, -1.4446844038658693 53.381994666132194, -1.44383122770178 53.382161167351406, -1.4442302303160575 53.38334670209699, -1.4435222087320116 53.384663396679066, -1.4429780191438244 53.38466447365807, -1.4427949284942578 53.386344120274664, -1.4446225726552335 53.38746968426042, -1.439264370922649 53.38935973875199, -1.436205544066543 53.39120263035999, -1.4336652214324273 53.391580147907895, -1.4284401989507272 53.3922600073169, -1.4272378627502809 53.391736953376515, -1.4289550839592335 53.389858374872546, -1.4257125815471388 53.389327299217236, -1.4250351658324523 53.389225822732854, -1.421625533812336 53.388454701102894, -1.4194821860471754 53.38786631019402, -1.4203634000174823 53.386449365116015, -1.4203903970019232 53.38639888069578))",109.25623265283116,73.69296229268149,169.56713960380682,13.38205534170584,156.185084262101,21750.225913178438,22670.31609196542,325.9852456985505,350.3798960518956,0.8741400199025207,50,435.0045182635688,282.849277085789,453.40632183930813,294.1657108483475,6.519704913971009,4.0644212815268945,7.007597921037914,4.765890860441555,6.51970491397101,7.007597921037912,773,E01007883,1.175,E01007883,"1,970",1970.0,920.0901787869807,24.394650353345128,18.401803575739336,0.48789300706690497,11.31643376255846,0.7014695789146606,Increased,Increased,Increased,0.017482800398050412
55,E01007885,Sheffield 075E,Sheffield 075E,436741,387535,-1.4491,53.3834,6ffc4db8-e6a4-4589-afd2-1ada1c8a3379,"POLYGON ((-1.447852030800766 53.388043572656045, -1.4480656372581806 53.38722181553634, -1.4468061138833728 53.38706430493242, -1.4446225726552335 53.38746968426042, -1.4427949284942578 53.386344120274664, -1.4429780191438244 53.38466447365807, -1.4435222087320116 53.384663396679066, -1.4442302303160575 53.38334670209699, -1.44383122770178 53.382161167351406, -1.4446844038658693 53.381994666132194, -1.441960600873316 53.38099293166569, -1.4420247929951802 53.380971868990734, -1.4420303686365243 53.380545156105164, -1.4430491990870526 53.380127927251756, -1.4447759095397839 53.379985477337996, -1.4466569927408393 53.38082300141153, -1.4476643069355428 53.38061728305495, -1.447417810837654 53.37996538753869, -1.4489534065761935 53.37835877509973, -1.4494807555745253 53.37824682556979, -1.4528329926626007 53.37982427784037, -1.4539523255991882 53.37946077345464, -1.453267674251656 53.3812374408951, -1.4544846829854459 53.38265663135255, -1.455411375363395 53.38254529225941, -1.4552203382533873 53.38312407538848, -1.4531489996495772 53.38305475464255, -1.4524305638491846 53.38327805949517, -1.4527453320271 53.383397694452114, -1.452388889155508 53.38368368127382, -1.4521300962884867 53.38420814469468, -1.4528433711146154 53.383880926626524, -1.4539710491048985 53.383960657101156, -1.4539583938123746 53.38448234822706, -1.4522220499553202 53.38505866355923, -1.454716268803207 53.38517793997386, -1.4550222278487874 53.38594337539279, -1.4562360994178956 53.38625452293505, -1.455582750844391 53.3867908686264, -1.4539601837428375 53.38669357561954, -1.4530772513594918 53.38754346221941, -1.4535435564322532 53.38752761893079, -1.4534848753094642 53.38858801618169, -1.4523497881257654 53.38911038194504, -1.4502896538929129 53.38987222097204, -1.4494811551881033 53.38985415173269, -1.4490889717621087 53.38969955389926, -1.4499608064293805 53.38880807304104, -1.447852030800766 53.388043572656045))",75.70943638526725,49.67858900825042,123.37155130093186,2.016474092585808,121.35507720834605,23507.842230093276,22680.619973504054,360.1425516066027,352.82980047445267,1.264720268194398,31,758.3174912933315,771.64468690458,731.6329023710985,615.943995595534,11.61750166472912,11.937210236804196,11.38160646691783,8.6076825645137,11.617501664729119,11.381606466917829,135,E01007885,0.6741,E01007885,"1,980",1980.0,-827.2222565892225,-7.3127511321500265,-26.684588922233047,-0.2358951978112902,-155.70069130904596,-3.329527672290496,Reduced,Reduced,Reduced,0.040797428006270904
56,E01007886,Sheffield 075F,Sheffield 075F,437360,387098,-1.43984,53.3794,e54b93ec-e526-4052-84ff-91b6e170db0e,"POLYGON ((-1.4355015604598815 53.380791312952944, -1.434452526924462 53.37962460432625, -1.4344033602852346 53.37810665401547, -1.4346796246146976 53.375878463411674, -1.4347017949878411 53.37566389975715, -1.4358606878544684 53.3755851459768, -1.4382181402556613 53.3763049462749, -1.4390983023811144 53.3760543031722, -1.4394562835932303 53.3749284966073, -1.4408920198652506 53.375841864241224, -1.4407080815650233 53.37604905587098, -1.4413738088961618 53.37600841437579, -1.4414542633460126 53.37635163823574, -1.4404744882314777 53.377030796918916, -1.4406988793045974 53.3776900015481, -1.4410983930776111 53.37835232636918, -1.4421137992475626 53.37817952845832, -1.4425592382248027 53.378659547000105, -1.4434331960330704 53.37874589632523, -1.4449147843043324 53.37903012866408, -1.4453090842056822 53.37945520282856, -1.4447759095397839 53.379985477337996, -1.4430491990870526 53.380127927251756, -1.4420303686365243 53.380545156105164, -1.4420247929951802 53.380971868990734, -1.441960600873316 53.38099293166569, -1.4411236806187997 53.38067469607746, -1.4402067370538585 53.38091871164336, -1.441414053699876 53.38173714440346, -1.4400683252199422 53.38231747346643, -1.440679886651284 53.3835669823683, -1.4396670058968444 53.38362532687279, -1.4376726369094657 53.38380579143096, -1.4355015604598815 53.380791312952944))",10.815633769323892,11.182265422521308,21.814583365246488,0.18331582659871,21.631267538647776,5642.653359011349,5166.066349935177,84.63742419024781,81.9724841264064,0.2387159158693704,10,564.2653359011349,553.928929720119,516.6066349935177,518.6377358978415,8.463742419024783,9.804985761448687,8.19724841264064,7.285312133235601,8.463742419024781,8.19724841264064,26,E01007886,0.3696,E01007886,"1,632",1632.0,-476.58700907617185,-2.6649400638414136,-47.65870090761723,-0.2664940063841428,-35.29119382227748,-2.519673628213087,Reduced,Reduced,Reduced,0.02387159158693704
57,E01007887,Sheffield 004A,Sheffield 004A,434498,396353,-1.48185,53.4628,f818cb9c-9357-40e9-b1b4-d118e7e4318f,"POLYGON ((-1.4868080936393833 53.468914531561126, -1.4869713428653393 53.46867849154652, -1.4861232541151324 53.468730052659154, -1.4841304643135371 53.46798592368234, -1.4833346286564557 53.467981552386654, -1.4837091618775968 53.46810838094838, -1.483124969230985 53.468421921534805, -1.4812304991540919 53.468248308956056, -1.4808845367781043 53.46860542390707, -1.4796630576056793 53.46873365717707, -1.4790284046801287 53.46868175295438, -1.4790728032756297 53.46799082493601, -1.47739465006508 53.467838551745714, -1.4768608588774312 53.46739987647557, -1.4759627066312861 53.46757293693468, -1.4763266231681687 53.4668194471595, -1.4783272905384257 53.46608287980037, -1.4779961917155715 53.465689191613286, -1.4780166948036286 53.46488065174788, -1.478689737092407 53.46480776085139, -1.4787550908386964 53.46426060612402, -1.4793441638774594 53.46442043245307, -1.4798064189006708 53.46402133436208, -1.4807167329801756 53.46427499416866, -1.481032252059497 53.46397579552932, -1.4803551692057584 53.4632926895708, -1.4790622487985492 53.463044308530236, -1.4789135366028858 53.46275350492723, -1.4796490802639584 53.46217972786564, -1.4795849130060266 53.461828822404904, -1.4802896482875312 53.46177617693804, -1.480217607392445 53.46150848971798, -1.480583810686363 53.46112128968587, -1.4799287168106294 53.46029453116289, -1.48081323911546 53.46020136214238, -1.4811861493072103 53.460759256820154, -1.4817086980481522 53.46027225746123, -1.4792826643793908 53.459138143305736, -1.4796400829050653 53.458636932635976, -1.4796179475626199 53.45888679957283, -1.4805424301398995 53.45944774328843, -1.481653187231375 53.45957282628169, -1.482760671058653 53.46126356986142, -1.482552503100613 53.462253973426165, -1.482959569957897 53.46267664229801, -1.484446373186634 53.46243564386282, -1.4839735268496852 53.46210055042314, -1.4846437924920972 53.46176477035706, -1.4849632124926575 53.46234953190365, -1.4845648836187542 53.463521578245995, -1.4842848227278758 53.464063010199595, -1.4834803155688778 53.46506871028482, -1.4816668737182948 53.465697369070426, -1.4818337190583848 53.46626739196495, -1.4801219469555174 53.46681907639519, -1.4812892385528198 53.46759593677209, -1.4836141779356782 53.46723770733275, -1.4865392165788043 53.467620894407304, -1.4858614763206393 53.46787503666877, -1.4860546315679906 53.46829378117616, -1.4876419635943932 53.468303605163975, -1.487548993163898 53.46888005636508, -1.4868080936393833 53.468914531561126))",30.063795562188435,26.58079485681297,54.26148467321817,2.38310574578323,51.87837892743494,5847.465654819138,5158.978644088774,71.80248598355851,65.6054136852233,0.18550268952089188,10,584.7465654819138,556.269310581039,515.8978644088774,449.9838335325885,7.180248598355851,7.3374142618556135,6.560541368522328,6.454799669126308,7.180248598355851,6.56054136852233,25,E01007887,0.2831,E01007887,"1,445",1445.0,-688.4870107303641,-6.197072298335215,-68.84870107303641,-0.6197072298335229,-106.2854770484505,-0.8826145927293059,Reduced,Reduced,Reduced,0.018550268952089187
58,E01007888,Sheffield 003A,Sheffield 003A,434196,396596,-1.48638,53.465,80f1a1be-5e74-4a2f-a697-82e5110fce1f,"POLYGON ((-1.4919155255972651 53.468396222761406, -1.4907190200395943 53.466784112877, -1.4909468727533393 53.46594371814293, -1.4901424052759658 53.46556648290825, -1.4907976760479584 53.4648829539759, -1.4892433111906296 53.46496076222256, -1.4891376300903851 53.46546111290208, -1.489848087745527 53.4658216440827, -1.4891650041499962 53.46709441976712, -1.4894696536287266 53.467175845054676, -1.4888961782172847 53.46741752412822, -1.4889182175729785 53.4670705071712, -1.4881937979733295 53.46715653883089, -1.4882875134736882 53.46748824926015, -1.4881048499544447 53.46772001930793, -1.4872880953022938 53.46755806027436, -1.4875875780568701 53.467146382816175, -1.4870361551304558 53.466945362062575, -1.4863107001639904 53.4672256566032, -1.4825631671370314 53.4670092582134, -1.4828550484990777 53.46660428304327, -1.4818337190583848 53.46626739196495, -1.4816668737182948 53.465697369070426, -1.4834803155688778 53.46506871028482, -1.4842848227278758 53.464063010199595, -1.4845648836187542 53.463521578245995, -1.4870261659384238 53.46326646229573, -1.487353152108089 53.46477264038817, -1.4882415954207233 53.464358397593806, -1.4879920819713623 53.46302828914299, -1.488305913195005 53.46277175082169, -1.4894134443971931 53.46261915462487, -1.4889591338412604 53.46345503314606, -1.4899793686807972 53.46423567812364, -1.4914900428061375 53.4638221135059, -1.491901632409333 53.462795356055324, -1.4909163873225433 53.462799348832974, -1.4909905072021021 53.461782675678684, -1.492202282092959 53.46165789910351, -1.4929343254355465 53.4618369124323, -1.4937131099991923 53.46370453993579, -1.4947856660796248 53.46472205198917, -1.498422701518035 53.46591829147577, -1.4967109873934124 53.468316777247566, -1.4945031121757817 53.467257222079496, -1.494036355479883 53.46760266442061, -1.49446589696121 53.46804814752759, -1.4939346876726738 53.468251621322814, -1.4922693884267562 53.467983874916015, -1.492465836316622 53.468332673973585, -1.4919155255972651 53.468396222761406))",16.86505604708133,16.131792740686464,32.446901307971665,0.54994747979613,31.896953828175533,4981.011296839949,5517.2791632135,82.51498122456752,91.39874604421888,0.4146405648057165,8,622.6264121049936,668.3305595368035,689.6598954016874,658.0781540919345,10.314372653070938,11.0715034127649,11.42484325552736,10.901662994348943,10.31437265307094,11.42484325552736,30,E01007888,0.3816,E01007888,"1,373",1373.0,536.2678663735514,8.883764819651361,67.03348329669382,1.110470602456422,-10.252405444869055,-0.16984041841595676,Increased,Increased,Reduced,0.05183007060071456
59,E01007889,Sheffield 004B,Sheffield 004B,435261,397355,-1.47025,53.4718,341c41cc-3aa1-4e04-b61f-875ba1fa9611,"POLYGON ((-1.476446018933503 53.47961496216685, -1.466589526842636 53.478003984410265, -1.4660749193196247 53.4783047366258, -1.4646399346009567 53.47821292903745, -1.4626563294264905 53.47722399122146, -1.4615419450019755 53.47621874044859, -1.4602386705456023 53.47573561671908, -1.4576089532209466 53.47311346702925, -1.4620460311374381 53.469028452205706, -1.4637073724001683 53.46900442895233, -1.465606733002914 53.47054466596915, -1.4654541095399054 53.4711583340034, -1.466162995031832 53.47144737348417, -1.4677554087685967 53.46908661400005, -1.4673116064004286 53.46884879731029, -1.4677829345367515 53.46831406328482, -1.4678190022505826 53.46745039113795, -1.466330373783298 53.46647983495054, -1.4660039725048328 53.46586074591953, -1.4670022872954511 53.46549495258246, -1.4679100077409537 53.46561211710037, -1.4669506040859996 53.464122463917136, -1.467052117688242 53.46360091411501, -1.4687216841774604 53.46350403280746, -1.469493076619189 53.46274163191175, -1.47031803672505 53.46321007094686, -1.469914322151466 53.46377265604794, -1.4686037084164625 53.46375924235132, -1.469246319324988 53.46438864534464, -1.4696898877331106 53.46437635786428, -1.4695411273992234 53.464773581481296, -1.470122913908114 53.46499928023176, -1.4705065479173165 53.46484329344893, -1.4708973514577064 53.465105242735454, -1.471757365589264 53.465574177211025, -1.471719614436479 53.46523696604966, -1.4725486219797412 53.46521985376763, -1.472976770504888 53.46554120460844, -1.4744218650297862 53.46554679133918, -1.4739130886197866 53.46598469857738, -1.4733065631297473 53.46603541120945, -1.4736696353522465 53.46676014030126, -1.4744227938866887 53.46661637370272, -1.4744590575235212 53.46719181926151, -1.4759627066312861 53.46757293693468, -1.4742283547218165 53.467870142645296, -1.474317100880273 53.46815764558183, -1.4750964451837725 53.46814727227308, -1.475172848280857 53.46849072809023, -1.4756202214085348 53.468479846428636, -1.4754524118908336 53.468775283429444, -1.4758645163576365 53.46921512133743, -1.4768910304406526 53.46889731420614, -1.4782994500929834 53.469423977701275, -1.478214762203248 53.469682910104694, -1.4812974050954173 53.47044516478028, -1.4828763715805429 53.471425990858314, -1.4821352104097567 53.47182531293046, -1.4827445158071522 53.47248881139432, -1.4825597529144487 53.47315913325501, -1.481874007833355 53.47389883824251, -1.4807094262905045 53.474208048256756, -1.4800095436993599 53.47482700532108, -1.4800803264908808 53.47580488088162, -1.4812969085302268 53.475429958088654, -1.482377833451295 53.476476433105155, -1.4803023251100849 53.47693576945607, -1.4791426537153614 53.47796857709834, -1.4782419272533092 53.47892641557353, -1.476446018933503 53.47961496216685))",97.52401975051376,109.07291682623256,202.19735673837727,4.399579838369045,197.79777690000822,11649.261071231203,10990.759274200058,197.2914773264883,187.55489591379168,0.1973180117322995,27,431.4541137493037,361.773050529248,407.0651583037059,357.414273437247,7.3070917528329,6.080492377846128,6.946477626436729,6.0746796109546874,7.3070917528329,6.946477626436729,520,E01007889,1.6681,E01007889,"2,843",2843.0,-658.5017970311455,-9.736581412696609,-24.388955445597787,-0.36061412639617085,-4.358777092000992,-0.005812766891440724,Reduced,Reduced,Reduced,0.007308074508603685
60,E01007890,Sheffield 004C,Sheffield 004C,434913,396575,-1.47558,53.4648,7a881649-8ed7-4f0c-9c08-d823138411d4,"POLYGON ((-1.4744590575235212 53.46719181926151, -1.4744227938866887 53.46661637370272, -1.4736696353522465 53.46676014030126, -1.4733065631297473 53.46603541120945, -1.4739130886197866 53.46598469857738, -1.4744218650297862 53.46554679133918, -1.472976770504888 53.46554120460844, -1.4725486219797412 53.46521985376763, -1.471719614436479 53.46523696604966, -1.471757365589264 53.465574177211025, -1.4708973514577064 53.465105242735454, -1.4705065479173165 53.46484329344893, -1.4701379462595694 53.46411825122226, -1.4711438413042732 53.46342221680768, -1.4710379202220227 53.462890824701724, -1.470651599298002 53.46286895790071, -1.4713319567491752 53.46266272346632, -1.4710612864454045 53.461989745412545, -1.4713266225661563 53.46196663374537, -1.4741410677719806 53.46212457160551, -1.4746538599138812 53.46212006668161, -1.474697491812831 53.46212025840696, -1.4795849130060266 53.461828822404904, -1.4796490802639584 53.46217972786564, -1.4789135366028858 53.46275350492723, -1.4790622487985492 53.463044308530236, -1.4803551692057584 53.4632926895708, -1.481032252059497 53.46397579552932, -1.4807167329801756 53.46427499416866, -1.4798064189006708 53.46402133436208, -1.4793441638774594 53.46442043245307, -1.4787550908386964 53.46426060612402, -1.478689737092407 53.46480776085139, -1.4780166948036286 53.46488065174788, -1.4779961917155715 53.465689191613286, -1.4783272905384257 53.46608287980037, -1.4763266231681687 53.4668194471595, -1.4759627066312861 53.46757293693468, -1.4744590575235212 53.46719181926151))",31.896953828175537,15.398529434291637,46.0122724762762,1.28321078619097,44.72906169008523,1296.7698816242698,1781.4368329753174,21.48217220520983,29.511120948263677,0.0033060614214916757,6,216.12831360404496,237.4545590181715,296.90613882921957,324.4936603375845,3.5803620342016385,3.9336506808372285,4.918520158043946,5.375532536381509,3.5803620342016385,4.918520158043946,17,E01007890,0.263,E01007890,"1,336",1336.0,484.6669513510476,8.028948743053846,80.77782522517461,1.3381581238423075,87.03910131941302,1.4418818555442803,Increased,Increased,Increased,0.0005510102369152793
61,E01007891,Sheffield 004D,Sheffield 004D,436026,395753,-1.45891,53.4573,8304a60f-fbe0-4770-a172-51c696cadd0f,"POLYGON ((-1.459228833554184 53.46577358341098, -1.4559662993528848 53.464532335379445, -1.4498695294516788 53.46457560730039, -1.447736314094877 53.461931362364076, -1.4451889291710966 53.45861342985449, -1.4450684231666053 53.457788733583754, -1.4505236072613266 53.457891180840534, -1.4520737499724983 53.45760981625997, -1.4551903308737808 53.45569319487593, -1.4553292614604538 53.454581220190065, -1.4577035078848115 53.452929520690795, -1.459004999418163 53.45103477080009, -1.4611806866119483 53.449832593576765, -1.4629818480534407 53.4496091708323, -1.4646941278951449 53.448859858625234, -1.4655125246409613 53.44881241171656, -1.4651069011274196 53.44961326989323, -1.4673012879052294 53.4507484411466, -1.4690423113385016 53.45120477182764, -1.4717984911465263 53.45299904207443, -1.4699294933798743 53.45360828493454, -1.468835236700222 53.45481482848167, -1.4662309947048715 53.45559159936788, -1.4666983285918027 53.45622013560567, -1.465388051497018 53.45691106909065, -1.465777611921413 53.45700536337329, -1.4652121867750176 53.45730509702322, -1.4652331336042468 53.45803319403586, -1.4662298429779252 53.45866922222543, -1.4680837177481945 53.45763495383098, -1.4681380570564146 53.45712234306239, -1.4674015276968069 53.457056062914894, -1.4675733934086264 53.45654413769089, -1.4682346493224234 53.4565581819049, -1.4690425146992436 53.4576495890121, -1.469193467468817 53.45796828436087, -1.46807104723093 53.4586372320975, -1.4687516976708948 53.45898977970136, -1.467646679506755 53.45935792602701, -1.4676519622450555 53.46000633169915, -1.4685930075901317 53.46046890001089, -1.4695034672440797 53.45989556240011, -1.4707162725178136 53.45972750352772, -1.471209791227224 53.46049711421942, -1.4709233770984493 53.461086261600336, -1.4707408407696982 53.46129513911096, -1.4698579926799418 53.461155859419954, -1.469662432416695 53.46185850985306, -1.4690054549255973 53.461861912580346, -1.46901087442908 53.461266722173086, -1.4690684055607062 53.46116752359126, -1.4690717736968493 53.461133069158045, -1.469041190696284 53.46106161167669, -1.4689044716114736 53.46105120683124, -1.468735186133943 53.461013318355946, -1.4686006692954414 53.46103452948034, -1.4683600061616342 53.461003524821464, -1.4683310846968234 53.461004038885505, -1.4682274238812154 53.4610058573319, -1.468185909688597 53.46100659758678, -1.4681348685553097 53.46100750217997, -1.4680720874414446 53.461008611588476, -1.468016022216868 53.46100960253802, -1.4678883117524069 53.46101185747711, -1.4677749340380044 53.46101385160183, -1.4677148977557621 53.46101490922365, -1.4675821585763125 53.461017256499076, -1.467477412861643 53.46101910721524, -1.4672872285307414 53.46102246385418, -1.4672576532519424 53.46102298732903, -1.4672115805149448 53.461023799513484, -1.467017979442835 53.46102721600062, -1.4668129848708524 53.461030828545404, -1.466668061216956 53.46103338562501, -1.4664948156691096 53.46103644174578, -1.466455766144251 53.46103712857973, -1.4662763756122204 53.46104029358497, -1.4662161162952496 53.46104135485129, -1.4658778229479867 53.46101493474355, -1.4658864576528763 53.460980719650074, -1.4659021140322548 53.46085885055246, -1.4657890458242382 53.46063812518812, -1.4652842427585713 53.45968757325797, -1.4655509527333959 53.45954283632612, -1.4653841584916438 53.459253979568764, -1.4653733249855199 53.45923528430999, -1.464903389595982 53.45845891885616, -1.464862719355128 53.458382270039, -1.4647693225990757 53.45818493994433, -1.464679329550248 53.458417278347454, -1.4645208054443193 53.45857041694098, -1.4644916326970967 53.45859894366012, -1.4643780669285114 53.458709297352904, -1.464275961704923 53.45880816455285, -1.4635117281692407 53.458710752694465, -1.4631720193694155 53.45834878552371, -1.4631565544812095 53.45832948949726, -1.4630287600995289 53.45821169992097, -1.4630052647994287 53.45818788699415, -1.4627685003421815 53.45803496109441, -1.4624262609040852 53.458209607801244, -1.4620649951810114 53.458407061835196, -1.4615612165385778 53.45868238824439, -1.4597624474085005 53.457871421537234, -1.4591419918224369 53.4586645012144, -1.4606323783051849 53.45929661557405, -1.4609964390309058 53.459836673651544, -1.4599971102457159 53.45993432796725, -1.4590077127855192 53.45939457557102, -1.4589669671866514 53.45902994906458, -1.4572392990863843 53.459383144009635, -1.4597187160027902 53.460769718257865, -1.4613756199787693 53.462422419476134, -1.461463312809099 53.46255980495188, -1.4615203114611683 53.46266739429964, -1.4616881051111899 53.46298411011851, -1.461921803054503 53.46347318074065, -1.4628226494232484 53.46555778109182, -1.4611369941946508 53.46583293976913, -1.459228833554184 53.46577358341098))",9.532422983132921,12.465476208712275,21.264635885450357,0.73326330639484,20.531372579055517,6896.643180622803,6685.259133216717,90.50374289970382,88.62404599646563,0.14051975630431607,16,431.0401987889253,301.27815149754247,417.82869582604474,350.231308647925,5.656483931231488,4.311295150478803,5.539002874779101,4.727469245602076,5.656483931231489,5.539002874779102,27,E01007891,1.5122,E01007891,"1,441",1441.0,-211.3840474060862,-1.879696903238198,-13.211502962880559,-0.11748105645238738,48.95315715038254,0.41617409512327264,Reduced,Reduced,Increased,0.008782484769019754
62,E01007892,Sheffield 003B,Sheffield 003B,433478,397250,-1.49712,53.4709,986170e0-1487-4fbb-ac57-61fabb821a8f,"POLYGON ((-1.4922534839470867 53.47273969552746, -1.4936410500385768 53.47179824069377, -1.493926203664319 53.47102045525501, -1.4936089209260002 53.47024662676889, -1.49445463916057 53.470070434629186, -1.4953778898669916 53.47037568498675, -1.4965051694791394 53.46982833358588, -1.4944507098738535 53.468579837228, -1.49446589696121 53.46804814752759, -1.494036355479883 53.46760266442061, -1.4945031121757817 53.467257222079496, -1.4967109873934124 53.468316777247566, -1.5001110035202503 53.46946501879986, -1.5006277972395903 53.470358123445315, -1.5009350520338476 53.470861057235346, -1.5015271465866822 53.471033725324, -1.5012892382654264 53.47149802541122, -1.5019984087765554 53.47197639447975, -1.501237419466632 53.47232808132531, -1.5015362167764332 53.47264292872633, -1.5008520376705354 53.47259202174011, -1.5007071259602631 53.47288705895909, -1.5010973670106003 53.47289906067508, -1.5006256552824448 53.47310753133028, -1.498198493287557 53.47324118642275, -1.4962218862277679 53.473493542529106, -1.4932994699839515 53.47506287677679, -1.4930911192545087 53.474710330306856, -1.4940516186923967 53.474245969371324, -1.4922047028774923 53.47318784616686, -1.4922534839470867 53.47273969552746))",37.21311279953812,46.19558830287494,80.4756478768337,2.93305322557936,77.54259465125435,5560.643860371227,6129.966334467956,101.44639869166738,109.42423939496743,0.1622049924991904,22,252.75653910778303,95.16946256459505,278.6348333849071,181.1067376211345,4.611199940530335,1.5765686822777898,4.97382906340761,3.5430658084674382,4.611199940530335,4.97382906340761,15,E01007892,0.2632,E01007892,"1,457",1457.0,569.3224740967289,7.977840703300046,25.87829427712407,0.36262912287727467,85.93727505653945,1.9664971261896484,Increased,Increased,Increased,0.007372954204508655
63,E01007893,Sheffield 003C,Sheffield 003C,433336,396137,-1.49938,53.4609,79d96cfe-601b-43f4-ba4e-147da684525e,"POLYGON ((-1.4937131099991923 53.46370453993579, -1.4929343254355465 53.4618369124323, -1.492202282092959 53.46165789910351, -1.4909905072021021 53.461782675678684, -1.4909163873225433 53.462799348832974, -1.491901632409333 53.462795356055324, -1.4914900428061375 53.4638221135059, -1.4899793686807972 53.46423567812364, -1.4889591338412604 53.46345503314606, -1.4894134443971931 53.46261915462487, -1.488305913195005 53.46277175082169, -1.4879920819713623 53.46302828914299, -1.4882415954207233 53.464358397593806, -1.487353152108089 53.46477264038817, -1.4870261659384238 53.46326646229573, -1.4845648836187542 53.463521578245995, -1.4849632124926575 53.46234953190365, -1.4846437924920972 53.46176477035706, -1.4855581004822784 53.46153915814706, -1.4858044213443942 53.461134869337435, -1.4857231598001452 53.46086964014243, -1.4870721215996556 53.46077086691046, -1.4869373506321617 53.46109224116764, -1.4875704729420878 53.46117635706179, -1.4881961294552428 53.46087309775607, -1.4883528839097118 53.46122446221163, -1.4892209469257909 53.46121647101713, -1.4893588593139107 53.46028511641659, -1.4877222160985153 53.458680234266104, -1.4891314112619707 53.4579671787708, -1.490018960630039 53.45805186544285, -1.4900434828987013 53.45851937577875, -1.4893758928452359 53.45893000045299, -1.4900693858525593 53.45935332002044, -1.4900784304619368 53.459870183379344, -1.490569440865995 53.45972567313717, -1.4905873922762622 53.45890369097979, -1.4914806130945093 53.45807139489424, -1.4937535132831876 53.458282151772295, -1.4943215429016121 53.45844766242407, -1.494983717976585 53.4572190273814, -1.4956787244499117 53.45683654040563, -1.496196400042578 53.457070493466716, -1.4985037025048793 53.4570467662931, -1.5006213062391347 53.455941605384595, -1.5024377977894916 53.45675422284432, -1.5029567261785586 53.45656649800182, -1.5071630691008877 53.45798807060295, -1.5071294779463233 53.458702361228426, -1.5104785606135687 53.46189826072117, -1.5083418720441282 53.46285913362219, -1.5079089731758892 53.462645276566725, -1.506542750652927 53.46291211556172, -1.5070724980419163 53.46334041243887, -1.5051361355693147 53.463941684597565, -1.5056106358585097 53.4648910774652, -1.498422701518035 53.46591829147577, -1.4947856660796248 53.46472205198917, -1.4937131099991923 53.46370453993579))",3.1163690521780705,2.5664215723819397,5.4994747979613,0.18331582659871,5.31615897136259,14475.340293384816,13540.96934919047,175.54952582370976,165.67868441476008,0.9961669234918296,10,1447.5340293384816,1296.6913341765999,1354.096934919047,1118.316195384455,17.55495258237098,18.108155801848525,16.567868441476012,16.323054804233834,17.554952582370976,16.56786844147601,32,E01007893,1.0911,E01007893,"1,431",1431.0,-934.3709441943447,-9.870841408949673,-93.43709441943452,-0.987084140894968,-178.37513879214475,-1.7851009976146912,Reduced,Reduced,Reduced,0.09961669234918295
64,E01007894,Sheffield 004E,Sheffield 004E,436312,396664,-1.4545,53.4655,3e40e2f6-45d9-4e7a-b72e-42814a6c2ec8,"POLYGON ((-1.4552033066245986 53.471747699468786, -1.4498695294516788 53.46457560730039, -1.4559662993528848 53.464532335379445, -1.459228833554184 53.46577358341098, -1.4611369941946508 53.46583293976913, -1.4628226494232484 53.46555778109182, -1.461921803054503 53.46347318074065, -1.4616881051111899 53.46298411011851, -1.4615203114611683 53.46266739429964, -1.461463312809099 53.46255980495188, -1.4613756199787693 53.462422419476134, -1.4597187160027902 53.460769718257865, -1.4572392990863843 53.459383144009635, -1.4589669671866514 53.45902994906458, -1.4590077127855192 53.45939457557102, -1.4599971102457159 53.45993432796725, -1.4609964390309058 53.459836673651544, -1.4606323783051849 53.45929661557405, -1.4591419918224369 53.4586645012144, -1.4597624474085005 53.457871421537234, -1.4615612165385778 53.45868238824439, -1.4620649951810114 53.458407061835196, -1.4624262609040852 53.458209607801244, -1.4627685003421815 53.45803496109441, -1.4630052647994287 53.45818788699415, -1.4630287600995289 53.45821169992097, -1.4631565544812095 53.45832948949726, -1.4631720193694155 53.45834878552371, -1.4635117281692407 53.458710752694465, -1.464275961704923 53.45880816455285, -1.4643780669285114 53.458709297352904, -1.4644916326970967 53.45859894366012, -1.4645208054443193 53.45857041694098, -1.464679329550248 53.458417278347454, -1.4647693225990757 53.45818493994433, -1.464862719355128 53.458382270039, -1.464903389595982 53.45845891885616, -1.4653733249855199 53.45923528430999, -1.4653841584916438 53.459253979568764, -1.4655509527333959 53.45954283632612, -1.4652842427585713 53.45968757325797, -1.4657890458242382 53.46063812518812, -1.4659021140322548 53.46085885055246, -1.4658864576528763 53.460980719650074, -1.4658778229479867 53.46101493474355, -1.4662161162952496 53.46104135485129, -1.4662763756122204 53.46104029358497, -1.466455766144251 53.46103712857973, -1.4664948156691096 53.46103644174578, -1.466668061216956 53.46103338562501, -1.4668129848708524 53.461030828545404, -1.467017979442835 53.46102721600062, -1.4672115805149448 53.461023799513484, -1.4672576532519424 53.46102298732903, -1.4672872285307414 53.46102246385418, -1.467477412861643 53.46101910721524, -1.4675821585763125 53.461017256499076, -1.4677148977557621 53.46101490922365, -1.4677749340380044 53.46101385160183, -1.4678883117524069 53.46101185747711, -1.468016022216868 53.46100960253802, -1.4680720874414446 53.461008611588476, -1.4681348685553097 53.46100750217997, -1.468185909688597 53.46100659758678, -1.4682274238812154 53.4610058573319, -1.4683310846968234 53.461004038885505, -1.4683600061616342 53.461003524821464, -1.4686006692954414 53.46103452948034, -1.468735186133943 53.461013318355946, -1.4689044716114736 53.46105120683124, -1.469041190696284 53.46106161167669, -1.4690717736968493 53.461133069158045, -1.4690684055607062 53.46116752359126, -1.46901087442908 53.461266722173086, -1.4690054549255973 53.461861912580346, -1.4710612864454045 53.461989745412545, -1.4713319567491752 53.46266272346632, -1.470651599298002 53.46286895790071, -1.4710379202220227 53.462890824701724, -1.4711438413042732 53.46342221680768, -1.4701379462595694 53.46411825122226, -1.4705065479173165 53.46484329344893, -1.470122913908114 53.46499928023176, -1.4695411273992234 53.464773581481296, -1.4696898877331106 53.46437635786428, -1.469246319324988 53.46438864534464, -1.4686037084164625 53.46375924235132, -1.469914322151466 53.46377265604794, -1.47031803672505 53.46321007094686, -1.469493076619189 53.46274163191175, -1.4687216841774604 53.46350403280746, -1.467052117688242 53.46360091411501, -1.4669506040859996 53.464122463917136, -1.4679100077409537 53.46561211710037, -1.4670022872954511 53.46549495258246, -1.4660039725048328 53.46586074591953, -1.466330373783298 53.46647983495054, -1.4678190022505826 53.46745039113795, -1.4677829345367515 53.46831406328482, -1.4673116064004286 53.46884879731029, -1.4677554087685967 53.46908661400005, -1.466162995031832 53.47144737348417, -1.4654541095399054 53.4711583340034, -1.465606733002914 53.47054466596915, -1.4637073724001683 53.46900442895233, -1.4620460311374381 53.469028452205706, -1.4576089532209466 53.47311346702925, -1.4564931916405928 53.47193811430427, -1.4552033066245986 53.471747699468786))",84.50859606200532,82.85875362261699,149.0357670247513,18.33158265987101,130.7041843648803,13915.076487924027,12940.467489890189,204.44994173811557,191.64485540786805,0.24111277617211926,24,579.7948536635012,499.6472878628225,539.1861454120913,469.0780147520695,8.518747572421484,7.38773558781215,7.985202308661171,7.208715889485713,8.518747572421482,7.985202308661169,220,E01007894,0.9793,E01007894,"1,378",1378.0,-974.6089980338384,-12.80508633024752,-40.608708251409894,-0.5335452637603124,-30.569273110752988,-0.17901969832643694,Reduced,Reduced,Reduced,0.010046365673838303
65,E01007895,Sheffield 004F,Sheffield 004F,434954,395971,-1.47503,53.4594,31064f9b-2225-4293-9589-783e7f6836fe,"POLYGON ((-1.4741410677719806 53.46212457160551, -1.4713266225661563 53.46196663374537, -1.4710612864454045 53.461989745412545, -1.4690054549255973 53.461861912580346, -1.469662432416695 53.46185850985306, -1.4698579926799418 53.461155859419954, -1.4707408407696982 53.46129513911096, -1.4709233770984493 53.461086261600336, -1.471209791227224 53.46049711421942, -1.4707162725178136 53.45972750352772, -1.4700989797905624 53.45909221571043, -1.4717552841744812 53.45888284932802, -1.473651793850704 53.458578106362054, -1.4744438843486618 53.45832738525528, -1.474332308820787 53.45747516393172, -1.4752722621641092 53.457035257625094, -1.4759968798580279 53.45727987829076, -1.4766319909828987 53.45669341419583, -1.4773024237834531 53.456716142144074, -1.4782945142139834 53.45769821564238, -1.4787753544564388 53.457683890967445, -1.4789494942285821 53.45673757758247, -1.4797567071493543 53.45656388338264, -1.4799964547596232 53.456827087368914, -1.4804818217058977 53.45751484634143, -1.4793247003414236 53.457961757793406, -1.4796400829050653 53.458636932635976, -1.4792826643793908 53.459138143305736, -1.4817086980481522 53.46027225746123, -1.4811861493072103 53.460759256820154, -1.48081323911546 53.46020136214238, -1.4799287168106294 53.46029453116289, -1.480583810686363 53.46112128968587, -1.480217607392445 53.46150848971798, -1.4802896482875312 53.46177617693804, -1.4795849130060266 53.461828822404904, -1.474697491812831 53.46212025840696, -1.4746538599138812 53.46212006668161, -1.4741410677719806 53.46212457160551))",18.14826683327229,21.081320058851656,37.396428626136846,1.8331582659871,35.563270360149744,5432.812895326936,4634.1285548391925,76.53004720786221,66.57397918247327,0.15874454041008368,10,543.2812895326936,452.22313938342245,463.41285548391926,424.61058771338696,7.653004720786221,6.145082738696106,6.657397918247328,6.027714665353592,7.653004720786221,6.657397918247327,10,E01007895,0.3021,E01007895,"1,429",1429.0,-798.6843404877436,-9.956068025388944,-79.8684340487743,-0.9956068025388927,-27.612551670035486,-0.1173680733425142,Reduced,Reduced,Reduced,0.015874454041008366
66,E01007896,Sheffield 004G,Sheffield 004G,435193,395603,-1.47147,53.456,64c1814b-3848-4f25-a6dd-23db9252443c,"POLYGON ((-1.4690425146992436 53.4576495890121, -1.4682346493224234 53.4565581819049, -1.4675733934086264 53.45654413769089, -1.4674015276968069 53.457056062914894, -1.4681380570564146 53.45712234306239, -1.4680837177481945 53.45763495383098, -1.4662298429779252 53.45866922222543, -1.4652331336042468 53.45803319403586, -1.4652121867750176 53.45730509702322, -1.465777611921413 53.45700536337329, -1.465388051497018 53.45691106909065, -1.4666983285918027 53.45622013560567, -1.4662309947048715 53.45559159936788, -1.468835236700222 53.45481482848167, -1.4699294933798743 53.45360828493454, -1.4717984911465263 53.45299904207443, -1.4735289723552427 53.45380786457179, -1.4749723893665885 53.45426084663446, -1.47468632750045 53.45571120110159, -1.47361914444275 53.45704158072328, -1.474103445195829 53.457274007741034, -1.4747048933291549 53.457110580003416, -1.4745539506406253 53.456878289925605, -1.4766754869014875 53.45627284020167, -1.4767119821388983 53.45480535339695, -1.477714673986447 53.45608188780586, -1.4773024237834531 53.456716142144074, -1.4766319909828987 53.45669341419583, -1.4759968798580279 53.45727987829076, -1.4752722621641092 53.457035257625094, -1.474332308820787 53.45747516393172, -1.4744438843486618 53.45832738525528, -1.473651793850704 53.458578106362054, -1.4717552841744812 53.45888284932802, -1.4700989797905624 53.45909221571043, -1.4707162725178136 53.45972750352772, -1.4695034672440797 53.45989556240011, -1.4685930075901317 53.46046890001089, -1.4676519622450555 53.46000633169915, -1.467646679506755 53.45935792602701, -1.4687516976708948 53.45898977970136, -1.46807104723093 53.4586372320975, -1.469193467468817 53.45796828436087, -1.4690425146992436 53.4576495890121))",11.548897075718735,5.499474797961299,16.681740220482613,0.36663165319742,16.315108567285193,2481.28518969164,2846.125984507863,35.645427989953,40.92499742896371,0.04917830537346225,6,413.54753161527333,301.27815149754247,474.3543307513105,383.46703548664846,5.940904664992167,4.311295150478803,6.820832904827284,5.7018285021442265,5.940904664992167,6.820832904827284,22,E01007896,0.3135,E01007896,"1,215",1215.0,364.840794816223,5.279569439010707,60.80679913603717,0.8799282398351176,82.18888398910599,1.3905333516654235,Increased,Increased,Increased,0.008196384228910376
67,E01007897,Sheffield 005A,Sheffield 005A,434205,395628,-1.48635,53.4563,6088d9cc-5521-4520-90e4-b0d7267978dd,"POLYGON ((-1.482760671058653 53.46126356986142, -1.481653187231375 53.45957282628169, -1.4805424301398995 53.45944774328843, -1.4796179475626199 53.45888679957283, -1.4796400829050653 53.458636932635976, -1.4793247003414236 53.457961757793406, -1.4804818217058977 53.45751484634143, -1.4799964547596232 53.456827087368914, -1.4797567071493543 53.45656388338264, -1.4789494942285821 53.45673757758247, -1.4787753544564388 53.457683890967445, -1.4782945142139834 53.45769821564238, -1.4773024237834531 53.456716142144074, -1.477714673986447 53.45608188780586, -1.4767119821388983 53.45480535339695, -1.4766754869014875 53.45627284020167, -1.4745539506406253 53.456878289925605, -1.4747048933291549 53.457110580003416, -1.474103445195829 53.457274007741034, -1.47361914444275 53.45704158072328, -1.47468632750045 53.45571120110159, -1.4749723893665885 53.45426084663446, -1.4735289723552427 53.45380786457179, -1.476517594708719 53.451459526254474, -1.4776113472727135 53.45092363403602, -1.4780934638451684 53.44987106843609, -1.4807915655173751 53.45002664461283, -1.4833203520174214 53.45113466313299, -1.4850329068182593 53.452533130724284, -1.4911041215351517 53.454446480537975, -1.4934355024978558 53.45558357680683, -1.4943019648348228 53.45565748196978, -1.4956787244499117 53.45683654040563, -1.494983717976585 53.4572190273814, -1.4943215429016121 53.45844766242407, -1.4937535132831876 53.458282151772295, -1.4914806130945093 53.45807139489424, -1.4905873922762622 53.45890369097979, -1.490569440865995 53.45972567313717, -1.4900784304619368 53.459870183379344, -1.4900693858525593 53.45935332002044, -1.4893758928452359 53.45893000045299, -1.4900434828987013 53.45851937577875, -1.490018960630039 53.45805186544285, -1.4891314112619707 53.4579671787708, -1.4877222160985153 53.458680234266104, -1.4893588593139107 53.46028511641659, -1.4892209469257909 53.46121647101713, -1.4883528839097118 53.46122446221163, -1.4881961294552428 53.46087309775607, -1.4875704729420878 53.46117635706179, -1.4869373506321617 53.46109224116764, -1.4870721215996556 53.46077086691046, -1.4857231598001452 53.46086964014243, -1.4858044213443942 53.461134869337435, -1.4855581004822784 53.46153915814706, -1.4846437924920972 53.46176477035706, -1.4839735268496852 53.46210055042314, -1.484446373186634 53.46243564386282, -1.482959569957897 53.46267664229801, -1.482552503100613 53.462253973426165, -1.482760671058653 53.46126356986142))",5.4994747979613,13.382055341705831,18.51489848646971,0.36663165319742,18.14826683327229,9261.134124311244,7562.256440386208,113.17205576635523,93.09159465522102,0.1956952204154232,14,661.509580307946,650.6682771293015,540.1611743133005,485.9663142858845,8.083718269025374,8.635813202098,6.649399618230072,7.097465553377468,8.083718269025374,6.649399618230072,27,E01007897,0.9896,E01007897,"1,308",1308.0,-1698.8776839250359,-20.080461111134213,-121.34840599464542,-1.4343186507953014,-164.701962843417,-1.5383476487205314,Reduced,Reduced,Reduced,0.013978230029673086
68,E01007898,Sheffield 003D,Sheffield 003D,434199,398213,-1.48616,53.4795,196db1f5-177f-4724-ad37-762ac97c0853,"POLYGON ((-1.482377833451295 53.476476433105155, -1.4812969085302268 53.475429958088654, -1.4800803264908808 53.47580488088162, -1.4800095436993599 53.47482700532108, -1.4807094262905045 53.474208048256756, -1.481874007833355 53.47389883824251, -1.4825597529144487 53.47315913325501, -1.4827445158071522 53.47248881139432, -1.4821352104097567 53.47182531293046, -1.4828763715805429 53.471425990858314, -1.4841828482170007 53.47097141135656, -1.4857607728233102 53.47216589741554, -1.4862004340450141 53.473711566734664, -1.486611273653585 53.473728594032494, -1.486259841213509 53.47455635914052, -1.4875542591818842 53.474341226925006, -1.4910015276744621 53.47553273201326, -1.4928979903742676 53.47554684830876, -1.4932387221878118 53.475097661173834, -1.4940881219469881 53.475223313534414, -1.494540599879854 53.47534123330681, -1.493861863984241 53.47585265070052, -1.4945578686639371 53.47635968131663, -1.494261382860306 53.47654851737173, -1.4954873902780275 53.476967897573424, -1.4955195283893892 53.47722781549362, -1.4950862176382742 53.47756371750328, -1.494373728612361 53.47751679777627, -1.4940545615962368 53.477008916438464, -1.493449043091935 53.47714248424887, -1.493424795695548 53.47677958598287, -1.4925093689897118 53.47649889303144, -1.4924870911649302 53.47715406325048, -1.495232874839371 53.478800341799285, -1.4949712182933574 53.4790749603928, -1.4958821665360897 53.479753690703596, -1.494507691589195 53.481005411436094, -1.494631528269534 53.48130403065968, -1.4952824819968606 53.48513620028271, -1.4948253678337822 53.48619294798113, -1.4925172447224855 53.4866289522813, -1.4897859371427722 53.486529404382075, -1.4849940898505227 53.48500412927693, -1.4793602755870547 53.480731803443355, -1.476446018933503 53.47961496216685, -1.4782419272533092 53.47892641557353, -1.4791426537153614 53.47796857709834, -1.4803023251100849 53.47693576945607, -1.482377833451295 53.476476433105155))",53.71153719342202,50.59516814124399,97.89065140371116,6.41605393095485,91.47459747275632,2327.4107988936853,2325.101435603752,44.37428944465586,42.88252899301583,0.02853420392285321,8,290.9263498617107,172.4894524333313,290.637679450469,323.20193108379397,5.546786180581982,2.964178697719678,5.360316124126979,6.053537667855732,5.546786180581982,5.360316124126979,47,E01007898,1.2377,E01007898,"1,440",1440.0,-2.309363289933117,-1.491760451640026,-0.28867041124169646,-0.18647005645500325,150.71247865046266,3.089358970136054,Reduced,Reduced,Increased,0.0035667754903566514
69,E01007899,Sheffield 003E,Sheffield 003E,433147,397118,-1.50212,53.4698,d66d8df2-1306-44b2-a7b3-4c69972e8ef6,"POLYGON ((-1.495232874839371 53.478800341799285, -1.4924870911649302 53.47715406325048, -1.4925093689897118 53.47649889303144, -1.493424795695548 53.47677958598287, -1.493449043091935 53.47714248424887, -1.4940545615962368 53.477008916438464, -1.494373728612361 53.47751679777627, -1.4950862176382742 53.47756371750328, -1.4955195283893892 53.47722781549362, -1.4954873902780275 53.476967897573424, -1.494261382860306 53.47654851737173, -1.4945578686639371 53.47635968131663, -1.493861863984241 53.47585265070052, -1.494540599879854 53.47534123330681, -1.4940881219469881 53.475223313534414, -1.4932387221878118 53.475097661173834, -1.4932994699839515 53.47506287677679, -1.4962218862277679 53.473493542529106, -1.498198493287557 53.47324118642275, -1.5006256552824448 53.47310753133028, -1.5010973670106003 53.47289906067508, -1.5007071259602631 53.47288705895909, -1.5008520376705354 53.47259202174011, -1.5015362167764332 53.47264292872633, -1.501237419466632 53.47232808132531, -1.5019984087765554 53.47197639447975, -1.5012892382654264 53.47149802541122, -1.5015271465866822 53.471033725324, -1.5009350520338476 53.470861057235346, -1.5006277972395903 53.470358123445315, -1.5001110035202503 53.46946501879986, -1.4967109873934124 53.468316777247566, -1.498422701518035 53.46591829147577, -1.5056106358585097 53.4648910774652, -1.5075880999380527 53.46563995795973, -1.5117169901627086 53.46575127144782, -1.5073722682694497 53.466599999101234, -1.5076588321226525 53.46823879459978, -1.5049820601978565 53.47171203954143, -1.4994377126603413 53.47632342870467, -1.4958821665360897 53.479753690703596, -1.4949712182933574 53.4790749603928, -1.495232874839371 53.478800341799285))",75.34280473206982,92.20786077915123,160.40134827387135,7.149317237349706,153.25203103652166,3708.9762785994462,3740.4275441271648,67.26117783431985,66.3286928966272,0.12618704166901018,8,463.6220348249308,365.521867644296,467.5534430158956,304.92005473317397,8.407647229289982,6.055202096203372,8.2910866120784,5.9933667933187,8.407647229289982,8.2910866120784,29,E01007899,0.656,E01007899,"1,421",1421.0,31.451265527718533,-0.9324849376926494,3.9314081909648166,-0.11656061721158117,-60.60181291112201,-0.061835302884672316,Reduced,Reduced,Reduced,0.015773380208626273
70,E01007900,Sheffield 003F,Sheffield 003F,433929,397385,-1.49031,53.4721,afbbccb8-5454-4a81-8980-34bb53315041,"POLYGON ((-1.4910015276744621 53.47553273201326, -1.4875542591818842 53.474341226925006, -1.486259841213509 53.47455635914052, -1.486611273653585 53.473728594032494, -1.4862004340450141 53.473711566734664, -1.4857607728233102 53.47216589741554, -1.4841828482170007 53.47097141135656, -1.4850181566608465 53.470612890192626, -1.4856530045847613 53.470328989586264, -1.486117175934085 53.47005035831134, -1.4871589423172302 53.470144745630506, -1.4877655130752259 53.47038841889586, -1.4900401119315316 53.47001661398113, -1.490305763896375 53.46960508221931, -1.4898709168654358 53.469152110071704, -1.4903892885337526 53.46893005620609, -1.4895640485595807 53.468068560209936, -1.4907190200395943 53.466784112877, -1.4919155255972651 53.468396222761406, -1.492465836316622 53.468332673973585, -1.4922693884267562 53.467983874916015, -1.4939346876726738 53.468251621322814, -1.49446589696121 53.46804814752759, -1.4944507098738535 53.468579837228, -1.4965051694791394 53.46982833358588, -1.4953778898669916 53.47037568498675, -1.49445463916057 53.470070434629186, -1.4936089209260002 53.47024662676889, -1.493926203664319 53.47102045525501, -1.4936410500385768 53.47179824069377, -1.4922534839470867 53.47273969552746, -1.4922047028774923 53.47318784616686, -1.4940516186923967 53.474245969371324, -1.4930911192545087 53.474710330306856, -1.4932994699839515 53.47506287677679, -1.4932387221878118 53.475097661173834, -1.4928979903742676 53.47554684830876, -1.4910015276744621 53.47553273201326))",46.19558830287494,42.34595594430201,83.40870110241306,5.132843144763882,78.27585795764918,1695.6842066820943,2013.642170486761,37.41982773002411,41.2335867617105,0.011969712891135447,10,169.56842066820943,45.28427576375835,201.36421704867612,185.049933793509,3.741982773002411,0.9705097453529126,4.1233586761710495,3.6773528590743143,3.741982773002411,4.1233586761710495,32,E01007900,0.3605,E01007900,"1,721",1721.0,317.95796380466663,3.813759031686388,31.795796380466697,0.38137590316863834,139.76565802975065,2.7068431137214017,Increased,Increased,Increased,0.0011969712891135448
71,E01007901,Sheffield 003G,Sheffield 003G,434837,396946,-1.47668,53.4681,326fa720-7f43-4903-96ac-166938b0dc5b,"POLYGON ((-1.4812974050954173 53.47044516478028, -1.478214762203248 53.469682910104694, -1.4782994500929834 53.469423977701275, -1.4768910304406526 53.46889731420614, -1.4758645163576365 53.46921512133743, -1.4754524118908336 53.468775283429444, -1.4756202214085348 53.468479846428636, -1.475172848280857 53.46849072809023, -1.4750964451837725 53.46814727227308, -1.474317100880273 53.46815764558183, -1.4742283547218165 53.467870142645296, -1.4759627066312861 53.46757293693468, -1.4768608588774312 53.46739987647557, -1.47739465006508 53.467838551745714, -1.4790728032756297 53.46799082493601, -1.4790284046801287 53.46868175295438, -1.4796630576056793 53.46873365717707, -1.4808845367781043 53.46860542390707, -1.4812304991540919 53.468248308956056, -1.483124969230985 53.468421921534805, -1.4837091618775968 53.46810838094838, -1.4833346286564557 53.467981552386654, -1.4841304643135371 53.46798592368234, -1.4861232541151324 53.468730052659154, -1.4869713428653393 53.46867849154652, -1.4868080936393833 53.468914531561126, -1.487548993163898 53.46888005636508, -1.4876419635943932 53.468303605163975, -1.4860546315679906 53.46829378117616, -1.4858614763206393 53.46787503666877, -1.4865392165788043 53.467620894407304, -1.4836141779356782 53.46723770733275, -1.4812892385528198 53.46759593677209, -1.4801219469555174 53.46681907639519, -1.4818337190583848 53.46626739196495, -1.4828550484990777 53.46660428304327, -1.4825631671370314 53.4670092582134, -1.4863107001639904 53.4672256566032, -1.4870361551304558 53.466945362062575, -1.4875875780568701 53.467146382816175, -1.4872880953022938 53.46755806027436, -1.4881048499544447 53.46772001930793, -1.4882875134736882 53.46748824926015, -1.4881937979733295 53.46715653883089, -1.4889182175729785 53.4670705071712, -1.4888961782172847 53.46741752412822, -1.4894696536287266 53.467175845054676, -1.4891650041499962 53.46709441976712, -1.489848087745527 53.4658216440827, -1.4891376300903851 53.46546111290208, -1.4892433111906296 53.46496076222256, -1.4907976760479584 53.4648829539759, -1.4901424052759658 53.46556648290825, -1.4909468727533393 53.46594371814293, -1.4907190200395943 53.466784112877, -1.4895640485595807 53.468068560209936, -1.4903892885337526 53.46893005620609, -1.4898709168654358 53.469152110071704, -1.490305763896375 53.46960508221931, -1.4900401119315316 53.47001661398113, -1.4877655130752259 53.47038841889586, -1.4871589423172302 53.470144745630506, -1.486117175934085 53.47005035831134, -1.4856530045847613 53.470328989586264, -1.4850181566608465 53.470612890192626, -1.4841828482170007 53.47097141135656, -1.4828763715805429 53.471425990858314, -1.4812974050954173 53.47044516478028))",36.29653366654459,26.947426510010377,58.11111703179108,5.132843144763882,52.9782738870272,2898.1496167479218,3738.647154335075,48.01048360674426,61.93408955746732,0.027343155320753796,12,241.5124680623268,154.7628792534805,311.5539295279229,281.0217523075065,4.000873633895355,2.563787816334135,5.161174129788943,4.655380852089258,4.000873633895355,5.161174129788943,16,E01007901,0.2842,E01007901,"1,461",1461.0,840.4975375871531,13.923605950723058,70.04146146559609,1.1603004958935879,126.25887305402603,2.091593035755123,Increased,Increased,Increased,0.002278596276729483
72,E01007902,Sheffield 027B,Sheffield 027B,440239,388488,-1.39639,53.3917,025b86eb-f657-49b8-a01b-cabc42ee9f58,"POLYGON ((-1.394858617838141 53.39927162716526, -1.3955598172984707 53.398610013110435, -1.3945209062954746 53.39818795476453, -1.3906028372429056 53.3947441878592, -1.385397967396176 53.392908516067244, -1.3789635805203413 53.3917973498131, -1.3799246824553684 53.391241693821854, -1.3800974162810564 53.390870699992995, -1.3859619443356919 53.38866813876666, -1.388444480144769 53.38727947912586, -1.3900729622220864 53.38590186145458, -1.3911691878632673 53.38391824022507, -1.3938276628550181 53.38401459280811, -1.3941875457560984 53.38338905954948, -1.3987229095506633 53.38288511191904, -1.4017627040477179 53.38292669480891, -1.4019268410490116 53.38301068945434, -1.4027209167669228 53.38340117802003, -1.4021754627316536 53.383550466463554, -1.4019253454842737 53.38415533284435, -1.4040168741531158 53.385028828381685, -1.4028533736032243 53.38599780969748, -1.403422009643903 53.38691699694856, -1.4072248911937093 53.3865585926605, -1.4079938656300512 53.386602190412546, -1.4080875004121793 53.387194633215536, -1.4092249631921367 53.38707406286624, -1.4094900749849977 53.38669418040863, -1.4111666488375871 53.38692174576477, -1.4108655426897247 53.38786475899568, -1.4114883525543303 53.387937761318526, -1.4115580484881973 53.3873057937471, -1.4135624488278646 53.38767558625231, -1.414137496845712 53.38754008081918, -1.4138481935993685 53.38653943138112, -1.4146132135197562 53.38666902500688, -1.4163965020479907 53.387100220614485, -1.416068978974918 53.3874524425465, -1.41446023803226 53.38850677213602, -1.4147986199917066 53.38863740938108, -1.4144740074729725 53.38895099870321, -1.4138850105061458 53.38931264715721, -1.4122534106080338 53.38999996967533, -1.4111846931482013 53.389978275034665, -1.4124018413178003 53.390917107608125, -1.4135759222692657 53.39125134253052, -1.414339643047025 53.39091401295019, -1.4140725009450117 53.39163034313857, -1.412734613205382 53.391998539301106, -1.4127872969712132 53.39231161420091, -1.412551033562751 53.39230380989348, -1.4133773859159127 53.39387536578367, -1.4130231722017896 53.394094557297734, -1.4142100501216024 53.39478986344654, -1.4131852232385884 53.39562165453945, -1.4122786924629227 53.39570019961275, -1.4125132289863995 53.39614179952157, -1.4108726420455562 53.39624158442499, -1.4098130575380543 53.39695973780164, -1.40922419139165 53.39799522846022, -1.4072257367697392 53.39692809589582, -1.4001624965307597 53.39891347146239, -1.3994081531841396 53.39873728709487, -1.3975479383243725 53.40053464914841, -1.3969054156173013 53.40030843350352, -1.3965567036994069 53.39976229889593, -1.3954591433531147 53.39953037825314, -1.394858617838141 53.39927162716526))",72.5930673330892,63.977223482949775,129.9709210584854,6.599369757553562,123.37155130093184,28681.79988154928,23329.69576036216,397.7376878609574,327.12324151585284,1.822508431472828,28,1024.3499957696172,1108.23122803549,833.2034200129343,669.823863262111,14.204917423605622,14.28284140271817,11.68297291128046,9.293560425899738,14.204917423605622,11.682972911280459,482,E01007902,2.5084,E01007902,"1,753",1753.0,-5352.10412118712,-70.61444634510457,-191.14657575668286,-2.5219445123251614,-438.40736477337896,-4.989280976818431,Reduced,Reduced,Reduced,0.06508958683831528
73,E01007903,Sheffield 018A,Sheffield 018A,440556,389884,-1.39144,53.4042,8bfe8257-e398-4bb0-991f-d6d76d40fbf5,"POLYGON ((-1.3942452107887413 53.41365747228185, -1.3934291314937028 53.4125448746959, -1.3915590511659026 53.41274621352002, -1.3907218892051434 53.41311033057882, -1.3900829537863537 53.41226381518181, -1.3871364152663845 53.41093638875603, -1.3862893041657813 53.409913235343154, -1.384711948270501 53.40732766319826, -1.3834890827408057 53.406009688868814, -1.382116914005279 53.4050965301544, -1.3817459314483589 53.40390644844747, -1.3830144833997786 53.40345455591589, -1.3817677615024488 53.401149114767435, -1.377445860557436 53.39924678952408, -1.376972579937179 53.39840384163587, -1.3777104160722806 53.39782005042168, -1.3791498028996665 53.39678554585709, -1.3761749032787072 53.3945221715929, -1.375639179560425 53.393622190611836, -1.377030715295722 53.39226317037269, -1.3789635805203413 53.3917973498131, -1.385397967396176 53.392908516067244, -1.3906028372429056 53.3947441878592, -1.3945209062954746 53.39818795476453, -1.3955598172984707 53.398610013110435, -1.394858617838141 53.39927162716526, -1.3954591433531147 53.39953037825314, -1.3965567036994069 53.39976229889593, -1.3969054156173013 53.40030843350352, -1.395154814981504 53.40171805368221, -1.3963178515057388 53.4024340435245, -1.3981961758200698 53.40256037332353, -1.3990954244705034 53.401719962441256, -1.3996374799475184 53.40167774424941, -1.404438822666611 53.403589401972084, -1.4052666604575965 53.40354858251494, -1.4065394133374163 53.40288075991973, -1.4074224020085417 53.40319974712811, -1.4028532001137686 53.40618820704467, -1.4023978014334029 53.40686127705745, -1.4018420209451734 53.406672007427304, -1.4009553952076843 53.40797033147133, -1.3985682914693978 53.409302371885296, -1.3997805154311578 53.4102255565157, -1.398450470712724 53.41133566172788, -1.3967987047958692 53.41195577676682, -1.3964425624407788 53.41169302415545, -1.3953691741459735 53.4121826576598, -1.3943681383241646 53.41263532729668, -1.3947312791618682 53.413582161069684, -1.3942452107887413 53.41365747228185))",41.61269263790717,45.82895664967751,85.79180684819629,1.64984243938839,84.1419644088079,8152.441262628647,6785.9476271348985,115.92659555247424,98.32734313400965,0.283799760122936,14,582.3172330449033,401.51385367829096,484.71054479534985,373.609085832796,8.280471110891016,6.6514420713494165,7.0233816524292605,5.645452440451909,8.280471110891018,7.0233816524292605,351,E01007903,2.3242,E01007903,"1,649",1649.0,-1366.4936354937481,-17.599252418464587,-97.60668824955349,-1.2570894584617553,-27.904767845494973,-1.0059896308975071,Reduced,Reduced,Reduced,0.02027141143735257
74,E01007904,Sheffield 018B,Sheffield 018B,439172,389439,-1.41232,53.4003,e98c98bc-fed5-434f-9100-648f5bda85e3,"POLYGON ((-1.4141756780381347 53.406203544141476, -1.4158015086854934 53.4053084122779, -1.4152623790415704 53.40513498979752, -1.4139599828932752 53.405775793507885, -1.412884362756932 53.405300017756005, -1.4131396306859738 53.40267063394063, -1.41250744398342 53.40209399446993, -1.409603534772554 53.40143293348479, -1.4074224020085417 53.40319974712811, -1.4065394133374163 53.40288075991973, -1.4052666604575965 53.40354858251494, -1.404438822666611 53.403589401972084, -1.3996374799475184 53.40167774424941, -1.3990954244705034 53.401719962441256, -1.3981961758200698 53.40256037332353, -1.3963178515057388 53.4024340435245, -1.395154814981504 53.40171805368221, -1.3969054156173013 53.40030843350352, -1.3975479383243725 53.40053464914841, -1.3994081531841396 53.39873728709487, -1.4001624965307597 53.39891347146239, -1.4072257367697392 53.39692809589582, -1.40922419139165 53.39799522846022, -1.4098130575380543 53.39695973780164, -1.4108726420455562 53.39624158442499, -1.4125132289863995 53.39614179952157, -1.4122786924629227 53.39570019961275, -1.4131852232385884 53.39562165453945, -1.4142100501216024 53.39478986344654, -1.4130231722017896 53.394094557297734, -1.4133773859159127 53.39387536578367, -1.412551033562751 53.39230380989348, -1.4127872969712132 53.39231161420091, -1.4135255296848448 53.39234451173034, -1.4139099581218066 53.391897013638506, -1.4145499561074648 53.39195818308737, -1.4153974977515074 53.391372755832755, -1.415539135504276 53.3909056677368, -1.4166038086824486 53.39100177500607, -1.417128762092368 53.390714101389825, -1.4182510720975359 53.39063019775087, -1.4182250064533155 53.391275028279914, -1.4187061903414928 53.39136313203477, -1.419036787132078 53.391165748442155, -1.4196357665697237 53.39147864447633, -1.420449329129118 53.39202778609119, -1.4173633027813493 53.39337905659095, -1.4178234766129 53.39383562860683, -1.4193293085612595 53.39477288899668, -1.4225273191640482 53.39292773089738, -1.425248371469569 53.39359398166165, -1.4213225516700658 53.39765550980042, -1.4269912629467414 53.40019635936159, -1.4264929973881089 53.40072485819046, -1.4273193377013567 53.401030770129346, -1.4242496504692272 53.40504018615626, -1.4227473822176668 53.40556407819219, -1.4203409494769592 53.40554260219093, -1.419467941568992 53.40597957271359, -1.421873228302703 53.40956545580477, -1.4196971211804235 53.410092242020866, -1.416580189996884 53.40915301748432, -1.4136756273664892 53.40785977257564, -1.415268685091516 53.40686983639904, -1.4141756780381347 53.406203544141476))",239.9604170177115,162.05119071326007,378.18055027313926,23.831057457832323,354.3494928153069,27734.588359643807,24263.045898567234,398.07783178335933,346.88633118451025,1.4724515809350227,51,543.8154580322317,405.46428087338,475.7459980111221,352.052401912663,7.805447682026651,6.7168844898475655,6.801692768323732,5.832068148955401,7.805447682026654,6.80169276832373,337,E01007904,1.8484,E01007904,"1,732",1732.0,-3471.542461076573,-51.191500598849075,-68.06946002110965,-1.0037549137029194,-53.41187896071699,-0.8848163408921641,Reduced,Reduced,Reduced,0.028871599626176917
75,E01007905,Sheffield 027C,Sheffield 027C,438440,388433,-1.42345,53.3913,1e19ca6b-7255-45a3-9d4c-9812d986689c,"POLYGON ((-1.4173633027813493 53.39337905659095, -1.420449329129118 53.39202778609119, -1.4196357665697237 53.39147864447633, -1.419036787132078 53.391165748442155, -1.4187061903414928 53.39136313203477, -1.4182250064533155 53.391275028279914, -1.4182510720975359 53.39063019775087, -1.418371432250191 53.39031409382277, -1.4187191119375973 53.389333221850706, -1.4194025727259771 53.38899900190729, -1.4189849144977875 53.388962589324834, -1.419181237789982 53.388087540661374, -1.4194821860471754 53.38786631019402, -1.421625533812336 53.388454701102894, -1.4250351658324523 53.389225822732854, -1.4257125815471388 53.389327299217236, -1.4289550839592335 53.389858374872546, -1.4272378627502809 53.391736953376515, -1.425248371469569 53.39359398166165, -1.4225273191640482 53.39292773089738, -1.4193293085612595 53.39477288899668, -1.4178234766129 53.39383562860683, -1.4173633027813493 53.39337905659095))",12.465476208712282,13.748686994903247,24.381004937628425,1.8331582659871013,22.547846671641324,7840.526394018898,7379.6711760114285,96.46628463414629,95.84514256884819,0.2859001230195677,22,356.38756336449535,132.5409689765405,335.4395989096104,187.1073251571025,4.384831119733922,1.5305229854112605,4.3565973894931,2.184999473276064,4.3848311197339225,4.3565973894931,111,E01007905,0.3071,E01007905,"2,089",2089.0,-460.8552180074694,-0.6211420652981019,-20.947964454884925,-0.028233730240821764,54.566356180561996,0.6544764878648035,Reduced,Reduced,Increased,0.012995460137253077
76,E01007906,Sheffield 027D,Sheffield 027D,439010,388285,-1.41489,53.39,7426c0ff-b469-446a-8307-475ba5fcefa1,"POLYGON ((-1.412734613205382 53.391998539301106, -1.4140725009450117 53.39163034313857, -1.414339643047025 53.39091401295019, -1.4135759222692657 53.39125134253052, -1.4124018413178003 53.390917107608125, -1.4111846931482013 53.389978275034665, -1.4122534106080338 53.38999996967533, -1.4138850105061458 53.38931264715721, -1.4144740074729725 53.38895099870321, -1.4147986199917066 53.38863740938108, -1.41446023803226 53.38850677213602, -1.416068978974918 53.3874524425465, -1.4163965020479907 53.387100220614485, -1.4146132135197562 53.38666902500688, -1.4138481935993685 53.38653943138112, -1.414137496845712 53.38754008081918, -1.4135624488278646 53.38767558625231, -1.4115580484881973 53.3873057937471, -1.4114883525543303 53.387937761318526, -1.4108655426897247 53.38786475899568, -1.4111666488375871 53.38692174576477, -1.4094900749849977 53.38669418040863, -1.4103507150118335 53.38525577926896, -1.4113397714999625 53.3858401961316, -1.4122531364911703 53.385421037838015, -1.4130130062639743 53.38476644096809, -1.41520293723434 53.38529734174913, -1.4203903970019232 53.38639888069578, -1.4203634000174823 53.386449365116015, -1.4194821860471754 53.38786631019402, -1.419181237789982 53.388087540661374, -1.4189849144977875 53.388962589324834, -1.4194025727259771 53.38899900190729, -1.4187191119375973 53.389333221850706, -1.418371432250191 53.39031409382277, -1.4182510720975359 53.39063019775087, -1.417128762092368 53.390714101389825, -1.4166038086824486 53.39100177500607, -1.415539135504276 53.3909056677368, -1.4153974977515074 53.391372755832755, -1.4145499561074648 53.39195818308737, -1.4139099581218066 53.391897013638506, -1.4135255296848448 53.39234451173034, -1.4127872969712132 53.39231161420091, -1.412734613205382 53.391998539301106))",31.530322174978135,39.22958689212393,61.59411773716656,9.165791329935509,52.428326407231054,14742.539859601322,11774.146083491942,187.8620672327906,151.6938064860964,0.8107400342476359,18,819.0299922000735,764.7510339496234,654.1192268606633,578.0007610959315,10.436781512932814,9.4336598020502,8.427433693672022,6.6440843930237685,10.43678151293281,8.427433693672022,151,E01007906,0.2779,E01007906,"2,916",2916.0,-2968.3937761093803,-36.16826074669419,-164.9107653394102,-2.0093478192607925,-186.75027285369197,-2.7895754090264306,Reduced,Reduced,Reduced,0.045041113013757544
77,E01007907,Sheffield 032A,Sheffield 032A,439522,387482,-1.4073,53.3827,d6b83d53-f4e9-4839-bfbe-a6f1ea7466a7,"POLYGON ((-1.4079938656300512 53.386602190412546, -1.4072248911937093 53.3865585926605, -1.403422009643903 53.38691699694856, -1.4028533736032243 53.38599780969748, -1.4040168741531158 53.385028828381685, -1.4019253454842737 53.38415533284435, -1.4021754627316536 53.383550466463554, -1.4027209167669228 53.38340117802003, -1.4019268410490116 53.38301068945434, -1.4022730298056902 53.38277006844827, -1.4015678986587023 53.3823857303381, -1.4025542283746202 53.38242057354453, -1.402531610169597 53.38198274549177, -1.4046564877895458 53.381176685192244, -1.4037359976516928 53.38024421427179, -1.403310559727308 53.3799044910153, -1.4050364738518528 53.37932389884009, -1.4062014397498173 53.378289871317904, -1.4072423563233847 53.37879976793224, -1.4086426512544712 53.37956280497099, -1.4097334822765344 53.3804040263866, -1.4105568284560546 53.382295724081175, -1.4110026890664729 53.382302338828424, -1.4109965893641605 53.38259042238975, -1.41037261090645 53.384085089012075, -1.4130130062639743 53.38476644096809, -1.4122531364911703 53.385421037838015, -1.4113397714999625 53.3858401961316, -1.4103507150118335 53.38525577926896, -1.4094900749849977 53.38669418040863, -1.4092249631921367 53.38707406286624, -1.4080875004121793 53.387194633215536, -1.4079938656300512 53.386602190412546))",18.14826683327229,28.41395312280009,45.46232499648012,1.0998949595922611,44.36243003688786,5811.146082635578,4450.45184406346,68.25163238815206,50.441574426195245,0.1321204972043114,6,968.5243471059297,985.275393078337,741.7419740105767,750.6082780362631,11.37527206469201,9.79318966160134,8.406929071032542,8.448114947268925,11.37527206469201,8.406929071032542,64,E01007907,0.4192,E01007907,"1,741",1741.0,-1360.6942385721177,-17.810057961956815,-226.78237309535302,-2.968342993659469,-234.66711504207387,-1.3450747143324158,Reduced,Reduced,Reduced,0.022020082867385233
78,E01007908,Sheffield 032B,Sheffield 032B,440076,387284,-1.39899,53.3809,2a3b46a1-9a5f-49f4-9fa3-ea024241786f,"POLYGON ((-1.3941875457560984 53.38338905954948, -1.3940281259589258 53.382481607388996, -1.3946231603942438 53.38206316220664, -1.3938981764615965 53.38192485585706, -1.393631052536314 53.3814743377193, -1.394127903432939 53.381335902349356, -1.3935216551584628 53.38101806715511, -1.3936636938543099 53.38069487940882, -1.39443795039002 53.38069472659805, -1.3943834428380806 53.380328842598416, -1.3960558133334584 53.37970259853396, -1.396076996773514 53.37920392094444, -1.3951835441058593 53.379003414971095, -1.3945817767484627 53.37900536746517, -1.3959516951642679 53.37836041385577, -1.3966428806279256 53.37838188502528, -1.3981887830819109 53.379621140694695, -1.3986551062574792 53.379426465492436, -1.3983335214532144 53.37912056841042, -1.3998623956691976 53.37927064189307, -1.3998813490336308 53.3795596618638, -1.4017657703377677 53.379862147933935, -1.4026002165844669 53.379303333556386, -1.403310559727308 53.3799044910153, -1.4037359976516928 53.38024421427179, -1.4046564877895458 53.381176685192244, -1.402531610169597 53.38198274549177, -1.4025542283746202 53.38242057354453, -1.4015678986587023 53.3823857303381, -1.4022730298056902 53.38277006844827, -1.4019268410490116 53.38301068945434, -1.4017627040477179 53.38292669480891, -1.3987229095506633 53.38288511191904, -1.3941875457560984 53.38338905954948))",12.465476208712282,21.63126753864779,30.980374695182,3.116369052178072,27.864005643003928,4974.541014991222,3814.715372757169,49.44467707349972,37.91653725738269,0.1401197559934575,4,1243.6352537478056,1463.818308980065,953.6788431892923,1034.047585677181,12.36116926837493,14.549688778055724,9.479134314345673,10.277963092144766,12.36116926837493,9.479134314345673,27,E01007908,0.2484,E01007908,"1,381",1381.0,-1159.8256422340532,-11.528139816117026,-289.9564105585133,-2.8820349540292565,-429.7707233028841,-4.271725685910958,Reduced,Reduced,Reduced,0.035029938998364374
79,E01007909,Sheffield 032C,Sheffield 032C,440870,386870,-1.38711,53.3771,6f9e6dda-558d-4ff4-9aff-5610439e6d0e,"POLYGON ((-1.3798528992311554 53.38108154938681, -1.376639612818491 53.37888505247446, -1.3765815801942456 53.37884948673716, -1.3785935593096559 53.37859176583407, -1.386267274983368 53.376856875753994, -1.3846501008721428 53.37602583660638, -1.3855151230595177 53.374790868623045, -1.385981211645269 53.37482825000776, -1.3852186367746866 53.37417981604929, -1.3854758243677423 53.37406428601641, -1.3852038636430835 53.3738340238891, -1.3850577790471068 53.37430853817481, -1.3830611834128492 53.37368190511627, -1.3838467820627076 53.37251684841064, -1.3833964404562946 53.37182052084061, -1.3863640147259426 53.37109271138331, -1.3872125408758127 53.371220532367616, -1.3879934842901265 53.37163440584635, -1.3890159308271948 53.372464475363266, -1.392034107741596 53.374780996071344, -1.3923175247933552 53.374346412662874, -1.3934665549988072 53.37446468480219, -1.3948021650585372 53.375265507543, -1.395654038421959 53.37574311422449, -1.39686307003619 53.3767707778691, -1.3968141917349812 53.377249342942946, -1.3976197537668782 53.377399709254654, -1.3968004302535852 53.37787031405316, -1.3959905294653772 53.37774038764312, -1.3959516951642679 53.37836041385577, -1.3945817767484627 53.37900536746517, -1.3951835441058593 53.379003414971095, -1.396076996773514 53.37920392094444, -1.3960558133334584 53.37970259853396, -1.3943834428380806 53.380328842598416, -1.39443795039002 53.38069472659805, -1.3936636938543099 53.38069487940882, -1.3935216551584628 53.38101806715511, -1.394127903432939 53.381335902349356, -1.393631052536314 53.3814743377193, -1.3938981764615965 53.38192485585706, -1.3946231603942438 53.38206316220664, -1.3940281259589258 53.382481607388996, -1.3941875457560984 53.38338905954948, -1.3938276628550181 53.38401459280811, -1.3911691878632673 53.38391824022507, -1.3914021123910005 53.383267636685815, -1.3858052769510045 53.382935339071906, -1.3833085149423 53.382307177134024, -1.3798528992311554 53.38108154938681))",117.1388131965757,110.722759265621,210.07993728212182,17.78163518007489,192.29830210204693,8256.924573790937,7285.799596197782,94.76952962507556,86.40685133835265,0.19993588432223966,13,635.1480441377644,401.88292468342,560.4461227844448,477.115511375223,7.289963817313505,3.99453364088111,6.646680872180974,5.211895717729054,7.289963817313505,6.646680872180974,85,E01007909,0.9945,E01007909,"2,590",2590.0,-971.1249775931547,-8.362678286722911,-74.70192135331956,-0.6432829451325315,75.23258669180296,1.217362076847944,Reduced,Reduced,Increased,0.015379683409403051
80,E01007910,Sheffield 037A,Sheffield 037A,439919,386377,-1.40147,53.3728,a464a04b-031b-43c5-ac7e-66730115218d,"POLYGON ((-1.403310559727308 53.3799044910153, -1.4026002165844669 53.379303333556386, -1.4017657703377677 53.379862147933935, -1.3998813490336308 53.3795596618638, -1.3998623956691976 53.37927064189307, -1.3983335214532144 53.37912056841042, -1.3986551062574792 53.379426465492436, -1.3981887830819109 53.379621140694695, -1.3966428806279256 53.37838188502528, -1.3959516951642679 53.37836041385577, -1.3959905294653772 53.37774038764312, -1.3968004302535852 53.37787031405316, -1.3976197537668782 53.377399709254654, -1.3968141917349812 53.377249342942946, -1.39686307003619 53.3767707778691, -1.395654038421959 53.37574311422449, -1.3948021650585372 53.375265507543, -1.3970701252486912 53.373673944914316, -1.3970881218564417 53.371747326099815, -1.3970350337373882 53.37148980026366, -1.3967191764219649 53.369167904494304, -1.3960139399055025 53.369064946759465, -1.3961080931900285 53.36833856132346, -1.397456426042886 53.36703605286429, -1.3992661580409886 53.3661489829618, -1.4010290346259828 53.3654879873825, -1.4029532805761902 53.36624452539422, -1.4035826655368935 53.36695959532044, -1.4036636920585732 53.367465214233036, -1.4048396477568112 53.368398080836094, -1.4044198753454924 53.371146408318715, -1.4078042675764242 53.370330352520014, -1.4076361076101953 53.370581192467064, -1.407349229021051 53.37164450324392, -1.4080909530190402 53.373908570076644, -1.4077508830143468 53.37483201091798, -1.4075798099213321 53.37581192572442, -1.4066794946522576 53.3763771623149, -1.406517783761608 53.377059736089414, -1.4072423563233847 53.37879976793224, -1.4062014397498173 53.378289871317904, -1.4050364738518528 53.37932389884009, -1.403310559727308 53.3799044910153))",51.328431447638806,55.36137963281043,100.64038880269179,6.04942227775744,94.59096652493434,22712.723799703766,19063.143383832477,237.6628975383685,204.98844016779256,1.13144001348092,26,873.5662999886061,795.1362658087115,733.1978224550951,536.127230594154,9.140880674552635,7.27453205502276,7.8841707756843284,5.3039634898862875,9.140880674552635,7.884170775684329,72,E01007910,0.9385,E01007910,"1,856",1856.0,-3649.580415871289,-32.67445737057594,-140.36847753351105,-1.2567098988683068,-259.00903521455757,-1.9705685651364728,Reduced,Reduced,Reduced,0.04351692359542
81,E01007911,Sheffield 032D,Sheffield 032D,441667,386391,-1.37519,53.3728,93c3d0dd-1d6e-458e-afb1-f777c2f42762,"POLYGON ((-1.3739796065298264 53.37758743897384, -1.3663578845772408 53.37243693266217, -1.3636460234509338 53.370047152683455, -1.361085254842192 53.36657346586174, -1.3637039230454082 53.366790724245476, -1.3652592374463544 53.36716482792398, -1.3670934508159642 53.36760598071842, -1.3707480135367847 53.370074834839826, -1.3707688603247672 53.37008905703236, -1.3734826388317578 53.371596635891486, -1.3747715778612444 53.37189570515602, -1.3797904386363316 53.3725793571844, -1.381994316772752 53.37220371762554, -1.3833964404562946 53.37182052084061, -1.3838467820627076 53.37251684841064, -1.3830611834128492 53.37368190511627, -1.3850577790471068 53.37430853817481, -1.3852038636430835 53.3738340238891, -1.3854758243677423 53.37406428601641, -1.3852186367746866 53.37417981604929, -1.385981211645269 53.37482825000776, -1.3855151230595177 53.374790868623045, -1.3846501008721428 53.37602583660638, -1.386267274983368 53.376856875753994, -1.3785935593096559 53.37859176583407, -1.3765815801942456 53.37884948673716, -1.3739796065298264 53.37758743897384))",64.52717096274591,61.594117737166556,121.1717613817473,4.949527318165171,116.22223406358214,11004.556362833275,9583.35108598541,133.54535059465852,116.99622575922834,0.23612713839007093,28,393.0198701011885,304.74953539967055,342.2625387851932,285.1068258743445,4.76947680695209,3.911805489720154,4.178436634258154,3.4585746725650104,4.76947680695209,4.178436634258155,208,E01007911,0.8794,E01007911,"1,363",1363.0,-1421.2052768478643,-16.549124835430177,-50.75733131599526,-0.591040172693936,-19.64270952532604,-0.4532308171551436,Reduced,Reduced,Reduced,0.008433112085359675
82,E01007912,Sheffield 037B,Sheffield 037B,440509,386275,-1.39261,53.3718,deff1243-715c-4edc-a293-f5470dcccd1b,"POLYGON ((-1.3934665549988072 53.37446468480219, -1.3923175247933552 53.374346412662874, -1.392034107741596 53.374780996071344, -1.3890159308271948 53.372464475363266, -1.3879934842901265 53.37163440584635, -1.3883617796423287 53.371486396294806, -1.39084174111387 53.37033771301293, -1.3927616132755236 53.37016508539658, -1.393662752401058 53.36992039260412, -1.3961080931900285 53.36833856132346, -1.3960139399055025 53.369064946759465, -1.3967191764219649 53.369167904494304, -1.3970350337373882 53.37148980026366, -1.3970881218564417 53.371747326099815, -1.3970701252486912 53.373673944914316, -1.3948021650585372 53.375265507543, -1.3934665549988072 53.37446468480219))",19.79810927266068,22.181215018443925,40.32948185171622,1.64984243938839,38.67963941232783,6091.098386385368,5413.868777159726,66.45645863623916,64.63916876232913,0.15973974701656973,10,609.1098386385368,321.3136994577025,541.3868777159726,441.905606990701,6.645645863623916,3.1937121557747714,6.463916876232913,4.392340915227658,6.645645863623916,6.463916876232913,36,E01007912,0.2657,E01007912,"1,459",1459.0,-677.229609225642,-1.8172898739100276,-67.7229609225642,-0.1817289873910033,120.5919075329985,1.1986287594528866,Reduced,Reduced,Increased,0.015973974701656974
83,E01007913,Sheffield 018C,Sheffield 018C,440004,391333,-1.39956,53.4173,b92b6519-e6b3-4853-9f61-39d3b7b85473,"POLYGON ((-1.3815412761849317 53.42486163874294, -1.3801849871149148 53.423665293145845, -1.3797596332395372 53.42238866284099, -1.3816256200542185 53.42184645650631, -1.38240722830808 53.42150519896095, -1.382433791499131 53.42103429371378, -1.3837891737315908 53.42063340312946, -1.3935911104121732 53.42000041156402, -1.3927310551934022 53.418359314054335, -1.3953028964988377 53.4177995631451, -1.3956148221400397 53.41731696639883, -1.3949508416743415 53.41523871375583, -1.3953148593541238 53.41512552845226, -1.3955306867974113 53.41567840850038, -1.3961138700485842 53.415778021671784, -1.397194764752382 53.41529748902858, -1.3978112948225287 53.41575266183628, -1.3984120195945515 53.41620245569229, -1.3990819949368014 53.41578673639167, -1.398227402251848 53.41558449837199, -1.3991450530663625 53.41484578002124, -1.398307539333434 53.41405600884392, -1.3988256369113343 53.413439467633616, -1.3965085241364181 53.41314909233965, -1.3971263513633168 53.41277093852901, -1.3967987047958692 53.41195577676682, -1.398450470712724 53.41133566172788, -1.3997805154311578 53.4102255565157, -1.3985682914693978 53.409302371885296, -1.4009553952076843 53.40797033147133, -1.4018420209451734 53.406672007427304, -1.4023978014334029 53.40686127705745, -1.4028532001137686 53.40618820704467, -1.4074224020085417 53.40319974712811, -1.409603534772554 53.40143293348479, -1.41250744398342 53.40209399446993, -1.4131396306859738 53.40267063394063, -1.412884362756932 53.405300017756005, -1.4139599828932752 53.405775793507885, -1.4152623790415704 53.40513498979752, -1.4158015086854934 53.4053084122779, -1.4141756780381347 53.406203544141476, -1.415268685091516 53.40686983639904, -1.4136756273664892 53.40785977257564, -1.416580189996884 53.40915301748432, -1.4155197402373931 53.41064275024324, -1.41917214378928 53.41042060011392, -1.4193811431688386 53.41085840257774, -1.417891878382628 53.411617062951755, -1.4167086602011567 53.41332343671854, -1.414768804061792 53.41414652654298, -1.413110124776502 53.41556903647783, -1.4116479209161394 53.41647164251869, -1.4119656915853631 53.41698313395621, -1.4118991831294103 53.41812144599366, -1.4086112903755033 53.420295935786214, -1.408544504068873 53.420343092335855, -1.40588926626175 53.42192091337257, -1.4020980690531584 53.423490731709904, -1.3995299801990566 53.42417310938734, -1.3992401014508857 53.424556430037335, -1.3973850549900053 53.424909790866884, -1.3962961866713965 53.42382785724247, -1.3947596179469886 53.424117707974595, -1.3928109934231339 53.42416269796859, -1.3866490596377818 53.425177284131344, -1.3815929315736684 53.425351788597034, -1.3815412761849317 53.42486163874294))",455.906460750992,431.3421399867643,802.9233205023495,84.32528023540675,718.5980402669427,28298.27127717266,25921.585774674706,400.14308590297264,376.4210937544005,1.0456524584275482,49,577.5157403504624,396.030745486797,529.0119545851983,361.445667922178,8.166185426591278,6.560609398522424,7.682063137844906,5.987676141433604,8.166185426591278,7.682063137844908,169,E01007913,2.7224,E01007913,"1,648",1648.0,-2376.6855024979523,-23.721992148572156,-48.50378576526407,-0.48412228874637275,-34.585077564618985,-0.5729332570888204,Reduced,Reduced,Reduced,0.021339846090358126
84,E01007914,Sheffield 018D,Sheffield 018D,440360,391176,-1.39423,53.4159,db30946e-2138-4137-9884-94f66cad4c5e,"POLYGON ((-1.389292800558673 53.41773840718685, -1.391782973631013 53.41509771413941, -1.3907218892051434 53.41311033057882, -1.3915590511659026 53.41274621352002, -1.3934291314937028 53.4125448746959, -1.3942452107887413 53.41365747228185, -1.3947312791618682 53.413582161069684, -1.3943681383241646 53.41263532729668, -1.3953691741459735 53.4121826576598, -1.3964425624407788 53.41169302415545, -1.3967987047958692 53.41195577676682, -1.3971263513633168 53.41277093852901, -1.3965085241364181 53.41314909233965, -1.3988256369113343 53.413439467633616, -1.398307539333434 53.41405600884392, -1.3991450530663625 53.41484578002124, -1.398227402251848 53.41558449837199, -1.3990819949368014 53.41578673639167, -1.3984120195945515 53.41620245569229, -1.3978112948225287 53.41575266183628, -1.397194764752382 53.41529748902858, -1.3961138700485842 53.415778021671784, -1.3955306867974113 53.41567840850038, -1.3953148593541238 53.41512552845226, -1.3949508416743415 53.41523871375583, -1.3956148221400397 53.41731696639883, -1.3953028964988377 53.4177995631451, -1.3927310551934022 53.418359314054335, -1.3894762486042933 53.41858621284213, -1.389292800558673 53.41773840718685))",6.59936975755356,6.599369757553561,13.015423688508411,0.18331582659871,12.832107861909702,4523.033252388504,4038.173875325202,55.80215174499733,52.80797246247947,0.11691709709022977,6,753.8388753980839,993.7868604892781,673.028979220867,759.514935762948,9.300358624166222,9.563003373387463,8.801328743746579,9.444021206906989,9.300358624166222,8.801328743746579,83,E01007914,0.2671,E01007914,"1,595",1595.0,-484.8593770633015,-2.9941792825178624,-80.80989617721696,-0.49902988041964313,-234.2719247263301,-0.11898216648047466,Reduced,Reduced,Reduced,0.019486182848371628
85,E01007915,Sheffield 071A,Sheffield 071A,432447,380048,-1.51441,53.3164,a034b950-9b21-462e-8ceb-320b0296054f,"POLYGON ((-1.5200019460141574 53.3204180672688, -1.5203728634486862 53.32008421414996, -1.5195274241662096 53.32017427958459, -1.5191192449374926 53.32053438898808, -1.5183913919482501 53.32001529993971, -1.5170400441916212 53.32001028268261, -1.5167474405452177 53.319375570042844, -1.5169218526264356 53.31871249120978, -1.5165081170351895 53.31835047433076, -1.5156611368117587 53.318353494791964, -1.514771431828777 53.31876857865143, -1.5138985156824603 53.31841628984298, -1.5135688739620643 53.318147755771086, -1.5133247487136057 53.31759320508309, -1.5124838501565467 53.31753405240234, -1.51241307985945 53.31725941695789, -1.5113494534825611 53.31705479779807, -1.5048685597243714 53.3180288395798, -1.5051701731166112 53.31786559561937, -1.5046142169024412 53.317479774544545, -1.5047262204817278 53.31701729026882, -1.5104264780671968 53.315972938046, -1.5149776220295479 53.31384087995983, -1.5159040642814852 53.313298913968815, -1.5162686516881203 53.31253830524442, -1.5175157923013918 53.31212537445782, -1.5190930289534057 53.312218822612024, -1.521231283140114 53.312852983186986, -1.5216071761724017 53.312590939273036, -1.5236212691638935 53.31368229467457, -1.5228704025637252 53.31429230330541, -1.5231131497436847 53.314783269448014, -1.5203453853042037 53.316477314628756, -1.52205788917945 53.31650436323327, -1.5218827577601999 53.31787546531345, -1.5224398096161766 53.317861281626136, -1.5224786077663848 53.31818200334205, -1.5232805597322014 53.31795845790886, -1.5233189892837942 53.318287240789104, -1.5251860885321527 53.31870164827685, -1.525464614221782 53.31930500320747, -1.5253372509208243 53.31996067681852, -1.5246179213816526 53.32042668649276, -1.524590099872877 53.32017300261337, -1.523495247409307 53.320142929557946, -1.5239235186136717 53.319940548330436, -1.52362420282131 53.31966780362801, -1.5210148563886587 53.320667843686095, -1.5200019460141574 53.3204180672688))",17.41500352687745,21.081320058851645,37.21311279953812,1.28321078619097,35.92990201334715,1978.7004438267518,2007.880310520268,32.77897202822878,33.262363052432654,0.05557784394752868,4,494.67511095668794,582.1410235182655,501.970077630067,627.882715511583,8.194743007057195,9.643695378915293,8.315590763108164,10.401448098408833,8.194743007057195,8.315590763108164,55,E01007915,0.5653,E01007915,"1,472",1472.0,29.17986669351626,0.4833910242038755,7.294966673379065,0.12084775605096887,45.741691993317545,0.7577527194935403,Increased,Increased,Increased,0.01389446098688217
86,E01007916,Sheffield 069B,Sheffield 069B,434323,380635,-1.48619,53.3215,07de6fce-4ed5-4ad5-b1b6-44a9b8540248,"POLYGON ((-1.4823380874849743 53.321485653930495, -1.4821462901017723 53.31877973780392, -1.4847591582059783 53.3187056330179, -1.485878856196576 53.318357965617494, -1.4897223664969024 53.31765190328375, -1.490358007359814 53.31859879332637, -1.4892258071802342 53.3196869431793, -1.490557149246466 53.31978136062065, -1.4908669259866245 53.32024110999548, -1.4894035530911822 53.32039473405241, -1.4884961973870579 53.320733061357465, -1.4888108964907627 53.32102576269272, -1.4883316780006943 53.320812374402685, -1.4876285645525267 53.32114410969818, -1.4888779872906792 53.3219067974007, -1.4876465356766353 53.3221509299822, -1.4878300821586155 53.32256587551904, -1.4867257514228156 53.32256944697636, -1.487076303224642 53.32360234388041, -1.4871029172082884 53.32364026861443, -1.488476263013823 53.32460141265579, -1.4854982006275181 53.32482658354462, -1.481725139557676 53.32504671222435, -1.4815116506046728 53.32451681009602, -1.482225780010363 53.324113764362444, -1.4823004931374446 53.322451461128125, -1.482305449860236 53.32237058361209, -1.4823380874849743 53.321485653930495))",7.14931723734969,17.04837187368004,23.6477416312336,0.54994747979613,23.09779415143747,1386.633868296963,1410.5524609678655,34.45627628282912,35.0506261369671,0.030472913372719537,6,231.10564471616053,213.6943754351685,235.0920768279776,244.9642616502275,5.7427127138048535,5.310062452984799,5.841771022827849,6.08708359994553,5.7427127138048535,5.841771022827849,22,E01007916,0.3062,E01007916,"1,609",1609.0,23.9185926709024,0.5943498541379739,3.9864321118170665,0.09905830902299595,31.269886215059017,0.7770211469607311,Increased,Increased,Increased,0.005078818895453256
87,E01007917,Sheffield 071B,Sheffield 071B,433232,380547,-1.50258,53.3208,b71880ad-30bb-4df8-b2f6-dafeec99e49d,"POLYGON ((-1.5103947195709286 53.322685155836105, -1.5082324029760752 53.32162936846148, -1.5073819007544322 53.32072556897823, -1.506500678063265 53.32176206491799, -1.5060204342312147 53.32162528302993, -1.5053788693999983 53.32226544945633, -1.5024760774746058 53.32421084430742, -1.5018740619207727 53.3240205359786, -1.4998859204459756 53.324765459976966, -1.4990573099637519 53.32396930218835, -1.4983305067830466 53.32443040143971, -1.497262286584361 53.3238277876551, -1.4968443707832844 53.32396531694571, -1.4957665550274726 53.32327391025891, -1.4953834655106009 53.322715374111525, -1.496264039092903 53.32212468352675, -1.4953666874017977 53.321590645724825, -1.497860946089324 53.32036961156053, -1.4961337906813388 53.31970829246229, -1.4942040440163773 53.31970667531195, -1.4939455586190056 53.31886992895122, -1.4925980723877006 53.31873355697331, -1.4927769497476195 53.31938065540604, -1.4936254437290604 53.31928206429896, -1.4938752062852976 53.319741542263145, -1.4923023489933263 53.320044652437694, -1.4914055124990515 53.32017808443759, -1.4914442930049123 53.31933878305061, -1.490358007359814 53.31859879332637, -1.4897223664969024 53.31765190328375, -1.4923316310108454 53.3173835765435, -1.4929912322265804 53.31674537187134, -1.4946970008876255 53.31650080203184, -1.497338292857025 53.31627008989485, -1.500606745892923 53.31590359484809, -1.502109023349809 53.31757110473667, -1.5047262204817278 53.31701729026882, -1.5046142169024412 53.317479774544545, -1.5051701731166112 53.31786559561937, -1.5048685597243714 53.3180288395798, -1.5113494534825611 53.31705479779807, -1.51241307985945 53.31725941695789, -1.5124838501565467 53.31753405240234, -1.5133247487136057 53.31759320508309, -1.5128796805179938 53.317987107026816, -1.5121939368261619 53.317887744858794, -1.5107325993005625 53.318922511489625, -1.5078010132438038 53.318873929626164, -1.507790868005872 53.32005377218316, -1.5092419496256384 53.320174461211224, -1.5083993521942964 53.320749394761805, -1.510009044283377 53.32113253888676, -1.5104099727563831 53.32078883081353, -1.510890169689663 53.32095770273809, -1.5105476111773255 53.32186716668106, -1.5112719749162862 53.32153987805231, -1.5118887801536223 53.32177465345559, -1.5131909985447103 53.32167709442056, -1.5131877805652332 53.32209858259737, -1.5118087847202417 53.322845445877526, -1.5127960834578693 53.32349695807765, -1.5118636638376157 53.323891171648434, -1.5118642084139096 53.3245344278616, -1.5122644830625946 53.325013600937, -1.5154089485767672 53.32617872053936, -1.5154384222722461 53.32619318623453, -1.5148413694147427 53.32714407780381, -1.5146521339170322 53.32654074262663, -1.5126251454980044 53.32617824670946, -1.5121839692491197 53.32549135731258, -1.5106236625888474 53.324982724251065, -1.5103947195709286 53.322685155836105))",23.6477416312336,21.997899191845203,44.17911421028913,1.4665266127896812,42.71258759749945,7690.386676700735,5891.23987703088,127.24621149711375,97.2890129790891,0.37009352872031226,14,549.3133340500525,330.845563917974,420.80284835934873,293.01485873863896,9.089015106936696,5.290524201767745,6.9492152127920805,4.764208948900762,9.089015106936696,6.949215212792078,53,E01007917,0.8247,E01007917,"1,489",1489.0,-1799.1467996698548,-29.957198518024654,-128.51048569070377,-2.1397998941446152,-37.83070517933504,-0.5263152528669828,Reduced,Reduced,Reduced,0.026435252051450874
88,E01007918,Sheffield 071C,Sheffield 071C,431777,380791,-1.5244,53.3231,f1e7ca34-d3d2-492a-b705-01b7359b93bd,"POLYGON ((-1.5157098469148895 53.32557474625183, -1.5189493202037285 53.3230551160826, -1.519945495352964 53.322313777772024, -1.5194324668379058 53.322109565314626, -1.5195708264416983 53.32169191990153, -1.5210148563886587 53.320667843686095, -1.52362420282131 53.31966780362801, -1.5239235186136717 53.319940548330436, -1.523495247409307 53.320142929557946, -1.524590099872877 53.32017300261337, -1.5246179213816526 53.32042668649276, -1.5253372509208243 53.31996067681852, -1.525464614221782 53.31930500320747, -1.5256149219840842 53.319287623070664, -1.5262476920375283 53.319312940436404, -1.5260704942634717 53.319647976505664, -1.52662348162289 53.31988448525731, -1.527743104072589 53.31969571970751, -1.5285945578640832 53.31998258169111, -1.5290707660733662 53.319997090434924, -1.5290498425587515 53.319617547178346, -1.5311379995882703 53.3195179106216, -1.5309044326354815 53.32006595486011, -1.5304761670135616 53.32058821726998, -1.5320879198407815 53.320981520720295, -1.5308459136232133 53.322208178419736, -1.5304522568834569 53.322602100249384, -1.529153151611133 53.32282034527213, -1.5313459754758607 53.32370576426358, -1.5304954196396596 53.324601298043646, -1.5285950830960346 53.32387932892974, -1.5280004141713812 53.324095702756956, -1.528617709026719 53.32446394825203, -1.5284825172218957 53.32471710409027, -1.5275144462606094 53.32438995102723, -1.5271673216490094 53.3248236056399, -1.5263876995536554 53.32472083896185, -1.5257567904023817 53.32527090930983, -1.5267368843968752 53.3258229150703, -1.525945722044068 53.32598510633825, -1.5261226167279758 53.326534068827584, -1.5251823030008163 53.326669262945195, -1.5234966186909566 53.32568354972976, -1.5216520221734038 53.32615356151039, -1.521010429542492 53.326521325893154, -1.5201743282836446 53.32643151452064, -1.5192832466216142 53.325969062631366, -1.5189765387396201 53.324816834448704, -1.5168677344435335 53.326866025908615, -1.5154384222722461 53.32619318623453, -1.5154089485767672 53.32617872053936, -1.5157098469148895 53.32557474625183))",35.37995453355103,37.39642862613685,63.243960176554964,9.532422983132914,53.711537193422046,1985.8125440818362,1877.8581998159432,32.896790435785384,31.108428563194995,0.02628258085912936,6,330.9687573469727,289.84111872854953,312.97636663599053,329.8376243989445,5.482798405964231,4.801481676053786,5.184738093865833,5.464060160173015,5.482798405964231,5.184738093865833,82,E01007918,0.5103,E01007918,"1,713",1713.0,-107.95434426589304,-1.7883618725903894,-17.992390710982193,-0.29806031209839823,39.99650567039498,0.662578484119229,Reduced,Reduced,Increased,0.004380430143188227
89,E01007919,Sheffield 069C,Sheffield 069C,433943,380641,-1.4919,53.3216,a906b06e-ade6-4471-88ac-0c22f645d457,"POLYGON ((-1.4888779872906792 53.3219067974007, -1.4876285645525267 53.32114410969818, -1.4883316780006943 53.320812374402685, -1.4888108964907627 53.32102576269272, -1.4884961973870579 53.320733061357465, -1.4894035530911822 53.32039473405241, -1.4908669259866245 53.32024110999548, -1.490557149246466 53.31978136062065, -1.4892258071802342 53.3196869431793, -1.490358007359814 53.31859879332637, -1.4914442930049123 53.31933878305061, -1.4914055124990515 53.32017808443759, -1.4923023489933263 53.320044652437694, -1.4938752062852976 53.319741542263145, -1.4936254437290604 53.31928206429896, -1.4927769497476195 53.31938065540604, -1.4925980723877006 53.31873355697331, -1.4939455586190056 53.31886992895122, -1.4942040440163773 53.31970667531195, -1.4961337906813388 53.31970829246229, -1.497860946089324 53.32036961156053, -1.4953666874017977 53.321590645724825, -1.496264039092903 53.32212468352675, -1.4953834655106009 53.322715374111525, -1.4944124412063216 53.32191741293054, -1.4933355815943534 53.32240954899741, -1.4922589374633246 53.322954817901525, -1.4921979251581203 53.322986466734086, -1.4916824017624042 53.32324893456294, -1.488476263013823 53.32460141265579, -1.4871029172082884 53.32364026861443, -1.487076303224642 53.32360234388041, -1.4867257514228156 53.32256944697636, -1.4878300821586155 53.32256587551904, -1.4876465356766353 53.3221509299822, -1.4888779872906792 53.3219067974007))",11.91552872891615,5.4994747979613,16.68174022048261,0.73326330639484,15.94847691408777,1686.1923848453678,1532.9859164509498,32.32200571060371,31.019683077904233,0.033872103725856584,6,281.03206414089465,330.47326649657305,255.49765274182496,276.434361938226,5.387000951767285,4.788979691133323,5.1699471796507055,4.376940780148416,5.387000951767285,5.1699471796507055,24,E01007919,0.2249,E01007919,"1,735",1735.0,-153.20646839441793,-1.3023226326994788,-25.534411399069683,-0.2170537721165795,-54.03890455834704,-0.41203891098490697,Reduced,Reduced,Reduced,0.005645350620976097
90,E01007920,Sheffield 068A,Sheffield 068A,431681,381200,-1.5258,53.3268,5ac069f2-a104-4a6e-9763-f30924c00be5,"POLYGON ((-1.518824376525709 53.3297691075425, -1.5178975956373126 53.32940782301965, -1.51468270250575 53.3294305368784, -1.5142526497778295 53.32854361110727, -1.5148413694147427 53.32714407780381, -1.5154384222722461 53.32619318623453, -1.5168677344435335 53.326866025908615, -1.5189765387396201 53.324816834448704, -1.5192832466216142 53.325969062631366, -1.5201743282836446 53.32643151452064, -1.521010429542492 53.326521325893154, -1.5216520221734038 53.32615356151039, -1.5234966186909566 53.32568354972976, -1.5251823030008163 53.326669262945195, -1.5261226167279758 53.326534068827584, -1.525945722044068 53.32598510633825, -1.5267368843968752 53.3258229150703, -1.5257567904023817 53.32527090930983, -1.5263876995536554 53.32472083896185, -1.5271673216490094 53.3248236056399, -1.5275144462606094 53.32438995102723, -1.5284825172218957 53.32471710409027, -1.528617709026719 53.32446394825203, -1.5280004141713812 53.324095702756956, -1.5285950830960346 53.32387932892974, -1.5304954196396596 53.324601298043646, -1.5313459754758607 53.32370576426358, -1.529153151611133 53.32282034527213, -1.5304522568834569 53.322602100249384, -1.5308459136232133 53.322208178419736, -1.531647699118773 53.32204251773761, -1.5320869536259996 53.32287696161765, -1.5339611774909108 53.323719264873695, -1.535005602402793 53.323505414022875, -1.5363576276796937 53.32365635325181, -1.538288898445744 53.32445426417438, -1.537705081974556 53.32567808889311, -1.5391983160994906 53.326583222316636, -1.5385562786868643 53.326685434494784, -1.538186028813649 53.32623071810332, -1.5373062910267685 53.32647058343554, -1.536739272651885 53.32614594902874, -1.5354442794990455 53.326455604235655, -1.5346371762262907 53.326285306068264, -1.534534887705957 53.32744735972897, -1.5345141427697535 53.327754694140395, -1.535242200681097 53.32763110378086, -1.5352376771092577 53.32798399351168, -1.5366765013853085 53.32797825115041, -1.5364980377210125 53.327601985979406, -1.537179350974586 53.32760578415305, -1.536699592732286 53.327127591478124, -1.5375407888087267 53.326958790214626, -1.5377941326447115 53.32733948309339, -1.5393829394642105 53.327503385049454, -1.5389974273522633 53.32761458003766, -1.5392026925718887 53.32791127310145, -1.5376873500232229 53.32830468608582, -1.5358076558579545 53.32992752004629, -1.533906008243262 53.33069231660955, -1.5307654493744325 53.32952358534436, -1.5306156290187243 53.33006693260673, -1.5283463144037186 53.3309531068276, -1.5287324015187533 53.330239603428744, -1.5298511663910255 53.32994707092998, -1.529614592448757 53.32963236880017, -1.5301556038694497 53.32957074190725, -1.5297413170340466 53.329013785809764, -1.5274831060181324 53.328956420260454, -1.5272252255443828 53.32976491729304, -1.5264270378974802 53.329476909320256, -1.5263542592723867 53.32979841790434, -1.5254058565748443 53.32976167187708, -1.5255426325612937 53.32939989690941, -1.5248078323608512 53.32918095232741, -1.524641678097984 53.32939097375405, -1.522887001971601 53.331513220843654, -1.5206048322092247 53.33143220492927, -1.518824376525709 53.3297691075425))",52.428326407231076,24.747636590825866,75.70943638526727,1.46652661278968,74.24290977247759,9278.165229283915,7351.650665203607,139.8418777135334,110.25662261526664,0.3341611004834499,12,773.1804357736596,728.3343879908059,612.6375554336339,499.123230683234,11.653489809461115,12.032294146272152,9.188051884605553,8.268430154876626,11.653489809461115,9.188051884605553,99,E01007920,0.842,E01007920,"1,752",1752.0,-1926.5145640803084,-29.585255098266757,-160.5428803400257,-2.4654379248555625,-229.2111573075719,-3.7638639913955263,Reduced,Reduced,Reduced,0.027846758373620824
91,E01007921,Sheffield 068B,Sheffield 068B,430519,380856,-1.54328,53.3238,43fe9fa4-3426-44a9-b2e0-82f82a0bfa6e,"POLYGON ((-1.5377941326447115 53.32733948309339, -1.5375407888087267 53.326958790214626, -1.536699592732286 53.327127591478124, -1.537179350974586 53.32760578415305, -1.5364980377210125 53.327601985979406, -1.5366765013853085 53.32797825115041, -1.5352376771092577 53.32798399351168, -1.535242200681097 53.32763110378086, -1.5345141427697535 53.327754694140395, -1.534534887705957 53.32744735972897, -1.5346371762262907 53.326285306068264, -1.5354442794990455 53.326455604235655, -1.536739272651885 53.32614594902874, -1.5373062910267685 53.32647058343554, -1.538186028813649 53.32623071810332, -1.5385562786868643 53.326685434494784, -1.5391983160994906 53.326583222316636, -1.537705081974556 53.32567808889311, -1.538288898445744 53.32445426417438, -1.5363576276796937 53.32365635325181, -1.535005602402793 53.323505414022875, -1.5357181221970637 53.322714884345096, -1.5354599167504561 53.32208159712086, -1.535720068384094 53.321862910386784, -1.5361735939461636 53.322058156352945, -1.5370706308249018 53.32098003874106, -1.5363922034657709 53.320410493857445, -1.5362435787222486 53.31964080214779, -1.5367475793386542 53.31920524895554, -1.5374217554319047 53.31918618233214, -1.5384733343841566 53.32034487687417, -1.538928823557672 53.320282259441996, -1.5406034573837408 53.32103033311063, -1.5410370403445124 53.320192855183684, -1.539332826218897 53.31953011149, -1.539164422348774 53.31877476503922, -1.539903234608261 53.31870911143943, -1.5402600747271622 53.31817320088268, -1.541657315853424 53.31834355344515, -1.542238690142196 53.31872331218808, -1.5427662724134348 53.318518592539874, -1.54384349258347 53.318855297744086, -1.544544074075954 53.31871543789146, -1.5452624462439153 53.31952587950278, -1.5453084601418372 53.32048931712964, -1.5454389750040127 53.321279359644244, -1.5447761708036498 53.321492564261796, -1.5459770606473346 53.3212988364565, -1.5468238145334217 53.32258568397085, -1.5482633968246868 53.32295652373059, -1.5502263264706033 53.322181437142454, -1.551538347011538 53.32233021094201, -1.5520133553744946 53.322805333067606, -1.5516278028761235 53.32378365960341, -1.5518638729229866 53.32465063901014, -1.5487782475948928 53.324583852830045, -1.547943485671016 53.32418205279518, -1.5474824462845622 53.324830795135185, -1.5468918462770642 53.32491599766046, -1.5470633127469637 53.3252495736463, -1.547848281510688 53.32513320548129, -1.5477409445849517 53.326738998480586, -1.5457756297304897 53.3273272128126, -1.5453540669989714 53.32787746336328, -1.543390013520379 53.328447809562626, -1.5430207580259852 53.32925326259444, -1.5430463299917725 53.329800046968934, -1.5418685901696418 53.33003644091264, -1.5411044100730045 53.32897737344756, -1.5402173350637554 53.32857725117392, -1.5404011801833595 53.328235757403725, -1.53957963371996 53.3281985875437, -1.5398504704266294 53.327638437148465, -1.5393829394642105 53.327503385049454, -1.5377941326447115 53.32733948309339))",45.46232499648009,49.678589008250455,88.54154424717699,6.5993697575535615,81.94217448962343,6332.730506882062,7475.65683029335,104.90743901888615,123.84105279671022,0.14300972655001068,12,527.7275422401718,590.8028260340775,622.9714025244458,574.835678953591,8.742286584907179,9.787186013521275,10.320087733059186,9.522675703658662,8.742286584907179,10.320087733059184,103,E01007921,0.752,E01007921,"1,810",1810.0,1142.9263234112877,18.933613777824064,95.24386028427398,1.5778011481520071,-15.967147080486484,-0.26451030986261337,Increased,Increased,Reduced,0.01191747721250089
92,E01007922,Sheffield 071D,Sheffield 071D,432445,380697,-1.51438,53.3222,67e2fb66-e27b-49ba-8bbb-403cb59e9937,"POLYGON ((-1.5131877805652332 53.32209858259737, -1.5131909985447103 53.32167709442056, -1.5118887801536223 53.32177465345559, -1.5112719749162862 53.32153987805231, -1.5105476111773255 53.32186716668106, -1.510890169689663 53.32095770273809, -1.5104099727563831 53.32078883081353, -1.510009044283377 53.32113253888676, -1.5083993521942964 53.320749394761805, -1.5092419496256384 53.320174461211224, -1.507790868005872 53.32005377218316, -1.5078010132438038 53.318873929626164, -1.5107325993005625 53.318922511489625, -1.5121939368261619 53.317887744858794, -1.5128796805179938 53.317987107026816, -1.5133247487136057 53.31759320508309, -1.5135688739620643 53.318147755771086, -1.5138985156824603 53.31841628984298, -1.514771431828777 53.31876857865143, -1.5156611368117587 53.318353494791964, -1.5165081170351895 53.31835047433076, -1.5169218526264356 53.31871249120978, -1.5167474405452177 53.319375570042844, -1.5170400441916212 53.32001028268261, -1.5183913919482501 53.32001529993971, -1.5191192449374926 53.32053438898808, -1.5195274241662096 53.32017427958459, -1.5203728634486862 53.32008421414996, -1.5200019460141574 53.3204180672688, -1.5210148563886587 53.320667843686095, -1.5195708264416983 53.32169191990153, -1.5194324668379058 53.322109565314626, -1.519945495352964 53.322313777772024, -1.5189493202037285 53.3230551160826, -1.5157098469148895 53.32557474625183, -1.5154089485767672 53.32617872053936, -1.5122644830625946 53.325013600937, -1.5118642084139096 53.3245344278616, -1.5118636638376157 53.323891171648434, -1.5127960834578693 53.32349695807765, -1.5118087847202417 53.322845445877526, -1.5131877805652332 53.32209858259737))",25.297584070621994,19.064845966265853,44.179114210289136,0.18331582659871,43.99579838369043,3152.478035670854,2600.699112629357,52.223665119826535,43.08294554270644,0.11082299020266351,6,525.4130059451423,430.896955393878,433.44985210489284,453.08011844259454,8.703944186637756,7.138199868489807,7.180490923784407,7.505684134913293,8.703944186637756,7.180490923784407,40,E01007922,0.394,E01007922,"1,433",1433.0,-551.7789230414969,-9.140719577120095,-91.9631538402495,-1.5234532628533488,22.18316304871655,0.3674842664234852,Reduced,Reduced,Increased,0.018470498367110583
93,E01007923,Sheffield 068C,Sheffield 068C,431258,380324,-1.53223,53.3189,477d13ab-25df-4a07-9a19-3e5d9c4fd1ab,"POLYGON ((-1.5320869536259996 53.32287696161765, -1.531647699118773 53.32204251773761, -1.5308459136232133 53.322208178419736, -1.5320879198407815 53.320981520720295, -1.5304761670135616 53.32058821726998, -1.5309044326354815 53.32006595486011, -1.5311379995882703 53.3195179106216, -1.5290498425587515 53.319617547178346, -1.5290707660733662 53.319997090434924, -1.5285945578640832 53.31998258169111, -1.527743104072589 53.31969571970751, -1.52662348162289 53.31988448525731, -1.5260704942634717 53.319647976505664, -1.5262476920375283 53.319312940436404, -1.5256149219840842 53.319287623070664, -1.525464614221782 53.31930500320747, -1.5251860885321527 53.31870164827685, -1.5233189892837942 53.318287240789104, -1.5232805597322014 53.31795845790886, -1.5234216871450108 53.317531641348744, -1.5245380712055179 53.31732406597731, -1.5253343414082476 53.31751572035998, -1.5266491766391115 53.31671195198731, -1.5293859842950608 53.31624599053522, -1.531760819706412 53.31597705507847, -1.5309549425860456 53.31596078568721, -1.530781576189284 53.315618153558546, -1.5293902362048992 53.315241116633516, -1.5305804808767833 53.31415515043649, -1.5306725443075702 53.314144752875194, -1.533344518676437 53.31450481063297, -1.5338899117259324 53.31510761608236, -1.532468631585448 53.31576409888952, -1.5326375357446254 53.315928292979905, -1.5330628947309362 53.31577724735696, -1.5336786319520759 53.31611613985708, -1.533798854036804 53.31646449275341, -1.5408536543413809 53.31592887842837, -1.541727452465935 53.316004370941556, -1.5415425478154248 53.31678572851104, -1.5429251794814907 53.31635943489995, -1.54410951780964 53.3166007098033, -1.5419288421812767 53.31705823167807, -1.5436290647711923 53.3178477368691, -1.544544074075954 53.31871543789146, -1.54384349258347 53.318855297744086, -1.5427662724134348 53.318518592539874, -1.542238690142196 53.31872331218808, -1.541657315853424 53.31834355344515, -1.5402600747271622 53.31817320088268, -1.539903234608261 53.31870911143943, -1.539164422348774 53.31877476503922, -1.539332826218897 53.31953011149, -1.5410370403445124 53.320192855183684, -1.5406034573837408 53.32103033311063, -1.538928823557672 53.320282259441996, -1.5384733343841566 53.32034487687417, -1.5374217554319047 53.31918618233214, -1.5367475793386542 53.31920524895554, -1.5362435787222486 53.31964080214779, -1.5363922034657709 53.320410493857445, -1.5370706308249018 53.32098003874106, -1.5361735939461636 53.322058156352945, -1.535720068384094 53.321862910386784, -1.5354599167504561 53.32208159712086, -1.5357181221970637 53.322714884345096, -1.535005602402793 53.323505414022875, -1.5339611774909108 53.323719264873695, -1.5320869536259996 53.32287696161765))",18.88153013966713,18.33158265987101,35.92990201334717,1.28321078619097,34.6466912271562,6616.758982760614,4889.110126190698,109.61262898085832,80.99255476963268,0.2578645266619188,12,551.3965818967179,590.48936919729,407.4258438492248,442.756700323487,9.13438574840486,9.781993316002447,6.749379564136056,7.334667326978751,9.13438574840486,6.749379564136056,96,E01007923,0.6169,E01007923,"1,874",1874.0,-1727.6488565699165,-28.620074211225642,-143.97073804749306,-2.3850061842688035,-147.732668873803,-2.447325989023696,Reduced,Reduced,Reduced,0.0214887105551599
94,E01007924,Sheffield 071E,Sheffield 071E,431504,379728,-1.5286,53.3136,05be24cd-963c-4576-ac28-d3d581e641a3,"POLYGON ((-1.5224786077663848 53.31818200334205, -1.5224398096161766 53.317861281626136, -1.5218827577601999 53.31787546531345, -1.52205788917945 53.31650436323327, -1.5203453853042037 53.316477314628756, -1.5231131497436847 53.314783269448014, -1.5228704025637252 53.31429230330541, -1.5236212691638935 53.31368229467457, -1.5216071761724017 53.312590939273036, -1.5216145020087088 53.311760693071356, -1.524105455959082 53.31248245347769, -1.5257276411732954 53.31207738556631, -1.526354603088464 53.31119897470448, -1.5261683531712011 53.31039542064354, -1.5265776749418882 53.310248325415635, -1.5276535719828315 53.31049030502566, -1.528246775675002 53.3102958865602, -1.5287848302910874 53.31088044875771, -1.5288774316174458 53.31069371554793, -1.529411776190696 53.31089196478061, -1.5299238272549294 53.310428858044645, -1.5306487950851986 53.31054982339733, -1.5312782042648296 53.310615604558535, -1.5314703574385606 53.30996413317791, -1.532049561289173 53.30990177592617, -1.5317651740221219 53.3087349058459, -1.5328945664412936 53.30836800429905, -1.5333972090169925 53.30760311033805, -1.5331031927199097 53.307441268175886, -1.5340287014178824 53.30758142438699, -1.5368773986469098 53.309685629262596, -1.533576781376574 53.31115555742716, -1.5333772047081642 53.31156517797382, -1.533780486720787 53.311451857440254, -1.5342322988188672 53.31172814923673, -1.5340798773912403 53.31208044921393, -1.5347347243276979 53.31225397440468, -1.535609902259112 53.31317211591075, -1.5344616978752914 53.313384192008506, -1.5335749584339042 53.31254079249291, -1.5330793214744587 53.31257430652689, -1.5330111389559464 53.31220653375191, -1.5315475703983457 53.31233768012894, -1.5312057053938766 53.31246876964293, -1.5306725443075702 53.314144752875194, -1.5305804808767833 53.31415515043649, -1.5293902362048992 53.315241116633516, -1.530781576189284 53.315618153558546, -1.5309549425860456 53.31596078568721, -1.531760819706412 53.31597705507847, -1.5293859842950608 53.31624599053522, -1.5266491766391115 53.31671195198731, -1.5253343414082476 53.31751572035998, -1.5245380712055179 53.31732406597731, -1.5234216871450108 53.317531641348744, -1.5232805597322014 53.31795845790886, -1.5224786077663848 53.31818200334205))",20.348056752456813,6.599369757553558,26.76411068341166,0.18331582659871,26.580794856812947,1292.937390368251,1560.1225445364898,21.41868350277821,25.8448485254639,0.04596142872542718,5,258.58747807365023,117.044224418232,312.02450890729796,319.021600724322,4.283736700555642,1.9389440024843292,5.168969705092779,5.284882893299084,4.283736700555642,5.168969705092779,44,E01007924,0.4801,E01007924,"1,686",1686.0,267.1851541682388,4.426165022685687,53.437030833647725,0.8852330045371373,201.97737630609,3.3459388908147547,Increased,Increased,Increased,0.009192285745085436
95,E01007925,Sheffield 068D,Sheffield 068D,430568,379402,-1.54268,53.3107,dc563524-d210-4271-ad72-ec2f4ad4637b,"POLYGON ((-1.5415425478154248 53.31678572851104, -1.541727452465935 53.316004370941556, -1.5408536543413809 53.31592887842837, -1.533798854036804 53.31646449275341, -1.5336786319520759 53.31611613985708, -1.5330628947309362 53.31577724735696, -1.5326375357446254 53.315928292979905, -1.532468631585448 53.31576409888952, -1.5338899117259324 53.31510761608236, -1.533344518676437 53.31450481063297, -1.5306725443075702 53.314144752875194, -1.5312057053938766 53.31246876964293, -1.5315475703983457 53.31233768012894, -1.5330111389559464 53.31220653375191, -1.5330793214744587 53.31257430652689, -1.5335749584339042 53.31254079249291, -1.5344616978752914 53.313384192008506, -1.535609902259112 53.31317211591075, -1.5347347243276979 53.31225397440468, -1.5340798773912403 53.31208044921393, -1.5342322988188672 53.31172814923673, -1.533780486720787 53.311451857440254, -1.5333772047081642 53.31156517797382, -1.533576781376574 53.31115555742716, -1.5368773986469098 53.309685629262596, -1.5340287014178824 53.30758142438699, -1.5331031927199097 53.307441268175886, -1.533213149574178 53.30611840553793, -1.5346898256238737 53.305436241640805, -1.5350030318941885 53.30565713013391, -1.5350208410490587 53.305222115377845, -1.5368340258882958 53.305030929092084, -1.5369965656247668 53.30470392479516, -1.5391164548519565 53.304769711287165, -1.5398287929333463 53.304550544604545, -1.5408841233636763 53.30464154809175, -1.5409804392450033 53.30490891236025, -1.5416569549082075 53.304652814910796, -1.542706243978009 53.30532607238471, -1.5440412701518977 53.30551549908045, -1.5474733639860772 53.30678988813584, -1.5490936269578843 53.3069646852063, -1.5503963715676008 53.306209759969036, -1.5528050623763674 53.30594172933298, -1.5548339197163232 53.3061066167559, -1.5581397211748031 53.30538499506222, -1.5549002561145762 53.307939729297075, -1.5520804226230418 53.30922356465623, -1.549940968968354 53.311444732715664, -1.547115036020823 53.313267753713376, -1.545367336492631 53.31389032411934, -1.5422431137467605 53.314126528504865, -1.5432316716631347 53.31470285480607, -1.544288974163796 53.31476433399204, -1.5460858901832337 53.315979917503945, -1.54410951780964 53.3166007098033, -1.5429251794814907 53.31635943489995, -1.5415425478154248 53.31678572851104))",32.08026965477426,29.513848082392332,60.86085443077176,0.73326330639484,60.12759112437692,5943.780006272747,4268.991225765648,98.4641203146252,70.71972132754925,0.20997928911349067,8,742.9725007840934,848.6915194657399,533.6239032207061,565.2067109770475,12.308015039328154,14.059346711097312,8.839965165943656,9.363163093779516,12.30801503932815,8.839965165943656,65,E01007925,1.2989,E01007925,"1,769",1769.0,-1674.7887805070995,-27.744398987075954,-209.34859756338733,-3.4680498733844978,-283.48480848869247,-4.696183617317796,Reduced,Reduced,Reduced,0.026247411139186334
96,E01007926,Sheffield 068E,Sheffield 068E,429806,381263,-1.55394,53.3275,52b7e6b5-a989-4811-ba31-1d2942fe376f,"POLYGON ((-1.5603415031535366 53.34702132827833, -1.5572595590955982 53.34668268054455, -1.5554154396172926 53.34693482097097, -1.5523912979675771 53.34637071775018, -1.5505955213021776 53.346885318604095, -1.5494336018846973 53.34681267988323, -1.5476546141667642 53.34587280847235, -1.543737522310583 53.345366411714785, -1.541043895531037 53.34487961500497, -1.5395360412959034 53.34402522055566, -1.5382774378891713 53.34317260683209, -1.5375596316837012 53.34149935490304, -1.5373182090373747 53.340901208463976, -1.5362593936489983 53.340205813624536, -1.5314122139857476 53.33877846293939, -1.529719001609293 53.33881113169443, -1.5287517925714145 53.33799976114504, -1.5279074827926644 53.33761409884787, -1.5274272206645543 53.33788355102057, -1.5268583328120608 53.33742371732134, -1.5269085392289568 53.336448637975096, -1.5277703160988474 53.33562873474091, -1.5275828809838103 53.33504990029301, -1.5243590541098913 53.33222562801278, -1.522887001971601 53.331513220843654, -1.524641678097984 53.32939097375405, -1.5248078323608512 53.32918095232741, -1.5255426325612937 53.32939989690941, -1.5254058565748443 53.32976167187708, -1.5263542592723867 53.32979841790434, -1.5264270378974802 53.329476909320256, -1.5272252255443828 53.32976491729304, -1.5274831060181324 53.328956420260454, -1.5297413170340466 53.329013785809764, -1.5301556038694497 53.32957074190725, -1.529614592448757 53.32963236880017, -1.5298511663910255 53.32994707092998, -1.5287324015187533 53.330239603428744, -1.5283463144037186 53.3309531068276, -1.5306156290187243 53.33006693260673, -1.5307654493744325 53.32952358534436, -1.533906008243262 53.33069231660955, -1.5358076558579545 53.32992752004629, -1.5376873500232229 53.32830468608582, -1.5392026925718887 53.32791127310145, -1.5389974273522633 53.32761458003766, -1.5393829394642105 53.327503385049454, -1.5398504704266294 53.327638437148465, -1.53957963371996 53.3281985875437, -1.5404011801833595 53.328235757403725, -1.5402173350637554 53.32857725117392, -1.5411044100730045 53.32897737344756, -1.5418685901696418 53.33003644091264, -1.5430463299917725 53.329800046968934, -1.5430207580259852 53.32925326259444, -1.543390013520379 53.328447809562626, -1.5453540669989714 53.32787746336328, -1.5457756297304897 53.3273272128126, -1.5477409445849517 53.326738998480586, -1.547848281510688 53.32513320548129, -1.5470633127469637 53.3252495736463, -1.5468918462770642 53.32491599766046, -1.5474824462845622 53.324830795135185, -1.547943485671016 53.32418205279518, -1.5487782475948928 53.324583852830045, -1.5518638729229866 53.32465063901014, -1.5516278028761235 53.32378365960341, -1.5520133553744946 53.322805333067606, -1.551538347011538 53.32233021094201, -1.5502263264706033 53.322181437142454, -1.5482633968246868 53.32295652373059, -1.5468238145334217 53.32258568397085, -1.5459770606473346 53.3212988364565, -1.5447761708036498 53.321492564261796, -1.5454389750040127 53.321279359644244, -1.5453084601418372 53.32048931712964, -1.5452624462439153 53.31952587950278, -1.544544074075954 53.31871543789146, -1.5436290647711923 53.3178477368691, -1.5419288421812767 53.31705823167807, -1.54410951780964 53.3166007098033, -1.5460858901832337 53.315979917503945, -1.544288974163796 53.31476433399204, -1.5432316716631347 53.31470285480607, -1.5422431137467605 53.314126528504865, -1.545367336492631 53.31389032411934, -1.547115036020823 53.313267753713376, -1.549940968968354 53.311444732715664, -1.5520804226230418 53.30922356465623, -1.5549002561145762 53.307939729297075, -1.5581397211748031 53.30538499506222, -1.5584609912537297 53.305366991068155, -1.5580382915761206 53.3057589912874, -1.561767439260993 53.30640695256997, -1.5618630128881557 53.306634872190415, -1.5598102024367568 53.30815287616877, -1.5591691920494586 53.309738152223744, -1.555823362519885 53.311688923340796, -1.5584818756058232 53.3136726918179, -1.5602189781921243 53.313650178172956, -1.5613174016775317 53.31585645724172, -1.562261505304771 53.31577846670908, -1.5635482582598457 53.314067727139765, -1.5662661481666984 53.31367342649849, -1.5675060070677844 53.3146810075778, -1.5704155181091033 53.314313149200856, -1.573791452012923 53.313355281949214, -1.5730368384304285 53.31275033847738, -1.5805349673517168 53.311720202401226, -1.5810915228984508 53.31269603477262, -1.5811125819023577 53.31404442216148, -1.5830789506210234 53.31568040946509, -1.5817685185722523 53.316327609217375, -1.5789967888146654 53.31667485961325, -1.585032648490118 53.32157187072489, -1.5801476560966778 53.321513488419136, -1.57748189883514 53.32224200600724, -1.5755534754443121 53.32520060589994, -1.5728853647881367 53.32688462334951, -1.5716622982139017 53.32893501325759, -1.5681139141230596 53.332067442879506, -1.5676300217330337 53.33314350348193, -1.567009137865439 53.333522151024674, -1.5668845178738375 53.3341034317042, -1.5680687388966879 53.335984406111656, -1.5664980633556802 53.33750376829389, -1.5696764885607537 53.338134857915975, -1.5715723575378442 53.34001223707273, -1.5707354078646412 53.34036534636325, -1.5670939014640086 53.34476032093002, -1.564963940808222 53.34856180045573, -1.5603415031535366 53.34702132827833))",64.71048678934466,40.51279767831491,99.90712549629697,5.316158971362591,94.59096652493437,30149.51325042724,27782.6981536944,440.09641096830825,416.75472207656856,1.1236651716622224,54,558.3243194523563,599.5501855246025,514.4944102536,505.8603636624465,8.149933536450153,8.400844658323233,7.717680038454973,6.862540644057802,8.149933536450153,7.717680038454973,116,E01007926,8.8955,E01007926,"1,754",1754.0,-2366.81509673284,-23.341688891739693,-43.829909198756354,-0.43225349799517954,-93.68982186215601,-1.5383040142654316,Reduced,Reduced,Reduced,0.020808614290041154
97,E01007927,Sheffield 055A,Sheffield 055A,431854,383725,-1.52295,53.3495,a7809aaa-74ee-427a-a417-6431deb9213b,"POLYGON ((-1.5268964581819828 53.3544965429473, -1.5234351290245531 53.35158501556457, -1.5216131612307369 53.351385965242024, -1.5204754647126588 53.351736070090794, -1.5184342271431877 53.35145397856622, -1.5174254606903028 53.34905499123466, -1.5158391691984614 53.34802439010143, -1.5153179355677462 53.34806669787483, -1.5150151591834433 53.34755555597401, -1.5134752429543583 53.347154938137514, -1.5154560446812553 53.3449158096739, -1.5186905140699463 53.34664555865145, -1.5207346546323628 53.34705372497755, -1.5220926681014644 53.34675793755393, -1.5224989944784681 53.346960685831824, -1.5223572848470652 53.347544233467914, -1.5228135121687176 53.347552637241336, -1.5236550527141044 53.34530872109538, -1.5255346583966933 53.34466120925556, -1.5267790552133094 53.34442636851538, -1.530541230407805 53.34567534858219, -1.5295292163390644 53.34693451513651, -1.5280720854226852 53.347755691924874, -1.5272877392415787 53.3485945542346, -1.5289713308969177 53.350033712485704, -1.5299508225306726 53.349573933871994, -1.5303891574351793 53.34983344595363, -1.529841811250718 53.35054071787013, -1.529136383167712 53.35218865345367, -1.5299569412876688 53.35265855142112, -1.5287894784035128 53.35260229412953, -1.5295260705173814 53.353063317203016, -1.5287307577645852 53.35396054483938, -1.5277581221564263 53.35452921170846, -1.5268964581819828 53.3544965429473))",66.36032922873304,70.94322489370083,129.23765775209063,8.06589637034324,121.17176138174739,5860.70910268365,6305.411772538449,80.7126590565126,95.38083773509696,0.17858995574953668,16,366.2943189177281,479.558808360366,394.08823578365303,307.80294318597,5.044541191032038,6.442928381639843,5.961302358443559,4.654913646855111,5.044541191032038,5.96130235844356,64,E01007927,0.6344,E01007927,"1,587",1587.0,444.70266985479975,14.668178678584354,27.793916865924928,0.9167611674115212,-171.75586517439604,-1.7880147347847313,Increased,Increased,Reduced,0.011161872234346042
98,E01007928,Sheffield 055B,Sheffield 055B,432088,384072,-1.5194,53.3526,007abb99-6b16-4b86-a8fd-d1cd2516fecc,"POLYGON ((-1.5176070526541132 53.35755113838315, -1.5174050380926096 53.35723345210287, -1.5172268769521844 53.357241127468264, -1.5147772157410835 53.3567973142087, -1.513389850077741 53.35557922617878, -1.5120618792146707 53.35594302816157, -1.513475656273011 53.35449262408043, -1.5129081925826977 53.35429059946989, -1.5124354013273045 53.35412260349139, -1.5126028243327962 53.35386976009552, -1.5133039407148188 53.35379392335979, -1.5107898908695323 53.35300247239245, -1.510845673452415 53.352473934822015, -1.5117640629674927 53.3523035546975, -1.5112858975739412 53.35201266523309, -1.5117194166986545 53.35172591860872, -1.5133183004919752 53.352478509575725, -1.5139937492026068 53.352640450713075, -1.5147425945655801 53.35227538993382, -1.514108502682033 53.35203454302155, -1.5142762678172175 53.35110340509185, -1.5145196379736967 53.350828009490556, -1.5155834254860603 53.3508856686718, -1.5158483917991998 53.35034863330464, -1.5143186236993897 53.348059949914855, -1.5150151591834433 53.34755555597401, -1.5153179355677462 53.34806669787483, -1.5158391691984614 53.34802439010143, -1.5174254606903028 53.34905499123466, -1.5184342271431877 53.35145397856622, -1.5204754647126588 53.351736070090794, -1.5216131612307369 53.351385965242024, -1.5234351290245531 53.35158501556457, -1.5268964581819828 53.3544965429473, -1.519665819404982 53.3544637505899, -1.5198280272715405 53.35488147933612, -1.523319803413591 53.35499195754324, -1.5243238817104359 53.3552810292554, -1.526116791600125 53.35496569167503, -1.5265287535661027 53.35523672640601, -1.5259925386130593 53.35541995551354, -1.5232509363516127 53.35631181448566, -1.5211890100368075 53.356636331860656, -1.5212956095111656 53.35694692820736, -1.520726173497377 53.357122315161575, -1.5182235913650923 53.35755205418323, -1.5176070526541132 53.35755113838315))",94.59096652493434,136.02034333624295,222.91204514403145,7.69926471714583,215.21278042688562,3437.4895759185583,3339.9537743259075,60.01288922184182,61.10589623863659,0.042922576778136934,16,214.8430984949099,158.6273406699215,208.74711089536925,176.926739380845,3.7508055763651136,2.614861874033601,3.8191185149147864,2.662910567315426,3.7508055763651136,3.819118514914787,580,E01007928,0.5276,E01007928,"1,734",1734.0,-97.53580159265084,1.0930070167947719,-6.095987599540649,0.0683129385496728,18.299398710923498,0.04804869328182493,Increased,Increased,Increased,0.0026826610486335584
99,E01007929,Sheffield 055C,Sheffield 055C,433540,383559,-1.49764,53.3479,cc9737e7-efc0-4858-b8c6-80656c2fc966,"POLYGON ((-1.4887150566858827 53.35082201842957, -1.4875907808741866 53.34944370794972, -1.488346708362141 53.349086783323564, -1.4900101313842744 53.349540801279815, -1.4917724090241746 53.34867275810897, -1.4921748558366374 53.347910427749206, -1.4929963408161928 53.34805068221596, -1.4941517302879297 53.34738314401158, -1.4940228120702979 53.346893556564105, -1.49551067644073 53.34583327535255, -1.4957461011419442 53.34481658270937, -1.496847123763338 53.3440335889829, -1.497866340094423 53.343976917861966, -1.49801082017128 53.34364929251072, -1.500495934235239 53.34145272131457, -1.5006891801058788 53.34179478361772, -1.4998363204249172 53.34343570438654, -1.5008161029053573 53.34389269321194, -1.4999387069829113 53.34445468327733, -1.499501556854267 53.3442876386787, -1.4996253477268804 53.34472719447906, -1.498671301180947 53.34500069299996, -1.4992997229204725 53.345417018505714, -1.5001516269626454 53.34508892129535, -1.500543269740736 53.345376033445504, -1.5017947539716374 53.34462520997805, -1.5037692398599796 53.34393345203191, -1.5043624531873634 53.34403397403002, -1.506033874806856 53.34348111763354, -1.5064025375187964 53.3438119535897, -1.5067838090746415 53.343981204994876, -1.5063274116871022 53.344748305328885, -1.5071792379686568 53.34510402971541, -1.5076949619585458 53.34636110125049, -1.5076811660319114 53.34637733195489, -1.5063410637779664 53.34658101644696, -1.5067599231479751 53.347270875297625, -1.506246666052307 53.3475551171154, -1.5038758392654745 53.346651281619664, -1.5038106435897391 53.3467080604191, -1.5040497339583347 53.34745541519978, -1.5033897905186822 53.347908733707165, -1.5034490527362898 53.34839618740975, -1.5020964226865683 53.3489119014387, -1.5021798113951619 53.3494058562877, -1.5036237606726774 53.34943928745418, -1.5047801641567093 53.34997933622887, -1.505092599690195 53.3505320181036, -1.5027384241640798 53.35005544428275, -1.5022944065005823 53.350464738928736, -1.4998988545439569 53.350646513852006, -1.4970718157986627 53.35198668942388, -1.496320400581655 53.352043576053944, -1.4951230748354662 53.352151493733345, -1.4945292555525762 53.352204420489066, -1.4890231104204446 53.35110731809158, -1.4887150566858827 53.35082201842957))",130.88750019147898,106.87312690704807,217.2292545194715,20.53137257905554,196.69788194041598,2232.2455498819813,1432.0516968893362,36.9791772514132,23.723238482996464,0.004984448238790803,10,223.22455498819818,149.8040874248335,143.20516968893364,140.3227423474475,3.69791772514132,2.481640920803717,2.3723238482996463,2.3245738184784335,3.69791772514132,2.3723238482996463,123,E01007929,0.6881,E01007929,"2,022",2022.0,-800.1938529926451,-13.255938768416733,-80.01938529926454,-1.3255938768416735,-9.48134507738601,-0.15706710232528343,Reduced,Reduced,Reduced,0.0004984448238790803
100,E01007930,Sheffield 055D,Sheffield 055D,432784,383482,-1.509,53.3472,1af93e44-aec7-42a4-b776-2f8baba96738,"POLYGON ((-1.5133183004919752 53.352478509575725, -1.5117194166986545 53.35172591860872, -1.5112858975739412 53.35201266523309, -1.5106883560626372 53.35170301065855, -1.5096879140243706 53.3520232112525, -1.5087387508047998 53.351572966165186, -1.5083583896082213 53.34964327402769, -1.5078546376764304 53.349453882816526, -1.506753971661756 53.34983111970204, -1.505144492964715 53.3497099892363, -1.5047801641567093 53.34997933622887, -1.5036237606726774 53.34943928745418, -1.5021798113951619 53.3494058562877, -1.5020964226865683 53.3489119014387, -1.5034490527362898 53.34839618740975, -1.5033897905186822 53.347908733707165, -1.5040497339583347 53.34745541519978, -1.5038106435897391 53.3467080604191, -1.5038758392654745 53.346651281619664, -1.506246666052307 53.3475551171154, -1.5067599231479751 53.347270875297625, -1.5063410637779664 53.34658101644696, -1.5076811660319114 53.34637733195489, -1.5076949619585458 53.34636110125049, -1.5071792379686568 53.34510402971541, -1.5063274116871022 53.344748305328885, -1.5067838090746415 53.343981204994876, -1.5064025375187964 53.3438119535897, -1.5065979596990289 53.34376029401205, -1.5088914771387398 53.34288738782935, -1.5104828865626523 53.34163549936739, -1.5126841843839387 53.34062980100581, -1.5136268149125356 53.34038878221348, -1.5133156964574814 53.34068719007698, -1.5137469041954172 53.343308327885836, -1.5147819400869764 53.344357092210906, -1.5154560446812553 53.3449158096739, -1.5134752429543583 53.347154938137514, -1.5150151591834433 53.34755555597401, -1.5143186236993897 53.348059949914855, -1.5158483917991998 53.35034863330464, -1.5155834254860603 53.3508856686718, -1.5145196379736967 53.350828009490556, -1.5142762678172175 53.35110340509185, -1.514108502682033 53.35203454302155, -1.5147425945655801 53.35227538993382, -1.5139937492026068 53.352640450713075, -1.5133183004919752 53.352478509575725))",36.47984949314329,52.245010580632346,85.24185936840014,3.48300070537549,81.75885866302465,2358.260380631651,1512.660073062417,36.04101344543608,23.451258387570824,0.029571738352817456,8,294.7825475789564,212.0262974264605,189.0825091328021,177.4053418887975,4.50512668067951,3.512408406372889,2.931407298446353,2.410996712467223,4.50512668067951,2.931407298446353,85,E01007930,0.616,E01007930,"1,434",1434.0,-845.600307569234,-12.589755057865254,-105.70003844615428,-1.5737193822331568,-34.62095553766301,-1.101411693905666,Reduced,Reduced,Reduced,0.003696467294102182
101,E01007931,Sheffield 047A,Sheffield 047A,432943,384094,-1.50655,53.3527,efeb3dd0-b095-4124-aecf-112e5a5225b1,"POLYGON ((-1.5099228470326604 53.35598576552269, -1.5078701071586713 53.354915675180685, -1.507110206588141 53.35513977602156, -1.5062423440861383 53.35414819106567, -1.5030460051745875 53.353087408876256, -1.5024997899546861 53.35279365174033, -1.5008536770773069 53.352009964113165, -1.500503047452113 53.352328182057434, -1.4970718157986627 53.35198668942388, -1.4998988545439569 53.350646513852006, -1.5022944065005823 53.350464738928736, -1.5027384241640798 53.35005544428275, -1.505092599690195 53.3505320181036, -1.5047801641567093 53.34997933622887, -1.505144492964715 53.3497099892363, -1.506753971661756 53.34983111970204, -1.5078546376764304 53.349453882816526, -1.5083583896082213 53.34964327402769, -1.5087387508047998 53.351572966165186, -1.5096879140243706 53.3520232112525, -1.5106883560626372 53.35170301065855, -1.5112858975739412 53.35201266523309, -1.5117640629674927 53.3523035546975, -1.510845673452415 53.352473934822015, -1.5107898908695323 53.35300247239245, -1.5133039407148188 53.35379392335979, -1.5126028243327962 53.35386976009552, -1.5124354013273045 53.35412260349139, -1.5129081925826977 53.35429059946989, -1.513475656273011 53.35449262408043, -1.5120618792146707 53.35594302816157, -1.5099228470326604 53.35598576552269))",34.46337540055748,27.497373989806526,61.410801910567876,0.54994747979613,60.860854430771745,5575.5912433427975,3662.784743831069,105.65371472031552,70.34975726652927,0.19320279700438306,10,557.5591243342798,369.2616897907235,366.278474383107,243.726410984897,10.565371472031552,7.721930917979126,7.0349757266529265,4.037549611483287,10.565371472031552,7.0349757266529265,66,E01007931,0.336,E01007931,"1,586",1586.0,-1912.8064995117284,-35.30395745378625,-191.2806499511728,-3.530395745378626,-125.5352788058265,-3.6843813064958386,Reduced,Reduced,Reduced,0.019320279700438307
102,E01007932,Sheffield 055E,Sheffield 055E,432623,382393,-1.51153,53.3375,54300cd1-7f8a-46cb-86e8-cc230861e145,"POLYGON ((-1.4992997229204725 53.345417018505714, -1.498671301180947 53.34500069299996, -1.4996253477268804 53.34472719447906, -1.499501556854267 53.3442876386787, -1.4999387069829113 53.34445468327733, -1.5008161029053573 53.34389269321194, -1.4998363204249172 53.34343570438654, -1.5006891801058788 53.34179478361772, -1.500495934235239 53.34145272131457, -1.5013162599581364 53.34093662427933, -1.5047358947619263 53.33854193714696, -1.5051380210015206 53.338116459284315, -1.5066220978826033 53.33739124969982, -1.5082206216017828 53.33710205184345, -1.5117849592576946 53.333487194006764, -1.5125981667703776 53.331182933084555, -1.513626603873003 53.330778983842244, -1.51468270250575 53.3294305368784, -1.5178975956373126 53.32940782301965, -1.518824376525709 53.3297691075425, -1.5206048322092247 53.33143220492927, -1.522887001971601 53.331513220843654, -1.5243590541098913 53.33222562801278, -1.5205067860203934 53.33329523285253, -1.5190665569082156 53.33434943813608, -1.517212179149413 53.33594597788571, -1.51596895816891 53.33822012124419, -1.5136268149125356 53.34038878221348, -1.5126841843839387 53.34062980100581, -1.5104828865626523 53.34163549936739, -1.5088914771387398 53.34288738782935, -1.5065979596990289 53.34376029401205, -1.5064025375187964 53.3438119535897, -1.506033874806856 53.34348111763354, -1.5043624531873634 53.34403397403002, -1.5037692398599796 53.34393345203191, -1.5017947539716374 53.34462520997805, -1.500543269740736 53.345376033445504, -1.5001516269626454 53.34508892129535, -1.4992997229204725 53.345417018505714))",39.96285019851879,58.66106451158721,95.69086148452664,2.93305322557936,92.75780825894728,8337.115506083828,6431.01430043851,107.33539114804883,81.90353993697717,0.48866077764620214,10,833.7115506083826,702.8416100523685,643.101430043851,461.382716845391,10.733539114804882,10.33626610854262,8.190353993697716,6.472619738217594,10.733539114804882,8.190353993697716,133,E01007932,0.9895,E01007932,"1,512",1512.0,-1906.1012056453183,-25.43185121107166,-190.6101205645316,-2.5431851211071663,-241.45889320697756,-3.863646370325027,Reduced,Reduced,Reduced,0.048866077764620215
103,E01007933,Sheffield 068F,Sheffield 068F,431697,382796,-1.5254,53.3411,47558cb2-4bdf-41cb-a909-bd03d6e7239d,"POLYGON ((-1.5289713308969177 53.350033712485704, -1.5272877392415787 53.3485945542346, -1.5280720854226852 53.347755691924874, -1.5295292163390644 53.34693451513651, -1.530541230407805 53.34567534858219, -1.5267790552133094 53.34442636851538, -1.5255346583966933 53.34466120925556, -1.5236550527141044 53.34530872109538, -1.5228135121687176 53.347552637241336, -1.5223572848470652 53.347544233467914, -1.5224989944784681 53.346960685831824, -1.5220926681014644 53.34675793755393, -1.5207346546323628 53.34705372497755, -1.5186905140699463 53.34664555865145, -1.5154560446812553 53.3449158096739, -1.5147819400869764 53.344357092210906, -1.5137469041954172 53.343308327885836, -1.5133156964574814 53.34068719007698, -1.5136268149125356 53.34038878221348, -1.51596895816891 53.33822012124419, -1.517212179149413 53.33594597788571, -1.5190665569082156 53.33434943813608, -1.5205067860203934 53.33329523285253, -1.5243590541098913 53.33222562801278, -1.5275828809838103 53.33504990029301, -1.5277703160988474 53.33562873474091, -1.5269085392289568 53.336448637975096, -1.5268583328120608 53.33742371732134, -1.5274272206645543 53.33788355102057, -1.5279074827926644 53.33761409884787, -1.5287517925714145 53.33799976114504, -1.529719001609293 53.33881113169443, -1.5314122139857476 53.33877846293939, -1.5362593936489983 53.340205813624536, -1.5373182090373747 53.340901208463976, -1.5375596316837012 53.34149935490304, -1.5382774378891713 53.34317260683209, -1.5395360412959034 53.34402522055566, -1.541043895531037 53.34487961500497, -1.543737522310583 53.345366411714785, -1.531770072080523 53.348501877353776, -1.5303891574351793 53.34983344595363, -1.5299508225306726 53.349573933871994, -1.5289713308969177 53.350033712485704))",107.6063902134428,114.2057599709965,214.1128854672935,7.69926471714582,206.4136207501477,7484.86903429231,6864.954764542934,92.99524599926177,85.29316333760472,0.3608650937579303,12,623.7390861910258,590.559712192379,572.0795637119112,569.1034341198965,7.749603833271814,7.337368958757752,7.10776361146706,7.070786891865551,7.749603833271814,7.10776361146706,111,E01007933,1.8423,E01007933,"1,680",1680.0,-619.9142697493762,-7.702082661657045,-51.65952247911457,-0.6418402218047534,-21.45627807248252,-0.26658206689220076,Reduced,Reduced,Reduced,0.03007209114649419
104,E01007934,Sheffield 047B,Sheffield 047B,432180,385482,-1.51787,53.3652,9a522732-dc47-4033-a7a8-b55a92b58d04,"POLYGON ((-1.514442664697285 53.368927030641004, -1.514494322088741 53.367979831952894, -1.5118412594522008 53.36736677495416, -1.5119975466138698 53.36712408053774, -1.5110991240422167 53.36683768465483, -1.5123231094392369 53.364500835183186, -1.51280597851033 53.36447636115051, -1.5132812919816994 53.36492783318101, -1.5135262312538542 53.364606622073644, -1.513063789787691 53.364149200817344, -1.5152040831728661 53.363864802444525, -1.5159895784092807 53.364157820102655, -1.5164857825540654 53.363783005583876, -1.5158204289330048 53.36235828797255, -1.5162878720324324 53.361656519237386, -1.5176344438725249 53.36165553864087, -1.519226091296867 53.36136514055285, -1.519374137995229 53.36169848933986, -1.520382879707686 53.36152277052198, -1.519238724052138 53.36438556666416, -1.5202429887718651 53.36461432252033, -1.5209080831611925 53.36458394087728, -1.523064244851061 53.36330489969011, -1.5246458143479351 53.3642917410032, -1.5237827581727639 53.364838483159716, -1.5213382136211397 53.367892609292014, -1.5203697922358015 53.36845783452749, -1.5200329038226208 53.36886613916224, -1.5193552619730564 53.36909611342872, -1.5179077852676521 53.3688458950555, -1.5166025745049592 53.3691667564735, -1.514442664697285 53.368927030641004))",31.16369052178071,28.597268949398774,58.47774868498851,1.2832107861909712,57.19453789879754,2842.3663537141465,3416.6499152984384,56.91363858486362,73.23419378115422,0.0413258303763318,10,284.23663537141465,270.130396490858,341.66499152984386,330.82399407313255,5.691363858486362,5.106031460944634,7.323419378115422,6.874446334326872,5.691363858486362,7.323419378115422,45,E01007934,0.4251,E01007934,"1,485",1485.0,574.2835615842919,16.3205551962906,57.42835615842921,1.63205551962906,60.69359758227455,1.7684148733822376,Increased,Increased,Increased,0.00413258303763318
105,E01007935,Sheffield 047C,Sheffield 047C,432815,385639,-1.50831,53.3666,bd9edef1-8ad4-49bc-9ee1-157dce496d3b,"POLYGON ((-1.5051450427336792 53.368106907178955, -1.504517152241359 53.367963956197165, -1.5021273475650407 53.36784352707125, -1.5022946792294583 53.367422654314986, -1.5063029383546682 53.3664749642895, -1.5075329944256532 53.36539352405944, -1.507986293676704 53.3654989691786, -1.5084720298210414 53.36448965006921, -1.5106470699386394 53.364183545693294, -1.5111339521947296 53.36414431744061, -1.5123231094392369 53.364500835183186, -1.5110991240422167 53.36683768465483, -1.5119975466138698 53.36712408053774, -1.5118412594522008 53.36736677495416, -1.514494322088741 53.367979831952894, -1.514442664697285 53.368927030641004, -1.5138226636794094 53.36886568826003, -1.5114308924741273 53.368014809171164, -1.5090483421110403 53.3682227365426, -1.5068015217423931 53.36894818180002, -1.505328207143195 53.36863434988108, -1.5051450427336792 53.368106907178955))",53.344905540224616,62.32738104356142,113.10586501140409,2.56642157238194,110.53944343902215,1900.6788127209636,2735.6293805488126,33.22977891037655,52.572133515516185,0.03123459850345096,8,237.58485159012045,105.2345582536511,341.95367256860163,350.653686859097,4.153722363797069,2.6149592164099156,6.571516689439523,6.68157369921631,4.153722363797069,6.571516689439523,69,E01007935,0.2004,E01007935,"1,360",1360.0,834.950567827849,19.342354605139633,104.36882097848118,2.417794325642454,245.41912860544588,4.066614482806394,Increased,Increased,Increased,0.00390432481293137
106,E01007936,Sheffield 047D,Sheffield 047D,432677,385121,-1.51044,53.362,3faf6e7f-f18f-45e1-83a6-80fc6efccdaf,"POLYGON ((-1.5080365793635302 53.36418434449794, -1.5082785327968888 53.36196829415092, -1.5079362879865252 53.3603775276755, -1.5087848129965522 53.35872033813648, -1.5092368339099533 53.3591595603754, -1.5102410841529266 53.35907331050996, -1.5104602799781939 53.35970001237589, -1.5116319305985348 53.35938394833083, -1.5118756220286693 53.359863602493164, -1.512861167185291 53.36026064000319, -1.513343914720405 53.360106024824134, -1.5132562417539694 53.36046726535206, -1.5127008109422977 53.361775174737225, -1.5122643976489527 53.36187289105905, -1.512541699843164 53.36220718966616, -1.51201978470824 53.362168707947326, -1.5124381386460775 53.362644274264845, -1.5113944205822196 53.36287339606647, -1.511244637257674 53.36348594329342, -1.5120052307398388 53.363690607267536, -1.511956151429648 53.36393934890718, -1.5112832958623936 53.363912840290794, -1.5111339521947296 53.36414431744061, -1.5106470699386394 53.364183545693294, -1.5084720298210414 53.36448965006921, -1.507986293676704 53.3654989691786, -1.5075329944256532 53.36539352405944, -1.5080365793635302 53.36418434449794))",47.47879908906588,82.30880614282088,123.73818295412934,6.049422277757431,117.68876067637191,5076.698403842154,3846.7302888568192,85.84343130190703,70.97853035420638,0.1605813169497646,8,634.5873004802693,532.65348245261,480.84128610710235,403.332747369713,10.730428912738379,8.823889263544048,8.872316294275798,7.842906855049904,10.730428912738379,8.872316294275798,232,E01007936,0.1547,E01007936,"1,644",1644.0,-1229.968114985335,-14.864900947700647,-153.74601437316693,-1.858112618462581,-129.320735082897,-0.9809824084941443,Reduced,Reduced,Reduced,0.020072664618720575
107,E01007937,Sheffield 047E,Sheffield 047E,432473,384893,-1.51353,53.3599,ab80f288-498f-42b7-aa73-fbc6029fb293,"POLYGON ((-1.5132812919816994 53.36492783318101, -1.51280597851033 53.36447636115051, -1.5123231094392369 53.364500835183186, -1.5111339521947296 53.36414431744061, -1.5112832958623936 53.363912840290794, -1.511956151429648 53.36393934890718, -1.5120052307398388 53.363690607267536, -1.511244637257674 53.36348594329342, -1.5113944205822196 53.36287339606647, -1.5124381386460775 53.362644274264845, -1.51201978470824 53.362168707947326, -1.512541699843164 53.36220718966616, -1.5122643976489527 53.36187289105905, -1.5127008109422977 53.361775174737225, -1.5132562417539694 53.36046726535206, -1.513343914720405 53.360106024824134, -1.512861167185291 53.36026064000319, -1.5118756220286693 53.359863602493164, -1.5116319305985348 53.35938394833083, -1.5104602799781939 53.35970001237589, -1.5102410841529266 53.35907331050996, -1.5092368339099533 53.3591595603754, -1.5087848129965522 53.35872033813648, -1.510207964986402 53.35750937213231, -1.5106045103708015 53.356722732417204, -1.5096861031699733 53.356207489217006, -1.5099228470326604 53.35598576552269, -1.5120618792146707 53.35594302816157, -1.513389850077741 53.35557922617878, -1.5147772157410835 53.3567973142087, -1.5172268769521844 53.357241127468264, -1.516997964036324 53.35774055855126, -1.514758480266002 53.35810354536631, -1.5142856096108581 53.358576797866455, -1.5149239289169876 53.35883374586657, -1.5146208249344988 53.35925548713975, -1.5152405658656969 53.359475674958844, -1.517595531542839 53.359103091718595, -1.518303845973589 53.35924331623157, -1.5178734461316001 53.35983808819081, -1.5143598021257298 53.360478544484685, -1.5162878720324324 53.361656519237386, -1.5158204289330048 53.36235828797255, -1.5164857825540654 53.363783005583876, -1.5159895784092807 53.364157820102655, -1.5152040831728661 53.363864802444525, -1.513063789787691 53.364149200817344, -1.5135262312538542 53.364606622073644, -1.5132812919816994 53.36492783318101))",24.930952417424567,20.714688405654247,44.72906169008527,0.91657913299355,43.81248255709172,5610.283387909407,4302.147821689789,107.9717277839186,88.19533340244178,0.1982733934238545,10,561.0283387909409,369.2616897907235,430.21478216897896,371.36167751483254,10.797172778391861,7.721930917979126,8.819533340244178,8.00218012966948,10.79717277839186,8.819533340244178,54,E01007937,0.2818,E01007937,"1,454",1454.0,-1308.1355662196174,-19.77639438147682,-130.81355662196194,-1.9776394381476834,2.0999877241090417,0.28024921169035366,Reduced,Reduced,Increased,0.01982733934238545
108,E01007938,Sheffield 047F,Sheffield 047F,431961,384899,-1.52122,53.36,9a5ae43c-68b0-4dc3-8ce7-fb7c9c97886b,"POLYGON ((-1.519238724052138 53.36438556666416, -1.520382879707686 53.36152277052198, -1.519374137995229 53.36169848933986, -1.519226091296867 53.36136514055285, -1.5176344438725249 53.36165553864087, -1.5162878720324324 53.361656519237386, -1.5143598021257298 53.360478544484685, -1.5178734461316001 53.35983808819081, -1.518303845973589 53.35924331623157, -1.517595531542839 53.359103091718595, -1.5152405658656969 53.359475674958844, -1.5146208249344988 53.35925548713975, -1.5149239289169876 53.35883374586657, -1.5142856096108581 53.358576797866455, -1.514758480266002 53.35810354536631, -1.516997964036324 53.35774055855126, -1.5172268769521844 53.357241127468264, -1.5174050380926096 53.35723345210287, -1.5176070526541132 53.35755113838315, -1.5182235913650923 53.35755205418323, -1.520726173497377 53.357122315161575, -1.5212956095111656 53.35694692820736, -1.5211890100368075 53.356636331860656, -1.5232509363516127 53.35631181448566, -1.5259925386130593 53.35541995551354, -1.5256439302725036 53.35632586492986, -1.5246881360855398 53.35756434938289, -1.524836265391522 53.358448412092066, -1.5264899253175408 53.35946747706743, -1.5248366992508833 53.36034610962371, -1.5229237373363262 53.36075353676215, -1.5221321780885457 53.362996411098855, -1.5206037954157732 53.364390820096496, -1.5209080831611925 53.36458394087728, -1.5202429887718651 53.36461432252033, -1.519238724052138 53.36438556666416))",65.81038174893689,38.12969193253168,102.47354706867888,1.46652661278968,101.0070204558892,1755.9719964188278,2196.610026698565,43.633909164376774,54.583263611262936,0.030362723846873448,10,175.59719964188278,32.8078501705445,219.6610026698565,149.915489337401,4.363390916437678,0.8152378039852173,5.458326361126294,3.7252295921700034,4.363390916437678,5.458326361126294,52,E01007938,0.3603,E01007938,"1,516",1516.0,440.6380302797372,10.949354446886161,44.063803027973705,1.0949354446886161,117.1076391668565,2.909991788184786,Increased,Increased,Increased,0.003036272384687345
109,E01007939,Sheffield 055F,Sheffield 055F,430953,384334,-1.53642,53.355,719685b6-f180-4f00-a5be-f88f1a2d3af9,"POLYGON ((-1.5206037954157732 53.364390820096496, -1.5221321780885457 53.362996411098855, -1.5229237373363262 53.36075353676215, -1.5248366992508833 53.36034610962371, -1.5264899253175408 53.35946747706743, -1.524836265391522 53.358448412092066, -1.5246881360855398 53.35756434938289, -1.5256439302725036 53.35632586492986, -1.5259925386130593 53.35541995551354, -1.5265287535661027 53.35523672640601, -1.526116791600125 53.35496569167503, -1.5243238817104359 53.3552810292554, -1.523319803413591 53.35499195754324, -1.5198280272715405 53.35488147933612, -1.519665819404982 53.3544637505899, -1.5268964581819828 53.3544965429473, -1.5277581221564263 53.35452921170846, -1.5287307577645852 53.35396054483938, -1.5295260705173814 53.353063317203016, -1.5287894784035128 53.35260229412953, -1.5299569412876688 53.35265855142112, -1.529136383167712 53.35218865345367, -1.529841811250718 53.35054071787013, -1.5303891574351793 53.34983344595363, -1.531770072080523 53.348501877353776, -1.543737522310583 53.345366411714785, -1.5476546141667642 53.34587280847235, -1.5494336018846973 53.34681267988323, -1.5505955213021776 53.346885318604095, -1.5523912979675771 53.34637071775018, -1.5554154396172926 53.34693482097097, -1.5572595590955982 53.34668268054455, -1.5603415031535366 53.34702132827833, -1.564963940808222 53.34856180045573, -1.564409702464867 53.34962244139984, -1.5555084528305694 53.35067727581688, -1.5526597182336703 53.35288404511958, -1.5511601915191056 53.3554789589901, -1.549230002752717 53.35641634791501, -1.5497371182744883 53.35707890353879, -1.5507172299151253 53.357500510857925, -1.5531521934550354 53.35706114154563, -1.5527093677195383 53.35898364160823, -1.550268502326744 53.359576204645464, -1.5490381625976986 53.35951588033145, -1.548830354353077 53.35985217164789, -1.5480022841849694 53.35976420528058, -1.547447930151836 53.360122786477234, -1.544924404036726 53.360487909448516, -1.544302104860977 53.36107261546015, -1.5433331852811374 53.360915261771154, -1.5426218225486308 53.36126309885209, -1.5394255936576158 53.36163919042404, -1.5387193737444187 53.361946404186554, -1.5367852789697944 53.361676556352, -1.5340840599284462 53.36234357234406, -1.532852709197805 53.362653645493126, -1.5319060460153007 53.36252409716286, -1.5307263036470493 53.36296440815447, -1.527949303157049 53.36310662290334, -1.5246458143479351 53.3642917410032, -1.523064244851061 53.36330489969011, -1.5209080831611925 53.36458394087728, -1.5206037954157732 53.364390820096496))",51.69506310083622,33.36348044096525,83.04206944921566,2.016474092585805,81.02559535662985,6675.2062768902115,6145.850128238863,102.65092348474596,108.150476366356,0.2720275951652051,28,238.40022417465045,163.7962141785825,219.49464743710226,115.144915497563,3.6661044101694986,2.7575001314474217,3.862517013084143,1.8117393090455445,3.6661044101694986,3.862517013084143,81,E01007939,3.078,E01007939,"1,579",1579.0,-529.3561486513481,5.499552881610043,-18.905576737548188,0.19641260291464446,-48.65129868101948,-0.9457608224018772,Increased,Increased,Reduced,0.009715271255900182
110,E01007940,Sheffield 022E,Sheffield 022E,437111,390648,-1.44317,53.4114,986de405-9eaf-4f52-a53e-4f1c269afa10,"POLYGON ((-1.4479489299901145 53.41288561154463, -1.4446336590244313 53.412637576620405, -1.4446294271853035 53.41269452707359, -1.441397065002762 53.41223555671573, -1.4409649988013835 53.41217419909864, -1.439524744893765 53.4115450677623, -1.440082626140948 53.4103001826956, -1.4395150995795916 53.40955538156449, -1.440085940185799 53.40832971176727, -1.4384463367312312 53.40729116020362, -1.4402133468497371 53.407328287953284, -1.4421573091896907 53.40743990498214, -1.4444214833945273 53.407703629840405, -1.4437182421870098 53.40858699971837, -1.4438862871357199 53.40864240612492, -1.4434673302658596 53.409253775368164, -1.4427475617563654 53.410056536565605, -1.4443520121340452 53.41058311317232, -1.4448024078255002 53.41072738056348, -1.4450732283337835 53.41053333123538, -1.4454664891398588 53.41066562031571, -1.4440673033553861 53.411490911061755, -1.444475646362433 53.4117112707389, -1.4450204626163052 53.41135324041948, -1.4454136374676974 53.41151075861419, -1.4452006814502194 53.41167769613327, -1.4479288594796014 53.41189539112987, -1.4479489299901145 53.41288561154463))",41.796008464505896,25.664215723819417,66.17701340213435,1.28321078619097,64.89380261594339,3901.7107355438984,3520.0272711896187,45.553854239830315,41.72095018210217,0.09802372568503674,8,487.7138419429872,387.656087125045,440.0034088987023,311.999017878782,5.694231779978789,3.973725731763304,5.2151187727627715,3.7751456892567026,5.694231779978789,5.2151187727627715,42,E01007940,0.1806,E01007940,"1,810",1810.0,-381.68346435427975,-3.8329040577281432,-47.71043304428491,-0.4791130072160179,-75.657069246263,-0.19858004250660155,Reduced,Reduced,Reduced,0.012252965710629593
111,E01007941,Sheffield 015A,Sheffield 015A,435744,390832,-1.46371,53.4131,a5769c35-a126-45b8-972c-cc8ccbe48e0b,"POLYGON ((-1.4638997470088835 53.417004312323186, -1.4614716016682694 53.4153184133353, -1.4614046817713269 53.415327801476536, -1.4618017684587512 53.415015841912194, -1.4611584224085825 53.414323683827924, -1.4600399331855896 53.4142356694184, -1.4611125473360236 53.412895467961704, -1.4618728106919094 53.412832585080096, -1.4622399814722944 53.41212413462415, -1.4607131382292615 53.41105839863407, -1.4591664764951822 53.41070751081461, -1.4591470901765158 53.410447273373606, -1.4583796809452296 53.41046177445063, -1.4588063539987433 53.4101791359331, -1.4610571289872136 53.408770009617356, -1.4618703366758812 53.40930574957411, -1.463545612501037 53.40938930910332, -1.4651515889843563 53.40896784887398, -1.4661579519820127 53.40926520890941, -1.4677160644766278 53.409815182915565, -1.4671198960607994 53.410242569717326, -1.4674839066472345 53.41067022778109, -1.4680799260931057 53.41069411382861, -1.4671551252183004 53.41126526695599, -1.4672994458316209 53.411991312597785, -1.466452197959008 53.411689864150134, -1.466409229383127 53.411349739440126, -1.465154396875948 53.41125632790181, -1.4647282283309 53.41164992020433, -1.4677808668272225 53.41257426854516, -1.4679768311899548 53.41316195621665, -1.4690850776187456 53.41382893994558, -1.4672492196156872 53.414732239976544, -1.4671285153904416 53.415231749125105, -1.4677674362809456 53.41521554079147, -1.4675353864885199 53.41575229761599, -1.4666146066434662 53.41562802625013, -1.4655781699170132 53.415930649644345, -1.4645429077521377 53.416833589459486, -1.4648210504018881 53.41708021652794, -1.4672844501162028 53.41831491093682, -1.4653650859636163 53.41887419621624, -1.4648244258569247 53.41777161113946, -1.4633231202250936 53.41773173663251, -1.4638997470088835 53.417004312323186))",34.83000705375492,46.012272476276216,78.64248961084661,2.199789919184525,76.44269969166209,5998.666189948499,4854.8945750996245,99.37335985366524,80.42574305457804,0.28576301169257085,10,599.8666189948499,639.5463790322675,485.48945750996234,381.61996359448904,9.937335985366524,10.594667290067633,8.042574305457801,6.32188169316076,9.937335985366524,8.042574305457803,28,E01007941,0.3638,E01007941,"1,703",1703.0,-1143.7716148488744,-18.9476167990872,-114.37716148488755,-1.8947616799087221,-257.9264154377785,-4.272785596906873,Reduced,Reduced,Reduced,0.028576301169257086
112,E01007942,Sheffield 020D,Sheffield 020D,436319,390358,-1.45512,53.4088,80aed9bf-c803-4658-bc07-bf84363d4841,"POLYGON ((-1.4529268702045246 53.4126696067513, -1.4520588369264107 53.41065767096666, -1.4515608816927448 53.4107577851285, -1.4516373543362064 53.41100429055007, -1.44979042648021 53.41148803678671, -1.4475270161994445 53.410938236935685, -1.4475933530159597 53.409925764203734, -1.4475338102430593 53.40988749382369, -1.4475107598542503 53.409872690775984, -1.4509228477567508 53.4077056723758, -1.4517388268152716 53.40747519651342, -1.4524302151168411 53.40723721029167, -1.4542066730353693 53.40596485845464, -1.456197082927937 53.404826225741395, -1.4563895268027685 53.40476357591341, -1.4570260242249158 53.40598245956256, -1.4572319397878641 53.40618721763428, -1.4582680417383223 53.40718405710938, -1.460919626664546 53.408696913754184, -1.4610571289872136 53.408770009617356, -1.4588063539987433 53.4101791359331, -1.4583796809452296 53.41046177445063, -1.458141109149682 53.41266291327207, -1.4555074570358009 53.41273183867355, -1.455385593990413 53.41164336834098, -1.4547781699784728 53.41248883060758, -1.4537742562131977 53.41282278515061, -1.4529268702045246 53.4126696067513))",102.10691541548152,83.22538527581443,180.7494050263282,4.582895664967756,176.16650936136043,9691.39434208807,9134.776941371058,103.08572266131779,104.19465929526936,0.29280712776406703,18,538.4107967826706,546.7450898622569,507.4876078539476,454.446798431123,5.726984592295432,4.981090997643431,5.788592183070519,4.951604218401076,5.726984592295433,5.78859218307052,68,E01007942,0.4188,E01007942,"1,877",1877.0,-556.6174007170121,1.108936633951572,-30.923188928722936,0.06160759077508704,-92.29829143113392,-0.029486779242355432,Increased,Increased,Reduced,0.01626706265355928
113,E01007943,Sheffield 019C,Sheffield 019C,435293,390513,-1.47053,53.4103,ea339c2a-781f-4572-8fed-c6544dffa056,"POLYGON ((-1.4677808668272225 53.41257426854516, -1.4647282283309 53.41164992020433, -1.465154396875948 53.41125632790181, -1.466409229383127 53.411349739440126, -1.466452197959008 53.411689864150134, -1.4672994458316209 53.411991312597785, -1.4671551252183004 53.41126526695599, -1.4680799260931057 53.41069411382861, -1.4674839066472345 53.41067022778109, -1.4671198960607994 53.410242569717326, -1.4677160644766278 53.409815182915565, -1.468079187791335 53.4097423380328, -1.467810566268164 53.409322068339286, -1.46736554984838 53.40791845281045, -1.4683412789101682 53.40782994572551, -1.4711946243305798 53.40743907161571, -1.4721262292087482 53.40737284413464, -1.4721391287391141 53.40763625254741, -1.4745954859242507 53.407622702136784, -1.4751349717200881 53.40831863774398, -1.4754714983703952 53.40892709230021, -1.4763496021767994 53.40897230971423, -1.4746559105934158 53.41097109674068, -1.4750341667417466 53.41123152714696, -1.473155060854207 53.412483048754595, -1.4737723867268462 53.41295525509933, -1.4724708544531484 53.413275345475235, -1.47116304735235 53.413188666632486, -1.4696941227549296 53.41275071020499, -1.4691454424953925 53.41268138027237, -1.4677808668272225 53.41257426854516))",20.348056752456813,28.597268949398778,47.478799089065916,1.46652661278968,46.01227247627624,4631.796176099033,4678.651853170098,59.626486444775715,62.12932783966653,0.1386815320351702,10,463.1796176099032,349.6124472371465,467.8651853170098,367.61585083591797,5.9626486444775715,5.597438568338518,6.212932783966652,6.089890831772167,5.9626486444775715,6.212932783966653,40,E01007943,0.2995,E01007943,"1,739",1739.0,46.85567707106475,2.5028413948908153,4.6855677071066,0.25028413948908046,18.003403598771456,0.49245226343364923,Increased,Increased,Increased,0.01386815320351702
114,E01007944,Sheffield 022F,Sheffield 022F,436963,390464,-1.44542,53.4097,775599fa-7134-4754-a1b7-857a95e55714,"POLYGON ((-1.4440673033553861 53.411490911061755, -1.4454664891398588 53.41066562031571, -1.4450732283337835 53.41053333123538, -1.4448024078255002 53.41072738056348, -1.4443520121340452 53.41058311317232, -1.4427475617563654 53.410056536565605, -1.4434673302658596 53.409253775368164, -1.4438862871357199 53.40864240612492, -1.4437182421870098 53.40858699971837, -1.4444214833945273 53.407703629840405, -1.444771455649426 53.40778534574294, -1.4481597865427471 53.40805684312542, -1.4509228477567508 53.4077056723758, -1.4475107598542503 53.409872690775984, -1.4475338102430593 53.40988749382369, -1.4454136374676974 53.41151075861419, -1.4450204626163052 53.41135324041948, -1.444475646362433 53.4117112707389, -1.4440673033553861 53.411490911061755))",19.79810927266068,20.53137257905552,35.563270360149744,4.766211491566461,30.797058868583285,5755.65286950096,5229.687817497459,60.90997283285118,55.881990929838956,0.12762376271153744,10,575.5652869500962,468.57645618939193,522.968781749746,406.302072950562,6.090997283285118,4.6574370360418555,5.5881990929838965,4.483032817177245,6.090997283285118,5.588199092983896,315,,,,,,-525.9650520035011,-5.0279819030122255,-52.59650520035018,-0.5027981903012213,-62.274383238829955,-0.17440421886461088,Reduced,Reduced,Reduced,0.012762376271153744
115,E01007945,Sheffield 015B,Sheffield 015B,435112,391074,-1.47319,53.4153,b56525e8-8ff6-4b35-9308-2c2440a521ca,"POLYGON ((-1.4681472356627232 53.41799078566343, -1.4676914360089728 53.41701941191413, -1.4648210504018881 53.41708021652794, -1.4645429077521377 53.416833589459486, -1.4655781699170132 53.415930649644345, -1.4666146066434662 53.41562802625013, -1.4675353864885199 53.41575229761599, -1.4677674362809456 53.41521554079147, -1.4671285153904416 53.415231749125105, -1.4672492196156872 53.414732239976544, -1.4690850776187456 53.41382893994558, -1.4679768311899548 53.41316195621665, -1.4677808668272225 53.41257426854516, -1.4691454424953925 53.41268138027237, -1.4696941227549296 53.41275071020499, -1.47116304735235 53.413188666632486, -1.4724708544531484 53.413275345475235, -1.4737723867268462 53.41295525509933, -1.4742477003006482 53.41319956449581, -1.4741460721814024 53.41379461505026, -1.4748062711137742 53.41392693717657, -1.474964367730216 53.41442882077912, -1.4757558329361562 53.41445275399188, -1.4754445635816202 53.41491538169956, -1.4760120540073844 53.415259440007866, -1.4767054246638258 53.41515461484004, -1.4763372342991756 53.41484845763989, -1.4767869378303835 53.41467647939337, -1.479113744690352 53.41462797626872, -1.4785211902750388 53.41554007586074, -1.478986169734636 53.41604987966166, -1.478221499087817 53.416071479359665, -1.4782372872757297 53.41660847569474, -1.4752541972495743 53.41632649969307, -1.4749919611859363 53.416716767149104, -1.474225141227943 53.416863353044405, -1.4726272157805302 53.41652509793503, -1.4729699689820328 53.416838354222925, -1.4716520703787543 53.417433469869984, -1.471190348238779 53.41705390451131, -1.4698043902826896 53.41767499936269, -1.469663005694565 53.417576651039155, -1.4690590266812453 53.41762571293162, -1.4688912420867524 53.417993384738246, -1.4681472356627232 53.41799078566343))",27.4973739898065,27.680689816405213,53.528221366823324,1.64984243938839,51.87837892743494,5311.393313195058,4331.966521115171,70.88463095918878,56.38617008302907,0.20308430465930488,8,663.9241641493822,769.229273372497,541.4958151393965,415.47343876504146,8.860578869898598,8.739862619118387,7.048271260378635,6.882695291366552,8.860578869898598,7.048271260378634,24,E01007945,0.2872,E01007945,"1,672",1672.0,-979.4267920798866,-14.498460876159712,-122.42834900998571,-1.812307609519963,-353.75583460745554,-1.857167327751835,Reduced,Reduced,Reduced,0.02538553808241311
116,E01007946,Sheffield 015C,Sheffield 015C,435283,391476,-1.47058,53.4189,ddc2dfed-45c0-4c73-8b76-dc03b68f4f08,"POLYGON ((-1.4668799722505983 53.42127883480874, -1.4653650859636163 53.41887419621624, -1.4672844501162028 53.41831491093682, -1.4648210504018881 53.41708021652794, -1.4676914360089728 53.41701941191413, -1.4681472356627232 53.41799078566343, -1.4688912420867524 53.417993384738246, -1.4690590266812453 53.41762571293162, -1.469663005694565 53.417576651039155, -1.4698043902826896 53.41767499936269, -1.471190348238779 53.41705390451131, -1.4716520703787543 53.417433469869984, -1.4729699689820328 53.416838354222925, -1.4726272157805302 53.41652509793503, -1.474225141227943 53.416863353044405, -1.4749919611859363 53.416716767149104, -1.4754148567508938 53.417122672801995, -1.476595578144338 53.41681833562477, -1.477211368923332 53.41708397598847, -1.4766612635202099 53.41752742244686, -1.477218711189872 53.41746694209113, -1.4769862720226061 53.41785889023195, -1.477854031556107 53.41843661862794, -1.4738509377728726 53.41941136026563, -1.4736745798062896 53.41979372425134, -1.4730353609420832 53.41971544747859, -1.4686568832603375 53.42129355071331, -1.4683749599126315 53.4212967147311, -1.4682789287290905 53.42129778856814, -1.4679099132242381 53.42130195267251, -1.4668799722505983 53.42127883480874))",24.197689111029725,21.631267538647787,43.62916673049299,2.199789919184521,41.42937681130847,5732.283006597578,4971.226217321279,77.85705143347207,66.97608821140885,0.2193883476566525,8,716.5353758246972,792.279339533,621.4032771651598,675.3288770933191,9.732131429184008,10.283237079592489,8.372011026426108,7.688397136818228,9.732131429184008,8.372011026426106,21,E01007946,0.245,E01007946,"1,589",1589.0,-761.0567892762983,-10.880963222063215,-95.1320986595374,-1.3601204027579001,-116.9504624396809,-2.5948399427742608,Reduced,Reduced,Reduced,0.02742354345708156
117,E01007947,Sheffield 013C,Sheffield 013C,436215,390981,-1.45661,53.4144,eef5d506-0290-4ae4-89a3-9bff40308537,"POLYGON ((-1.455430036712386 53.41697508209828, -1.455233702733624 53.416496835983395, -1.454971399248288 53.417151065120315, -1.4543655644384221 53.41731983058743, -1.4537893533569208 53.41612097959249, -1.4537682270382457 53.41610705847375, -1.4526380498862435 53.41566233262331, -1.4522271409103233 53.41578665924988, -1.4517091620772022 53.41530970070645, -1.4505893502457745 53.416125014217236, -1.4510205532736247 53.41535397204358, -1.45230914094096 53.41475199184441, -1.451634940020403 53.41473658517098, -1.4518607316955885 53.41444438434981, -1.4540049975165472 53.413314889966216, -1.4529268702045246 53.4126696067513, -1.4537742562131977 53.41282278515061, -1.4547781699784728 53.41248883060758, -1.455385593990413 53.41164336834098, -1.4555074570358009 53.41273183867355, -1.458141109149682 53.41266291327207, -1.4583796809452296 53.41046177445063, -1.4591470901765158 53.410447273373606, -1.4591664764951822 53.41070751081461, -1.4607131382292615 53.41105839863407, -1.4622399814722944 53.41212413462415, -1.4618728106919094 53.412832585080096, -1.4611125473360236 53.412895467961704, -1.4600399331855896 53.4142356694184, -1.4611584224085825 53.414323683827924, -1.4618017684587512 53.415015841912194, -1.4614046817713269 53.415327801476536, -1.4610156412407922 53.41552883115196, -1.4596156434795742 53.41627502855915, -1.456973986264283 53.41806132143968, -1.4564734825173555 53.41836613397545, -1.4563507868847112 53.41726550030839, -1.455430036712386 53.41697508209828))",37.946376105932984,27.497373989806523,63.6105918297524,1.8331582659871,61.7774335637653,7512.764728217507,5321.688275675703,96.17629974727123,76.0368346035744,0.32959915979545423,10,751.2764728217508,769.229273372497,532.1688275675704,515.030271494898,9.617629974727127,10.412300098304708,7.60368346035744,6.551737224343939,9.617629974727123,7.60368346035744,24,E01007947,0.3083,E01007947,"1,566",1566.0,-2191.0764525418035,-20.139465143696825,-219.1076452541804,-2.013946514369686,-254.19900187759902,-3.8605628739607694,Reduced,Reduced,Reduced,0.03295991597954542
118,E01007948,Sheffield 013D,Sheffield 013D,436572,391309,-1.4512,53.4173,d0bf8705-fb38-44fb-9f45-0b59b69e3303,"POLYGON ((-1.4459154578781053 53.41734166402878, -1.4485098964696357 53.41636670356066, -1.4483133657048866 53.41592267373722, -1.4489941943477112 53.414985098735144, -1.4503695004897954 53.41325094174483, -1.4507998983995654 53.413313935789134, -1.4507629076446795 53.41392231569835, -1.451536939898043 53.41398867488101, -1.4518975292589618 53.413740979737476, -1.4529268702045246 53.4126696067513, -1.4540049975165472 53.413314889966216, -1.4518607316955885 53.41444438434981, -1.451634940020403 53.41473658517098, -1.45230914094096 53.41475199184441, -1.4510205532736247 53.41535397204358, -1.4505893502457745 53.416125014217236, -1.4517091620772022 53.41530970070645, -1.4522271409103233 53.41578665924988, -1.4526380498862435 53.41566233262331, -1.4537682270382457 53.41610705847375, -1.4537893533569208 53.41612097959249, -1.4543655644384221 53.41731983058743, -1.454971399248288 53.417151065120315, -1.455233702733624 53.416496835983395, -1.455430036712386 53.41697508209828, -1.4563507868847112 53.41726550030839, -1.4564734825173555 53.41836613397545, -1.4556453322606904 53.41961046449565, -1.4552760911982103 53.41956853069809, -1.4546220826654088 53.41949418669825, -1.4521085582733424 53.41922578384625, -1.4481118352489688 53.418188178467084, -1.4478546479879053 53.41811726537668, -1.4459154578781053 53.41734166402878))",19.79810927266068,15.765161087489055,32.446901307971665,3.1163690521780705,29.330532255793592,7135.170637230224,4537.262695456338,73.62548536435852,58.423575842718826,0.24016533372696605,12,594.5975531025186,468.57645618939193,378.1052246213615,367.7966707648835,6.135457113696545,4.981090997643431,4.8686313202265685,5.097074501150896,6.1354571136965435,4.8686313202265685,33,E01007948,0.2407,E01007948,"1,600",1600.0,-2597.907941773886,-15.201909521639699,-216.49232848115713,-1.2668257934699767,-100.77978542450842,0.115983503507465,Reduced,Reduced,Increased,0.020013777810580505
119,E01007949,Sheffield 020E,Sheffield 020E,436737,390861,-1.44877,53.4133,211996ba-86ec-4550-836c-ffc91dd0af40,"POLYGON ((-1.4454664682398723 53.41574831092253, -1.4446294271853035 53.41269452707359, -1.4446336590244313 53.412637576620405, -1.4479489299901145 53.41288561154463, -1.4479288594796014 53.41189539112987, -1.4452006814502194 53.41167769613327, -1.4454136374676974 53.41151075861419, -1.4475338102430593 53.40988749382369, -1.4475933530159597 53.409925764203734, -1.4475270161994445 53.410938236935685, -1.44979042648021 53.41148803678671, -1.4516373543362064 53.41100429055007, -1.4515608816927448 53.4107577851285, -1.4520588369264107 53.41065767096666, -1.4529268702045246 53.4126696067513, -1.4518975292589618 53.413740979737476, -1.451536939898043 53.41398867488101, -1.4507629076446795 53.41392231569835, -1.4507998983995654 53.413313935789134, -1.4503695004897954 53.41325094174483, -1.4489941943477112 53.414985098735144, -1.4483133657048866 53.41592267373722, -1.4485098964696357 53.41636670356066, -1.4459154578781053 53.41734166402878, -1.4454664682398723 53.41574831092253))",17.41500352687746,17.964951006673587,33.54679626756394,1.8331582659871013,31.71363800157684,4135.457127186897,3342.206065508566,42.59958275020607,40.934893975348665,0.12407929122503329,8,516.9321408983621,471.30070513529995,417.77575818857076,417.8745271776255,5.324947843775759,4.787453189527482,5.116861746918584,4.889381489907688,5.3249478437757585,5.116861746918583,41,E01007949,0.2095,E01007949,"1,776",1776.0,-793.2510616783311,-1.664688774857403,-99.15638270979139,-0.20808609685717538,-53.42617795767444,0.10192830038020606,Reduced,Reduced,Increased,0.015509911403129161
120,E01007950,Sheffield 015D,Sheffield 015D,434736,390866,-1.47887,53.4135,8f4bb4ef-f410-4bea-a1f0-64987a0c5d65,"POLYGON ((-1.4769862720226061 53.41785889023195, -1.477218711189872 53.41746694209113, -1.4766612635202099 53.41752742244686, -1.477211368923332 53.41708397598847, -1.476595578144338 53.41681833562477, -1.4754148567508938 53.417122672801995, -1.4749919611859363 53.416716767149104, -1.4752541972495743 53.41632649969307, -1.4782372872757297 53.41660847569474, -1.478221499087817 53.416071479359665, -1.478986169734636 53.41604987966166, -1.4785211902750388 53.41554007586074, -1.479113744690352 53.41462797626872, -1.4767869378303835 53.41467647939337, -1.4763372342991756 53.41484845763989, -1.4767054246638258 53.41515461484004, -1.4760120540073844 53.415259440007866, -1.4754445635816202 53.41491538169956, -1.4757558329361562 53.41445275399188, -1.474964367730216 53.41442882077912, -1.4748062711137742 53.41392693717657, -1.4741460721814024 53.41379461505026, -1.4742477003006482 53.41319956449581, -1.475936660148218 53.41209678738112, -1.477183457118615 53.412013818956225, -1.479175644709563 53.41234577783435, -1.4794431287917302 53.412000880603564, -1.480175336789117 53.41219078042587, -1.4818433606539005 53.4126749359128, -1.4836164841229145 53.41374567155729, -1.4822683160949623 53.41505993650939, -1.4822131794751263 53.41520830678184, -1.4815133573601347 53.41689609628052, -1.4814429165400889 53.41702396139203, -1.48038940166543 53.41797841852715, -1.4798043956519271 53.41741897327471, -1.4796084893938417 53.41767596831856, -1.478202802987961 53.41770411203764, -1.4784649019564982 53.418414459709766, -1.4779538564186805 53.41849137311091, -1.477854031556107 53.41843661862794, -1.4769862720226061 53.41785889023195))",24.56432076422715,32.996848787767824,54.99474797961304,2.56642157238194,52.4283264072311,8569.242919588592,7295.422856644977,161.09664617097206,137.9802149177259,0.31809963106635086,10,856.9242919588594,905.729029099937,729.5422856644976,737.922251274224,16.109664617097206,15.00422492077886,13.798021491772591,12.546735445816502,16.109664617097206,13.798021491772591,13,E01007950,0.2468,E01007950,"1,577",1577.0,-1273.820062943615,-23.116431253246162,-127.38200629436176,-2.311643125324615,-167.80677782571297,-2.457489474962358,Reduced,Reduced,Reduced,0.031809963106635086
121,E01007951,Sheffield 029A,Sheffield 029A,432357,387035,-1.51505,53.3792,d7b3ebfd-36f5-4612-9eaa-4f8c7b873104,"POLYGON ((-1.5112605518076976 53.38218864917133, -1.5117963451080112 53.38182222795002, -1.5113706672120162 53.38186727352193, -1.5095843473885482 53.38200010460806, -1.508012191497634 53.381446015235056, -1.5080003769306758 53.381385455677744, -1.5101823321486902 53.38108572185703, -1.5088782024560294 53.38101868677669, -1.5091478111962047 53.38052664896973, -1.5117991682572416 53.38025630369394, -1.5118018388027414 53.38002268981025, -1.5090815852334676 53.38021325609965, -1.509343235338103 53.37978522945023, -1.5086179455239188 53.379846894633594, -1.5087298844127224 53.379234373643634, -1.5090574649343413 53.379276936270436, -1.5107775166780217 53.379139289053676, -1.5135602262664407 53.37804092885029, -1.513855335503357 53.37791831117109, -1.5143656869907074 53.37756040837623, -1.5141678953452156 53.37685741704531, -1.5156469399013934 53.37778835917338, -1.516051973739897 53.37760576881979, -1.5157458425998782 53.37735887191544, -1.516349986201259 53.37626874960911, -1.516995146119637 53.376083442730135, -1.5181367816134264 53.37694197863355, -1.5185959578545285 53.37673388143723, -1.5196844973834986 53.376245665745145, -1.5201591904268132 53.37667943488681, -1.521280607448756 53.3779957156989, -1.5220953380658953 53.37818619434109, -1.5216808701460858 53.37846267210175, -1.521102713809879 53.37908057443353, -1.5201721107485415 53.37936148886728, -1.520313223364551 53.37979233915646, -1.5195577161810958 53.38030188220439, -1.5185995258404308 53.380246258685176, -1.518109764799742 53.379644316585825, -1.5153611613564557 53.379003476550785, -1.5153337445224073 53.37993581504904, -1.5161763479276638 53.380165556835635, -1.5146515435871246 53.38118877254476, -1.5151365492899618 53.38219422010928, -1.5117467458511333 53.382211756321475, -1.5112605518076976 53.38218864917133))",44.36243003688782,43.99579838369041,86.34175432799242,2.0164740925858102,84.32528023540661,3581.063767902131,3447.171559582894,62.531639798601894,65.37681128343702,0.020991981190493742,8,447.6329709877664,454.58792787088055,430.89644494786177,382.9790887445745,7.816454974825237,8.844698155990418,8.17210141042963,6.56794313451155,7.816454974825237,8.172101410429628,124,E01007951,0.2854,E01007951,"1,651",1651.0,-133.89220831923694,2.8451714848351273,-16.736526039904618,0.3556464356043927,-71.60883912630607,-2.276755021478868,Increased,Increased,Reduced,0.0026239976488117178
122,E01007952,Sheffield 033A,Sheffield 033A,431345,387051,-1.53026,53.3794,c0fc2af1-e99a-4b5c-bb20-96fc5dd8ddc3,"POLYGON ((-1.5287262758509577 53.38299208709437, -1.5283480334758888 53.38206757015044, -1.5268391010293336 53.38233935730231, -1.5257542144923786 53.38107464547653, -1.5244703857199704 53.38127094187982, -1.523053612913 53.38129019214706, -1.522887659410933 53.38077758842682, -1.5233587394049368 53.38020900274562, -1.5246376276538587 53.38022726732861, -1.5255069259393377 53.37984670033953, -1.5271203956527366 53.37907828362883, -1.525983679958305 53.37820883377124, -1.5256139450636104 53.37795055044644, -1.5275507957964982 53.37711152918755, -1.528773833388789 53.37709630656039, -1.5286565897151136 53.376841167736245, -1.5295863877246965 53.376589132113196, -1.5297983675883782 53.37709266759286, -1.5322805788882636 53.37691365051098, -1.5326951628601848 53.37733526549074, -1.5332203095307373 53.377034224176064, -1.5337799074794174 53.37742725526444, -1.5347134484571339 53.37743853562284, -1.5345323979580954 53.37666937929264, -1.5375030652306834 53.37580144816245, -1.5380772006252885 53.37604632810755, -1.5355870348434242 53.37712563270375, -1.5358036900037628 53.37911029332064, -1.5365795396532524 53.37880359203205, -1.5364644311487043 53.37812814993192, -1.5380780422354272 53.378149348822895, -1.539061841184268 53.379519759899196, -1.5366890058466793 53.37930384080594, -1.5331248740963797 53.379433782614576, -1.5331088601452567 53.379713312712674, -1.5360197279109575 53.381005513183645, -1.5344147274061608 53.38108374391573, -1.5322732383050568 53.38032931835129, -1.5308348289993965 53.38026046021844, -1.5305468308765118 53.38083321056116, -1.5311980706539328 53.381047846864845, -1.530389666895376 53.38126180190913, -1.5304179160555331 53.38202454779297, -1.5287262758509577 53.38299208709437))",29.697163908991023,24.381004937628443,52.611642233829784,1.46652661278968,51.145115621040105,3322.173394982542,4945.47887809341,50.57562739148175,82.2024457287335,0.16372105003720222,12,276.84778291521184,193.6544665852929,412.12323984111754,312.9944034977235,4.214635615956813,3.200265698160371,6.850203810727791,5.106266225496855,4.214635615956813,6.850203810727791,48,E01007952,0.3507,E01007952,"1,600",1600.0,1623.3054831108675,31.62681833725174,135.2754569259057,2.635568194770978,119.3399369124306,1.9060005273364835,Increased,Increased,Increased,0.013643420836433518
123,E01007953,Sheffield 033B,Sheffield 033B,430141,386682,-1.5484,53.3761,e2195c2f-479c-4c7a-9677-7651480c092b,"POLYGON ((-1.5474329855894837 53.37971356411018, -1.5465479029622757 53.37953942293369, -1.5422980467141325 53.38003580277716, -1.5360197279109575 53.381005513183645, -1.5331088601452567 53.379713312712674, -1.5331248740963797 53.379433782614576, -1.5366890058466793 53.37930384080594, -1.539061841184268 53.379519759899196, -1.5380780422354272 53.378149348822895, -1.5364644311487043 53.37812814993192, -1.5365795396532524 53.37880359203205, -1.5358036900037628 53.37911029332064, -1.5355870348434242 53.37712563270375, -1.5380772006252885 53.37604632810755, -1.5375030652306834 53.37580144816245, -1.5345323979580954 53.37666937929264, -1.5347134484571339 53.37743853562284, -1.5337799074794174 53.37742725526444, -1.5332203095307373 53.377034224176064, -1.5326951628601848 53.37733526549074, -1.5322805788882636 53.37691365051098, -1.5331338160601138 53.37586531304571, -1.5339119583408554 53.37598238046023, -1.5337506153969431 53.37563109523901, -1.531714846139298 53.37520505007454, -1.5322915464145153 53.37514123379692, -1.532882055331108 53.37411966185006, -1.533397290743479 53.37419163456913, -1.5340014012008185 53.37500662357808, -1.536655330559509 53.37396080485673, -1.5377933428979915 53.37414772722573, -1.5408737958247358 53.37387648380257, -1.5407103676991323 53.373478007567016, -1.541270771566292 53.37336556439987, -1.5414970220615596 53.373689400837264, -1.5425116431161054 53.37374945694198, -1.5438096316261471 53.37328699195146, -1.5443703262980137 53.37359300329654, -1.5447018721802825 53.37455749419397, -1.5460487501065756 53.37479351254896, -1.5461562276956047 53.37439116533689, -1.547615121444809 53.37421392371067, -1.5482492503557042 53.37330337070462, -1.5479889769256914 53.37314622577354, -1.5490134662451476 53.3730593215669, -1.549305275238519 53.373740892772155, -1.54869234515155 53.374252685877465, -1.5491588692436236 53.374963573176096, -1.551650854838844 53.37476014580884, -1.5512115930443355 53.37408305128812, -1.5525066832057965 53.37370898351011, -1.5520457003402715 53.373662518999794, -1.552568231834863 53.372578312770536, -1.5546278262678772 53.371146356366694, -1.5556156561127639 53.37094100382498, -1.555717894324956 53.37063830387966, -1.5561850459567534 53.37087957984098, -1.555294879527034 53.372516199276276, -1.5554661201009845 53.37317471784855, -1.5588802348498993 53.372585394259744, -1.559435014742522 53.372863825509384, -1.558757604209543 53.37680534739305, -1.5556474741400832 53.378255555891435, -1.5539135084873006 53.379670300385925, -1.5530701336115453 53.380405270260205, -1.552811763962361 53.38127510717584, -1.5490809598199966 53.38167033672049, -1.5485196897095184 53.380724406910474, -1.5476039455409352 53.38060408974893, -1.5474329855894837 53.37971356411018))",13.01542368850841,14.298634474699373,26.76411068341165,0.54994747979613,26.21416320361552,3865.319438024685,6103.525136142777,57.554267523817636,97.57247136463769,0.34291272814573115,14,276.0942455731918,133.6496146719059,435.96608115305554,323.8200388124635,4.111019108844117,1.9689889014000825,6.969462240331263,4.998529736808377,4.111019108844117,6.969462240331263,67,E01007953,1.1454,E01007953,"1,572",1572.0,2238.205698118092,40.01820384082006,159.87183557986373,2.858443131487147,190.1704241405576,3.029540835408295,Increased,Increased,Increased,0.024493766296123654
124,E01007954,Sheffield 033C,Sheffield 033C,431768,386813,-1.52393,53.3772,dbd24798-f6db-4ef6-b33b-b2370daf574b,"POLYGON ((-1.5221907953974678 53.380278052835116, -1.520313223364551 53.37979233915646, -1.5201721107485415 53.37936148886728, -1.521102713809879 53.37908057443353, -1.5216808701460858 53.37846267210175, -1.5220953380658953 53.37818619434109, -1.521280607448756 53.3779957156989, -1.5201591904268132 53.37667943488681, -1.5196844973834986 53.376245665745145, -1.5223672030560709 53.37500040296795, -1.5231262160145542 53.37494426762929, -1.5251006375670522 53.37435965921545, -1.5265936424031117 53.37387632638638, -1.5289222398403666 53.37367689643377, -1.5315827124264074 53.37420532319498, -1.532882055331108 53.37411966185006, -1.5322915464145153 53.37514123379692, -1.531714846139298 53.37520505007454, -1.5337506153969431 53.37563109523901, -1.5339119583408554 53.37598238046023, -1.5331338160601138 53.37586531304571, -1.5322805788882636 53.37691365051098, -1.5297983675883782 53.37709266759286, -1.5295863877246965 53.376589132113196, -1.5286565897151136 53.376841167736245, -1.528773833388789 53.37709630656039, -1.5275507957964982 53.37711152918755, -1.5256139450636104 53.37795055044644, -1.525983679958305 53.37820883377124, -1.5271203956527366 53.37907828362883, -1.5255069259393377 53.37984670033953, -1.5246376276538587 53.38022726732861, -1.5233587394049368 53.38020900274562, -1.522887659410933 53.38077758842682, -1.5228276300155754 53.38076835997133, -1.522090552953239 53.38057652531151, -1.5221907953974678 53.380278052835116))",57.01122207219882,43.26253507729558,96.6074406175202,3.666316531974202,92.941124085546,2432.6123835028757,3042.030423162377,43.50649836173065,58.66527997527721,0.029145630440090053,8,304.07654793785946,342.745578759222,380.2538028952971,306.7947542318635,5.438312295216331,5.812932034739077,7.333159996909652,5.4353484815370585,5.438312295216331,7.333159996909651,51,E01007954,0.3703,E01007954,"1,648",1648.0,609.4180396595011,15.158781613546559,76.17725495743764,1.8948477016933207,-35.95082452735846,-0.37758355320201886,Increased,Increased,Reduced,0.0036432038050112567
125,E01007955,Sheffield 041A,Sheffield 041A,430479,386136,-1.54337,53.3712,07c93514-67b0-46bf-8196-5161e64d6e6a,"POLYGON ((-1.54869234515155 53.374252685877465, -1.549305275238519 53.373740892772155, -1.5490134662451476 53.3730593215669, -1.5479889769256914 53.37314622577354, -1.5482492503557042 53.37330337070462, -1.547615121444809 53.37421392371067, -1.5461562276956047 53.37439116533689, -1.5460487501065756 53.37479351254896, -1.5447018721802825 53.37455749419397, -1.5443703262980137 53.37359300329654, -1.5438096316261471 53.37328699195146, -1.5425116431161054 53.37374945694198, -1.5414970220615596 53.373689400837264, -1.541270771566292 53.37336556439987, -1.5407103676991323 53.373478007567016, -1.5397173500381898 53.37283302255582, -1.5383877772002572 53.37250668112368, -1.5376857887158584 53.37110833819075, -1.5380289250143286 53.370209709687735, -1.5375568826002743 53.37021795933941, -1.5374210150002845 53.36949908436404, -1.53841807291036 53.36940501890221, -1.5395651630212834 53.369854718865234, -1.539753008964816 53.368228409609195, -1.540445375806323 53.367657408466776, -1.5414504868964465 53.36787117533708, -1.542105027535561 53.36747348666255, -1.5425037959426415 53.36765347257117, -1.54229488843777 53.368095765069434, -1.5433656059820045 53.36834242754835, -1.5435377411651252 53.3689308197474, -1.544650164998789 53.36951355063032, -1.5450111320509194 53.37048479616517, -1.5464794935415003 53.37006613260985, -1.5473956764244934 53.369951757167, -1.5479328901900014 53.37029630534747, -1.5508268855465428 53.372804637954474, -1.550665573798343 53.373534046633345, -1.5501866259320398 53.37365886298702, -1.5505909884933802 53.37411303676026, -1.5512115930443355 53.37408305128812, -1.551650854838844 53.37476014580884, -1.5491588692436236 53.374963573176096, -1.54869234515155 53.374252685877465))",17.048371873680036,17.04837187368003,32.9968487877678,1.09989495959226,31.896953828175544,6745.837795500231,7412.9528168842235,110.02871756050914,118.98494839911581,0.43940314787405893,10,674.5837795500231,848.0920058480044,741.2952816884224,694.6518584445075,11.002871756050915,14.049415222898784,11.898494839911582,11.507539662382186,11.002871756050913,11.898494839911582,86,E01007955,0.3973,E01007955,"1,404",1404.0,667.1150213839928,8.956230838606672,66.71150213839928,0.8956230838606665,-153.4401474034969,-2.5418755605165977,Increased,Increased,Reduced,0.04394031478740589
126,E01007956,Sheffield 041B,Sheffield 041B,426279,385525,-1.60654,53.366,95df7a9e-743e-4739-a082-cbdcb832560d,"POLYGON ((-1.6201008011938147 53.385138017631924, -1.616427423355482 53.38484863989913, -1.6137798287886649 53.38507168482476, -1.609121834868362 53.38359252051802, -1.6080342471844293 53.38296274104812, -1.6051763872829443 53.38267169399725, -1.6039603651516339 53.38299295917817, -1.6019316617347108 53.3823966066946, -1.6008970321915257 53.38240128059753, -1.5991640005561154 53.3818259129745, -1.5992187909324116 53.37992015265577, -1.59852136522458 53.37959334758042, -1.5983761481484149 53.37907152217546, -1.5971638976485403 53.37928123119475, -1.5960057458783654 53.37837036517995, -1.5930736100582417 53.37785361508025, -1.592193880751059 53.37710343313741, -1.5891032099527564 53.377676804050715, -1.5885460795443198 53.37722575469335, -1.5871262626226337 53.3771059719677, -1.5865603806589264 53.376749798757224, -1.5849625293458467 53.37702823674073, -1.583755815151627 53.3767283292197, -1.5810049401595887 53.376875950969975, -1.5792634004834663 53.3763260158494, -1.5773123162720704 53.37635255689581, -1.5761698667163884 53.37711535875524, -1.575106913440371 53.37654052397601, -1.5730193756352824 53.37649628102125, -1.5693901999976145 53.378032953495754, -1.5691281281346616 53.37839969875704, -1.5676115912967161 53.37822962773622, -1.5675806427878658 53.378735676309404, -1.5666801992308537 53.3790487065155, -1.565102778041864 53.38102862345138, -1.5602863452629205 53.38159161462008, -1.5581787981192943 53.38251154020595, -1.5576833425663443 53.38208086675553, -1.5557380076731966 53.381483200856664, -1.5526283365088414 53.381889653048034, -1.552811763962361 53.38127510717584, -1.5530701336115453 53.380405270260205, -1.5539135084873006 53.379670300385925, -1.5556474741400832 53.378255555891435, -1.558757604209543 53.37680534739305, -1.559435014742522 53.372863825509384, -1.5588802348498993 53.372585394259744, -1.5554661201009845 53.37317471784855, -1.555294879527034 53.372516199276276, -1.5561850459567534 53.37087957984098, -1.556675127639743 53.37091214106262, -1.5575785199719425 53.369529526193254, -1.56180587662444 53.36836705308452, -1.5615273129822036 53.36715502175882, -1.5619815219138107 53.366242314554455, -1.5591702202926607 53.36548200984388, -1.557478177853354 53.36339340652059, -1.5557771442024864 53.363718073487, -1.5534232478650238 53.36329730779026, -1.554204758002993 53.362511896654226, -1.5555145634380052 53.36198839159619, -1.5546249113970945 53.36173398724351, -1.5536829673972083 53.360683485913654, -1.5524260472049076 53.3600040637755, -1.5527093677195383 53.35898364160823, -1.5531521934550354 53.35706114154563, -1.5507172299151253 53.357500510857925, -1.5497371182744883 53.35707890353879, -1.549230002752717 53.35641634791501, -1.5511601915191056 53.3554789589901, -1.5526597182336703 53.35288404511958, -1.5555084528305694 53.35067727581688, -1.564409702464867 53.34962244139984, -1.564963940808222 53.34856180045573, -1.5670939014640086 53.34476032093002, -1.5707354078646412 53.34036534636325, -1.5715723575378442 53.34001223707273, -1.5696764885607537 53.338134857915975, -1.5664980633556802 53.33750376829389, -1.5680687388966879 53.335984406111656, -1.5668845178738375 53.3341034317042, -1.567009137865439 53.333522151024674, -1.5676300217330337 53.33314350348193, -1.5681139141230596 53.332067442879506, -1.5716622982139017 53.32893501325759, -1.5728853647881367 53.32688462334951, -1.5755534754443121 53.32520060589994, -1.57748189883514 53.32224200600724, -1.5801476560966778 53.321513488419136, -1.585032648490118 53.32157187072489, -1.5865794280140577 53.3215185224527, -1.587232395358466 53.32118285896495, -1.5867874838280611 53.319940028327146, -1.5904438155857799 53.31831695431744, -1.599079261505699 53.311360924088085, -1.5988182930790436 53.313194836945456, -1.5991654548442238 53.314590104278885, -1.6006757443511703 53.315655280509866, -1.6006602693850347 53.317061679835284, -1.6015260328699332 53.31818816556894, -1.603632749976741 53.31894827315896, -1.6088367556385825 53.32253683255503, -1.6096937245733174 53.3224819923313, -1.619218637814178 53.318326803680264, -1.6226901249021377 53.31719063732119, -1.6254950695164656 53.31640676992939, -1.6282860415096139 53.316352516866885, -1.6327732049116959 53.32081050423387, -1.626839909075955 53.32535200876431, -1.6279199064520713 53.325830900564924, -1.6273519210695782 53.32845017756435, -1.626431787903752 53.32920404473935, -1.6235634742461285 53.3304291338452, -1.6237049078243422 53.33114926576042, -1.6221208084189398 53.33162670117914, -1.6221768608553133 53.3331648638835, -1.6220554920265657 53.333656263114804, -1.6202256242007282 53.33494735795508, -1.6167289448434934 53.336363476709174, -1.6120572311264403 53.34163566600127, -1.612191357981643 53.343215506642395, -1.6089334191808098 53.343256082065636, -1.6076286343231503 53.34268883968254, -1.6042499981604057 53.34239711746355, -1.6015765789908678 53.342591597413225, -1.591465734396246 53.34493045456283, -1.590587676744207 53.345941490304135, -1.6156285003491075 53.35083169298849, -1.6256050568552514 53.35204455089504, -1.6283494790127462 53.35378176269704, -1.6305938739853136 53.35614375910872, -1.6552591130330712 53.36332134321078, -1.6604071810167709 53.36510123625198, -1.6639594786521188 53.366873165269766, -1.6404394406567337 53.37363398875637, -1.6355267942644576 53.37329944773363, -1.628880997683134 53.37356943760847, -1.6264535456677396 53.37631211113458, -1.6242199642070652 53.377861005194355, -1.6246407412259336 53.37904993469997, -1.6240071514987457 53.379997934112865, -1.6243441657799484 53.38130964607976, -1.623246362269016 53.382898023408984, -1.6236632831324875 53.383887242618826, -1.621879605732765 53.38412767485468, -1.6201008011938147 53.385138017631924))",45.46232499648009,46.92885160926976,88.35822842057823,4.0329481851716205,84.32528023540661,50211.70929845299,42979.17950574562,546.1387820383126,473.55070309142417,2.096544640161697,92,545.7794488962282,525.1784366447721,467.16499462766984,415.505430096307,5.936291109112092,5.177504586854839,5.147290250993742,4.118067764735651,5.936291109112093,5.147290250993741,131,E01007956,29.6736,E01007956,"2,135",2135.0,-7232.52979270737,-72.5880789468884,-78.6144542685584,-0.7890008581183494,-109.67300654846508,-1.0594368221191885,Reduced,Reduced,Reduced,0.02278852869740975
127,E01007957,Sheffield 041C,Sheffield 041C,429857,385974,-1.55273,53.3698,c349812a-65e3-49e7-880e-8d4740ca01de,"POLYGON ((-1.5508268855465428 53.372804637954474, -1.5479328901900014 53.37029630534747, -1.5473956764244934 53.369951757167, -1.5483204706267073 53.36971256344808, -1.5486197721458117 53.369157547087354, -1.5490030509442585 53.369450021497165, -1.5519815586277717 53.36849701467176, -1.5533550210232043 53.367553474859896, -1.5530467573242925 53.367026205016245, -1.55369767835689 53.367026042186346, -1.5533379351785719 53.366546965875976, -1.5536619843565587 53.366244997869956, -1.5538715234559692 53.36632667889176, -1.555466855722396 53.365990553635285, -1.5571821830452663 53.36801882199215, -1.5574904596155792 53.36767832264501, -1.5569241222624883 53.36680908483837, -1.5571301237371782 53.36633251373715, -1.5591702202926607 53.36548200984388, -1.5619815219138107 53.366242314554455, -1.5615273129822036 53.36715502175882, -1.56180587662444 53.36836705308452, -1.5575785199719425 53.369529526193254, -1.556675127639743 53.37091214106262, -1.5561850459567534 53.37087957984098, -1.555717894324956 53.37063830387966, -1.5556156561127639 53.37094100382498, -1.5546278262678772 53.371146356366694, -1.552568231834863 53.372578312770536, -1.5520457003402715 53.373662518999794, -1.5525066832057965 53.37370898351011, -1.5512115930443355 53.37408305128812, -1.5505909884933802 53.37411303676026, -1.5501866259320398 53.37365886298702, -1.550665573798343 53.373534046633345, -1.5508268855465428 53.372804637954474))",25.480899897220688,19.248161792864558,43.8124825570917,0.91657913299355,42.89590342409815,4719.033056674579,5045.242675370507,78.17507346683874,83.57903241369854,0.4343097621370206,6,786.5055094457631,900.78566504715,840.8737792284178,816.389742766483,13.02917891113979,14.922333600383618,13.929838735616423,13.52423840898398,13.02917891113979,13.929838735616423,45,E01007957,0.3766,E01007957,"1,645",1645.0,326.20961869592793,5.403958946859802,54.36826978265469,0.9006598244766337,-84.39592228066704,-1.398095191399639,Increased,Increased,Reduced,0.0723849603561701
128,E01007958,Sheffield 041D,Sheffield 041D,430449,385450,-1.54389,53.3651,166ed45c-fac4-48b7-bc99-b2574dc1e0d2,"POLYGON ((-1.544650164998789 53.36951355063032, -1.5435377411651252 53.3689308197474, -1.5433656059820045 53.36834242754835, -1.54229488843777 53.368095765069434, -1.5425037959426415 53.36765347257117, -1.542105027535561 53.36747348666255, -1.5414504868964465 53.36787117533708, -1.540445375806323 53.367657408466776, -1.539753008964816 53.368228409609195, -1.5395651630212834 53.369854718865234, -1.53841807291036 53.36940501890221, -1.5380456036111396 53.36840863904409, -1.5373154765138997 53.36852519169998, -1.537262251511166 53.368247010305, -1.5371221836161524 53.367514572503495, -1.5370679252258423 53.36723074206786, -1.537171275350659 53.367236692215606, -1.5374316956287852 53.36725168477513, -1.537924008129402 53.367280025253095, -1.5380460598865546 53.36668449325416, -1.538966825545912 53.366307910242774, -1.5392781003954403 53.36562222251198, -1.5400767501905972 53.36567124179725, -1.540256181524481 53.365256457281625, -1.5382737020746848 53.364947841294025, -1.5360943557844062 53.36432138754855, -1.5340840599284462 53.36234357234406, -1.5367852789697944 53.361676556352, -1.5387193737444187 53.361946404186554, -1.5394255936576158 53.36163919042404, -1.5426218225486308 53.36126309885209, -1.5433331852811374 53.360915261771154, -1.544302104860977 53.36107261546015, -1.544924404036726 53.360487909448516, -1.547447930151836 53.360122786477234, -1.5480022841849694 53.35976420528058, -1.5470064258605256 53.36085714318233, -1.5457573965673406 53.36141838148241, -1.545047240729937 53.36141113012602, -1.5447533324720506 53.36235145023751, -1.5462999568071267 53.363787278450495, -1.545232141695033 53.36399929295562, -1.5454374636113202 53.36417963268815, -1.546598673962069 53.36484312431043, -1.5506850604417974 53.365674631977605, -1.5491975675726717 53.36662587275953, -1.548288498572496 53.36661757531112, -1.550162332779201 53.368445512283856, -1.5532626306079784 53.36612280476688, -1.5536619843565587 53.366244997869956, -1.5533379351785719 53.366546965875976, -1.55369767835689 53.367026042186346, -1.5530467573242925 53.367026205016245, -1.5533550210232043 53.367553474859896, -1.5519815586277717 53.36849701467176, -1.5490030509442585 53.369450021497165, -1.5486197721458117 53.369157547087354, -1.5483204706267073 53.36971256344808, -1.5473956764244934 53.369951757167, -1.5464794935415003 53.37006613260985, -1.5450111320509194 53.37048479616517, -1.544650164998789 53.36951355063032))",53.894853020020754,47.4787990890659,98.25728305690859,3.11636905217807,95.14091400473052,8082.429412553733,9086.144634174463,133.89279234296706,150.52024763892086,0.47959402598119155,12,673.5357843794776,848.0920058480044,757.1787195145386,694.6518584445075,11.157732695247255,14.049415222898784,12.54335396991007,11.507539662382186,11.157732695247255,12.543353969910072,70,E01007958,0.6457,E01007958,"1,420",1420.0,1003.7152216207305,16.62745529595381,83.64293513506095,1.3856212746628156,-153.4401474034969,-2.5418755605165977,Increased,Increased,Reduced,0.039966168831765965
129,E01007959,Sheffield 041E,Sheffield 041E,429913,385234,-1.55196,53.3632,b84ab581-0139-40a6-bb07-76b7bfe8fb7e,"POLYGON ((-1.550162332779201 53.368445512283856, -1.548288498572496 53.36661757531112, -1.5491975675726717 53.36662587275953, -1.5506850604417974 53.365674631977605, -1.546598673962069 53.36484312431043, -1.5454374636113202 53.36417963268815, -1.545232141695033 53.36399929295562, -1.5462999568071267 53.363787278450495, -1.5447533324720506 53.36235145023751, -1.545047240729937 53.36141113012602, -1.5457573965673406 53.36141838148241, -1.5470064258605256 53.36085714318233, -1.5480022841849694 53.35976420528058, -1.548830354353077 53.35985217164789, -1.5490381625976986 53.35951588033145, -1.550268502326744 53.359576204645464, -1.5527093677195383 53.35898364160823, -1.5524260472049076 53.3600040637755, -1.5536829673972083 53.360683485913654, -1.5546249113970945 53.36173398724351, -1.5555145634380052 53.36198839159619, -1.554204758002993 53.362511896654226, -1.5534232478650238 53.36329730779026, -1.5557771442024864 53.363718073487, -1.557478177853354 53.36339340652059, -1.5591702202926607 53.36548200984388, -1.5571301237371782 53.36633251373715, -1.5569241222624883 53.36680908483837, -1.5574904596155792 53.36767832264501, -1.5571821830452663 53.36801882199215, -1.555466855722396 53.365990553635285, -1.5538715234559692 53.36632667889176, -1.5536619843565587 53.366244997869956, -1.5532626306079784 53.36612280476688, -1.550162332779201 53.368445512283856))",21.997899191845203,28.230637296201348,47.84543074226332,2.38310574578323,45.462324996480085,10445.44799266854,10924.9077532954,160.78391949843154,174.9454059260648,0.5996746895726367,16,652.8404995417837,784.269279954906,682.8067345809626,621.2006928552235,10.048994968651972,9.515923454273468,10.934087870379052,10.290754317332418,10.048994968651972,10.93408787037905,57,E01007959,0.4957,E01007959,"1,496",1496.0,479.45976062685986,14.161486427633264,29.966235039178855,0.8850929017270808,-163.06858709968253,0.7748308630589502,Increased,Increased,Increased,0.037479668098289794
130,E01007960,Sheffield 029B,Sheffield 029B,432464,387650,-1.51338,53.3847,b0e4b411-1fbf-4b4c-a225-59164f9182da,"POLYGON ((-1.5138749815511803 53.3860482000947, -1.513645430344811 53.385297547608495, -1.5113478754773253 53.385484158584944, -1.509746052563361 53.38550912951352, -1.508167271213321 53.3854810040195, -1.5081640013514996 53.384861652909, -1.5095011218132444 53.38416619586995, -1.5088818633135914 53.38285723725202, -1.5081828222046298 53.38257626947601, -1.5088681315310903 53.38204339080668, -1.508232436071208 53.38192528440486, -1.508012191497634 53.381446015235056, -1.5095843473885482 53.38200010460806, -1.5113706672120162 53.38186727352193, -1.5117963451080112 53.38182222795002, -1.5112605518076976 53.38218864917133, -1.5117467458511333 53.382211756321475, -1.511744862572534 53.382460884198295, -1.5117428920272291 53.382721717661795, -1.512223199654531 53.38275004369051, -1.5121586398495463 53.38335512693843, -1.5150032106820563 53.3832827647148, -1.5150016998223383 53.384147116665716, -1.515001628274087 53.384188493036355, -1.5167196904306837 53.383772691810336, -1.517838246572321 53.38378767468515, -1.5193694097710064 53.387243858295086, -1.5169895407305263 53.387944669945476, -1.516510222114197 53.38705216075636, -1.5142853557374734 53.38631172731404, -1.5138749815511803 53.3860482000947))",171.5836136963926,121.53839303494492,281.20647800242136,11.91552872891616,269.2909492735052,1271.5384713521414,1817.6380707269,21.064190951845685,30.11082736837824,0.009539157338638773,4,317.88461783803535,221.956236381363,454.409517681725,411.6285236676165,5.266047737961421,3.6769068741729316,7.52770684209456,6.819000776705373,5.266047737961421,7.52770684209456,25,E01007960,0.2302,E01007960,"1,562",1562.0,546.0995993747586,9.046636416532554,136.52489984368964,2.2616591041331384,189.6722872862535,3.1420939025324413,Increased,Increased,Increased,0.002384789334659693
131,E01007961,Sheffield 033D,Sheffield 033D,431563,387689,-1.52692,53.3851,ff7c09db-8003-454c-92fc-463d40fa36fc,"POLYGON ((-1.5202593502466213 53.39113549100125, -1.5191780966751283 53.390340150860965, -1.5184652857335872 53.39036731993053, -1.5199425042834105 53.38989378287882, -1.5180064971149247 53.38811072619709, -1.5169895407305263 53.387944669945476, -1.5193694097710064 53.387243858295086, -1.517838246572321 53.38378767468515, -1.5167196904306837 53.383772691810336, -1.515001628274087 53.384188493036355, -1.5150016998223383 53.384147116665716, -1.5150032106820563 53.3832827647148, -1.5121586398495463 53.38335512693843, -1.512223199654531 53.38275004369051, -1.5117428920272291 53.382721717661795, -1.511744862572534 53.382460884198295, -1.5117467458511333 53.382211756321475, -1.5151365492899618 53.38219422010928, -1.5146515435871246 53.38118877254476, -1.5161763479276638 53.380165556835635, -1.5153337445224073 53.37993581504904, -1.5153611613564557 53.379003476550785, -1.518109764799742 53.379644316585825, -1.5185995258404308 53.380246258685176, -1.5195577161810958 53.38030188220439, -1.520313223364551 53.37979233915646, -1.5221907953974678 53.380278052835116, -1.522090552953239 53.38057652531151, -1.5228276300155754 53.38076835997133, -1.522887659410933 53.38077758842682, -1.523053612913 53.38129019214706, -1.5244703857199704 53.38127094187982, -1.5257542144923786 53.38107464547653, -1.5268391010293336 53.38233935730231, -1.5283480334758888 53.38206757015044, -1.5287262758509577 53.38299208709437, -1.5304179160555331 53.38202454779297, -1.530389666895376 53.38126180190913, -1.5311980706539328 53.381047846864845, -1.5305468308765118 53.38083321056116, -1.5308348289993965 53.38026046021844, -1.5322732383050568 53.38032931835129, -1.5344147274061608 53.38108374391573, -1.5360197279109575 53.381005513183645, -1.5422980467141325 53.38003580277716, -1.5465479029622757 53.37953942293369, -1.5474329855894837 53.37971356411018, -1.5476039455409352 53.38060408974893, -1.5485196897095184 53.380724406910474, -1.5490809598199966 53.38167033672049, -1.552811763962361 53.38127510717584, -1.5526283365088414 53.381889653048034, -1.5504577978488259 53.382128608490724, -1.5487805306763665 53.38333659937984, -1.5461455367578385 53.38358532028759, -1.5453770405013312 53.38313324363028, -1.5412758895828946 53.383891435736984, -1.5396888596117433 53.383845726985086, -1.538431590481912 53.38415351052681, -1.5368504536762901 53.38395610309895, -1.5367029134127725 53.38451816749483, -1.5359385794611162 53.38485694081649, -1.5323647011295827 53.38694898521585, -1.5287302124929845 53.387979383163774, -1.5280657959798947 53.38845734808964, -1.5266264903119564 53.38863507618505, -1.5233041613095377 53.39070196842199, -1.5224496208011642 53.39057643471925, -1.5215424716380408 53.39056367257549, -1.5202593502466213 53.39113549100125))",15.58184526089035,17.78163518007487,32.81353296116909,0.54994747979613,32.26358548137296,10676.157433098306,11599.67207934965,161.85003120600118,179.37114849567286,0.507454825456231,23,464.18075796079575,461.29788678475,504.3335686673761,473.766739869762,7.0369578785217906,6.43958143634487,7.798745586768385,7.192570247965757,7.0369578785217906,7.798745586768385,46,E01007961,1.455,E01007961,"1,558",1558.0,923.514646251344,17.52111728967168,40.15281070658034,0.7617877082465947,12.468853085011972,0.7529888116208872,Increased,Increased,Increased,0.022063253280705696
132,E01007962,Sheffield 029C,Sheffield 029C,432939,387355,-1.50627,53.382,2a1fdfc5-d29a-487a-82cc-29c43c498a6a,"POLYGON ((-1.5079501515240006 53.38344590069186, -1.5071389764925618 53.38283456062725, -1.5070868664693489 53.38284534056375, -1.5038004331881705 53.38347282480318, -1.5039086454685575 53.3831922791655, -1.5035255877581173 53.382907085888384, -1.5038002376421111 53.38168222499086, -1.5041853275720485 53.38111441350895, -1.5035970129028116 53.38079782912748, -1.5050098534034964 53.38082416834287, -1.505658749868408 53.38081461294076, -1.5067595578532886 53.380758166300645, -1.5077719325357763 53.38063046938406, -1.5083294015917752 53.37920090413554, -1.5087298844127224 53.379234373643634, -1.5086179455239188 53.379846894633594, -1.509343235338103 53.37978522945023, -1.5090815852334676 53.38021325609965, -1.5118018388027414 53.38002268981025, -1.5117991682572416 53.38025630369394, -1.5091478111962047 53.38052664896973, -1.5088782024560294 53.38101868677669, -1.5101823321486902 53.38108572185703, -1.5080003769306758 53.381385455677744, -1.508012191497634 53.381446015235056, -1.508232436071208 53.38192528440486, -1.5088681315310903 53.38204339080668, -1.5081828222046298 53.38257626947601, -1.5088818633135914 53.38285723725202, -1.5095011218132444 53.38416619586995, -1.5081640013514996 53.384861652909, -1.5081633449913285 53.384739817705395, -1.5079501515240006 53.38344590069186))",99.72380966969826,129.23765775209068,223.82862427702506,5.132843144763886,218.69578113226117,3899.028340629566,3444.297669644928,64.59094973850311,57.05792269993029,0.04300697176863161,6,649.8380567715943,721.9065997683855,574.049611607488,627.5828472946071,10.765158289750518,11.959039234376137,9.509653783321715,10.396480508732974,10.765158289750518,9.509653783321715,42,E01007962,0.117,E01007962,"1,332",1332.0,-454.730670984638,-7.5330270385728255,-75.78844516410629,-1.255504506428803,-94.32375247377843,-1.5625587256431626,Reduced,Reduced,Reduced,0.007167828628105268
133,E01007963,Sheffield 045A,Sheffield 045A,439805,385000,-1.40335,53.3604,6bf77bb4-a61b-4bfb-8b9d-3b3c0b1ee6ea,"POLYGON ((-1.3984594589192336 53.363028530671556, -1.3980825917015223 53.362577724227116, -1.3974476253986778 53.362791447608195, -1.397153577319425 53.3623059100122, -1.3967290146791678 53.3627059498508, -1.39535921297078 53.36275045558618, -1.395867722336411 53.36303975081532, -1.3952817528677222 53.36337241787518, -1.3952639967056504 53.36324799188924, -1.3952911115421118 53.362618767029595, -1.3942649145892327 53.36268448732504, -1.3942762544752274 53.36188454538698, -1.3953075218696427 53.362276782972614, -1.395321138467921 53.36131456041389, -1.3954012396408058 53.36096440439219, -1.399598873224852 53.36238191498288, -1.3995396646643716 53.36190950086151, -1.40002243485329 53.36205636774811, -1.4003179135655544 53.361846849912304, -1.399795157924118 53.3615888170461, -1.3971627350101266 53.36072162476711, -1.3974584879326317 53.360456767052455, -1.3967138484472712 53.360141749083894, -1.3984254747514844 53.358149108528075, -1.3955622062749367 53.358167979635915, -1.3930691572760143 53.357938237390066, -1.3928999279805228 53.356956747698256, -1.3955294122930408 53.35639669436684, -1.3947678492942956 53.354561842649524, -1.3958326471513252 53.35459142386608, -1.396750005475692 53.35503049815669, -1.39640984331023 53.35518158818574, -1.397139875841818 53.3556178606427, -1.3970175888921483 53.355899265723515, -1.4022539356819905 53.35722436182898, -1.406021045492923 53.35797774845518, -1.4114187864488987 53.35896039444131, -1.4130735425671013 53.359477140921825, -1.4138835328061417 53.3598529481052, -1.4120095268907866 53.359770926309466, -1.4093942889467217 53.36044271159362, -1.4072028093348756 53.36124010346317, -1.4064410068558633 53.36169319066411, -1.4062686301254226 53.36182461222159, -1.4061330995119448 53.36193599567714, -1.4042948181274584 53.36315692876951, -1.4041819728256821 53.3632587656532, -1.4015018086684035 53.365136218966946, -1.4010290346259828 53.3654879873825, -1.3992661580409886 53.3661489829618, -1.3999681226584075 53.36534404592619, -1.399568140222436 53.36475184847508, -1.399493603066945 53.364161671308786, -1.4002780329521372 53.363580220821376, -1.3984594589192336 53.363028530671556))",15.76516108748907,14.665266127896798,30.06379556218845,0.36663165319742,29.69716390899103,13220.92001317843,9045.949944361873,142.09251177324938,105.05876286921958,0.3853652776566279,18,734.4955562876904,474.144929728836,502.5527746867708,489.15312836283147,7.894028431847188,7.532270862497272,5.836597937178865,5.329970670153071,7.894028431847188,5.836597937178865,38,E01007963,0.6129,E01007963,"1,494",1494.0,-4174.970068816556,-37.03374890402981,-231.9427816009196,-2.0574304946683224,15.008198633995448,-2.202300192344201,Reduced,Reduced,Reduced,0.021409182092034885
134,E01007964,Sheffield 049A,Sheffield 049A,441833,385050,-1.37288,53.3607,254428ca-255e-4f06-87b8-3999ce2c0a5d,"POLYGON ((-1.3734335982542578 53.362963519022934, -1.3718916218400894 53.36256890121767, -1.3700542020823585 53.362940885407944, -1.3681588726483667 53.36196493854827, -1.36759375893861 53.361566450061346, -1.3666522553386486 53.3607537019808, -1.3656016344129605 53.36029602547385, -1.364692881056216 53.360605387623615, -1.3639292489466084 53.362357009677154, -1.3627948240373982 53.36275769452068, -1.3623676027281748 53.362193229175375, -1.3626503076766068 53.36181453846495, -1.362450311165526 53.360997705352574, -1.3628560720567866 53.360679545291866, -1.3625824337999706 53.36040311554438, -1.3618132903643396 53.360435065775874, -1.363280111695052 53.35961991084983, -1.36371489577335 53.359404115783576, -1.364052375046656 53.35923700910687, -1.3656760135517998 53.35814952326118, -1.3671572764352309 53.3585708667401, -1.3691560399595843 53.35816633253443, -1.369786266692871 53.35819646498312, -1.3712244120476493 53.35887251487187, -1.3707858671405544 53.35908442525435, -1.3709910496252742 53.35943606845312, -1.37137686348739 53.359803898302445, -1.3717312189409716 53.35978340818585, -1.3720276081622322 53.35976777174294, -1.3736801150156885 53.35981629806185, -1.374431745972386 53.3587770371862, -1.3749503153478666 53.358900678754964, -1.3776235636788858 53.35901239497905, -1.378544528394092 53.35902720962142, -1.3790937140711892 53.35987255246776, -1.3794728449420703 53.361078173208334, -1.3794389523518036 53.36252419062599, -1.3753351656819908 53.36317865905088, -1.3734335982542578 53.362963519022934))",33.18016461436649,23.097794151437462,55.361379632810404,0.91657913299355,54.44480049981686,9113.942506144971,6856.778409398024,97.00755805643576,78.88418818408965,0.33694266593130867,10,911.394250614497,774.151567260841,685.6778409398025,670.002763892858,9.700755805643574,8.848286158016178,7.888418818408965,7.554860285235195,9.700755805643576,7.888418818408965,37,E01007964,0.4158,E01007964,"1,556",1556.0,-2257.1640967469466,-18.123369872346103,-225.71640967469443,-1.812336987234609,-104.14880336798308,-1.2934258727809826,Reduced,Reduced,Reduced,0.033694266593130864
135,E01007965,Sheffield 044A,Sheffield 044A,442713,385174,-1.35964,53.3617,61ae0473-6a14-4844-ab8f-bf57a32abfea,"POLYGON ((-1.3562511666098274 53.36318716561391, -1.3584760523988508 53.362533159109006, -1.358237236992432 53.362235623798824, -1.3564455469703507 53.36246867804287, -1.3569533475504059 53.360710359421994, -1.3575561930699112 53.360612548931634, -1.3579693989373678 53.36099766093063, -1.3586725597213813 53.36069492224422, -1.3588466909824568 53.360162625055594, -1.3600119670702562 53.360123797500144, -1.3603023191971848 53.36034929075227, -1.3597158285353919 53.361081919222435, -1.3606116908748487 53.36099498459254, -1.3615507918180325 53.35934038450497, -1.3627227361761205 53.35878824403358, -1.36371489577335 53.359404115783576, -1.363280111695052 53.35961991084983, -1.3618132903643396 53.360435065775874, -1.3625824337999706 53.36040311554438, -1.3628560720567866 53.360679545291866, -1.362450311165526 53.360997705352574, -1.3626503076766068 53.36181453846495, -1.3623676027281748 53.362193229175375, -1.3627948240373982 53.36275769452068, -1.3639292489466084 53.362357009677154, -1.364692881056216 53.360605387623615, -1.3656016344129605 53.36029602547385, -1.3666522553386486 53.3607537019808, -1.36759375893861 53.361566450061346, -1.3681588726483667 53.36196493854827, -1.3700542020823585 53.362940885407944, -1.3665612876502393 53.36363640389688, -1.3638081678416425 53.363955323285154, -1.359257078902479 53.364371439824545, -1.3584862861026525 53.36466393094262, -1.3562511666098274 53.36318716561391))",32.263585481372964,41.246060984709786,69.47669828091114,4.032948185171619,65.44375009573952,6850.923243639411,5746.074923551665,68.0950637287452,57.11337351103284,0.33703357237701054,6,1141.8205406065686,1132.97655982624,957.6791539252775,956.1040701423465,11.349177288124201,11.261272138199862,9.51889558517214,9.50323996814615,11.349177288124201,9.51889558517214,37,E01007965,0.2806,E01007965,"1,877",1877.0,-1104.8483200877463,-10.981690217712362,-184.141386681291,-1.8302817029520604,-176.8724896838935,-1.7580321700537116,Reduced,Reduced,Reduced,0.05617226206283509
136,E01007966,Sheffield 049B,Sheffield 049B,440902,385073,-1.38686,53.361,f204beff-929c-45e2-b496-320d115d46e2,"POLYGON ((-1.383760460928599 53.36229059719377, -1.3848732133527595 53.35940951177042, -1.3842650388310294 53.35940075929699, -1.3817278694884656 53.35927123590843, -1.3818235626382578 53.35878548389543, -1.3811824620078046 53.358322221339826, -1.3813755201188977 53.357793014560364, -1.3831472938405314 53.35749360509363, -1.383449784350274 53.35660685206804, -1.3856799275229934 53.35684140284641, -1.3857313305973096 53.355878403631785, -1.3852216746453596 53.3557580187711, -1.3846067290496458 53.35612921541581, -1.3829737458883011 53.35627142202111, -1.380116796657143 53.35423524678512, -1.3789586240428922 53.35392271116209, -1.378407281233425 53.35198383437194, -1.3816781548184875 53.35261715573873, -1.3867215519204001 53.35514831545438, -1.3877296465807587 53.35501507530326, -1.3913787706934753 53.354567915042345, -1.3929863244375698 53.35494231860905, -1.3947678492942956 53.354561842649524, -1.3955294122930408 53.35639669436684, -1.3928999279805228 53.356956747698256, -1.3930691572760143 53.357938237390066, -1.3911667479918584 53.358166817880495, -1.3910834320946306 53.359225611121595, -1.391053230202459 53.359547245864384, -1.3901364978216488 53.35960490445146, -1.390370384717526 53.360005442546424, -1.391186793855741 53.35988265047875, -1.3913054082565561 53.360256064104455, -1.3919949541333552 53.36003619730786, -1.3923204166689216 53.36042707639937, -1.3917112989876852 53.36097537268415, -1.3904179787577522 53.36139957287042, -1.3904619626685246 53.3617123186308, -1.3899986907145314 53.36246840660517, -1.3887907327747757 53.362927506098934, -1.3903716196428837 53.36537356282733, -1.3892177005262463 53.36559813818782, -1.3887567492544637 53.36630723965863, -1.386607033142591 53.36683389739787, -1.3836328793218131 53.366385280710816, -1.3805814346932137 53.36572649908204, -1.3807683337360832 53.3652591090596, -1.3833981655860716 53.364846550927126, -1.383760460928599 53.36229059719377))",14.29863447469938,16.315108567285183,27.680689816405202,2.93305322557936,24.74763659082584,5607.507088970395,4185.370789632106,66.26764194416887,55.05190812097992,0.14986496741886474,12,467.2922574141996,209.7383019283675,348.7808991360088,192.761361598645,5.522303495347406,4.008731923574028,4.587659010081659,3.4587109502458127,5.522303495347406,4.587659010081659,32,E01007966,0.7903,E01007966,"1,437",1437.0,-1422.136299338289,-11.215733823188955,-118.51135827819076,-0.9346444852657463,-16.97694032972248,-0.5500209733282153,Reduced,Reduced,Reduced,0.012488747284905394
137,E01007967,Sheffield 045B,Sheffield 045B,440389,385508,-1.39451,53.3649,81c061ef-2201-43f4-863b-ec2e5516a625,"POLYGON ((-1.3903716196428837 53.36537356282733, -1.3887907327747757 53.362927506098934, -1.3899986907145314 53.36246840660517, -1.3904619626685246 53.3617123186308, -1.3904179787577522 53.36139957287042, -1.3917112989876852 53.36097537268415, -1.3923204166689216 53.36042707639937, -1.3919949541333552 53.36003619730786, -1.3913054082565561 53.360256064104455, -1.391186793855741 53.35988265047875, -1.390370384717526 53.360005442546424, -1.3901364978216488 53.35960490445146, -1.391053230202459 53.359547245864384, -1.3910834320946306 53.359225611121595, -1.3911667479918584 53.358166817880495, -1.3930691572760143 53.357938237390066, -1.3955622062749367 53.358167979635915, -1.3984254747514844 53.358149108528075, -1.3967138484472712 53.360141749083894, -1.3974584879326317 53.360456767052455, -1.3971627350101266 53.36072162476711, -1.399795157924118 53.3615888170461, -1.4003179135655544 53.361846849912304, -1.40002243485329 53.36205636774811, -1.3995396646643716 53.36190950086151, -1.399598873224852 53.36238191498288, -1.3954012396408058 53.36096440439219, -1.395321138467921 53.36131456041389, -1.3953075218696427 53.362276782972614, -1.3942762544752274 53.36188454538698, -1.3942649145892327 53.36268448732504, -1.3952911115421118 53.362618767029595, -1.3952639967056504 53.36324799188924, -1.3952817528677222 53.36337241787518, -1.395867722336411 53.36303975081532, -1.39535921297078 53.36275045558618, -1.3967290146791678 53.3627059498508, -1.397153577319425 53.3623059100122, -1.3974476253986778 53.362791447608195, -1.3980825917015223 53.362577724227116, -1.3984594589192336 53.363028530671556, -1.4002780329521372 53.363580220821376, -1.399493603066945 53.364161671308786, -1.399568140222436 53.36475184847508, -1.3999681226584075 53.36534404592619, -1.3992661580409886 53.3661489829618, -1.397456426042886 53.36703605286429, -1.3959644366938169 53.3672562186425, -1.3959112223557342 53.36748781426548, -1.3945146872496985 53.36715861191579, -1.3932748342094035 53.36683536682217, -1.3903716196428837 53.36537356282733))",48.94532570185558,46.19558830287497,85.79180684819633,9.349107156534222,76.44269969166211,5992.643695491113,5215.041514519245,71.89697500828306,73.39384289465616,0.1744647790639905,10,599.2643695491113,455.3282740171565,521.5041514519245,444.0343791866445,7.1896975008283075,7.735311754753059,7.339384289465616,4.950287523627101,7.189697500828307,7.339384289465616,29,E01007967,0.5039,E01007967,"1,818",1818.0,-777.6021809718686,1.4968678863730958,-77.7602180971868,0.14968678863730833,-11.293894830511988,-2.7850242311259583,Increased,Increased,Reduced,0.017446477906399048
138,E01007968,Sheffield 049C,Sheffield 049C,441368,384945,-1.37988,53.3598,64a01287-3f1a-44d6-99e3-3246e06401ca,"POLYGON ((-1.3784991668389648 53.357068801029264, -1.3789586240428922 53.35392271116209, -1.380116796657143 53.35423524678512, -1.3829737458883011 53.35627142202111, -1.3846067290496458 53.35612921541581, -1.3852216746453596 53.3557580187711, -1.3857313305973096 53.355878403631785, -1.3856799275229934 53.35684140284641, -1.383449784350274 53.35660685206804, -1.3831472938405314 53.35749360509363, -1.3813755201188977 53.357793014560364, -1.3811824620078046 53.358322221339826, -1.3818235626382578 53.35878548389543, -1.3817278694884656 53.35927123590843, -1.3842650388310294 53.35940075929699, -1.3848732133527595 53.35940951177042, -1.383760460928599 53.36229059719377, -1.3833981655860716 53.364846550927126, -1.3807683337360832 53.3652591090596, -1.3805814346932137 53.36572649908204, -1.3753351656819908 53.36317865905088, -1.3794389523518036 53.36252419062599, -1.3794728449420703 53.361078173208334, -1.3790937140711892 53.35987255246776, -1.378544528394092 53.35902720962142, -1.3776235636788858 53.35901239497905, -1.3749503153478666 53.358900678754964, -1.374431745972386 53.3587770371862, -1.3741202229261078 53.35814913891445, -1.375337818473936 53.35811057093317, -1.3784991668389648 53.357068801029264))",21.264635885450367,26.76411068341167,47.66211491566461,0.36663165319742,47.29548326246719,3935.8952967249916,2303.728655513323,45.540121891059364,33.62894270476311,0.12013300361530246,6,655.9825494541652,542.1806906292675,383.95477591888715,411.652089441822,7.59002031517656,8.598585306925486,5.604823784127185,5.0051464622947535,7.59002031517656,5.604823784127185,18,E01007968,0.426,E01007968,"1,445",1445.0,-1632.1666412116688,-11.911179186296252,-272.0277735352781,-1.9851965310493753,-130.52860118744547,-3.5934388446307324,Reduced,Reduced,Reduced,0.020022167269217076
139,E01007969,Sheffield 044B,Sheffield 044B,442729,384492,-1.35949,53.3556,3a9b2c18-c3d5-4089-bbe9-dff5de9548ec,"POLYGON ((-1.3603023191971848 53.36034929075227, -1.3600119670702562 53.360123797500144, -1.3588466909824568 53.360162625055594, -1.3586725597213813 53.36069492224422, -1.3579693989373678 53.36099766093063, -1.3575561930699112 53.360612548931634, -1.3581903279506542 53.36012845621593, -1.3574766701263565 53.359824590747735, -1.3563042773337988 53.35835718598266, -1.354730546445278 53.35772264108992, -1.3530553514470567 53.35704656366714, -1.3544038472782214 53.35456973010731, -1.3508756528319559 53.3542227799172, -1.349828805247655 53.353759356806975, -1.3558568147982712 53.352062450973484, -1.359693318517818 53.350998472496386, -1.3625740832543336 53.351266507777446, -1.3625385164426167 53.352496011199115, -1.3638448622803072 53.35467563097995, -1.3645985182777542 53.354826934175726, -1.3666817501351254 53.35618631919557, -1.3679819634832833 53.35644534370613, -1.3674371952796571 53.35765152162593, -1.3674121039121714 53.35792859361714, -1.3681333702325342 53.357972511480064, -1.3689381079888905 53.35813006181835, -1.3691560399595843 53.35816633253443, -1.3671572764352309 53.3585708667401, -1.3656760135517998 53.35814952326118, -1.364052375046656 53.35923700910687, -1.36371489577335 53.359404115783576, -1.3627227361761205 53.35878824403358, -1.3615507918180325 53.35934038450497, -1.3606116908748487 53.36099498459254, -1.3597158285353919 53.361081919222435, -1.3603023191971848 53.36034929075227))",46.745535782671055,61.960749390364036,105.58991612085703,3.1163690521780723,102.47354706867895,7663.306118090529,6688.751428626665,84.62311467143913,77.25210930615918,0.3003480983209903,8,957.913264761316,873.1582538226955,836.0939285783331,761.44551418251,10.577889333929893,8.848286158016178,9.656513663269898,8.59875208087421,10.57788933392989,9.656513663269898,38,E01007969,0.681,E01007969,"1,652",1652.0,-974.5546894638637,-7.371005365279942,-121.81933618298285,-0.9213756706599945,-111.71273964018553,-0.24953407714196807,Reduced,Reduced,Reduced,0.03754351229012379
140,E01007970,Sheffield 049D,Sheffield 049D,441895,384455,-1.37202,53.3553,c537d761-bf37-459f-93b9-e8179d22a021,"POLYGON ((-1.3736801150156885 53.35981629806185, -1.3720276081622322 53.35976777174294, -1.3717312189409716 53.35978340818585, -1.37137686348739 53.359803898302445, -1.3709910496252742 53.35943606845312, -1.3707858671405544 53.35908442525435, -1.3712244120476493 53.35887251487187, -1.369786266692871 53.35819646498312, -1.3691560399595843 53.35816633253443, -1.3689381079888905 53.35813006181835, -1.3681333702325342 53.357972511480064, -1.3674121039121714 53.35792859361714, -1.3674371952796571 53.35765152162593, -1.3679819634832833 53.35644534370613, -1.3666817501351254 53.35618631919557, -1.3645985182777542 53.354826934175726, -1.3638448622803072 53.35467563097995, -1.3625385164426167 53.352496011199115, -1.3625740832543336 53.351266507777446, -1.3665295639409323 53.35080678947218, -1.367981874581981 53.35138954814655, -1.3713697120596928 53.35198550188873, -1.37257220800309 53.35235589062198, -1.373761562506264 53.35221112302258, -1.3740676107084644 53.35250840483513, -1.374355672868226 53.352232943245184, -1.3757008892568758 53.35260769756187, -1.376806948508724 53.3525779923867, -1.3770337719847001 53.35196042878819, -1.3775933651793788 53.35221952741295, -1.378407281233425 53.35198383437194, -1.3789586240428922 53.35392271116209, -1.3784991668389648 53.357068801029264, -1.375337818473936 53.35811057093317, -1.3741202229261078 53.35814913891445, -1.374431745972386 53.3587770371862, -1.3736801150156885 53.35981629806185))",35.56327036014975,51.3284314476388,80.6589637034324,6.232738104356143,74.42622559907626,6825.349870519122,4353.055749794671,74.25998727949452,53.99832273185563,0.16463667478708055,10,682.5349870519123,710.2050094866615,435.3055749794671,428.73424363908146,7.425998727949453,8.594554454500267,5.399832273185563,5.0051464622947535,7.425998727949453,5.399832273185563,34,E01007970,0.6749,E01007970,"1,517",1517.0,-2472.294120724451,-20.261664547638894,-247.22941207244514,-2.0261664547638896,-281.4707658475801,-3.5894079922055138,Reduced,Reduced,Reduced,0.016463667478708054
141,E01007971,Sheffield 037C,Sheffield 037C,441549,385989,-1.37702,53.3691,bd76d6cb-42a6-47d4-863d-1b2c99fcf1af,"POLYGON ((-1.3707480135367847 53.370074834839826, -1.3716471555410765 53.36838255447521, -1.3723420888640572 53.368485984217436, -1.3723139592473756 53.36784537824405, -1.371816766823075 53.36772825247291, -1.372375199734136 53.36741276545359, -1.3725281795100939 53.36628796067563, -1.3733829244805191 53.36620156614674, -1.3737579977047891 53.36646185001512, -1.3743885611711029 53.36619943832704, -1.3774541495671406 53.367080276695816, -1.3804381470501532 53.36608480276014, -1.3805814346932137 53.36572649908204, -1.3836328793218131 53.366385280710816, -1.3824359248335814 53.36834855117349, -1.3827517316943183 53.369106425733236, -1.3831630251215576 53.369610770440886, -1.3857856386761025 53.370451046146506, -1.3863640147259426 53.37109271138331, -1.3833964404562946 53.37182052084061, -1.381994316772752 53.37220371762554, -1.3797904386363316 53.3725793571844, -1.3747715778612444 53.37189570515602, -1.3734826388317578 53.371596635891486, -1.3707688603247672 53.37008905703236, -1.3707480135367847 53.370074834839826))",57.19453789879755,55.36137963281043,96.42412479092147,16.1317927406865,80.29233205023496,5062.185058727808,4196.369017598211,53.528725480006095,45.30918389356626,0.12061946522713869,10,506.21850587278084,393.559792540544,419.63690175982117,335.98625682789645,5.35287254800061,4.148805616140437,4.530918389356626,3.9699192935302388,5.35287254800061,4.530918389356626,26,E01007971,0.504,E01007971,"1,500",1500.0,-865.8160411295967,-8.219541586439838,-86.58160411295967,-0.821954158643984,-57.57353571264753,-0.178886322610198,Reduced,Reduced,Reduced,0.01206194652271387
142,E01007972,Sheffield 044C,Sheffield 044C,442451,385679,-1.36351,53.3663,4e5c4a1e-58b5-430c-8ed1-2f8ffefdb429,"POLYGON ((-1.3707480135367847 53.370074834839826, -1.3670934508159642 53.36760598071842, -1.3652592374463544 53.36716482792398, -1.3637039230454082 53.366790724245476, -1.361085254842192 53.36657346586174, -1.3602516985308837 53.3665042975279, -1.3588205011732648 53.36643578562441, -1.3574166278903699 53.36643612272939, -1.35440308919494 53.36636708663915, -1.354796762981952 53.36586883635665, -1.3565000071072901 53.36582190997545, -1.3567280333131864 53.36558792036916, -1.3561392517407198 53.365083975547336, -1.356914704298694 53.36464682158431, -1.3551775248125983 53.363688445792214, -1.3562511666098274 53.36318716561391, -1.3584862861026525 53.36466393094262, -1.359257078902479 53.364371439824545, -1.3638081678416425 53.363955323285154, -1.3665612876502393 53.36363640389688, -1.3700542020823585 53.362940885407944, -1.3718916218400894 53.36256890121767, -1.3734335982542578 53.362963519022934, -1.3753351656819908 53.36317865905088, -1.3805814346932137 53.36572649908204, -1.3804381470501532 53.36608480276014, -1.3774541495671406 53.367080276695816, -1.3743885611711029 53.36619943832704, -1.3737579977047891 53.36646185001512, -1.3733829244805191 53.36620156614674, -1.3725281795100939 53.36628796067563, -1.372375199734136 53.36741276545359, -1.371816766823075 53.36772825247291, -1.3723139592473756 53.36784537824405, -1.3723420888640572 53.368485984217436, -1.3716471555410765 53.36838255447521, -1.3707480135367847 53.370074834839826))",38.313007759130414,44.362430036887815,79.55906874384016,3.1163690521780696,76.44269969166209,3620.2833339167637,3338.104545600995,37.3338730403897,36.00635211420667,0.0881675230288504,8,452.53541673959546,343.2397534734795,417.2630682001244,314.918481301506,4.666734130048711,3.5449898288659405,4.500794014275834,3.7174528638625484,4.666734130048712,4.500794014275834,21,E01007972,0.6035,E01007972,"1,370",1370.0,-282.17878831576854,-1.327520926183027,-35.27234853947107,-0.16594011577287748,-28.321272171973476,0.17246303499660787,Reduced,Reduced,Increased,0.0110209403786063
143,E01007973,Sheffield 037D,Sheffield 037D,440743,385911,-1.38914,53.3685,2a26eeb0-57d0-4e79-ba10-f0881fa27667,"POLYGON ((-1.3824359248335814 53.36834855117349, -1.3836328793218131 53.366385280710816, -1.386607033142591 53.36683389739787, -1.3887567492544637 53.36630723965863, -1.3892177005262463 53.36559813818782, -1.3903716196428837 53.36537356282733, -1.3932748342094035 53.36683536682217, -1.3945146872496985 53.36715861191579, -1.3959112223557342 53.36748781426548, -1.3959644366938169 53.3672562186425, -1.397456426042886 53.36703605286429, -1.3961080931900285 53.36833856132346, -1.393662752401058 53.36992039260412, -1.3927616132755236 53.37016508539658, -1.39084174111387 53.37033771301293, -1.3883617796423287 53.371486396294806, -1.3879934842901265 53.37163440584635, -1.3872125408758127 53.371220532367616, -1.3863640147259426 53.37109271138331, -1.3857856386761025 53.370451046146506, -1.3831630251215576 53.369610770440886, -1.3827517316943183 53.369106425733236, -1.3824359248335814 53.36834855117349))",17.23168770027874,17.04837187368003,33.54679626756393,0.73326330639484,32.81353296116909,3370.0721619737837,2007.2214372888473,34.73080396193713,20.79695357076734,0.03550243915073934,6,561.6786936622973,319.7891808445405,334.53690621480786,366.15988896998954,5.7884673269895215,3.4536893799697728,3.466158928461223,3.6394628997589176,5.7884673269895215,3.466158928461223,33,E01007973,0.3683,E01007973,"1,523",1523.0,-1362.8507246849365,-13.933850391169788,-227.14178744748943,-2.3223083985282984,46.37070812544903,0.1857735197891448,Reduced,Reduced,Increased,0.0059170731917898905
144,E01007974,Sheffield 044D,Sheffield 044D,443441,384883,-1.34874,53.3591,5fe26407-e666-4b21-a65c-b7cf41060b54,"POLYGON ((-1.3496128830643666 53.36455886180922, -1.3460159819026976 53.36222409370829, -1.345028587098549 53.36117344816446, -1.3404060991511053 53.35846654020236, -1.3390066953752413 53.355776491832806, -1.343061102179911 53.35591852660669, -1.3440124982874195 53.35624454934301, -1.3449047660289863 53.35522219092045, -1.3461843799561057 53.35515361793468, -1.34824600574358 53.354355601278364, -1.349828805247655 53.353759356806975, -1.3508756528319559 53.3542227799172, -1.3544038472782214 53.35456973010731, -1.3530553514470567 53.35704656366714, -1.354730546445278 53.35772264108992, -1.3563042773337988 53.35835718598266, -1.3574766701263565 53.359824590747735, -1.3581903279506542 53.36012845621593, -1.3575561930699112 53.360612548931634, -1.3569533475504059 53.360710359421994, -1.3564455469703507 53.36246867804287, -1.358237236992432 53.362235623798824, -1.3584760523988508 53.362533159109006, -1.3562511666098274 53.36318716561391, -1.3551775248125983 53.363688445792214, -1.356914704298694 53.36464682158431, -1.3561392517407198 53.365083975547336, -1.3567280333131864 53.36558792036916, -1.3565000071072901 53.36582190997545, -1.354796762981952 53.36586883635665, -1.35440308919494 53.36636708663915, -1.3527561305080218 53.3663624949314, -1.351946263378695 53.36644265102367, -1.3496498601510771 53.36458391716757, -1.3496128830643666 53.36455886180922))",34.463375400557496,22.547846671641352,55.911327112606585,1.09989495959226,54.81143215301432,7241.928859577289,6670.67878203655,80.43481621123622,77.07247541193284,0.29466983179642997,8,905.2411074471609,727.287568856842,833.834847754569,741.6829445177125,10.05435202640453,7.228907928053475,9.634059426491604,8.58518998415311,10.054352026404528,9.634059426491605,39,E01007974,0.967,E01007974,"1,371",1371.0,-571.2500775407389,-3.3623407993033823,-71.4062596925919,-0.42029259991292633,14.395375660870513,1.3562820560996354,Reduced,Reduced,Increased,0.036833728974553746
145,E01007975,Sheffield 051A,Sheffield 051A,435557,385023,-1.46718,53.3609,e90d2377-b153-4ba4-a472-d2833408b2aa,"POLYGON ((-1.4661274851012556 53.362980676513644, -1.4629730413442554 53.36082814626583, -1.4629205741722404 53.36081394901742, -1.4624408520376981 53.360669218514566, -1.462867921252088 53.36043400758857, -1.4634422262982572 53.360598876365174, -1.4649108690585118 53.359770601783815, -1.4646437552379628 53.35947018775054, -1.4638043322099281 53.35942581056144, -1.4638450983561737 53.359200520262014, -1.4641118444223093 53.35838590925992, -1.4636355740295082 53.35835948347693, -1.4644808099646784 53.35624026374762, -1.465792516445771 53.356679836399046, -1.46710015137664 53.356640735306584, -1.4670992629184227 53.35671199402373, -1.4659983627174522 53.357303316785924, -1.466531070586161 53.35816039137543, -1.4672343787323925 53.35803797656616, -1.4684927402519652 53.3580352064664, -1.46853247105994 53.35841909424072, -1.4696920591854667 53.35832253286925, -1.4695644106955215 53.35884200441984, -1.4699990376281253 53.35913452629464, -1.471881156456656 53.3600327486319, -1.4705619524411884 53.3609976898298, -1.46961301137034 53.3611822423071, -1.4682329464171824 53.36220081978561, -1.4693370997068766 53.3628708204527, -1.4709407056491104 53.361961161957105, -1.4718733942455027 53.36196003185418, -1.4719206518477064 53.36239845908503, -1.4686730065723612 53.36427298933009, -1.4684707863615467 53.36470886044199, -1.4661274851012556 53.362980676513644))",30.063795562188442,40.329481851716196,67.64354001492399,2.749737398980649,64.89380261594334,7698.932596837672,6482.549707923364,139.8344013993784,120.27826709955248,0.6553705501233994,10,769.8932596837672,875.5154858052449,648.2549707923365,580.3852934278004,13.98344013993784,15.05984275967455,12.027826709955248,13.046292373786143,13.98344013993784,12.027826709955248,120,E01007975,0.2718,E01007975,"1,530",1530.0,-1216.3828889143078,-19.556134299825928,-121.63828889143065,-1.9556134299825931,-295.1301923774445,-2.013550385888408,Reduced,Reduced,Reduced,0.06553705501233995
146,E01007976,Sheffield 051B,Sheffield 051B,435998,384552,-1.4606,53.3566,05258b21-e382-4523-9cc3-e60bb9463a18,"POLYGON ((-1.4614790766831962 53.36058769366465, -1.4591592784155942 53.35981569005805, -1.4588460949340287 53.359724630217684, -1.4585210169478442 53.35926652900887, -1.4593452777038207 53.35918564369707, -1.4594476872340152 53.35908029193545, -1.4589379667309281 53.358708366819116, -1.4596925082267969 53.35822853981454, -1.4585937012187304 53.357919896688266, -1.4588407958320593 53.357673754566186, -1.459189435105682 53.357252360033634, -1.457766134318732 53.35684961920766, -1.4577601952234562 53.35628576466267, -1.4584585574613884 53.3557232005519, -1.456472371680106 53.35472336573594, -1.4563133587806008 53.353836217055914, -1.456918617632906 53.35233329385338, -1.4597861931924285 53.35283260137892, -1.4607607267234655 53.352989814842665, -1.4641580450073546 53.35337777249847, -1.4646972353906171 53.35302776929988, -1.4648279683565018 53.353317019686706, -1.4640103080956821 53.3543479202742, -1.4636785804189936 53.35564115963596, -1.4641367845032605 53.35597372353182, -1.4644808099646784 53.35624026374762, -1.4636355740295082 53.35835948347693, -1.4641118444223093 53.35838590925992, -1.4638450983561737 53.359200520262014, -1.4638043322099281 53.35942581056144, -1.4646437552379628 53.35947018775054, -1.4649108690585118 53.359770601783815, -1.4634422262982572 53.360598876365174, -1.462867921252088 53.36043400758857, -1.4624408520376981 53.360669218514566, -1.4614790766831962 53.36058769366465))",26.214163203615534,21.997899191845228,46.562219956072376,1.64984243938839,44.91237751668399,6655.002821410007,5028.190860258126,128.4312482145207,97.77300953753897,0.5204024053794327,8,831.8753526762507,879.9971712702586,628.5238575322658,580.3852934278004,16.05390602681509,17.067140063408853,12.221626192192373,13.131046564418398,16.05390602681509,12.221626192192371,26,E01007976,0.3323,E01007976,"1,405",1405.0,-1626.8119611518805,-30.65823867698174,-203.35149514398495,-3.8322798346227156,-299.61187784245817,-3.9360934989904557,Reduced,Reduced,Reduced,0.06505030067242909
147,E01007977,Sheffield 051C,Sheffield 051C,436505,384459,-1.453,53.3558,65674449-ead4-40f7-92a9-97eddb0ddda6,"POLYGON ((-1.4462584256305404 53.35671772758501, -1.4474274474861526 53.355905841408074, -1.449179447066456 53.35629860905249, -1.448259203821952 53.35552375571998, -1.4495302006802953 53.35564258311492, -1.450039593218796 53.356060012387495, -1.4504655695421487 53.355648491342784, -1.4518205860659636 53.35500752998526, -1.4514593269451008 53.35459228095789, -1.4518976751612318 53.3542330406885, -1.451215632703172 53.35355475450977, -1.450577047012811 53.3532631489029, -1.44997649300724 53.353501713988955, -1.4498736707653093 53.35315040956047, -1.4484601929436507 53.35273676184907, -1.448033957862036 53.35197885656465, -1.448432631137569 53.351276241509545, -1.4484639712526302 53.35125275484962, -1.4491313122884044 53.350813337238456, -1.4511783281021804 53.3514017736787, -1.4511999655998167 53.352167894227655, -1.4530118475115712 53.353657373386675, -1.4542499731008791 53.354211738384, -1.4555537582947704 53.35517341349617, -1.456472371680106 53.35472336573594, -1.4584585574613884 53.3557232005519, -1.4577601952234562 53.35628576466267, -1.457766134318732 53.35684961920766, -1.459189435105682 53.357252360033634, -1.4588407958320593 53.357673754566186, -1.4585937012187304 53.357919896688266, -1.4596925082267969 53.35822853981454, -1.4589379667309281 53.358708366819116, -1.4594476872340152 53.35908029193545, -1.4593452777038207 53.35918564369707, -1.4585210169478442 53.35926652900887, -1.4588460949340287 53.359724630217684, -1.4558602495230983 53.35831096789413, -1.4526751699148712 53.357808800875304, -1.4515684148899428 53.35765899448197, -1.4504563546579234 53.35749388601745, -1.447269407252165 53.357014069136035, -1.4462584256305404 53.35671772758501))",8.98247550333679,8.615843850139369,17.415003526877445,0.18331582659871,17.231687700278734,6822.912001281273,5181.528365719333,113.02774118175057,85.83672879504282,0.43679821316628503,8,852.8640001601591,820.1207130798266,647.6910457149166,593.451456565434,14.128467647718821,13.586045324690105,10.729591099380352,9.831062986597878,14.128467647718821,10.729591099380352,26,E01007977,0.3119,E01007977,"1,487",1487.0,-1641.3836355619396,-27.191012386707754,-205.17295444524245,-3.3988765483384693,-226.6692565143926,-3.7549823380922263,Reduced,Reduced,Reduced,0.05459977664578563
148,E01007978,Sheffield 053A,Sheffield 053A,435208,384761,-1.47245,53.3586,7f0b12d3-df47-45bb-82a2-aae77c648a7f,"POLYGON ((-1.4682329464171824 53.36220081978561, -1.46961301137034 53.3611822423071, -1.4705619524411884 53.3609976898298, -1.471881156456656 53.3600327486319, -1.4699990376281253 53.35913452629464, -1.4695644106955215 53.35884200441984, -1.4696920591854667 53.35832253286925, -1.46853247105994 53.35841909424072, -1.4684927402519652 53.3580352064664, -1.4672343787323925 53.35803797656616, -1.466531070586161 53.35816039137543, -1.4659983627174522 53.357303316785924, -1.4670992629184227 53.35671199402373, -1.468003809077911 53.357112789882315, -1.4688683765365116 53.35703835550922, -1.4697771821283412 53.35642793340382, -1.4713913527196867 53.356880777954956, -1.4715609484882741 53.35658819927996, -1.4708560458456705 53.35561416884088, -1.4708191178727756 53.35540165534836, -1.4711779030729404 53.35507202787311, -1.470121950680476 53.354221030510516, -1.473451514974118 53.355861299137565, -1.4746880385743906 53.35648954728592, -1.475466229436841 53.35685755091697, -1.4760499896793005 53.35711705647363, -1.4750693629979825 53.357518402261576, -1.4757566721114792 53.357880431353465, -1.4750316361757303 53.358085919589094, -1.475626733000855 53.358489242681195, -1.4745224148416307 53.35874120540521, -1.4752992700373013 53.35897277313463, -1.475061487418766 53.35922879673724, -1.474550593453737 53.35960475055678, -1.4751512122702333 53.359914599458016, -1.474792051277522 53.36025563468087, -1.47360245872751 53.36202236220354, -1.4719206518477064 53.36239845908503, -1.4718733942455027 53.36196003185418, -1.4709407056491104 53.361961161957105, -1.4693370997068766 53.3628708204527, -1.4682329464171824 53.36220081978561))",50.045220661447836,45.09569334328264,92.39117660574982,2.74973739898065,89.64143920676916,5772.535459635321,4589.163227078012,97.73078400693751,79.91234708628642,0.5292688420499043,8,721.5669324544151,864.584627771575,573.6454033847515,540.3516678260225,12.216348000867189,14.322630501336423,9.989043385785802,8.951416703996443,12.216348000867189,9.989043385785802,248,E01007978,0.264,E01007978,"1,548",1548.0,-1183.372232557309,-17.818436920651095,-147.92152906966362,-2.227304615081387,-324.23295994555247,-5.37121379733998,Reduced,Reduced,Reduced,0.06615860525623804
149,E01007979,Sheffield 051D,Sheffield 051D,437050,384126,-1.44485,53.3527,bbc0efdc-2173-40e7-abdf-cca7bb516e98,"POLYGON ((-1.4438039066555743 53.35595394437873, -1.4412865972717785 53.35542475551819, -1.4411934790989704 53.35536368170308, -1.4416213867855217 53.35298628977539, -1.4410203234238166 53.35248937489803, -1.441123016747054 53.35181872841845, -1.4378026093335687 53.35107474644748, -1.4387540607316878 53.35082173952412, -1.4387654428147532 53.35052118208911, -1.4398363370242073 53.35024047625152, -1.4400719926909382 53.35001233234245, -1.4424014478198468 53.35073920549569, -1.4427164180247143 53.35141403238352, -1.4432219982917605 53.351532732340424, -1.4432728881182308 53.35238116615697, -1.4441462483238636 53.35201706471237, -1.4436837896595465 53.35032271550344, -1.4416704053935987 53.34965315687282, -1.4421661236887466 53.34887951948532, -1.443007571313317 53.348861631945034, -1.444382458165237 53.34894001059232, -1.4476011180093105 53.35059623684919, -1.4491313122884044 53.350813337238456, -1.4484639712526302 53.35125275484962, -1.448432631137569 53.351276241509545, -1.448033957862036 53.35197885656465, -1.4484601929436507 53.35273676184907, -1.4498736707653093 53.35315040956047, -1.44997649300724 53.353501713988955, -1.450577047012811 53.3532631489029, -1.451215632703172 53.35355475450977, -1.4518976751612318 53.3542330406885, -1.4514593269451008 53.35459228095789, -1.4518205860659636 53.35500752998526, -1.4504655695421487 53.355648491342784, -1.450039593218796 53.356060012387495, -1.4495302006802953 53.35564258311492, -1.448259203821952 53.35552375571998, -1.449179447066456 53.35629860905249, -1.4474274474861526 53.355905841408074, -1.4462584256305404 53.35671772758501, -1.4438985348807498 53.35596747271312, -1.4438039066555743 53.35595394437873))",10.63231794272518,15.398529434291634,25.664215723819392,0.36663165319742,25.297584070621973,5917.408203936071,4445.2949290766655,98.0272474297856,73.64035248085744,0.26947116047138164,8,739.6760254920088,766.8585028348725,555.6618661345833,549.415956652059,12.253405928723199,12.703708382164063,9.20504406010718,9.101574890300677,12.2534059287232,9.20504406010718,23,E01007979,0.3964,E01007979,"1,740",1740.0,-1472.1132748594055,-24.38689494892816,-184.01415935742546,-3.048361868616018,-217.44254618281354,-3.602133491863386,Reduced,Reduced,Reduced,0.033683895058922705
150,E01007980,Sheffield 053B,Sheffield 053B,435541,384373,-1.46749,53.3551,dfc12279-1db2-454b-b096-4b4e7c81986a,"POLYGON ((-1.4670992629184227 53.35671199402373, -1.46710015137664 53.356640735306584, -1.465792516445771 53.356679836399046, -1.4644808099646784 53.35624026374762, -1.4641367845032605 53.35597372353182, -1.4636785804189936 53.35564115963596, -1.4640103080956821 53.3543479202742, -1.4648279683565018 53.353317019686706, -1.4657167095129493 53.35354031576002, -1.466848475828545 53.352987227503725, -1.4678618614221917 53.353424240984836, -1.4669901039294035 53.3543653659516, -1.470121950680476 53.354221030510516, -1.4711779030729404 53.35507202787311, -1.4708191178727756 53.35540165534836, -1.4708560458456705 53.35561416884088, -1.4715609484882741 53.35658819927996, -1.4713913527196867 53.356880777954956, -1.4697771821283412 53.35642793340382, -1.4688683765365116 53.35703835550922, -1.468003809077911 53.357112789882315, -1.4670992629184227 53.35671199402373))",49.86190483484913,39.96285019851878,86.1584385013937,3.6663165319742,82.4921219694195,1976.1987075885056,1694.1018879906678,40.731506568721116,33.54054276391866,0.0479415844827208,4,494.0496768971264,505.5434044077565,423.52547199766695,350.4136629259715,10.182876642180279,8.37478617030539,8.385135690979665,8.214306885774317,10.182876642180279,8.385135690979665,47,E01007980,0.1503,E01007980,"1,472",1472.0,-282.0968195978378,-7.190963804802458,-70.52420489945945,-1.7977409512006144,-155.129741481785,-0.16047928453107296,Reduced,Reduced,Reduced,0.0119853961206802
151,E01007981,Sheffield 053C,Sheffield 053C,434811,384444,-1.47845,53.3558,0361c6f1-a162-43d0-a11c-94e5fadaf6f9,"POLYGON ((-1.4745224148416307 53.35874120540521, -1.475626733000855 53.358489242681195, -1.4750316361757303 53.358085919589094, -1.4757566721114792 53.357880431353465, -1.4750693629979825 53.357518402261576, -1.4760499896793005 53.35711705647363, -1.475466229436841 53.35685755091697, -1.4746880385743906 53.35648954728592, -1.473451514974118 53.355861299137565, -1.470121950680476 53.354221030510516, -1.4669901039294035 53.3543653659516, -1.4678618614221917 53.353424240984836, -1.466848475828545 53.352987227503725, -1.468039696425475 53.3521541065076, -1.467972345547508 53.35170404582059, -1.4680486412881493 53.351656215068864, -1.4686327309714673 53.351522159850454, -1.4696729221154947 53.351510631372776, -1.469915798946942 53.35251844864868, -1.4705762004154865 53.352397477684256, -1.472622185708059 53.35282171212651, -1.4730005976758516 53.3524191997011, -1.4759761625301169 53.35274650952163, -1.4780170122414826 53.352552482458684, -1.478354777420944 53.35194569069607, -1.478596522902372 53.351978108214595, -1.4792017640972583 53.3523337685526, -1.4787838691916357 53.352711714794964, -1.479546887785161 53.35298307789772, -1.4808089673295997 53.354225295731645, -1.481711561193837 53.35385658875933, -1.4813900451891657 53.353532910845246, -1.4821063823616725 53.353131257103534, -1.4828830156853476 53.35310663192222, -1.4836089274650575 53.35443025387285, -1.4835903177886818 53.3547258217222, -1.4840045423523855 53.35475458749308, -1.4834461481069396 53.35546675038032, -1.484091826689198 53.35611929184168, -1.483366592112691 53.35622148637315, -1.4831354145981896 53.35695042909626, -1.4823613176470811 53.357169263984744, -1.4792705295971624 53.35799589937411, -1.479480906066387 53.35856693999315, -1.4789552713367586 53.35855119160292, -1.476753985612092 53.3597845278015, -1.4751512122702333 53.359914599458016, -1.474550593453737 53.35960475055678, -1.475061487418766 53.35922879673724, -1.4752992700373013 53.35897277313463, -1.4745224148416307 53.35874120540521))",147.5692404119616,131.62076349787392,261.22505290316195,17.964951006673584,243.26010189648838,11075.561162961569,10190.157412074379,183.4767413583501,168.80922315236486,0.8438753404205562,18,615.3089534978649,522.2655067689385,566.1198562263543,466.2018420352045,10.193152297686115,8.651803000852118,9.378290175131381,7.72305741743629,10.193152297686117,9.378290175131381,336,E01007981,0.4866,E01007981,"1,506",1506.0,-885.4037508871897,-14.667518205985232,-49.189097271510605,-0.8148621225547341,-56.063664733734015,-0.9287455834158278,Reduced,Reduced,Reduced,0.046881963356697566
152,E01007982,Sheffield 054A,Sheffield 054A,437528,383931,-1.43769,53.351,5e25ea42-2890-41fc-8137-1ad55f8f4235,"POLYGON ((-1.4346253770242163 53.35506836011751, -1.4334268633962437 53.35412028075049, -1.4324473032879832 53.35344198474527, -1.431393735433165 53.35174185492554, -1.4312236806962195 53.35109110392237, -1.4322941690578788 53.34984579016864, -1.4336206399183942 53.350180179242216, -1.4345526393183794 53.34910397691291, -1.4336612747703454 53.348141343788406, -1.434878218895516 53.346963541570304, -1.4355625467673907 53.347186329066254, -1.437049529195244 53.34746907944086, -1.4398127333452586 53.34845573778974, -1.4421661236887466 53.34887951948532, -1.4416704053935987 53.34965315687282, -1.4436837896595465 53.35032271550344, -1.4441462483238636 53.35201706471237, -1.4432728881182308 53.35238116615697, -1.4432219982917605 53.351532732340424, -1.4427164180247143 53.35141403238352, -1.4424014478198468 53.35073920549569, -1.4400719926909382 53.35001233234245, -1.4398363370242073 53.35024047625152, -1.4387654428147532 53.35052118208911, -1.4387540607316878 53.35082173952412, -1.4378026093335687 53.35107474644748, -1.441123016747054 53.35181872841845, -1.4410203234238166 53.35248937489803, -1.4416213867855217 53.35298628977539, -1.4411934790989704 53.35536368170308, -1.4392111946814559 53.354232404144504, -1.437252050052741 53.354162072685, -1.4372189191187337 53.354166896309124, -1.434833726343876 53.3558982259791, -1.433996997126016 53.35543673548025, -1.4346253770242163 53.35506836011751))",17.96495100667358,23.831057457832312,40.696113504913626,1.09989495959226,39.59621854532136,3102.8460758834303,2787.005746711213,51.40146657701326,46.16928433961492,0.1379336206542477,8,387.85575948542885,259.2713260559085,348.37571833890166,252.64199508369052,6.425183322126658,4.295065264185338,5.771160542451865,4.185244368767765,6.425183322126657,5.771160542451865,52,E01007982,0.4446,E01007982,"1,940",1940.0,-315.8403291722175,-5.232182237398341,-39.480041146527185,-0.6540227796747935,-6.629330972217986,-0.109820895417573,Reduced,Reduced,Reduced,0.01724170258178096
153,E01007983,Sheffield 053D,Sheffield 053D,434655,383984,-1.48084,53.3516,dfa38e50-9a20-4da6-a08b-6edd8e8136ad,"POLYGON ((-1.4836089274650575 53.35443025387285, -1.4828830156853476 53.35310663192222, -1.4821063823616725 53.353131257103534, -1.4813900451891657 53.353532910845246, -1.481711561193837 53.35385658875933, -1.4808089673295997 53.354225295731645, -1.479546887785161 53.35298307789772, -1.4787838691916357 53.352711714794964, -1.4792017640972583 53.3523337685526, -1.478596522902372 53.351978108214595, -1.478354777420944 53.35194569069607, -1.4775047877953285 53.35183283325608, -1.4773283615650963 53.351543792352615, -1.47739444516888 53.35054363504371, -1.4768542011032613 53.350451912332176, -1.4776602077347003 53.34987606265438, -1.4778592072941434 53.3491467147081, -1.4771609254203775 53.34865028520056, -1.4774209448890245 53.348553913580474, -1.4779619510342736 53.34834760641341, -1.4797388961570108 53.34886666843673, -1.4788162352468277 53.3474161854557, -1.4793481793304915 53.34725782335032, -1.480661473730245 53.34918770843533, -1.481027831533896 53.34887149089729, -1.4824741327715758 53.348733934783816, -1.482336981994219 53.348315912187914, -1.4815840650270522 53.34706445109232, -1.4820625094668347 53.34698746239804, -1.4821011328662483 53.34706280277746, -1.4834517123378452 53.349094436389905, -1.4835791716304778 53.34927993997953, -1.4848548753762374 53.35098149009718, -1.4837026096210664 53.35196170588582, -1.4846414170153805 53.352514640317516, -1.48328022821076 53.353656520228796, -1.4838017102701746 53.354231746099096, -1.4836089274650575 53.35443025387285))",44.912377516683954,35.563270360149765,78.64248961084662,1.8331582659871,76.80933134485953,5617.112485473902,4539.151854025853,93.05257580307313,75.19517778408269,0.040309457248888785,11,510.64658958853653,400.211898017243,412.6501685478048,388.013059191579,8.459325073006646,6.629873991992769,6.835925253098426,6.427789134787206,8.459325073006648,6.835925253098426,94,E01007983,0.2326,E01007983,"1,411",1411.0,-1077.9606314480488,-17.857398018990438,-97.99642104073172,-1.6233998199082196,-12.19883882566404,-0.20208485720556268,Reduced,Reduced,Reduced,0.003664496113535344
154,E01007984,Sheffield 064D,Sheffield 064D,435789,383873,-1.46382,53.3506,47e6886a-7c32-4cfc-a60c-c0786e1d5407,"POLYGON ((-1.4648279683565018 53.353317019686706, -1.4646972353906171 53.35302776929988, -1.4641580450073546 53.35337777249847, -1.4607607267234655 53.352989814842665, -1.4597861931924285 53.35283260137892, -1.456918617632906 53.35233329385338, -1.458114781990642 53.35146772773705, -1.460547800285202 53.35044335764154, -1.4634213568349999 53.34771009914281, -1.4643776676814964 53.34776924214389, -1.4651165647218833 53.34804104830304, -1.4669501657977795 53.347700161032506, -1.4683618951849273 53.347798095270754, -1.4689829438240547 53.34851431355988, -1.469487239123896 53.34850477993011, -1.4705228580777312 53.34841618133867, -1.47071343942833 53.349627153896265, -1.470294583538118 53.349796239949065, -1.4692138347721366 53.3490280941114, -1.46828054817475 53.34888559602309, -1.4678406205245844 53.349358286867606, -1.4679806874129375 53.34969623162788, -1.4672574643472134 53.350147738666934, -1.4682716184278575 53.3506900150986, -1.4679117098002223 53.35118650953159, -1.4686327309714673 53.351522159850454, -1.4680486412881493 53.351656215068864, -1.467972345547508 53.35170404582059, -1.468039696425475 53.3521541065076, -1.466848475828545 53.352987227503725, -1.4657167095129493 53.35354031576002, -1.4648279683565018 53.353317019686706))",20.89800423225294,24.93095241742458,42.52927177090074,3.2996848787767803,39.22958689212396,3129.580737980542,2581.54983211132,59.838328639759396,48.24192488954322,0.06156501676913911,6,521.5967896634237,576.691015196018,430.2583053518867,350.4136629259715,9.973054773293233,9.553411035519144,8.04032081492387,8.077361743244293,9.973054773293233,8.04032081492387,30,E01007984,0.3154,E01007984,"1,408",1408.0,-548.0309058692219,-11.596403750216176,-91.338484311537,-1.9327339583693632,-226.27735227004655,-1.4760492922748512,Reduced,Reduced,Reduced,0.010260836128189852
155,E01007985,Sheffield 053E,Sheffield 053E,435225,383856,-1.47229,53.3504,b541af79-342a-4d35-9c92-cc50c0e01658,"POLYGON ((-1.472622185708059 53.35282171212651, -1.4705762004154865 53.352397477684256, -1.469915798946942 53.35251844864868, -1.4696729221154947 53.351510631372776, -1.4686327309714673 53.351522159850454, -1.4679117098002223 53.35118650953159, -1.4682716184278575 53.3506900150986, -1.4672574643472134 53.350147738666934, -1.4679806874129375 53.34969623162788, -1.4678406205245844 53.349358286867606, -1.46828054817475 53.34888559602309, -1.4692138347721366 53.3490280941114, -1.470294583538118 53.349796239949065, -1.47071343942833 53.349627153896265, -1.4705228580777312 53.34841618133867, -1.471970341405026 53.34806465031278, -1.4735220102036732 53.3494181145588, -1.4746380955378624 53.34855369305381, -1.4741424271044974 53.34844079683665, -1.4754898984857014 53.34816996901854, -1.4765395238654317 53.34834908251027, -1.4773552194833848 53.348046804676805, -1.4774209448890245 53.348553913580474, -1.4771609254203775 53.34865028520056, -1.4778592072941434 53.3491467147081, -1.4776602077347003 53.34987606265438, -1.4768542011032613 53.350451912332176, -1.47739444516888 53.35054363504371, -1.4773283615650963 53.351543792352615, -1.4775047877953285 53.35183283325608, -1.478354777420944 53.35194569069607, -1.4780170122414826 53.352552482458684, -1.4759761625301169 53.35274650952163, -1.4730005976758516 53.3524191997011, -1.472622185708059 53.35282171212651))",24.74763659082585,20.164740925858094,43.9957983836904,0.91657913299355,43.07921925069685,7576.127624892955,6924.963389327154,125.50544286449905,114.71831521716551,0.2532200382415832,13,582.779048068689,374.059721344386,532.6894914867041,388.013059191579,9.654264835730697,6.196639405973782,8.824485785935808,6.427789134787206,9.654264835730697,8.824485785935808,29,E01007985,0.264,E01007985,"1,454",1454.0,-651.1642355658014,-10.787127647333534,-50.08955658198488,-0.8297790497948885,13.953337847192984,0.2311497288134241,Reduced,Reduced,Increased,0.019478464480121783
156,E01007986,Sheffield 059E,Sheffield 059E,434823,383363,-1.47839,53.346,d4f249ac-7b23-414a-9ed1-0933ef9e388e,"POLYGON ((-1.480661473730245 53.34918770843533, -1.4793481793304915 53.34725782335032, -1.4788162352468277 53.3474161854557, -1.4797388961570108 53.34886666843673, -1.4779619510342736 53.34834760641341, -1.4774209448890245 53.348553913580474, -1.4773552194833848 53.348046804676805, -1.47763619802362 53.34795838048412, -1.4742854180876594 53.345861926269606, -1.4751345221489067 53.345245463353855, -1.4760558205128886 53.34530660075639, -1.4760193496181628 53.34522477614719, -1.4756643275473351 53.344880081192734, -1.4781119157932066 53.343905916235435, -1.4781184593990104 53.343293442494065, -1.4800636995176268 53.34504849656406, -1.4806506980922423 53.345763046111244, -1.4820625094668347 53.34698746239804, -1.4815840650270522 53.34706445109232, -1.482336981994219 53.348315912187914, -1.4824741327715758 53.348733934783816, -1.481027831533896 53.34887149089729, -1.480661473730245 53.34918770843533))",50.228536488046565,49.1286415284543,95.69086148452666,3.666316531974197,92.02454495255246,7565.92244937678,6665.075838373766,121.33054920484815,107.40028943866116,0.10099471067907133,14,540.4230320983414,508.678499723818,476.0768455981261,426.8449736173115,8.666467800346297,8.42672187486924,7.671449245618654,7.071075106008784,8.666467800346297,7.671449245618654,54,E01007986,0.168,E01007986,"1,352",1352.0,-900.846611003014,-13.930259766186992,-64.34618650021531,-0.9950185547276424,-81.8335261065065,-1.3556467688604563,Reduced,Reduced,Reduced,0.007213907905647952
157,E01007987,Sheffield 016A,Sheffield 016A,432744,390787,-1.50885,53.4129,e248c717-88fc-47b9-9af7-aed61f504db5,"POLYGON ((-1.5111741114452462 53.416475566924056, -1.5085845805154354 53.414280169754804, -1.5081665654162548 53.41392973601276, -1.5065682143676131 53.412821239042316, -1.5069788528784327 53.412353376798876, -1.5089023338513847 53.41169643531228, -1.509483591947542 53.41153406115763, -1.508224265889256 53.41002114909744, -1.5079693418825402 53.4092897674355, -1.5089763819475437 53.409652238459095, -1.5090346080529702 53.41019526554546, -1.509848642400802 53.41043747155115, -1.5104697592162146 53.411108934031596, -1.5120765755173606 53.41107077861651, -1.5123124635030234 53.411816800428774, -1.5133914258220678 53.411978909233966, -1.515883495764668 53.41162414273247, -1.516056379500952 53.411850810043475, -1.5151657413933426 53.41244786311217, -1.516851569717716 53.41420160439168, -1.5156897751999814 53.414630032719245, -1.5138045530069062 53.41265336300189, -1.5129034069343732 53.41254298445578, -1.5124805071212761 53.41286974934033, -1.5116907055931375 53.412868268207, -1.5115049281348667 53.412674069031944, -1.5108626179665738 53.41298075379031, -1.5105491640449387 53.4131762853478, -1.5113755617101734 53.413709484325324, -1.5119912484255276 53.413723020416654, -1.5124076775522346 53.41451482987423, -1.511859151779382 53.41445953500334, -1.5112036497527168 53.414999638297864, -1.5116212725564213 53.4164201826786, -1.5111741114452462 53.416475566924056))",17.964951006673576,27.49737398980652,44.17911421028912,1.28321078619097,42.89590342409815,8225.656326410455,7600.905185215153,149.6918786253869,135.10679990125772,0.8536110879690102,10,822.5656326410456,935.131965622198,760.0905185215154,720.0140485524305,14.969187862538694,14.116359779632326,13.510679990125771,11.927687402640672,14.96918786253869,13.510679990125771,20,E01007987,0.1743,E01007987,"1,422",1422.0,-624.7511411953019,-14.585078724129175,-62.47511411953019,-1.4585078724129232,-215.1179170697675,-2.1886723769916543,Reduced,Reduced,Reduced,0.08536110879690102
158,E01007988,Sheffield 016B,Sheffield 016B,432077,390781,-1.51888,53.4129,32aa729b-2417-418b-9f7e-9031248274eb,"POLYGON ((-1.5112036497527168 53.414999638297864, -1.511859151779382 53.41445953500334, -1.5124076775522346 53.41451482987423, -1.5119912484255276 53.413723020416654, -1.5113755617101734 53.413709484325324, -1.5105491640449387 53.4131762853478, -1.5108626179665738 53.41298075379031, -1.5115049281348667 53.412674069031944, -1.5116907055931375 53.412868268207, -1.5124805071212761 53.41286974934033, -1.5129034069343732 53.41254298445578, -1.5138045530069062 53.41265336300189, -1.5156897751999814 53.414630032719245, -1.516851569717716 53.41420160439168, -1.5151657413933426 53.41244786311217, -1.516056379500952 53.411850810043475, -1.515883495764668 53.41162414273247, -1.5133914258220678 53.411978909233966, -1.5123124635030234 53.411816800428774, -1.5120765755173606 53.41107077861651, -1.5127084144256868 53.41091153459969, -1.5136308612812048 53.411127811112536, -1.5148295328685493 53.41089288535694, -1.5149273197767656 53.410305911112204, -1.5176693794141527 53.41074114872004, -1.5199071885657147 53.410356198034975, -1.5201720185307874 53.409770097347284, -1.5208087361838822 53.40929529314361, -1.5214448985884932 53.41005554843069, -1.5213198226804574 53.41064184328529, -1.520884758609716 53.41070761324204, -1.523065517983227 53.41115994422399, -1.5220997312388802 53.413146221820924, -1.5212638435030656 53.413806232058626, -1.5209791903317593 53.413918902599, -1.518068714369908 53.41479317110474, -1.517120404003427 53.41504976125548, -1.5161704467299497 53.415303832986524, -1.5146139980130675 53.416049991182675, -1.5116212725564213 53.4164201826786, -1.5112036497527168 53.414999638297864))",34.463375400557496,27.314058163207804,59.9442752977782,1.8331582659871,58.111117031791096,7205.496257778882,6864.24936248305,132.79199948586515,122.90342637743713,0.8374153565958188,8,900.6870322223601,981.0140372554761,858.0311703103812,785.419586180094,16.598999935733143,14.410790437459479,15.362928297179643,13.006601287074734,16.598999935733143,15.362928297179641,24,E01007988,0.3179,E01007988,"1,500",1500.0,-341.24689529583156,-9.88857310842802,-42.655861911978945,-1.2360716385535007,-195.59445107538204,-1.4041891503847452,Reduced,Reduced,Reduced,0.10467691957447735
159,E01007989,Sheffield 016C,Sheffield 016C,432890,390540,-1.50668,53.4107,527862d7-dd7d-477b-bc0f-5b39ce8ffcd5,"POLYGON ((-1.503901822198053 53.408870712519736, -1.5042971753086272 53.40677924021257, -1.5045303113957746 53.40685087591034, -1.505866983596339 53.408330548492586, -1.506000556023166 53.40834293884419, -1.506998938881522 53.40868628462821, -1.5085217782762537 53.40859148988245, -1.5079693418825402 53.4092897674355, -1.508224265889256 53.41002114909744, -1.509483591947542 53.41153406115763, -1.5089023338513847 53.41169643531228, -1.5069788528784327 53.412353376798876, -1.5065682143676131 53.412821239042316, -1.5048594054343758 53.41171922885208, -1.504265813760417 53.410515211623526, -1.5042466987632166 53.410448724260895, -1.503901822198053 53.408870712519736))",13.93200282150196,10.449002116126467,24.197689111029714,0.18331582659871,24.014373284431002,9320.545431597331,10632.92882575454,147.4387853057554,170.52425392150886,0.8867021275455691,10,932.0545431597332,888.519157026877,1063.2928825754539,1113.712050084195,14.743878530575543,14.079537674847526,17.052425392150887,18.18720721948587,14.74387853057554,17.052425392150887,56,E01007989,0.1301,E01007989,"1,427",1427.0,1312.3833941572084,23.085468615753456,131.2383394157207,2.308546861575344,225.19289305731797,4.107669544638345,Increased,Increased,Increased,0.08867021275455692
160,E01007990,Sheffield 021A,Sheffield 021A,431755,390138,-1.52379,53.4071,59839a45-8b32-4add-81f4-d9bb1a3a750c,"POLYGON ((-1.5213198226804574 53.41064184328529, -1.5214448985884932 53.41005554843069, -1.5208087361838822 53.40929529314361, -1.5215456203808702 53.408632671855905, -1.520310991114194 53.408074805693886, -1.5207647750086624 53.40808513880364, -1.521279339477303 53.40759206250265, -1.523077933789459 53.406235768740665, -1.522875571121439 53.405775848211626, -1.5220666026878857 53.40586697785042, -1.5211859166459043 53.40511847352405, -1.5196839092280936 53.40554629070542, -1.5191133188099968 53.404897002299556, -1.5185348205522782 53.40417558130426, -1.5195174531238438 53.40340560039486, -1.519946159262251 53.40248107629542, -1.5206567970066591 53.40272824073583, -1.5208482400448664 53.402307378326945, -1.5244163691074764 53.40387373889143, -1.5252175283794511 53.40403313866059, -1.5260016605605844 53.40541037202867, -1.5256403609964435 53.40553713415098, -1.5260133061845584 53.40609522650151, -1.5259603908491528 53.40622902815692, -1.526604822996707 53.4072378068372, -1.5274361967479821 53.40713499680303, -1.528670030427272 53.40828226153995, -1.5290743132430027 53.40866865887561, -1.526482922560423 53.40928676804087, -1.5262049391736454 53.410232276787944, -1.5246443645968648 53.41114762275283, -1.5236071386637884 53.410498743899545, -1.523065517983227 53.41115994422399, -1.520884758609716 53.41070761324204, -1.5213198226804574 53.41064184328529))",23.46442580463488,24.01437328443102,43.99579838369041,3.48300070537549,40.512797678314925,2793.3757519919204,2396.3359225016106,56.17364783876098,47.255710920643956,0.1201383878717277,6,465.56262533198674,110.46695363540755,399.3893204169351,260.12504259986747,9.362274639793496,2.1368961626006278,7.875951820107326,5.243755281306362,9.362274639793496,7.875951820107326,21,E01007990,0.3213,E01007990,"1,393",1393.0,-397.0398294903098,-8.917936918117022,-66.17330491505163,-1.48632281968617,149.65808896445992,3.1068591187057346,Reduced,Reduced,Increased,0.02002306464528795
161,E01007991,Sheffield 016D,Sheffield 016D,432367,390363,-1.51456,53.4091,4f6a9927-7bb7-4199-8fc2-8ce165f4f073,"POLYGON ((-1.5136308612812048 53.411127811112536, -1.5127084144256868 53.41091153459969, -1.5120765755173606 53.41107077861651, -1.5104697592162146 53.411108934031596, -1.509848642400802 53.41043747155115, -1.5090346080529702 53.41019526554546, -1.5089763819475437 53.409652238459095, -1.5079693418825402 53.4092897674355, -1.5085217782762537 53.40859148988245, -1.509417120441111 53.407431670785876, -1.5120677767313122 53.40742075393578, -1.5121950629737586 53.40744869799281, -1.5127937030952778 53.40765222530296, -1.5134848894079318 53.40721747467985, -1.5141614577720814 53.40783798074469, -1.5156168615904533 53.40721964668991, -1.516208789256542 53.407415345492204, -1.5177453418282179 53.40706763387846, -1.518448563484562 53.40758565829375, -1.5198637786762086 53.40770780123115, -1.520310991114194 53.408074805693886, -1.5215456203808702 53.408632671855905, -1.5208087361838822 53.40929529314361, -1.5201720185307874 53.409770097347284, -1.5199071885657147 53.410356198034975, -1.5176693794141527 53.41074114872004, -1.5149273197767656 53.410305911112204, -1.5148295328685493 53.41089288535694, -1.5136308612812048 53.411127811112536))",90.7413341663615,72.2264356798918,140.60323900121065,22.36453084504264,118.23870815616802,11077.192614791225,10064.1059108033,213.7935333096344,189.09006738126712,0.8117455784547769,16,692.3245384244516,869.9063963915346,629.0066194252063,632.5873633303265,13.362095831852145,14.410790437459479,11.818129211329197,11.927687402640672,13.36209583185215,11.818129211329195,17,E01007991,0.2866,E01007991,"1,513",1513.0,-1013.0867039879249,-24.70346592836728,-63.31791899924531,-1.5439666205229479,-237.31903306120807,-2.4831030348188072,Reduced,Reduced,Reduced,0.05073409865342356
162,E01007992,Sheffield 021B,Sheffield 021B,432799,390062,-1.5081,53.4064,cd60985d-0e0b-41eb-8781-d086b145e246,"POLYGON ((-1.505866983596339 53.408330548492586, -1.5045303113957746 53.40685087591034, -1.5042971753086272 53.40677924021257, -1.5040059379860666 53.40492764353045, -1.5066739283505317 53.40616235105266, -1.5068609051236288 53.40587520046628, -1.5063219286174565 53.405584619040674, -1.5057061133766172 53.40565997761259, -1.5057214045805432 53.4052515249375, -1.5048515422927968 53.40480150219012, -1.5052219803690936 53.40462695817407, -1.5069531725854648 53.40545866995298, -1.5070421804859722 53.405173086855214, -1.5085043697436762 53.403721272755114, -1.5085041978241138 53.403467198962794, -1.5088979548830543 53.40366495034494, -1.508238210356694 53.40475012358068, -1.5088338208688923 53.40510999795926, -1.5094908671816696 53.405366949903026, -1.5105426001568631 53.40482976905256, -1.5121378431978434 53.40727092975792, -1.5121950629737586 53.40744869799281, -1.5120677767313122 53.40742075393578, -1.509417120441111 53.407431670785876, -1.5085217782762537 53.40859148988245, -1.506998938881522 53.40868628462821, -1.506000556023166 53.40834293884419, -1.505866983596339 53.408330548492586))",59.02769616478466,67.46022418832534,122.08834051474095,4.399579838369045,117.6887606763719,5221.766725464083,3948.5982291292007,106.89424071050182,80.22289453244905,0.6001545172380914,6,870.2944542440138,935.131965622198,658.0997048548668,606.48337955362,17.815706785083638,15.491311299527045,13.370482422074842,11.927687402640672,17.815706785083638,13.370482422074842,26,E01007992,0.1529,E01007992,"1,499",1499.0,-1273.168496334882,-26.671346178052772,-212.19474938914698,-4.445224363008796,-328.64858606857797,-3.563623896886373,Reduced,Reduced,Reduced,0.10002575287301524
163,E01007993,Sheffield 021C,Sheffield 021C,432341,389919,-1.515,53.4051,46de0c85-bcf0-4d3d-b6fa-a40c754e955b,"POLYGON ((-1.518448563484562 53.40758565829375, -1.5177453418282179 53.40706763387846, -1.516208789256542 53.407415345492204, -1.5156168615904533 53.40721964668991, -1.5141614577720814 53.40783798074469, -1.5134848894079318 53.40721747467985, -1.5127937030952778 53.40765222530296, -1.5121950629737586 53.40744869799281, -1.5121378431978434 53.40727092975792, -1.5105426001568631 53.40482976905256, -1.5111722900704194 53.404232130192916, -1.5127978467079533 53.40403168928253, -1.5129972661998847 53.40431357717357, -1.5130221577611571 53.40431111686427, -1.513968564399608 53.404641240193335, -1.5174092816410092 53.40342817865062, -1.5177230241609259 53.40280603357309, -1.5165567328525722 53.40257151651717, -1.517246024851036 53.402155234941006, -1.518495076157878 53.4025738426927, -1.519946159262251 53.40248107629542, -1.5195174531238438 53.40340560039486, -1.5185348205522782 53.40417558130426, -1.5191133188099968 53.404897002299556, -1.5196839092280936 53.40554629070542, -1.5211859166459043 53.40511847352405, -1.5220666026878857 53.40586697785042, -1.522875571121439 53.405775848211626, -1.523077933789459 53.406235768740665, -1.521279339477303 53.40759206250265, -1.5207647750086624 53.40808513880364, -1.520310991114194 53.408074805693886, -1.5198637786762086 53.40770780123115, -1.518448563484562 53.40758565829375))",24.564320764227148,20.71468840565424,44.17911421028913,1.09989495959226,43.079219250696866,2793.3757519919204,2396.3359225016106,56.17364783876098,47.255710920643956,0.1201383878717277,6,465.56262533198674,110.46695363540755,399.3893204169351,260.12504259986747,9.362274639793496,2.1368961626006278,7.875951820107326,5.243755281306362,9.362274639793496,7.875951820107326,17,E01007993,0.2713,E01007993,"1,654",1654.0,-397.0398294903098,-8.917936918117022,-66.17330491505163,-1.48632281968617,149.65808896445992,3.1068591187057346,Reduced,Reduced,Increased,0.02002306464528795
164,E01007994,Sheffield 021D,Sheffield 021D,432668,389690,-1.51011,53.403,0334f232-86dc-40b8-9452-c9d8fac96e6d,"POLYGON ((-1.508238210356694 53.40475012358068, -1.5088979548830543 53.40366495034494, -1.5085041978241138 53.403467198962794, -1.5067307084903663 53.40257369052952, -1.5063382649555843 53.40299999227634, -1.5053403556191782 53.403003981720815, -1.5052838797480799 53.40267939249098, -1.505604254473095 53.402579047999474, -1.5063445865357927 53.40269278638723, -1.5065250517754682 53.40215780839666, -1.5075925405185617 53.40175964696353, -1.5093740338940638 53.402807254517974, -1.5092282797941605 53.40235413591703, -1.5079384044564144 53.40159730767091, -1.5079428006876268 53.401268224331034, -1.5080312324863008 53.40096342381165, -1.511518312544253 53.401004311027414, -1.510919212685672 53.401751108955146, -1.5118281467959624 53.40184138686603, -1.511544631683871 53.40268895419777, -1.514696501924362 53.40221163818069, -1.514956181073859 53.40245628497328, -1.512759201656054 53.40303620105123, -1.5133278042462286 53.40325569312074, -1.5130221577611571 53.40431111686427, -1.5129972661998847 53.40431357717357, -1.5127978467079533 53.40403168928253, -1.5111722900704194 53.404232130192916, -1.5105426001568631 53.40482976905256, -1.5094908671816696 53.405366949903026, -1.5088338208688923 53.40510999795926, -1.508238210356694 53.40475012358068))",11.182265422521311,9.899054636330339,19.79810927266068,1.28321078619097,18.51489848646971,3127.570007270935,3183.6298089705724,51.811040981217516,52.73972256996103,0.037330833924191,4,781.8925018177338,798.648915554923,795.9074522426431,807.4564107139345,12.952760245304379,13.230345474993065,13.184930642490258,13.376249640707853,12.952760245304379,13.184930642490258,14,E01007994,0.1265,E01007994,"1,308",1308.0,56.05980169963732,0.9286815887435154,14.01495042490933,0.23217039718587884,8.807495159011523,0.14590416571478748,Increased,Increased,Increased,0.00933270848104775
165,E01007995,Sheffield 017A,Sheffield 017A,432966,389741,-1.50562,53.4035,60520ae4-ff34-4b27-a534-6ff1d2a002e1,"POLYGON ((-1.5066739283505317 53.40616235105266, -1.5040059379860666 53.40492764353045, -1.5032482989625664 53.403921968783834, -1.502605694548939 53.40333960840278, -1.5011536285190001 53.40257529002395, -1.5038888105941945 53.40172771062798, -1.5071132658742243 53.40077720671979, -1.5075997490913398 53.4014575366871, -1.5079428006876268 53.401268224331034, -1.5079384044564144 53.40159730767091, -1.5092282797941605 53.40235413591703, -1.5093740338940638 53.402807254517974, -1.5075925405185617 53.40175964696353, -1.5065250517754682 53.40215780839666, -1.5063445865357927 53.40269278638723, -1.505604254473095 53.402579047999474, -1.5052838797480799 53.40267939249098, -1.5053403556191782 53.403003981720815, -1.5063382649555843 53.40299999227634, -1.5067307084903663 53.40257369052952, -1.5085041978241138 53.403467198962794, -1.5085043697436762 53.403721272755114, -1.5070421804859722 53.405173086855214, -1.5069531725854648 53.40545866995298, -1.5052219803690936 53.40462695817407, -1.5048515422927968 53.40480150219012, -1.5057214045805432 53.4052515249375, -1.5057061133766172 53.40565997761259, -1.5063219286174565 53.405584619040674, -1.5068609051236288 53.40587520046628, -1.5066739283505317 53.40616235105266))",36.66316531974199,38.49632358572911,74.60954142567498,0.54994747979613,74.05959394587885,10860.553079174028,11277.586074842584,179.91493694965217,186.82346771918643,0.6109520873535859,12,905.0460899311691,877.1597297749315,939.7988395702155,812.33407374305,14.992911412471015,14.530948500205916,15.568622309932202,13.457052563905918,14.992911412471015,15.568622309932202,203,E01007995,0.1366,E01007995,"1,521",1521.0,417.0329956685564,6.908530769534252,34.75274963904633,0.5757108974611871,-64.82565603188152,-1.0738959362999978,Increased,Increased,Reduced,0.05091267394613216
166,E01007996,Sheffield 021E,Sheffield 021E,432349,389404,-1.51493,53.4005,8e1fa737-c96c-4cc5-92af-2c5b2ab598b6,"POLYGON ((-1.514956181073859 53.40245628497328, -1.514696501924362 53.40221163818069, -1.511544631683871 53.40268895419777, -1.5118281467959624 53.40184138686603, -1.510919212685672 53.401751108955146, -1.511518312544253 53.401004311027414, -1.5080312324863008 53.40096342381165, -1.5079428006876268 53.401268224331034, -1.5075997490913398 53.4014575366871, -1.5071132658742243 53.40077720671979, -1.508304663842502 53.400451764838834, -1.511030542849189 53.399977744489505, -1.511851168237122 53.40003531072147, -1.5135536190210446 53.39933908120418, -1.5148465867247494 53.398908766486194, -1.514891667048297 53.39849799737685, -1.5143545296469645 53.398388832272026, -1.515054318026363 53.39731471730058, -1.5154537091864124 53.397019181872395, -1.5169365001861732 53.396306525564235, -1.5185718649369728 53.397369850659466, -1.519326806551171 53.397001290492355, -1.5195762562449253 53.397177617492545, -1.5206309158735314 53.39690749317145, -1.5205453698101477 53.39657461470854, -1.521339097151062 53.39642844190643, -1.522070435217688 53.396634477302754, -1.522370752396129 53.397422517841974, -1.5222742307605204 53.399107485713174, -1.5244356399811525 53.40026458786165, -1.52453133969285 53.40031451415384, -1.5217337371259192 53.4003570014692, -1.5210223708238626 53.40085978111412, -1.5238269022500732 53.40262827105644, -1.5260795116720969 53.40266913238494, -1.5252175283794511 53.40403313866059, -1.5244163691074764 53.40387373889143, -1.5208482400448664 53.402307378326945, -1.5206567970066591 53.40272824073583, -1.519946159262251 53.40248107629542, -1.518495076157878 53.4025738426927, -1.517246024851036 53.402155234941006, -1.5165567328525722 53.40257151651717, -1.5177230241609259 53.40280603357309, -1.5174092816410092 53.40342817865062, -1.513968564399608 53.404641240193335, -1.5130221577611571 53.40431111686427, -1.5133278042462286 53.40325569312074, -1.512759201656054 53.40303620105123, -1.514956181073859 53.40245628497328))",31.347006348379416,42.89590342409815,73.87627811928014,0.36663165319742,73.50964646608273,12777.569908336727,11048.177212187466,221.57090238341408,190.58132875838777,0.861828469546505,17,751.6217593139252,720.304001908228,649.8927771874978,686.041278081877,13.033582493142003,11.932490743625854,11.21066639755222,11.364897569318492,13.033582493142005,11.210666397552222,43,E01007996,0.4917,E01007996,"1,687",1687.0,-1729.3926961492616,-30.98957362502631,-101.72898212642735,-1.8229160955897825,-34.26272382635102,-0.5675931743073619,Reduced,Reduced,Reduced,0.050695792326265005
167,E01007997,Sheffield 025A,Sheffield 025A,431500,389013,-1.52774,53.397,0ad30a02-a219-48ae-b02f-118988d327f7,"POLYGON ((-1.522070435217688 53.396634477302754, -1.521339097151062 53.39642844190643, -1.5205453698101477 53.39657461470854, -1.5206309158735314 53.39690749317145, -1.5195762562449253 53.397177617492545, -1.519326806551171 53.397001290492355, -1.5185718649369728 53.397369850659466, -1.5169365001861732 53.396306525564235, -1.5173298352416162 53.39553118990429, -1.5177815425409964 53.395837252972164, -1.520542199440388 53.394617088863626, -1.5209358253120129 53.394828247391274, -1.5236552721364376 53.3949220503851, -1.5244678998620067 53.39625177905857, -1.5252822162039839 53.39611860567729, -1.5259314274187066 53.39601183655712, -1.5264780300292242 53.39591979416363, -1.5306509817869172 53.395233898022894, -1.5295971441496792 53.394571404754444, -1.5305869927335503 53.39370685936853, -1.5311727445109498 53.393876258459244, -1.531191334252443 53.39440860343879, -1.5324668209835868 53.3949413028637, -1.5325866759096982 53.39589975066772, -1.533373082279196 53.39687359868884, -1.53288875405585 53.3977149310655, -1.5308790718504421 53.39819049338696, -1.529801961957208 53.39913224238044, -1.528319813199211 53.399512992930376, -1.52453133969285 53.40031451415384, -1.5244356399811525 53.40026458786165, -1.5222742307605204 53.399107485713174, -1.522370752396129 53.397422517841974, -1.522070435217688 53.396634477302754))",7.51594889054711,6.966001410750978,14.115318648100668,0.36663165319742,13.748686994903249,721.7738691134493,991.7084433723273,17.935260645583377,24.642828145268727,0.016659404154216902,4,180.44346727836233,64.72900168783116,247.92711084308183,195.9316779197928,4.483815161395844,1.608442153808674,6.160707036317182,4.868679599795298,4.483815161395844,6.160707036317182,25,E01007997,0.3811,E01007997,"1,614",1614.0,269.934574258878,6.70756749968535,67.4836435647195,1.6768918749213375,131.20267623196165,3.260237445986624,Increased,Increased,Increased,0.004164851038554226
168,E01007998,Sheffield 025B,Sheffield 025B,431643,388700,-1.52562,53.3942,d9c0667e-100c-40d3-998b-0fc498168bc0,"POLYGON ((-1.522957013559914 53.392885652882086, -1.5244620615345947 53.39230382189056, -1.5248106774344712 53.392223331348745, -1.5253914953686605 53.39212120094832, -1.529645441940896 53.392313975839215, -1.5298711743426834 53.392327342393855, -1.5319807029845134 53.392319921877885, -1.5310466336704094 53.392648830268435, -1.5306681654204286 53.39316941410279, -1.530384939895388 53.3935229304903, -1.5305869927335503 53.39370685936853, -1.5295971441496792 53.394571404754444, -1.5306509817869172 53.395233898022894, -1.5264780300292242 53.39591979416363, -1.5259314274187066 53.39601183655712, -1.5252822162039839 53.39611860567729, -1.5244678998620067 53.39625177905857, -1.5236552721364376 53.3949220503851, -1.5209358253120129 53.394828247391274, -1.520542199440388 53.394617088863626, -1.5211517322306745 53.39418756385302, -1.522868108121178 53.393837196573, -1.5224797883584302 53.39318394053726, -1.522957013559914 53.392885652882086))",10.44900211612647,6.599369757553561,16.4984243938839,0.54994747979613,15.948476914087772,917.8651045850737,1320.5545715082353,21.183690261374156,30.090463268305083,0.017367246642407286,6,152.9775174308456,64.72900168783116,220.09242858470589,179.55371410979228,3.5306150435623596,1.608442153808674,5.01507721138418,3.2902833803177836,3.5306150435623596,5.01507721138418,17,E01007998,0.2072,E01007998,"1,510",1510.0,402.6894669231616,8.906773006930926,67.11491115386028,1.4844621678218206,114.82471242196112,1.6818412265091096,Increased,Increased,Increased,0.002894541107067881
169,E01007999,Sheffield 045C,Sheffield 045C,439739,384541,-1.4044,53.3563,bb32157e-1dfb-4a8d-b9cd-50bfc450669a,"POLYGON ((-1.4022539356819905 53.35722436182898, -1.3970175888921483 53.355899265723515, -1.397139875841818 53.3556178606427, -1.39640984331023 53.35518158818574, -1.396750005475692 53.35503049815669, -1.3985452847988349 53.35439110493306, -1.3992137668661924 53.3547229917385, -1.4023752835894192 53.35452497829521, -1.4030796677492947 53.35435692410494, -1.4072181303703055 53.3536133432073, -1.4080944047800996 53.35477164972597, -1.4092476727539311 53.35456899248375, -1.4103539387009105 53.355130577217, -1.4096526098802833 53.35571253194094, -1.4099422444136396 53.3559969746492, -1.4106345891532206 53.35597834445071, -1.4099911123604363 53.35731872549705, -1.4115584881332834 53.35791758729546, -1.4110535535567148 53.358420149219185, -1.4116344767945235 53.35850428030702, -1.4114187864488987 53.35896039444131, -1.406021045492923 53.35797774845518, -1.4022539356819905 53.35722436182898))",4.0329481851716205,4.949527318165169,8.06589637034324,0.91657913299355,7.149317237349689,5248.217018616682,4240.3234047718,62.467897256253785,57.05919269310657,0.0489136313845335,12,437.35141821805695,216.697331052751,353.3602837309833,309.00640123868004,5.205658104687816,3.078885009191378,4.754932724425547,4.739243718350535,5.205658104687815,4.754932724425547,21,E01007999,0.3076,E01007999,"1,187",1187.0,-1007.8936138448826,-5.408704563147218,-83.99113448707362,-0.45072538026226905,92.30907018592904,1.6603587091591567,Reduced,Reduced,Increased,0.004076135948711125
170,E01008000,Sheffield 052A,Sheffield 052A,438526,384709,-1.42261,53.3579,e87c6c6d-bce9-46da-b79b-2cacad944a58,"POLYGON ((-1.4213011715965438 53.3594801105229, -1.4213404675171315 53.358923888336534, -1.4159652564993088 53.35983541737297, -1.4159791222514517 53.3594695171475, -1.4184894019321719 53.35869684317829, -1.4179168865599965 53.35801740744068, -1.4170488014342448 53.357747887620945, -1.4171463200710082 53.35750398639319, -1.4165628378163582 53.35732136184434, -1.4160899936502402 53.357166969848436, -1.4139714092029756 53.35647113563097, -1.4149349360803896 53.35554616225606, -1.4166119980646346 53.35622074910533, -1.417642540097932 53.35627091204313, -1.41809463597453 53.35600117921513, -1.418117438230677 53.356286260866916, -1.4191037924990824 53.35619851507719, -1.4190810851651483 53.355785479142945, -1.4198224870775558 53.355697470330476, -1.4195813020124857 53.35540751645494, -1.4199477042568676 53.35515470834493, -1.4195186769683703 53.3548480394387, -1.4200994974295384 53.35492796714992, -1.4203397635237371 53.35468807326642, -1.4207469318669539 53.35479542435632, -1.420635920642745 53.35518169715087, -1.4216535232396583 53.35538927448983, -1.4243287328221705 53.356771566345564, -1.425214608619552 53.35706927790226, -1.4261147762222037 53.35671622639895, -1.4268350547552395 53.35656212204501, -1.4270338100161641 53.356550248946625, -1.4284293449579282 53.35870963632099, -1.4283911394468694 53.35919799455194, -1.4263741999457655 53.36000796626926, -1.4263568829493283 53.36002842596476, -1.425565916894638 53.36065039866764, -1.4243910280216292 53.3609781697798, -1.42415616201177 53.36103437665779, -1.423729986952038 53.359815424227364, -1.4213011715965438 53.3594801105229))",25.480899897220702,33.18016461436654,55.911327112606585,2.7497373989806544,53.16158971362593,7612.894342365028,7511.936033792076,105.15996601801474,104.97636296158383,0.1218752189735298,10,761.2894342365028,657.9489040255314,751.1936033792076,582.3507088538486,10.515996601801476,8.720012876449962,10.497636296158383,8.49586098199019,10.515996601801474,10.497636296158383,38,E01008000,0.3075,E01008000,"1,491",1491.0,-100.95830857295186,-0.18360305643091124,-10.095830857295141,-0.018360305643092545,-75.59819517168285,-0.2241518944597729,Reduced,Reduced,Reduced,0.01218752189735298
171,E01008001,Sheffield 052B,Sheffield 052B,439000,384223,-1.41554,53.3535,cbdac28d-0d4a-4a4b-badd-3eb71282ae7d,"POLYGON ((-1.4139714092029756 53.35647113563097, -1.4109846773104355 53.35542431482146, -1.4106345891532206 53.35597834445071, -1.4099422444136396 53.3559969746492, -1.4096526098802833 53.35571253194094, -1.4103539387009105 53.355130577217, -1.4092476727539311 53.35456899248375, -1.4080944047800996 53.35477164972597, -1.4072181303703055 53.3536133432073, -1.408331943420096 53.35396681357463, -1.4094653223007965 53.35364271637631, -1.4103832388089963 53.352735387363424, -1.4119529908456612 53.352406049812764, -1.4126855297928456 53.35128480116465, -1.4127460752191774 53.350432676257796, -1.4143950129629972 53.350856685071896, -1.4177822510291236 53.35129339794637, -1.418452070088185 53.35228640130445, -1.4194003823746073 53.35195092641474, -1.424120043085978 53.35070225475473, -1.4242515327237826 53.35156415146751, -1.42254072895993 53.35246562441005, -1.4210426109814458 53.35382225231401, -1.4200523652113437 53.35423769829497, -1.4203397635237371 53.35468807326642, -1.4200994974295384 53.35492796714992, -1.4195186769683703 53.3548480394387, -1.4199477042568676 53.35515470834493, -1.4195813020124857 53.35540751645494, -1.4198224870775558 53.355697470330476, -1.4190810851651483 53.355785479142945, -1.4191037924990824 53.35619851507719, -1.418117438230677 53.356286260866916, -1.41809463597453 53.35600117921513, -1.417642540097932 53.35627091204313, -1.4166119980646346 53.35622074910533, -1.4149349360803896 53.35554616225606, -1.4139714092029756 53.35647113563097))",18.88153013966714,11.548897075718727,29.880479735589738,0.54994747979613,29.330532255793607,5903.515952644367,5372.315467856688,68.1970220317381,65.58596288062748,0.12705062065792552,10,590.3515952644367,439.33993315767395,537.2315467856688,496.9281192350095,6.81970220317381,6.406996824717094,6.5585962880627475,6.033025289029228,6.81970220317381,6.5585962880627475,31,E01008001,0.3993,E01008001,"1,448",1448.0,-531.2004847876788,-2.6110591511106236,-53.1200484787679,-0.2611059151110622,57.588186077335536,-0.3739715356878657,Reduced,Reduced,Reduced,0.012705062065792552
172,E01008002,Sheffield 054B,Sheffield 054B,437960,384029,-1.43119,53.3518,b90e668b-17de-4d01-8c52-aa5d539be1e7,"POLYGON ((-1.4332519359717157 53.356886942989924, -1.431913477236267 53.35636359502868, -1.4310321738777165 53.35654459426595, -1.4309879123149267 53.355836914788554, -1.430453048453582 53.3557886049282, -1.4298239691073553 53.35544850660502, -1.4294723805670821 53.3555344568096, -1.427810265496872 53.354815515906665, -1.4280930973408554 53.3546175946892, -1.4274571500450801 53.35434930695728, -1.4294518195953816 53.353360509435994, -1.4290662705027746 53.35256415045394, -1.42892119237049 53.352338009673325, -1.4295830767019806 53.35217079153817, -1.4291840936518927 53.35164869199523, -1.4295774742573713 53.351355610314684, -1.4288728207251002 53.35135840822692, -1.4290166655811183 53.35070710553845, -1.42802633003583 53.35062626683658, -1.42758918113628 53.35026663504364, -1.4288910693721115 53.349748455859825, -1.4296349674553794 53.34889646137465, -1.4307650667818532 53.3471953737618, -1.4302397468926362 53.347073065897966, -1.4305237173253182 53.346724047593696, -1.4336612747703454 53.348141343788406, -1.4345526393183794 53.34910397691291, -1.4336206399183942 53.350180179242216, -1.4322941690578788 53.34984579016864, -1.4312236806962195 53.35109110392237, -1.431393735433165 53.35174185492554, -1.4324473032879832 53.35344198474527, -1.4334268633962437 53.35412028075049, -1.4346253770242163 53.35506836011751, -1.433996997126016 53.35543673548025, -1.434833726343876 53.3558982259791, -1.4332519359717157 53.356886942989924))",11.73221290231744,12.465476208712282,22.547846671641334,1.64984243938839,20.898004232252944,1917.2682886689995,1688.1738334070951,31.761292519522776,27.966134559013568,0.054416721692951496,6,319.54471477816656,170.9549723083565,281.3623055678492,178.0235221153115,5.293548753253796,2.8320245607995025,4.661022426502261,2.949121515583732,5.293548753253796,4.661022426502261,26,E01008002,0.2657,E01008002,"1,567",1567.0,-229.0944552619044,-3.795157960509208,-38.18240921031736,-0.6325263267515346,7.068549806954991,0.11709695478422955,Reduced,Reduced,Increased,0.009069453615491916
173,E01008003,Sheffield 054C,Sheffield 054C,438348,384431,-1.42531,53.3554,714e1fd5-d875-46e7-a9db-6f8c7426e530,"POLYGON ((-1.4284293449579282 53.35870963632099, -1.4270338100161641 53.356550248946625, -1.4268350547552395 53.35656212204501, -1.4261147762222037 53.35671622639895, -1.425214608619552 53.35706927790226, -1.4243287328221705 53.356771566345564, -1.4216535232396583 53.35538927448983, -1.420635920642745 53.35518169715087, -1.4207469318669539 53.35479542435632, -1.4203397635237371 53.35468807326642, -1.4200523652113437 53.35423769829497, -1.4210426109814458 53.35382225231401, -1.42254072895993 53.35246562441005, -1.4242515327237826 53.35156415146751, -1.4258006042636004 53.354543635517174, -1.4265162944312575 53.35411858996394, -1.4263760651213229 53.35356645622868, -1.4285576886916196 53.353084413788615, -1.4290662705027746 53.35256415045394, -1.4294518195953816 53.353360509435994, -1.4274571500450801 53.35434930695728, -1.4280930973408554 53.3546175946892, -1.427810265496872 53.354815515906665, -1.4294723805670821 53.3555344568096, -1.4298239691073553 53.35544850660502, -1.430453048453582 53.3557886049282, -1.4309879123149267 53.355836914788554, -1.4310321738777165 53.35654459426595, -1.431913477236267 53.35636359502868, -1.4332519359717157 53.356886942989924, -1.4312109697617168 53.35824125431827, -1.4283911394468694 53.35919799455194, -1.4284293449579282 53.35870963632099))",40.14616602511751,47.295483262467215,85.2418593684002,2.199789919184525,83.04206944921567,7322.339082359331,7815.606174521304,109.28953118813618,115.8629385248849,0.19767471883103183,10,732.2339082359331,559.260435148993,781.5606174521303,582.3507088538486,10.928953118813618,8.180048719406791,11.586293852488492,8.303972849781477,10.928953118813618,11.58629385248849,26,E01008003,0.2806,E01008003,"1,325",1325.0,493.26709216197287,6.573407336748716,49.32670921619717,0.6573407336748733,23.090273704855576,0.12392413037468586,Increased,Increased,Increased,0.019767471883103183
174,E01008004,Sheffield 052C,Sheffield 052C,439065,384879,-1.41449,53.3594,6feaa1a1-9ae0-44de-8d9b-081d847fc8da,"POLYGON ((-1.4202977086830162 53.36031263525294, -1.4197932995010556 53.36029559677627, -1.4191226090794566 53.362468116494036, -1.4185290890004043 53.36224014976385, -1.4186549848766368 53.36128015325951, -1.4180221128521584 53.361193565131046, -1.4178624841105802 53.360501183718334, -1.4172152551966566 53.3602331732466, -1.4169111758918125 53.360555742276674, -1.415991717561789 53.36046648519957, -1.415985290197144 53.36110280333899, -1.415198707418887 53.36126986595588, -1.4149428149377608 53.36088200638063, -1.4141101905267 53.36091347285296, -1.413279869725461 53.36047019853721, -1.4110682745459324 53.361090582851375, -1.410256062264123 53.360592790758346, -1.4096654143982632 53.36069245194357, -1.4093942889467217 53.36044271159362, -1.4120095268907866 53.359770926309466, -1.4138835328061417 53.3598529481052, -1.4130735425671013 53.359477140921825, -1.4114187864488987 53.35896039444131, -1.4116344767945235 53.35850428030702, -1.4110535535567148 53.358420149219185, -1.4115584881332834 53.35791758729546, -1.4099911123604363 53.35731872549705, -1.4106345891532206 53.35597834445071, -1.4109846773104355 53.35542431482146, -1.4139714092029756 53.35647113563097, -1.4160899936502402 53.357166969848436, -1.4165628378163582 53.35732136184434, -1.4171463200710082 53.35750398639319, -1.4170488014342448 53.357747887620945, -1.4179168865599965 53.35801740744068, -1.4184894019321719 53.35869684317829, -1.4159791222514517 53.3594695171475, -1.4159652564993088 53.35983541737297, -1.4213404675171315 53.358923888336534, -1.4213011715965438 53.3594801105229, -1.423729986952038 53.359815424227364, -1.42415616201177 53.36103437665779, -1.4224555781098864 53.36175729966995, -1.421151615494572 53.3632953244097, -1.4207626099905855 53.363170094630135, -1.4199221753987954 53.362209630614856, -1.4205228914697916 53.361908035379116, -1.4205587242440758 53.36085071911321, -1.4202977086830162 53.36031263525294))",16.681740220482613,7.1493172373496865,23.8310574578323,0.0,23.8310574578323,14188.164141161862,10246.725873859457,168.19268401038028,129.81155727644,0.33785223041188406,18,788.2313411756589,657.9489040255314,569.2625485477477,512.8520772792145,9.344038000576681,7.6182171112042285,7.211753182024444,6.118620010952745,9.344038000576681,7.211753182024444,26,E01008004,0.3134,E01008004,"1,629",1629.0,-3941.4382673024047,-38.38112673394028,-218.96879262791128,-2.132284818552237,-145.09682674631688,-1.4995971002514832,Reduced,Reduced,Reduced,0.01876956835621578
175,E01008005,Sheffield 052D,Sheffield 052D,438781,383932,-1.41887,53.3509,976f155a-c984-4668-bf7e-121bc98f42c1,"POLYGON ((-1.4242515327237826 53.35156415146751, -1.424120043085978 53.35070225475473, -1.4194003823746073 53.35195092641474, -1.418452070088185 53.35228640130445, -1.4177822510291236 53.35129339794637, -1.4143950129629972 53.350856685071896, -1.4127460752191774 53.350432676257796, -1.4129201727814213 53.35004423787463, -1.4148213815322508 53.349255880568705, -1.4165943676180643 53.348633814965844, -1.4166230061641218 53.34860799533299, -1.4192337163826592 53.34783189525068, -1.4208314927567283 53.347676411277796, -1.421561400453497 53.34723085460947, -1.42211088577707 53.347583608103356, -1.4230765711258362 53.34759940619985, -1.4233940169903887 53.34906990166252, -1.4244733428524472 53.349275783172814, -1.4261588529272458 53.34958247533827, -1.426363152790007 53.350169281591604, -1.4271943778952199 53.34993014408239, -1.42758918113628 53.35026663504364, -1.42802633003583 53.35062626683658, -1.4290166655811183 53.35070710553845, -1.4288728207251002 53.35135840822692, -1.4295774742573713 53.351355610314684, -1.4291840936518927 53.35164869199523, -1.4295830767019806 53.35217079153817, -1.42892119237049 53.352338009673325, -1.4290662705027746 53.35256415045394, -1.4285576886916196 53.353084413788615, -1.4263760651213229 53.35356645622868, -1.4265162944312575 53.35411858996394, -1.4258006042636004 53.354543635517174, -1.4242515327237826 53.35156415146751))",30.613743041984577,20.714688405654243,49.49527318165172,1.8331582659871,47.66211491566462,5408.05666698968,5041.788428616801,62.865635534797825,60.45685472246714,0.1235951459958476,8,676.00708337371,375.7871380461595,630.2235535771001,484.019339832341,7.858204441849728,5.3541869869393,7.557106840308394,5.519786396530446,7.858204441849728,7.557106840308393,55,E01008005,0.3596,E01008005,"1,590",1590.0,-366.26823837287884,-2.408780812330683,-45.783529796609855,-0.30109760154133447,108.23220178618152,0.16559940959114527,Reduced,Reduced,Increased,0.01544939324948095
176,E01008006,Sheffield 054D,Sheffield 054D,438240,383600,-1.42704,53.3479,c27d8a68-de19-44ce-a68a-b0628feb969a,"POLYGON ((-1.42758918113628 53.35026663504364, -1.4271943778952199 53.34993014408239, -1.426363152790007 53.350169281591604, -1.4261588529272458 53.34958247533827, -1.4244733428524472 53.349275783172814, -1.4233940169903887 53.34906990166252, -1.4230765711258362 53.34759940619985, -1.42211088577707 53.347583608103356, -1.421561400453497 53.34723085460947, -1.4229962843783865 53.346209417666905, -1.425169883756236 53.34477581144375, -1.425504894964087 53.34450911809068, -1.4273906022856502 53.34460242840065, -1.4297254281222094 53.34292548529519, -1.4303898678518714 53.34261160517258, -1.432573537269688 53.34356645316743, -1.4317007346712995 53.34383654030416, -1.4310113252940726 53.34329454193457, -1.4284722043425593 53.345801948335314, -1.4276747238845469 53.34550506752214, -1.4268001344559764 53.34578102492327, -1.4305237173253182 53.346724047593696, -1.4302397468926362 53.347073065897966, -1.4307650667818532 53.3471953737618, -1.4296349674553794 53.34889646137465, -1.4288910693721115 53.349748455859825, -1.42758918113628 53.35026663504364))",15.031897781094223,9.165791329935496,23.647741631233586,0.54994747979613,23.097794151437455,5752.577100695851,5287.493378593066,82.53260726614164,76.57130182402135,0.24494637008658474,15,383.50514004639007,330.918273161989,352.4995585728711,303.522511603643,5.502173817742776,5.226411884342464,5.104753454934756,5.028126389132532,5.502173817742776,5.104753454934756,38,E01008006,0.2594,E01008006,"1,450",1450.0,-465.08372210278503,-5.961305442120292,-31.005581473518987,-0.3974203628080195,-27.39576155834601,-0.198285495209932,Reduced,Reduced,Reduced,0.016329758005772316
177,E01008007,Sheffield 060A,Sheffield 060A,437617,383180,-1.43644,53.3442,8b0469c0-ee3e-4334-876a-05b6033cc6fa,"POLYGON ((-1.4355625467673907 53.347186329066254, -1.434878218895516 53.346963541570304, -1.4336612747703454 53.348141343788406, -1.4305237173253182 53.346724047593696, -1.4268001344559764 53.34578102492327, -1.4276747238845469 53.34550506752214, -1.4284722043425593 53.345801948335314, -1.4310113252940726 53.34329454193457, -1.4317007346712995 53.34383654030416, -1.432573537269688 53.34356645316743, -1.4303898678518714 53.34261160517258, -1.43276642962269 53.34225947683228, -1.4348250037318466 53.34181553654252, -1.4345071563845981 53.34164759903576, -1.4348812045566481 53.34116990906984, -1.4374163661875994 53.34063659605646, -1.4390572097011671 53.339530814608345, -1.4412802354736263 53.3409316393998, -1.4418387119565996 53.34148714171401, -1.4413651052274512 53.34199082348385, -1.4417445269753622 53.34237293085408, -1.4404597884680321 53.34269876233455, -1.4427492008274077 53.342896734394095, -1.4427839004068685 53.34405139522262, -1.4423541762539636 53.34675936567504, -1.4418496321016374 53.34719336750096, -1.4421669069055418 53.34794451264839, -1.443007571313317 53.348861631945034, -1.4421661236887466 53.34887951948532, -1.4398127333452586 53.34845573778974, -1.437049529195244 53.34746907944086, -1.4355625467673907 53.347186329066254))",12.28216038211357,10.632317942725177,22.364530845042616,0.54994747979613,21.814583365246484,4107.851734949981,3403.238698218963,63.888091001214754,53.825628713278725,0.1717417707677196,9,456.42797054999784,330.918273161989,378.13763313544035,303.522511603643,7.098676777912751,5.481962089536137,5.980625412586525,5.028126389132532,7.09867677791275,5.980625412586525,18,E01008007,0.6021,E01008007,"1,624",1624.0,-704.6130367310179,-10.062462287936029,-78.29033741455748,-1.1180513653262265,-27.39576155834601,-0.4538357004036051,Reduced,Reduced,Reduced,0.019082418974191065
178,E01008008,Sheffield 045D,Sheffield 045D,439639,385678,-1.40576,53.3665,ce69baa9-00b1-4638-97f3-d763feb6985d,"POLYGON ((-1.4042948181274584 53.36315692876951, -1.4061330995119448 53.36193599567714, -1.4062686301254226 53.36182461222159, -1.4065606891595341 53.362339402646874, -1.407597757803962 53.36226788681464, -1.408893061546568 53.363781898725286, -1.4087805883268112 53.36424848720308, -1.4077358642459872 53.36413881168716, -1.4073738705086432 53.36318807798464, -1.4063962568428832 53.363067006849796, -1.4069579317858056 53.3636042596484, -1.4062166782353207 53.364006058702074, -1.4067329003030316 53.3647676793109, -1.4074326948660376 53.364830119992284, -1.4099314911304994 53.36534965612627, -1.4096086639734835 53.366361085877045, -1.410510229601582 53.367340393111796, -1.4101158006098264 53.36765652114109, -1.4103317738743482 53.3687912568065, -1.4083485566047114 53.36969169915962, -1.4078042675764242 53.370330352520014, -1.4044198753454924 53.371146408318715, -1.4048396477568112 53.368398080836094, -1.4036636920585732 53.367465214233036, -1.4035826655368935 53.36695959532044, -1.4029532805761902 53.36624452539422, -1.4010290346259828 53.3654879873825, -1.4015018086684035 53.365136218966946, -1.4041819728256821 53.3632587656532, -1.4042948181274584 53.36315692876951))",35.929902013347174,36.66316531974199,71.4931723734969,1.09989495959226,70.39327741390464,3338.34000405973,3197.862941764115,39.60069383320338,42.51623118239016,0.10942846682547071,6,556.3900006766216,455.3282740171565,532.9771569606859,497.61844172058295,6.60011563886723,7.735311754753059,7.086038530398359,5.801161461617303,6.60011563886723,7.086038530398359,85,E01008008,0.329,E01008008,"1,684",1684.0,-140.47706229561481,2.9155373491867778,-23.412843715935765,0.48592289153112933,42.29016770342645,-1.9341502931357564,Increased,Increased,Reduced,0.018238077804245117
179,E01008009,Sheffield 045E,Sheffield 045E,439266,385523,-1.41139,53.3651,6dc18cdd-a694-4115-b3da-eb6f4e520601,"POLYGON ((-1.4067329003030316 53.3647676793109, -1.4062166782353207 53.364006058702074, -1.4069579317858056 53.3636042596484, -1.4063962568428832 53.363067006849796, -1.4073738705086432 53.36318807798464, -1.4077358642459872 53.36413881168716, -1.4087805883268112 53.36424848720308, -1.408893061546568 53.363781898725286, -1.407597757803962 53.36226788681464, -1.4065606891595341 53.362339402646874, -1.4062686301254226 53.36182461222159, -1.4064410068558633 53.36169319066411, -1.4072028093348756 53.36124010346317, -1.4093942889467217 53.36044271159362, -1.4096654143982632 53.36069245194357, -1.4090301968208336 53.36096590741353, -1.4118643421936168 53.36324091187197, -1.411988369010888 53.3633048124205, -1.4124242225748542 53.36275111154586, -1.413003536175978 53.36288578956375, -1.4129395005410235 53.362503417007375, -1.4134290563024052 53.36332778977112, -1.414318413497951 53.3637710124938, -1.4156876306333508 53.363425608246246, -1.4157783389526217 53.364148976412274, -1.4152651005694528 53.36464928135562, -1.4165585836859813 53.36579679621211, -1.4123685149399092 53.36687388519643, -1.4117064581614542 53.36738571652854, -1.411189518462877 53.367366431850265, -1.4111693365133522 53.36734867305851, -1.410510229601582 53.367340393111796, -1.4096086639734835 53.366361085877045, -1.4099314911304994 53.36534965612627, -1.4074326948660376 53.364830119992284, -1.4067329003030316 53.3647676793109))",14.848581954495511,17.598319353476167,31.530322174978128,0.91657913299355,30.613743041984577,4979.167163194457,4674.659355117326,58.43984239129713,57.33178425858566,0.2175660883987299,10,497.9167163194458,223.3763013956985,467.4659355117327,324.526808217527,5.843984239129712,3.3912759312036735,5.733178425858566,5.183002362051422,5.843984239129712,5.733178425858566,25,E01008009,0.247,E01008009,"1,559",1559.0,-304.5078080771309,-1.10805813271147,-30.4507808077131,-0.11080581327114647,101.15050682182849,1.7917264308477483,Reduced,Reduced,Increased,0.02175660883987299
180,E01008010,Sheffield 052E,Sheffield 052E,438899,385285,-1.41693,53.363,77c41308-4976-4fe7-b576-39b9a846b83a,"POLYGON ((-1.4157783389526217 53.364148976412274, -1.4156876306333508 53.363425608246246, -1.414318413497951 53.3637710124938, -1.4134290563024052 53.36332778977112, -1.4129395005410235 53.362503417007375, -1.413003536175978 53.36288578956375, -1.4124242225748542 53.36275111154586, -1.411988369010888 53.3633048124205, -1.4118643421936168 53.36324091187197, -1.4090301968208336 53.36096590741353, -1.4096654143982632 53.36069245194357, -1.410256062264123 53.360592790758346, -1.4110682745459324 53.361090582851375, -1.413279869725461 53.36047019853721, -1.4141101905267 53.36091347285296, -1.4149428149377608 53.36088200638063, -1.415198707418887 53.36126986595588, -1.415985290197144 53.36110280333899, -1.415991717561789 53.36046648519957, -1.4169111758918125 53.360555742276674, -1.4172152551966566 53.3602331732466, -1.4178624841105802 53.360501183718334, -1.4180221128521584 53.361193565131046, -1.4186549848766368 53.36128015325951, -1.4185290890004043 53.36224014976385, -1.4191226090794566 53.362468116494036, -1.4197932995010556 53.36029559677627, -1.4202977086830162 53.36031263525294, -1.4205587242440758 53.36085071911321, -1.4205228914697916 53.361908035379116, -1.4199221753987954 53.362209630614856, -1.4207626099905855 53.363170094630135, -1.421151615494572 53.3632953244097, -1.417565863047475 53.36551219471057, -1.4165585836859813 53.36579679621211, -1.4152651005694528 53.36464928135562, -1.4157783389526217 53.364148976412274))",8.43252802354066,22.731162498240046,29.330532255793607,1.8331582659871,27.497373989806505,6218.36002855373,4082.2162263879854,61.80767283092542,40.57537418018671,0.2031333891741949,6,1036.3933380922883,947.8781910249005,680.3693710646643,643.921372847396,10.301278805154237,9.421478467862602,6.762562363364451,6.400285824403895,10.301278805154237,6.762562363364451,28,E01008010,0.2404,E01008010,"1,388",1388.0,-2136.143802165745,-21.232298650738713,-356.02396702762405,-3.538716441789785,-303.9568181775045,-3.0211926434587077,Reduced,Reduced,Reduced,0.033855564862365815
181,E01008011,Sheffield 039A,Sheffield 039A,438842,385902,-1.41771,53.3686,65d3df82-8467-43c4-869e-ff65ee61d841,"POLYGON ((-1.4150386605693364 53.37119240192951, -1.4153522256784763 53.36994287614703, -1.4117880243359986 53.36890135936196, -1.4116166109853607 53.36852324854749, -1.411189518462877 53.367366431850265, -1.4117064581614542 53.36738571652854, -1.4123685149399092 53.36687388519643, -1.4165585836859813 53.36579679621211, -1.416795197083496 53.36610735345751, -1.4173702608700243 53.36684783045255, -1.4191857141487398 53.3666363129884, -1.4194793509468975 53.366045672198695, -1.4196101089363349 53.3656297695034, -1.4211018880583361 53.36612495502498, -1.4223886095974936 53.36612674503026, -1.4226413575232941 53.365593586673604, -1.4239507226842796 53.366896292579696, -1.425085714638355 53.36817545679322, -1.4259615154061764 53.36848192487522, -1.4261669865246018 53.36876861922881, -1.4257763719161507 53.36893721304649, -1.4270710815792764 53.369617118742866, -1.4263468301958078 53.37006078655071, -1.423850543081259 53.36813556280251, -1.4237549738566073 53.36906267621514, -1.4229293369719684 53.36875002540181, -1.4222977534695225 53.36988854115513, -1.4209454284342784 53.369057922686146, -1.420628794486082 53.369280772818165, -1.4209254760739187 53.36966948238957, -1.420116637093982 53.36985495938624, -1.4196717488481976 53.37043942115707, -1.419089498776872 53.37040331414082, -1.418385426825856 53.37051906000432, -1.416919499060908 53.370824198518186, -1.4167442427828936 53.371551430201016, -1.4150386605693364 53.37119240192951))",22.73116249824005,16.315108567285186,38.4963235857291,0.54994747979613,37.94637610593297,3921.140467865554,4093.113083834107,57.628575460364274,59.84255431061812,0.08834870966964418,10,392.1140467865554,368.6439300901625,409.31130838341073,386.3043723441665,5.762857546036429,5.089617444831673,5.98425543106181,5.40981651515334,5.762857546036427,5.984255431061812,132,E01008011,0.3462,E01008011,"1,825",1825.0,171.97261596855287,2.213978850253845,17.197261596855355,0.2213978850253815,17.66044225400401,0.3201990703216664,Increased,Increased,Increased,0.008834870966964418
182,E01008012,Sheffield 039B,Sheffield 039B,437977,385651,-1.43074,53.3664,de36e313-bff3-4114-b7d1-e7d895906a67,"POLYGON ((-1.4274401665373457 53.37116035718522, -1.4268644656214458 53.37083207794563, -1.4264258837273942 53.37110971066295, -1.4246616888074624 53.36956736966404, -1.423005665596723 53.369775109895286, -1.4228416782746454 53.37020690028327, -1.4222977534695225 53.36988854115513, -1.4229293369719684 53.36875002540181, -1.4237549738566073 53.36906267621514, -1.423850543081259 53.36813556280251, -1.4263468301958078 53.37006078655071, -1.4270710815792764 53.369617118742866, -1.4257763719161507 53.36893721304649, -1.4261669865246018 53.36876861922881, -1.4259615154061764 53.36848192487522, -1.425085714638355 53.36817545679322, -1.4239507226842796 53.366896292579696, -1.4248268339061223 53.367347947704026, -1.4256219183464731 53.36633604712612, -1.4266229467704625 53.366772316847594, -1.428306732325665 53.36560286471034, -1.428084096230822 53.36539505774508, -1.4293427129751026 53.364193729359215, -1.4296898590924265 53.36386390998219, -1.4304738577726006 53.36311435020868, -1.4301012212008264 53.36223648484762, -1.4304486380959125 53.36188132523113, -1.43133480121882 53.36243776272993, -1.4344436635890259 53.36440668707327, -1.434501007402042 53.36444308435965, -1.4357836766867689 53.36525578242661, -1.4358910763577313 53.365325134508225, -1.4391351486098054 53.36736036192914, -1.4337056323188841 53.3689762615746, -1.4333457245530214 53.369065205777005, -1.432984219538306 53.36954613441479, -1.4324926548099435 53.37090512990369, -1.4320732103902554 53.37095111786869, -1.4302546522101565 53.37053799932631, -1.4288165532041932 53.371157950120065, -1.4274401665373457 53.37116035718522))",58.661064511587206,63.243960176554936,118.23870815616793,3.6663165319742,114.57239162419373,5163.5446587677625,4590.523054289363,52.15741260702075,49.543510628179334,0.14677257345891584,8,645.4430823459704,416.750106336883,573.8153817861703,451.528845643181,6.519676575877593,5.177883337898814,6.192938828522417,5.609989417846965,6.519676575877594,6.192938828522417,75,E01008012,0.5102,E01008012,"2,423",2423.0,-573.0216044783992,-2.613901978841419,-71.62770055980013,-0.32673774735517647,34.77873930629801,0.4321060799481504,Reduced,Reduced,Increased,0.01834657168236448
183,E01008013,Sheffield 039C,Sheffield 039C,438347,385354,-1.42522,53.3637,93c691ef-46bf-414e-858e-162a57770de2,"POLYGON ((-1.4239507226842796 53.366896292579696, -1.4226413575232941 53.365593586673604, -1.4223886095974936 53.36612674503026, -1.4211018880583361 53.36612495502498, -1.4196101089363349 53.3656297695034, -1.4194793509468975 53.366045672198695, -1.4191857141487398 53.3666363129884, -1.4173702608700243 53.36684783045255, -1.416795197083496 53.36610735345751, -1.4165585836859813 53.36579679621211, -1.417565863047475 53.36551219471057, -1.421151615494572 53.3632953244097, -1.4224555781098864 53.36175729966995, -1.42415616201177 53.36103437665779, -1.4243910280216292 53.3609781697798, -1.425565916894638 53.36065039866764, -1.4263568829493283 53.36002842596476, -1.4263741999457655 53.36000796626926, -1.4281635996081377 53.3605774731525, -1.4304486380959125 53.36188132523113, -1.4301012212008264 53.36223648484762, -1.4304738577726006 53.36311435020868, -1.4296898590924265 53.36386390998219, -1.4293427129751026 53.364193729359215, -1.428084096230822 53.36539505774508, -1.428306732325665 53.36560286471034, -1.4266229467704625 53.366772316847594, -1.4256219183464731 53.36633604712612, -1.4248268339061223 53.367347947704026, -1.4239507226842796 53.366896292579696))",39.22958689212396,56.82790624560008,95.5075456579279,0.54994747979613,94.95759817813178,2562.587461914505,2793.8506364594623,35.54002412965286,38.93613887349206,0.04275716727399762,7,366.0839231306436,350.086724230094,399.1215194942089,445.109959198621,5.077146304236123,4.349628683106478,5.562305553356009,5.5302383999977085,5.077146304236123,5.562305553356009,59,E01008013,0.3827,E01008013,"2,100",2100.0,231.2631745449571,3.396114743839199,33.037596363565285,0.48515924911988595,95.02323496852705,1.1806097168912304,Increased,Increased,Increased,0.006108166753428232
184,E01008014,Sheffield 032E,Sheffield 032E,438987,387540,-1.41533,53.3833,ca768e0c-3056-4c66-93cd-6b349103b9a8,"POLYGON ((-1.41037261090645 53.384085089012075, -1.4109965893641605 53.38259042238975, -1.4110026890664729 53.382302338828424, -1.4105568284560546 53.382295724081175, -1.4097334822765344 53.3804040263866, -1.4086426512544712 53.37956280497099, -1.4112242516681688 53.37884164762115, -1.4116465319320972 53.37815740339449, -1.4109520740293633 53.37802419219468, -1.4098046850377413 53.377110037147055, -1.4092921288570501 53.377272904809026, -1.4089282240358514 53.37701410768902, -1.4092361897355874 53.37539765997749, -1.4109247423781526 53.3751636956094, -1.4135819059092987 53.376304187728515, -1.413865984904008 53.37603611812243, -1.4135525325487568 53.375850004860915, -1.414055148026019 53.37554481455123, -1.4142819314198494 53.37574610593034, -1.414032793252806 53.37644506982031, -1.4124871451064092 53.378370987658684, -1.4130413685975725 53.3785091187678, -1.4134110352138796 53.378206720472974, -1.4137012323779694 53.378663406291935, -1.4146364365531852 53.37846893810885, -1.4149362689731564 53.378959669738684, -1.4157188928049802 53.37878507738826, -1.4160593697099382 53.379388744212456, -1.4151045945371237 53.37989324760366, -1.4160447302184258 53.38048293260561, -1.4153344007873796 53.38121640682668, -1.4171464503637416 53.38212473718033, -1.4186337901330892 53.38290441319948, -1.4190024353238058 53.382757632459295, -1.4193820492435696 53.38313073030235, -1.422089163708663 53.383218119224985, -1.4203903970019232 53.38639888069578, -1.41520293723434 53.38529734174913, -1.4130130062639743 53.38476644096809, -1.41037261090645 53.384085089012075))",44.91237751668399,37.57974445273556,78.82580543744534,3.666316531974201,75.15948890547114,5091.478400637821,4720.49951984711,70.84494781729983,65.62459136849674,0.0976775489373876,9,565.7198222930913,548.532270364289,524.4999466496788,446.659010873216,7.871660868588871,6.815201867574655,7.291621263166306,4.897238377472961,7.87166086858887,7.291621263166304,91,E01008014,0.4664,E01008014,"1,877",1877.0,-370.9788807907116,-5.220356448803088,-41.21987564341248,-0.5800396054225656,-101.87325949107304,-1.9179634901016938,Reduced,Reduced,Reduced,0.010853060993043067
185,E01008015,Sheffield 039D,Sheffield 039D,437882,386890,-1.43202,53.3775,f16bd33e-be61-445a-847a-dc9206d18056,"POLYGON ((-1.43315526205541 53.38491408140356, -1.4303398833003453 53.38295267263559, -1.4269145868225463 53.38156964349623, -1.4259772458817042 53.38095597724154, -1.4271603770949814 53.379368101869076, -1.424303366648534 53.37849506170862, -1.4247121258958277 53.378097914107684, -1.4259775319708028 53.37789726185041, -1.427510986240387 53.37676305441443, -1.4281276239216942 53.37561545218116, -1.4280006257817768 53.37537287660479, -1.4284936048509393 53.37469229137881, -1.428207720372955 53.37412370758492, -1.4288165532041932 53.371157950120065, -1.4302546522101565 53.37053799932631, -1.4320732103902554 53.37095111786869, -1.4324926548099435 53.37090512990369, -1.436327399109255 53.37307807625731, -1.4365068737381437 53.37348115949303, -1.4350867900184388 53.373680612736536, -1.43431562675828 53.374178069554425, -1.4347017949878411 53.37566389975715, -1.4346796246146976 53.375878463411674, -1.4344033602852346 53.37810665401547, -1.434452526924462 53.37962460432625, -1.4355015604598815 53.380791312952944, -1.4376726369094657 53.38380579143096, -1.4396670058968444 53.38362532687279, -1.4389231349250917 53.384791876693015, -1.4368709310096706 53.3859075511043, -1.43315526205541 53.38491408140356))",15.03189778109422,13.198739515107114,26.580794856812943,1.64984243938839,24.930952417424553,20717.510694649824,22194.674435930276,281.82236508621935,307.45356643819133,0.8023522196037308,35,591.928876989995,480.590670065815,634.1335553122935,480.590670065815,8.052067573891982,7.274931542298645,8.784387612519753,7.321914898548234,8.052067573891982,8.784387612519753,69,E01008015,0.7887,E01008015,"1,515",1515.0,1477.163741280452,25.63120135197198,42.20467832229849,0.7323200386277708,0.0,0.04698335624958894,Increased,Increased,Increased,0.022924349131535165
186,E01008016,Sheffield 032F,Sheffield 032F,438575,387104,-1.42158,53.3794,fa1b159f-445a-490c-a9ab-f5771cbfce13,"POLYGON ((-1.4193820492435696 53.38313073030235, -1.4190024353238058 53.382757632459295, -1.4186337901330892 53.38290441319948, -1.4171464503637416 53.38212473718033, -1.4153344007873796 53.38121640682668, -1.4160447302184258 53.38048293260561, -1.4151045945371237 53.37989324760366, -1.4160593697099382 53.379388744212456, -1.4157188928049802 53.37878507738826, -1.4149362689731564 53.378959669738684, -1.4146364365531852 53.37846893810885, -1.4137012323779694 53.378663406291935, -1.4134110352138796 53.378206720472974, -1.4130413685975725 53.3785091187678, -1.4124871451064092 53.378370987658684, -1.414032793252806 53.37644506982031, -1.4142819314198494 53.37574610593034, -1.4145039624847904 53.37589509512772, -1.414892315224265 53.3755264829286, -1.4155149181097 53.375716191382686, -1.4188815494473548 53.37677721192844, -1.4207710117092331 53.377383291818184, -1.4221249686418724 53.37780362825216, -1.42394152996576 53.37839082770736, -1.424303366648534 53.37849506170862, -1.4271603770949814 53.379368101869076, -1.4259772458817042 53.38095597724154, -1.4257099618775617 53.38078921644323, -1.4240773471753354 53.381554207918064, -1.4232018174225465 53.38188441724133, -1.422536272919616 53.382261828551115, -1.422089163708663 53.383218119224985, -1.4193820492435696 53.38313073030235))",46.56221995607235,57.74448537859366,97.52401975051373,6.782685584152273,90.74133416636145,8199.391763260095,8259.549099630716,100.65029502812081,101.86482353298103,0.29206239073644413,15,546.626117550673,371.412229551095,550.6366066420477,427.856502923976,6.710019668541388,3.6916687782771973,6.790988235532068,4.252699205237167,6.7100196685413875,6.790988235532069,46,E01008016,0.4266,E01008016,"1,505",1505.0,60.157336370621124,1.2145285048602261,4.010489091374666,0.08096856699067967,56.444273372881014,0.5610304269599693,Increased,Increased,Increased,0.019470826049096276
187,E01008017,Sheffield 039E,Sheffield 039E,439121,386450,-1.41345,53.3735,be642d8f-e938-4ff5-98e8-2f828a101d82,"POLYGON ((-1.4072423563233847 53.37879976793224, -1.406517783761608 53.377059736089414, -1.4066794946522576 53.3763771623149, -1.4075798099213321 53.37581192572442, -1.4077508830143468 53.37483201091798, -1.4080909530190402 53.373908570076644, -1.407349229021051 53.37164450324392, -1.4076361076101953 53.370581192467064, -1.4078042675764242 53.370330352520014, -1.4083485566047114 53.36969169915962, -1.4103317738743482 53.3687912568065, -1.4101158006098264 53.36765652114109, -1.410510229601582 53.367340393111796, -1.4111693365133522 53.36734867305851, -1.411189518462877 53.367366431850265, -1.4116166109853607 53.36852324854749, -1.4117880243359986 53.36890135936196, -1.4153522256784763 53.36994287614703, -1.4150386605693364 53.37119240192951, -1.4167442427828936 53.371551430201016, -1.416919499060908 53.370824198518186, -1.418385426825856 53.37051906000432, -1.419089498776872 53.37040331414082, -1.4194766382910209 53.37133278895045, -1.420591352933626 53.371734344600895, -1.4210343747284655 53.372279583226685, -1.4217569878418648 53.37274268682978, -1.4198596231664984 53.37255389949277, -1.4190613453729573 53.37318517181969, -1.418886530895338 53.37275279038173, -1.4178988633014202 53.37285144088257, -1.4190318075993043 53.3735401009427, -1.4187432465244778 53.37383409351716, -1.4203158546411465 53.37434239998862, -1.4208910871355633 53.37368176852684, -1.4222177965212544 53.374339957834394, -1.4220791821342595 53.37482867839486, -1.4235384852576458 53.37565104414801, -1.4237708860624452 53.376757320178726, -1.4242598488815128 53.37708000931245, -1.4236855205671781 53.37731094616403, -1.4229365334340596 53.37698416719686, -1.4221249686418724 53.37780362825216, -1.4207710117092331 53.377383291818184, -1.4188815494473548 53.37677721192844, -1.4155149181097 53.375716191382686, -1.414892315224265 53.3755264829286, -1.4145039624847904 53.37589509512772, -1.4142819314198494 53.37574610593034, -1.414055148026019 53.37554481455123, -1.4135525325487568 53.375850004860915, -1.413865984904008 53.37603611812243, -1.4135819059092987 53.376304187728515, -1.4109247423781526 53.3751636956094, -1.4092361897355874 53.37539765997749, -1.4089282240358514 53.37701410768902, -1.4092921288570501 53.377272904809026, -1.4098046850377413 53.377110037147055, -1.4109520740293633 53.37802419219468, -1.4116465319320972 53.37815740339449, -1.4112242516681688 53.37884164762115, -1.4086426512544712 53.37956280497099, -1.4072423563233847 53.37879976793224))",30.797058868583292,22.73116249824006,50.59516814124399,2.933053225579365,47.662114915664624,11377.392082772538,9621.585056370797,124.02557914579724,106.72823857565531,0.2955228741469862,19,598.8101096196073,499.658013699311,506.39921349319974,427.856502923976,6.527662060305117,4.966373593080587,5.617275714508175,4.252699205237167,6.527662060305118,5.617275714508175,45,E01008017,0.7119,E01008017,"1,636",1636.0,-1755.8070264017406,-17.297340570141927,-92.41089612640752,-0.9103863457969421,-71.80151077533503,-0.7136743878434206,Reduced,Reduced,Reduced,0.015553835481420326
188,E01008018,Sheffield 039F,Sheffield 039F,438464,386351,-1.42334,53.3726,1143d4d3-5ff3-4441-a4c9-ee10824c392d,"POLYGON ((-1.4221249686418724 53.37780362825216, -1.4229365334340596 53.37698416719686, -1.4236855205671781 53.37731094616403, -1.4242598488815128 53.37708000931245, -1.4237708860624452 53.376757320178726, -1.4235384852576458 53.37565104414801, -1.4220791821342595 53.37482867839486, -1.4222177965212544 53.374339957834394, -1.4208910871355633 53.37368176852684, -1.4203158546411465 53.37434239998862, -1.4187432465244778 53.37383409351716, -1.4190318075993043 53.3735401009427, -1.4178988633014202 53.37285144088257, -1.418886530895338 53.37275279038173, -1.4190613453729573 53.37318517181969, -1.4198596231664984 53.37255389949277, -1.4217569878418648 53.37274268682978, -1.4210343747284655 53.372279583226685, -1.420591352933626 53.371734344600895, -1.4194766382910209 53.37133278895045, -1.419089498776872 53.37040331414082, -1.4196717488481976 53.37043942115707, -1.420116637093982 53.36985495938624, -1.4209254760739187 53.36966948238957, -1.420628794486082 53.369280772818165, -1.4209454284342784 53.369057922686146, -1.4222977534695225 53.36988854115513, -1.4228416782746454 53.37020690028327, -1.423005665596723 53.369775109895286, -1.4246616888074624 53.36956736966404, -1.4264258837273942 53.37110971066295, -1.4268644656214458 53.37083207794563, -1.4274401665373457 53.37116035718522, -1.4288165532041932 53.371157950120065, -1.428207720372955 53.37412370758492, -1.4284936048509393 53.37469229137881, -1.4280006257817768 53.37537287660479, -1.4281276239216942 53.37561545218116, -1.427510986240387 53.37676305441443, -1.4259775319708028 53.37789726185041, -1.4247121258958277 53.378097914107684, -1.424303366648534 53.37849506170862, -1.42394152996576 53.37839082770736, -1.4221249686418724 53.37780362825216))",3.6663165319742,2.9330532255793593,6.416053930954849,0.18331582659871,6.232738104356139,6161.666442003074,6312.068485408828,70.64661663393368,72.04200855891798,0.1740855018444796,7,880.2380631432962,728.844588050736,901.7240693441182,746.069870748516,10.092373804847668,9.502076572314635,10.291715508416855,9.285902333015027,10.092373804847668,10.291715508416855,50,E01008018,0.3967,E01008018,"1,619",1619.0,150.40204340575383,1.3953919249843096,21.486006200821976,0.19934170356918735,17.225282697780017,-0.21617423929960822,Increased,Increased,Reduced,0.02486935740635423
189,E01008019,Sheffield 065A,Sheffield 065A,444249,381291,-1.3371,53.3267,a99328db-4160-4f68-b6be-171a78b6f071,"POLYGON ((-1.3448021079311232 53.33487265563515, -1.344142852697615 53.33173217781112, -1.344133996020325 53.3314352551025, -1.342601674228198 53.33148075911038, -1.3410440884633146 53.332191286390156, -1.3389561851970555 53.33223366643924, -1.3381713815609755 53.33151920016114, -1.338900116536279 53.329060297936394, -1.3388201633292796 53.32743287569497, -1.3372143062116209 53.327388014476746, -1.3349709134361742 53.3277890233474, -1.3283486081226528 53.32662957023168, -1.3324812361054796 53.32346216237324, -1.3327643422736208 53.32293817640214, -1.3322643268264294 53.322089313815844, -1.3345193639336461 53.321042626189694, -1.334611796337787 53.32028751181712, -1.3362210769525056 53.31856322418951, -1.3370526474713211 53.319136939194, -1.336983973438692 53.319781022360814, -1.3364280126055477 53.32098280709436, -1.3367436746600374 53.32191119496617, -1.3370548732133842 53.322173600401335, -1.3397580302214451 53.322116672990084, -1.3401974548123916 53.3238007177938, -1.3403895726724178 53.32399883302669, -1.342390291104527 53.32370764076967, -1.342431543788102 53.32423706448318, -1.3422751990465693 53.325047692183254, -1.3434405031623196 53.3258086487482, -1.3465455559807606 53.32568039213706, -1.3465070303210136 53.326486434847624, -1.3459375016096555 53.32642039360741, -1.3452321394016595 53.32757788395414, -1.346216063837049 53.32774010078218, -1.3462186669798133 53.327174290420146, -1.3469452694917095 53.32705263097521, -1.3470366774526459 53.3253487040384, -1.3477087441560736 53.32544652767909, -1.3482689113769017 53.326822614073045, -1.349214138477043 53.327125445437055, -1.348817342527031 53.32759569852384, -1.3509610326380417 53.3274164060794, -1.35306171316976 53.327245390440645, -1.3528461512382743 53.32806922577281, -1.3533358357514136 53.32870829768086, -1.3529736768389913 53.32912814223115, -1.3538066550780483 53.329401423035904, -1.3540081841140033 53.32986212152, -1.3535811338109138 53.330300262174184, -1.351450877814124 53.32961733177033, -1.3511863851520025 53.33028551716343, -1.3507321552063485 53.330355506350664, -1.3507329254626192 53.32998817311556, -1.3494127942999345 53.3297882649524, -1.349622485924997 53.32928143092672, -1.3489996170033147 53.3293837622232, -1.3489560834451457 53.33046145615446, -1.3476016418992693 53.33072682733876, -1.348189725006206 53.33142583812853, -1.3478076802449006 53.331442268394945, -1.3484021726290887 53.333166506504845, -1.3496489053696272 53.33302365933148, -1.3499888572493528 53.33342236027938, -1.3497778558699038 53.33441473490386, -1.348772366138951 53.33457135379987, -1.3483573982608177 53.33462694585507, -1.3448021079311232 53.33487265563515))",49.49527318165171,56.46127459240267,99.72380966969823,6.232738104356148,93.49107156534208,16516.81526999992,15092.149963036216,238.0467449116959,226.71925545620627,0.49105260974566417,35,471.9090077142834,352.087293863343,431.2042846581775,321.221386228016,6.801335568905597,5.678952111039988,6.477693013034464,4.527309144040172,6.801335568905597,6.4776930130344645,68,E01008019,1.0568,E01008019,"1,772",1772.0,-1424.6653069637032,-11.327489455489626,-40.70472305610588,-0.32364255587113355,-30.865907635327005,-1.151642966999816,Reduced,Reduced,Reduced,0.014030074564161834
190,E01008020,Sheffield 065B,Sheffield 065B,442967,382154,-1.35623,53.3346,a6ed1b1e-9b60-48c6-bab7-e3cd02b9ec4f,"POLYGON ((-1.3572756912074935 53.33667653856182, -1.3566104081933472 53.33620117691437, -1.356359537396779 53.33650069820619, -1.3555349350057173 53.33641278827125, -1.3519836833331618 53.33642411240473, -1.3518305200968306 53.33583687287703, -1.3541110566542633 53.33570445060687, -1.3527087178678292 53.33406415281833, -1.3532794268706383 53.334056558326274, -1.3536480351027154 53.33370541092474, -1.3533604646218376 53.33305921840847, -1.3525854326426778 53.33280159751732, -1.3531537462005487 53.33254357106678, -1.3526261076160981 53.331976783464256, -1.3537982955281356 53.331829538144376, -1.3546393389779048 53.33129438109696, -1.355234365551943 53.331465358524675, -1.3555674112563199 53.33149752658534, -1.3581532066305868 53.333812595986544, -1.3595541601483225 53.33469830075388, -1.3615223206636697 53.33575072807353, -1.359180728382677 53.336240044861384, -1.3589407575207018 53.33714710304156, -1.3571555064677387 53.337819884267255, -1.3573877416630251 53.33707312600721, -1.3568838911447296 53.336884425182994, -1.3572756912074935 53.33667653856182))",22.91447832483876,17.415003526877438,39.596218545321356,0.73326330639484,38.86295523892652,2806.6367896348793,2646.027150190418,35.712160227028065,33.87194710508898,0.05396481947370149,6,467.77279827247986,446.1773879707185,441.00452503173636,416.95706067858697,5.952026704504678,5.934768864925144,5.64532451751483,5.206141532044917,5.952026704504678,5.64532451751483,11,E01008020,0.2067,E01008020,"1,228",1228.0,-160.6096394444612,-1.8402131219390867,-26.768273240743497,-0.3067021869898481,-29.220327292131515,-0.7286273328802269,Reduced,Reduced,Reduced,0.008994136578950249
191,E01008021,Sheffield 072A,Sheffield 072A,441295,381826,-1.38138,53.3318,2dc0f35f-f067-4a2b-83e8-ec2b257364ac,"POLYGON ((-1.386294248061159 53.33839365388811, -1.382252938809572 53.338216926821964, -1.3818060643044425 53.33968509304656, -1.3789746360745272 53.340090632275135, -1.3788201594786331 53.33962077419721, -1.3778763332385873 53.339152262180654, -1.3799628111014237 53.337657115213666, -1.3794101830293628 53.3363815820393, -1.3782147779035427 53.335857031373834, -1.3750332079827123 53.33510211313201, -1.373119224217037 53.33552428660973, -1.3728394293229862 53.335120244233956, -1.3720556069178558 53.33432655571057, -1.371005728467993 53.33413369272418, -1.3714756390061118 53.332119168070776, -1.372216664603606 53.33182330392556, -1.3727257352821087 53.330867552148085, -1.3715454815932624 53.33042743621906, -1.3715007371299024 53.329883592939986, -1.3696938985423432 53.329259752248156, -1.3693268985119602 53.32913450520104, -1.369907991320911 53.32868122949363, -1.3730505949554779 53.32775522671141, -1.3756276112162962 53.329015357082525, -1.3799340511085454 53.33059449607458, -1.382562834185918 53.33134367631702, -1.3829413426220636 53.330543400119936, -1.3820256509958775 53.327105736305796, -1.3920389975100234 53.3225701719776, -1.390482854622002 53.32606795529178, -1.3912016659504562 53.32824356321532, -1.390681199289799 53.330351704784135, -1.3903310725551419 53.33105625759041, -1.3906568971499997 53.33160454847114, -1.3888784665906118 53.333303375287464, -1.3879543412734718 53.33444367963032, -1.3872628638941933 53.334168540275314, -1.386569382798824 53.334542620911364, -1.3889635479860043 53.336423455310786, -1.389865692141271 53.336970471476725, -1.3886143285826116 53.337608458441984, -1.3903665669191319 53.33985927862402, -1.3906679446866075 53.340612226345655, -1.3903426713212608 53.340775860655015, -1.3898852325033264 53.34100591557249, -1.386294248061159 53.33839365388811))",31.1636905217807,14.848581954495508,44.72906169008524,1.28321078619097,43.44585090389427,2189.355088642313,2241.752683947355,27.20149332142293,27.85250367883028,0.045859816326470695,4,547.3387721605783,604.9452295752756,560.4381709868387,592.2636125032241,6.8003733303557325,7.516100840600975,6.96312591970757,7.358538952225812,6.8003733303557325,6.96312591970757,52,E01008021,1.355,E01008021,"1,391",1391.0,52.397595305041705,0.6510103574073511,13.099398826260426,0.16275258935183778,-12.681617072051495,-0.15756188837516305,Increased,Increased,Reduced,0.011464954081617674
192,E01008022,Sheffield 065C,Sheffield 065C,443280,381928,-1.35156,53.3325,7a05b116-6968-4f47-856d-2efd3c79a89d,"POLYGON ((-1.3499888572493528 53.33342236027938, -1.3496489053696272 53.33302365933148, -1.3484021726290887 53.333166506504845, -1.3478076802449006 53.331442268394945, -1.348189725006206 53.33142583812853, -1.3476016418992693 53.33072682733876, -1.3489560834451457 53.33046145615446, -1.3489996170033147 53.3293837622232, -1.349622485924997 53.32928143092672, -1.3494127942999345 53.3297882649524, -1.3507329254626192 53.32998817311556, -1.3507321552063485 53.330355506350664, -1.3511863851520025 53.33028551716343, -1.351450877814124 53.32961733177033, -1.3535811338109138 53.330300262174184, -1.3537295308105786 53.33053192120217, -1.3546183862027006 53.330100426047906, -1.3554021839167383 53.330610138703555, -1.3555674112563199 53.33149752658534, -1.355234365551943 53.331465358524675, -1.3546393389779048 53.33129438109696, -1.3537982955281356 53.331829538144376, -1.3526261076160981 53.331976783464256, -1.3531537462005487 53.33254357106678, -1.3525854326426778 53.33280159751732, -1.3533604646218376 53.33305921840847, -1.3536480351027154 53.33370541092474, -1.3532794268706383 53.334056558326274, -1.3527087178678292 53.33406415281833, -1.3541110566542633 53.33570445060687, -1.3518305200968306 53.33583687287703, -1.351551570212304 53.335340190893156, -1.3501918470070315 53.33496503756564, -1.3497778558699038 53.33441473490386, -1.3499888572493528 53.33342236027938))",9.532422983132921,15.581845260890358,24.38100493762844,0.73326330639484,23.6477416312336,4655.953794433723,4051.0224237992443,77.13010813163349,67.10886993012134,0.15867066343897498,8,581.9942243042153,740.339804872672,506.3778029749056,493.2534477481375,9.641263516454188,12.264402037719695,8.388608741265168,8.171191863329476,9.641263516454186,8.388608741265168,14,E01008022,0.194,E01008022,"1,440",1440.0,-604.9313706344783,-10.021238201512148,-75.61642132930973,-1.2526547751890202,-247.08635712453446,-4.093210174390219,Reduced,Reduced,Reduced,0.019833832929871873
193,E01008023,Sheffield 072B,Sheffield 072B,443803,380755,-1.34387,53.3219,d9c03e67-96d6-4de2-96df-c7b3e2385817,"POLYGON ((-1.3452321394016595 53.32757788395414, -1.3459375016096555 53.32642039360741, -1.3465070303210136 53.326486434847624, -1.3465455559807606 53.32568039213706, -1.3434405031623196 53.3258086487482, -1.3422751990465693 53.325047692183254, -1.342431543788102 53.32423706448318, -1.342390291104527 53.32370764076967, -1.3403895726724178 53.32399883302669, -1.3401974548123916 53.3238007177938, -1.3397580302214451 53.322116672990084, -1.3370548732133842 53.322173600401335, -1.3367436746600374 53.32191119496617, -1.3364280126055477 53.32098280709436, -1.336983973438692 53.319781022360814, -1.3370526474713211 53.319136939194, -1.3362210769525056 53.31856322418951, -1.336657910616198 53.31648762760361, -1.3377512379723506 53.31582824526085, -1.3403233284096507 53.315547250546835, -1.3416287026819071 53.316061456816634, -1.3409823011682604 53.31696637204231, -1.3433439057526564 53.317945962318085, -1.3470564070475686 53.31847340871682, -1.3472883378671308 53.318882501259814, -1.3516351067989445 53.31900665233532, -1.3510123986017206 53.32034990459039, -1.3500243397603988 53.32025689585249, -1.349829826732615 53.32090772976404, -1.3490890084810756 53.32094151261132, -1.3485719666657432 53.322300824907565, -1.3484172250047854 53.32330584042752, -1.3461309879392847 53.32328356724141, -1.3459670421531444 53.32448795551884, -1.3474989769421408 53.32434284637308, -1.3471795060505347 53.324975594613186, -1.346364819911437 53.32498452052163, -1.3470366774526459 53.3253487040384, -1.3469452694917095 53.32705263097521, -1.3462186669798133 53.327174290420146, -1.346216063837049 53.32774010078218, -1.3452321394016595 53.32757788395414))",66.36032922873304,77.72591047785313,126.3046045265113,17.781635180074886,108.52296934643641,11733.947021517839,8492.981103035603,153.62360459506155,116.73256844727109,0.6042027275855548,17,690.2321777363434,531.21539155053,499.58712370797656,504.320145475632,9.036682623238915,8.12885100801942,6.866621673368886,5.012713064292026,9.036682623238915,6.866621673368888,63,E01008023,0.6365,E01008023,"2,533",2533.0,-3240.965918482236,-36.89103614779046,-190.64505402836681,-2.170060949870029,-26.895246074897955,-3.116137943727395,Reduced,Reduced,Reduced,0.03554133691679734
194,E01008024,Sheffield 072C,Sheffield 072C,442527,381914,-1.36287,53.3325,a5f469d8-689f-4a65-9708-1a03f7b8ebb8,"POLYGON ((-1.3615223206636697 53.33575072807353, -1.3595541601483225 53.33469830075388, -1.3581532066305868 53.333812595986544, -1.3555674112563199 53.33149752658534, -1.3554021839167383 53.330610138703555, -1.3546183862027006 53.330100426047906, -1.3537295308105786 53.33053192120217, -1.3535811338109138 53.330300262174184, -1.3540081841140033 53.32986212152, -1.3538066550780483 53.329401423035904, -1.3529736768389913 53.32912814223115, -1.3533358357514136 53.32870829768086, -1.3528461512382743 53.32806922577281, -1.35306171316976 53.327245390440645, -1.3542085664259438 53.32715644485889, -1.3546785649927795 53.32706964672202, -1.3542061132260275 53.32632527035058, -1.3542609264294874 53.32592657961448, -1.3554679350532246 53.3260377961018, -1.3557648941260154 53.325508518824144, -1.3568155180923862 53.32577403377594, -1.357379424912319 53.32595100037385, -1.3579766082428768 53.32558061564555, -1.3587023491253172 53.32564859833337, -1.3591014746303067 53.32596452407366, -1.3601556038721734 53.326144346822076, -1.3605478899618004 53.32585456822473, -1.3615178348903796 53.32626103965033, -1.3627165346697458 53.32602022120136, -1.3635492714664037 53.326407732061355, -1.364366824035008 53.327157360913674, -1.3653581675163173 53.32697087712349, -1.3658435741429547 53.327309629955714, -1.366842076814462 53.327239797377345, -1.3669731193592871 53.32798585909284, -1.3681448529796383 53.328194037037015, -1.3698469984103594 53.32605749282076, -1.3730505949554779 53.32775522671141, -1.369907991320911 53.32868122949363, -1.3693268985119602 53.32913450520104, -1.3696938985423432 53.329259752248156, -1.3715007371299024 53.329883592939986, -1.3715454815932624 53.33042743621906, -1.3727257352821087 53.330867552148085, -1.372216664603606 53.33182330392556, -1.3714756390061118 53.332119168070776, -1.371005728467993 53.33413369272418, -1.3720556069178558 53.33432655571057, -1.3728394293229862 53.335120244233956, -1.3688672063004983 53.335443823917906, -1.36809281788014 53.33520032833061, -1.3653964729690735 53.33755685999664, -1.3644364882550573 53.33847759136219, -1.3624847214262354 53.338782538958185, -1.362255143413854 53.33667504572045, -1.3615223206636697 53.33575072807353))",35.19663870695233,44.54574586348654,75.89275221186597,3.84963235857291,72.04311985329306,9435.730888715338,7569.522002750997,143.77518800429144,112.62412880833853,0.3580914481486429,10,943.5730888715337,874.353269849679,756.9522002750997,691.8100145462715,14.377518800429147,10.863342704782223,11.262412880833852,11.460461934199834,14.377518800429144,11.262412880833853,48,E01008024,1.141,E01008024,"2,196",2196.0,-1866.2088859643409,-31.15105919595291,-186.62088859643404,-3.1151059195952957,-182.54325530340748,0.5971192294176113,Reduced,Reduced,Increased,0.03580914481486429
195,E01008025,Sheffield 072D,Sheffield 072D,441710,380883,-1.37527,53.3232,b0fc1624-54ef-48f3-8fbd-261fc90f68a6,"POLYGON ((-1.3730505949554779 53.32775522671141, -1.3698469984103594 53.32605749282076, -1.3681448529796383 53.328194037037015, -1.3669731193592871 53.32798585909284, -1.366842076814462 53.327239797377345, -1.3658435741429547 53.327309629955714, -1.3653581675163173 53.32697087712349, -1.364366824035008 53.327157360913674, -1.3635492714664037 53.326407732061355, -1.3627165346697458 53.32602022120136, -1.3622805788722523 53.32563305416978, -1.3612704405558511 53.32547959812759, -1.3612432211805 53.323906667825575, -1.3600497209349909 53.32308902382217, -1.358494559345793 53.323066913876495, -1.3584747477682104 53.322594902570984, -1.3583193706048047 53.32171175741622, -1.3579677124592764 53.3204401858924, -1.358624949243992 53.32067440442721, -1.3593501715291578 53.320362912367266, -1.3608180478273084 53.32045622099531, -1.3613395180519685 53.31834099940488, -1.3618280049017413 53.31849875961698, -1.3629910354674388 53.31751367421532, -1.3620084677688677 53.31581386308562, -1.3626433661496877 53.31509543758076, -1.3641925627353075 53.315211737368294, -1.3655587164380711 53.31584559246772, -1.3706754451264005 53.31606957308863, -1.372539353713211 53.31630328943189, -1.3742851439579904 53.317214987550194, -1.3771756574920524 53.317372156418315, -1.3782612171243716 53.31704418661554, -1.3796902222086278 53.317227191797656, -1.3806547711467834 53.316993151783166, -1.3836901452457677 53.317781624661976, -1.3844324919644546 53.3175371390969, -1.3851202015121864 53.317736990926186, -1.3868432713858272 53.317595885416374, -1.3869711610610869 53.31800646885598, -1.3873603375701806 53.317848834462, -1.3879187702140563 53.318339729879405, -1.389045156523212 53.31861730490546, -1.389971590059588 53.3184883346078, -1.392031393854081 53.32253686563173, -1.3920389975100234 53.3225701719776, -1.3820256509958775 53.327105736305796, -1.3829413426220636 53.330543400119936, -1.382562834185918 53.33134367631702, -1.3799340511085454 53.33059449607458, -1.3756276112162962 53.329015357082525, -1.3730505949554779 53.32775522671141))",30.063795562188446,28.41395312280006,56.461274592402695,2.0164740925858102,54.444800499816886,14578.359685954449,11627.083751588409,235.73478663640086,186.04487163373227,1.316362611479516,16,911.1474803721532,879.012794730908,726.6927344742757,666.3423398242085,14.733424164775052,14.561646206141125,11.62780447710827,10.750840766489812,14.733424164775053,11.627804477108267,60,E01008025,2.3311,E01008025,"1,952",1952.0,-2951.27593436604,-49.689915002668585,-184.4547458978775,-3.105619687666781,-212.67045490669955,-3.810805439651313,Reduced,Reduced,Reduced,0.08227266321746975
196,E01008027,Sheffield 065D,Sheffield 065D,443110,381088,-1.35423,53.325,219ddb01-8e90-4f68-a3c2-fc2d41163a39,"POLYGON ((-1.3482689113769017 53.326822614073045, -1.3477087441560736 53.32544652767909, -1.3470366774526459 53.3253487040384, -1.346364819911437 53.32498452052163, -1.3471795060505347 53.324975594613186, -1.3474989769421408 53.32434284637308, -1.3459670421531444 53.32448795551884, -1.3461309879392847 53.32328356724141, -1.3484172250047854 53.32330584042752, -1.3485719666657432 53.322300824907565, -1.3500521253979827 53.3222842106214, -1.3505433048459656 53.32257539000519, -1.3502773286773344 53.32335019162071, -1.352042719698377 53.32346287215861, -1.3527483116547545 53.323321521700656, -1.3529138107294962 53.322491895405655, -1.3537942918950614 53.32328135499946, -1.3541274124174103 53.322959344162406, -1.3545963262564176 53.32309967044535, -1.354742608006574 53.32400792919877, -1.355820302832972 53.32404110772709, -1.357663703943579 53.324530600743245, -1.3581433352754704 53.324288666627886, -1.3591149828612354 53.32467581403446, -1.3595493458552483 53.32440353661669, -1.3602540430969041 53.32476420817859, -1.3606299022924795 53.32400899392623, -1.3612432211805 53.323906667825575, -1.3612704405558511 53.32547959812759, -1.3622805788722523 53.32563305416978, -1.3627165346697458 53.32602022120136, -1.3615178348903796 53.32626103965033, -1.3605478899618004 53.32585456822473, -1.3601556038721734 53.326144346822076, -1.3591014746303067 53.32596452407366, -1.3587023491253172 53.32564859833337, -1.3579766082428768 53.32558061564555, -1.357379424912319 53.32595100037385, -1.3568155180923862 53.32577403377594, -1.3557648941260154 53.325508518824144, -1.3554679350532246 53.3260377961018, -1.3542609264294874 53.32592657961448, -1.3542061132260275 53.32632527035058, -1.3546785649927795 53.32706964672202, -1.3542085664259438 53.32715644485889, -1.35306171316976 53.327245390440645, -1.3509610326380417 53.3274164060794, -1.348817342527031 53.32759569852384, -1.349214138477043 53.327125445437055, -1.3482689113769017 53.326822614073045))",41.612692637907166,44.362430036887815,84.50859606200531,1.46652661278968,83.04206944921563,7146.50471699896,7363.274176137894,114.16818201828612,117.81172383579712,0.34289484079768023,10,714.650471699896,624.9199456055975,736.3274176137893,540.834170788046,11.416818201828612,8.774331246818939,11.781172383579712,8.66461790195202,11.416818201828612,11.781172383579712,15,E01008027,0.3153,E01008027,"1,444",1444.0,216.7694591389336,3.6435418175110073,21.67694591389329,0.3643541817511,-84.08577481755151,-0.1097133448669183,Increased,Increased,Reduced,0.03428948407976802
197,E01008028,Sheffield 056A,Sheffield 056A,443877,384183,-1.34229,53.3527,d574426b-3745-45c3-b0ce-739e97736eaa,"POLYGON ((-1.3377404646495514 53.35348914327506, -1.3356281084340005 53.35199676369672, -1.332076320882286 53.35239585236027, -1.3307418416829588 53.35116138066273, -1.33078925035036 53.3507720175854, -1.3358418624701056 53.35014780540316, -1.336386462375808 53.350313944492385, -1.336988465363857 53.350075391299086, -1.3362451099966164 53.34970187504387, -1.3364970293720098 53.349342168002984, -1.3381544941475847 53.349311286468605, -1.338249707601977 53.349677433882626, -1.338756733727784 53.34932343245124, -1.3418493046487652 53.34924265911842, -1.3419639344271201 53.349580599392105, -1.3448862734290166 53.349220242415555, -1.3464820309801067 53.350081081051385, -1.3474492360437575 53.34996894155256, -1.348061953868153 53.350341368876386, -1.3473971441681967 53.35054223210555, -1.3475568662315347 53.350986019071776, -1.3456755537340757 53.35171147035795, -1.3453582946180487 53.35151399569752, -1.3452747881786185 53.352061854481434, -1.3471036154073333 53.35232355533195, -1.3488033878398606 53.353168795937485, -1.3487225243126855 53.35354588422277, -1.3493404962635174 53.353414412541774, -1.349828805247655 53.353759356806975, -1.34824600574358 53.354355601278364, -1.3461843799561057 53.35515361793468, -1.3449047660289863 53.35522219092045, -1.3440124982874195 53.35624454934301, -1.343061102179911 53.35591852660669, -1.3390066953752413 53.355776491832806, -1.3377404646495514 53.35348914327506))",42.345955944302005,54.994747979613,93.3077557387434,4.032948185171615,89.27480755357178,3459.00394448123,4306.934723921195,53.555170419029736,66.2715223163331,0.04051981903784173,12,288.25032870676915,210.3756700282235,358.9112269934329,264.373388466588,4.462930868252478,3.2008735548371074,5.522626859694426,4.358851997089197,4.462930868252478,5.522626859694426,28,E01008028,0.5432,E01008028,"1,530",1530.0,847.9307794399647,12.716351897303369,70.66089828666372,1.0596959914419477,53.99771843836447,1.1579784422520891,Increased,Increased,Increased,0.0033766515864868106
198,E01008029,Sheffield 056B,Sheffield 056B,442317,383778,-1.36577,53.3492,b854bb77-2854-4891-a4ff-349bcd9f1c78,"POLYGON ((-1.3539684022056642 53.35133207501598, -1.3570243340637584 53.34996839558744, -1.357467880839183 53.34944890653772, -1.3578722451079512 53.349496073587375, -1.3593332137146714 53.3480852321393, -1.360716257130628 53.347987350821114, -1.3615326224100408 53.34695264134237, -1.3652947168927663 53.34641135915888, -1.365486165727635 53.346651955147685, -1.3685592532844613 53.34665408130841, -1.369744121793351 53.34631723071488, -1.3705753596642813 53.346466227535025, -1.370512248294499 53.34694418846751, -1.3678874994860735 53.34735843010694, -1.3678786127450149 53.34770242910501, -1.3728339686867546 53.34756619753371, -1.3749500255220752 53.347594876327314, -1.3747194157870917 53.34825210659758, -1.3754742720076627 53.3487952948286, -1.3755355134370484 53.34932204345148, -1.3733322068560807 53.349213798027655, -1.3733506720117001 53.349520008100086, -1.3725427208064909 53.349343647537616, -1.3716703549692648 53.35031650059747, -1.3706867014136705 53.35162939073379, -1.3715409722572138 53.35163268577577, -1.3713697120596928 53.35198550188873, -1.367981874581981 53.35138954814655, -1.3665295639409323 53.35080678947218, -1.3625740832543336 53.351266507777446, -1.359693318517818 53.350998472496386, -1.3558568147982712 53.352062450973484, -1.3539684022056642 53.35133207501598))",11.548897075718731,8.982475503336788,19.79810927266068,0.73326330639484,19.064845966265842,5444.395506917487,4696.0115254079565,71.64170535165181,62.3191415373374,0.4644855084529118,10,544.4395506917488,282.687101121856,469.60115254079574,294.2524858221925,7.164170535165181,2.944185392058812,6.23191415373374,3.059140060241389,7.164170535165181,6.23191415373374,26,E01008029,0.4963,E01008029,"1,471",1471.0,-748.3839815095307,-9.322563814314407,-74.83839815095303,-0.9322563814314409,11.565384700336494,0.11495466818257682,Reduced,Reduced,Increased,0.04644855084529118
199,E01008030,Sheffield 063A,Sheffield 063A,444292,383416,-1.33616,53.3458,14f98e9b-b0d6-4571-9ca5-808d7c942af9,"POLYGON ((-1.33078925035036 53.3507720175854, -1.331221153291012 53.34932692497981, -1.3305000494087862 53.34888046329539, -1.3293731106734954 53.34886129354296, -1.3291258817190108 53.34816994141946, -1.333309902230341 53.34553454222696, -1.3337159464481103 53.34574561911737, -1.334624948179693 53.34552109639161, -1.3342844936110445 53.34488194553147, -1.3336014777085132 53.34432900291194, -1.3345809135734579 53.34347752267492, -1.336322867412077 53.343286400005134, -1.3368591383291275 53.34287615517355, -1.3352396049659385 53.34245069633817, -1.3347284579410192 53.34144824752548, -1.3351060554048428 53.34152494484018, -1.3358377460673638 53.34092813764829, -1.3369529194732401 53.340661651720275, -1.3368377846195394 53.34030222798067, -1.3373838391770558 53.34009866553154, -1.3388846626274087 53.34020491948635, -1.339092615038659 53.33991050956676, -1.3399390925819956 53.33879555442417, -1.338490021650986 53.338952604284216, -1.3389042472951673 53.33870639394871, -1.338608384944827 53.33844945466661, -1.3399728376807856 53.33836068209032, -1.3406271899408895 53.34072835740383, -1.3419921217570514 53.34255031662667, -1.3429675027648977 53.3425171535737, -1.3431939185077975 53.34285685699593, -1.3392734518444172 53.34354910465284, -1.3407501889251352 53.34370110733309, -1.3410341220784892 53.34398627189478, -1.3412821760528557 53.344653558895544, -1.3400327379700665 53.345196441229234, -1.3396820071566977 53.34455236819485, -1.3388821603937098 53.344576921564446, -1.3388228458995506 53.345716158617265, -1.3385747702570276 53.34590969786953, -1.3373690014134667 53.34575581990847, -1.3367794251259097 53.346741818713106, -1.3372814689562695 53.347481032722264, -1.3359572735270344 53.34839689750377, -1.337379346889014 53.348258937081546, -1.3380405652705807 53.34852602198536, -1.3363643409084836 53.34869850613966, -1.3361018342808364 53.34905623944504, -1.3364970293720098 53.349342168002984, -1.3362451099966164 53.34970187504387, -1.336988465363857 53.350075391299086, -1.336386462375808 53.350313944492385, -1.3358418624701056 53.35014780540316, -1.33078925035036 53.3507720175854))",55.17806380621173,66.17701340213432,106.87312690704795,14.481950301298104,92.39117660574985,4419.939970728282,5181.99957993378,73.22032454127137,85.84453488696685,0.014960732441003459,18,245.55222059601567,216.9037762879235,287.88886555187673,272.722161330553,4.067795807848409,3.5932082786663293,4.769140827053715,4.517890580973146,4.067795807848409,4.769140827053715,208,E01008030,0.4485,E01008030,"1,407",1407.0,762.0596092054984,12.624210345695488,42.33664495586106,0.7013450192053057,55.81838504262947,0.9246823023068171,Increased,Increased,Increased,0.0008311518022779699
200,E01008031,Sheffield 061A,Sheffield 061A,441780,383405,-1.37389,53.3459,574f5471-af63-4a77-bf03-5e6011b9515c,"POLYGON ((-1.3733506720117001 53.349520008100086, -1.3733322068560807 53.349213798027655, -1.3755355134370484 53.34932204345148, -1.3754742720076627 53.3487952948286, -1.3747194157870917 53.34825210659758, -1.3749500255220752 53.347594876327314, -1.3728339686867546 53.34756619753371, -1.3678786127450149 53.34770242910501, -1.3678874994860735 53.34735843010694, -1.370512248294499 53.34694418846751, -1.3705753596642813 53.346466227535025, -1.369744121793351 53.34631723071488, -1.3698775534327299 53.34547442654786, -1.3705481976636904 53.34501157158119, -1.3710313936267955 53.34441652051741, -1.3682369331208868 53.344272970023724, -1.3680781070259747 53.34402095549024, -1.3698690953243713 53.34336377651585, -1.371185948324992 53.34322705165106, -1.372006971309002 53.34418949795059, -1.3737332082921097 53.3435552823923, -1.3738435685447217 53.344214290512674, -1.3750154557876182 53.34408443942379, -1.3755065282350378 53.344302083974085, -1.3756487511061568 53.344026772959495, -1.376529886866628 53.344013400045434, -1.3767270089447903 53.34431251565639, -1.378800351288485 53.34361664955598, -1.3793968594979753 53.343763755841884, -1.378439147928605 53.34444522622027, -1.3754143372096113 53.346293482184585, -1.3768287853889005 53.34712607116654, -1.3770837119356234 53.34758237350722, -1.3794709469728934 53.34723755870242, -1.3798541643492568 53.34737903779421, -1.3791597696133795 53.347613631880975, -1.379014911007482 53.34795529739505, -1.3795718435620243 53.348108233583545, -1.379308630102151 53.34855331156138, -1.3790267011858153 53.34916468120487, -1.3785054624501258 53.34909422245768, -1.3789403496918453 53.34937147928617, -1.3787221682949482 53.34978488894656, -1.3732919477783858 53.349759943184374, -1.3733506720117001 53.349520008100086))",78.27585795764924,61.41080191056787,133.8205534170584,5.866106451158727,127.95444696589966,6904.348627907861,7253.512324055866,121.62058403002594,125.01959661888417,0.3669887199413666,10,690.434862790786,818.4994389210635,725.3512324055866,706.202397109143,12.162058403002593,14.750013944429712,12.501959661888419,14.076758223746232,12.162058403002593,12.501959661888417,71,E01008031,0.2744,E01008031,"1,382",1382.0,349.16369614800533,3.399012588858227,34.9163696148006,0.3399012588858259,-112.29704181192051,-0.6732557206834802,Increased,Increased,Reduced,0.03669887199413666
201,E01008032,Sheffield 056C,Sheffield 056C,443908,383453,-1.34192,53.3462,f6df49ee-189f-4c1b-b43a-961b81c118ad,"POLYGON ((-1.338249707601977 53.349677433882626, -1.3381544941475847 53.349311286468605, -1.3364970293720098 53.349342168002984, -1.3361018342808364 53.34905623944504, -1.3363643409084836 53.34869850613966, -1.3380405652705807 53.34852602198536, -1.337379346889014 53.348258937081546, -1.3359572735270344 53.34839689750377, -1.3372814689562695 53.347481032722264, -1.3367794251259097 53.346741818713106, -1.3373690014134667 53.34575581990847, -1.3385747702570276 53.34590969786953, -1.3388228458995506 53.345716158617265, -1.3388821603937098 53.344576921564446, -1.3396820071566977 53.34455236819485, -1.3400327379700665 53.345196441229234, -1.3412821760528557 53.344653558895544, -1.3410341220784892 53.34398627189478, -1.3407501889251352 53.34370110733309, -1.3392734518444172 53.34354910465284, -1.3431939185077975 53.34285685699593, -1.3440673428107917 53.34291299231722, -1.3437015271292407 53.3439310141962, -1.3446195614609524 53.34415581576204, -1.344846933997921 53.34453359595152, -1.3455726611109182 53.34457897871668, -1.3452269744608147 53.344908815297444, -1.3457187897012175 53.345082910193796, -1.3449843425398502 53.34521004314319, -1.3450550136624158 53.34556509774275, -1.346677579262487 53.34579535515325, -1.3475400265148714 53.345386586453586, -1.3478745367241052 53.34560984433326, -1.3475180686148593 53.34586968668431, -1.3459279697251185 53.34614859627592, -1.3447146513951063 53.3459642567359, -1.3445315847555284 53.346405510084594, -1.344114304664507 53.34642849494418, -1.3449335224108614 53.347862212635675, -1.3450440466203604 53.348492035240106, -1.3445974006392454 53.34854885638616, -1.3441659446287468 53.34893882591624, -1.3418493046487652 53.34924265911842, -1.338756733727784 53.34932343245124, -1.338249707601977 53.349677433882626))",22.914478324838754,29.330532255793607,51.1451156210401,1.09989495959226,50.045220661447836,2349.7502842954586,2529.708221427761,38.92575002069752,41.90691687994642,0.00717596765535216,10,234.97502842954592,158.806652103841,252.97082214277606,262.7418048196525,3.8925750020697523,2.6307765904884146,4.190691687994642,4.352556900514742,3.8925750020697523,4.190691687994642,17,E01008032,0.3005,E01008032,"1,395",1395.0,179.9579371323025,2.9811668592489013,17.995793713230142,0.2981166859248896,103.93515271581148,1.7217803100263271,Increased,Increased,Increased,0.000717596765535216
202,E01008033,Sheffield 061B,Sheffield 061B,442560,383338,-1.36218,53.3452,093d5749-ac33-4b07-93a1-76c3d9d019fe,"POLYGON ((-1.3559437764237743 53.3484306200247, -1.3579024731253082 53.34555947796368, -1.3555735856913456 53.34555606272875, -1.3541972101047617 53.3451890734399, -1.3545411142950587 53.343303284258184, -1.354871393197508 53.343314058245944, -1.3600514196087747 53.343440804909925, -1.3637368045865446 53.34307399319696, -1.3634744032005048 53.34148047521195, -1.364724180375009 53.34131744596024, -1.366587146967173 53.3416239751831, -1.3692610118385198 53.34128119538019, -1.3694814121006111 53.341992762514124, -1.371432686585938 53.341667562910025, -1.3742921070936807 53.3414285690179, -1.3743215060996212 53.341429181524504, -1.3762967887244335 53.34167374732228, -1.376091833455776 53.34130312895292, -1.3767225880763927 53.3410185753084, -1.377100357484331 53.34130175248434, -1.3768741772101831 53.3418101560856, -1.3781593388258249 53.341756371305806, -1.3768875041470454 53.342503504552525, -1.3756765110082207 53.34224799951459, -1.3752392588438591 53.34301379583047, -1.3756922244749221 53.34343854884905, -1.3767560042707785 53.343283701781246, -1.3770887783191934 53.34280959864983, -1.3795237635606856 53.34336743977271, -1.3793968594979753 53.343763755841884, -1.378800351288485 53.34361664955598, -1.3767270089447903 53.34431251565639, -1.376529886866628 53.344013400045434, -1.3756487511061568 53.344026772959495, -1.3755065282350378 53.344302083974085, -1.3750154557876182 53.34408443942379, -1.3738435685447217 53.344214290512674, -1.3737332082921097 53.3435552823923, -1.372006971309002 53.34418949795059, -1.371185948324992 53.34322705165106, -1.3698690953243713 53.34336377651585, -1.3680781070259747 53.34402095549024, -1.3682369331208868 53.344272970023724, -1.3710313936267955 53.34441652051741, -1.3705481976636904 53.34501157158119, -1.3698775534327299 53.34547442654786, -1.369744121793351 53.34631723071488, -1.3685592532844613 53.34665408130841, -1.365486165727635 53.346651955147685, -1.3652947168927663 53.34641135915888, -1.3615326224100408 53.34695264134237, -1.360716257130628 53.347987350821114, -1.3593332137146714 53.3480852321393, -1.3578722451079512 53.349496073587375, -1.357467880839183 53.34944890653772, -1.3559437764237743 53.3484306200247))",129.23765775209057,124.28813043392555,230.24467820797992,23.2811099780362,206.96356822994372,19178.815377212522,18874.724100541964,283.1101839773607,283.10160124354366,2.135271790804411,26,737.6467452774049,847.96703906019,725.9509269439218,634.5350536974904,10.888853229898485,11.372769642733314,10.888523124751678,10.0051862237891,10.888853229898489,10.888523124751678,27,E01008033,0.6375,E01008033,"1,175",1175.0,-304.0912766705587,-0.008582733817036114,-11.69581833348309,-0.0003301051468067584,-213.4319853626996,-1.3675834189442142,Reduced,Reduced,Reduced,0.08212583810786198
203,E01008034,Sheffield 056D,Sheffield 056D,443377,383727,-1.34986,53.3487,5da24b05-b98e-435e-acb5-d4eecc31fc93,"POLYGON ((-1.349828805247655 53.353759356806975, -1.3493404962635174 53.353414412541774, -1.3487225243126855 53.35354588422277, -1.3488033878398606 53.353168795937485, -1.3471036154073333 53.35232355533195, -1.3452747881786185 53.352061854481434, -1.3453582946180487 53.35151399569752, -1.3456755537340757 53.35171147035795, -1.3475568662315347 53.350986019071776, -1.3473971441681967 53.35054223210555, -1.348061953868153 53.350341368876386, -1.3474492360437575 53.34996894155256, -1.3464820309801067 53.350081081051385, -1.3448862734290166 53.349220242415555, -1.3419639344271201 53.349580599392105, -1.3418493046487652 53.34924265911842, -1.3441659446287468 53.34893882591624, -1.3445974006392454 53.34854885638616, -1.3450440466203604 53.348492035240106, -1.3449335224108614 53.347862212635675, -1.344114304664507 53.34642849494418, -1.3445315847555284 53.346405510084594, -1.3447146513951063 53.3459642567359, -1.3459279697251185 53.34614859627592, -1.3475180686148593 53.34586968668431, -1.3478745367241052 53.34560984433326, -1.3475400265148714 53.345386586453586, -1.346677579262487 53.34579535515325, -1.3450550136624158 53.34556509774275, -1.3449843425398502 53.34521004314319, -1.3457187897012175 53.345082910193796, -1.3452269744608147 53.344908815297444, -1.3455726611109182 53.34457897871668, -1.344846933997921 53.34453359595152, -1.3446195614609524 53.34415581576204, -1.3450650837988947 53.3438565422636, -1.3460841941170796 53.343971441495704, -1.3459523977153502 53.34342996173376, -1.3464858978340735 53.343327723195586, -1.3464207407501279 53.34294449712488, -1.34704323250895 53.34250746062129, -1.3505974438404436 53.34385718147914, -1.3515883733884153 53.34324523421241, -1.3510770556119662 53.342122288695094, -1.350432558681369 53.341794269736475, -1.3509344889643857 53.340633119451994, -1.3528820734936782 53.34077743676904, -1.3539437679890187 53.34057439488539, -1.3546380737483117 53.34085885273478, -1.354871393197508 53.343314058245944, -1.3545411142950587 53.343303284258184, -1.3541972101047617 53.3451890734399, -1.3555735856913456 53.34555606272875, -1.3579024731253082 53.34555947796368, -1.3559437764237743 53.3484306200247, -1.357467880839183 53.34944890653772, -1.3570243340637584 53.34996839558744, -1.3539684022056642 53.35133207501598, -1.3558568147982712 53.352062450973484, -1.349828805247655 53.353759356806975))",138.2201332554274,124.65476208712295,251.50931409343033,11.365581249120028,240.1437328443103,21054.68385277951,18226.809236991907,323.1803481488339,277.8218171315841,2.2888665678525086,30,701.8227950926505,617.4611026652425,607.5603078997302,559.0266038950995,10.772678271627797,9.639345980622636,9.260727237719468,7.427946353425499,10.772678271627797,9.26072723771947,63,E01008034,0.8143,E01008034,"1,554",1554.0,-2827.874615787605,-45.35853101724979,-94.26248719292028,-1.5119510339083284,-58.43449877014302,-2.211399627197137,Reduced,Reduced,Reduced,0.07629555226175029
204,E01008035,Sheffield 063B,Sheffield 063B,444702,383076,-1.33005,53.3427,aeb2b007-59dd-41ea-9174-59767b4f8ce9,"POLYGON ((-1.3285969509975537 53.34894168679395, -1.3268819373721996 53.34376143853794, -1.325515292961599 53.338288467936685, -1.3298851625672032 53.33799276805825, -1.330175722958445 53.337730819373135, -1.330232878902469 53.33695810989728, -1.3291696329398603 53.336655347522715, -1.330063662465554 53.336256031754765, -1.3296557023538353 53.335610199799525, -1.3301165682055227 53.33558496196099, -1.3301096366195526 53.335143508570326, -1.3320351067239287 53.33510938997324, -1.332708792877243 53.33552813599914, -1.3322002815139316 53.33605815914899, -1.3318430891716488 53.33594425851499, -1.3321203865604099 53.33630012289737, -1.3317075842678883 53.336410505588745, -1.3322880048844834 53.33678257407474, -1.3320574192993335 53.33703080945467, -1.3327105939347776 53.33718564990753, -1.3324091996596252 53.33752810201399, -1.3331315726495638 53.33841771856128, -1.3342063754662117 53.33810238526999, -1.3343491235540725 53.33872136968108, -1.3338330845627868 53.33931022537673, -1.332867274918319 53.33942730833268, -1.331979579553591 53.33952971220222, -1.3319592951085277 53.34042822925678, -1.3336014777085132 53.34432900291194, -1.3342844936110445 53.34488194553147, -1.334624948179693 53.34552109639161, -1.3337159464481103 53.34574561911737, -1.333309902230341 53.34553454222696, -1.3291258817190108 53.34816994141946, -1.3293731106734954 53.34886129354296, -1.3285969509975537 53.34894168679395))",39.779534371920086,43.62916673049298,80.29233205023499,3.11636905217807,77.17596299805692,755.1229500804341,1004.460290488562,12.509298279981238,16.639798039219464,0.0024458318276709,4,188.78073752010852,150.2454041192845,251.1150726221405,227.120713027319,3.1273245699953094,2.4889517331240625,4.159949509804866,3.7624611257254523,3.1273245699953094,4.159949509804866,28,E01008035,0.4969,E01008035,"1,191",1191.0,249.33734040812794,4.130499759238226,62.334335102031986,1.0326249398095566,76.8753089080345,1.2735093926013898,Increased,Increased,Increased,0.000611457956917725
205,E01008036,Sheffield 063C,Sheffield 063C,444313,382705,-1.33594,53.3394,29688875-e1a1-4b0a-92f3-90fe1ccbcd30,"POLYGON ((-1.3336014777085132 53.34432900291194, -1.3319592951085277 53.34042822925678, -1.331979579553591 53.33952971220222, -1.332867274918319 53.33942730833268, -1.3338330845627868 53.33931022537673, -1.3343491235540725 53.33872136968108, -1.3342063754662117 53.33810238526999, -1.334889100703067 53.337542030816, -1.3353942475206018 53.33764605293385, -1.3362489766342716 53.3380173456159, -1.3361748841644603 53.338278094898804, -1.3370128154602494 53.33833529108116, -1.3370068243610223 53.33806493694859, -1.3375165114565546 53.338053429341656, -1.3375460189290924 53.33836777040268, -1.338608384944827 53.33844945466661, -1.3389042472951673 53.33870639394871, -1.338490021650986 53.338952604284216, -1.3399390925819956 53.33879555442417, -1.339092615038659 53.33991050956676, -1.3388846626274087 53.34020491948635, -1.3373838391770558 53.34009866553154, -1.3368377846195394 53.34030222798067, -1.3369529194732401 53.340661651720275, -1.3358377460673638 53.34092813764829, -1.3351060554048428 53.34152494484018, -1.3347284579410192 53.34144824752548, -1.3352396049659385 53.34245069633817, -1.3368591383291275 53.34287615517355, -1.336322867412077 53.343286400005134, -1.3345809135734579 53.34347752267492, -1.3336014777085132 53.34432900291194))",24.197689111029728,12.282160382113567,33.546796267563934,2.93305322557936,30.613743041984574,1055.5716365808623,1704.8721922179398,17.486503961336958,28.242758056059653,0.0013955253017656733,6,175.9286060968104,162.4730473349004,284.14536536965664,257.24936029687854,2.914417326889493,2.6915137612401923,4.707126342676609,4.261569562870839,2.914417326889493,4.707126342676609,19,E01008036,0.1791,E01008036,"1,290",1290.0,649.3005556370774,10.756254094722696,108.21675927284625,1.7927090157871155,94.77631296197814,1.5700558016306472,Increased,Increased,Increased,0.0002325875502942789
206,E01008037,Sheffield 065E,Sheffield 065E,443048,382764,-1.35493,53.34,b627c952-945f-409f-a0fd-d8fd09895cc1,"POLYGON ((-1.3489263256961195 53.340719937836354, -1.3483692294370129 53.33990323092154, -1.3474262032081699 53.33984260083855, -1.3474105586649674 53.3395548912199, -1.345078973451825 53.33981956280006, -1.3454551176836158 53.33744909025453, -1.346383893842451 53.33741555410977, -1.3466734345885252 53.33705419749553, -1.3467744826263086 53.337878620632154, -1.3477325599502172 53.33785837595166, -1.3478500035086345 53.33857819484973, -1.3486328046758567 53.3386706173949, -1.3494075317944418 53.3381517962657, -1.3494450316717561 53.337667097118086, -1.352476717014988 53.33765428698825, -1.352633794637272 53.33705381407752, -1.3519836833331618 53.33642411240473, -1.3555349350057173 53.33641278827125, -1.356359537396779 53.33650069820619, -1.3566104081933472 53.33620117691437, -1.3572756912074935 53.33667653856182, -1.3568838911447296 53.336884425182994, -1.3573877416630251 53.33707312600721, -1.3571555064677387 53.337819884267255, -1.3589407575207018 53.33714710304156, -1.3595986555523998 53.337292935989296, -1.3588247326224203 53.33754656300185, -1.3590558995002333 53.338574074933874, -1.360264838194002 53.338210472169294, -1.3603276440670342 53.338410818737465, -1.3602544741963383 53.33917434964169, -1.3613301491970362 53.33890000886044, -1.361509036890425 53.339303232908875, -1.3614145160027245 53.34027234104573, -1.3606666573984425 53.34029964640084, -1.3609041411840381 53.34189827373154, -1.3634020462102054 53.34134635846862, -1.3634744032005048 53.34148047521195, -1.3637368045865446 53.34307399319696, -1.3600514196087747 53.343440804909925, -1.354871393197508 53.343314058245944, -1.3546380737483117 53.34085885273478, -1.3539437679890187 53.34057439488539, -1.3528820734936782 53.34077743676904, -1.3509344889643857 53.340633119451994, -1.350432558681369 53.341794269736475, -1.3510770556119662 53.342122288695094, -1.3515883733884153 53.34324523421241, -1.3505974438404436 53.34385718147914, -1.34704323250895 53.34250746062129, -1.346173314088505 53.34187403106072, -1.3489263256961195 53.340719937836354))",75.52612055866848,75.52612055866857,141.88644978740155,9.165791329935487,132.72065845746607,20334.76230405099,17161.2728741921,296.96790129089834,244.70466868048902,2.4195554773676764,24,847.2817626687914,855.3137915248001,715.053036424671,602.708828919649,12.373662553787431,11.998202816075965,10.196027861687043,7.488314832833832,12.373662553787431,10.196027861687043,20,E01008037,0.5837,E01008037,"1,327",1327.0,-3173.4894298588915,-52.26323261040932,-132.22872624412048,-2.177634692100389,-252.60496260515106,-4.509887983242133,Reduced,Reduced,Reduced,0.10081481155698652
207,E01008038,Sheffield 061C,Sheffield 061C,441219,382838,-1.38239,53.3409,4ad7ca60-05d1-4206-beba-aeebbc263d49,"POLYGON ((-1.3795237635606856 53.34336743977271, -1.3770887783191934 53.34280959864983, -1.3767560042707785 53.343283701781246, -1.3756922244749221 53.34343854884905, -1.3752392588438591 53.34301379583047, -1.3756765110082207 53.34224799951459, -1.3768875041470454 53.342503504552525, -1.3781593388258249 53.341756371305806, -1.3768741772101831 53.3418101560856, -1.377100357484331 53.34130175248434, -1.3767225880763927 53.3410185753084, -1.376091833455776 53.34130312895292, -1.3762967887244335 53.34167374732228, -1.3743215060996212 53.341429181524504, -1.3746983012568492 53.34087839842536, -1.3772864257412052 53.34038941630321, -1.3789746360745272 53.340090632275135, -1.3818060643044425 53.33968509304656, -1.382252938809572 53.338216926821964, -1.386294248061159 53.33839365388811, -1.3898852325033264 53.34100591557249, -1.3881815450662631 53.341608090509006, -1.3878925981306904 53.34171909335587, -1.3862844370409249 53.34222943677432, -1.382230508152619 53.34343433487193, -1.3811817765206782 53.343468611689126, -1.3795237635606856 53.34336743977271))",42.16264011770332,41.06274515811104,81.9421744896234,1.28321078619097,80.65896370343243,3117.574334644143,3615.605664120039,48.34728638565506,57.17997039005327,0.06734880861621338,10,311.75743346441425,142.64028882594602,361.5605664120039,273.287698131323,4.834728638565506,2.0287920283873655,5.717997039005327,4.527259212304495,4.834728638565506,5.717997039005327,43,E01008038,0.3369,E01008038,"1,438",1438.0,498.03132947589575,8.83268400439821,49.80313294758963,0.883268400439821,130.64740930537698,2.4984671839171293,Increased,Increased,Increased,0.006734880861621338
208,E01008039,Sheffield 065F,Sheffield 065F,443864,382685,-1.34269,53.3393,e3719374-a10a-4a86-ab00-d8acad2d2944,"POLYGON ((-1.3437015271292407 53.3439310141962, -1.3440673428107917 53.34291299231722, -1.3431939185077975 53.34285685699593, -1.3429675027648977 53.3425171535737, -1.3419921217570514 53.34255031662667, -1.3406271899408895 53.34072835740383, -1.3399728376807856 53.33836068209032, -1.3399359877178876 53.33640648816951, -1.340067164266245 53.33614096444439, -1.3409714066511274 53.33495943499966, -1.3448021079311232 53.33487265563515, -1.3483573982608177 53.33462694585507, -1.348772366138951 53.33457135379987, -1.3497778558699038 53.33441473490386, -1.3501918470070315 53.33496503756564, -1.351551570212304 53.335340190893156, -1.3518305200968306 53.33583687287703, -1.3519836833331618 53.33642411240473, -1.352633794637272 53.33705381407752, -1.352476717014988 53.33765428698825, -1.3494450316717561 53.337667097118086, -1.3494075317944418 53.3381517962657, -1.3486328046758567 53.3386706173949, -1.3478500035086345 53.33857819484973, -1.3477325599502172 53.33785837595166, -1.3467744826263086 53.337878620632154, -1.3466734345885252 53.33705419749553, -1.346383893842451 53.33741555410977, -1.3454551176836158 53.33744909025453, -1.345078973451825 53.33981956280006, -1.3474105586649674 53.3395548912199, -1.3474262032081699 53.33984260083855, -1.3483692294370129 53.33990323092154, -1.3489263256961195 53.340719937836354, -1.346173314088505 53.34187403106072, -1.34704323250895 53.34250746062129, -1.3464207407501279 53.34294449712488, -1.3464858978340735 53.343327723195586, -1.3459523977153502 53.34342996173376, -1.3460841941170796 53.343971441495704, -1.3450650837988947 53.3438565422636, -1.3446195614609524 53.34415581576204, -1.3437015271292407 53.3439310141962))",40.32948185171621,68.92675080111496,107.60639021344278,1.64984243938839,105.95654777405439,9590.82934603289,8130.348992369028,158.20075170542782,132.48758696505755,0.33734110131865064,24,399.61788941803707,324.3716500042795,338.76454134870954,321.953403526035,6.591697987726158,5.373511324269771,5.520316123544063,5.265448734300066,6.5916979877261594,5.520316123544064,20,E01008039,0.5029,E01008039,"1,199",1199.0,-1460.480353663862,-25.713164740370274,-60.853348069327524,-1.0713818641820945,-2.418246478244498,-0.10806258996970453,Reduced,Reduced,Reduced,0.014055879221610444
209,E01008040,Sheffield 061D,Sheffield 061D,441949,382588,-1.37146,53.3386,cd2c5b84-f9a6-4233-8543-5dc230d8afa9,"POLYGON ((-1.3694814121006111 53.341992762514124, -1.3692610118385198 53.34128119538019, -1.366587146967173 53.3416239751831, -1.364724180375009 53.34131744596024, -1.3634744032005048 53.34148047521195, -1.3634020462102054 53.34134635846862, -1.3609041411840381 53.34189827373154, -1.3606666573984425 53.34029964640084, -1.3614145160027245 53.34027234104573, -1.361509036890425 53.339303232908875, -1.3613301491970362 53.33890000886044, -1.3602544741963383 53.33917434964169, -1.3603276440670342 53.338410818737465, -1.360264838194002 53.338210472169294, -1.3590558995002333 53.338574074933874, -1.3588247326224203 53.33754656300185, -1.3595986555523998 53.337292935989296, -1.3589407575207018 53.33714710304156, -1.359180728382677 53.336240044861384, -1.3615223206636697 53.33575072807353, -1.362255143413854 53.33667504572045, -1.3624847214262354 53.338782538958185, -1.3644364882550573 53.33847759136219, -1.3653964729690735 53.33755685999664, -1.36809281788014 53.33520032833061, -1.3688672063004983 53.335443823917906, -1.3728394293229862 53.335120244233956, -1.373119224217037 53.33552428660973, -1.3750332079827123 53.33510211313201, -1.3782147779035427 53.335857031373834, -1.3794101830293628 53.3363815820393, -1.3799628111014237 53.337657115213666, -1.3778763332385873 53.339152262180654, -1.3788201594786331 53.33962077419721, -1.3789746360745272 53.340090632275135, -1.3772864257412052 53.34038941630321, -1.3746983012568492 53.34087839842536, -1.3743215060996212 53.341429181524504, -1.3742921070936807 53.3414285690179, -1.371432686585938 53.341667562910025, -1.3694814121006111 53.341992762514124))",54.811432153014294,86.89170180778864,136.93692246923646,4.766211491566461,132.17071097767,3174.952100715916,2431.30883046491,48.58091481297667,36.518485931545165,0.0854721995512512,8,396.86901258948944,107.6762043530275,303.91360380811363,213.20306101544003,6.072614351622085,1.5046241231093502,4.564810741443145,3.183194598895856,6.072614351622084,4.564810741443146,43,E01008040,0.7286,E01008040,"1,594",1594.0,-743.643270251006,-12.062428881431508,-92.95540878137581,-1.5078036101789403,105.52685666241253,1.6785704757865056,Reduced,Reduced,Increased,0.0106840249439064
210,E01008041,Sheffield 063D,Sheffield 063D,444405,381943,-1.33467,53.3326,37bf098c-ae4c-4c1a-ab18-a7c7b5d075d5,"POLYGON ((-1.3375460189290924 53.33836777040268, -1.3375165114565546 53.338053429341656, -1.3370068243610223 53.33806493694859, -1.3370128154602494 53.33833529108116, -1.3361748841644603 53.338278094898804, -1.3362489766342716 53.3380173456159, -1.3353942475206018 53.33764605293385, -1.334889100703067 53.337542030816, -1.3342063754662117 53.33810238526999, -1.3331315726495638 53.33841771856128, -1.3324091996596252 53.33752810201399, -1.3327105939347776 53.33718564990753, -1.3320574192993335 53.33703080945467, -1.3322880048844834 53.33678257407474, -1.3317075842678883 53.336410505588745, -1.3321203865604099 53.33630012289737, -1.3318430891716488 53.33594425851499, -1.3322002815139316 53.33605815914899, -1.332708792877243 53.33552813599914, -1.3320351067239287 53.33510938997324, -1.3301096366195526 53.335143508570326, -1.3301165682055227 53.33558496196099, -1.3296557023538353 53.335610199799525, -1.330063662465554 53.336256031754765, -1.3291696329398603 53.336655347522715, -1.330232878902469 53.33695810989728, -1.330175722958445 53.337730819373135, -1.3298851625672032 53.33799276805825, -1.325515292961599 53.338288467936685, -1.324726018542502 53.32881362727248, -1.3283006519713634 53.32895533419906, -1.3287866130277968 53.32776873621445, -1.328076530604197 53.3272416983492, -1.3283486081226528 53.32662957023168, -1.3349709134361742 53.3277890233474, -1.3372143062116209 53.327388014476746, -1.3388201633292796 53.32743287569497, -1.338900116536279 53.329060297936394, -1.3381713815609755 53.33151920016114, -1.3389561851970555 53.33223366643924, -1.3410440884633146 53.332191286390156, -1.342601674228198 53.33148075911038, -1.344133996020325 53.3314352551025, -1.344142852697615 53.33173217781112, -1.3448021079311232 53.33487265563515, -1.3409714066511274 53.33495943499966, -1.340067164266245 53.33614096444439, -1.3399359877178876 53.33640648816951, -1.3399728376807856 53.33836068209032, -1.338608384944827 53.33844945466661, -1.3375460189290924 53.33836777040268))",68.74343497451625,60.4942227775743,120.98844555514859,8.249212196941947,112.73923335820663,4670.977305542237,5157.178824661325,69.4643083221027,77.2272724724358,0.11307674186671328,20,233.54886527711196,150.2454041192845,257.8589412330663,215.7039051590995,3.4732154161051354,2.1745600771085405,3.861363623621789,3.3356425600760105,3.473215416105135,3.86136362362179,257,E01008041,1.1665,E01008041,"1,312",1312.0,486.2015191190876,7.762964150333104,24.310075955954318,0.3881482075166538,65.45850103981499,1.16108248296747,Increased,Increased,Increased,0.005653837093335664
211,E01008042,Sheffield 050A,Sheffield 050A,434364,384580,-1.48515,53.357,33c31c58-51ab-41ee-850a-8b282431c8f3,"POLYGON ((-1.4872606516055877 53.35916537578763, -1.4848613960763306 53.358598738294326, -1.4843897987347212 53.35890535424495, -1.4831882621012387 53.35939907414241, -1.4818543406562876 53.35935336333777, -1.4807542336365502 53.35932906158496, -1.4821644956928492 53.35894604799608, -1.4823727125585082 53.35825677843731, -1.4800456769144188 53.358342658843284, -1.4797884555939715 53.35844259976308, -1.479480906066387 53.35856693999315, -1.4792705295971624 53.35799589937411, -1.4823613176470811 53.357169263984744, -1.4831354145981896 53.35695042909626, -1.483366592112691 53.35622148637315, -1.484091826689198 53.35611929184168, -1.4834461481069396 53.35546675038032, -1.4840045423523855 53.35475458749308, -1.4835903177886818 53.3547258217222, -1.4836089274650575 53.35443025387285, -1.4838017102701746 53.354231746099096, -1.485384948935435 53.35427770567856, -1.485743476323293 53.35433150169175, -1.4856814513101004 53.354564547829156, -1.486099492223691 53.35473548670842, -1.4861119791522588 53.35537391095295, -1.4864981100145283 53.35533567101597, -1.4852430020297527 53.35607436320471, -1.4849459224194046 53.355965972571255, -1.484782537311162 53.356441661324254, -1.4854570472568254 53.35691000578955, -1.4860682123827575 53.3567897706914, -1.4863391219837214 53.35586468397232, -1.4880329753076251 53.35565859250563, -1.4869358598927058 53.35688734387202, -1.4877729924527858 53.35715571842997, -1.4870333100938165 53.35764100866219, -1.4867470582913707 53.3570863429375, -1.4856210367923322 53.35834794015087, -1.486477091221783 53.358156278739344, -1.486954916501966 53.358459041250605, -1.4896940669279142 53.355732751128336, -1.4898953435484712 53.3557467148398, -1.4900135366703782 53.35606432392021, -1.4918401903967167 53.35630981769312, -1.4899330619496518 53.358408931480305, -1.4895508606809758 53.358833175064234, -1.4891727334423084 53.358430679193255, -1.4883153421680497 53.35865311090016, -1.4886973281916136 53.358785299191325, -1.4885503294507116 53.35944993398178, -1.4881943919683291 53.35975441209272, -1.4874067951483385 53.35970489499476, -1.4872606516055877 53.35916537578763))",30.247111388787157,63.06064434995619,92.02454495255239,1.28321078619097,90.74133416636143,4012.2673061460446,3889.925196437309,66.46685616726586,64.44014787772743,0.6231812467135831,9,445.80747846067163,423.841956257305,432.2139107152565,453.090127830086,7.385206240807317,7.021327392881696,7.160016430858603,7.505849949518349,7.385206240807317,7.160016430858603,96,E01008042,0.1993,E01008042,"1,870",1870.0,-122.34210970873573,-2.0267082895384334,-13.593567745415157,-0.22518980994871463,29.24817157278096,0.48452255663665245,Reduced,Reduced,Increased,0.06924236074595368
212,E01008043,Sheffield 046A,Sheffield 046A,433405,384836,-1.49953,53.3594,bffb4935-c7eb-4309-bc42-65fdbdf589f8,"POLYGON ((-1.503038413231549 53.36124317424619, -1.5023352286955012 53.360800626066634, -1.501797944987444 53.36129387973614, -1.5010962426447925 53.36115787252102, -1.5006639902482772 53.361622786944906, -1.4999044501563485 53.36164339292669, -1.4973923491159888 53.360708267881314, -1.4966137921251352 53.36033030308039, -1.4953179512796868 53.36033184511795, -1.4954730843302129 53.359919019618864, -1.494542700491472 53.35981620950576, -1.4946594693357318 53.35910046460971, -1.4953712382533557 53.35860202070302, -1.4952070318706092 53.35770467491318, -1.4957636606120264 53.35684910698499, -1.4956481920084688 53.356540000586214, -1.4961728449746223 53.35601668058572, -1.4932897043039521 53.35553866808194, -1.4925419472780335 53.3546698336247, -1.493099570551105 53.35385936934401, -1.49412164713593 53.35299537176319, -1.4937176690576868 53.35276206779593, -1.4945292555525762 53.352204420489066, -1.4951230748354662 53.352151493733345, -1.496320400581655 53.352043576053944, -1.4970718157986627 53.35198668942388, -1.500503047452113 53.352328182057434, -1.5008536770773069 53.352009964113165, -1.5024997899546861 53.35279365174033, -1.502146357055878 53.353313341453955, -1.5008399349190669 53.35313156489054, -1.5004237975557788 53.35347899173662, -1.4995740798126551 53.35338288150142, -1.4990815628980307 53.35295350597147, -1.498343717918294 53.353214937832426, -1.4980912294591544 53.35387301116303, -1.4973061079131291 53.354121565591235, -1.4963347356313679 53.3545335768343, -1.4969413002235075 53.355179168982126, -1.499774544116157 53.35576906352502, -1.499269134397759 53.35648650152876, -1.5002389036849542 53.35684056667175, -1.4995252754247606 53.357194146220635, -1.4998129975688466 53.357270586364706, -1.501152018887589 53.35754319448195, -1.502770517157309 53.357313792727616, -1.5050924660599878 53.35814651680634, -1.506031282080833 53.359046308988475, -1.505204755971134 53.35951388704204, -1.5065677919014544 53.360643637011385, -1.506087181248692 53.36091168019627, -1.5041622787497186 53.36091368127748, -1.5039336572862418 53.36158282236581, -1.5035105283204933 53.361911435151896, -1.5038468837040984 53.36251695525396, -1.5025065818344028 53.3619214234636, -1.503038413231549 53.36124317424619))",44.91237751668396,48.21206239546072,85.60849102159756,7.515948890547119,78.09254213105044,5421.424929466294,4716.176379894418,103.09980955189098,87.80014753708086,0.18222316605440608,8,677.6781161832869,637.930309073516,589.5220474868022,484.85542201084803,12.887476193986373,11.776736494019872,10.975018442135106,9.454423156953151,12.887476193986373,10.975018442135108,72,E01008043,0.4802,E01008043,"1,771",1771.0,-705.2485495718765,-15.299662014810124,-88.15606869648468,-1.9124577518512673,-153.07488706266798,-2.3223133370667206,Reduced,Reduced,Reduced,0.02277789575680076
213,E01008044,Sheffield 046B,Sheffield 046B,433029,384541,-1.50521,53.3567,18b2d86e-26bf-43f5-897a-5e69e240a8a3,"POLYGON ((-1.5050924660599878 53.35814651680634, -1.502770517157309 53.357313792727616, -1.501152018887589 53.35754319448195, -1.4998129975688466 53.357270586364706, -1.4995252754247606 53.357194146220635, -1.5002389036849542 53.35684056667175, -1.499269134397759 53.35648650152876, -1.499774544116157 53.35576906352502, -1.4969413002235075 53.355179168982126, -1.4963347356313679 53.3545335768343, -1.4973061079131291 53.354121565591235, -1.4980912294591544 53.35387301116303, -1.498343717918294 53.353214937832426, -1.4990815628980307 53.35295350597147, -1.4995740798126551 53.35338288150142, -1.5004237975557788 53.35347899173662, -1.5008399349190669 53.35313156489054, -1.502146357055878 53.353313341453955, -1.5024997899546861 53.35279365174033, -1.5030460051745875 53.353087408876256, -1.5062423440861383 53.35414819106567, -1.507110206588141 53.35513977602156, -1.5078701071586713 53.354915675180685, -1.5099228470326604 53.35598576552269, -1.5096861031699733 53.356207489217006, -1.5106045103708015 53.356722732417204, -1.510207964986402 53.35750937213231, -1.5087848129965522 53.35872033813648, -1.5079362879865252 53.3603775276755, -1.5065677919014544 53.360643637011385, -1.505204755971134 53.35951388704204, -1.506031282080833 53.359046308988475, -1.5050924660599878 53.35814651680634))",10.265686289527766,16.315108567285183,26.21416320361553,0.36663165319742,25.84753155041811,5399.814271402106,3426.379968866332,102.74180935109877,66.43349721307608,0.19316210200904219,8,674.9767839252634,585.3465105431485,428.2974961082915,356.195050652053,12.84272616888735,11.719802665824758,8.304187151634508,6.3568851014805965,12.842726168887346,8.30418715163451,1658,E01008044,0.3805,E01008044,"1,650",1650.0,-1973.434302535774,-36.308312138022686,-246.67928781697185,-4.538539017252841,-229.1514598910955,-5.362917564344162,Reduced,Reduced,Reduced,0.024145262751130273
214,E01008045,Sheffield 050B,Sheffield 050B,433959,384437,-1.49125,53.3557,0cc54e5c-91c6-4423-9a8e-402c3d61bb0b,"POLYGON ((-1.486954916501966 53.358459041250605, -1.486477091221783 53.358156278739344, -1.4856210367923322 53.35834794015087, -1.4867470582913707 53.3570863429375, -1.4870333100938165 53.35764100866219, -1.4877729924527858 53.35715571842997, -1.4869358598927058 53.35688734387202, -1.4880329753076251 53.35565859250563, -1.4863391219837214 53.35586468397232, -1.4860682123827575 53.3567897706914, -1.4854570472568254 53.35691000578955, -1.484782537311162 53.356441661324254, -1.4849459224194046 53.355965972571255, -1.4852430020297527 53.35607436320471, -1.4864981100145283 53.35533567101597, -1.4861119791522588 53.35537391095295, -1.486099492223691 53.35473548670842, -1.4856814513101004 53.354564547829156, -1.485743476323293 53.35433150169175, -1.485754827554903 53.35430209450761, -1.4911789926286763 53.35298137100518, -1.4921206200318322 53.353179230484024, -1.4921695693280828 53.353498934030334, -1.493099570551105 53.35385936934401, -1.4925419472780335 53.3546698336247, -1.4932897043039521 53.35553866808194, -1.4961728449746223 53.35601668058572, -1.4956481920084688 53.356540000586214, -1.4957636606120264 53.35684910698499, -1.4952070318706092 53.35770467491318, -1.4944900101655763 53.35749612376627, -1.4938323127846593 53.358103429371496, -1.4925929913358538 53.35791997762695, -1.4915815116393472 53.35818247888662, -1.4911723357357025 53.357836863618424, -1.4923939124117704 53.356439470969704, -1.4918401903967167 53.35630981769312, -1.4900135366703782 53.35606432392021, -1.4898953435484712 53.3557467148398, -1.4896940669279142 53.355732751128336, -1.486954916501966 53.358459041250605))",37.579744452735554,44.54574586348656,80.29233205023502,1.8331582659871,78.45917378424792,3618.4340635255758,3228.4060532084836,73.23162644908416,63.15387928813277,0.08870193840579489,6,603.0723439209293,568.0770853499371,538.0676755347473,540.4318272457185,12.20527107484736,11.433718934900293,10.525646548022129,10.487858515384378,12.20527107484736,10.525646548022129,58,E01008045,0.2165,E01008045,"1,342",1342.0,-390.02801031709214,-10.07774716095139,-65.00466838618195,-1.679624526825231,-27.645258104218556,-0.945860419515915,Reduced,Reduced,Reduced,0.014783656400965815
215,E01008046,Sheffield 050C,Sheffield 050C,434149,384012,-1.48844,53.3519,6e358708-e78d-423e-b9a7-e4a67254f1e3,"POLYGON ((-1.48328022821076 53.353656520228796, -1.4846414170153805 53.352514640317516, -1.4837026096210664 53.35196170588582, -1.4848548753762374 53.35098149009718, -1.485017001883128 53.35116116411293, -1.48591703344573 53.350481152368104, -1.4866982492271188 53.34965525727896, -1.4873372143489312 53.34963304954577, -1.4875907808741866 53.34944370794972, -1.4887150566858827 53.35082201842957, -1.4890231104204446 53.35110731809158, -1.4945292555525762 53.352204420489066, -1.4937176690576868 53.35276206779593, -1.49412164713593 53.35299537176319, -1.493099570551105 53.35385936934401, -1.4921695693280828 53.353498934030334, -1.4921206200318322 53.353179230484024, -1.4911789926286763 53.35298137100518, -1.485754827554903 53.35430209450761, -1.485743476323293 53.35433150169175, -1.485384948935435 53.35427770567856, -1.4838017102701746 53.354231746099096, -1.48328022821076 53.353656520228796))",81.575542836426,50.96179979444139,129.78760523188674,2.74973739898065,127.03786783290609,3640.3066346436854,3909.208994365879,60.30498943053179,64.75960152462513,0.06924109459572082,12,303.3588862203071,152.0282970735295,325.7674161971565,238.9751511667905,5.025415785877649,2.518486976045169,5.396633460385427,3.958840672410451,5.025415785877649,5.396633460385427,359,E01008046,0.204,E01008046,"1,587",1587.0,268.9023597221935,4.454612094093335,22.408529976849366,0.3712176745077782,86.94685409326101,1.4403536963652819,Increased,Increased,Increased,0.005770091216310069
216,E01008047,Sheffield 046C,Sheffield 046C,433634,385679,-1.496,53.3669,a83db331-847f-40e2-a99d-bbbbfe461352,"POLYGON ((-1.495853150202818 53.36796724705036, -1.4955714816134698 53.36758680628665, -1.4932169575605587 53.36767572881757, -1.4931180548538547 53.36718092482589, -1.4929704157042705 53.36642999269985, -1.4933933003171214 53.366347477662025, -1.4929610760628547 53.36605954633264, -1.4950264807329954 53.36550459716689, -1.495814477489351 53.36530076358777, -1.4963020671759617 53.36574048122368, -1.4979071958768841 53.3656084094559, -1.4983524432379212 53.36566058127584, -1.4985042511050457 53.365878520822534, -1.499171444119259 53.36744015986627, -1.5006171509249273 53.36718554108078, -1.5019812073936385 53.36748786400584, -1.5019544083173444 53.36755647988153, -1.499314641676144 53.368455297285436, -1.498809983135328 53.36854423618675, -1.4977018808977591 53.36808754812072, -1.495853150202818 53.36796724705036))",66.36032922873304,60.127591124376885,123.18823547433315,3.29968487877678,119.88855059555638,2562.5322284812555,4798.701863413987,48.561802981383295,90.06089686104417,0.014997545759866199,7,366.07603264017933,315.664720559834,685.5288376305696,350.284513596249,6.937400425911899,7.843909681587507,12.865842408720596,8.704172207254887,6.937400425911899,12.865842408720596,76,E01008047,0.1134,E01008047,"1,344",1344.0,2236.1696349327312,41.499093879660876,319.45280499039023,5.928441982808697,34.61979303641499,0.8602625256673795,Increased,Increased,Increased,0.002142506537123743
217,E01008048,Sheffield 046D,Sheffield 046D,433284,385382,-1.50129,53.3643,18a2f1d3-62f5-4222-a656-4929bf459109,"POLYGON ((-1.5019812073936385 53.36748786400584, -1.5006171509249273 53.36718554108078, -1.499171444119259 53.36744015986627, -1.4985042511050457 53.365878520822534, -1.4983524432379212 53.36566058127584, -1.4979071958768841 53.3656084094559, -1.498209352589771 53.36528975775381, -1.4976381310279476 53.3648165233171, -1.4994125816594528 53.36481646849731, -1.4994333388019687 53.36407465441951, -1.4985429862801865 53.364129269545856, -1.4972549711595737 53.362801277970156, -1.4965375364788804 53.36280462866984, -1.4962836588302797 53.36253815740151, -1.4970074292806463 53.36151740242293, -1.4973923491159888 53.360708267881314, -1.4999044501563485 53.36164339292669, -1.5006639902482772 53.361622786944906, -1.5010962426447925 53.36115787252102, -1.501797944987444 53.36129387973614, -1.5023352286955012 53.360800626066634, -1.503038413231549 53.36124317424619, -1.5025065818344028 53.3619214234636, -1.5038468837040984 53.36251695525396, -1.5035105283204933 53.361911435151896, -1.5039336572862418 53.36158282236581, -1.5048926749670237 53.361288062196614, -1.505369653267538 53.3614737858976, -1.5057271201083948 53.3619878201473, -1.5054998710723866 53.36324925556698, -1.5023339703969407 53.36429834391203, -1.5029884353934189 53.36487634656353, -1.5026410971059225 53.36511964511878, -1.5021017218802055 53.36558088240043, -1.501834733722644 53.36659773996568, -1.50224226926406 53.366796210873765, -1.5024985910742337 53.36632894038642, -1.5050046617372965 53.365478594886454, -1.5050774201781747 53.365450564019326, -1.5050146886393616 53.365770185093275, -1.5054866168606387 53.36613562529476, -1.5060572955081686 53.365970005939985, -1.5063029383546682 53.3664749642895, -1.5022946792294583 53.367422654314986, -1.5019544083173444 53.36755647988153, -1.5019812073936385 53.36748786400584))",53.894853020020754,46.378904129473625,99.17386218990211,1.09989495959226,98.07396723030985,4969.5803643359395,8085.725963569639,85.80783438940344,138.997412581704,0.07146817160848734,13,382.2754126412261,395.864899819825,621.9789202745876,609.687013357877,6.600602645338726,6.557862014250276,10.692108660131074,10.243582353120038,6.600602645338726,10.692108660131076,88,E01008048,0.2689,E01008048,"1,633",1633.0,3116.1455992336996,53.18957819230056,239.70350763336148,4.0915060147923485,213.82211353805206,3.6857203388697624,Increased,Increased,Increased,0.005497551662191334
218,E01008049,Sheffield 050D,Sheffield 050D,433863,385485,-1.49258,53.3652,80786b74-fcdd-4241-a77b-a3f6533cc2f2,"POLYGON ((-1.490696005229081 53.36888828185939, -1.4895859923040924 53.36796650637777, -1.488852126868174 53.367223012855156, -1.4886171353298003 53.36565162526676, -1.4885082706811847 53.36552634631591, -1.4882889463318238 53.36495363030986, -1.487550831541173 53.36483753126499, -1.4878620517102128 53.36455167686896, -1.487383225231923 53.36450092172744, -1.4867232160444313 53.36377072917062, -1.486818558887958 53.36317675109664, -1.4859393232834537 53.362897025120596, -1.4857911857598367 53.36218732140025, -1.486177890315154 53.36193780507913, -1.487317232516793 53.36194769936996, -1.4883730336807013 53.361234154484045, -1.4891362818357479 53.361858555756186, -1.4898940223273347 53.361736469554465, -1.4917476873822966 53.36191816965285, -1.4920326987529844 53.36240329875291, -1.4931280010345787 53.36103948346202, -1.4934692505472098 53.36079949440689, -1.4944155728793687 53.3616079046177, -1.4951895646259004 53.36164631567495, -1.496099181866372 53.36120721126363, -1.4970074292806463 53.36151740242293, -1.4962836588302797 53.36253815740151, -1.4965375364788804 53.36280462866984, -1.4972549711595737 53.362801277970156, -1.4985429862801865 53.364129269545856, -1.4994333388019687 53.36407465441951, -1.4994125816594528 53.36481646849731, -1.4976381310279476 53.3648165233171, -1.498209352589771 53.36528975775381, -1.4979071958768841 53.3656084094559, -1.4963020671759617 53.36574048122368, -1.495814477489351 53.36530076358777, -1.4950264807329954 53.36550459716689, -1.4929610760628547 53.36605954633264, -1.4933933003171214 53.366347477662025, -1.4929704157042705 53.36642999269985, -1.4931180548538547 53.36718092482589, -1.4932169575605587 53.36767572881757, -1.4955714816134698 53.36758680628665, -1.495853150202818 53.36796724705036, -1.4948133556555148 53.36817131944585, -1.4929315940898296 53.36853365274534, -1.492209887004149 53.36875176257149, -1.491712284042375 53.368465021231664, -1.490696005229081 53.36888828185939))",82.30880614282083,74.2429097724776,147.56924041196163,8.982475503336799,138.58676490862484,6986.809233030457,9023.238307966974,118.37175747585238,154.99417444263472,0.20909877075936073,12,582.2341027525381,626.9596097335755,751.9365256639145,729.57398998351,9.864313122987697,10.386156011842232,12.916181203552895,12.086056525030285,9.864313122987697,12.916181203552894,493,E01008049,0.4204,E01008049,"1,632",1632.0,2036.4290749365173,36.62241696678234,169.7024229113764,3.051868080565198,102.61438024993458,1.6999005131880534,Increased,Increased,Increased,0.01742489756328006
219,E01008050,Sheffield 046E,Sheffield 046E,432952,385305,-1.50629,53.3636,b255c50e-99f1-4045-be52-47b6088b5f37,"POLYGON ((-1.5021017218802055 53.36558088240043, -1.5026410971059225 53.36511964511878, -1.5029884353934189 53.36487634656353, -1.5023339703969407 53.36429834391203, -1.5054998710723866 53.36324925556698, -1.5057271201083948 53.3619878201473, -1.505369653267538 53.3614737858976, -1.5048926749670237 53.361288062196614, -1.5039336572862418 53.36158282236581, -1.5041622787497186 53.36091368127748, -1.506087181248692 53.36091168019627, -1.5065677919014544 53.360643637011385, -1.5079362879865252 53.3603775276755, -1.5082785327968888 53.36196829415092, -1.5080365793635302 53.36418434449794, -1.5075329944256532 53.36539352405944, -1.5063029383546682 53.3664749642895, -1.5060572955081686 53.365970005939985, -1.5054866168606387 53.36613562529476, -1.5050146886393616 53.365770185093275, -1.5050774201781747 53.365450564019326, -1.5050046617372965 53.365478594886454, -1.5024985910742337 53.36632894038642, -1.50224226926406 53.366796210873765, -1.501834733722644 53.36659773996568, -1.5021017218802055 53.36558088240043))",72.95969898628658,46.19558830287493,115.48897075718732,3.6663165319742,111.82265422521311,6297.271193274895,3987.2200988176573,104.32002324683431,66.05192640315525,0.21391780208028807,8,787.1588991593619,715.5209529700214,498.4025123522071,403.332747369713,13.040002905854289,11.853255188873558,8.256490800394406,6.68157369921631,13.040002905854289,8.256490800394406,87,E01008050,0.1615,E01008050,"1,430",1430.0,-2310.051094457238,-38.26809684367906,-288.7563868071548,-4.783512105459883,-312.18820560030844,-5.171681489657248,Reduced,Reduced,Reduced,0.02673972526003601
220,E01008051,Sheffield 050E,Sheffield 050E,434359,385121,-1.48517,53.3619,023e1fa1-65cd-44ee-8010-a93304eebe15,"POLYGON ((-1.4825910673698741 53.36292259255417, -1.482422002329212 53.362496864364154, -1.4820089633490845 53.36260096067732, -1.482043585959775 53.362159531028716, -1.4824603862498706 53.361341750126726, -1.4820940004106968 53.36064189633932, -1.4818094180226946 53.35987264741532, -1.4818543406562876 53.35935336333777, -1.4831882621012387 53.35939907414241, -1.4843897987347212 53.35890535424495, -1.4868807444565064 53.35952216032688, -1.4865588109013228 53.35997938119665, -1.4855314702243338 53.36010749853949, -1.4857843562602175 53.361306298700505, -1.485394279450641 53.36147302212142, -1.486177890315154 53.36193780507913, -1.4857911857598367 53.36218732140025, -1.4859393232834537 53.362897025120596, -1.486818558887958 53.36317675109664, -1.4867232160444313 53.36377072917062, -1.487383225231923 53.36450092172744, -1.4878620517102128 53.36455167686896, -1.487550831541173 53.36483753126499, -1.4882889463318238 53.36495363030986, -1.4885082706811847 53.36552634631591, -1.4847630494826225 53.364493374088745, -1.4847318767579392 53.36448351650578, -1.4831300335863935 53.364412352281924, -1.4824019474423755 53.36436967558858, -1.482356103254644 53.364240309040476, -1.4821590765379171 53.36322998600853, -1.4825910673698741 53.36292259255417))",21.264635885450367,41.06274515811105,59.57764364458076,2.749737398980656,56.827906245600104,5073.56889291339,4819.932192041932,84.04828196352327,79.84655938892324,0.2844879434747008,8,634.1961116141738,752.1876908819155,602.4915240052414,596.7029856610475,10.506035245440408,12.460673042409773,9.980819923615405,9.88492752258995,10.506035245440408,9.980819923615405,46,E01008051,0.1679,E01008051,"1,728",1728.0,-253.63670087145874,-4.201722574600026,-31.704587608932343,-0.5252153218250033,-155.48470522086802,-2.575745519819824,Reduced,Reduced,Reduced,0.0355609929343376
221,E01008052,Sheffield 050F,Sheffield 050F,433980,384865,-1.49089,53.3596,9f3075f2-ca4a-4619-9f49-93b746eed041,"POLYGON ((-1.4917476873822966 53.36191816965285, -1.4898940223273347 53.361736469554465, -1.4891362818357479 53.361858555756186, -1.4883730336807013 53.361234154484045, -1.487317232516793 53.36194769936996, -1.486177890315154 53.36193780507913, -1.485394279450641 53.36147302212142, -1.4857843562602175 53.361306298700505, -1.4855314702243338 53.36010749853949, -1.4865588109013228 53.35997938119665, -1.4868807444565064 53.35952216032688, -1.4843897987347212 53.35890535424495, -1.4848613960763306 53.358598738294326, -1.4872606516055877 53.35916537578763, -1.4874067951483385 53.35970489499476, -1.4881943919683291 53.35975441209272, -1.4885503294507116 53.35944993398178, -1.4886973281916136 53.358785299191325, -1.4883153421680497 53.35865311090016, -1.4891727334423084 53.358430679193255, -1.4895508606809758 53.358833175064234, -1.4899330619496518 53.358408931480305, -1.4918401903967167 53.35630981769312, -1.4923939124117704 53.356439470969704, -1.4911723357357025 53.357836863618424, -1.4915815116393472 53.35818247888662, -1.4925929913358538 53.35791997762695, -1.4938323127846593 53.358103429371496, -1.4944900101655763 53.35749612376627, -1.4952070318706092 53.35770467491318, -1.4953712382533557 53.35860202070302, -1.4946594693357318 53.35910046460971, -1.494542700491472 53.35981620950576, -1.4954730843302129 53.359919019618864, -1.4953179512796868 53.36033184511795, -1.4966137921251352 53.36033030308039, -1.4973923491159888 53.360708267881314, -1.4970074292806463 53.36151740242293, -1.496099181866372 53.36120721126363, -1.4951895646259004 53.36164631567495, -1.4944155728793687 53.3616079046177, -1.4934692505472098 53.36079949440689, -1.4931280010345787 53.36103948346202, -1.4920326987529844 53.36240329875291, -1.4917476873822966 53.36191816965285))",27.86400564300392,29.51384808239234,55.911327112606585,1.46652661278968,54.44480049981691,10902.722210013811,10663.657295072446,180.61350694520888,176.65317925425268,0.5083784096066255,16,681.4201381258633,686.9595699765845,666.4785809420279,570.396089073516,11.288344184075555,11.380109909531132,11.040823703390796,9.449129860501952,11.288344184075555,11.040823703390792,82,E01008052,0.2492,E01008052,"1,653",1653.0,-239.0649149413657,-3.9603276909562055,-14.94155718383547,-0.2475204806847593,-116.56348090306847,-1.9309800490291806,Reduced,Reduced,Reduced,0.031773650600414094
222,E01008053,Sheffield 006A,Sheffield 006A,435901,392965,-1.46111,53.4323,69d9406a-a777-4f8b-8dab-cbd275211edf,"POLYGON ((-1.4635312023930205 53.436497549712584, -1.4627963016448522 53.43516063463244, -1.4631010133513394 53.434707000044305, -1.463072169416524 53.43467290247521, -1.4602224784910272 53.43476891817092, -1.4595184322358001 53.43456546986055, -1.4595049666859392 53.43395491983681, -1.4600973943452915 53.43435900693049, -1.4625189510021384 53.43415653646325, -1.4615274218408363 53.433976147927694, -1.4606755278369963 53.43255169545466, -1.4591757034802935 53.432492518516575, -1.4586543843561373 53.43148745024141, -1.4593881198952787 53.431310438223925, -1.4595287509534023 53.43000919228566, -1.459080305143775 53.429337897113435, -1.463132027456988 53.42812960646107, -1.4639806800543038 53.42803819940064, -1.464029076459494 53.428431129604114, -1.464334570327783 53.42899748394622, -1.463773197311287 53.42916450536639, -1.463867576177193 53.42943384153244, -1.4635318124247296 53.42999159806016, -1.461893849420816 53.430018948140706, -1.461608914160661 53.43052764349036, -1.463177250254935 53.43227194779792, -1.4641068366064576 53.431731957537494, -1.464748009941317 53.43194572192908, -1.4652613620289199 53.432555156381135, -1.4641502002158817 53.433423531808906, -1.464829714409231 53.43381883540991, -1.464360077698848 53.43435323967071, -1.4663175813917475 53.43371513991504, -1.4677814568044596 53.43340706619919, -1.4686158675081409 53.43288045062317, -1.4691753183889658 53.432676198551285, -1.4697056591901583 53.4331792818833, -1.4707006536076466 53.43358610405307, -1.4683377159216957 53.43455277730303, -1.4676055088562547 53.434958526833974, -1.467933921204375 53.43511030595741, -1.4669596302618315 53.43576850643422, -1.4657729563145563 53.435628405713096, -1.4658378523352138 53.436124031404056, -1.4649858784354906 53.43624781757098, -1.464466299951009 53.43642799180023, -1.4635312023930205 53.436497549712584))",25.4808998972207,24.014373284431024,48.945325701855595,0.54994747979613,48.39537822205946,1868.0335952073308,2278.2803574634563,30.945675054618786,37.74178569714628,0.03205237996920416,6,311.3389325345551,272.2425399723875,379.71339291057603,275.197939184186,5.157612509103131,4.509945217069033,6.290297616191046,4.558904092273223,5.157612509103131,6.290297616191046,16,E01008053,0.2642,E01008053,"1,344",1344.0,410.2467622561255,6.796110642527491,68.37446037602092,1.1326851070879158,2.9553992117985217,0.048958875204189845,Increased,Increased,Increased,0.005342063328200693
223,E01008054,Sheffield 007B,Sheffield 007B,436990,393029,-1.44471,53.4328,4d13e3cf-9131-4c4c-9064-e9e2a0910a09,"POLYGON ((-1.4409140747967382 53.43341023877313, -1.4408747010589649 53.43272399735486, -1.440286575687777 53.43310472630965, -1.4409125011070303 53.43404539492984, -1.440060940169966 53.43418825540927, -1.4399035310218637 53.434489104280246, -1.4398786547285312 53.43409566865865, -1.4396228255434005 53.43280729210331, -1.4405985522822442 53.430974798092514, -1.441517069125517 53.43100763926763, -1.4415131974905298 53.431336666263604, -1.4429229385827296 53.43138943858952, -1.4435315280245202 53.431737536265835, -1.4436474119348004 53.43175156324405, -1.4443653867091282 53.431420450034956, -1.4452183444377487 53.43159749148142, -1.4460779695475903 53.43098071512008, -1.4471941096335847 53.430733461834734, -1.4478441607968628 53.43125691770727, -1.4485738253686502 53.4308805260782, -1.449396124725543 53.431506510395685, -1.4502152777499873 53.431268586380554, -1.4502541387950851 53.43171441237009, -1.4497394162082218 53.43198283493082, -1.4493220005016738 53.43151565186826, -1.4482781037661514 53.43190047627499, -1.4486979035254355 53.43324864933565, -1.4477993909159512 53.43314309142656, -1.4474451690096015 53.43367059850152, -1.4469902780470008 53.4339165517934, -1.4472312056301853 53.43430599300747, -1.44614419969543 53.434604137779516, -1.444697302609661 53.4347831825948, -1.4439319340919345 53.43447112975921, -1.4438955798628579 53.43444773848552, -1.4417334963805521 53.43405226200571, -1.4409140747967382 53.43341023877313))",17.781635180074872,22.364530845042626,35.92990201334717,4.216264011770325,31.713638001576843,3080.4904317541464,2822.0507315796026,72.75145775396133,65.2340086147548,0.03635941304251742,8,385.0613039692684,296.6673646963265,352.75634144745027,298.481335427487,9.093932219245167,5.632872964584827,8.15425107684435,6.745935667417419,9.093932219245167,8.15425107684435,21,E01008054,0.195,E01008054,"1,443",1443.0,-258.43970017454376,-7.5174491392065335,-32.30496252181814,-0.9396811424008167,1.8139707311605093,1.1130627028325923,Reduced,Reduced,Increased,0.0045449266303146775
224,E01008055,Sheffield 007C,Sheffield 007C,437153,393416,-1.44221,53.4362,d068acd8-2847-4134-bfec-c9c08cbf55e5,"POLYGON ((-1.4487630262377433 53.4397415391092, -1.4478488925928514 53.439352593188275, -1.446324401231429 53.43959615227593, -1.4443509053408672 53.43883598997863, -1.4422961223208868 53.438863803059455, -1.4418511567208534 53.43921846627167, -1.44007071077075 53.438600026574704, -1.4399336192461247 53.438037550351396, -1.439328019626488 53.43773335829208, -1.437696754739135 53.438150973323985, -1.4359484338871755 53.43774274111029, -1.4387794476241087 53.43606002278072, -1.4398856159626596 53.43453984202534, -1.4399035310218637 53.434489104280246, -1.440060940169966 53.43418825540927, -1.4409125011070303 53.43404539492984, -1.440286575687777 53.43310472630965, -1.4408747010589649 53.43272399735486, -1.4409140747967382 53.43341023877313, -1.4417334963805521 53.43405226200571, -1.4438955798628579 53.43444773848552, -1.4439319340919345 53.43447112975921, -1.4433177776275243 53.434771299696614, -1.4442521456959925 53.43547534989604, -1.44508249562028 53.435570523666755, -1.4455394004201112 53.435152093478166, -1.4459625834915906 53.4364089847961, -1.4469447996293794 53.436782049601085, -1.4474892290002113 53.436132272369065, -1.4485940605328698 53.43643180617668, -1.4498347306686645 53.436332518751186, -1.4502449969083948 53.43671678257885, -1.4519402586492394 53.43697933299605, -1.4527546621380425 53.43758256074186, -1.453695704458534 53.436953914354525, -1.4551837618943138 53.43682016991245, -1.4551257185651096 53.4368883895906, -1.4539600430224986 53.438301949876866, -1.4532686642890917 53.4383279931925, -1.453273080710963 53.4385528187041, -1.4525317742292323 53.43866893350147, -1.451846207190291 53.439268365595005, -1.4510730399334117 53.43906763379386, -1.4496255504659714 53.43972473239069, -1.4487630262377433 53.4397415391092))",3.48300070537549,4.399579838369039,7.882580543744529,0.0,7.882580543744529,9240.802743511194,10130.312359761354,186.10495145166558,192.201484760152,0.1060661208616906,24,385.0334476462997,195.4458896816625,422.0963483233898,225.9035505703585,7.754372977152734,1.9426433255912559,8.008395198339665,3.500772463339108,7.754372977152733,8.008395198339667,38,E01008055,0.3955,E01008055,"1,544",1544.0,889.5096162501595,6.096533308486414,37.06290067709011,0.25402222118693096,30.45766088869601,1.558129137747852,Increased,Increased,Increased,0.004419421702570442
225,E01008056,Sheffield 006B,Sheffield 006B,435360,392923,-1.46926,53.4319,995ae604-b78d-4bcb-9f8e-3715c7e15df8,"POLYGON ((-1.4641502002158817 53.433423531808906, -1.4652613620289199 53.432555156381135, -1.464748009941317 53.43194572192908, -1.4641068366064576 53.431731957537494, -1.463177250254935 53.43227194779792, -1.461608914160661 53.43052764349036, -1.461893849420816 53.430018948140706, -1.4635318124247296 53.42999159806016, -1.463867576177193 53.42943384153244, -1.4644397176078332 53.43009244169944, -1.4662241210043765 53.43012418185815, -1.466291772773134 53.43012542780569, -1.4716861630903784 53.42994366497211, -1.4739343843032828 53.430255285574255, -1.4749839802223776 53.43076086836938, -1.4754248655177722 53.431422915050234, -1.4719310595574937 53.432614430312206, -1.4723653345488736 53.43297711551894, -1.4707006536076466 53.43358610405307, -1.4697056591901583 53.4331792818833, -1.4691753183889658 53.432676198551285, -1.4686158675081409 53.43288045062317, -1.4677814568044596 53.43340706619919, -1.4663175813917475 53.43371513991504, -1.464360077698848 53.43435323967071, -1.464829714409231 53.43381883540991, -1.4641502002158817 53.433423531808906))",4.766211491566461,10.815633769323886,15.031897781094218,0.54994747979613,14.481950301298088,1868.0335952073308,2278.2803574634563,30.945675054618786,37.74178569714628,0.03205237996920416,6,311.3389325345551,272.2425399723875,379.71339291057603,275.197939184186,5.157612509103131,4.509945217069033,6.290297616191046,4.558904092273223,5.157612509103131,6.290297616191046,21,E01008056,0.2629,E01008056,"1,459",1459.0,410.2467622561255,6.796110642527491,68.37446037602092,1.1326851070879158,2.9553992117985217,0.048958875204189845,Increased,Increased,Increased,0.005342063328200693
226,E01008057,Sheffield 007D,Sheffield 007D,436562,393139,-1.45114,53.4338,cfa025ae-5ebd-430e-9e76-56d391902e9e,"POLYGON ((-1.4502449969083948 53.43671678257885, -1.4498347306686645 53.436332518751186, -1.4485940605328698 53.43643180617668, -1.4474892290002113 53.436132272369065, -1.4469447996293794 53.436782049601085, -1.4459625834915906 53.4364089847961, -1.4455394004201112 53.435152093478166, -1.44508249562028 53.435570523666755, -1.4442521456959925 53.43547534989604, -1.4433177776275243 53.434771299696614, -1.4439319340919345 53.43447112975921, -1.444697302609661 53.4347831825948, -1.44614419969543 53.434604137779516, -1.4472312056301853 53.43430599300747, -1.4469902780470008 53.4339165517934, -1.4474451690096015 53.43367059850152, -1.4477993909159512 53.43314309142656, -1.4486979035254355 53.43324864933565, -1.4482781037661514 53.43190047627499, -1.4493220005016738 53.43151565186826, -1.4497394162082218 53.43198283493082, -1.4502541387950851 53.43171441237009, -1.4502152777499873 53.431268586380554, -1.4515468951124004 53.429979829937764, -1.4524373034805895 53.43007911335379, -1.4508570033286043 53.43155973924216, -1.4516298626236832 53.43170356456099, -1.4517217610575206 53.43210753961948, -1.4546059103145665 53.43209164932992, -1.4548209293337282 53.43242022984164, -1.454483968681532 53.43276284870702, -1.4550364750956866 53.43310693711753, -1.4549386991840971 53.43369075176936, -1.4560745671032538 53.43550263966935, -1.4554675647354385 53.435886386242494, -1.455647295659011 53.436160755653916, -1.4551837618943138 53.43682016991245, -1.453695704458534 53.436953914354525, -1.4527546621380425 53.43758256074186, -1.4519402586492394 53.43697933299605, -1.4502449969083948 53.43671678257885))",10.449002116126469,6.9660014107509785,15.765161087489059,1.64984243938839,14.115318648100668,3415.985652256583,3242.3156986939584,84.88336258286584,80.56786154196782,0.0392318536367309,8,426.9982065320729,466.00895255352054,405.2894623367448,441.961214506289,10.610420322858232,11.579793041674876,10.070982692745977,10.982234071656219,10.61042032285823,10.070982692745977,32,E01008057,0.3189,E01008057,"1,650",1650.0,-173.6699535626244,-4.315501040898027,-21.70874419532811,-0.5394376301122552,-24.04773804723152,-0.5975589700186568,Reduced,Reduced,Reduced,0.004903981704591363
227,E01008058,Sheffield 006C,Sheffield 006C,436097,393120,-1.45814,53.4337,6d9d221a-98d4-4a52-a0d5-3233dc6b3a72,"POLYGON ((-1.4615489401446904 53.437924863467096, -1.458793765291068 53.436402439417506, -1.455647295659011 53.436160755653916, -1.4554675647354385 53.435886386242494, -1.4560745671032538 53.43550263966935, -1.4549386991840971 53.43369075176936, -1.4550364750956866 53.43310693711753, -1.454483968681532 53.43276284870702, -1.4548209293337282 53.43242022984164, -1.4559545137950014 53.43040820406459, -1.4573379178056212 53.42967476573103, -1.4580627483095034 53.42967694926885, -1.4585645621058352 53.429301117185354, -1.459080305143775 53.429337897113435, -1.4595287509534023 53.43000919228566, -1.4593881198952787 53.431310438223925, -1.4586543843561373 53.43148745024141, -1.4591757034802935 53.432492518516575, -1.4606755278369963 53.43255169545466, -1.4615274218408363 53.433976147927694, -1.4625189510021384 53.43415653646325, -1.4600973943452915 53.43435900693049, -1.4595049666859392 53.43395491983681, -1.4595184322358001 53.43456546986055, -1.4602224784910272 53.43476891817092, -1.463072169416524 53.43467290247521, -1.4631010133513394 53.434707000044305, -1.4627963016448522 53.43516063463244, -1.4635312023930205 53.436497549712584, -1.464466299951009 53.43642799180023, -1.4649858784354906 53.43624781757098, -1.4658378523352138 53.436124031404056, -1.4657729563145563 53.435628405713096, -1.4669596302618315 53.43576850643422, -1.467933921204375 53.43511030595741, -1.4696139785293214 53.436130619567685, -1.4745097774799727 53.434288276966846, -1.4745325657236048 53.43654077961714, -1.4688471830356313 53.43757913946349, -1.466435330531728 53.437737556882524, -1.4642451513531183 53.43746745615764, -1.4637924629979608 53.437411623815336, -1.4636061864738819 53.43738864899741, -1.4634673540674163 53.437512778812405, -1.4633694523137692 53.43760031084134, -1.4631747959842165 53.43798295386133, -1.4615489401446904 53.437924863467096))",15.765161087489062,26.76411068341169,39.96285019851881,2.56642157238194,37.39642862613687,3355.5672892876937,3669.7688887600784,37.702563415502404,44.66684709845859,0.022941709711883657,8,419.4459111609617,408.76807915192,458.72111109500975,408.76807915192,4.7128204269378005,3.9649975865236806,5.583355887307325,4.188847720299121,4.7128204269378005,5.583355887307324,30,E01008058,0.4404,E01008058,"1,807",1807.0,314.2015994723847,6.964283682956186,39.27519993404803,0.8705354603695241,0.0,0.22385013377544016,Increased,Increased,Increased,0.002867713713985457
228,E01008059,Sheffield 010C,Sheffield 010C,436745,392640,-1.44844,53.4293,cde6c084-b6e5-48f0-97dd-ad011a3ec071,"POLYGON ((-1.4435315280245202 53.431737536265835, -1.4429229385827296 53.43138943858952, -1.4415131974905298 53.431336666263604, -1.441517069125517 53.43100763926763, -1.4434435681267745 53.43093303961129, -1.4446179618493944 53.429745244124305, -1.4453430342312594 53.429186444437214, -1.447514581573665 53.42738838568122, -1.4482791387822207 53.4251226285647, -1.448570536903187 53.42420518178986, -1.448821833961287 53.424199186181, -1.4490547587073401 53.424537738781375, -1.450952078909055 53.423871154724075, -1.4515424816029496 53.42412891856273, -1.453971486335093 53.42305477181696, -1.455432785603021 53.423293158181735, -1.4522757378462254 53.42456547114281, -1.4504838271869591 53.425481716986745, -1.4497349680256868 53.42596579319048, -1.4486641203058368 53.42623606619173, -1.4481600021922916 53.42713182547538, -1.4484848597750994 53.42761179472974, -1.4492768138484184 53.427434029399514, -1.4502335539269293 53.427775580348104, -1.4509786022997864 53.42763338069391, -1.4517656650104924 53.42808677623783, -1.4510769583507857 53.42873854453431, -1.4524440673247252 53.430059888901674, -1.4524373034805895 53.43007911335379, -1.4515468951124004 53.429979829937764, -1.4502152777499873 53.431268586380554, -1.449396124725543 53.431506510395685, -1.4485738253686502 53.4308805260782, -1.4478441607968628 53.43125691770727, -1.4471941096335847 53.430733461834734, -1.4460779695475903 53.43098071512008, -1.4452183444377487 53.43159749148142, -1.4443653867091282 53.431420450034956, -1.4436474119348004 53.43175156324405, -1.4435315280245202 53.431737536265835))",35.37995453355104,41.24606098470978,69.66001410750985,6.966001410750982,62.69401269675887,608.2707633553656,1049.305535966899,15.114837417523164,26.07405046061843,0.00043224345820504716,10,60.82707633553656,0.88669865325796,104.9305535966899,64.86282546867506,1.5114837417523164,0.02203345416176241,2.6074050460618428,1.6117675227264496,1.5114837417523164,2.607405046061843,28,E01008059,0.2317,E01008059,"1,726",1726.0,441.0347726115334,10.959213043095266,44.103477261153344,1.0959213043095264,63.976126815417096,1.5897340685646872,Increased,Increased,Increased,4.322434582050472e-05
229,E01008060,Sheffield 010D,Sheffield 010D,436436,392611,-1.4531,53.4291,cf95c353-98ca-4136-8cb4-7299eed6ae5d,"POLYGON ((-1.4548209293337282 53.43242022984164, -1.4546059103145665 53.43209164932992, -1.4517217610575206 53.43210753961948, -1.4516298626236832 53.43170356456099, -1.4508570033286043 53.43155973924216, -1.4524373034805895 53.43007911335379, -1.4524440673247252 53.430059888901674, -1.4510769583507857 53.42873854453431, -1.4517656650104924 53.42808677623783, -1.4509786022997864 53.42763338069391, -1.4502335539269293 53.427775580348104, -1.4492768138484184 53.427434029399514, -1.4484848597750994 53.42761179472974, -1.4481600021922916 53.42713182547538, -1.4486641203058368 53.42623606619173, -1.4497349680256868 53.42596579319048, -1.4504670250073355 53.42602519160022, -1.4506252896251652 53.42554821636825, -1.4506700983173921 53.425413172125616, -1.4508530532659056 53.425441388800486, -1.4513176020580254 53.425513035383545, -1.4512154182980024 53.42606495385395, -1.4519598681284276 53.42612242790922, -1.4520953790722615 53.42561417113022, -1.4537424518659614 53.42617920913307, -1.4537431905207254 53.4247955378152, -1.4544794815805602 53.42491640970807, -1.4547149843319676 53.424380656179615, -1.4555951646954353 53.425767912461076, -1.456132766218743 53.42592739180529, -1.456638671433295 53.425584988020184, -1.4574768142452177 53.428050252147756, -1.4575556281792303 53.428232557776724, -1.4580627483095034 53.42967694926885, -1.4573379178056212 53.42967476573103, -1.4559545137950014 53.43040820406459, -1.4548209293337282 53.43242022984164))",11.548897075718731,19.981425099259393,30.430427215385865,1.09989495959226,29.330532255793607,4506.141310326837,4646.854433984045,54.95246148101397,59.36118138283883,0.0588094020742203,8,563.2676637908545,478.6936257470155,580.8568042480056,469.077249005883,6.869057685126746,4.073690259066042,7.420147672854853,6.60308170629757,6.869057685126746,7.420147672854854,22,E01008060,0.2933,E01008060,"1,615",1615.0,140.7131236572077,4.40871990182486,17.589140457151075,0.5510899877281066,-9.616376741132513,2.5293914472315278,Increased,Increased,Increased,0.0073511752592775375
230,E01008061,Sheffield 011A,Sheffield 011A,436180,392075,-1.45701,53.4243,c22825e8-cd70-4969-b03a-81f05c2bf9cc,"POLYGON ((-1.4574768142452177 53.428050252147756, -1.456638671433295 53.425584988020184, -1.456132766218743 53.42592739180529, -1.4555951646954353 53.425767912461076, -1.4547149843319676 53.424380656179615, -1.4544794815805602 53.42491640970807, -1.4537431905207254 53.4247955378152, -1.4537424518659614 53.42617920913307, -1.4520953790722615 53.42561417113022, -1.4519598681284276 53.42612242790922, -1.4512154182980024 53.42606495385395, -1.4513176020580254 53.425513035383545, -1.4508530532659056 53.425441388800486, -1.4506700983173921 53.425413172125616, -1.4506252896251652 53.42554821636825, -1.4504670250073355 53.42602519160022, -1.4497349680256868 53.42596579319048, -1.4504838271869591 53.425481716986745, -1.4522757378462254 53.42456547114281, -1.455432785603021 53.423293158181735, -1.453971486335093 53.42305477181696, -1.4534870285211372 53.42246775623723, -1.4541865910949077 53.42225131615556, -1.4533884651119793 53.422000570229876, -1.4533081584894392 53.421482762694744, -1.4545728654576322 53.42116927442755, -1.4530942727552674 53.42058411515855, -1.451179563764391 53.420431850810544, -1.4502197623318924 53.42028505858536, -1.451850184405516 53.41987008253829, -1.4541674557507756 53.419871692358974, -1.4546220826654088 53.41949418669825, -1.4552760911982103 53.41956853069809, -1.454981830149173 53.42207763590516, -1.456228550116716 53.42246348114233, -1.4563835948731465 53.42189525959052, -1.4572647864652157 53.4218680744813, -1.4575457478078064 53.422805525995166, -1.4581881857715957 53.42277639158079, -1.4574954953441925 53.422838025499885, -1.4571167782495593 53.42335362418538, -1.4579110677580338 53.42357841789349, -1.4576666855660647 53.424036125030035, -1.4634890637238773 53.42280140502313, -1.4642697639318636 53.4235394992684, -1.4636868990394034 53.42424900935751, -1.462980833531846 53.42426493933562, -1.4619524393314893 53.42482185319828, -1.4591522066108589 53.426341592970424, -1.4592663243771928 53.42655461863684, -1.458968195591078 53.426445666360124, -1.4592138592785444 53.42760599717165, -1.4585739082447562 53.42775595119613, -1.459064485214954 53.427858022090284, -1.4575556281792303 53.428232557776724, -1.4574768142452177 53.428050252147756))",21.9978991918452,20.1647409258581,40.696113504913626,1.46652661278968,39.22958689212395,10310.601592395851,8463.195331927445,114.36635237327675,97.42017271286025,0.22589654174455204,14,736.4715423139896,712.6169943859504,604.5139522805318,618.2871123163145,8.169025169519768,8.587058148899247,6.958583765204303,6.447812273400345,8.169025169519768,6.958583765204303,39,E01008061,0.276,E01008061,"1,746",1746.0,-1847.406260468406,-16.946179660416504,-131.9575900334578,-1.210441404315465,-94.32988206963591,-2.1392458754989025,Reduced,Reduced,Reduced,0.016135467267468003
231,E01008062,Sheffield 013E,Sheffield 013E,436595,391756,-1.4508,53.4213,9d33917e-fd67-4351-b5b1-cea6b0dc4e37,"POLYGON ((-1.4490547587073401 53.424537738781375, -1.448821833961287 53.424199186181, -1.448570536903187 53.42420518178986, -1.4481436728802182 53.42300989270822, -1.4478440794378558 53.42267766828984, -1.4477593208888524 53.420833328138976, -1.4479241592161622 53.420452503822766, -1.4478853107974947 53.418278815342276, -1.4478546479879053 53.41811726537668, -1.4481118352489688 53.418188178467084, -1.4521085582733424 53.41922578384625, -1.4546220826654088 53.41949418669825, -1.4541674557507756 53.419871692358974, -1.451850184405516 53.41987008253829, -1.4502197623318924 53.42028505858536, -1.451179563764391 53.420431850810544, -1.4530942727552674 53.42058411515855, -1.4545728654576322 53.42116927442755, -1.4533081584894392 53.421482762694744, -1.4533884651119793 53.422000570229876, -1.4541865910949077 53.42225131615556, -1.4534870285211372 53.42246775623723, -1.453971486335093 53.42305477181696, -1.4515424816029496 53.42412891856273, -1.450952078909055 53.423871154724075, -1.4490547587073401 53.424537738781375))",9.71573880973163,9.715738809731628,18.881530139667127,0.54994747979613,18.331582659870996,3902.303246054639,3550.1382526014477,49.85136176949579,58.13819598911907,0.023160085317651253,12,325.19193717121993,142.74656158690652,295.844854383454,264.691199967373,4.154280147457982,3.5470898821353285,4.844849665759923,5.144077821099993,4.154280147457983,4.844849665759923,27,E01008062,0.2072,E01008062,"1,711",1711.0,-352.1649934531915,8.28683421962328,-29.34708278776594,0.6905695183019409,121.94463838046647,1.5969879389646642,Increased,Increased,Increased,0.001930007109804271
232,E01008063,Sheffield 011B,Sheffield 011B,435888,391523,-1.46147,53.4193,00838ab9-161f-42aa-a6a1-23d6ef315f29,"POLYGON ((-1.4574954953441925 53.422838025499885, -1.4581881857715957 53.42277639158079, -1.4575457478078064 53.422805525995166, -1.4572647864652157 53.4218680744813, -1.4563835948731465 53.42189525959052, -1.456228550116716 53.42246348114233, -1.454981830149173 53.42207763590516, -1.4552760911982103 53.41956853069809, -1.4556453322606904 53.41961046449565, -1.4564734825173555 53.41836613397545, -1.456973986264283 53.41806132143968, -1.4596156434795742 53.41627502855915, -1.4610156412407922 53.41552883115196, -1.4614046817713269 53.415327801476536, -1.4614716016682694 53.4153184133353, -1.4638997470088835 53.417004312323186, -1.4633231202250936 53.41773173663251, -1.4648244258569247 53.41777161113946, -1.4653650859636163 53.41887419621624, -1.4668799722505983 53.42127883480874, -1.4679099132242381 53.42130195267251, -1.466793308213449 53.421780366411284, -1.4650367695669786 53.42345102658061, -1.4642697639318636 53.4235394992684, -1.4634890637238773 53.42280140502313, -1.4576666855660647 53.424036125030035, -1.4579110677580338 53.42357841789349, -1.4571167782495593 53.42335362418538, -1.4574954953441925 53.422838025499885))",27.68068981640522,35.92990201334719,61.04417025737046,2.566421572381945,58.47774868498851,8872.131503349807,6226.72778479218,101.18159334962934,77.25057041238308,0.32532906523817984,10,887.2131503349807,1012.484326446993,622.672778479218,650.315671868575,10.118159334962934,10.2817274281764,7.725057041238308,6.87954092726675,10.118159334962934,7.725057041238308,29,E01008063,0.4808,E01008063,"1,453",1453.0,-2645.403718557627,-23.931022937246254,-264.5403718557627,-2.393102293724626,-362.168654578418,-3.4021865009096492,Reduced,Reduced,Reduced,0.03253290652381798
233,E01008064,Sheffield 028A,Sheffield 028A,432973,387742,-1.50572,53.3855,c8fbaa92-f865-4b4b-bbe6-04c129555af3,"POLYGON ((-1.5024920315494932 53.38679158409514, -1.5022876446794757 53.386514070296634, -1.5019397939470576 53.38685410024386, -1.501282285709327 53.386671349867214, -1.5009502640753933 53.38626992227304, -1.5012820747223177 53.38613592056535, -1.5034107613638186 53.38545100664947, -1.503540180462515 53.38484587858574, -1.5039332765018556 53.385151104193426, -1.50404411182617 53.38514595547425, -1.50529364783766 53.38523255615014, -1.5057351643396837 53.38420741496163, -1.504694372766643 53.38421180862705, -1.5044016381977476 53.38366653678271, -1.5037554206772938 53.38348114290549, -1.5038004331881705 53.38347282480318, -1.5070868664693489 53.38284534056375, -1.5071389764925618 53.38283456062725, -1.5079501515240006 53.38344590069186, -1.5081633449913285 53.384739817705395, -1.5081640013514996 53.384861652909, -1.508167271213321 53.3854810040195, -1.5079917833657102 53.38586214719575, -1.507359423077181 53.38679647716439, -1.5072254513864707 53.38699683760289, -1.5072208747030926 53.3870097282546, -1.5054474636475856 53.38638299733253, -1.5053693217354436 53.386378188453946, -1.5043247926039294 53.386009934424884, -1.5039413500478773 53.38660180200781, -1.5046427379329765 53.38736671828391, -1.5047503221081593 53.387740198741454, -1.5037014992689466 53.38774861439148, -1.5034562840737729 53.388155173239696, -1.5024920315494932 53.38679158409514))",78.4591737842479,99.90712549629707,169.20050795060948,9.165791329935493,160.03471662067398,1271.5384713521414,1817.6380707269,21.064190951845685,30.11082736837824,0.009539157338638773,4,317.88461783803535,221.956236381363,454.409517681725,411.6285236676165,5.266047737961421,3.6769068741729316,7.52770684209456,6.819000776705373,5.266047737961421,7.52770684209456,46,E01008064,0.126,E01008064,"1,550",1550.0,546.0995993747586,9.046636416532554,136.52489984368964,2.2616591041331384,189.6722872862535,3.1420939025324413,Increased,Increased,Increased,0.002384789334659693
234,E01008065,Sheffield 026A,Sheffield 026A,434198,388017,-1.48727,53.3879,7dab23bf-1a1e-4018-ad3a-8f1ce54d649b,"POLYGON ((-1.4817754458230303 53.390547620519676, -1.4808467417106144 53.39011229790845, -1.4828508290801778 53.3885210058181, -1.482210097818379 53.3880418302398, -1.4813889395829465 53.38811715274612, -1.4815573747166813 53.38855135398971, -1.4808437297753616 53.38912353016791, -1.4801109405962916 53.38879675079759, -1.4796628429841203 53.38855210542803, -1.4805881855344818 53.38788198142031, -1.479677976796327 53.387294340177874, -1.4799758519759083 53.386650564448054, -1.4808153078578876 53.38597718825327, -1.483005984055089 53.3845402618803, -1.4833124150691406 53.38468701116978, -1.4833339457577284 53.384630996925374, -1.4851963263991002 53.38520370682216, -1.485158895375499 53.385800510911146, -1.4857153069712876 53.38587796320711, -1.485987172252028 53.38619989446468, -1.4830942029072152 53.38704791556941, -1.4837240673539325 53.38772405792076, -1.4842744176300038 53.387630521477305, -1.484753325673455 53.3879897263093, -1.4866518386154597 53.38711054649023, -1.487760531324781 53.38660060499479, -1.4888704770184389 53.3867624455636, -1.4894987219178064 53.38709343456174, -1.4902159828681252 53.387465033449324, -1.488460183687485 53.388668302584875, -1.4875614891820788 53.388745717491396, -1.4868256728698876 53.39020560972174, -1.4866543125092513 53.390356054004144, -1.4856813632787698 53.39004119348418, -1.485266669077218 53.39056661117022, -1.4843532887827726 53.390473001064834, -1.4831490648017225 53.391209911071485, -1.4819082733356899 53.390611283686205, -1.4817754458230303 53.390547620519676))",99.72380966969826,128.68771027229457,217.96251782586634,10.44900211612648,207.51351570973986,19084.154864813325,18276.337345211155,345.06013514228977,332.7802705807079,1.8341000272394419,22,867.4615847642418,930.934787058688,830.7426066005071,724.8649226067771,15.684551597376808,16.525215975046088,15.126375935486722,13.19242492065827,15.684551597376808,15.126375935486722,69,E01008065,0.2498,E01008065,"2,177",2177.0,-807.8175196021693,-12.27986456158186,-36.71897816373473,-0.5581756618900862,-206.06986445191092,-3.332791054387817,Reduced,Reduced,Reduced,0.08336818305633827
235,E01008066,Sheffield 028B,Sheffield 028B,433499,387675,-1.49782,53.3849,df063164-bae3-484f-94dd-58067faffa78,"POLYGON ((-1.498864756762581 53.38782816484979, -1.4979254158004973 53.38764449652891, -1.4978364880828958 53.38767708421057, -1.4973937557066936 53.387611510566344, -1.4967887358834517 53.38707991700932, -1.4970024220864797 53.38679118383893, -1.49619591496368 53.38654659200159, -1.4957040863285973 53.387008494251965, -1.49441214070031 53.38650476389208, -1.4949031126608299 53.38615155438486, -1.4940799051518758 53.385794501101806, -1.4941431455288878 53.38533100699737, -1.494833833626386 53.38539016303334, -1.4961616323140428 53.385585866963076, -1.49693344023405 53.38517569090768, -1.4966855319679426 53.38500041905931, -1.4974163532855522 53.384588237074645, -1.4973197450045543 53.38432104655817, -1.4977472717174891 53.38391768012678, -1.4969336512097018 53.38345802693022, -1.4968723366046102 53.383145254702804, -1.4976362492670674 53.38353653095803, -1.4991132812706147 53.38449461941074, -1.4990981216885817 53.38454117113329, -1.499097924967926 53.38466687698219, -1.4990296825489602 53.3857202706076, -1.4980185230831982 53.38573334695664, -1.4976233135280799 53.386336686447386, -1.4991004302706183 53.38662561914387, -1.5000865713656648 53.38684158618649, -1.5004575015416914 53.38724810465562, -1.5015020516875033 53.38839273971074, -1.5007244416940062 53.388767722116256, -1.5008901599020719 53.389042362353976, -1.498864756762581 53.38782816484979))",44.179114210289114,54.26148467321819,95.14091400473052,3.299684878776786,91.84122912595373,837.0451990034622,2333.800235478188,18.29786307483639,43.12967927437121,0.0015322604861111536,6,139.5075331672437,65.67151906532665,388.9667059130313,325.2217942051525,3.049643845806065,1.0879084265683372,7.188279879061869,6.7022344728887315,3.049643845806065,7.188279879061869,47,E01008066,0.0981,E01008066,"1,434",1434.0,1496.7550364747258,24.831816199534824,249.4591727457876,4.138636033255804,259.5502751398258,5.614326046320395,Increased,Increased,Increased,0.00025537674768519227
236,E01008067,Sheffield 030D,Sheffield 030D,433804,387633,-1.49324,53.3845,b08c48e2-a23b-426e-a153-15c2d074ff34,"POLYGON ((-1.484753325673455 53.3879897263093, -1.4842744176300038 53.387630521477305, -1.4837240673539325 53.38772405792076, -1.4830942029072152 53.38704791556941, -1.485987172252028 53.38619989446468, -1.4886386959756925 53.38477927319648, -1.4899581305031038 53.38387744911251, -1.4917802050927202 53.38110743553855, -1.4939848054587017 53.38091679408788, -1.4967849440469296 53.38202706746826, -1.4970979882677236 53.38215728354513, -1.4975636759584787 53.382350989809574, -1.4968723366046102 53.383145254702804, -1.4969336512097018 53.38345802693022, -1.4977472717174891 53.38391768012678, -1.4973197450045543 53.38432104655817, -1.4974163532855522 53.384588237074645, -1.4966855319679426 53.38500041905931, -1.49693344023405 53.38517569090768, -1.4961616323140428 53.385585866963076, -1.494833833626386 53.38539016303334, -1.4941431455288878 53.38533100699737, -1.4940799051518758 53.385794501101806, -1.493655710769027 53.3865234294415, -1.4932741418338698 53.38627946770502, -1.4928759388555068 53.38645025265656, -1.4933612374031717 53.38683212848129, -1.4932780832416264 53.387439706996204, -1.4929014286451103 53.38748531722185, -1.4905458988349525 53.386581163928774, -1.4897761921518407 53.385593096983236, -1.4890968550585952 53.38575540538309, -1.4888704770184389 53.3867624455636, -1.487760531324781 53.38660060499479, -1.4866518386154597 53.38711054649023, -1.484753325673455 53.3879897263093))",73.5096464660827,74.97617307887243,144.4528713597835,4.0329481851716205,140.41992317461188,9015.549459124666,8181.0316617585795,170.1707460602819,156.2799777600182,0.3151640817007885,17,530.3264387720392,535.008151885355,481.2371565740341,408.041767095684,10.01004388589894,9.050968212126104,9.192939868236364,7.770004844170093,10.010043885898936,9.192939868236365,14,E01008067,0.3034,E01008067,"1,787",1787.0,-834.5177973660866,-13.890768300263716,-49.089282198005094,-0.8171040176625759,-126.966384789671,-1.2809633679560113,Reduced,Reduced,Reduced,0.018539063629458147
237,E01008068,Sheffield 026B,Sheffield 026B,434253,387537,-1.4865,53.3836,7ef9c404-1b11-48aa-ab7a-44512bf640f5,"POLYGON ((-1.4851963263991002 53.38520370682216, -1.4833339457577284 53.384630996925374, -1.4833124150691406 53.38468701116978, -1.483005984055089 53.3845402618803, -1.4828451474097069 53.38437746820604, -1.4817922662296141 53.38414132073071, -1.482045378989853 53.38373523999907, -1.482718940205879 53.38366456835196, -1.4830931707311852 53.38340749394966, -1.482279366216523 53.38342814014518, -1.4810083078436143 53.38424339043409, -1.4798666039235895 53.383805942828126, -1.4795700216269803 53.38367783862595, -1.480269757319734 53.38316153678596, -1.4810891960463244 53.38253589114436, -1.4818066343293583 53.38288057582994, -1.4818812956379908 53.38269571473778, -1.4828975242376807 53.38264341768554, -1.4839490644933233 53.3827242431944, -1.4842551390692937 53.38282376651835, -1.4844767258353428 53.38200292325488, -1.4891312945795323 53.38096692079042, -1.4917802050927202 53.38110743553855, -1.4899581305031038 53.38387744911251, -1.4886386959756925 53.38477927319648, -1.485987172252028 53.38619989446468, -1.4857153069712876 53.38587796320711, -1.485158895375499 53.385800510911146, -1.4851963263991002 53.38520370682216))",25.114268244023272,21.99789919184521,44.72906169008525,2.38310574578323,42.34595594430202,6117.171794003372,4662.346526877155,101.33651293862168,77.23600955728925,0.34077713672888776,8,764.6464742504215,878.1472627304689,582.7933158596444,577.509257305876,12.66706411732771,14.547307881550125,9.654501194661156,9.56696596007329,12.66706411732771,9.654501194661156,49,E01008068,0.2283,E01008068,"2,476",2476.0,-1454.825267126217,-24.10050338133243,-181.85315839077714,-3.012562922666554,-300.63800542459296,-4.980341921476835,Reduced,Reduced,Reduced,0.04259714209111097
238,E01008069,Sheffield 028C,Sheffield 028C,433348,387781,-1.50008,53.3858,d61d6d84-afa3-4aa9-9db4-a8da01d45acd,"POLYGON ((-1.501899889228774 53.38819451359529, -1.5010469659333088 53.38705827346899, -1.5004575015416914 53.38724810465562, -1.5000865713656648 53.38684158618649, -1.4991004302706183 53.38662561914387, -1.4976233135280799 53.386336686447386, -1.4980185230831982 53.38573334695664, -1.4990296825489602 53.3857202706076, -1.499097924967926 53.38466687698219, -1.4990981216885817 53.38454117113329, -1.4991132812706147 53.38449461941074, -1.5012711594765618 53.38394974776768, -1.5013132865405738 53.38394115968104, -1.5018253592833535 53.38383845508022, -1.5037554206772938 53.38348114290549, -1.5044016381977476 53.38366653678271, -1.504694372766643 53.38421180862705, -1.5057351643396837 53.38420741496163, -1.50529364783766 53.38523255615014, -1.50404411182617 53.38514595547425, -1.5039332765018556 53.385151104193426, -1.503540180462515 53.38484587858574, -1.5034107613638186 53.38545100664947, -1.5012820747223177 53.38613592056535, -1.5009502640753933 53.38626992227304, -1.501282285709327 53.386671349867214, -1.5023499801598985 53.388134259743545, -1.501899889228774 53.38819451359529))",72.22643567989175,68.92675080111503,139.50334404161842,1.64984243938839,137.85350160223004,1585.7938805043227,1455.1038749152076,39.40517632198405,36.15767815903091,0.024784379100918463,6,264.29898008405377,34.58124747706045,242.51731248586793,184.9021268895495,6.567529386997342,0.8593047123087438,6.026279693171818,4.594607787284058,6.567529386997342,6.026279693171818,22,E01008069,0.1084,E01008069,"1,429",1429.0,-130.69000558911512,-3.2474981629531428,-21.781667598185834,-0.5412496938255238,150.32087941248903,3.7353030749753144,Reduced,Reduced,Increased,0.004130729850153077
239,E01008072,Sheffield 026C,Sheffield 026C,434331,388822,-1.48519,53.3951,dd9e8d5c-2d1e-4af4-9cb3-f9e9ff04fca7,"POLYGON ((-1.4840984189815833 53.40025573393528, -1.4819336847271734 53.39719025668597, -1.4782986452626408 53.395227330623534, -1.4785035316638926 53.39383239224546, -1.4792350871516435 53.39341589332165, -1.4780335618095735 53.3925506042039, -1.4803374355836432 53.391188724730526, -1.4815598013386537 53.392065937351425, -1.4823914866862369 53.39168302179486, -1.4838394813404376 53.392506919173044, -1.4845388427044999 53.391926021140634, -1.4831490648017225 53.391209911071485, -1.4843532887827726 53.390473001064834, -1.485266669077218 53.39056661117022, -1.4856813632787698 53.39004119348418, -1.4866543125092513 53.390356054004144, -1.4868256728698876 53.39020560972174, -1.4875614891820788 53.388745717491396, -1.488460183687485 53.388668302584875, -1.4902159828681252 53.387465033449324, -1.491980957145064 53.38841511404633, -1.4916608683274861 53.38860376400594, -1.4923094058239217 53.38910877320617, -1.4924533433615585 53.389385993318356, -1.4919063979813447 53.38951395911145, -1.4897616723852616 53.39010616464061, -1.4894784221399568 53.39024584746693, -1.4899467543629867 53.39080538844501, -1.4906103141534623 53.39058624445395, -1.491176604118373 53.390881113258104, -1.4900571639559468 53.39135838452154, -1.490321601682406 53.39163426076837, -1.4897755291249493 53.39215927712908, -1.488557879002499 53.39181548507529, -1.4891358698697073 53.392503011780555, -1.4897272273336426 53.39395201383787, -1.4886218503515796 53.39400674737497, -1.4886166410702237 53.39444155191815, -1.4866773008904302 53.395534337544994, -1.4872798526024413 53.396696471984924, -1.4864584122670144 53.39838817896013, -1.4863205038025837 53.39967743215403, -1.4848711190877988 53.39966480968281, -1.4840984189815833 53.40025573393528))",183.13251077211135,181.1160366795258,353.7995453355107,10.449002116126469,343.35054321938424,16073.339152338245,17148.472323484526,287.30736570074345,304.1072308999649,1.7331353681146138,20,803.6669576169122,842.1973400012955,857.4236161742263,721.7746563980165,14.365368285037173,13.951764723295408,15.205361544998246,13.164899554316715,14.365368285037173,15.205361544998246,315,E01008072,0.5623,E01008072,"1,676",1676.0,1075.1331711462808,16.799865199221472,53.75665855731404,0.8399932599610729,-120.42268360327898,-0.786865168978693,Increased,Increased,Reduced,0.0866567684057307
240,E01008073,Sheffield 030E,Sheffield 030E,433752,388082,-1.49397,53.3885,b0406551-e6b8-45a7-a374-e8cbc904a7d0,"POLYGON ((-1.491176604118373 53.390881113258104, -1.4906103141534623 53.39058624445395, -1.4899467543629867 53.39080538844501, -1.4894784221399568 53.39024584746693, -1.4897616723852616 53.39010616464061, -1.4919063979813447 53.38951395911145, -1.4924533433615585 53.389385993318356, -1.4923094058239217 53.38910877320617, -1.4916608683274861 53.38860376400594, -1.491980957145064 53.38841511404633, -1.4902159828681252 53.387465033449324, -1.4894987219178064 53.38709343456174, -1.4888704770184389 53.3867624455636, -1.4890968550585952 53.38575540538309, -1.4897761921518407 53.385593096983236, -1.4905458988349525 53.386581163928774, -1.4929014286451103 53.38748531722185, -1.4932780832416264 53.387439706996204, -1.4933612374031717 53.38683212848129, -1.4928759388555068 53.38645025265656, -1.4932741418338698 53.38627946770502, -1.493655710769027 53.3865234294415, -1.4940799051518758 53.385794501101806, -1.4949031126608299 53.38615155438486, -1.49441214070031 53.38650476389208, -1.4957040863285973 53.387008494251965, -1.49619591496368 53.38654659200159, -1.4970024220864797 53.38679118383893, -1.4967887358834517 53.38707991700932, -1.4973937557066936 53.387611510566344, -1.4978364880828958 53.38767708421057, -1.4990189792198894 53.38897735291689, -1.4990947768153662 53.38935788260144, -1.4976396241529273 53.38981769103695, -1.4946846975864374 53.39049241237552, -1.4938667913595993 53.391151235209975, -1.493835505550823 53.39115708911064, -1.4918832720617334 53.39129144274428, -1.4904569830258896 53.39194638563921, -1.4897755291249493 53.39215927712908, -1.490321601682406 53.39163426076837, -1.4900571639559468 53.39135838452154, -1.491176604118373 53.390881113258104))",43.44585090389426,85.05854354180147,126.30460452651121,2.19978991918452,124.10481460732669,3264.7127550717732,4978.768335940707,66.39025306541194,96.9349109132103,0.22563409041987936,10,326.47127550717727,143.038235679732,497.8768335940707,405.54799615736897,6.639025306541194,2.3695584346488583,9.69349109132103,7.805680610485922,6.639025306541194,9.69349109132103,36,E01008073,0.2267,E01008073,"1,591",1591.0,1714.0555808689342,30.544657847798362,171.40555808689345,3.054465784779836,262.509760477637,5.436122175837063,Increased,Increased,Increased,0.022563409041987937
241,E01008074,Sheffield 028D,Sheffield 028D,433184,388083,-1.50251,53.3886,45d6b8b3-666f-423b-83f0-7319e0dc4adf,"POLYGON ((-1.501593579352843 53.38967707689207, -1.4990189792198894 53.38897735291689, -1.4978364880828958 53.38767708421057, -1.4979254158004973 53.38764449652891, -1.498864756762581 53.38782816484979, -1.5008901599020719 53.389042362353976, -1.5007244416940062 53.388767722116256, -1.5015020516875033 53.38839273971074, -1.5004575015416914 53.38724810465562, -1.5010469659333088 53.38705827346899, -1.501899889228774 53.38819451359529, -1.5023499801598985 53.388134259743545, -1.501282285709327 53.386671349867214, -1.5019397939470576 53.38685410024386, -1.5022876446794757 53.386514070296634, -1.5024920315494932 53.38679158409514, -1.5034562840737729 53.388155173239696, -1.5037014992689466 53.38774861439148, -1.5047503221081593 53.387740198741454, -1.5046427379329765 53.38736671828391, -1.5039413500478773 53.38660180200781, -1.5043247926039294 53.386009934424884, -1.5053693217354436 53.386378188453946, -1.5054474636475856 53.38638299733253, -1.5072208747030926 53.3870097282546, -1.506432495456405 53.38839657333913, -1.504147690461381 53.39010003379863, -1.5034306078282627 53.39070386048955, -1.5033444922599768 53.390805254225725, -1.5016149395260212 53.389688957344525, -1.501593579352843 53.38967707689207))",61.410801910567876,88.35822842057834,145.00281883957976,4.766211491566463,140.2366073480133,2010.0498357600782,2174.0289960425644,33.298303210717954,36.01476710240064,0.010771652273682274,4,502.51245894001954,395.080234765045,543.5072490106411,588.756080485625,8.324575802679488,6.5448633241441545,9.00369177560016,9.753279812463411,8.324575802679488,9.00369177560016,29,E01008074,0.1282,E01008074,"1,314",1314.0,163.9791602824862,2.716463891682686,40.99479007062155,0.6791159729206715,193.67584572058,3.2084164883192567,Increased,Increased,Increased,0.0026929130684205686
242,E01008075,Sheffield 060B,Sheffield 060B,436921,383509,-1.44686,53.3472,49671471-8134-4103-8cf1-eba5549151b5,"POLYGON ((-1.4423541762539636 53.34675936567504, -1.4427839004068685 53.34405139522262, -1.4434037819566057 53.344137135986934, -1.4438057656075212 53.34333838011016, -1.44482245263735 53.34344499056441, -1.4449065131731986 53.34422419476545, -1.4459103346953164 53.344357603480105, -1.446061281258591 53.344221414037705, -1.4463343075136705 53.34401593890443, -1.4486093669697004 53.344637702785555, -1.4498647988576556 53.34369853250993, -1.4490894553498008 53.34337360030323, -1.4496815588720655 53.34302468153712, -1.44932095278005 53.34282589534053, -1.4488321352623432 53.34302262403857, -1.4483944045696 53.342592494740316, -1.4490316125165514 53.34216246619696, -1.4490488348572652 53.34215097353725, -1.4518165772223266 53.34297308292506, -1.4511106202523838 53.344235097477494, -1.4511787934533344 53.34504055195408, -1.449667782416066 53.34746411369349, -1.4518704938128297 53.34897266018248, -1.451299631731712 53.34952368242996, -1.451700126285158 53.35016611445713, -1.4511783281021804 53.3514017736787, -1.4491313122884044 53.350813337238456, -1.4476011180093105 53.35059623684919, -1.444382458165237 53.34894001059232, -1.443007571313317 53.348861631945034, -1.4421669069055418 53.34794451264839, -1.4418496321016374 53.34719336750096, -1.4423541762539636 53.34675936567504))",20.348056752456813,31.89695382817557,48.39537822205947,3.849632358572912,44.54574586348656,5917.408203936071,4445.2949290766655,98.0272474297856,73.64035248085744,0.26947116047138164,8,739.6760254920088,766.8585028348725,555.6618661345833,549.415956652059,12.253405928723199,12.703708382164063,9.20504406010718,9.101574890300677,12.2534059287232,9.20504406010718,26,E01008075,0.3922,E01008075,"1,447",1447.0,-1472.1132748594055,-24.38689494892816,-184.01415935742546,-3.048361868616018,-217.44254618281354,-3.602133491863386,Reduced,Reduced,Reduced,0.033683895058922705
243,E01008076,Sheffield 060C,Sheffield 060C,437030,382918,-1.44529,53.3419,d9cbbb0e-7f78-473c-9b62-53d038032fb0,"POLYGON ((-1.4486093669697004 53.344637702785555, -1.4463343075136705 53.34401593890443, -1.446061281258591 53.344221414037705, -1.4459103346953164 53.344357603480105, -1.4449065131731986 53.34422419476545, -1.44482245263735 53.34344499056441, -1.4438057656075212 53.34333838011016, -1.4434037819566057 53.344137135986934, -1.4427839004068685 53.34405139522262, -1.4427492008274077 53.342896734394095, -1.4404597884680321 53.34269876233455, -1.4417445269753622 53.34237293085408, -1.4413651052274512 53.34199082348385, -1.4418387119565996 53.34148714171401, -1.4412802354736263 53.3409316393998, -1.4417624254830026 53.34054506776052, -1.4412785158772317 53.340187280370884, -1.441530704332447 53.339964846656535, -1.4425378208532114 53.34069423687182, -1.4428230970376572 53.34016482668773, -1.443678784960295 53.34005387755671, -1.4431478017934205 53.33940268269025, -1.4439378686073894 53.339111830013366, -1.44450405610404 53.339552047983425, -1.444551000969758 53.340305111724845, -1.4449479282381945 53.34019235090205, -1.4453870644348374 53.34058853560902, -1.446503675187653 53.340214476788965, -1.447809717355742 53.34032281655495, -1.4477687413614633 53.34103670809696, -1.4491475549442607 53.34151252928623, -1.4490488348572652 53.34215097353725, -1.4490316125165514 53.34216246619696, -1.4483944045696 53.342592494740316, -1.4488321352623432 53.34302262403857, -1.44932095278005 53.34282589534053, -1.4496815588720655 53.34302468153712, -1.4490894553498008 53.34337360030323, -1.4498647988576556 53.34369853250993, -1.4486093669697004 53.344637702785555))",9.349107156534213,11.365581249120018,20.164740925858098,0.54994747979613,19.614793446061967,7139.618236352846,5025.215663440078,98.85418168926324,69.19388777853052,0.6600240224553061,6,1189.9363727254743,1054.55946726044,837.5359439066797,769.4089554850746,16.47569694821054,15.260523435813898,11.532314629755087,10.908457723771596,16.47569694821054,11.532314629755087,18,E01008076,0.2027,E01008076,"1,413",1413.0,-2114.402572912768,-29.66029391073272,-352.4004288187946,-4.943382318455454,-285.15051177536543,-4.352065712042302,Reduced,Reduced,Reduced,0.11000400374255102
244,E01008077,Sheffield 060D,Sheffield 060D,436864,382616,-1.44782,53.3392,87f2d5dd-6636-4c26-b914-3be333c8d88c,"POLYGON ((-1.4412802354736263 53.3409316393998, -1.4390572097011671 53.339530814608345, -1.4421200828943417 53.337352849341244, -1.4433686860383144 53.33760214721775, -1.4457998237596468 53.33773929108359, -1.4476150681566364 53.33748703822483, -1.4495104970281483 53.337841869515394, -1.4512268050301946 53.33848347002695, -1.4548549484263247 53.33897649606202, -1.4541795846262293 53.33926820598217, -1.4518707770556918 53.33905923297355, -1.4509120323049602 53.339605618675044, -1.450740602891819 53.34009022350985, -1.4516894253255257 53.33988476898542, -1.451384913476662 53.34088272303828, -1.4502966252516207 53.34089450838929, -1.4506260926961065 53.3403485191722, -1.4491128579216288 53.340532162350904, -1.4487988738733721 53.34005878498785, -1.447809717355742 53.34032281655495, -1.446503675187653 53.340214476788965, -1.4453870644348374 53.34058853560902, -1.4449479282381945 53.34019235090205, -1.444551000969758 53.340305111724845, -1.44450405610404 53.339552047983425, -1.4439378686073894 53.339111830013366, -1.4431478017934205 53.33940268269025, -1.443678784960295 53.34005387755671, -1.4428230970376572 53.34016482668773, -1.4425378208532114 53.34069423687182, -1.441530704332447 53.339964846656535, -1.4412785158772317 53.340187280370884, -1.4417624254830026 53.34054506776052, -1.4412802354736263 53.3409316393998))",14.848581954495511,9.349107156534208,23.647741631233586,0.54994747979613,23.097794151437455,9620.418485596208,6831.519853313241,139.95089353934205,99.11695910498995,0.7476239897028165,10,962.0418485596208,1023.6263147018251,683.1519853313241,633.8428792064345,13.995089353934205,13.925758502073696,9.911695910498995,9.57541595673334,13.995089353934205,9.911695910498995,13,E01008077,0.2225,E01008077,"1,579",1579.0,-2788.898632282968,-40.8339344343521,-278.8898632282967,-4.0833934434352095,-389.78343549539056,-4.350342545340357,Reduced,Reduced,Reduced,0.07476239897028165
245,E01008078,Sheffield 064E,Sheffield 064E,436569,382394,-1.45227,53.3372,c029f7ae-0a51-4ff1-9099-957681aa9a21,"POLYGON ((-1.4477687413614633 53.34103670809696, -1.447809717355742 53.34032281655495, -1.4487988738733721 53.34005878498785, -1.4491128579216288 53.340532162350904, -1.4506260926961065 53.3403485191722, -1.4502966252516207 53.34089450838929, -1.451384913476662 53.34088272303828, -1.4516894253255257 53.33988476898542, -1.450740602891819 53.34009022350985, -1.4509120323049602 53.339605618675044, -1.4518707770556918 53.33905923297355, -1.4541795846262293 53.33926820598217, -1.4548549484263247 53.33897649606202, -1.4512268050301946 53.33848347002695, -1.4495104970281483 53.337841869515394, -1.4476150681566364 53.33748703822483, -1.4457998237596468 53.33773929108359, -1.4433686860383144 53.33760214721775, -1.4421200828943417 53.337352849341244, -1.4422179694525878 53.33727570662589, -1.4431933516960025 53.337118740369, -1.4510921592142545 53.33140880332815, -1.452867133829454 53.332470121391054, -1.4537975101392946 53.33379290011782, -1.4553862789941345 53.3338996371286, -1.4551016178182221 53.33158470845837, -1.4556675558252643 53.33144743386196, -1.4563695568035286 53.332696719586494, -1.4587276153418625 53.33279204534573, -1.4586261382491854 53.33320591372192, -1.459209693698233 53.333225976087036, -1.459670817638234 53.334452459593294, -1.4609874331921264 53.33385261660058, -1.4623157623441358 53.33411423807927, -1.462123967484649 53.33490609369336, -1.463147399545896 53.33483260575636, -1.463117376450111 53.33531869118502, -1.4610945708396554 53.33626324987393, -1.4620945221544137 53.33834500001483, -1.463401528221623 53.33975160917786, -1.463456608217522 53.33978007782818, -1.4613194688824829 53.34024263782226, -1.4590595300821971 53.33984593024125, -1.455451623065915 53.340364333652126, -1.4535439820217722 53.34120774352067, -1.453350275472083 53.34141361630823, -1.4518165772223266 53.34297308292506, -1.4490488348572652 53.34215097353725, -1.4491475549442607 53.34151252928623, -1.4477687413614633 53.34103670809696))",56.4612745924027,86.70838598118996,128.32107861909714,14.848581954495522,113.47249666460161,10468.951728943854,7951.036088685585,160.17487073274805,122.21992260826104,0.9067967121661027,14,747.7822663531325,830.6978970693781,567.9311491918276,529.301671998594,11.441062195196292,13.090785615297122,8.729994472018648,8.768363475667028,11.44106219519629,8.729994472018646,42,E01008078,0.8646,E01008078,"1,524",1524.0,-2517.9156402582685,-37.954948124487004,-179.85111716130496,-2.711067723177644,-301.3962250707841,-4.322422139630094,Reduced,Reduced,Reduced,0.06477119372615019
246,E01008079,Sheffield 064F,Sheffield 064F,435764,381669,-1.46444,53.3307,9c551d82-5b70-4f2d-8e33-3477f1bf8341,"POLYGON ((-1.459670817638234 53.334452459593294, -1.459209693698233 53.333225976087036, -1.4586261382491854 53.33320591372192, -1.4587276153418625 53.33279204534573, -1.4563695568035286 53.332696719586494, -1.4556675558252643 53.33144743386196, -1.4551016178182221 53.33158470845837, -1.4553862789941345 53.3338996371286, -1.4537975101392946 53.33379290011782, -1.452867133829454 53.332470121391054, -1.4510921592142545 53.33140880332815, -1.4542379335925508 53.33065259999767, -1.459931616921387 53.33061217418862, -1.456732476652854 53.32931793538008, -1.457631179282752 53.3286009239023, -1.458368145847797 53.32868797337133, -1.4599306876407774 53.329615269694415, -1.4616620152431536 53.328353721320546, -1.4612125535685394 53.3278049061873, -1.4618220608736305 53.327824635311394, -1.4629122290220284 53.329612235328725, -1.4652303856321227 53.32853996196821, -1.464902346223572 53.32757440966814, -1.4656029239169208 53.32665812161595, -1.4638852065071504 53.32597111968048, -1.4647908665681477 53.32567167733403, -1.4678087246859983 53.32462653369962, -1.4687134393041081 53.325784480335344, -1.4696799867790113 53.32522460628086, -1.47288440415057 53.325589109327474, -1.475526643136808 53.32506739791376, -1.4765417420210682 53.32510900398376, -1.4778689169452741 53.325663821866215, -1.4767978675058513 53.32626865423949, -1.4770139002271385 53.3266300956854, -1.476071833642797 53.32670904811865, -1.4759546746901442 53.32717886253264, -1.4744575603031236 53.32750096472551, -1.475946505378164 53.32934264004241, -1.4752978274492707 53.32953338193569, -1.474502797949534 53.328168517424935, -1.47346155078624 53.32838655440753, -1.47190801459766 53.32883596245407, -1.4711749693952743 53.32905972899505, -1.4706773967155369 53.32848377038394, -1.4702429849054746 53.32793115511322, -1.4694494661784434 53.328276108028064, -1.4685982003215254 53.32870586840273, -1.4691428129482669 53.329094808727774, -1.46702378275569 53.33093490622871, -1.4672395344431628 53.3321955736627, -1.4627796407571896 53.33280286024104, -1.4626042079643813 53.33332143289388, -1.4623157623441358 53.33411423807927, -1.4609874331921264 53.33385261660058, -1.459670817638234 53.334452459593294))",90.19138668656532,83.95864858220925,163.5177173260494,10.632317942725177,152.88539938332423,8651.964773889826,7792.768919346439,119.2642520595561,108.50556335706152,0.410930769156722,19,455.36656704683304,53.2019191954777,410.145732597181,180.608136374402,6.277065897871374,0.8813381664705071,5.7108191240558694,2.9919380009020613,6.277065897871374,5.7108191240558694,114,E01008079,0.684,E01008079,"1,193",1193.0,-859.1958545433863,-10.758688702494581,-45.220834449652045,-0.5662467738155046,127.4062171789243,2.110599834431554,Reduced,Reduced,Increased,0.021627935218774843
247,E01008080,Sheffield 069D,Sheffield 069D,434842,381315,-1.47833,53.3276,1ca37bf1-e507-4a9c-8ceb-c8bbca98cdcd,"POLYGON ((-1.4813077567580861 53.33056618036502, -1.4806680968905013 53.330380612911384, -1.4789431397614536 53.33062467435731, -1.4766523277293633 53.330597629287425, -1.4759217508593387 53.330654401952046, -1.4752978274492707 53.32953338193569, -1.475946505378164 53.32934264004241, -1.4744575603031236 53.32750096472551, -1.4759546746901442 53.32717886253264, -1.476071833642797 53.32670904811865, -1.4770139002271385 53.3266300956854, -1.4767978675058513 53.32626865423949, -1.4778689169452741 53.325663821866215, -1.4765417420210682 53.32510900398376, -1.475526643136808 53.32506739791376, -1.476647223299786 53.32370991366447, -1.478886713616401 53.32400065507509, -1.4815116506046728 53.32451681009602, -1.481725139557676 53.32504671222435, -1.4792737865287904 53.32607313350926, -1.4795553049382586 53.32631199738825, -1.4821502817126209 53.32624238329863, -1.4828914841601963 53.32694047150057, -1.4821123305306487 53.32760781993678, -1.4826013441892596 53.32925879894532, -1.4826210638690445 53.32930532577989, -1.4835071611827186 53.33092904632637, -1.4847867053191413 53.33124874145784, -1.4845699274444126 53.33153629116151, -1.4839416573992734 53.33145351412136, -1.4831078953994843 53.330863956511436, -1.4813077567580861 53.33056618036502))",41.79600846450588,45.09569334328266,86.3417543279924,0.54994747979613,85.79180684819627,1164.9998845254383,1647.4534537814222,17.249154448989525,25.673972547922446,0.004490974470447221,8,145.6249855656798,119.4237968451298,205.93168172267778,195.29165229364799,2.156144306123691,1.5462009576852402,3.2092465684903058,2.872939730920585,2.1561443061236907,3.2092465684903058,30,E01008080,0.2968,E01008080,"1,408",1408.0,482.4535692559839,8.42481809893292,60.30669615699799,1.0531022623666146,75.86785544851818,1.3267387732353448,Increased,Increased,Increased,0.0005613718088059026
248,E01008081,Sheffield 070A,Sheffield 070A,436149,380750,-1.45877,53.3225,9cb3e986-37ed-4b2c-8cb7-bb3cab071fdf,"POLYGON ((-1.4612125535685394 53.3278049061873, -1.4580377845245707 53.32639349880956, -1.4565954827030285 53.326284137384334, -1.45630345151882 53.32508195994444, -1.4550612716051843 53.3249181471909, -1.4542599886061252 53.32422975678512, -1.4558566293691266 53.32339621629522, -1.4552432807735798 53.32182593565366, -1.457304331779947 53.32172826716322, -1.4572862281235301 53.32065326923475, -1.4598096568936687 53.319693746103276, -1.4600976045782115 53.32002865887251, -1.4615289749965517 53.32016632476253, -1.4636580898546405 53.31961065008415, -1.4637020187448975 53.319589903573, -1.4672651051885497 53.317968154869085, -1.46791496967176 53.31712613393945, -1.4697221790372508 53.31714061205332, -1.4717985164055916 53.3177731547145, -1.4713098043532888 53.31836244455487, -1.4698921671316976 53.318073396903, -1.4684967681124632 53.318279018048486, -1.4655579567860213 53.319871028289974, -1.4643212148755536 53.32064620063928, -1.4649083861144088 53.32168263109252, -1.4642152668551585 53.321886264220716, -1.4638570705052578 53.32204196872536, -1.4633695921006824 53.32145828459555, -1.462397860028227 53.321753481571385, -1.4625266310020062 53.32231752360499, -1.4616771081071667 53.322037991476236, -1.462224640130708 53.322623130587964, -1.4616430996367649 53.322657758840485, -1.461245344763952 53.32308765083835, -1.461770075970947 53.32345880085192, -1.4623441637783345 53.323588633175355, -1.461994756910311 53.324168417614864, -1.462956381822894 53.32650923342945, -1.4623506349548479 53.326911599697226, -1.4612852512687746 53.326861852778265, -1.460681091702063 53.32714676584574, -1.4618220608736305 53.327824635311394, -1.4612125535685394 53.3278049061873))",5.316158971362595,3.84963235857291,8.982475503336795,0.18331582659871,8.799159676738086,4200.285738788283,3325.2843720717274,60.37109173222625,47.366411917044516,0.10567823518175509,6,700.0476231313805,897.1918289885615,554.2140620119545,585.689183947669,10.061848622037708,12.964249138027949,7.894401986174086,9.70247388267007,10.061848622037708,7.894401986174086,19,E01008081,0.3944,E01008081,"1,539",1539.0,-875.0013667165558,-13.004679815181731,-145.833561119426,-2.167446635863622,-311.5026450408925,-3.261775255357879,Reduced,Reduced,Reduced,0.017613039196959182
249,E01008082,Sheffield 070B,Sheffield 070B,435488,380848,-1.46868,53.3234,06493a10-c71c-4004-9382-13f1f2eecb53,"POLYGON ((-1.460681091702063 53.32714676584574, -1.4612852512687746 53.326861852778265, -1.4623506349548479 53.326911599697226, -1.462956381822894 53.32650923342945, -1.461994756910311 53.324168417614864, -1.4623441637783345 53.323588633175355, -1.461770075970947 53.32345880085192, -1.461245344763952 53.32308765083835, -1.4616430996367649 53.322657758840485, -1.462224640130708 53.322623130587964, -1.4616771081071667 53.322037991476236, -1.4625266310020062 53.32231752360499, -1.462397860028227 53.321753481571385, -1.4633695921006824 53.32145828459555, -1.4638570705052578 53.32204196872536, -1.4642152668551585 53.321886264220716, -1.4649083861144088 53.32168263109252, -1.4658918099842946 53.32144458976103, -1.4686028019950836 53.320975743891935, -1.4690311529840483 53.32115827966222, -1.4691777574354319 53.321884858831154, -1.471478676150688 53.32209841983007, -1.4720853536505751 53.32159773244122, -1.472701336761183 53.32201961098398, -1.4726757366499903 53.322418321227275, -1.4728599750164297 53.32208654997031, -1.4734678396098133 53.322166473319754, -1.4745654642046935 53.32216672542259, -1.4747014596947632 53.322460520049724, -1.4749415306634868 53.32214453289379, -1.4757122004300016 53.322316019389945, -1.4757168825658686 53.32207353160067, -1.4758302112451487 53.322354281531055, -1.4756540569921812 53.32325944671638, -1.476647223299786 53.32370991366447, -1.475526643136808 53.32506739791376, -1.47288440415057 53.325589109327474, -1.4696799867790113 53.32522460628086, -1.4687134393041081 53.325784480335344, -1.4678087246859983 53.32462653369962, -1.4647908665681477 53.32567167733403, -1.4638852065071504 53.32597111968048, -1.4656029239169208 53.32665812161595, -1.464902346223572 53.32757440966814, -1.4652303856321227 53.32853996196821, -1.4629122290220284 53.329612235328725, -1.4618220608736305 53.327824635311394, -1.460681091702063 53.32714676584574))",23.097794151437455,21.44795171204909,38.1296919325317,6.416053930954846,31.713638001576854,3382.6575598994687,3084.4956979829303,47.044330187307935,45.67800350824693,0.0749126621848493,8,422.8321949874336,34.4396141091869,385.56196224786635,186.0542174138885,5.880541273413492,0.7309290437757064,5.709750438530866,4.623235927932468,5.880541273413492,5.709750438530866,40,E01008082,0.4441,E01008082,"1,609",1609.0,-298.1618619165383,-1.3663266790610038,-37.270232739567234,-0.17079083488262548,151.6146033047016,3.8923068841567616,Reduced,Reduced,Increased,0.009364082773106162
250,E01008083,Sheffield 070C,Sheffield 070C,434827,380646,-1.47863,53.3216,211b3065-be87-47f3-924c-efdfb8f818a9,"POLYGON ((-1.4758302112451487 53.322354281531055, -1.4757168825658686 53.32207353160067, -1.4757122004300016 53.322316019389945, -1.4749415306634868 53.32214453289379, -1.4747014596947632 53.322460520049724, -1.4745654642046935 53.32216672542259, -1.4734678396098133 53.322166473319754, -1.4740428885861043 53.32172239169305, -1.4747632040884122 53.321902956882376, -1.475138097781174 53.32117074356739, -1.4761998961935756 53.32027652902007, -1.478225100956077 53.320339142396676, -1.4789814565853092 53.31930907742867, -1.4796143911393478 53.31930391023849, -1.4796909925037671 53.31870275059486, -1.4821462901017723 53.31877973780392, -1.4823380874849743 53.321485653930495, -1.482305449860236 53.32237058361209, -1.4823004931374446 53.322451461128125, -1.482225780010363 53.324113764362444, -1.4815116506046728 53.32451681009602, -1.478886713616401 53.32400065507509, -1.476647223299786 53.32370991366447, -1.4756540569921812 53.32325944671638, -1.4758302112451487 53.322354281531055))",21.63126753864778,26.94742651001038,46.92885160926978,1.64984243938839,45.27900916988139,510.07822148775625,818.9786995001677,12.674864307924308,20.35069024701368,0.004146006125327153,4,127.51955537193906,25.556966155263748,204.74467487504194,186.0542174138885,3.168716076981077,0.6350615738805049,5.08767256175342,4.623235927932468,3.168716076981077,5.08767256175342,28,E01008083,0.233,E01008083,"1,537",1537.0,308.9004780124115,7.675825939089373,77.22511950310287,1.9189564847723433,160.49725125862474,3.988174354051963,Increased,Increased,Increased,0.0010365015313317882
251,E01008084,Sheffield 070D,Sheffield 070D,435282,380482,-1.47181,53.3201,5adf216d-94a8-4a04-8063-a4c57a8f8223,"POLYGON ((-1.4726757366499903 53.322418321227275, -1.472701336761183 53.32201961098398, -1.4720853536505751 53.32159773244122, -1.471478676150688 53.32209841983007, -1.4691777574354319 53.321884858831154, -1.4690311529840483 53.32115827966222, -1.4686028019950836 53.320975743891935, -1.4658918099842946 53.32144458976103, -1.4649083861144088 53.32168263109252, -1.4643212148755536 53.32064620063928, -1.4655579567860213 53.319871028289974, -1.4684967681124632 53.318279018048486, -1.4698921671316976 53.318073396903, -1.4713098043532888 53.31836244455487, -1.4717985164055916 53.3177731547145, -1.4745048662188525 53.31845053072021, -1.4746763342425486 53.31848032822631, -1.4768477750531845 53.31923665308582, -1.4789814565853092 53.31930907742867, -1.478225100956077 53.320339142396676, -1.4761998961935756 53.32027652902007, -1.475138097781174 53.32117074356739, -1.4747632040884122 53.321902956882376, -1.4740428885861043 53.32172239169305, -1.4734678396098133 53.322166473319754, -1.4728599750164297 53.32208654997031, -1.4726757366499903 53.322418321227275))",7.14931723734969,10.998949595922602,17.96495100667358,0.18331582659871,17.78163518007487,2036.2394378290417,1762.3793707968055,33.950150466960196,31.495891678667242,0.0445165371379538,7,290.8913482612917,30.1477542107707,251.7684815424008,171.741149841823,4.850021495280028,0.49942496099995454,4.4994130969524635,4.26757245973549,4.850021495280028,4.4994130969524635,24,E01008084,0.2729,E01008084,"1,723",1723.0,-273.8600670322362,-2.454258788292954,-39.12286671889089,-0.3506083983275641,141.5933956310523,3.7681474987355355,Reduced,Reduced,Increased,0.006359505305421972
252,E01008085,Sheffield 009A,Sheffield 009A,433651,392800,-1.49499,53.4309,18b4bee0-4d16-44da-abc4-fa4bc0c5af8e,"POLYGON ((-1.4920739389467657 53.434003499853844, -1.4919845987728173 53.43367701345477, -1.4908260195689875 53.43377573622934, -1.4909060058385541 53.43095967030862, -1.491712234124811 53.43124244999095, -1.4922756156793062 53.42779573373684, -1.4927892131944922 53.42777209031445, -1.499149541806275 53.42825879938943, -1.49858584281082 53.42859705917877, -1.4975562731143521 53.42851827345638, -1.4968971632246908 53.42878266918386, -1.4972991238318614 53.42919208411069, -1.4978794671900217 53.42894873018925, -1.498445877245138 53.42930961039612, -1.4991070590349942 53.429036037459554, -1.499007806401021 53.429467335467464, -1.498316880441652 53.43098037887704, -1.4974252700079786 53.43345362891728, -1.4962282906008197 53.433671893510834, -1.4938017695572638 53.43409684231028, -1.4920739389467657 53.434003499853844))",51.69506310083628,64.34385513614721,109.98949595922605,6.049422277757439,103.9400736814686,3690.266314320549,3130.672294247503,56.6758951762663,48.81156387308736,0.24750956376787506,6,615.0443857200916,613.3737951926889,521.7787157079172,527.2461252366085,9.445982529377718,10.161094640776268,8.13526064551456,8.435610057170118,9.445982529377718,8.13526064551456,18,E01008085,0.2903,E01008085,"1,330",1330.0,-559.5940200730461,-7.864331303178943,-93.26567001217438,-1.3107218838631578,-86.12766995608047,-1.7254845836061499,Reduced,Reduced,Reduced,0.04125159396131251
253,E01008086,Sheffield 009B,Sheffield 009B,433383,392432,-1.49906,53.4276,24bbcc2d-4614-4fe0-b960-8df4603b6e6a,"POLYGON ((-1.5063994338355893 53.43109107125429, -1.5052310868059275 53.430487401265104, -1.5021328718332334 53.43106244390502, -1.501371583520061 53.43083597514008, -1.499007806401021 53.429467335467464, -1.4991070590349942 53.429036037459554, -1.498445877245138 53.42930961039612, -1.4978794671900217 53.42894873018925, -1.4972991238318614 53.42919208411069, -1.4968971632246908 53.42878266918386, -1.4975562731143521 53.42851827345638, -1.49858584281082 53.42859705917877, -1.499149541806275 53.42825879938943, -1.4927892131944922 53.42777209031445, -1.493521952835952 53.42643067155731, -1.4943145594842924 53.42608235733484, -1.4949379008560368 53.425102348527346, -1.4957549292148005 53.42489111451229, -1.4960835970177346 53.42545736364472, -1.4968931643076842 53.42543725134193, -1.4973432453348046 53.42513101543621, -1.4967512375473078 53.424606802886295, -1.4973463921827543 53.42418756700989, -1.4975640996947195 53.42442368593202, -1.4984915411672421 53.425342263386376, -1.4999517860564038 53.425768779970646, -1.4996368521433423 53.42609732604387, -1.4999972163450963 53.42652404975366, -1.5006891387898227 53.42694485030404, -1.502385373337785 53.42699548757079, -1.502271768255693 53.425088408737686, -1.50295553506447 53.42512231922307, -1.5032097771728252 53.42616388951925, -1.5050992255772477 53.4259268161389, -1.5051343642881854 53.42609803295347, -1.5050368231698388 53.427350902357745, -1.5069169328336207 53.43008346689771, -1.5062399118619383 53.43045027970955, -1.5063994338355893 53.43109107125429))",55.91132711260657,44.91237751668396,83.22538527581436,17.59831935347617,65.62706592233819,5359.938904066299,4627.578782011511,76.34853197249925,66.02739187300847,0.13563059690343449,8,669.9923630082873,710.2021097502604,578.4473477514388,591.2227443362635,9.543566496562406,10.7686382440216,8.253423984126059,8.066353696482604,9.543566496562406,8.253423984126059,23,E01008086,0.3408,E01008086,"1,613",1613.0,-732.360122054788,-10.321140099490776,-91.5450152568485,-1.290142512436347,-118.9793654139969,-2.702284547538996,Reduced,Reduced,Reduced,0.01695382461292931
254,E01008087,Sheffield 012A,Sheffield 012A,433131,391957,-1.5029,53.4234,a742b129-3c38-4874-a854-c1476611a746,"POLYGON ((-1.4984915411672421 53.425342263386376, -1.4975640996947195 53.42442368593202, -1.4973463921827543 53.42418756700989, -1.497194536816805 53.424020520066996, -1.4975585798540627 53.42374980834856, -1.4965207476927904 53.42292112538045, -1.4971122349122044 53.42219872844183, -1.4949300819217917 53.420594476107134, -1.497001239739908 53.41995128486641, -1.497263545125413 53.42023724273453, -1.4979359952597546 53.420200425503126, -1.4976567308594202 53.42115703483934, -1.498212802296147 53.4220103330657, -1.4982979454433247 53.42251010920341, -1.4987434353223077 53.422578124114395, -1.4986439072230073 53.421395436638996, -1.4985814651783316 53.42025508088222, -1.49982994556067 53.420182345598434, -1.5005603361447954 53.41974232412581, -1.5047936565641953 53.42144094913227, -1.5089670519735359 53.42312857469943, -1.5077073302607715 53.42483227627786, -1.5060906394276203 53.42539188837907, -1.5051343642881854 53.42609803295347, -1.5050992255772477 53.4259268161389, -1.5032097771728252 53.42616388951925, -1.50295553506447 53.42512231922307, -1.502271768255693 53.425088408737686, -1.502385373337785 53.42699548757079, -1.5006891387898227 53.42694485030404, -1.4999972163450963 53.42652404975366, -1.4996368521433423 53.42609732604387, -1.4999517860564038 53.425768779970646, -1.4984915411672421 53.425342263386376))",48.76200987525688,48.21206239546071,95.14091400473049,1.8331582659871,93.3077557387434,4848.22448880197,4662.776308590767,67.87151739622936,66.6104709049074,0.0409468660679926,10,484.82244888019693,395.639418563386,466.2776308590766,472.749421679163,6.787151739622938,6.5541267122136455,6.66104709049074,7.769829726885308,6.787151739622937,6.66104709049074,46,E01008087,0.4045,E01008087,"1,469",1469.0,-185.44818021120318,-1.261046491321963,-18.544818021120307,-0.12610464913219754,77.11000311577698,1.2157030146716625,Reduced,Reduced,Increased,0.00409468660679926
255,E01008088,Sheffield 012B,Sheffield 012B,433648,391909,-1.49513,53.4229,162dff42-040e-4018-a52d-2f01b57bcde2,"POLYGON ((-1.4922756156793062 53.42779573373684, -1.4927630166075596 53.424391853897845, -1.4924679436204233 53.4234071613148, -1.4922674836748975 53.42229661381575, -1.4915297831140875 53.42174118911969, -1.4923357627648277 53.420641540534895, -1.4930570114538186 53.420438511149044, -1.4936881164530031 53.420607215689984, -1.4946731518397514 53.4203214210331, -1.4943569429997747 53.419985922260096, -1.4947615790216415 53.41987476353444, -1.4929242606540358 53.41811056351506, -1.4928213468553548 53.4174802520112, -1.493258910809856 53.41746407357869, -1.4939279275926827 53.41699452381059, -1.493682020166517 53.41632003577477, -1.494618882514075 53.416102440920476, -1.4965402355753006 53.41855276244251, -1.4963034367384263 53.419291429782156, -1.4967104358599614 53.4195910187455, -1.4984626448788176 53.41884336788929, -1.4985814651783316 53.42025508088222, -1.4986439072230073 53.421395436638996, -1.4987434353223077 53.422578124114395, -1.4982979454433247 53.42251010920341, -1.498212802296147 53.4220103330657, -1.4976567308594202 53.42115703483934, -1.4979359952597546 53.420200425503126, -1.497263545125413 53.42023724273453, -1.497001239739908 53.41995128486641, -1.4949300819217917 53.420594476107134, -1.4971122349122044 53.42219872844183, -1.4965207476927904 53.42292112538045, -1.4975585798540627 53.42374980834856, -1.497194536816805 53.424020520066996, -1.4973463921827543 53.42418756700989, -1.4967512375473078 53.424606802886295, -1.4973432453348046 53.42513101543621, -1.4968931643076842 53.42543725134193, -1.4960835970177346 53.42545736364472, -1.4957549292148005 53.42489111451229, -1.4949379008560368 53.425102348527346, -1.4943145594842924 53.42608235733484, -1.493521952835952 53.42643067155731, -1.4927892131944922 53.42777209031445, -1.4922756156793062 53.42779573373684))",44.54574586348653,38.67963941232782,81.39222700982725,1.8331582659871013,79.55906874384016,10481.938087061728,8864.946578770221,134.33084444619155,112.42713778323399,0.7186890506187279,12,873.4948405884771,997.278874368275,738.7455482308518,713.7020564994921,11.19423703718263,13.003984047977472,9.368928148602832,9.639886451837532,11.19423703718263,9.368928148602832,28,E01008088,0.2666,E01008088,"1,276",1276.0,-1616.9915082915068,-21.90370666295756,-134.74929235762534,-1.825308888579798,-283.5768178687829,-3.36409759613994,Reduced,Reduced,Reduced,0.05989075421822732
256,E01008089,Sheffield 017B,Sheffield 017B,432687,391884,-1.50959,53.4228,13e4479f-0c81-4e2f-9634-65bf47a478c3,"POLYGON ((-1.5097380251420747 53.43042984969757, -1.509230036530285 53.430063726243745, -1.5075094359832992 53.43036030154795, -1.5069169328336207 53.43008346689771, -1.5050368231698388 53.427350902357745, -1.5051343642881854 53.42609803295347, -1.5060906394276203 53.42539188837907, -1.5077073302607715 53.42483227627786, -1.5089670519735359 53.42312857469943, -1.5047936565641953 53.42144094913227, -1.5005603361447954 53.41974232412581, -1.49982994556067 53.420182345598434, -1.4985814651783316 53.42025508088222, -1.4984626448788176 53.41884336788929, -1.498747928552948 53.41870120526796, -1.4974037544912513 53.41751841749795, -1.498134780668503 53.41655465484726, -1.4982939298489841 53.41529394840856, -1.5007222597697485 53.414763003610396, -1.5024839748615424 53.41436518894894, -1.5031071163893712 53.41356117782083, -1.5052289862907864 53.41507511987682, -1.5056187799604073 53.414978909927086, -1.5051316686152714 53.41470080782071, -1.5050767651613461 53.41420584614919, -1.502894272308388 53.41289177185954, -1.5030232488679889 53.41180449468857, -1.503702970202873 53.412169148361464, -1.5048594054343758 53.41171922885208, -1.5065682143676131 53.412821239042316, -1.5081665654162548 53.41392973601276, -1.5085845805154354 53.414280169754804, -1.5111741114452462 53.416475566924056, -1.5132701813155576 53.418224581187616, -1.5145148186001713 53.41892472531706, -1.5187955809954279 53.42131345276022, -1.5181254613867103 53.421651466023775, -1.5208914223029115 53.423139685934906, -1.521848430825039 53.42377875295446, -1.5196284324311156 53.42552709653491, -1.5184545266654743 53.425697677095314, -1.5188751662696454 53.42639330084229, -1.517581918780171 53.4265921738727, -1.516927733210653 53.426137305484076, -1.5146844500517918 53.42663437446991, -1.5139128806457465 53.427236846305796, -1.5144008284606418 53.428288816196975, -1.51306240495639 53.42922885507708, -1.5128943493965687 53.429860186091474, -1.5121174548032936 53.429769935561744, -1.5120071709699234 53.43003633903456, -1.5097380251420747 53.43042984969757))",129.23765775209057,140.96987065440814,257.5587363711877,12.648792035310969,244.90994433587673,12424.720732965423,13209.34964121446,187.99412856936817,203.67281747898954,0.41581025671764427,20,621.2360366482711,493.28249206805447,660.467482060723,588.9521143943296,9.39970642846841,7.936640842800956,10.183640873949477,9.423063455080115,9.39970642846841,10.183640873949477,213,E01008089,1.4832,E01008089,"1,652",1652.0,784.6289082490366,15.678688909621371,39.231445412451876,0.7839344454810675,95.66962232627509,1.486422612279159,Increased,Increased,Increased,0.020790512835882215
257,E01008090,Sheffield 012C,Sheffield 012C,433981,391718,-1.49014,53.4212,6b4d2c88-757b-455b-a637-bbe13596043c,"POLYGON ((-1.4862181519020932 53.42045500346293, -1.4864081895812882 53.41991792994195, -1.4865498822141294 53.419381562507, -1.4871722168905706 53.41680084327035, -1.4880218117435724 53.416504994078984, -1.487818069356733 53.41760313434343, -1.4884809355933997 53.417208505287554, -1.4887177176969142 53.41800517448797, -1.489878257618398 53.41841728706694, -1.491712936062576 53.417953288212395, -1.4923442425145086 53.418377089219256, -1.4929242606540358 53.41811056351506, -1.4947615790216415 53.41987476353444, -1.4943569429997747 53.419985922260096, -1.4946731518397514 53.4203214210331, -1.4936881164530031 53.420607215689984, -1.4930570114538186 53.420438511149044, -1.4923357627648277 53.420641540534895, -1.4915297831140875 53.42174118911969, -1.4922674836748975 53.42229661381575, -1.4924679436204233 53.4234071613148, -1.4904008887050328 53.42398940617878, -1.4887799090447884 53.424035623599316, -1.4872673574519173 53.42398108136777, -1.4861041427083768 53.42392826631733, -1.485522783064379 53.42342733572793, -1.4859964583764425 53.423097509469535, -1.485573453079273 53.422737371168914, -1.486153891648142 53.422253376946834, -1.4857803486287413 53.42203351728523, -1.4859528990433408 53.421263502746676, -1.4862181519020932 53.42045500346293))",26.580794856812943,33.363480440965226,59.21101199138333,0.73326330639484,58.47774868498849,10515.970431539177,10120.037393923403,187.49063507096278,179.5662179906428,0.41088706880112646,11,955.9973119581068,1024.7595775481,920.0033994475821,941.532619054607,17.044603188269345,16.97607418692721,16.32420163551298,15.618915237154361,17.044603188269345,16.32420163551298,28,E01008090,0.2972,E01008090,"1,647",1647.0,-395.9330376157741,-7.924417080319984,-35.99391251052475,-0.7204015527563641,-83.22695849349293,-1.357158949772849,Reduced,Reduced,Reduced,0.0373533698910115
258,E01008091,Sheffield 017C,Sheffield 017C,433417,390730,-1.49873,53.4123,189eb45f-1c13-4a4d-abe0-bc42ba156208,"POLYGON ((-1.4965402355753006 53.41855276244251, -1.494618882514075 53.416102440920476, -1.493682020166517 53.41632003577477, -1.4939279275926827 53.41699452381059, -1.493258910809856 53.41746407357869, -1.4927687227478594 53.41422964857016, -1.494455999325253 53.414125429775176, -1.4966328736049297 53.41324474483879, -1.4945833548490737 53.41226532052763, -1.4969211391807113 53.411762833606424, -1.4944757651079017 53.40991883013365, -1.4930457218382067 53.409625215645875, -1.4918626658574006 53.40823635244822, -1.496765683394445 53.406514357603626, -1.496943702693003 53.407045518282075, -1.4972069070986678 53.408526777292956, -1.4981822015603765 53.4092799009395, -1.5016473424133998 53.41027254735084, -1.5034123493318376 53.41114280492015, -1.5033929114372593 53.411520246888855, -1.504265813760417 53.410515211623526, -1.5048594054343758 53.41171922885208, -1.503702970202873 53.412169148361464, -1.5030232488679889 53.41180449468857, -1.502894272308388 53.41289177185954, -1.5050767651613461 53.41420584614919, -1.5051316686152714 53.41470080782071, -1.5056187799604073 53.414978909927086, -1.5052289862907864 53.41507511987682, -1.5031071163893712 53.41356117782083, -1.5024839748615424 53.41436518894894, -1.5007222597697485 53.414763003610396, -1.4982939298489841 53.41529394840856, -1.498134780668503 53.41655465484726, -1.4974037544912513 53.41751841749795, -1.498747928552948 53.41870120526796, -1.4984626448788176 53.41884336788929, -1.4967104358599614 53.4195910187455, -1.4963034367384263 53.419291429782156, -1.4965402355753006 53.41855276244251))",138.22013325542736,145.00281883957985,274.2404765916704,8.982475503336786,265.25800108833363,31479.864884208786,31041.159819852026,503.65991773728183,499.07296704777525,2.1591459166639444,30,1049.3288294736262,1005.607975293575,1034.7053273284012,904.5456795370975,16.78866392457606,15.008332503027571,16.635765568259174,13.627477073471855,16.78866392457606,16.635765568259174,58,E01008091,0.5082,E01008091,"1,391",1391.0,-438.70506435676,-4.58695068950658,-14.623502145225075,-0.15289835631688575,-101.06229575647751,-1.3808554295557158,Reduced,Reduced,Reduced,0.07197153055546482
259,E01008092,Sheffield 012D,Sheffield 012D,434039,390818,-1.48936,53.4131,e0e6a3fb-ab07-4065-872b-b2d9fa184661,"POLYGON ((-1.4887177176969142 53.41800517448797, -1.4884809355933997 53.417208505287554, -1.487818069356733 53.41760313434343, -1.4880218117435724 53.416504994078984, -1.4880342058473937 53.416461425334205, -1.4882351148348805 53.41582167486659, -1.4891691172011565 53.41448950149445, -1.4891728846446397 53.41428535506939, -1.4847257846732855 53.41404172822664, -1.4836164841229145 53.41374567155729, -1.4818433606539005 53.4126749359128, -1.4818935845358476 53.4126373115066, -1.4828601715865128 53.412456116975854, -1.484358918577903 53.41342419452453, -1.4851524704598453 53.41335762629667, -1.4874399756135945 53.411983860623174, -1.488290056474148 53.41141158023493, -1.4878311644079534 53.4107893977295, -1.4832752201023935 53.41059899791835, -1.4831029045847726 53.40677179368759, -1.4846482788852184 53.40479657019925, -1.486296062989088 53.40535459880555, -1.4864381146954997 53.40654077669418, -1.4880213995084948 53.40747340248421, -1.490268969535212 53.40821109253165, -1.4906786310154096 53.40791621414123, -1.4896417702430875 53.406930067629766, -1.4918626658574006 53.40823635244822, -1.4930457218382067 53.409625215645875, -1.4944757651079017 53.40991883013365, -1.4969211391807113 53.411762833606424, -1.4945833548490737 53.41226532052763, -1.4966328736049297 53.41324474483879, -1.494455999325253 53.414125429775176, -1.4927687227478594 53.41422964857016, -1.493258910809856 53.41746407357869, -1.4928213468553548 53.4174802520112, -1.4929242606540358 53.41811056351506, -1.4923442425145086 53.418377089219256, -1.491712936062576 53.417953288212395, -1.489878257618398 53.41841728706694, -1.4887177176969142 53.41800517448797))",65.07711844254206,90.55801833976278,149.9523461577448,5.682790624560016,144.26955553318479,14416.709488285816,13614.137145970202,257.96524681707945,242.65546254823363,0.5058736021184754,16,901.0443430178636,866.169822194923,850.8835716231378,720.794216864597,16.12282792606747,14.34889068833157,15.165966409264605,11.963050441194877,16.122827926067465,15.165966409264602,34,E01008092,0.6639,E01008092,"1,436",1436.0,-802.5723423156142,-15.309784268845817,-50.160771394725884,-0.9568615168028636,-145.37560533032593,-2.3858402471366933,Reduced,Reduced,Reduced,0.031617100132404714
260,E01008093,Sheffield 017D,Sheffield 017D,433656,389983,-1.49521,53.4056,5dcbb02b-4c14-45e7-b001-2cda262a6ed1,"POLYGON ((-1.496943702693003 53.407045518282075, -1.496765683394445 53.406514357603626, -1.4918626658574006 53.40823635244822, -1.4896417702430875 53.406930067629766, -1.4906786310154096 53.40791621414123, -1.490268969535212 53.40821109253165, -1.4880213995084948 53.40747340248421, -1.4864381146954997 53.40654077669418, -1.486296062989088 53.40535459880555, -1.4846482788852184 53.40479657019925, -1.4831029045847726 53.40677179368759, -1.4821891223674648 53.407124321546895, -1.4817763585710244 53.40643076169924, -1.478573176297854 53.4062712902378, -1.4785272585741704 53.40564069748239, -1.4797233660263307 53.40413422674437, -1.483305080838934 53.40242759722719, -1.4835888089687075 53.40073249308687, -1.4840984189815833 53.40025573393528, -1.4848711190877988 53.39966480968281, -1.4863205038025837 53.39967743215403, -1.4869409700844947 53.40049440799136, -1.4880733658836285 53.40051725181224, -1.4896803943689547 53.401217089491546, -1.489917583133366 53.40162456046465, -1.4894962561771603 53.40215112315716, -1.4900260947728712 53.402458155270985, -1.4917643932249058 53.40240348672908, -1.493186831257229 53.40167892222994, -1.492853669933586 53.401478877188644, -1.4934823633073846 53.4009717885169, -1.4961136987571 53.400212937882074, -1.4988074222848902 53.401461457765734, -1.5011536285190001 53.40257529002395, -1.502605694548939 53.40333960840278, -1.5032482989625664 53.403921968783834, -1.5040059379860666 53.40492764353045, -1.5042971753086272 53.40677924021257, -1.503901822198053 53.408870712519736, -1.5042466987632166 53.410448724260895, -1.504265813760417 53.410515211623526, -1.5033929114372593 53.411520246888855, -1.5034123493318376 53.41114280492015, -1.5016473424133998 53.41027254735084, -1.4981822015603765 53.4092799009395, -1.4972069070986678 53.408526777292956, -1.496943702693003 53.407045518282075))",218.6957811322611,219.06241278545866,408.61097748852484,29.14721642919491,379.46376105932995,28846.190433659147,26954.01906072106,477.8633735570444,446.517834266518,1.8577400610603256,26,1109.4688628330443,1055.16051103452,1036.6930407969637,867.9552188409909,18.379360521424783,17.479693292837005,17.17376285640454,14.37846740718425,18.379360521424783,17.173762856404537,122,E01008093,1.1176,E01008093,"1,472",1472.0,-1892.1713729380863,-31.345539290526403,-72.77582203608063,-1.2055976650202425,-187.20529219352898,-3.101225885652756,Reduced,Reduced,Reduced,0.07145154081001252
261,E01008094,Sheffield 019D,Sheffield 019D,434615,390409,-1.48074,53.4094,0bda8d55-af81-4358-94bc-f29521c95f87,"POLYGON ((-1.484358918577903 53.41342419452453, -1.4828601715865128 53.412456116975854, -1.4818935845358476 53.4126373115066, -1.4818433606539005 53.4126749359128, -1.480175336789117 53.41219078042587, -1.4794431287917302 53.412000880603564, -1.479175644709563 53.41234577783435, -1.477183457118615 53.412013818956225, -1.475936660148218 53.41209678738112, -1.4742477003006482 53.41319956449581, -1.4737723867268462 53.41295525509933, -1.473155060854207 53.412483048754595, -1.4750341667417466 53.41123152714696, -1.4746559105934158 53.41097109674068, -1.4763496021767994 53.40897230971423, -1.4754714983703952 53.40892709230021, -1.4751349717200881 53.40831863774398, -1.475813518546374 53.40826899699024, -1.4758616425604947 53.40790887098951, -1.478573176297854 53.4062712902378, -1.4817763585710244 53.40643076169924, -1.4821891223674648 53.407124321546895, -1.4831029045847726 53.40677179368759, -1.4832752201023935 53.41059899791835, -1.4878311644079534 53.4107893977295, -1.488290056474148 53.41141158023493, -1.4874399756135945 53.411983860623174, -1.4851524704598453 53.41335762629667, -1.484358918577903 53.41342419452453))",48.945325701855595,31.713638001576857,78.64248961084664,2.0164740925858102,76.62601551826083,5510.019532366343,4658.623309530975,74.17505488495338,61.79753680289734,0.20105669239895518,8,688.752441545793,690.155231645833,582.3279136913719,416.506349529149,9.271881860619175,7.874917370615151,7.724692100362168,6.8998063973704795,9.271881860619173,7.724692100362168,30,E01008094,0.4078,E01008094,"1,258",1258.0,-851.3962228353676,-12.377518082056042,-106.42452785442106,-1.547189760257007,-273.64888211668404,-0.9751109732446714,Reduced,Reduced,Reduced,0.025132086549869398
262,E01008095,Sheffield 043A,Sheffield 043A,436593,385920,-1.45151,53.3689,80354813-d75d-468c-a9a6-8d12920a46a6,"POLYGON ((-1.4522472748642896 53.37371502323806, -1.4520487632149426 53.37325934660376, -1.4509904027958898 53.3732711064203, -1.4506988440694824 53.37364835256757, -1.4495861726991222 53.3731552461032, -1.4471884505229131 53.370572710670004, -1.4456686910654017 53.36917686377304, -1.4453407525067457 53.369534836218556, -1.4435196339724943 53.36847318259564, -1.4427328756613422 53.36815849511591, -1.4433546473764085 53.36726435574794, -1.4430361578278406 53.366681587735265, -1.4439533828564912 53.36539809152036, -1.4451253767341945 53.36425298510073, -1.4465324502335366 53.36362975858435, -1.4473447442521363 53.3634542905253, -1.447849769703735 53.364222169873074, -1.448356338588048 53.36363925464679, -1.4489180885700303 53.36380313300583, -1.4490257875989343 53.3643882299998, -1.4486530152239812 53.3645479741388, -1.4490967845572122 53.36483055134395, -1.451145199001054 53.364955146726835, -1.450673020354189 53.36529382830107, -1.4496770325383348 53.36511961651603, -1.4497210122394404 53.36548999298039, -1.452074104665495 53.36611025690793, -1.4529406707085524 53.36651824581677, -1.4545768079041916 53.36666954889724, -1.4549573316110176 53.36690440870067, -1.4555475780208353 53.36678684088753, -1.4551878854611258 53.36706784197199, -1.455726927939324 53.36722310809092, -1.4561535893257211 53.36701727744882, -1.4597124250210896 53.36804402345863, -1.4586890555200513 53.369103132469014, -1.4590541364373366 53.369888081482905, -1.4584493912908902 53.37032526575108, -1.4597346922928909 53.371169375431414, -1.4613624510105623 53.371536276212915, -1.4615357878124953 53.37434687518375, -1.4539851851919001 53.37380068840624, -1.4522472748642896 53.37371502323806))",135.47039585644671,109.80618013262745,241.24362780390254,4.032948185171621,237.21067961873092,3294.344695764088,6447.5570303965005,54.57381533960453,106.80964478940653,0.3599004032414538,6,549.0574492940146,525.90504411621,1074.5928383994167,1222.1934317152,9.095635889934089,8.712095246337835,17.80160746490109,20.24674550221364,9.095635889934089,17.80160746490109,60,E01008095,0.8271,E01008095,"1,957",1957.0,3153.2123346324124,52.235829449802004,525.535389105402,8.705971574967,696.28838759899,11.534650255875803,Increased,Increased,Increased,0.059983400540242295
263,E01008096,Sheffield 043B,Sheffield 043B,436239,385513,-1.45687,53.3653,8f0a5355-e0d3-414f-bd55-4ae490dbd73c,"POLYGON ((-1.4597124250210896 53.36804402345863, -1.4561535893257211 53.36701727744882, -1.455726927939324 53.36722310809092, -1.4551878854611258 53.36706784197199, -1.4555475780208353 53.36678684088753, -1.4549573316110176 53.36690440870067, -1.4545768079041916 53.36666954889724, -1.4529406707085524 53.36651824581677, -1.452074104665495 53.36611025690793, -1.4497210122394404 53.36548999298039, -1.4496770325383348 53.36511961651603, -1.450673020354189 53.36529382830107, -1.451145199001054 53.364955146726835, -1.4490967845572122 53.36483055134395, -1.4486530152239812 53.3645479741388, -1.4490257875989343 53.3643882299998, -1.4489180885700303 53.36380313300583, -1.4500100249529078 53.36359019550064, -1.4508178573076085 53.36239189868675, -1.4512880691951837 53.36296910524381, -1.4516513465568357 53.3627640330445, -1.4518571759819967 53.36194700338543, -1.4506705914735725 53.360655673093916, -1.4513388278791495 53.360268125280456, -1.450565388919825 53.359039242673965, -1.4505949678172751 53.358963765504, -1.451285283404977 53.3591452220883, -1.4515709368705123 53.359662550699696, -1.452821298996721 53.360013831446416, -1.452657680002013 53.36078362290117, -1.4539598353445071 53.36202854598942, -1.4553096505167593 53.36273168742245, -1.4565074333016328 53.362693090819285, -1.4574147471023722 53.36226742050013, -1.4582527423238452 53.36187479501496, -1.4579942411134577 53.36157447262456, -1.4588372849846207 53.361331649651945, -1.4614790766831962 53.36058769366465, -1.4624408520376981 53.360669218514566, -1.4629205741722404 53.36081394901742, -1.4619913323883247 53.360965866311076, -1.4603712001064577 53.36206719925989, -1.4596229548839745 53.36206098437422, -1.4595795345605316 53.36260988864168, -1.460394686840412 53.36258006738617, -1.462200792574388 53.362249802460056, -1.462586138273766 53.36409681027116, -1.4630358895202082 53.36441853527415, -1.4621537520403356 53.36454138760839, -1.463016183719799 53.36479319554774, -1.4629121969752028 53.36625380879292, -1.4628219618888323 53.36709343485005, -1.4633086102823576 53.36677277490664, -1.4646219301357157 53.367532948932855, -1.4633731204762253 53.36844597325596, -1.4613624510105623 53.371536276212915, -1.4597346922928909 53.371169375431414, -1.4584493912908902 53.37032526575108, -1.4590541364373366 53.369888081482905, -1.4586890555200513 53.369103132469014, -1.4597124250210896 53.36804402345863))",31.530322174978124,33.36348044096524,63.977223482949825,0.91657913299355,63.06064434995628,11177.969701721702,13207.383530610545,185.17323192009385,218.79231728412,0.6055223725330448,18,620.9983167623169,677.0424813127136,733.7435294783636,580.130878557906,10.28740177333855,11.215824318486426,12.155128738006667,9.61039549987907,10.287401773338548,12.155128738006667,277,E01008096,0.6068,E01008096,"2,343",2343.0,2029.4138288888425,33.61908536402615,112.7452127160467,1.8677269646681172,-96.91160275480752,-1.605428818607356,Increased,Increased,Reduced,0.03364013180739137
264,E01008097,Sheffield 043C,Sheffield 043C,437325,385468,-1.44056,53.3648,4fb3fbde-f0a5-40b9-8f52-681476d52684,"POLYGON ((-1.4427328756613422 53.36815849511591, -1.4414320189775098 53.36731585504779, -1.4410993952384188 53.36770638721257, -1.4406757652996771 53.36759766277087, -1.4399829607144803 53.367926999022906, -1.4391351486098054 53.36736036192914, -1.4358910763577313 53.365325134508225, -1.4357836766867689 53.36525578242661, -1.436309274523478 53.36495333963681, -1.435933619372236 53.36472869920229, -1.4369612123088953 53.364587670237206, -1.4368490841062043 53.36419492705842, -1.4352107321923144 53.36331235208529, -1.4357531129582675 53.36307718187585, -1.4368808703201403 53.36315362397812, -1.4375190186536124 53.36276910899297, -1.437415153075863 53.36237876918334, -1.4368035038558917 53.36209161727391, -1.4355177145854687 53.3625289878338, -1.4343587872582855 53.362296520426725, -1.4345306821249246 53.36192825685107, -1.438141954998472 53.361606966196206, -1.4384006269919685 53.36124627834613, -1.4384395415855753 53.36123740069853, -1.4406443417142882 53.36189316312051, -1.4408546454247155 53.36194358964374, -1.441461508287521 53.361851580410814, -1.441621591495701 53.36112091546127, -1.4429495002306905 53.36104884322331, -1.4428767614173161 53.36061868941261, -1.4447569251645895 53.36087582299213, -1.4450246167968208 53.36051017405599, -1.4457758062850226 53.36068802625251, -1.4468451550222983 53.360562593746124, -1.4465651209170682 53.36095308833029, -1.4456436960502417 53.361115501632916, -1.4447778137782883 53.36090340767134, -1.4459341566689932 53.36214438793817, -1.4465324502335366 53.36362975858435, -1.4451253767341945 53.36425298510073, -1.4439533828564912 53.36539809152036, -1.4430361578278406 53.366681587735265, -1.4433546473764085 53.36726435574794, -1.4427328756613422 53.36815849511591))",14.29863447469938,8.432528023540655,22.181215018443904,0.54994747979613,21.631267538647773,7768.025155007971,10262.125954742078,102.21456747266397,150.84530699063356,0.4706473877326019,10,776.8025155007971,731.4285055754945,1026.2125954742075,1155.7630478405686,10.221456747266398,10.745755509649086,15.084530699063356,13.434207732400392,10.221456747266398,15.084530699063356,38,E01008097,0.3829,E01008097,"1,503",1503.0,2494.1007997341067,48.63073951796959,249.41007997341046,4.863073951796958,424.3345422650741,2.6884522227513052,Increased,Increased,Increased,0.04706473877326019
265,E01008098,Sheffield 048A,Sheffield 048A,437873,385059,-1.43237,53.3611,10f0b963-b464-45e5-9a7d-1a0f8f326a82,"POLYGON ((-1.4344436635890259 53.36440668707327, -1.43133480121882 53.36243776272993, -1.4304486380959125 53.36188132523113, -1.4281635996081377 53.3605774731525, -1.4263741999457655 53.36000796626926, -1.4283911394468694 53.35919799455194, -1.4312109697617168 53.35824125431827, -1.4312458342430294 53.35830742474852, -1.4314678423355505 53.35872460697511, -1.432305603694701 53.35907113575128, -1.4330253368361863 53.358770753573445, -1.4360617786625696 53.35893221919782, -1.437391552713087 53.35955805425471, -1.437161426206297 53.35992166286949, -1.4333821986878161 53.360079105208705, -1.4341047190811633 53.36047909666884, -1.433548497636873 53.360890202346575, -1.43297052383748 53.36067779692219, -1.4326192752429476 53.36104716587013, -1.4335652678677115 53.36129935952842, -1.4375449946653738 53.36091529497578, -1.4380324868778684 53.36125119455683, -1.4384006269919685 53.36124627834613, -1.438141954998472 53.361606966196206, -1.4345306821249246 53.36192825685107, -1.4343587872582855 53.362296520426725, -1.4355177145854687 53.3625289878338, -1.4368035038558917 53.36209161727391, -1.437415153075863 53.36237876918334, -1.4375190186536124 53.36276910899297, -1.4368808703201403 53.36315362397812, -1.4357531129582675 53.36307718187585, -1.4352107321923144 53.36331235208529, -1.4368490841062043 53.36419492705842, -1.4369612123088953 53.364587670237206, -1.435933619372236 53.36472869920229, -1.436309274523478 53.36495333963681, -1.4357836766867689 53.36525578242661, -1.434501007402042 53.36444308435965, -1.4344436635890259 53.36440668707327))",34.6466912271562,27.13074233660911,57.56116955199498,4.216264011770331,53.344905540224644,7322.339082359331,7815.606174521304,109.28953118813618,115.8629385248849,0.19767471883103183,10,732.2339082359331,559.260435148993,781.5606174521303,582.3507088538486,10.928953118813618,8.180048719406791,11.586293852488492,8.303972849781477,10.928953118813618,11.58629385248849,48,E01008098,0.2457,E01008098,"1,507",1507.0,493.26709216197287,6.573407336748716,49.32670921619717,0.6573407336748733,23.090273704855576,0.12392413037468586,Increased,Increased,Increased,0.019767471883103183
266,E01008099,Sheffield 051E,Sheffield 051E,435765,385411,-1.46401,53.3644,926add16-0fb4-497a-b734-cc4708b753b3,"POLYGON ((-1.4646219301357157 53.367532948932855, -1.4633086102823576 53.36677277490664, -1.4628219618888323 53.36709343485005, -1.4629121969752028 53.36625380879292, -1.463016183719799 53.36479319554774, -1.4621537520403356 53.36454138760839, -1.4630358895202082 53.36441853527415, -1.462586138273766 53.36409681027116, -1.462200792574388 53.362249802460056, -1.460394686840412 53.36258006738617, -1.4595795345605316 53.36260988864168, -1.4596229548839745 53.36206098437422, -1.4603712001064577 53.36206719925989, -1.4619913323883247 53.360965866311076, -1.4629205741722404 53.36081394901742, -1.4629730413442554 53.36082814626583, -1.4661274851012556 53.362980676513644, -1.4684707863615467 53.36470886044199, -1.4683050285417756 53.365351688029584, -1.467680605026556 53.3656151433299, -1.4672082803228699 53.36604539454358, -1.4669928217020554 53.36748154050261, -1.4655032833195782 53.36918055543204, -1.4655954474018782 53.36973733158609, -1.4653182766642434 53.36959473631192, -1.4633731204762253 53.36844597325596, -1.4646219301357157 53.367532948932855))",64.16053930954851,54.994747979613,113.10586501140409,6.049422277757434,107.05644273364666,5812.829010054935,6437.848792469005,107.45895211673478,119.7135286655273,0.2761994374138962,8,726.6036262568668,604.728481521929,804.7310990586257,604.728481521929,13.432369014591849,11.420673740513642,14.964191083190915,11.420673740513642,13.432369014591847,14.964191083190913,54,E01008099,0.2361,E01008099,"1,482",1482.0,625.0197824140705,12.254576548792528,78.12747280175881,1.531822068599066,0.0,0.0,Increased,Increased,Reduced,0.03452492967673702
267,E01008100,Sheffield 048B,Sheffield 048B,436879,385047,-1.44731,53.361,7f56fd8e-50e3-4269-b27d-74131404a273,"POLYGON ((-1.447849769703735 53.364222169873074, -1.4473447442521363 53.3634542905253, -1.4465324502335366 53.36362975858435, -1.4459341566689932 53.36214438793817, -1.4447778137782883 53.36090340767134, -1.4456436960502417 53.361115501632916, -1.4465651209170682 53.36095308833029, -1.4468451550222983 53.360562593746124, -1.4457758062850226 53.36068802625251, -1.4450246167968208 53.36051017405599, -1.4447569251645895 53.36087582299213, -1.4427851121750324 53.35829123430033, -1.4433827061339572 53.35828707750722, -1.4437450789155324 53.357934330981564, -1.4463954040607345 53.35915004000549, -1.4478173520872355 53.35827896490907, -1.4494194717977338 53.358537381969995, -1.449383528629458 53.35795096169625, -1.4477226349540764 53.35746954026694, -1.4472667705141795 53.35776282806422, -1.447269407252165 53.357014069136035, -1.4504563546579234 53.35749388601745, -1.4505949678172751 53.358963765504, -1.450565388919825 53.359039242673965, -1.4513388278791495 53.360268125280456, -1.4506705914735725 53.360655673093916, -1.4518571759819967 53.36194700338543, -1.4516513465568357 53.3627640330445, -1.4512880691951837 53.36296910524381, -1.4508178573076085 53.36239189868675, -1.4500100249529078 53.36359019550064, -1.4489180885700303 53.36380313300583, -1.448356338588048 53.36363925464679, -1.447849769703735 53.364222169873074))",9.89905463633035,14.66526612789681,21.081320058851663,3.4830007053755,17.598319353476164,4189.977543630933,4055.4841314145388,69.41078783808575,67.1827821736729,0.09144127869745657,6,698.3295906051554,784.7071479979295,675.9140219024231,518.1860636217571,11.56846463968096,12.999387418557312,11.197130362278818,8.584223315797022,11.56846463968096,11.197130362278818,19,E01008100,0.2474,E01008100,"1,307",1307.0,-134.49341221639406,-2.228005664412848,-22.415568702732344,-0.3713342774021413,-266.52108437617244,-4.41516410276029,Reduced,Reduced,Reduced,0.015240213116242761
268,E01008101,Sheffield 043D,Sheffield 043D,436270,384943,-1.45647,53.3601,29501a18-9237-47a2-96bb-556bfd47d58b,"POLYGON ((-1.4505949678172751 53.358963765504, -1.4504563546579234 53.35749388601745, -1.4515684148899428 53.35765899448197, -1.4526751699148712 53.357808800875304, -1.4558602495230983 53.35831096789413, -1.4588460949340287 53.359724630217684, -1.4591592784155942 53.35981569005805, -1.4614790766831962 53.36058769366465, -1.4588372849846207 53.361331649651945, -1.4579942411134577 53.36157447262456, -1.4582527423238452 53.36187479501496, -1.4574147471023722 53.36226742050013, -1.4565074333016328 53.362693090819285, -1.4553096505167593 53.36273168742245, -1.4539598353445071 53.36202854598942, -1.452657680002013 53.36078362290117, -1.452821298996721 53.360013831446416, -1.4515709368705123 53.359662550699696, -1.451285283404977 53.3591452220883, -1.4505949678172751 53.358963765504))",37.21311279953814,40.879429331512355,74.24290977247759,3.849632358572911,70.39327741390468,4189.977543630933,4055.4841314145388,69.41078783808575,67.1827821736729,0.09144127869745657,6,698.3295906051554,784.7071479979295,675.9140219024231,518.1860636217571,11.56846463968096,12.999387418557312,11.197130362278818,8.584223315797022,11.56846463968096,11.197130362278818,31,E01008101,0.2079,E01008101,"1,854",1854.0,-134.49341221639406,-2.228005664412848,-22.415568702732344,-0.3713342774021413,-266.52108437617244,-4.41516410276029,Reduced,Reduced,Reduced,0.015240213116242761
269,E01008102,Sheffield 048C,Sheffield 048C,437686,384722,-1.43522,53.3581,42c0eda3-a245-413a-a394-27ace9777b72,"POLYGON ((-1.4406443417142882 53.36189316312051, -1.4384395415855753 53.36123740069853, -1.4384006269919685 53.36124627834613, -1.4380324868778684 53.36125119455683, -1.4375449946653738 53.36091529497578, -1.4335652678677115 53.36129935952842, -1.4326192752429476 53.36104716587013, -1.43297052383748 53.36067779692219, -1.433548497636873 53.360890202346575, -1.4341047190811633 53.36047909666884, -1.4333821986878161 53.360079105208705, -1.437161426206297 53.35992166286949, -1.437391552713087 53.35955805425471, -1.4360617786625696 53.35893221919782, -1.4330253368361863 53.358770753573445, -1.432305603694701 53.35907113575128, -1.4314678423355505 53.35872460697511, -1.4312458342430294 53.35830742474852, -1.4312109697617168 53.35824125431827, -1.4332519359717157 53.356886942989924, -1.434833726343876 53.3558982259791, -1.4372189191187337 53.354166896309124, -1.4358837986384867 53.356155505477105, -1.4381412802528084 53.357789678108404, -1.4388981429030792 53.35787409061943, -1.4389224693337341 53.35827345795752, -1.4406987526615096 53.358021117214264, -1.4411963292241554 53.359188414619624, -1.4419320320038984 53.35902347796937, -1.4428767614173161 53.36061868941261, -1.4429495002306905 53.36104884322331, -1.441621591495701 53.36112091546127, -1.441461508287521 53.361851580410814, -1.4408546454247155 53.36194358964374, -1.4406443417142882 53.36189316312051))",30.43042721538587,21.997899191845196,49.49527318165171,2.93305322557936,46.562219956072354,8126.374480335859,7909.7274819833,108.15094988360657,111.87568732011837,0.3008272972031957,8,1015.7968100419823,1249.10076023927,988.7159352479125,928.4441171142615,13.518868735450821,13.234916232588045,13.984460915014798,13.434207732400392,13.518868735450821,13.984460915014797,26,E01008102,0.2651,E01008102,"1,359",1359.0,-216.6469983525585,3.724737436511802,-27.080874794069814,0.465592179563977,-320.6566431250084,0.19929149981234673,Increased,Increased,Increased,0.03760341215039946
270,E01008103,Sheffield 048D,Sheffield 048D,437202,384661,-1.4425,53.3575,74b12ff2-da27-48d6-a0e8-0b89cc4ad2f5,"POLYGON ((-1.4428767614173161 53.36061868941261, -1.4419320320038984 53.35902347796937, -1.4411963292241554 53.359188414619624, -1.4406987526615096 53.358021117214264, -1.4389224693337341 53.35827345795752, -1.4388981429030792 53.35787409061943, -1.4381412802528084 53.357789678108404, -1.4358837986384867 53.356155505477105, -1.4372189191187337 53.354166896309124, -1.437252050052741 53.354162072685, -1.4392111946814559 53.354232404144504, -1.4411934790989704 53.35536368170308, -1.4412865972717785 53.35542475551819, -1.4438039066555743 53.35595394437873, -1.4438985348807498 53.35596747271312, -1.4462584256305404 53.35671772758501, -1.447269407252165 53.357014069136035, -1.4472667705141795 53.35776282806422, -1.4477226349540764 53.35746954026694, -1.449383528629458 53.35795096169625, -1.4494194717977338 53.358537381969995, -1.4478173520872355 53.35827896490907, -1.4463954040607345 53.35915004000549, -1.4437450789155324 53.357934330981564, -1.4433827061339572 53.35828707750722, -1.4427851121750324 53.35829123430033, -1.4447569251645895 53.36087582299213, -1.4428767614173161 53.36061868941261))",11.365581249120021,13.932002821501964,23.83105745783231,1.46652661278968,22.36453084504263,6253.909649490529,5699.317917367925,103.6016998466234,94.41438352946723,0.2657707501693889,8,781.7387061863161,766.8585028348725,712.4147396709906,621.6233417979249,12.950212480827926,12.703708382164063,11.801797941183402,10.297755881370964,12.950212480827926,11.801797941183404,29,E01008103,0.2591,E01008103,"1,176",1176.0,-554.5917321226043,-9.187316317156174,-69.32396651532554,-1.1484145396445236,-145.2351610369476,-2.4059525007930986,Reduced,Reduced,Reduced,0.03322134377117361
271,E01008104,Sheffield 036E,Sheffield 036E,434069,386570,-1.48937,53.3749,c7b98736-0c1e-471f-a45e-c9fc11558a92,"POLYGON ((-1.4879334905913486 53.37807852547972, -1.4882094630454605 53.37770124832368, -1.4877999464248712 53.37771487260123, -1.487882192063062 53.376961001899225, -1.4870093962635313 53.37693881177485, -1.4868062430700895 53.377302727302514, -1.4860856898825519 53.37619194327633, -1.486629043600585 53.37617495417932, -1.4867742374638855 53.37587561634554, -1.4865869824980222 53.37541363748679, -1.4881852105418605 53.3750185670782, -1.4879410284613281 53.374720282227074, -1.4889326951322208 53.37400333928183, -1.4880918460578587 53.373584271768216, -1.4865471704715771 53.374320287803876, -1.485917685130026 53.374430792766574, -1.4856638974580683 53.37341890284656, -1.4849615376083922 53.373393705599824, -1.4839374356659598 53.37281977443506, -1.4835240609229232 53.3727752310648, -1.4836933047774084 53.372318039602746, -1.485789855785155 53.37170686369973, -1.4861440689661916 53.37224771034535, -1.4875984452782467 53.37174343180862, -1.4870625047932395 53.371704156317755, -1.4875127439881448 53.3713970574657, -1.4889756146667463 53.37096730148137, -1.489103532076751 53.37125135242144, -1.489947242196065 53.370632212116504, -1.4911874764790736 53.37030780096532, -1.4928746577641323 53.37237206881169, -1.493014816422627 53.37254386619696, -1.495244251413442 53.37527750396419, -1.4944669711486134 53.3756886027078, -1.4932218689412249 53.37638927777834, -1.4920632850336675 53.37729371113908, -1.4904032160697263 53.37852992914671, -1.4885894777660975 53.37893743694475, -1.4882912420141392 53.378793652953995, -1.4888753066493856 53.37837967161109, -1.4881302836528134 53.37833258944375, -1.4882409147675242 53.37814244927038, -1.4879334905913486 53.37807852547972))",122.45497216793828,114.38907579759523,228.96146742178897,7.882580543744529,221.07888687804444,9025.969015406661,8508.646683777142,149.52338379804723,140.95346898806898,0.995726398282585,10,902.5969015406661,1012.8261235147655,850.8646683777145,827.1834362519145,14.952338379804724,16.778385670113373,14.095346898806898,13.703045755969764,14.952338379804724,14.095346898806898,144,E01008104,0.3641,E01008104,"1,416",1416.0,-517.3223316295189,-8.569914809978258,-51.732233162951616,-0.8569914809978254,-185.64268726285104,-3.0753399141436084,Reduced,Reduced,Reduced,0.09957263982825851
272,E01008105,Sheffield 040A,Sheffield 040A,434777,385751,-1.47882,53.3675,bba0eff8-791d-4764-af12-93940e894ee9,"POLYGON ((-1.476170896843655 53.36979494036356, -1.4770486654795998 53.36956858163226, -1.4758694831349524 53.369010418115096, -1.476148111032062 53.368644757292444, -1.4768547900999753 53.36873387681064, -1.4761788748978613 53.368118926702664, -1.477196540528205 53.36752472854803, -1.4771247586295908 53.36743556087065, -1.4760872816796602 53.36745657810883, -1.4760409672563706 53.36635216525263, -1.4757021055853277 53.36592667138976, -1.4764392875948966 53.365509530092865, -1.4782133888419686 53.36581438944179, -1.478554562043002 53.36552381640656, -1.4790393955083025 53.36570910613764, -1.4795528623968859 53.36745893956276, -1.4799606746082443 53.36723794874212, -1.4797808795721958 53.365837892645494, -1.4804334389624771 53.36552496878274, -1.4805157290163184 53.365374343305085, -1.4810624383843267 53.36527036563324, -1.480615980546402 53.36336398542993, -1.481100764951814 53.36288651768987, -1.4816714966366213 53.3632411022125, -1.4817410394299875 53.36417919688955, -1.482356103254644 53.364240309040476, -1.4824019474423755 53.36436967558858, -1.4831300335863935 53.364412352281924, -1.4831657007871215 53.364670177156746, -1.4839383686108256 53.36479213353027, -1.4847630494826225 53.364493374088745, -1.4846169699613838 53.36500240658916, -1.4834588616094375 53.36513719573253, -1.4830405696419031 53.365322054469786, -1.482375500753877 53.365095867150394, -1.4816458431356703 53.365427720835285, -1.4811377905244847 53.365818321484454, -1.4812214310055944 53.36660713884336, -1.4808825477687817 53.367380043917386, -1.4804413565499444 53.36743082624034, -1.4804977571323865 53.367522387912054, -1.4799247679253853 53.36800619244048, -1.478821904434826 53.367863066521004, -1.4787177513416556 53.36880106041686, -1.479086475270328 53.36980591709544, -1.4803623738885077 53.36951786347143, -1.4803977899172502 53.368928452595064, -1.4808933951006615 53.36926163494461, -1.4810330698315288 53.36964440589515, -1.4794927331751477 53.370164171510645, -1.4784365394112966 53.37077610832446, -1.478058967901613 53.37059380383906, -1.4781586194816967 53.369724698542775, -1.4774702139731584 53.36991802908802, -1.4769948872945873 53.37182086170856, -1.4762516983336236 53.371871888700184, -1.4746187375352833 53.37208061466643, -1.474311451942784 53.37134228916258, -1.4758021994485457 53.370935792194366, -1.4764432129179808 53.37031795149937, -1.4759191943687833 53.37015385645648, -1.476170896843655 53.36979494036356))",96.60744061752018,94.77428235153317,185.1489848646972,6.232738104356148,178.91624676034107,6348.75063923659,5970.793660676686,105.17282707799114,98.91162606257686,0.2283531419991638,8,793.5938299045738,821.1929256184015,746.3492075845859,799.4193763409775,13.146603384748893,13.603807500324024,12.363953257822107,13.243108858472212,13.146603384748893,12.363953257822107,173,E01008105,0.1802,E01008105,"2,688",2688.0,-377.9569785599042,-6.2612010154142865,-47.24462231998791,-0.7826501269267858,-21.77354927742408,-0.3606986418518119,Reduced,Reduced,Reduced,0.028544142749895474
273,E01008107,Sheffield 040C,Sheffield 040C,434571,385809,-1.48191,53.368,940fffbf-d4ba-4b25-b1bf-327efa236c36,"POLYGON ((-1.482253321721062 53.36943620213897, -1.4818719920974601 53.36905780470383, -1.4808933951006615 53.36926163494461, -1.4803977899172502 53.368928452595064, -1.4803623738885077 53.36951786347143, -1.479086475270328 53.36980591709544, -1.4787177513416556 53.36880106041686, -1.478821904434826 53.367863066521004, -1.4799247679253853 53.36800619244048, -1.4804977571323865 53.367522387912054, -1.4804413565499444 53.36743082624034, -1.4808825477687817 53.367380043917386, -1.4812214310055944 53.36660713884336, -1.4819965274813733 53.36675309113631, -1.482018806637518 53.367187589755275, -1.4827837465169598 53.36698433083754, -1.4831956189776636 53.36622089575248, -1.4833388142185808 53.36675461786711, -1.4853123687696783 53.36666394162667, -1.4856854036422757 53.36774890217658, -1.4849192988973094 53.368072484021035, -1.4853461055233967 53.368594635377534, -1.4824007771048742 53.36983156240697, -1.482253321721062 53.36943620213897))",13.93200282150196,15.581845260890343,28.047321469602625,1.46652661278968,26.580794856812947,6279.798372908908,5509.01943879218,104.03057008993136,91.26191619884634,0.17726414430571197,8,784.9747966136136,821.1929256184015,688.6274298490225,745.9462581690459,13.00382126124142,13.603807500324024,11.407739524855794,12.357278034363194,13.00382126124142,11.407739524855792,44,E01008107,0.1089,E01008107,"1,465",1465.0,-770.7789341167281,-12.768653891085023,-96.34736676459113,-1.5960817363856261,-75.24666744935564,-1.2465294659608297,Reduced,Reduced,Reduced,0.022158018038213996
274,E01008108,Sheffield 042A,Sheffield 042A,435237,386027,-1.47187,53.3699,afd27957-cad8-4445-8bfe-fd010a8df552,"POLYGON ((-1.4709829320025363 53.37187484751389, -1.4707522478013175 53.3711108413345, -1.4684951548058853 53.3713704794955, -1.4690184708837308 53.36904102726259, -1.4685830614007271 53.369008681853025, -1.4685649299188337 53.36912398031523, -1.4674222508421912 53.369032724431264, -1.4678864805257756 53.366870553407566, -1.4669928217020554 53.36748154050261, -1.4672082803228699 53.36604539454358, -1.467680605026556 53.3656151433299, -1.4683050285417756 53.365351688029584, -1.4684707863615467 53.36470886044199, -1.4686730065723612 53.36427298933009, -1.4719206518477064 53.36239845908503, -1.47360245872751 53.36202236220354, -1.474792051277522 53.36025563468087, -1.4744792030628533 53.362130717433345, -1.4747313858191369 53.362858789780866, -1.4750634557887392 53.3631188014489, -1.4758871173189971 53.3628084430354, -1.4768787668762282 53.36309699629119, -1.4764303763991442 53.36352762248494, -1.4756293961013671 53.36375592732242, -1.4750755214068823 53.363389226211744, -1.4746653442004902 53.36362262145879, -1.4732704361790292 53.3636056009495, -1.4732615621180425 53.36385006400109, -1.472820819293822 53.36470958019345, -1.4748549259729173 53.36452258787587, -1.4748309507736206 53.36494615670797, -1.4731209959376126 53.36523343708038, -1.4740593616662712 53.36593975833502, -1.4734602666415322 53.36570491747547, -1.4729938461230707 53.36618382847581, -1.4735762694960295 53.3665572805754, -1.4728301004325297 53.36645547290844, -1.4718853869418718 53.36589991319266, -1.4711484296442976 53.36703172033284, -1.4714915912984128 53.36823103070693, -1.472807574695616 53.36766842764715, -1.4729490362944784 53.368009099577236, -1.4735113677607057 53.368048415591346, -1.4719900092383191 53.36848297771933, -1.4720271399298457 53.368749756111555, -1.4735242546171399 53.36936130540822, -1.4721870059228765 53.370340628869904, -1.4731522220422606 53.37149897798857, -1.472653044830726 53.371757447552504, -1.4709829320025363 53.37187484751389))",168.10061299101704,142.06976561400046,296.78832326331167,13.38205534170583,283.40626792160583,12652.678063368667,11559.00101929742,218.71117906036008,201.4854254248715,0.5562921970158896,14,903.7627188120478,875.5154858052449,825.6429299498158,848.484413914503,15.622227075740005,14.503710103783622,14.391816101776532,14.055915819325886,15.622227075740005,14.391816101776536,399,E01008108,0.3198,E01008108,"1,986",1986.0,-1093.6770440712462,-17.225753635488587,-78.11978886223199,-1.2304109739634725,-27.03107189074194,-0.4477942844577356,Reduced,Reduced,Reduced,0.0397351569297064
275,E01008109,Sheffield 042B,Sheffield 042B,435026,385961,-1.47505,53.3694,181c1e7b-71b4-458f-a1ed-6d040d826243,"POLYGON ((-1.4734248828385912 53.373765334652596, -1.4732320503751073 53.372996561194086, -1.4726070069649089 53.37305161821049, -1.4728833153132121 53.37322183465017, -1.4724257940210363 53.37346099955074, -1.4718823626071815 53.37330908872943, -1.4708115787770315 53.37360097655158, -1.4707851100626115 53.37303804035569, -1.4711511285691328 53.37296662834646, -1.4706834027264761 53.37269205472951, -1.4701054657394013 53.372835540566236, -1.4697917666101974 53.37263213615013, -1.4683206583412196 53.372196457463446, -1.468824755572559 53.37202410823718, -1.4684950590042076 53.371450658372346, -1.4684951548058853 53.3713704794955, -1.4707522478013175 53.3711108413345, -1.4709829320025363 53.37187484751389, -1.472653044830726 53.371757447552504, -1.4731522220422606 53.37149897798857, -1.4721870059228765 53.370340628869904, -1.4735242546171399 53.36936130540822, -1.4720271399298457 53.368749756111555, -1.4719900092383191 53.36848297771933, -1.4735113677607057 53.368048415591346, -1.4729490362944784 53.368009099577236, -1.472807574695616 53.36766842764715, -1.4714915912984128 53.36823103070693, -1.4711484296442976 53.36703172033284, -1.4718853869418718 53.36589991319266, -1.4728301004325297 53.36645547290844, -1.4735762694960295 53.3665572805754, -1.4729938461230707 53.36618382847581, -1.4734602666415322 53.36570491747547, -1.4740593616662712 53.36593975833502, -1.4731209959376126 53.36523343708038, -1.4748309507736206 53.36494615670797, -1.4749141108731099 53.36647126045987, -1.4760409672563706 53.36635216525263, -1.4760872816796602 53.36745657810883, -1.4771247586295908 53.36743556087065, -1.477196540528205 53.36752472854803, -1.4761788748978613 53.368118926702664, -1.4768547900999753 53.36873387681064, -1.476148111032062 53.368644757292444, -1.4758694831349524 53.369010418115096, -1.4770486654795998 53.36956858163226, -1.476170896843655 53.36979494036356, -1.4759191943687833 53.37015385645648, -1.4764432129179808 53.37031795149937, -1.4758021994485457 53.370935792194366, -1.474311451942784 53.37134228916258, -1.4746187375352833 53.37208061466643, -1.4748509515710064 53.37269296866709, -1.474336660577488 53.37295852479423, -1.4747051901154025 53.37313277428992, -1.4734248828385912 53.373765334652596))",71.85980402669432,90.00807085996678,155.45182095570627,6.4160539309548446,149.03576702475144,8504.991497271561,7060.462192988753,168.00488610712094,135.51872009689174,0.7529003629358629,10,850.4991497271564,869.0197335560025,706.0462192988751,717.310428460464,16.800488610712094,14.403687435538544,13.551872009689173,13.623074412740522,16.800488610712094,13.551872009689173,273,E01008109,0.2342,E01008109,"3,236",3236.0,-1444.5293042828089,-32.4861660102292,-144.4529304282812,-3.2486166010229205,-151.70930509553853,-0.7806130227980219,Reduced,Reduced,Reduced,0.0752900362935863
276,E01008111,Sheffield 040D,Sheffield 040D,434288,385865,-1.48615,53.3686,3a694fad-ea43-4631-86a1-2e79678d8b5a,"MULTIPOLYGON (((-1.4847630494826225 53.364493374088745, -1.4839383686108256 53.36479213353027, -1.4831657007871215 53.364670177156746, -1.4831300335863935 53.364412352281924, -1.4847318767579392 53.36448351650578, -1.4847630494826225 53.364493374088745)), ((-1.4847630494826225 53.364493374088745, -1.4885082706811847 53.36552634631591, -1.4886171353298003 53.36565162526676, -1.488852126868174 53.367223012855156, -1.4895859923040924 53.36796650637777, -1.490696005229081 53.36888828185939, -1.4905963416517634 53.36945351605464, -1.4911874764790736 53.37030780096532, -1.489947242196065 53.370632212116504, -1.489103532076751 53.37125135242144, -1.4889756146667463 53.37096730148137, -1.4875127439881448 53.3713970574657, -1.4870625047932395 53.371704156317755, -1.4875984452782467 53.37174343180862, -1.4861440689661916 53.37224771034535, -1.485789855785155 53.37170686369973, -1.4851583410390008 53.370776607744425, -1.4845830118115648 53.37082975742877, -1.483421628990822 53.36992587823727, -1.4854606592491033 53.36908973260977, -1.4853461055233967 53.368594635377534, -1.4849192988973094 53.368072484021035, -1.4856854036422757 53.36774890217658, -1.4853123687696783 53.36666394162667, -1.4833388142185808 53.36675461786711, -1.4831956189776636 53.36622089575248, -1.4827837465169598 53.36698433083754, -1.482018806637518 53.367187589755275, -1.4819965274813733 53.36675309113631, -1.4812214310055944 53.36660713884336, -1.4811377905244847 53.365818321484454, -1.4816458431356703 53.365427720835285, -1.482375500753877 53.365095867150394, -1.4830405696419031 53.365322054469786, -1.4834588616094375 53.36513719573253, -1.4846169699613838 53.36500240658916, -1.4847630494826225 53.364493374088745)))",95.50754565792792,92.20786077915125,183.86577407850626,3.849632358572913,180.01614171993336,7234.739153642015,8601.03574573803,122.47894204643343,148.0000051024875,0.5477320988433917,10,723.4739153642015,745.708021081706,860.103574573803,785.0368381517126,12.247894204643343,12.353331420389203,14.80000051024875,13.004849035732654,12.247894204643343,14.80000051024875,508,E01008111,0.2711,E01008111,"1,583",1583.0,1366.296592096016,25.521063056054075,136.62965920960153,2.552106305605408,39.32881707000661,0.651517615343451,Increased,Increased,Increased,0.05477320988433917
277,E01008112,Sheffield 042D,Sheffield 042D,434909,385212,-1.47689,53.3627,9b206512-3ffa-4bac-b086-c0e7a9f2a269,"POLYGON ((-1.4749141108731099 53.36647126045987, -1.4748309507736206 53.36494615670797, -1.4748549259729173 53.36452258787587, -1.472820819293822 53.36470958019345, -1.4732615621180425 53.36385006400109, -1.4732704361790292 53.3636056009495, -1.4746653442004902 53.36362262145879, -1.4750755214068823 53.363389226211744, -1.4756293961013671 53.36375592732242, -1.4764303763991442 53.36352762248494, -1.4768787668762282 53.36309699629119, -1.4758871173189971 53.3628084430354, -1.4750634557887392 53.3631188014489, -1.4747313858191369 53.362858789780866, -1.4744792030628533 53.362130717433345, -1.474792051277522 53.36025563468087, -1.4751512122702333 53.359914599458016, -1.476753985612092 53.3597845278015, -1.4789552713367586 53.35855119160292, -1.479480906066387 53.35856693999315, -1.4797884555939715 53.35844259976308, -1.4800456769144188 53.358342658843284, -1.480531597319905 53.3591628293536, -1.4790980620673182 53.3612493216315, -1.4791403904023395 53.36160443941366, -1.479642820579603 53.36142120584675, -1.4804723017683734 53.362094449954796, -1.4809656634094117 53.36210917041552, -1.480743199953708 53.36258485717744, -1.478494464083265 53.362600667381955, -1.477903151905734 53.36294210904794, -1.4780028066652757 53.363221635431735, -1.4776522748102483 53.36363448273228, -1.4781903041987383 53.36349187370177, -1.4791742908234236 53.3638211381469, -1.4791865667142616 53.36491976933811, -1.478832548188858 53.365015784899924, -1.4785185231870035 53.364018459743114, -1.478017672323486 53.36385853317185, -1.478554562043002 53.36552381640656, -1.4782133888419686 53.36581438944179, -1.4764392875948966 53.365509530092865, -1.4757021055853277 53.36592667138976, -1.4760409672563706 53.36635216525263, -1.4749141108731099 53.36647126045987))",73.32633063948401,50.045220661447836,121.53839303494476,1.8331582659871,119.70523476895767,10069.867383061572,8940.588388820097,166.81650944545325,148.10897608445688,0.8365725296072335,14,719.2762416472551,606.0473606045155,638.6134563442927,678.6423203348145,11.915464960389517,10.039725590103847,10.579212577461208,11.242327106575829,11.915464960389517,10.579212577461206,173,E01008112,0.219,E01008112,"1,810",1810.0,-1129.2789942414747,-18.707533360996365,-80.66278530296245,-1.3362523829283095,72.59495973029902,1.2026015164719812,Reduced,Reduced,Increased,0.059755180686230966
278,E01008113,Sheffield 042E,Sheffield 042E,434694,385378,-1.4801,53.3642,bdd6c20b-9057-4c6a-8b1b-7c84e800ef88,"POLYGON ((-1.478554562043002 53.36552381640656, -1.478017672323486 53.36385853317185, -1.4785185231870035 53.364018459743114, -1.478832548188858 53.365015784899924, -1.4791865667142616 53.36491976933811, -1.4791742908234236 53.3638211381469, -1.4781903041987383 53.36349187370177, -1.4776522748102483 53.36363448273228, -1.4780028066652757 53.363221635431735, -1.477903151905734 53.36294210904794, -1.478494464083265 53.362600667381955, -1.480743199953708 53.36258485717744, -1.4809656634094117 53.36210917041552, -1.4804723017683734 53.362094449954796, -1.479642820579603 53.36142120584675, -1.4791403904023395 53.36160443941366, -1.4790980620673182 53.3612493216315, -1.480531597319905 53.3591628293536, -1.4800456769144188 53.358342658843284, -1.4823727125585082 53.35825677843731, -1.4821644956928492 53.35894604799608, -1.4807542336365502 53.35932906158496, -1.4818543406562876 53.35935336333777, -1.4818094180226946 53.35987264741532, -1.4820940004106968 53.36064189633932, -1.4824603862498706 53.361341750126726, -1.482043585959775 53.362159531028716, -1.4820089633490845 53.36260096067732, -1.482422002329212 53.362496864364154, -1.4825910673698741 53.36292259255417, -1.4821590765379171 53.36322998600853, -1.482356103254644 53.364240309040476, -1.4817410394299875 53.36417919688955, -1.4816714966366213 53.3632411022125, -1.481100764951814 53.36288651768987, -1.480615980546402 53.36336398542993, -1.4810624383843267 53.36527036563324, -1.4805157290163184 53.365374343305085, -1.4804334389624771 53.36552496878274, -1.4797808795721958 53.365837892645494, -1.4799606746082443 53.36723794874212, -1.4795528623968859 53.36745893956276, -1.4790393955083025 53.36570910613764, -1.478554562043002 53.36552381640656))",103.02349454847507,71.49317237349695,164.80092811224037,9.715738809731643,155.08518930250872,2680.047792717108,2489.850026773006,44.3974285778661,41.24662964356362,0.6033636604901746,8,335.00597408963847,114.37995538196745,311.23125334662586,175.023642435319,5.5496785722332636,1.8948079633542703,5.155828705445453,2.8994257809790795,5.549678572233263,5.155828705445453,63,E01008113,0.137,E01008113,"1,707",1707.0,-190.19776594410223,-3.150798934302479,-23.774720743012608,-0.39384986678781075,60.643687053351556,1.0046178176248093,Reduced,Reduced,Increased,0.07542045756127183
279,E01008114,Sheffield 074A,Sheffield 074A,434624,386728,-1.48101,53.3763,c86ac564-4477-4294-92b4-04311da08522,"POLYGON ((-1.4717486632245507 53.37790654288382, -1.4747022133485914 53.37501139145806, -1.4761080074776494 53.37559285181501, -1.4758351266521708 53.3757804173232, -1.4770863619920054 53.37671173793379, -1.4777976506555088 53.37631934703252, -1.4770222131786113 53.37581258704582, -1.4776534436415114 53.37545479447643, -1.4773264900063465 53.37490025339334, -1.477666798677575 53.374727774770776, -1.4791064351184056 53.374311592909706, -1.4797897681300576 53.374340660784945, -1.4807894424664976 53.37407368574933, -1.4812398388506234 53.374185678896, -1.481339369568765 53.37471577036648, -1.4823545771031263 53.37473706428923, -1.481391287420756 53.37380826279435, -1.4828101931094717 53.37353824643327, -1.4824416196150192 53.37390362262316, -1.4827049744257974 53.37449801778201, -1.4841535094353178 53.37410818653599, -1.484691943059779 53.37437604594841, -1.4840640735438881 53.3745339904766, -1.484362857663684 53.375083186912434, -1.485143016576853 53.374932522034854, -1.4853376613792058 53.375353573574365, -1.4841816718850709 53.37547902192758, -1.4840334624225135 53.3759059022477, -1.4848195263427573 53.37614310031666, -1.4840652602680533 53.37636455306901, -1.4848312418754663 53.37654264449641, -1.4847735882287285 53.37737064123987, -1.4841401173383912 53.377405021379296, -1.4847576819046215 53.37784184991099, -1.4829488753023483 53.377941745176244, -1.4829241140193055 53.37900855108671, -1.4825091953008347 53.37890482420646, -1.4821377113210457 53.37889560796277, -1.4821054121474813 53.37846561057162, -1.4815766002214714 53.378468440110446, -1.4805359071558868 53.37849559484435, -1.4801341185820016 53.37819249177536, -1.4798237375922516 53.378081019960305, -1.479214300787063 53.3785877717181, -1.4783618203874356 53.37788328851623, -1.4780055172008957 53.37794203260296, -1.4769962495320899 53.378108447821354, -1.475847568802244 53.37829779320472, -1.4731791992437762 53.378757502095574, -1.471864774698879 53.37898621259767, -1.4717486632245507 53.37790654288382))",122.63828799453701,140.41992317461205,254.8089989722071,8.249212196941956,246.55978677526514,12740.71942087466,10305.879832798062,221.19007097989788,175.75585430386826,1.3606831857520505,13,980.0553400672816,946.412716500871,792.7599871383125,799.416834208924,17.014620844607528,14.476727479001001,13.519681100297559,13.243066745743237,17.014620844607528,13.519681100297559,121,E01008114,0.3094,E01008114,"2,590",2590.0,-2434.8395880765984,-45.43421667602962,-187.29535292896912,-3.494939744309969,-146.99588229194705,-1.2336607332577643,Reduced,Reduced,Reduced,0.10466793736554235
280,E01008115,Sheffield 074B,Sheffield 074B,434246,386937,-1.48667,53.3782,c94efd43-50f2-4f9c-a890-4321229159b3,"POLYGON ((-1.4829241140193055 53.37900855108671, -1.4829488753023483 53.377941745176244, -1.4847576819046215 53.37784184991099, -1.4841401173383912 53.377405021379296, -1.4847735882287285 53.37737064123987, -1.4848312418754663 53.37654264449641, -1.4840652602680533 53.37636455306901, -1.4848195263427573 53.37614310031666, -1.4840334624225135 53.3759059022477, -1.4841816718850709 53.37547902192758, -1.4853376613792058 53.375353573574365, -1.485143016576853 53.374932522034854, -1.484362857663684 53.375083186912434, -1.4840640735438881 53.3745339904766, -1.484691943059779 53.37437604594841, -1.4841535094353178 53.37410818653599, -1.4839374356659598 53.37281977443506, -1.4849615376083922 53.373393705599824, -1.4856638974580683 53.37341890284656, -1.485917685130026 53.374430792766574, -1.4865471704715771 53.374320287803876, -1.4880918460578587 53.373584271768216, -1.4889326951322208 53.37400333928183, -1.4879410284613281 53.374720282227074, -1.4881852105418605 53.3750185670782, -1.4865869824980222 53.37541363748679, -1.4867742374638855 53.37587561634554, -1.486629043600585 53.37617495417932, -1.4860856898825519 53.37619194327633, -1.4868062430700895 53.377302727302514, -1.4870093962635313 53.37693881177485, -1.487882192063062 53.376961001899225, -1.4877999464248712 53.37771487260123, -1.4882094630454605 53.37770124832368, -1.4879334905913486 53.37807852547972, -1.4882409147675242 53.37814244927038, -1.4881302836528134 53.37833258944375, -1.4888753066493856 53.37837967161109, -1.4882912420141392 53.378793652953995, -1.4885894777660975 53.37893743694475, -1.4904032160697263 53.37852992914671, -1.4892072682172235 53.37926675641985, -1.4863135663304041 53.379257852550644, -1.48495824625763 53.37925365216739, -1.4834563635101772 53.3792490273952, -1.4829431327242877 53.37927653243867, -1.4829241140193055 53.37900855108671))",66.17701340213429,58.29443285838982,120.80512972854991,3.666316531974202,117.13881319657571,10107.058932345537,8338.388378529802,151.84960381980602,126.17990866664111,1.3465676577547037,8,1263.3823665431921,1208.734804949345,1042.2985473162253,934.007047183999,18.981200477475753,19.479682870778323,15.77248858333014,15.472676002741863,18.981200477475753,15.772488583330139,58,E01008115,0.1495,E01008115,"1,493",1493.0,-1768.6705538157348,-25.66969515316491,-221.08381922696685,-3.208711894145612,-274.72775776534604,-4.007006868036459,Reduced,Reduced,Reduced,0.16832095721933796
281,E01008116,Sheffield 009C,Sheffield 009C,434178,392759,-1.48706,53.4305,d45bb9a9-1da8-4835-b38f-0a82ccb33058,"POLYGON ((-1.4889921090544649 53.43592122354659, -1.4878010533793096 53.43572736447198, -1.4868762966125408 53.436006511975705, -1.486389389059486 53.4355081415978, -1.4853987143458367 53.434095446105175, -1.4856573973537264 53.43371626952086, -1.4857354358699264 53.43347094661211, -1.486736845118033 53.433735768279, -1.4883391631642011 53.43357358094953, -1.488506747299222 53.4332827886779, -1.4880762272157768 53.43219351223963, -1.4873084093434903 53.4324893709088, -1.4867782452601994 53.43214384731143, -1.486865295401168 53.431056023639506, -1.4862804591242567 53.43087339732193, -1.4846690241268594 53.430921004460366, -1.4846440880746399 53.43089459804465, -1.4835564503370815 53.43107261100404, -1.4825734837687128 53.4318810334662, -1.481751403486251 53.43198834693548, -1.4826502499994647 53.43111733802069, -1.4824305858478843 53.43046500888147, -1.484746294192052 53.42914674926079, -1.4843368478091887 53.42896056380002, -1.482101625736139 53.4298738945526, -1.4824599504899716 53.42911001205741, -1.483551125345541 53.4288710689801, -1.4840636306341315 53.4284044452658, -1.4822161472589184 53.42796799007696, -1.4817908408993674 53.42752715585983, -1.4853988965111995 53.42836420757543, -1.4856035983752975 53.42834361502973, -1.4871191440252494 53.42871866202785, -1.489974182953742 53.427832018757954, -1.4922756156793062 53.42779573373684, -1.491712234124811 53.43124244999095, -1.4909060058385541 53.43095967030862, -1.4908260195689875 53.43377573622934, -1.4922969302040252 53.43654229914856, -1.4892493918033647 53.436826514028716, -1.4889921090544649 53.43592122354659))",10.44900211612647,17.231687700278737,26.947426510010366,0.73326330639484,26.214163203615527,10443.69756189505,8957.687041480256,151.6766138582884,129.2148301085097,0.6071964435574212,14,745.9783972782178,742.952754686356,639.8347886771611,618.0144177943059,10.8340438470206,11.945347290753638,9.229630722036408,8.897315382642073,10.834043847020599,9.229630722036406,8,E01008116,0.3601,E01008116,"1,289",1289.0,-1486.010520414793,-22.461783749778704,-106.14360860105671,-1.6044131249841929,-124.93833689205007,-3.0480319081115645,Reduced,Reduced,Reduced,0.0433711745398158
282,E01008117,Sheffield 009D,Sheffield 009D,434535,392733,-1.48169,53.4303,00785b02-d501-4ebf-8341-00f7f997ed0a,"POLYGON ((-1.476610496563994 53.43559636750032, -1.4761508943080714 53.43457660931251, -1.475114816654245 53.43485721835097, -1.474808935812458 53.434216280811754, -1.4754007619671996 53.434375569553815, -1.476070530524396 53.433767281814, -1.475967288273548 53.43342585506992, -1.4748994633883965 53.43319575171426, -1.4756238448372458 53.43184706227515, -1.4762155577098235 53.43138786681372, -1.47840171573082 53.43120408295257, -1.4786250842348085 53.430336784112264, -1.4778478291025035 53.430088307058405, -1.4777063195668556 53.42981583690187, -1.4784490151598348 53.42968783756704, -1.4788437778104337 53.429210974127095, -1.4782457842034187 53.42879186367983, -1.4786796296498164 53.42796514093679, -1.4792576430639568 53.42808746131994, -1.4799664971169233 53.42852120178779, -1.4819495980495063 53.42848213004259, -1.4822652592039631 53.4287854976011, -1.483551125345541 53.4288710689801, -1.4824599504899716 53.42911001205741, -1.482101625736139 53.4298738945526, -1.4843368478091887 53.42896056380002, -1.484746294192052 53.42914674926079, -1.4824305858478843 53.43046500888147, -1.4826502499994647 53.43111733802069, -1.481751403486251 53.43198834693548, -1.4825734837687128 53.4318810334662, -1.4835564503370815 53.43107261100404, -1.4846440880746399 53.43089459804465, -1.4846690241268594 53.430921004460366, -1.4862804591242567 53.43087339732193, -1.486865295401168 53.431056023639506, -1.4867782452601994 53.43214384731143, -1.4873084093434903 53.4324893709088, -1.4880762272157768 53.43219351223963, -1.488506747299222 53.4332827886779, -1.4883391631642011 53.43357358094953, -1.486736845118033 53.433735768279, -1.4857354358699264 53.43347094661211, -1.4856573973537264 53.43371626952086, -1.4849468455920145 53.43352072739595, -1.4838604162254283 53.433100065499005, -1.4840374980902864 53.43268480118695, -1.4801309461755 53.43159179103599, -1.4796993469852715 53.43189712574472, -1.4805885693366938 53.431791053928585, -1.4810288871512534 53.432273462167444, -1.4797576676082924 53.43393081984832, -1.4789445545212572 53.43410393085588, -1.4794575343481762 53.434650408687055, -1.476610496563994 53.43559636750032))",50.04522066144784,46.745535782671055,92.941124085546,3.8496323585729098,89.09149172697309,3870.6503899194604,4441.458574704758,58.10647763309032,66.89369606719681,0.14274999862646975,6,645.1083983199101,605.3849053895115,740.2430957841262,806.8502133636964,9.684412938848387,9.162070518818803,11.148949344532802,10.024655572802285,9.684412938848387,11.148949344532802,32,E01008117,0.3208,E01008117,"1,809",1809.0,570.8081847852973,8.787218434106492,95.13469746421617,1.4645364056844148,201.46530797418495,0.8625850539834818,Increased,Increased,Increased,0.023791666437744958
283,E01008118,Sheffield 009E,Sheffield 009E,434247,392145,-1.48609,53.425,5f7def5d-1ac4-4943-942f-a261082fcd90,"POLYGON ((-1.4809673205436638 53.424212136984806, -1.4828796517935545 53.422705735926165, -1.48397301980882 53.42267342463389, -1.4859528990433408 53.421263502746676, -1.4857803486287413 53.42203351728523, -1.486153891648142 53.422253376946834, -1.485573453079273 53.422737371168914, -1.4859964583764425 53.423097509469535, -1.485522783064379 53.42342733572793, -1.4861041427083768 53.42392826631733, -1.4872673574519173 53.42398108136777, -1.4887799090447884 53.424035623599316, -1.4904008887050328 53.42398940617878, -1.4924679436204233 53.4234071613148, -1.4927630166075596 53.424391853897845, -1.4922756156793062 53.42779573373684, -1.489974182953742 53.427832018757954, -1.4871191440252494 53.42871866202785, -1.4856035983752975 53.42834361502973, -1.4856098886907274 53.42782230220944, -1.4856860724536551 53.42716497593631, -1.4828513128346308 53.42661042486555, -1.4824849661562347 53.42613692730185, -1.4791748394696755 53.42531076633522, -1.4801420292501 53.4243135817826, -1.4809673205436638 53.424212136984806))",71.3098565468982,55.361379632810404,125.02139374032022,1.64984243938839,123.37155130093183,15332.932604009937,13182.903030427884,223.82598441984717,193.48046304626237,0.9660028680860645,17,901.9372120005846,937.06258436806,775.4648841428167,751.521458257142,13.16623437763807,12.819328971056791,11.38120370860367,9.337227219895436,13.16623437763807,11.38120370860367,18,E01008118,0.3602,E01008118,"1,375",1375.0,-2150.0295735820528,-30.345521373584802,-126.47232785776794,-1.7850306690344002,-185.54112611091807,-3.4821017511613555,Reduced,Reduced,Reduced,0.056823698122709675
284,E01008119,Sheffield 009F,Sheffield 009F,435149,392548,-1.47247,53.4286,3cefa506-55b7-4a4e-823a-ee4b8de03eaf,"POLYGON ((-1.4683377159216957 53.43455277730303, -1.4707006536076466 53.43358610405307, -1.4723653345488736 53.43297711551894, -1.4719310595574937 53.432614430312206, -1.4754248655177722 53.431422915050234, -1.4749839802223776 53.43076086836938, -1.4739343843032828 53.430255285574255, -1.4716861630903784 53.42994366497211, -1.466291772773134 53.43012542780569, -1.4662241210043765 53.43012418185815, -1.4660816360777607 53.42974216703939, -1.468091520892632 53.42971527393225, -1.468353080115259 53.42929429156839, -1.469547845118347 53.429395981182985, -1.4695029738497618 53.42881792674103, -1.4686158375906946 53.42805356029795, -1.4683526951704604 53.42708178903649, -1.4714524444049468 53.42704194052205, -1.4735066674090649 53.42708281810558, -1.473495965763197 53.427470441369195, -1.4782748916570378 53.42764448533292, -1.4786796296498164 53.42796514093679, -1.4782457842034187 53.42879186367983, -1.4788437778104337 53.429210974127095, -1.4784490151598348 53.42968783756704, -1.4777063195668556 53.42981583690187, -1.4778478291025035 53.430088307058405, -1.4786250842348085 53.430336784112264, -1.47840171573082 53.43120408295257, -1.4762155577098235 53.43138786681372, -1.4756238448372458 53.43184706227515, -1.4748994633883965 53.43319575171426, -1.475967288273548 53.43342585506992, -1.476070530524396 53.433767281814, -1.4754007619671996 53.434375569553815, -1.474808935812458 53.434216280811754, -1.4745097774799727 53.434288276966846, -1.4696139785293214 53.436130619567685, -1.467933921204375 53.43511030595741, -1.4676055088562547 53.434958526833974, -1.4683377159216957 53.43455277730303))",24.38100493762842,34.64669122715622,58.2944328583898,0.73326330639484,57.56116955199496,3366.586419075478,3850.9755616595353,55.770565173609484,63.79491176183441,0.11626297220082345,6,561.0977365125797,553.067771202415,641.8292602765893,540.254403948629,9.29509419560158,9.162070518818803,10.63248529363907,8.949805439428125,9.29509419560158,10.63248529363907,23,E01008119,0.3556,E01008119,"1,356",1356.0,484.3891425840575,8.02434658822493,80.73152376400958,1.3373910980374895,-12.813367253785941,-0.2122650793906775,Increased,Increased,Reduced,0.019377162033470573
285,E01008122,Sheffield 012E,Sheffield 012E,434565,391717,-1.48135,53.4211,b9a55950-1787-4b42-b446-caf1b495f2fd,"POLYGON ((-1.4781930728939843 53.4227059745778, -1.4789555195963329 53.42230596360816, -1.4773783967289968 53.42244533963398, -1.4766777278359866 53.421881005153594, -1.47648945245186 53.4212950834455, -1.477043567200898 53.42138034891296, -1.479720647048615 53.42120163727645, -1.480354959045543 53.42163845827749, -1.4803799680184127 53.42161994258375, -1.4804284918656954 53.42100408177783, -1.481002866292467 53.42093217882907, -1.4810503844661471 53.419543767310536, -1.4804460468173704 53.41932368824107, -1.4803764440734497 53.42009640808848, -1.479819122696825 53.41982090864741, -1.479814529917316 53.419456075957314, -1.479629896201776 53.41861836724728, -1.4779817731655163 53.41881296465359, -1.4779538564186805 53.41849137311091, -1.4784649019564982 53.418414459709766, -1.478202802987961 53.41770411203764, -1.4796084893938417 53.41767596831856, -1.4798043956519271 53.41741897327471, -1.48038940166543 53.41797841852715, -1.4807136636534903 53.418354078943935, -1.4823583082262446 53.41825264994804, -1.4823139151001472 53.41854073213985, -1.482958688592165 53.418759592506014, -1.4839604560840316 53.41861982600581, -1.4841962748916377 53.41953581507633, -1.4832110177214046 53.42017205218543, -1.482046650302145 53.42022011585287, -1.4815367101192458 53.420874407181, -1.4822991998606925 53.42106975951585, -1.4833992026513279 53.42081861812656, -1.4840637898923663 53.42111258611493, -1.4840023448441557 53.42063127627959, -1.4862181519020932 53.42045500346293, -1.4859528990433408 53.421263502746676, -1.48397301980882 53.42267342463389, -1.4828796517935545 53.422705735926165, -1.4809673205436638 53.424212136984806, -1.4801420292501 53.4243135817826, -1.4791748394696755 53.42531076633522, -1.4786813014512639 53.42477232416095, -1.476626579339015 53.4241760728047, -1.4778681146063541 53.42374909683744, -1.4781930728939843 53.4227059745778))",20.531372579055514,50.96179979444131,70.9432248937007,0.54994747979613,70.39327741390457,7202.7504074120825,5839.627125453132,138.45945519385228,113.86363491673086,0.2622130059368567,8,900.3438009265105,905.729029099937,729.9533906816414,737.922251274224,17.307431899231535,15.00422492077886,14.232954364591357,12.546735445816502,17.307431899231535,14.232954364591357,24,E01008122,0.2253,E01008122,"1,676",1676.0,-1363.1232819589504,-24.59582027712142,-170.39041024486914,-3.0744775346401774,-167.80677782571297,-2.457489474962358,Reduced,Reduced,Reduced,0.03277662574210709
286,E01008123,Sheffield 015E,Sheffield 015E,435248,391822,-1.47106,53.422,40042721-0544-444c-b394-1c702ca2b5a9,"POLYGON ((-1.4680187738746395 53.425246451929866, -1.4673510603001263 53.42334536618103, -1.466084871794028 53.42292154642711, -1.4651212238691436 53.423498711807945, -1.4650367695669786 53.42345102658061, -1.466793308213449 53.421780366411284, -1.4679099132242381 53.42130195267251, -1.4682789287290905 53.42129778856814, -1.4683749599126315 53.4212967147311, -1.4686568832603375 53.42129355071331, -1.4730353609420832 53.41971544747859, -1.4736745798062896 53.41979372425134, -1.4738509377728726 53.41941136026563, -1.477854031556107 53.41843661862794, -1.4779538564186805 53.41849137311091, -1.4779817731655163 53.41881296465359, -1.479629896201776 53.41861836724728, -1.479814529917316 53.419456075957314, -1.479819122696825 53.41982090864741, -1.4803764440734497 53.42009640808848, -1.4804460468173704 53.41932368824107, -1.4810503844661471 53.419543767310536, -1.481002866292467 53.42093217882907, -1.4804284918656954 53.42100408177783, -1.4803799680184127 53.42161994258375, -1.480354959045543 53.42163845827749, -1.479720647048615 53.42120163727645, -1.477043567200898 53.42138034891296, -1.47648945245186 53.4212950834455, -1.4766777278359866 53.421881005153594, -1.4745066424289843 53.42221270408441, -1.4733376476601947 53.42272337403338, -1.4735021412188722 53.42317440774766, -1.4728593933256453 53.4233628972093, -1.472500238028366 53.423802024948586, -1.4735396838058525 53.42545848503135, -1.4715713052381205 53.42513438814264, -1.4696950307822174 53.42482090195034, -1.4683621573102452 53.425637556263254, -1.4680187738746395 53.425246451929866))",65.26043426914079,34.646691227156204,98.62391471010604,1.28321078619097,97.34070392391507,7202.7504074120825,5839.627125453132,138.45945519385228,113.86363491673086,0.2622130059368567,8,900.3438009265105,905.729029099937,729.9533906816414,737.922251274224,17.307431899231535,15.00422492077886,14.232954364591357,12.546735445816502,17.307431899231535,14.232954364591357,32,E01008123,0.3608,E01008123,"1,490",1490.0,-1363.1232819589504,-24.59582027712142,-170.39041024486914,-3.0744775346401774,-167.80677782571297,-2.457489474962358,Reduced,Reduced,Reduced,0.03277662574210709
287,E01008124,Sheffield 012F,Sheffield 012F,434341,391291,-1.48477,53.4173,eb34f6a7-f219-4b3d-9e51-efc270420c5d,"POLYGON ((-1.4840637898923663 53.42111258611493, -1.4833992026513279 53.42081861812656, -1.4822991998606925 53.42106975951585, -1.4815367101192458 53.420874407181, -1.482046650302145 53.42022011585287, -1.4832110177214046 53.42017205218543, -1.4841962748916377 53.41953581507633, -1.4839604560840316 53.41861982600581, -1.482958688592165 53.418759592506014, -1.4823139151001472 53.41854073213985, -1.4823583082262446 53.41825264994804, -1.4807136636534903 53.418354078943935, -1.48038940166543 53.41797841852715, -1.4814429165400889 53.41702396139203, -1.4815133573601347 53.41689609628052, -1.4822131794751263 53.41520830678184, -1.4822683160949623 53.41505993650939, -1.4836164841229145 53.41374567155729, -1.4847257846732855 53.41404172822664, -1.4891728846446397 53.41428535506939, -1.4891691172011565 53.41448950149445, -1.4882351148348805 53.41582167486659, -1.4880342058473937 53.416461425334205, -1.4880218117435724 53.416504994078984, -1.4871722168905706 53.41680084327035, -1.4865498822141294 53.419381562507, -1.4864081895812882 53.41991792994195, -1.4862181519020932 53.42045500346293, -1.4840023448441557 53.42063127627959, -1.4840637898923663 53.42111258611493))",10.63231794272518,11.548897075718727,20.898004232252937,1.28321078619097,19.614793446061967,8532.999842497622,7127.399749954667,160.4962466441572,135.1967593767517,0.324614962223278,10,853.2999842497622,823.682800702499,712.7399749954667,662.755246969808,16.049624664415724,13.645054545064953,13.519675937675169,10.979143290618909,16.04962466441572,13.519675937675169,20,E01008124,0.257,E01008124,"1,435",1435.0,-1405.6000925429553,-25.29948726740551,-140.56000925429555,-2.529948726740555,-160.92755373269097,-2.665911254446044,Reduced,Reduced,Reduced,0.0324614962223278
288,E01008125,Sheffield 009G,Sheffield 009G,434614,393274,-1.48044,53.4351,4e017ff3-61f4-4aa2-a79f-315fedfeae03,"POLYGON ((-1.4745325657236048 53.43654077961714, -1.4745097774799727 53.434288276966846, -1.474808935812458 53.434216280811754, -1.475114816654245 53.43485721835097, -1.4761508943080714 53.43457660931251, -1.476610496563994 53.43559636750032, -1.4794575343481762 53.434650408687055, -1.4789445545212572 53.43410393085588, -1.4797576676082924 53.43393081984832, -1.4810288871512534 53.432273462167444, -1.4805885693366938 53.431791053928585, -1.4796993469852715 53.43189712574472, -1.4801309461755 53.43159179103599, -1.4840374980902864 53.43268480118695, -1.4838604162254283 53.433100065499005, -1.4849468455920145 53.43352072739595, -1.4856573973537264 53.43371626952086, -1.4853987143458367 53.434095446105175, -1.486389389059486 53.4355081415978, -1.485729309458565 53.436753002697394, -1.4829510505284322 53.43701770334974, -1.4818991616374773 53.43711668345239, -1.4791906696748482 53.43734097511994, -1.4791900756393142 53.437766493200144, -1.4759252330497548 53.437496010699945, -1.4749495035701987 53.43747997118225, -1.4754156648503476 53.436947213850836, -1.4745325657236048 53.43654077961714))",15.21521360769293,21.26463588545039,35.01332288035364,1.46652661278968,33.54679626756396,3870.6503899194604,4441.458574704758,58.10647763309032,66.89369606719681,0.14274999862646975,6,645.1083983199101,605.3849053895115,740.2430957841262,806.8502133636964,9.684412938848387,9.162070518818803,11.148949344532802,10.024655572802285,9.684412938848387,11.148949344532802,59,E01008125,0.2913,E01008125,"1,494",1494.0,570.8081847852973,8.787218434106492,95.13469746421617,1.4645364056844148,201.46530797418495,0.8625850539834818,Increased,Increased,Increased,0.023791666437744958
289,E01008126,Sheffield 008A,Sheffield 008A,430536,392508,-1.5419,53.4285,5bc61528-149e-4635-ac5e-03845abacfa0,"POLYGON ((-1.541224996777094 53.43499217876074, -1.5408627305164369 53.43456845444386, -1.5400777721357324 53.43459210120769, -1.539241232621461 53.434016000616026, -1.5393930242895237 53.43354303980498, -1.5377035727574913 53.43269980881323, -1.5366181997819937 53.43161226999712, -1.5368104235136109 53.431288904372856, -1.535866394893176 53.43065889885692, -1.5373124798455438 53.42981465200706, -1.5366601714513226 53.42913689256325, -1.5346434275979626 53.42863825264742, -1.5340661734546404 53.42817384577934, -1.533438405070307 53.4278061629595, -1.533877852701502 53.42775420672831, -1.5339762918444886 53.42581985693433, -1.53325032438018 53.42557134738795, -1.5336305328196242 53.425260639467595, -1.5331156670147026 53.425036709537615, -1.5378412409419864 53.42411461736183, -1.5384166632925491 53.423903173060154, -1.5389128990860335 53.4236119828077, -1.5398741281205997 53.423047918648074, -1.5405773164468892 53.42306661465561, -1.5407817661310053 53.423669583015155, -1.5423928081251028 53.42360440202126, -1.5425383244956667 53.422813287786745, -1.5442817490071796 53.422847040209845, -1.5442301726234235 53.42361992187059, -1.544860875484038 53.4236416105075, -1.5449486253186946 53.42395008294071, -1.5443901787727166 53.42401934278563, -1.5442655834060703 53.424494760283046, -1.5442360175916694 53.425297099514516, -1.5442100164582921 53.42600265489865, -1.544532295829411 53.4260535913882, -1.544574621451726 53.426412146104255, -1.5484879591637892 53.42623290342271, -1.549769871662491 53.426448441127, -1.5507300324237674 53.428912942762686, -1.548925009806195 53.42915667415743, -1.548172002972528 53.43102415811349, -1.5499586180195126 53.432215468897205, -1.54826211842825 53.432330253167706, -1.5470499167175231 53.43356827487808, -1.5460387145846406 53.43295880546925, -1.5456061051498708 53.433033510667485, -1.5457688759910888 53.432565662096, -1.5451605103035984 53.43227544401327, -1.5449506892370275 53.431448387162256, -1.5440013231693965 53.43130158064404, -1.5427992892799232 53.43177504683047, -1.5429473823740492 53.43263365510748, -1.5420726203322843 53.432985724669514, -1.541841750814326 53.433368868419564, -1.5424278862173622 53.43354195088198, -1.5431949354336718 53.43331741069444, -1.5430764001376482 53.43422200058108, -1.542610410423958 53.43409116012532, -1.5416597471256612 53.434624370797266, -1.5426026194917808 53.43520431289141, -1.5407549140734973 53.4352666593105, -1.541224996777094 53.43499217876074))",38.12969193253169,59.211011991383344,92.57449243234859,4.766211491566457,87.80828094078214,5746.734551621087,6221.711214339251,95.19988319047259,103.0683034912179,0.15864086208349254,14,410.48103940150617,367.4095044650165,444.40794388137505,399.316417750591,6.7999916564623275,6.086472516513279,7.362021677944136,6.615039547140852,6.7999916564623275,7.362021677944136,45,E01008126,0.8861,E01008126,"1,551",1551.0,474.9766627181634,7.8684203007453135,33.92690447986888,0.5620300214818084,31.90691328557449,0.5285670306275732,Increased,Increased,Increased,0.011331490148820896
290,E01008128,Sheffield 008C,Sheffield 008C,423516,393182,-1.6475,53.4349,4344727c-86f2-4be9-84c8-313e3afc963a,"POLYGON ((-1.6984630706239325 53.50256624144441, -1.6934463464141822 53.50016987554136, -1.6906900362331472 53.49944201620961, -1.6905364710958395 53.499828967110815, -1.688986506856241 53.49964349827046, -1.6888035860154882 53.499081011116516, -1.6844626437383163 53.49944089098678, -1.684056774677254 53.49884492853006, -1.682570303036169 53.4995005211126, -1.6821639298209707 53.499413269994704, -1.6803148223475153 53.500487738876586, -1.6685104889796225 53.500529490400524, -1.6595102880078032 53.49849613972744, -1.6551045879757444 53.496768404959724, -1.6488434497848705 53.49495651547043, -1.6412461233179687 53.4940033064796, -1.6343499254281322 53.492445397109925, -1.6313627479804287 53.49227996393123, -1.6313133478349815 53.491350430652446, -1.6302471300218224 53.49122551650067, -1.6295531724899366 53.490650066499924, -1.6309521589876368 53.49058250118405, -1.6317141233542356 53.4901587330715, -1.631925296610939 53.487912830381134, -1.6341161174049856 53.48600359494661, -1.6362789149172812 53.48547480605983, -1.637641042054958 53.484742455809204, -1.637996479614783 53.482485508491784, -1.6393905723434092 53.48068410393632, -1.6386323838119656 53.478472211464926, -1.63510227029886 53.4771619371012, -1.6360440609903617 53.47666258376948, -1.6351407548269719 53.47493102927312, -1.6343166320369045 53.47374138338776, -1.6328853325946893 53.4728165130489, -1.6334842084876164 53.472376798849396, -1.6320193122479294 53.47175405325183, -1.633435515074253 53.46879022781491, -1.6331923695637145 53.467990574804986, -1.6320279703932001 53.46755222342217, -1.6318248340560717 53.466749382751374, -1.629384978175702 53.465998613015536, -1.628477676342775 53.4651598659789, -1.6268494857441274 53.46499834224974, -1.6263026534572143 53.46432977673436, -1.6243237655695342 53.463916306487, -1.62249152326822 53.46415967983409, -1.6203617276466644 53.46329988184472, -1.6183922326223241 53.46326017547366, -1.617794528011305 53.46256446066187, -1.6151841056025305 53.4615799977784, -1.61414805631118 53.46075954833916, -1.6126120037873655 53.46089304094537, -1.6107882456495841 53.459544196741014, -1.6091349365382466 53.459995528644455, -1.6047037621089522 53.4589736618492, -1.60361966062061 53.459805754380454, -1.6004030310438226 53.459121465210934, -1.5980958406976014 53.45977635773825, -1.596293726605328 53.45937844064058, -1.5927497341895 53.4600144413357, -1.592584743875086 53.45945832504805, -1.5899208679554548 53.45918231280278, -1.5896274797775207 53.459541476737705, -1.5887141326173946 53.45930851063362, -1.5880072208203877 53.45983808122695, -1.5862038729791057 53.45928355312796, -1.584742231536342 53.460107354396264, -1.5785203274136435 53.45906627423457, -1.577475367350295 53.45921819556721, -1.5765285160070968 53.45992043694498, -1.5752544962330841 53.45883536965096, -1.573243429651625 53.458593634444114, -1.5725192730308684 53.45802640530786, -1.5708943946725487 53.45780519216709, -1.5690530926168336 53.45805530021303, -1.5669757285864905 53.45763713480871, -1.565426713866401 53.45654585999314, -1.5645345862556626 53.45662070639406, -1.5643657612142088 53.457068673734696, -1.5636005697215358 53.457201556251924, -1.5609292985706242 53.45539783253773, -1.559699134355634 53.45295075935237, -1.5595677423289973 53.45122988395965, -1.5603611403496092 53.45123926705993, -1.5586679066795477 53.44875478386282, -1.5582340735561524 53.44725848258812, -1.5567063929298073 53.44561131779453, -1.5599536972522712 53.446512293514736, -1.563617806931565 53.444787157269246, -1.5636115349624198 53.44408386905405, -1.5631577750576955 53.44378761147866, -1.5598749523044906 53.442830583668304, -1.5581026392159356 53.441370916862105, -1.5562320064121744 53.4409133628317, -1.554790894337885 53.43928136873211, -1.5495187838285247 53.43793421872497, -1.54763307356728 53.43884907365492, -1.5468957417524665 53.44027969849089, -1.546450771744033 53.441145408591034, -1.54338703814821 53.43947581477384, -1.5417288531466176 53.43916560550817, -1.5416014984429822 53.43880805478437, -1.5397978997271535 53.43906366286748, -1.539528047178802 53.43954364303659, -1.5383392106741258 53.43931400573023, -1.5396748871691748 53.437231819362935, -1.5412935241369279 53.43700950732936, -1.5420417885745425 53.43665394778545, -1.5417480583422996 53.43641355489409, -1.5415656286455226 53.436139773142, -1.5435100907780133 53.43574987472585, -1.5432074847216573 53.435254598119386, -1.5450981224216562 53.43594101303225, -1.5475385590889235 53.435611298553496, -1.546764661701629 53.434272707704835, -1.5470499167175231 53.43356827487808, -1.54826211842825 53.432330253167706, -1.5499586180195126 53.432215468897205, -1.548172002972528 53.43102415811349, -1.548925009806195 53.42915667415743, -1.5507300324237674 53.428912942762686, -1.549769871662491 53.426448441127, -1.5484879591637892 53.42623290342271, -1.544574621451726 53.426412146104255, -1.544532295829411 53.4260535913882, -1.5442100164582921 53.42600265489865, -1.5442360175916694 53.425297099514516, -1.5442655834060703 53.424494760283046, -1.5443901787727166 53.42401934278563, -1.5449486253186946 53.42395008294071, -1.544860875484038 53.4236416105075, -1.5442301726234235 53.42361992187059, -1.5442817490071796 53.422847040209845, -1.5425383244956667 53.422813287786745, -1.5423928081251028 53.42360440202126, -1.5407817661310053 53.423669583015155, -1.5405773164468892 53.42306661465561, -1.5398741281205997 53.423047918648074, -1.5389128990860335 53.4236119828077, -1.5384166632925491 53.423903173060154, -1.5378412409419864 53.42411461736183, -1.5331156670147026 53.425036709537615, -1.5297383141835486 53.42349180908154, -1.5262017091578293 53.423385725080365, -1.525970370618932 53.42035928569149, -1.5245367345406848 53.41996611813131, -1.5238049284758146 53.419701815325546, -1.5213309558808714 53.41838932782055, -1.5218420890359545 53.418062167710225, -1.5231906427475435 53.417186327942595, -1.5245961862563784 53.41627703007703, -1.5234693468760063 53.41544309873196, -1.52608170658075 53.414176509957095, -1.5271128183105775 53.412518679016095, -1.5246443645968648 53.41114762275283, -1.5262049391736454 53.410232276787944, -1.526482922560423 53.40928676804087, -1.5290743132430027 53.40866865887561, -1.528670030427272 53.40828226153995, -1.5307663101375115 53.407896306568816, -1.532134684083975 53.40848876474514, -1.5337255064495003 53.41112392294011, -1.5356025669050843 53.412854243940764, -1.5400878709631143 53.41405808873723, -1.5419892229354537 53.41492829860019, -1.542917346988433 53.410165510510794, -1.5451683553650732 53.41066141791888, -1.5509281500578949 53.41336350049194, -1.5518320948855573 53.41246659421307, -1.5580724652402806 53.409416581916076, -1.5600047264562775 53.40992640979634, -1.5705943684801285 53.412873062789274, -1.5698633094173327 53.4138330148612, -1.5672846205286057 53.41330977258822, -1.5660816982418595 53.41460277280199, -1.5650272347741834 53.41454696724383, -1.5645031459427952 53.41725062938361, -1.5650425770930194 53.417781447480124, -1.567053210020023 53.41704392569223, -1.5677331980920164 53.41707691250325, -1.571513944149856 53.41803566152501, -1.5695439673922957 53.420190187888686, -1.5707868525620161 53.42078790554942, -1.5714979082053904 53.42053033605889, -1.5718338784717065 53.42221808858727, -1.576910334770794 53.42206734358896, -1.579480857839226 53.41884362234017, -1.5833358006434317 53.4203611500846, -1.586525571719017 53.42007481345596, -1.5872442522100862 53.4196059807273, -1.5864400264067438 53.41886527101788, -1.5876491419088612 53.41934183731898, -1.58845001786992 53.418819358300404, -1.5893610736168453 53.41713567416303, -1.5897127804278082 53.41648563122868, -1.593004882374273 53.416174736526585, -1.5881982606111842 53.4143683887224, -1.5863436465570873 53.413238399226444, -1.5861413290278215 53.4123837902677, -1.586623754126366 53.411116700214535, -1.5861276199091061 53.410693884689685, -1.58506831334598 53.41050145051311, -1.588056498691874 53.40917492183022, -1.5893075859763826 53.40957052915128, -1.5918201808239743 53.40845587627746, -1.5975846586353293 53.41003402887782, -1.6070806896593706 53.40304215024101, -1.6077351028394458 53.40084143350718, -1.6063584545807337 53.39910070993814, -1.604342725451083 53.39820458356034, -1.601819915059449 53.39435579537569, -1.600269254903586 53.391318851543694, -1.6009965540506874 53.39017813511769, -1.606545079991983 53.390763169999914, -1.6298602931853754 53.39137881338973, -1.627986414266382 53.389503710296054, -1.6308365693547413 53.38691990622101, -1.6404394406567337 53.37363398875637, -1.6639594786521188 53.366873165269766, -1.6639045523614464 53.369437481427596, -1.6627506500243439 53.37317968112893, -1.663293336805328 53.37423063566172, -1.662193336778107 53.37523314361335, -1.6617080123497476 53.37637219492506, -1.6557198184233508 53.382085910471474, -1.6535174081152526 53.38509747619671, -1.65388333923719 53.39189030313336, -1.654869304774374 53.39303918538433, -1.6590989744056694 53.39351732337047, -1.6649101661942496 53.39356213711066, -1.6680908006321318 53.3930538808979, -1.6729807133280694 53.396925721830655, -1.6818292557065284 53.40176384637936, -1.6945221771939272 53.401144444946965, -1.7049656100909705 53.4050391436553, -1.7039737156859767 53.40579708038173, -1.7041267372210116 53.40826846503498, -1.7030252856376076 53.41043788619645, -1.7038521221918894 53.41261629604368, -1.7032348777946333 53.41370560031483, -1.7043654802007906 53.41533236663379, -1.7046658816557472 53.41520504905142, -1.7087750143967728 53.417423225432536, -1.7097714069710261 53.417617221875034, -1.7105491935407122 53.41736919861314, -1.7140427713847008 53.419077190615376, -1.7182084994640932 53.41946376586525, -1.7233487748159841 53.418899604810704, -1.7248186344681857 53.41779380895818, -1.7299519737996916 53.415969043852385, -1.7325783032913855 53.4172487882069, -1.7351013501754604 53.41966699669842, -1.739880748592566 53.4210246499021, -1.7450094893448709 53.425273789029774, -1.7467375570695596 53.42617716099568, -1.7462592349363806 53.42776656145037, -1.7447230362352106 53.42874164030368, -1.7441227397190964 53.42955690303509, -1.7442732487586219 53.431280219614834, -1.7448972722633833 53.43240230589645, -1.7485613429448303 53.43558583104509, -1.7496824208750354 53.438763936810496, -1.7493133160013419 53.439856114010084, -1.7471148686781635 53.440984883925346, -1.7468195790056091 53.441755581980935, -1.7454652960073778 53.442672070880526, -1.743681306401829 53.44493869693241, -1.7439088666624263 53.44637566575871, -1.7446976640257807 53.44727732694043, -1.7444401266154543 53.44856241249033, -1.7465885638903043 53.45125314524435, -1.7462029922008742 53.45199640504885, -1.7468888246940695 53.4529101914256, -1.7471278292759813 53.454260859703396, -1.7466579843910495 53.45548518663376, -1.7480789229697702 53.45744487566435, -1.7470418840311033 53.45804126682478, -1.7471172590026278 53.45906162021497, -1.746236602884466 53.460022368702255, -1.7465137608101662 53.460740345803885, -1.7452579317616665 53.46201853765304, -1.7476139819099232 53.463954366791725, -1.7526601734358473 53.464957298647704, -1.7536700001184176 53.46484955206935, -1.7541468367061575 53.464322945019276, -1.7558246611115065 53.46390848895701, -1.7579573783017792 53.46391001877777, -1.7595005934129353 53.463531120711856, -1.7660898664892921 53.4641267477633, -1.7682502286167319 53.46467475540068, -1.7700895899335043 53.4658409102374, -1.770495666259602 53.46691610058322, -1.7728534666259987 53.467023958874975, -1.7738570142236156 53.467658720561495, -1.7762857708458113 53.468423082386984, -1.7770374380438265 53.46988398864326, -1.7780434506047191 53.47051870137453, -1.7779697760465005 53.47246232090497, -1.7784466515291641 53.47346232678859, -1.7790398480719463 53.47418433901613, -1.780298369979899 53.4748227205991, -1.7858913146014412 53.47574266226907, -1.7865600813738705 53.475392372289804, -1.7885734618424114 53.475399685893464, -1.7906663075465679 53.475682007673704, -1.7909193735770395 53.47601783649703, -1.7911411760519376 53.475816837410456, -1.7913726323826646 53.47624361771056, -1.7917226000066249 53.47600377709389, -1.792388016279998 53.47671812264662, -1.792765645723197 53.47649356242151, -1.793512832561073 53.47715993699336, -1.7943689650123518 53.47732686173704, -1.7953848450128684 53.478447387143554, -1.79688544386 53.478947391533055, -1.7983316515007313 53.478706313237616, -1.801471601616798 53.48097555659895, -1.7919736645728106 53.481973401424554, -1.7904538703915478 53.48249488434245, -1.7872616879088468 53.48436334359732, -1.785520553057172 53.48476275632404, -1.7836489686740074 53.48478298196688, -1.7804159036015224 53.484353512494074, -1.7737029009139325 53.48248657146838, -1.7710544552032506 53.48241159426725, -1.7659926163024149 53.48105887294198, -1.7639805136391262 53.48139844168731, -1.76290010429788 53.481091543042766, -1.7618991426842225 53.48123336165713, -1.7605169884838874 53.48074776128293, -1.7574607223736411 53.481033729811074, -1.7541437542163645 53.480631755364925, -1.751105644299488 53.479901615155484, -1.7489875280823637 53.479840733515864, -1.7463947945416092 53.47898754590103, -1.7447991514924541 53.478967856798704, -1.7433307745865072 53.47932257326106, -1.742296135740085 53.479027379115294, -1.7416426603641477 53.47823582977548, -1.7396944372601455 53.47720607660458, -1.7387079754455312 53.4771356677148, -1.7363921513931515 53.47937236458441, -1.7366109304342796 53.48076642675956, -1.7377012687247662 53.48157461082894, -1.7362233582077509 53.48374038456085, -1.7354096235289052 53.48661826419013, -1.7331710120494626 53.4886744615522, -1.7318134466771753 53.49102555506257, -1.730412527237483 53.49135048507635, -1.7228563947704172 53.491541231600834, -1.721426971315393 53.4919616184355, -1.7215671815167612 53.49263074825193, -1.719804777588309 53.49246596537576, -1.7195445389154238 53.492922840664406, -1.7172872345769152 53.49394931193064, -1.71605015628907 53.49411266866985, -1.715658060468652 53.495481630493245, -1.7136949604589609 53.496636458314555, -1.7140270114059852 53.49790546766481, -1.7124910692299362 53.49856693138044, -1.7128023060644928 53.49965909563453, -1.711904079320841 53.49982193252787, -1.7110376913189427 53.500797057303714, -1.7111650841881976 53.50119589421707, -1.70749169338745 53.50134206588047, -1.7061152555716164 53.501730543941974, -1.7053261394338954 53.50114360862908, -1.7044089605362573 53.5017156625321, -1.7033028937009496 53.501847742505205, -1.702971303073484 53.50290303417272, -1.7011337334233367 53.50312489506638, -1.6984630706239325 53.50256624144441))",61.777433563765285,40.32948185171623,96.60744061752023,5.4994747979613,91.10796581955893,76885.68098300365,78912.60674683211,1178.4754799362647,1218.0131847669195,2.454844009945873,204,376.8905930539393,254.2192232670805,386.82650366094174,287.61140249746245,5.776840587922868,3.7940911503805195,5.970652866504503,4.458157137614446,5.776840587922866,5.9706528665045075,97,E01008128,118.6964,E01008128,"1,818",1818.0,2026.9257638284616,39.537704830654775,9.935910607002427,0.1938122785816354,33.39217923038194,0.6640659872339265,Increased,Increased,Increased,0.012033549068362123
291,E01008129,Sheffield 023A,Sheffield 023A,427982,389388,-1.58061,53.4006,b3902b92-002f-4416-917e-2e4eac133076,"POLYGON ((-1.5718338784717065 53.42221808858727, -1.5714979082053904 53.42053033605889, -1.5707868525620161 53.42078790554942, -1.5695439673922957 53.420190187888686, -1.571513944149856 53.41803566152501, -1.5677331980920164 53.41707691250325, -1.567053210020023 53.41704392569223, -1.5650425770930194 53.417781447480124, -1.5645031459427952 53.41725062938361, -1.5650272347741834 53.41454696724383, -1.5660816982418595 53.41460277280199, -1.5672846205286057 53.41330977258822, -1.5698633094173327 53.4138330148612, -1.5705943684801285 53.412873062789274, -1.5600047264562775 53.40992640979634, -1.5612639439468001 53.40789779604041, -1.5525189511643374 53.407024221145406, -1.551706426322318 53.405829876974956, -1.5482212664440809 53.40574627990242, -1.547508307868231 53.40665282682065, -1.5452304752714137 53.40606029594137, -1.5458752820590613 53.40492113838294, -1.5450842986197955 53.40374490636157, -1.5431197232067886 53.40342301509956, -1.5417973553327342 53.40281226122695, -1.5416942880424254 53.40317004506788, -1.5378793375461557 53.40261117015302, -1.5368879743129626 53.40227653194909, -1.537112504074527 53.4012557803108, -1.5350229651531737 53.40115778048632, -1.5305001169094137 53.4024923447197, -1.5311392628467928 53.40446737520243, -1.5306401049154668 53.40498486875969, -1.5303012638537279 53.4055503606274, -1.5295515443754812 53.405672083510616, -1.5293484492991416 53.40540611444968, -1.5289476898262069 53.40575633692068, -1.5284094933336188 53.40556138974926, -1.5280682288003882 53.40588730959543, -1.5260133061845584 53.40609522650151, -1.5256403609964435 53.40553713415098, -1.5260016605605844 53.40541037202867, -1.5252175283794511 53.40403313866059, -1.5260795116720969 53.40266913238494, -1.5238269022500732 53.40262827105644, -1.5210223708238626 53.40085978111412, -1.5217337371259192 53.4003570014692, -1.52453133969285 53.40031451415384, -1.528319813199211 53.399512992930376, -1.5291545604890464 53.400158020738196, -1.5329224611590668 53.398199622764984, -1.5341669306753374 53.398289109432056, -1.5350889656674584 53.39909482942104, -1.5375782956348782 53.398599777567085, -1.5385385282433561 53.39956257824246, -1.5406477282399895 53.399343455064304, -1.5427126984167987 53.39984922998565, -1.5455649017532507 53.399892650987056, -1.5459832973832703 53.39833448792985, -1.5479250249180256 53.398555645416195, -1.5493581679658248 53.39795638461253, -1.549745136394733 53.39833386527333, -1.5492238674738985 53.39969437509285, -1.5505722416894014 53.39923539370705, -1.552617321601803 53.39704086129649, -1.5510727557240096 53.39669786788159, -1.5509548941693647 53.396463729282104, -1.5522228196173442 53.39601905583978, -1.5504506347091864 53.394367479107366, -1.556156761818372 53.39372040150868, -1.5561167561851954 53.3926342699942, -1.5546616698456568 53.392490456837585, -1.553973059365178 53.39128968337059, -1.5523967374316956 53.39179861288933, -1.5520867142827224 53.39151679841307, -1.5520919378844305 53.391904642219124, -1.5508438338056647 53.392229120786006, -1.5477265414885522 53.39178503357542, -1.5476707077017222 53.39098049079079, -1.5495038361853037 53.390247705124345, -1.5495552932627483 53.38944369343531, -1.550286177599449 53.38913616762221, -1.5519535250775662 53.389216462896364, -1.55214712885022 53.38889975455816, -1.5523486022976238 53.38787233355971, -1.5537823493710672 53.38709719447841, -1.5598033530465396 53.38658680562273, -1.563409542984389 53.385452165342556, -1.5693735669251696 53.38462073494383, -1.5825918641897894 53.38152498368703, -1.5860197020992965 53.38123882063068, -1.5864016672117112 53.37868353661135, -1.5857639351514738 53.3785734361165, -1.583755815151627 53.3767283292197, -1.5849625293458467 53.37702823674073, -1.5865603806589264 53.376749798757224, -1.5871262626226337 53.3771059719677, -1.5885460795443198 53.37722575469335, -1.5891032099527564 53.377676804050715, -1.592193880751059 53.37710343313741, -1.5930736100582417 53.37785361508025, -1.5960057458783654 53.37837036517995, -1.5971638976485403 53.37928123119475, -1.5983761481484149 53.37907152217546, -1.59852136522458 53.37959334758042, -1.5992187909324116 53.37992015265577, -1.5991640005561154 53.3818259129745, -1.6008970321915257 53.38240128059753, -1.6019316617347108 53.3823966066946, -1.6039603651516339 53.38299295917817, -1.6051763872829443 53.38267169399725, -1.6080342471844293 53.38296274104812, -1.609121834868362 53.38359252051802, -1.6137798287886649 53.38507168482476, -1.616427423355482 53.38484863989913, -1.6201008011938147 53.385138017631924, -1.621879605732765 53.38412767485468, -1.6236632831324875 53.383887242618826, -1.623246362269016 53.382898023408984, -1.6243441657799484 53.38130964607976, -1.6240071514987457 53.379997934112865, -1.6246407412259336 53.37904993469997, -1.6242199642070652 53.377861005194355, -1.6264535456677396 53.37631211113458, -1.628880997683134 53.37356943760847, -1.6355267942644576 53.37329944773363, -1.6404394406567337 53.37363398875637, -1.6308365693547413 53.38691990622101, -1.627986414266382 53.389503710296054, -1.6298602931853754 53.39137881338973, -1.606545079991983 53.390763169999914, -1.6009965540506874 53.39017813511769, -1.600269254903586 53.391318851543694, -1.601819915059449 53.39435579537569, -1.604342725451083 53.39820458356034, -1.6063584545807337 53.39910070993814, -1.6077351028394458 53.40084143350718, -1.6070806896593706 53.40304215024101, -1.5975846586353293 53.41003402887782, -1.5918201808239743 53.40845587627746, -1.5893075859763826 53.40957052915128, -1.588056498691874 53.40917492183022, -1.58506831334598 53.41050145051311, -1.5861276199091061 53.410693884689685, -1.586623754126366 53.411116700214535, -1.5861413290278215 53.4123837902677, -1.5863436465570873 53.413238399226444, -1.5881982606111842 53.4143683887224, -1.593004882374273 53.416174736526585, -1.5897127804278082 53.41648563122868, -1.5893610736168453 53.41713567416303, -1.58845001786992 53.418819358300404, -1.5876491419088612 53.41934183731898, -1.5864400264067438 53.41886527101788, -1.5872442522100862 53.4196059807273, -1.586525571719017 53.42007481345596, -1.5833358006434317 53.4203611500846, -1.579480857839226 53.41884362234017, -1.576910334770794 53.42206734358896, -1.5718338784717065 53.42221808858727))",25.6642157238194,20.16474092585811,44.729061690085246,1.09989495959226,43.62916673049298,29369.322478332582,27276.9008417874,401.35341481927594,381.21391100253885,1.2778512592842755,86,341.50374974805356,68.75107354720859,317.17326560217896,200.25143524782948,4.66690017231716,1.0077010050309478,4.432719895378359,2.6616009934401674,4.666900172317162,4.432719895378359,92,E01008129,15.1167,E01008129,"1,727",1727.0,-2092.421636545183,-20.13950381673709,-24.330484145874607,-0.23418027693880106,131.50036170062089,1.6538999884092196,Reduced,Reduced,Increased,0.01485873557307297
292,E01008130,Sheffield 023B,Sheffield 023B,430273,390236,-1.54608,53.4081,2833b8f4-62d9-4820-aca1-dacc03df4601,"POLYGON ((-1.5337255064495003 53.41112392294011, -1.532134684083975 53.40848876474514, -1.5307663101375115 53.407896306568816, -1.528670030427272 53.40828226153995, -1.5274361967479821 53.40713499680303, -1.526604822996707 53.4072378068372, -1.5259603908491528 53.40622902815692, -1.5260133061845584 53.40609522650151, -1.5280682288003882 53.40588730959543, -1.5284094933336188 53.40556138974926, -1.5289476898262069 53.40575633692068, -1.5293484492991416 53.40540611444968, -1.5295515443754812 53.405672083510616, -1.5303012638537279 53.4055503606274, -1.5306401049154668 53.40498486875969, -1.5311392628467928 53.40446737520243, -1.5305001169094137 53.4024923447197, -1.5350229651531737 53.40115778048632, -1.537112504074527 53.4012557803108, -1.5368879743129626 53.40227653194909, -1.5378793375461557 53.40261117015302, -1.5416942880424254 53.40317004506788, -1.5417973553327342 53.40281226122695, -1.5431197232067886 53.40342301509956, -1.5450842986197955 53.40374490636157, -1.5458752820590613 53.40492113838294, -1.5452304752714137 53.40606029594137, -1.547508307868231 53.40665282682065, -1.5482212664440809 53.40574627990242, -1.551706426322318 53.405829876974956, -1.5525189511643374 53.407024221145406, -1.5612639439468001 53.40789779604041, -1.5600047264562775 53.40992640979634, -1.5580724652402806 53.409416581916076, -1.5518320948855573 53.41246659421307, -1.5509281500578949 53.41336350049194, -1.5451683553650732 53.41066141791888, -1.542917346988433 53.410165510510794, -1.5419892229354537 53.41492829860019, -1.5400878709631143 53.41405808873723, -1.5356025669050843 53.412854243940764, -1.5337255064495003 53.41112392294011))",24.38100493762843,39.77953437192011,61.77743356376531,2.3831057457832303,59.394327817982074,4841.5917669869405,5170.577412547722,78.3798615225072,80.32905455083122,0.1754987012957595,18,268.9773203881634,93.0047487942781,287.2543006970957,245.3475870427065,4.3544367512504,1.4552003612840814,4.4627252528239545,3.7804791273138916,4.3544367512504,4.462725252823956,38,E01008130,1.6023,E01008130,"1,557",1557.0,328.98564556078145,1.949193028324018,18.27698030893231,0.10828850157355419,152.3428382484284,2.32527876602981,Increased,Increased,Increased,0.009749927849764417
293,E01008131,Sheffield 023C,Sheffield 023C,430950,388839,-1.53603,53.3955,6abae703-add5-4494-ac64-6afa1e230aef,"POLYGON ((-1.529801961957208 53.39913224238044, -1.5308790718504421 53.39819049338696, -1.53288875405585 53.3977149310655, -1.533373082279196 53.39687359868884, -1.5325866759096982 53.39589975066772, -1.5324668209835868 53.3949413028637, -1.531191334252443 53.39440860343879, -1.5311727445109498 53.393876258459244, -1.5305869927335503 53.39370685936853, -1.530384939895388 53.3935229304903, -1.5306681654204286 53.39316941410279, -1.5324154353702324 53.3937209147943, -1.532498318860343 53.39427532662725, -1.5332411489475641 53.39460157081053, -1.5343250537514288 53.39472526417391, -1.5342774717708196 53.393980445387285, -1.5339232947428947 53.39357621082325, -1.5345461510275704 53.39314890058481, -1.5339782434116993 53.392877746195886, -1.5347410006981785 53.392202974601766, -1.5365191205474464 53.39199452685904, -1.536699822003479 53.39284446667951, -1.5376325700781188 53.39314271917941, -1.5373562683786268 53.393337257876816, -1.5384467311327237 53.39331497977233, -1.5396356162733047 53.39322968034484, -1.5408927208230117 53.39379181403921, -1.542005440723384 53.39374367557004, -1.543711708131299 53.394868972688826, -1.5430837169897895 53.39546050646087, -1.5416867663140925 53.39558925746595, -1.5415439328219724 53.396072244682806, -1.54022062142064 53.3966802049067, -1.5399018848192847 53.397823904671895, -1.5375782956348782 53.398599777567085, -1.5350889656674584 53.39909482942104, -1.5341669306753374 53.398289109432056, -1.5329224611590668 53.398199622764984, -1.5291545604890464 53.400158020738196, -1.528319813199211 53.399512992930376, -1.529801961957208 53.39913224238044))",7.88258054374453,14.115318648100663,20.714688405654222,1.28321078619097,19.43147761946325,2131.856517912065,1636.5069804180189,35.31614165592979,27.11022616004433,0.0266067635999672,4,532.9641294780163,477.45393011236,409.1267451045047,399.7598356395145,8.829035413982448,7.909458487639198,6.777556540011083,6.622385167658187,8.829035413982448,6.777556540011083,32,E01008131,0.3767,E01008131,"1,629",1629.0,-495.3495374940462,-8.20591549588546,-123.83738437351155,-2.051478873971365,-77.6940944728455,-1.287073319981011,Reduced,Reduced,Reduced,0.0066516908999918
294,E01008132,Sheffield 023D,Sheffield 023D,430251,388912,-1.54653,53.3962,32fc60ac-fa60-4202-87e3-ca03c0a8262e,"POLYGON ((-1.5427126984167987 53.39984922998565, -1.5406477282399895 53.399343455064304, -1.5385385282433561 53.39956257824246, -1.5375782956348782 53.398599777567085, -1.5399018848192847 53.397823904671895, -1.54022062142064 53.3966802049067, -1.5415439328219724 53.396072244682806, -1.5416867663140925 53.39558925746595, -1.5430837169897895 53.39546050646087, -1.543711708131299 53.394868972688826, -1.5448677102178656 53.39473405798748, -1.545475726298599 53.39413116706667, -1.5461295723117214 53.394316284076695, -1.5472418151140948 53.394668283886354, -1.5474878105292995 53.394401246341495, -1.5485598992800775 53.39441206154153, -1.5481372323804892 53.39358207008657, -1.5507122590354143 53.39354785383588, -1.5511511714132395 53.39255296827574, -1.5533110268589134 53.392862524340174, -1.5546616698456568 53.392490456837585, -1.5561167561851954 53.3926342699942, -1.556156761818372 53.39372040150868, -1.5504506347091864 53.394367479107366, -1.5522228196173442 53.39601905583978, -1.5509548941693647 53.396463729282104, -1.5510727557240096 53.39669786788159, -1.552617321601803 53.39704086129649, -1.5505722416894014 53.39923539370705, -1.5492238674738985 53.39969437509285, -1.549745136394733 53.39833386527333, -1.5493581679658248 53.39795638461253, -1.5479250249180256 53.398555645416195, -1.5459832973832703 53.39833448792985, -1.5455649017532507 53.399892650987056, -1.5427126984167987 53.39984922998565))",8.43252802354066,12.832107861909702,19.79810927266068,1.46652661278968,18.331582659871003,4944.878217902789,3204.132810187638,65.04808501041065,47.77653364219056,0.0951566693517445,8,618.1097772378487,690.8414745330485,400.51660127345474,326.2845518166235,8.13101062630133,8.434159453389135,5.97206670527382,4.651089087981159,8.13101062630133,5.97206670527382,26,E01008132,0.4542,E01008132,"1,316",1316.0,-1740.7454077151515,-17.271551368220088,-217.59317596439394,-2.158943921027511,-364.55692271642505,-3.7830703654079763,Reduced,Reduced,Reduced,0.011894583668968062
295,E01008133,Sheffield 023E,Sheffield 023E,430688,388351,-1.54002,53.3911,65d153ac-4c32-4cf8-9ac0-31eff4d4ee66,"POLYGON ((-1.543711708131299 53.394868972688826, -1.542005440723384 53.39374367557004, -1.5408927208230117 53.39379181403921, -1.5396356162733047 53.39322968034484, -1.5384467311327237 53.39331497977233, -1.5373562683786268 53.393337257876816, -1.5376325700781188 53.39314271917941, -1.536699822003479 53.39284446667951, -1.5365191205474464 53.39199452685904, -1.5347410006981785 53.392202974601766, -1.5339782434116993 53.392877746195886, -1.5345461510275704 53.39314890058481, -1.5339232947428947 53.39357621082325, -1.5342774717708196 53.393980445387285, -1.5343250537514288 53.39472526417391, -1.5332411489475641 53.39460157081053, -1.532498318860343 53.39427532662725, -1.5324154353702324 53.3937209147943, -1.5306681654204286 53.39316941410279, -1.5310466336704094 53.392648830268435, -1.5319807029845134 53.392319921877885, -1.5319585941753546 53.392266811190744, -1.5315273317503222 53.39123194680386, -1.5340676966934248 53.390760565801024, -1.5357612736653616 53.390228145095236, -1.5371788315037491 53.389853955339206, -1.537726410127095 53.39053429647166, -1.5440059253388074 53.38785992736552, -1.5457742614287264 53.38739794141029, -1.546288776234037 53.38810098479603, -1.546986808540867 53.3878968946678, -1.5468371528183085 53.387697731715164, -1.5482091924080872 53.387474589472035, -1.5484832984296995 53.387721096960455, -1.5509749784808478 53.387407741482704, -1.5511937480541458 53.38778071183648, -1.5523486022976238 53.38787233355971, -1.55214712885022 53.38889975455816, -1.5519535250775662 53.389216462896364, -1.550286177599449 53.38913616762221, -1.5495552932627483 53.38944369343531, -1.5495038361853037 53.390247705124345, -1.5476707077017222 53.39098049079079, -1.5477265414885522 53.39178503357542, -1.5508438338056647 53.392229120786006, -1.5520919378844305 53.391904642219124, -1.5520867142827224 53.39151679841307, -1.5523967374316956 53.39179861288933, -1.553973059365178 53.39128968337059, -1.5546616698456568 53.392490456837585, -1.5533110268589134 53.392862524340174, -1.5511511714132395 53.39255296827574, -1.5507122590354143 53.39354785383588, -1.5481372323804892 53.39358207008657, -1.5485598992800775 53.39441206154153, -1.5474878105292995 53.394401246341495, -1.5472418151140948 53.394668283886354, -1.5461295723117214 53.394316284076695, -1.545475726298599 53.39413116706667, -1.5448677102178656 53.39473405798748, -1.543711708131299 53.394868972688826))",13.015423688508411,9.349107156534208,21.08132005885165,1.28321078619097,19.798109272660678,4899.092726481854,4328.826068579663,81.78955130632181,74.9567263047539,0.0902940556623075,10,489.9092726481855,465.03715960646446,432.8826068579663,379.626369033784,8.17895513063218,7.703763393991488,7.49567263047539,7.5177980439570415,8.17895513063218,7.49567263047539,34,E01008133,0.6653,E01008133,"1,550",1550.0,-570.2666579021907,-6.832825001567912,-57.02666579021917,-0.6832825001567908,-85.41079057268047,-0.18596535003444625,Reduced,Reduced,Reduced,0.00902940556623075
296,E01008134,Sheffield 005B,Sheffield 005B,433222,394615,-1.50126,53.4473,a606f30a-2765-458d-8698-39a1f5077686,"POLYGON ((-1.5147010018903921 53.45612768672778, -1.4979996619254676 53.44956189499206, -1.4931601329949957 53.45024005697454, -1.4949097868227263 53.44694476917849, -1.4956969940586347 53.44531216996803, -1.495559529313096 53.44386543364977, -1.495390569415258 53.443216535161, -1.4963296747827215 53.440725927585405, -1.4945435647653305 53.43751312536959, -1.4949563711500133 53.43733881068147, -1.4970439477576647 53.440073603768695, -1.4997319989294793 53.437616912571755, -1.4991257289866717 53.43668854767779, -1.4999357883092685 53.43671127409975, -1.5002686016403315 53.43716620386341, -1.5017524408532081 53.439833850285176, -1.5025665094143648 53.440074180331486, -1.5022973391431769 53.440597786957994, -1.5030736206979936 53.441606480764364, -1.5030313621859803 53.44225137670447, -1.5045941263830138 53.442533098239686, -1.5047642549882612 53.44191326694141, -1.5055678274896673 53.44175392710951, -1.5063603221854511 53.442390448781154, -1.5090755619808764 53.442932524410594, -1.508293341223805 53.44290030301991, -1.5062745983736747 53.44441478307077, -1.504112049923796 53.4450001474852, -1.5103204635632466 53.44887851745191, -1.5112940828153456 53.45063527417288, -1.5132681181675396 53.45141345648234, -1.5148265601470727 53.45381644481619, -1.5181304914679292 53.45722599347202, -1.5167528354145552 53.457891051288, -1.5157647766578337 53.457385904971744, -1.5147010018903921 53.45612768672778))",33.73011209416266,33.36348044096523,66.54364505533177,0.54994747979613,65.99369757553563,17539.216293870777,17487.39856197184,259.2062942223254,250.86908879171608,1.1012906650460363,18,974.4009052150432,918.6941191841249,971.5221423317687,893.1538801523541,14.40034967901808,14.973442495939416,13.93717159953978,11.937987305568683,14.40034967901808,13.937171599539782,47,E01008134,1.2618,E01008134,"1,272",1272.0,-51.81773189893647,-8.337205430609345,-2.878762883274476,-0.4631780794782987,-25.540239031770852,-3.035455190370733,Reduced,Reduced,Reduced,0.061182814724779794
297,E01008135,Sheffield 005C,Sheffield 005C,433708,395121,-1.49388,53.4518,5fdb8848-e9e0-4aaa-a771-a06026d46f3a,"POLYGON ((-1.506542750652927 53.46291211556172, -1.5079089731758892 53.462645276566725, -1.5083418720441282 53.46285913362219, -1.5104785606135687 53.46189826072117, -1.5071294779463233 53.458702361228426, -1.5071630691008877 53.45798807060295, -1.5029567261785586 53.45656649800182, -1.5024377977894916 53.45675422284432, -1.5006213062391347 53.455941605384595, -1.4985037025048793 53.4570467662931, -1.496196400042578 53.457070493466716, -1.4956787244499117 53.45683654040563, -1.4943019648348228 53.45565748196978, -1.4934355024978558 53.45558357680683, -1.4911041215351517 53.454446480537975, -1.4850329068182593 53.452533130724284, -1.4833203520174214 53.45113466313299, -1.4807915655173751 53.45002664461283, -1.4780934638451684 53.44987106843609, -1.4776113472727135 53.45092363403602, -1.476517594708719 53.451459526254474, -1.4735289723552427 53.45380786457179, -1.4717984911465263 53.45299904207443, -1.4690423113385016 53.45120477182764, -1.4673012879052294 53.4507484411466, -1.4651069011274196 53.44961326989323, -1.4655125246409613 53.44881241171656, -1.4646941278951449 53.448859858625234, -1.4629818480534407 53.4496091708323, -1.4611806866119483 53.449832593576765, -1.459004999418163 53.45103477080009, -1.4577035078848115 53.452929520690795, -1.4553292614604538 53.454581220190065, -1.4551903308737808 53.45569319487593, -1.4520737499724983 53.45760981625997, -1.4505236072613266 53.457891180840534, -1.4450684231666053 53.457788733583754, -1.4447219948104209 53.456740798818025, -1.4439754818525432 53.45620938378279, -1.4436803768461457 53.455671643338285, -1.4442568938274278 53.454550750514905, -1.4442932195066647 53.45046841425348, -1.4425247696560362 53.446756010886766, -1.436427226080557 53.440453379886996, -1.4333267361123843 53.43827948135832, -1.4342356121949422 53.437604310065915, -1.4359484338871755 53.43774274111029, -1.437696754739135 53.438150973323985, -1.439328019626488 53.43773335829208, -1.4399336192461247 53.438037550351396, -1.44007071077075 53.438600026574704, -1.4418511567208534 53.43921846627167, -1.4422961223208868 53.438863803059455, -1.4443509053408672 53.43883598997863, -1.446324401231429 53.43959615227593, -1.4478488925928514 53.439352593188275, -1.4487630262377433 53.4397415391092, -1.4496255504659714 53.43972473239069, -1.4510730399334117 53.43906763379386, -1.451846207190291 53.439268365595005, -1.4525317742292323 53.43866893350147, -1.453273080710963 53.4385528187041, -1.4583487311328271 53.44194122948132, -1.4607444304305721 53.441997814260155, -1.462908039556288 53.442832809251406, -1.4631561711145218 53.443019682520784, -1.4626616571608664 53.443278570404935, -1.4640252977735828 53.443659239192804, -1.4660908943527189 53.44319655516807, -1.4664968684091082 53.44318126261436, -1.4685783439902573 53.442608648925436, -1.4679625723233467 53.441557946047546, -1.4684454706568864 53.441715498609454, -1.4711191479575272 53.44099029365126, -1.4731864281380989 53.439897339396886, -1.4739238697170587 53.44030173101154, -1.472333834773453 53.44110279305866, -1.4727615805169774 53.4414224682966, -1.4704231152251506 53.442377775848946, -1.4724471470787026 53.44251345685731, -1.4751502306802693 53.443689299849105, -1.4777639637868123 53.44521950666703, -1.4837668199593412 53.444157540508414, -1.4856857026447625 53.44211239471854, -1.4873886974585055 53.442573185155226, -1.4909877752611544 53.443242765030675, -1.4917645475570906 53.444311802892855, -1.4917736654093723 53.44512510244389, -1.4935657693114395 53.4469725739509, -1.4949097868227263 53.44694476917849, -1.4931601329949957 53.45024005697454, -1.4979996619254676 53.44956189499206, -1.5147010018903921 53.45612768672778, -1.5157647766578337 53.457385904971744, -1.5167528354145552 53.457891051288, -1.517362060915756 53.45834516057045, -1.5150300934054188 53.459621078710136, -1.516330600300167 53.460606953972594, -1.5149450187443714 53.46179961401478, -1.5148138314368484 53.46364875558215, -1.5117169901627086 53.46575127144782, -1.5075880999380527 53.46563995795973, -1.5056106358585097 53.4648910774652, -1.5051361355693147 53.463941684597565, -1.5070724980419163 53.46334041243887, -1.506542750652927 53.46291211556172))",124.83807791372155,127.58781531270229,238.86052205811933,13.565371168304525,225.2951508898148,49434.281581918294,44211.47114396266,553.6474196894926,490.94322728863705,1.667961896473192,70,706.204022598833,687.4629991040325,631.5924449137523,513.3012376614555,7.909248852707034,6.827512317550948,7.013474675551957,5.517368932694875,7.909248852707037,7.013474675551958,188,E01008135,5.5758,E01008135,"1,635",1635.0,-5222.810437955632,-62.70419240085556,-74.61157768508076,-0.8957741771550767,-174.16176144257702,-1.3101433848560724,Reduced,Reduced,Reduced,0.02382802709247417
298,E01008136,Sheffield 008D,Sheffield 008D,429661,394625,-1.55487,53.4476,95b2e630-808e-4456-98ba-e3569490ccea,"POLYGON ((-1.5513824850430704 53.455437859686064, -1.5525515278029791 53.45345012375766, -1.5525208875291991 53.45278317509063, -1.5487432183570429 53.4511709804739, -1.5473609552565681 53.44986324935253, -1.5504101054122128 53.447589701012326, -1.5512607041107964 53.44630303785901, -1.548373559739947 53.44498263854231, -1.5478678463696536 53.44446241894458, -1.546202446148619 53.44196335588954, -1.5465966724546205 53.441714822068185, -1.546450771744033 53.441145408591034, -1.5468957417524665 53.44027969849089, -1.54763307356728 53.43884907365492, -1.5495187838285247 53.43793421872497, -1.554790894337885 53.43928136873211, -1.5562320064121744 53.4409133628317, -1.5581026392159356 53.441370916862105, -1.5598749523044906 53.442830583668304, -1.5631577750576955 53.44378761147866, -1.5636115349624198 53.44408386905405, -1.563617806931565 53.444787157269246, -1.5599536972522712 53.446512293514736, -1.5567063929298073 53.44561131779453, -1.5582340735561524 53.44725848258812, -1.5586679066795477 53.44875478386282, -1.5603611403496092 53.45123926705993, -1.5595677423289973 53.45122988395965, -1.559699134355634 53.45295075935237, -1.5609292985706242 53.45539783253773, -1.5600914946309163 53.45593311289428, -1.5590145121055836 53.4553637025505, -1.5578709623419433 53.45557227394995, -1.5566815425838532 53.45565085169063, -1.5560747166043647 53.45640134341651, -1.5549946785669657 53.455669590889606, -1.5513824850430704 53.455437859686064))",19.064845966265842,19.431477619463255,35.01332288035361,3.483000705375487,31.530322174978124,17234.82114255568,15815.761707011756,205.85452977870096,191.55847294009538,0.30905557485741314,18,957.4900634753155,950.543282149073,878.6534281673198,854.721673828705,11.436362765483388,11.677217436360255,10.642137385560854,7.670384058030823,11.436362765483388,10.642137385560854,36,E01008136,1.296,E01008136,"1,455",1455.0,-1419.0594355439243,-14.29605683860558,-78.83663530799572,-0.7942253799225334,-95.821608320368,-4.006833378329432,Reduced,Reduced,Reduced,0.017169754158745176
299,E01008137,Sheffield 005D,Sheffield 005D,434355,393951,-1.48427,53.4412,e4ea2875-82d7-42aa-9c93-32bccb91b29d,"POLYGON ((-1.4873886974585055 53.442573185155226, -1.4856857026447625 53.44211239471854, -1.4837668199593412 53.444157540508414, -1.4777639637868123 53.44521950666703, -1.4751502306802693 53.443689299849105, -1.4724471470787026 53.44251345685731, -1.4704231152251506 53.442377775848946, -1.4727615805169774 53.4414224682966, -1.472333834773453 53.44110279305866, -1.4739238697170587 53.44030173101154, -1.4731864281380989 53.439897339396886, -1.4734857214437065 53.439526610800144, -1.4749495035701987 53.43747997118225, -1.4759252330497548 53.437496010699945, -1.4791900756393142 53.437766493200144, -1.4791906696748482 53.43734097511994, -1.4818991616374773 53.43711668345239, -1.4829510505284322 53.43701770334974, -1.485729309458565 53.436753002697394, -1.486389389059486 53.4355081415978, -1.4868762966125408 53.436006511975705, -1.4878010533793096 53.43572736447198, -1.4889921090544649 53.43592122354659, -1.4892493918033647 53.436826514028716, -1.4922969302040252 53.43654229914856, -1.4934054147333373 53.436754846136466, -1.4932531540617038 53.43730343304155, -1.4942675719522716 53.43718781093395, -1.4945435647653305 53.43751312536959, -1.4963296747827215 53.440725927585405, -1.495390569415258 53.443216535161, -1.495559529313096 53.44386543364977, -1.4956969940586347 53.44531216996803, -1.4949097868227263 53.44694476917849, -1.4935657693114395 53.4469725739509, -1.4917736654093723 53.44512510244389, -1.4917645475570906 53.444311802892855, -1.4909877752611544 53.443242765030675, -1.4873886974585055 53.442573185155226))",10.44900211612647,14.298634474699377,24.38100493762843,0.36663165319742,24.01437328443101,14775.893209888507,15956.93684703569,207.41496917615595,218.83249516313208,0.5639198456699758,18,820.8829561049171,829.6444121280006,886.4964915019829,806.8502133636964,11.523053843119776,11.21289411228351,12.15736084239623,10.598314520508136,11.523053843119776,12.157360842396226,37,E01008137,1.1997,E01008137,"1,390",1390.0,1181.0436371471824,11.41752598697613,65.61353539706579,0.6343069992764541,-22.794198764304156,-0.6145795917753745,Increased,Increased,Reduced,0.031328880314998656
300,E01008138,Sheffield 006D,Sheffield 006D,435647,393926,-1.46482,53.4409,d00a7edb-1372-4095-b24d-309c8290cb31,"POLYGON ((-1.4583487311328271 53.44194122948132, -1.4584505374428074 53.440416323589325, -1.4583243541862208 53.440028162834174, -1.4577180990479206 53.440013404913564, -1.457712883106935 53.43924036051185, -1.4588727293028148 53.43980611131976, -1.4590144482136898 53.44017838703519, -1.4597394771653263 53.44011490361666, -1.4597580421138594 53.44059790516607, -1.4608240787410536 53.44045350351777, -1.4613244150339564 53.440843964141315, -1.462990903168833 53.43862928990626, -1.4632632337280607 53.43840250805408, -1.4645123088830214 53.43928090505917, -1.465323026545239 53.439778009271485, -1.4665133900373353 53.440616096054804, -1.4664445382870042 53.43988701031123, -1.4672560941477557 53.43908920601775, -1.4689185571135719 53.43987766978169, -1.4696484431035002 53.43928564014727, -1.4718817052111428 53.43899959252724, -1.471947220093963 53.43845465547383, -1.472517285421401 53.438185572919096, -1.4735795192045915 53.438288780345914, -1.4730305970894624 53.439072567970975, -1.4734857214437065 53.439526610800144, -1.4731864281380989 53.439897339396886, -1.4711191479575272 53.44099029365126, -1.4684454706568864 53.441715498609454, -1.4679625723233467 53.441557946047546, -1.4685783439902573 53.442608648925436, -1.4664968684091082 53.44318126261436, -1.4660908943527189 53.44319655516807, -1.4640252977735828 53.443659239192804, -1.4626616571608664 53.443278570404935, -1.4631561711145218 53.443019682520784, -1.462908039556288 53.442832809251406, -1.4607444304305721 53.441997814260155, -1.4583487311328271 53.44194122948132))",4.94952731816517,5.866106451158719,10.449002116126469,0.36663165319742,10.082370462929049,3150.545533031186,2714.371351249909,42.2361867756879,37.625308161303096,0.03742374370808729,6,525.0909221718643,412.582139650627,452.39522520831815,452.25888843747555,7.03936446261465,6.484184507684823,6.270884693550516,5.603937250471566,7.03936446261465,6.270884693550516,29,E01008138,0.2965,E01008138,"1,232",1232.0,-436.1741817812772,-4.610878614384802,-72.6956969635462,-0.7684797690641334,39.67674878684852,-0.8802472572132567,Reduced,Reduced,Reduced,0.006237290618014549
301,E01008139,Sheffield 006E,Sheffield 006E,436080,393723,-1.45833,53.4391,4347751f-64fd-41a6-8896-6f75fe5fc8e6,"POLYGON ((-1.4583487311328271 53.44194122948132, -1.453273080710963 53.4385528187041, -1.4532686642890917 53.4383279931925, -1.4539600430224986 53.438301949876866, -1.4551257185651096 53.4368883895906, -1.4551837618943138 53.43682016991245, -1.455647295659011 53.436160755653916, -1.458793765291068 53.436402439417506, -1.4615489401446904 53.437924863467096, -1.4631747959842165 53.43798295386133, -1.4633694523137692 53.43760031084134, -1.4634673540674163 53.437512778812405, -1.4636061864738819 53.43738864899741, -1.4637924629979608 53.437411623815336, -1.4642451513531183 53.43746745615764, -1.466435330531728 53.437737556882524, -1.4688471830356313 53.43757913946349, -1.4745325657236048 53.43654077961714, -1.4754156648503476 53.436947213850836, -1.4749495035701987 53.43747997118225, -1.4734857214437065 53.439526610800144, -1.4730305970894624 53.439072567970975, -1.4735795192045915 53.438288780345914, -1.472517285421401 53.438185572919096, -1.471947220093963 53.43845465547383, -1.4718817052111428 53.43899959252724, -1.4696484431035002 53.43928564014727, -1.4689185571135719 53.43987766978169, -1.4672560941477557 53.43908920601775, -1.4664445382870042 53.43988701031123, -1.4665133900373353 53.440616096054804, -1.465323026545239 53.439778009271485, -1.4645123088830214 53.43928090505917, -1.4632632337280607 53.43840250805408, -1.462990903168833 53.43862928990626, -1.4613244150339564 53.440843964141315, -1.4608240787410536 53.44045350351777, -1.4597580421138594 53.44059790516607, -1.4597394771653263 53.44011490361666, -1.4590144482136898 53.44017838703519, -1.4588727293028148 53.43980611131976, -1.457712883106935 53.43924036051185, -1.4577180990479206 53.440013404913564, -1.4583243541862208 53.440028162834174, -1.4584505374428074 53.440416323589325, -1.4583487311328271 53.44194122948132))",27.130742336609085,26.214163203615556,50.41185231464529,2.93305322557936,47.47879908906593,3069.955508153386,3164.52466228477,40.901139735361404,45.082507070244226,0.03544646779600236,8,383.74443851917323,324.47321208175697,395.56558278559623,346.171209249086,5.112642466920175,4.509945217069033,5.635313383780528,3.775535656734569,5.1126424669201755,5.635313383780528,67,E01008139,0.3817,E01008139,"1,590",1590.0,94.56915413138404,4.181367334882822,11.821144266423005,0.5226709168603536,21.69799716732905,-0.734409560334464,Increased,Increased,Reduced,0.004430808474500295
302,E01008140,Sheffield 008E,Sheffield 008E,430852,393413,-1.53706,53.4366,b4e129d1-eb52-44cf-9885-af012414b94c,"POLYGON ((-1.5346889825789838 53.43962324296933, -1.5340017798535919 53.438624513926385, -1.5322310396864653 53.4383249290216, -1.532109259767205 53.436185752927535, -1.533665583964204 53.43590247449239, -1.5376541743405618 53.436352864377305, -1.5385986289952982 53.436290151197426, -1.5387917309829127 53.435801351081174, -1.5369403234775398 53.4342183404246, -1.5350571150838785 53.43441598747898, -1.529905507897775 53.43221939266012, -1.5321953119837273 53.431796115403976, -1.5330721287682503 53.431891029991824, -1.5342228301740517 53.43261044566087, -1.5340264871467357 53.431647091812415, -1.5350578559168893 53.43151580305188, -1.5356091074473255 53.43187151253985, -1.5350465828118616 53.4321146692241, -1.5365587610316023 53.43268814490991, -1.5364807912754328 53.43307601490441, -1.537285519472931 53.433088849677816, -1.5377035727574913 53.43269980881323, -1.5393930242895237 53.43354303980498, -1.539241232621461 53.434016000616026, -1.5400777721357324 53.43459210120769, -1.5408627305164369 53.43456845444386, -1.541224996777094 53.43499217876074, -1.5407549140734973 53.4352666593105, -1.5426026194917808 53.43520431289141, -1.5416597471256612 53.434624370797266, -1.542610410423958 53.43409116012532, -1.5430764001376482 53.43422200058108, -1.5431949354336718 53.43331741069444, -1.5424278862173622 53.43354195088198, -1.541841750814326 53.433368868419564, -1.5420726203322843 53.432985724669514, -1.5429473823740492 53.43263365510748, -1.5427992892799232 53.43177504683047, -1.5440013231693965 53.43130158064404, -1.5449506892370275 53.431448387162256, -1.5451605103035984 53.43227544401327, -1.5457688759910888 53.432565662096, -1.5456061051498708 53.433033510667485, -1.5460387145846406 53.43295880546925, -1.5470499167175231 53.43356827487808, -1.546764661701629 53.434272707704835, -1.5475385590889235 53.435611298553496, -1.5450981224216562 53.43594101303225, -1.5432074847216573 53.435254598119386, -1.5435100907780133 53.43574987472585, -1.5415656286455226 53.436139773142, -1.5417480583422996 53.43641355489409, -1.5420417885745425 53.43665394778545, -1.5412935241369279 53.43700950732936, -1.5396748871691748 53.437231819362935, -1.5383392106741258 53.43931400573023, -1.539528047178802 53.43954364303659, -1.5397978997271535 53.43906366286748, -1.5416014984429822 53.43880805478437, -1.5417288531466176 53.43916560550817, -1.54338703814821 53.43947581477384, -1.546450771744033 53.441145408591034, -1.5465966724546205 53.441714822068185, -1.546202446148619 53.44196335588954, -1.5451729676750123 53.44157282298774, -1.539128971949762 53.440847008623116, -1.5374264720561057 53.44083384368629, -1.5359732779716073 53.44031417223877, -1.5346889825789838 53.43962324296933))",14.115318648100672,12.832107861909696,25.114268244023265,1.8331582659871,23.281109978036163,11721.634758482158,11169.970773625271,159.1315245142552,156.00937088685617,0.4891809840531668,18,651.2019310267865,759.7206942668895,620.5539318680708,584.74006995716,8.840640250791957,8.279553788400094,8.66718727149201,8.811947132972868,8.840640250791957,8.66718727149201,50,E01008140,0.5603,E01008140,"1,906",1906.0,-551.6639848568866,-3.1221536273990296,-30.64799915871572,-0.17345297929994707,-174.98062430972948,0.5323933445727747,Reduced,Reduced,Increased,0.027176721336287044
303,E01008141,Sheffield 005E,Sheffield 005E,432926,393402,-1.50584,53.4364,dabeaaf7-7a68-4426-aeb7-2ecb0bfddf93,"POLYGON ((-1.5062745983736747 53.44441478307077, -1.508293341223805 53.44290030301991, -1.5090755619808764 53.442932524410594, -1.5063603221854511 53.442390448781154, -1.5055678274896673 53.44175392710951, -1.5047642549882612 53.44191326694141, -1.5045941263830138 53.442533098239686, -1.5030313621859803 53.44225137670447, -1.5030736206979936 53.441606480764364, -1.5022973391431769 53.440597786957994, -1.5025665094143648 53.440074180331486, -1.5017524408532081 53.439833850285176, -1.5002686016403315 53.43716620386341, -1.4999357883092685 53.43671127409975, -1.4991257289866717 53.43668854767779, -1.4997319989294793 53.437616912571755, -1.4970439477576647 53.440073603768695, -1.4949563711500133 53.43733881068147, -1.4945435647653305 53.43751312536959, -1.4942675719522716 53.43718781093395, -1.4932531540617038 53.43730343304155, -1.4934054147333373 53.436754846136466, -1.4922969302040252 53.43654229914856, -1.4908260195689875 53.43377573622934, -1.4919845987728173 53.43367701345477, -1.4920739389467657 53.434003499853844, -1.4938017695572638 53.43409684231028, -1.4962282906008197 53.433671893510834, -1.4974252700079786 53.43345362891728, -1.498316880441652 53.43098037887704, -1.499007806401021 53.429467335467464, -1.501371583520061 53.43083597514008, -1.5021328718332334 53.43106244390502, -1.5052310868059275 53.430487401265104, -1.5063994338355893 53.43109107125429, -1.5108906090442027 53.433873935145336, -1.5148642142573945 53.437162446636286, -1.5128706874789932 53.436668091465535, -1.5155351610584151 53.438928612965974, -1.5164515477083933 53.44133421843549, -1.5176216019256386 53.44128869088403, -1.5182025754283495 53.44171156505527, -1.5189940208634563 53.44240431182814, -1.5195286796823186 53.443887618812525, -1.5207818978557714 53.444235051635125, -1.5207938472856557 53.444511219746275, -1.520546417669173 53.445761320974455, -1.5187902445821393 53.44765985161685, -1.51845373992065 53.44933037151348, -1.5132681181675396 53.45141345648234, -1.5112940828153456 53.45063527417288, -1.5103204635632466 53.44887851745191, -1.504112049923796 53.4450001474852, -1.5062745983736747 53.44441478307077))",30.980374695182007,24.564320764227126,53.71153719342203,1.8331582659871,51.87837892743493,16867.30236224645,16506.33137665557,279.4222005906429,273.44238799364234,1.1781792366045816,20,843.3651181123225,874.3847719632649,825.3165688327787,863.698578155597,13.971110029532145,14.484978800865171,13.672119399682117,14.307952283787976,13.971110029532145,13.672119399682117,40,E01008141,2.0643,E01008141,"1,518",1518.0,-360.97098559088045,-5.979812597000546,-18.048549279543863,-0.298990629850028,-10.686193807667905,-0.17702651707719497,Reduced,Reduced,Reduced,0.058908961830229076
304,E01008142,Sheffield 002A,Sheffield 002A,427694,397860,-1.5842,53.4768,e56757cc-250e-40ea-b8b5-69ca0fa35f9e,"POLYGON ((-1.582556700955548 53.48031395393282, -1.581262501009676 53.48024837047925, -1.5813365841318714 53.479832524978264, -1.5814683851295797 53.47937131867808, -1.5797830729214735 53.479027503694155, -1.5796885185282377 53.47806371120216, -1.580298726784948 53.477590964438804, -1.579696216724761 53.47711487523985, -1.5791949672249421 53.477116802253654, -1.579216761101373 53.4774201377911, -1.578416166455471 53.477746126776466, -1.5780407950842044 53.477558300281295, -1.5779881688170374 53.47685135697303, -1.5788460710312218 53.476743193512114, -1.5784784951870698 53.47628087766755, -1.5795127631869652 53.47588837716337, -1.5829572535665957 53.474954560099185, -1.5821254602193695 53.47426960798754, -1.5822977223075205 53.473990586144076, -1.5846737694666688 53.472917355057746, -1.5833364275414283 53.47180722314387, -1.583550294708455 53.471727044531, -1.5872283729969112 53.47212194396152, -1.58781479339422 53.47382151947218, -1.5886728396197771 53.4743232644408, -1.5886277354332372 53.47537822561731, -1.5902372748498363 53.47526867167802, -1.5904206683664552 53.475562550052764, -1.5895249768232451 53.476442015700826, -1.5897013418161154 53.477149270418906, -1.5894038042949463 53.477573225811945, -1.588073029146187 53.47766692065383, -1.5871857016411672 53.47855215904487, -1.586391678212747 53.47811543243789, -1.585680027484374 53.47832889990376, -1.5864807312700173 53.478821333625156, -1.5861540334397481 53.47929339707892, -1.5855383301208485 53.48045180835091, -1.5854865596425636 53.480437454051916, -1.5854675709051937 53.48045474503384, -1.5833978701042042 53.48031406476566, -1.5827831364229943 53.48058703287063, -1.582556700955548 53.48031395393282))",15.031897781094232,9.899054636330346,24.56432076422716,0.36663165319742,24.19768911102974,6383.522175007073,7591.832261706021,107.68709980583372,129.75390262946436,0.36992965362169844,27,236.42674722248415,39.0147407433502,281.1789726557786,145.374738286706,3.988411103919768,0.6463146554117033,4.805700097387569,2.4637037692875876,3.9884111039197676,4.805700097387569,20,E01008142,0.4201,E01008142,"1,463",1463.0,1208.310086698948,22.06680282363064,44.75222543329443,0.8172889934678009,106.35999754335579,1.8173891138758842,Increased,Increased,Increased,0.013701098282285128
305,E01008143,Sheffield 002B,Sheffield 002B,428727,397981,-1.56863,53.4778,342e0fd8-318b-4c94-aec8-43e7ea6ce9df,"POLYGON ((-1.5578069384882978 53.48233017198447, -1.557366733585012 53.48028281216128, -1.5544926517505173 53.479595547082305, -1.5554073676170321 53.47861800763957, -1.557254716401515 53.47774398690203, -1.558072372728383 53.47581021045727, -1.5638088496963325 53.47759268039616, -1.5653717133549392 53.47670816628808, -1.5655807926733059 53.4769197606301, -1.567358009930807 53.47602186012516, -1.5669041735694869 53.47555358746168, -1.566945158100697 53.475300039489646, -1.5675725562386271 53.47526894903479, -1.5673694862336716 53.47505887195683, -1.5681259683989923 53.47490314785189, -1.5690357684720573 53.47532238278882, -1.5676626355517913 53.47585067896601, -1.5699072487746564 53.47625232619981, -1.5693173795478015 53.47685712570339, -1.5698989008892337 53.47696506738317, -1.5700262677472356 53.47664767357725, -1.5703167028851535 53.47687124435109, -1.5711531635165215 53.47683981824761, -1.5720101050666249 53.47607827587479, -1.5728214138436276 53.47626277174991, -1.5736352762999182 53.47600580934763, -1.5741845374100596 53.47642111220707, -1.5744659090806976 53.475615134017865, -1.5760895349430624 53.47578259499403, -1.5773487151421186 53.47495117416999, -1.578423477515608 53.47520025550594, -1.5792558571466941 53.47495144576228, -1.5786451449470207 53.473879752101055, -1.5790198459905402 53.4735435979819, -1.580099931211596 53.47402020935746, -1.5806858461276916 53.47363510299809, -1.580373090189212 53.473268649718314, -1.5807741631886367 53.47284876472052, -1.5814308983131884 53.473076020882, -1.5819253406783378 53.472084968923625, -1.5833364275414283 53.47180722314387, -1.5846737694666688 53.472917355057746, -1.5822977223075205 53.473990586144076, -1.5821254602193695 53.47426960798754, -1.5829572535665957 53.474954560099185, -1.5795127631869652 53.47588837716337, -1.5784784951870698 53.47628087766755, -1.5788460710312218 53.476743193512114, -1.5779881688170374 53.47685135697303, -1.5780407950842044 53.477558300281295, -1.578416166455471 53.477746126776466, -1.579216761101373 53.4774201377911, -1.5791949672249421 53.477116802253654, -1.579696216724761 53.47711487523985, -1.580298726784948 53.477590964438804, -1.5796885185282377 53.47806371120216, -1.5797830729214735 53.479027503694155, -1.5814683851295797 53.47937131867808, -1.5813365841318714 53.479832524978264, -1.579610741151632 53.479422697942006, -1.5793658519026172 53.47965797389562, -1.5798340246978708 53.47987603146241, -1.5789287746153369 53.48047260109235, -1.5784918368470822 53.480232435007316, -1.5785862774349508 53.47976297456827, -1.5779276376506803 53.47997260079885, -1.5780649701288296 53.47942990994257, -1.5772884036391308 53.479575010495786, -1.5767326039029081 53.48081135521266, -1.5764046512711478 53.481252176825535, -1.5743645956908239 53.48148210416627, -1.572125261359158 53.48104090310954, -1.5698960326272389 53.48119069072376, -1.5691350901230625 53.48156220605273, -1.5651706753232377 53.48162011570978, -1.5616833412358397 53.482245568949594, -1.561873507258522 53.48280355329745, -1.5602734767326498 53.48376332512977, -1.5589893451881622 53.483378050141376, -1.5578069384882978 53.48233017198447))",38.49632358572913,46.92885160926976,77.54259465125436,7.882580543744537,69.66001410750982,22625.867262925065,24360.01632340842,256.8573056999983,286.3882845542602,1.4321608773353325,28,808.0666879616093,673.8716242049829,870.0005829788721,657.7335614165211,9.173475203571368,9.179918953173427,10.228153019795005,7.3257203847512455,9.173475203571368,10.228153019795007,117,E01008143,0.9926,E01008143,"1,567",1567.0,1734.1490604833562,29.530978854261946,61.933895017262785,1.0546778162236379,-16.138062788461866,-1.8541985684221816,Increased,Increased,Reduced,0.05114860276197616
306,E01008144,Sheffield 001A,Sheffield 001A,427756,398799,-1.58318,53.4852,b3c7f957-0dcd-44a5-a5bb-6c5e73ba0c3f,"POLYGON ((-1.6096509185487144 53.49227212069922, -1.6093453164139728 53.49169852096598, -1.6066172407567219 53.49286805924722, -1.6023126723601382 53.491549650205535, -1.602172529893824 53.491875295241464, -1.5928120223269437 53.49051266351733, -1.5895089677996257 53.48959297389275, -1.5872442807961828 53.48819337059288, -1.5823460878952056 53.48758059085265, -1.5763622332718585 53.486139362437434, -1.5748360267331634 53.48598451276611, -1.5691802469257605 53.486421841327925, -1.5673260284039332 53.486291276989746, -1.5660130055563946 53.486060881167155, -1.5663220065489782 53.485635138128934, -1.5652669677801452 53.485469235968004, -1.5650873774145178 53.48488544488527, -1.5640723120268756 53.484859277935605, -1.562256243091889 53.48427906992974, -1.5608639343086315 53.48428585554071, -1.561105635612352 53.48396136518595, -1.5602734767326498 53.48376332512977, -1.561873507258522 53.48280355329745, -1.5616833412358397 53.482245568949594, -1.5651706753232377 53.48162011570978, -1.5691350901230625 53.48156220605273, -1.5698960326272389 53.48119069072376, -1.572125261359158 53.48104090310954, -1.5743645956908239 53.48148210416627, -1.5764046512711478 53.481252176825535, -1.5767326039029081 53.48081135521266, -1.5772884036391308 53.479575010495786, -1.5780649701288296 53.47942990994257, -1.5779276376506803 53.47997260079885, -1.5785862774349508 53.47976297456827, -1.5784918368470822 53.480232435007316, -1.5789287746153369 53.48047260109235, -1.5798340246978708 53.47987603146241, -1.5793658519026172 53.47965797389562, -1.579610741151632 53.479422697942006, -1.5813365841318714 53.479832524978264, -1.581262501009676 53.48024837047925, -1.582556700955548 53.48031395393282, -1.5827831364229943 53.48058703287063, -1.5833978701042042 53.48031406476566, -1.5854675709051937 53.48045474503384, -1.5854865596425636 53.480437454051916, -1.5855383301208485 53.48045180835091, -1.5861540334397481 53.47929339707892, -1.5864807312700173 53.478821333625156, -1.585680027484374 53.47832889990376, -1.586391678212747 53.47811543243789, -1.5871857016411672 53.47855215904487, -1.588073029146187 53.47766692065383, -1.5894038042949463 53.477573225811945, -1.5897013418161154 53.477149270418906, -1.5906969545582605 53.47767887379623, -1.5911127719605351 53.47844449444638, -1.591968672607231 53.478596788730314, -1.5920033985746496 53.479079814562006, -1.5948664959710417 53.479916556673274, -1.594990309987479 53.47944353909305, -1.595542559495145 53.479732671574546, -1.596000449525188 53.47998796463991, -1.5965983575298777 53.480092397921915, -1.5991826038268566 53.479619348295415, -1.5993784722176825 53.4792752686376, -1.6001354427550918 53.47934844262498, -1.600288839668927 53.47938152974041, -1.601009341656261 53.48014177402614, -1.5997188430708456 53.48091542523111, -1.598736484953275 53.48239360838237, -1.598143889176298 53.482327440807616, -1.598656316738256 53.48228829082521, -1.598762324778515 53.481746739049086, -1.597524777473329 53.48145473308695, -1.5970627746264543 53.48250483158432, -1.5966485116429918 53.48328543430565, -1.600437253425915 53.483954249198185, -1.6022882078840246 53.4842096605381, -1.6012444937639245 53.485020848234456, -1.6010683344814396 53.48604062524193, -1.599589073182687 53.48627050631825, -1.6034343977599539 53.48763159124738, -1.6053018733121498 53.48777259583368, -1.6132871180906194 53.48968626171841, -1.6152854147039428 53.49037583021577, -1.6150093353070771 53.490613334349774, -1.6144830939571604 53.493100404807905, -1.6119567470781693 53.493326744985914, -1.6096509185487144 53.49227212069922))",118.60533980936542,121.53839303494487,210.44656893531928,29.69716390899104,180.74940502632825,29108.961220000143,27029.230592126183,406.1726231327671,378.6403043796425,2.211354527245486,53,549.2256833962291,415.369299406135,509.98548287030513,351.798745400533,7.663634398731457,5.981130464078997,7.1441566864083486,4.890495155549059,7.663634398731455,7.1441566864083486,165,E01008144,2.5604,E01008144,"1,909",1909.0,-2079.7306278739597,-27.532318753124628,-39.24020052592397,-0.5194777123231082,-63.57055400560199,-1.0906353085299383,Reduced,Reduced,Reduced,0.04172367032538653
307,E01008145,Sheffield 001B,Sheffield 001B,426714,397905,-1.59896,53.4772,3c380283-80b5-44d7-b45f-3444aacccd61,"POLYGON ((-1.6060288196350219 53.480845432377485, -1.6037531046914542 53.48028444019091, -1.6031139623735284 53.48028693015133, -1.603112600207588 53.48001129333816, -1.6018094956338034 53.479685676833135, -1.600288839668927 53.47938152974041, -1.6001354427550918 53.47934844262498, -1.5993784722176825 53.4792752686376, -1.5991826038268566 53.479619348295415, -1.5965983575298777 53.480092397921915, -1.596000449525188 53.47998796463991, -1.595542559495145 53.479732671574546, -1.594990309987479 53.47944353909305, -1.5948664959710417 53.479916556673274, -1.5920033985746496 53.479079814562006, -1.591968672607231 53.478596788730314, -1.5911127719605351 53.47844449444638, -1.5906969545582605 53.47767887379623, -1.5897013418161154 53.477149270418906, -1.5895249768232451 53.476442015700826, -1.5904206683664552 53.475562550052764, -1.5902372748498363 53.47526867167802, -1.5926332587784273 53.47455297693246, -1.5933122373268929 53.47503183173522, -1.5927645467777802 53.47502055692773, -1.5929517691754147 53.47559542072146, -1.592222778027791 53.476511072778685, -1.597009584812149 53.47711817659267, -1.5970739980703668 53.47711644312838, -1.5974394126805327 53.476668081315694, -1.5985283124203409 53.47645128614268, -1.5989520564204274 53.47550913956018, -1.5995970532203156 53.475313949226646, -1.6010774657896416 53.475815934160494, -1.601224892280675 53.47548634096846, -1.6025128408524723 53.47555157533842, -1.6034409996016015 53.47539405462339, -1.6033764107887432 53.47518372512804, -1.604432720354567 53.47359224480305, -1.6067358695476217 53.47448333469581, -1.608386266374558 53.474666444360196, -1.6092350822086807 53.475976176299, -1.608137101562964 53.47728805980264, -1.6079411533168573 53.477875229558, -1.6093637506097782 53.47913806783004, -1.6066251006808852 53.47994797921392, -1.6056687594199472 53.480708843024075, -1.6060288196350219 53.480845432377485))",20.53137257905552,19.798109272660678,38.12969193253168,2.1997899191845174,35.92990201334716,1530.141080372206,4094.6999148779896,38.02226746543024,101.7486409268183,0.029818537906818425,20,76.50705401861028,10.64038383909556,204.73499574389947,118.08802188006351,1.9011133732715115,0.2644014499411525,5.087432046340915,2.934353184802524,1.901113373271512,5.087432046340915,13,E01008145,0.571,E01008145,"1,354",1354.0,2564.5588345057836,63.72637346138806,128.2279417252892,3.1863186730694033,107.44763804096795,2.6699517348613715,Increased,Increased,Increased,0.0014909268953409213
308,E01008146,Sheffield 002C,Sheffield 002C,428686,397592,-1.56928,53.4743,e2dde8a8-891a-49ca-9550-78ea4e1d4883,"POLYGON ((-1.5693173795478015 53.47685712570339, -1.5699072487746564 53.47625232619981, -1.5676626355517913 53.47585067896601, -1.5690357684720573 53.47532238278882, -1.5681259683989923 53.47490314785189, -1.5673694862336716 53.47505887195683, -1.5675725562386271 53.47526894903479, -1.566945158100697 53.475300039489646, -1.5669041735694869 53.47555358746168, -1.567358009930807 53.47602186012516, -1.5655807926733059 53.4769197606301, -1.5653717133549392 53.47670816628808, -1.5642874693410949 53.47479724373442, -1.5661283899737 53.47340809213157, -1.5680319949753498 53.47288466118793, -1.569274516858076 53.47217905010848, -1.5706532648364135 53.47263215812379, -1.570484291119087 53.47307843354187, -1.5708453686888049 53.472468969019054, -1.571232434042029 53.47278798934894, -1.5722651001181398 53.47228400258744, -1.5725300593937472 53.47249814875884, -1.573243508940826 53.47213368682028, -1.5729942292340366 53.47179960146412, -1.573993895030707 53.47161479460768, -1.574819650078388 53.4720730560323, -1.5750875015822359 53.472629471624806, -1.5745242137737263 53.4727201493321, -1.5744032766530818 53.47341987059387, -1.5748417632437726 53.473568087048996, -1.5741647034098718 53.47429088942559, -1.573680364356348 53.47413829143783, -1.5728140197849914 53.47550433943346, -1.5735049372489456 53.47548074789907, -1.5736352762999182 53.47600580934763, -1.5728214138436276 53.47626277174991, -1.5720101050666249 53.47607827587479, -1.5711531635165215 53.47683981824761, -1.5703167028851535 53.47687124435109, -1.5700262677472356 53.47664767357725, -1.5698989008892337 53.47696506738317, -1.5693173795478015 53.47685712570339))",33.180164614366525,32.08026965477426,64.34385513614724,0.91657913299355,63.42727600315369,5172.667539549026,5237.428465275754,62.202968234217415,69.27430988115181,0.08431639910053061,8,646.5834424436282,445.872033631824,654.6785581594693,495.854099480703,7.775371029277178,7.386275655915643,8.659288735143976,6.957333274971782,7.775371029277177,8.659288735143976,17,E01008146,0.2404,E01008146,"1,217",1217.0,64.7609257267286,7.071341646934393,8.095115715841075,0.8839177058667982,49.98206584887896,-0.4289423809438615,Increased,Increased,Reduced,0.010539549887566326
309,E01008147,Sheffield 002D,Sheffield 002D,429295,397305,-1.56013,53.4717,5232c0c7-f887-4bd3-9d68-0143233fc2d2,"POLYGON ((-1.6029863684871428 53.46983401599372, -1.5995477807180478 53.4690271475981, -1.5975039643599678 53.469983665863076, -1.5959375627999013 53.4704852995502, -1.593465973980867 53.470649672792135, -1.590496508285192 53.469959829046196, -1.5886088638045994 53.46985766704058, -1.5873079491836994 53.47060673677932, -1.583550294708455 53.471727044531, -1.5833364275414283 53.47180722314387, -1.5819253406783378 53.472084968923625, -1.5814308983131884 53.473076020882, -1.5807741631886367 53.47284876472052, -1.580373090189212 53.473268649718314, -1.5806858461276916 53.47363510299809, -1.580099931211596 53.47402020935746, -1.5790198459905402 53.4735435979819, -1.5786451449470207 53.473879752101055, -1.5792558571466941 53.47495144576228, -1.578423477515608 53.47520025550594, -1.5773487151421186 53.47495117416999, -1.5760895349430624 53.47578259499403, -1.5744659090806976 53.475615134017865, -1.5741845374100596 53.47642111220707, -1.5736352762999182 53.47600580934763, -1.5735049372489456 53.47548074789907, -1.5728140197849914 53.47550433943346, -1.573680364356348 53.47413829143783, -1.5741647034098718 53.47429088942559, -1.5748417632437726 53.473568087048996, -1.5744032766530818 53.47341987059387, -1.5745242137737263 53.4727201493321, -1.5750875015822359 53.472629471624806, -1.574819650078388 53.4720730560323, -1.573993895030707 53.47161479460768, -1.5729942292340366 53.47179960146412, -1.573243508940826 53.47213368682028, -1.5725300593937472 53.47249814875884, -1.5722651001181398 53.47228400258744, -1.571232434042029 53.47278798934894, -1.5708453686888049 53.472468969019054, -1.570484291119087 53.47307843354187, -1.5706532648364135 53.47263215812379, -1.569274516858076 53.47217905010848, -1.5680319949753498 53.47288466118793, -1.5661283899737 53.47340809213157, -1.5642874693410949 53.47479724373442, -1.5653717133549392 53.47670816628808, -1.5638088496963325 53.47759268039616, -1.558072372728383 53.47581021045727, -1.557254716401515 53.47774398690203, -1.5554073676170321 53.47861800763957, -1.5544926517505173 53.479595547082305, -1.5513854482494975 53.47889467260745, -1.5496334252596489 53.478499433444256, -1.546566234710118 53.47461272868279, -1.5436749756660482 53.47263689181157, -1.544485684370604 53.47219336087497, -1.5481196442654268 53.471314480331195, -1.5454877969653569 53.46991831188144, -1.544387504643385 53.46882931617611, -1.54415787416528 53.4677649803143, -1.54183169313503 53.46433089823405, -1.5394472957468097 53.46248441587198, -1.5390992026827925 53.461683938725756, -1.5398989866186548 53.46154235753163, -1.54021017695051 53.461055368672596, -1.539313231157839 53.4577828787689, -1.5405264512714008 53.4569963031957, -1.540417154525734 53.45609532876146, -1.5513824850430704 53.455437859686064, -1.5549946785669657 53.455669590889606, -1.5560747166043647 53.45640134341651, -1.5566815425838532 53.45565085169063, -1.5578709623419433 53.45557227394995, -1.5590145121055836 53.4553637025505, -1.5600914946309163 53.45593311289428, -1.5609292985706242 53.45539783253773, -1.5636005697215358 53.457201556251924, -1.5643657612142088 53.457068673734696, -1.5645345862556626 53.45662070639406, -1.565426713866401 53.45654585999314, -1.5669757285864905 53.45763713480871, -1.5690530926168336 53.45805530021303, -1.5708943946725487 53.45780519216709, -1.5725192730308684 53.45802640530786, -1.573243429651625 53.458593634444114, -1.5752544962330841 53.45883536965096, -1.5765285160070968 53.45992043694498, -1.577475367350295 53.45921819556721, -1.5785203274136435 53.45906627423457, -1.584742231536342 53.460107354396264, -1.5862038729791057 53.45928355312796, -1.5880072208203877 53.45983808122695, -1.5887141326173946 53.45930851063362, -1.5896274797775207 53.459541476737705, -1.5899208679554548 53.45918231280278, -1.592584743875086 53.45945832504805, -1.5927497341895 53.4600144413357, -1.596293726605328 53.45937844064058, -1.5980958406976014 53.45977635773825, -1.6004030310438226 53.459121465210934, -1.60361966062061 53.459805754380454, -1.6047037621089522 53.4589736618492, -1.6091349365382466 53.459995528644455, -1.6107882456495841 53.459544196741014, -1.6126120037873655 53.46089304094537, -1.61414805631118 53.46075954833916, -1.6151841056025305 53.4615799977784, -1.617794528011305 53.46256446066187, -1.6183922326223241 53.46326017547366, -1.6203617276466644 53.46329988184472, -1.62249152326822 53.46415967983409, -1.6243237655695342 53.463916306487, -1.6263026534572143 53.46432977673436, -1.6268494857441274 53.46499834224974, -1.628477676342775 53.4651598659789, -1.629384978175702 53.465998613015536, -1.6318248340560717 53.466749382751374, -1.6320279703932001 53.46755222342217, -1.6331923695637145 53.467990574804986, -1.633435515074253 53.46879022781491, -1.6320193122479294 53.47175405325183, -1.6334842084876164 53.472376798849396, -1.6328853325946893 53.4728165130489, -1.6343166320369045 53.47374138338776, -1.6351407548269719 53.47493102927312, -1.6360440609903617 53.47666258376948, -1.63510227029886 53.4771619371012, -1.6386323838119656 53.478472211464926, -1.6393905723434092 53.48068410393632, -1.637996479614783 53.482485508491784, -1.637641042054958 53.484742455809204, -1.6362789149172812 53.48547480605983, -1.6341161174049856 53.48600359494661, -1.631925296610939 53.487912830381134, -1.6307979742736838 53.488213553049384, -1.6300191478441972 53.48765386087879, -1.6283791409433612 53.48734316843364, -1.62676156107097 53.48619659468301, -1.6259257555539472 53.48518760612258, -1.6248456898796577 53.484707501050394, -1.6250755140097162 53.4840137084291, -1.621380155094214 53.48381530467108, -1.618072027910209 53.48294651176811, -1.615843728976516 53.48133802166512, -1.612896130112211 53.48062568921454, -1.6098829070497442 53.47959891285011, -1.6093637506097782 53.47913806783004, -1.6079411533168573 53.477875229558, -1.608137101562964 53.47728805980264, -1.6092350822086807 53.475976176299, -1.608386266374558 53.474666444360196, -1.6067358695476217 53.47448333469581, -1.604432720354567 53.47359224480305, -1.60682398344308 53.47059238230713, -1.6049783020721562 53.469941616588336, -1.6029863684871428 53.46983401599372))",12.83210786190969,11.732212902317436,23.647741631233576,0.91657913299355,22.731162498240025,13914.795879885358,15669.633038335967,196.3154824076956,234.13921912684734,0.5007919869500429,38,366.1788389443516,90.26608100025165,412.35876416673597,258.798295160413,5.166196905465675,1.4816970371381124,6.161558398074931,3.5366979889437173,5.166196905465674,6.16155839807493,39,E01008147,11.6608,E01008147,"1,378",1378.0,1754.8371584506094,37.823736719151725,46.179925222384384,0.9953614926092555,168.53221416016135,2.0550009518056047,Increased,Increased,Increased,0.01317873649868534
310,E01008148,Sheffield 001C,Sheffield 001C,426901,397446,-1.59618,53.4731,7a48c1bc-b000-4cf1-8593-ce92506bd960,"POLYGON ((-1.5929517691754147 53.47559542072146, -1.5927645467777802 53.47502055692773, -1.5933122373268929 53.47503183173522, -1.5926332587784273 53.47455297693246, -1.5902372748498363 53.47526867167802, -1.5886277354332372 53.47537822561731, -1.5886728396197771 53.4743232644408, -1.58781479339422 53.47382151947218, -1.5872283729969112 53.47212194396152, -1.583550294708455 53.471727044531, -1.5873079491836994 53.47060673677932, -1.5886088638045994 53.46985766704058, -1.590496508285192 53.469959829046196, -1.593465973980867 53.470649672792135, -1.5959375627999013 53.4704852995502, -1.5975039643599678 53.469983665863076, -1.5995477807180478 53.4690271475981, -1.6029863684871428 53.46983401599372, -1.6049783020721562 53.469941616588336, -1.60682398344308 53.47059238230713, -1.604432720354567 53.47359224480305, -1.6033764107887432 53.47518372512804, -1.6034409996016015 53.47539405462339, -1.6025128408524723 53.47555157533842, -1.601224892280675 53.47548634096846, -1.6010774657896416 53.475815934160494, -1.5995970532203156 53.475313949226646, -1.5989520564204274 53.47550913956018, -1.5985283124203409 53.47645128614268, -1.5974394126805327 53.476668081315694, -1.5970739980703668 53.47711644312838, -1.597009584812149 53.47711817659267, -1.592222778027791 53.476511072778685, -1.5929517691754147 53.47559542072146))",13.565371168304544,13.198739515107127,26.030847377016833,0.73326330639484,25.297584070621994,1137.6029623527702,3242.747338401352,27.269291270262688,73.36097176729258,0.01770144652486357,24,47.40012343136542,2.66009595977388,135.11447243338964,103.2082445430745,1.1362204695942786,0.04406690832352482,3.0567071569705244,2.2866604937982946,1.1362204695942786,3.0567071569705244,22,E01008148,0.7721,E01008148,"1,524",1524.0,2105.1443760485818,46.0916804970299,87.71434900202422,1.9204866873762458,100.54814858330062,2.24259358547477,Increased,Increased,Increased,0.0007375602718693153
311,E01008149,Sheffield 001D,Sheffield 001D,425602,398844,-1.61564,53.4857,5556d4ae-860f-440b-a845-5f8651a542d5,"POLYGON ((-1.6132871180906194 53.48968626171841, -1.6053018733121498 53.48777259583368, -1.606289689043136 53.487576127406356, -1.6047851912426123 53.48734746453702, -1.6049209561737765 53.4855946500748, -1.6040981186491374 53.48455343046781, -1.6062793410656897 53.48474669709226, -1.6086331425507105 53.48550993194758, -1.6091036126636356 53.485469224610746, -1.6090716598935584 53.48503010442053, -1.6077550761212254 53.48399868805511, -1.608053705505682 53.483622824589595, -1.606790002672986 53.483301230011364, -1.6053918082752667 53.4828483418491, -1.6050680785531628 53.482453730066425, -1.605692090130634 53.482467905513346, -1.6059983408035738 53.48200941400931, -1.6055629296735794 53.481885528539415, -1.6063518918775017 53.48092795893707, -1.6060288196350219 53.480845432377485, -1.6056687594199472 53.480708843024075, -1.6066251006808852 53.47994797921392, -1.6093637506097782 53.47913806783004, -1.6098829070497442 53.47959891285011, -1.612896130112211 53.48062568921454, -1.615843728976516 53.48133802166512, -1.618072027910209 53.48294651176811, -1.621380155094214 53.48381530467108, -1.6250755140097162 53.4840137084291, -1.6248456898796577 53.484707501050394, -1.6259257555539472 53.48518760612258, -1.62676156107097 53.48619659468301, -1.6283791409433612 53.48734316843364, -1.6300191478441972 53.48765386087879, -1.6307979742736838 53.488213553049384, -1.631925296610939 53.487912830381134, -1.6317141233542356 53.4901587330715, -1.6309521589876368 53.49058250118405, -1.6295531724899366 53.490650066499924, -1.6302471300218224 53.49122551650067, -1.6313133478349815 53.491350430652446, -1.6313627479804287 53.49227996393123, -1.6243258176335647 53.49222023772837, -1.6222990361098022 53.49217143842743, -1.6150093353070771 53.490613334349774, -1.6152854147039428 53.49037583021577, -1.6132871180906194 53.48968626171841))",23.8310574578323,24.014373284430995,43.812482557091684,4.03294818517161,39.77953437192007,9471.261249905458,9172.072936098462,126.35892991435367,128.79713804744148,0.2450253182395609,14,676.5186607075327,589.431696691513,655.1480668641759,559.679112710878,9.025637851025262,8.465428431908869,9.199795574817248,8.97707048258808,9.025637851025262,9.199795574817248,28,E01008149,1.4808,E01008149,"1,429",1429.0,-299.1883138069952,2.4382081330878123,-21.3705938433568,0.17415772379198557,-29.752583980634995,0.5116420506792103,Increased,Increased,Increased,0.017501808445682922
312,E01008150,Sheffield 001E,Sheffield 001E,426450,398626,-1.60288,53.4837,6a961ed9-86fc-469e-8357-98f8d6f01d08,"POLYGON ((-1.6012444937639245 53.485020848234456, -1.6022882078840246 53.4842096605381, -1.600437253425915 53.483954249198185, -1.5966485116429918 53.48328543430565, -1.5970627746264543 53.48250483158432, -1.597524777473329 53.48145473308695, -1.598762324778515 53.481746739049086, -1.598656316738256 53.48228829082521, -1.598143889176298 53.482327440807616, -1.598736484953275 53.48239360838237, -1.5997188430708456 53.48091542523111, -1.601009341656261 53.48014177402614, -1.600288839668927 53.47938152974041, -1.6018094956338034 53.479685676833135, -1.603112600207588 53.48001129333816, -1.6031139623735284 53.48028693015133, -1.6037531046914542 53.48028444019091, -1.6060288196350219 53.480845432377485, -1.6063518918775017 53.48092795893707, -1.6055629296735794 53.481885528539415, -1.6059983408035738 53.48200941400931, -1.605692090130634 53.482467905513346, -1.6050680785531628 53.482453730066425, -1.6053918082752667 53.4828483418491, -1.606790002672986 53.483301230011364, -1.608053705505682 53.483622824589595, -1.6077550761212254 53.48399868805511, -1.6090716598935584 53.48503010442053, -1.6091036126636356 53.485469224610746, -1.6086331425507105 53.48550993194758, -1.6062793410656897 53.48474669709226, -1.6040981186491374 53.48455343046781, -1.6049209561737765 53.4855946500748, -1.6047851912426123 53.48734746453702, -1.606289689043136 53.487576127406356, -1.6053018733121498 53.48777259583368, -1.6034343977599539 53.48763159124738, -1.599589073182687 53.48627050631825, -1.6010683344814396 53.48604062524193, -1.6012444937639245 53.485020848234456))",14.848581954495515,22.364530845042623,34.46337540055749,2.74973739898065,31.71363800157684,2937.587009678945,2322.3949687384766,29.198279927970265,23.083550607049702,0.0489465630269174,4,734.3967524197362,683.747347490335,580.5987421846191,527.3287703065864,7.299569981992566,6.79613791395813,5.7708876517624255,5.241408339141184,7.299569981992566,5.7708876517624255,14,E01008150,0.3348,E01008150,"1,449",1449.0,-615.1920409404684,-6.1147293209205635,-153.7980102351171,-1.5286823302301409,-156.41857718374854,-1.554729574816946,Reduced,Reduced,Reduced,0.01223664075672935
313,E01008151,Sheffield 024A,Sheffield 024A,433357,388482,-1.49987,53.3921,4f3b53c0-c1ef-49c7-b78c-2920ce82ca3c,"POLYGON ((-1.5018983650057334 53.39457019610502, -1.5013172223674753 53.39406555711542, -1.4975138806812627 53.39479923024834, -1.4966165126459983 53.395231528563464, -1.495368488664973 53.3948678044887, -1.5007624808321087 53.39353294497055, -1.499741011049169 53.39275608718121, -1.4992359633807106 53.39230896930535, -1.4981968860926036 53.392654888631924, -1.4978056133713378 53.39215524532953, -1.4989415150237761 53.39185203620952, -1.4984667236308318 53.39135132558914, -1.4964343208400837 53.39183227629152, -1.4956633089088591 53.391698872381255, -1.4957659992775452 53.3914542207952, -1.4952843706024028 53.391260615917105, -1.4949033724948615 53.39148002356137, -1.4946947587937471 53.391070264702385, -1.4939343457681247 53.39116442014499, -1.4938667913595993 53.391151235209975, -1.4946846975864374 53.39049241237552, -1.4976396241529273 53.38981769103695, -1.4990947768153662 53.38935788260144, -1.4990189792198894 53.38897735291689, -1.501593579352843 53.38967707689207, -1.5016149395260212 53.389688957344525, -1.5033444922599768 53.390805254225725, -1.5038027308587687 53.39140740543821, -1.5024719257949992 53.39156830465737, -1.5016902352991166 53.392242873002886, -1.5006626033065187 53.39229995676256, -1.500470812337247 53.392873620628094, -1.5008059603760056 53.39305797683249, -1.501418528970841 53.392998558060235, -1.501548952986555 53.39375539956172, -1.5028333841348358 53.3944306407822, -1.5029627230388356 53.39509334672435, -1.5025568166040855 53.39529040560034, -1.5018983650057334 53.39457019610502))",41.796008464505874,43.629166730492976,82.8587536226169,2.56642157238194,80.29233205023496,2789.598002027137,4037.4985533760046,46.212227405987505,66.88483471968824,0.3001873219234887,8,348.69975025339215,143.038235679732,504.68731917200057,415.45920781293296,5.776528425748438,2.3695584346488583,8.36060433996103,6.882459542705073,5.776528425748438,8.36060433996103,51,E01008151,0.176,E01008151,"1,488",1488.0,1247.9005513488673,20.672607313700738,155.98756891860842,2.584075914212592,272.42097213320096,4.512901108056214,Increased,Increased,Increased,0.037523415240436085
314,E01008152,Sheffield 025C,Sheffield 025C,432130,388463,-1.51832,53.392,3c0722b5-e5a3-4c8f-8950-fdf3b378fcfb,"POLYGON ((-1.516184410064943 53.396023458700284, -1.5163233499717652 53.39551393305751, -1.5161767575003782 53.39514368999803, -1.5144970020597008 53.394797670683445, -1.5154814082972066 53.3940095056393, -1.5152259955355172 53.39385289381363, -1.5144341512087809 53.393387750887484, -1.514893465617873 53.39292006722333, -1.5148101907086375 53.39177415115918, -1.5126865927762738 53.390930155235964, -1.5114327682165378 53.3913541799304, -1.5110820663076459 53.39157056747054, -1.5088425780116181 53.392900314610834, -1.5098361671599791 53.39149318422307, -1.509059180847782 53.391329662920576, -1.5093146344988113 53.39035308719816, -1.5102361963127193 53.38988087404573, -1.5096314023812154 53.3887925709778, -1.51014806323237 53.38818165446325, -1.5105678652786991 53.38749795312447, -1.5123311311733847 53.38672854317247, -1.5128715015672078 53.3872711152735, -1.5126432583616052 53.387963125329875, -1.5132877675953953 53.38812223667034, -1.5126770159688652 53.38848190919459, -1.5131478928003335 53.38850439519455, -1.512777654316433 53.38990454247715, -1.5132364988284204 53.39014365079456, -1.5147829416805298 53.38887969063074, -1.5169895407305263 53.387944669945476, -1.5180064971149247 53.38811072619709, -1.5199425042834105 53.38989378287882, -1.5184652857335872 53.39036731993053, -1.5191780966751283 53.390340150860965, -1.5202593502466213 53.39113549100125, -1.5215424716380408 53.39056367257549, -1.5224496208011642 53.39057643471925, -1.5233041613095377 53.39070196842199, -1.5233870617393768 53.3914841678641, -1.525806712934087 53.39076500504793, -1.5274809444156718 53.39084593001946, -1.5277910878805592 53.39161290007001, -1.5257631533027003 53.39160274142359, -1.525285884631056 53.391709226658904, -1.5253914953686605 53.39212120094832, -1.5248106774344712 53.392223331348745, -1.5244620615345947 53.39230382189056, -1.522957013559914 53.392885652882086, -1.5224797883584302 53.39318394053726, -1.522868108121178 53.393837196573, -1.5211517322306745 53.39418756385302, -1.520542199440388 53.394617088863626, -1.5177815425409964 53.395837252972164, -1.5173298352416162 53.39553118990429, -1.5169365001861732 53.396306525564235, -1.5154537091864124 53.397019181872395, -1.5150735730193716 53.39666303714118, -1.516184410064943 53.396023458700284))",34.463375400557474,17.781635180074872,52.06169475403364,0.18331582659871,51.87837892743493,6194.770550781267,6815.5123106401115,109.2949991428925,121.69067856486382,0.2459725417320873,14,442.4836107700905,462.867975749331,486.8223079028652,446.412487290157,7.806785653063749,6.721234561414459,8.692191326061701,8.108258719484564,7.806785653063749,8.692191326061701,13,E01008152,0.4986,E01008152,"1,414",1414.0,620.7417598588445,12.395679421971323,44.33869713277471,0.885405672997952,-16.455488459173978,1.3870241580701048,Increased,Increased,Increased,0.017569467266577665
315,E01008153,Sheffield 024B,Sheffield 024B,433313,388916,-1.50049,53.396,915ccee6-723a-468a-80c7-f1eb0952a20a,"POLYGON ((-1.4991601849554637 53.39727244780534, -1.4990672847262971 53.39692111855716, -1.4984996231504477 53.39691393709431, -1.498344578082659 53.39633388605822, -1.4962956310827593 53.39656023753589, -1.495805246453202 53.39636185660109, -1.4965381784483984 53.395847308430554, -1.496795428345049 53.39563666428983, -1.4966165126459983 53.395231528563464, -1.4975138806812627 53.39479923024834, -1.5013172223674753 53.39406555711542, -1.5018983650057334 53.39457019610502, -1.5025568166040855 53.39529040560034, -1.5029627230388356 53.39509334672435, -1.5028333841348358 53.3944306407822, -1.501548952986555 53.39375539956172, -1.501418528970841 53.392998558060235, -1.5008059603760056 53.39305797683249, -1.503948489196817 53.391576422416634, -1.5042558823525167 53.39193440463143, -1.503657453568766 53.39236493082458, -1.5042731982719408 53.392403729765654, -1.504333047921198 53.39275584837131, -1.5036414974178536 53.39390915300097, -1.5051798357493906 53.39524613506206, -1.504791498588303 53.395507075791336, -1.5040799073971283 53.39597134205488, -1.5040506561228524 53.39626110849674, -1.5037023593033059 53.39676445623721, -1.5030996664034408 53.39650667313421, -1.5026335982196113 53.397363303495695, -1.5026267914187716 53.39756669748044, -1.5010378993482059 53.397086936156185, -1.5008333003641172 53.39758155255366, -1.5001601659823927 53.39804519746815, -1.4982858957142917 53.39817368578329, -1.4983039993997997 53.397626428867106, -1.4991601849554637 53.39727244780534))",36.84648114634071,38.1296919325317,72.77638315968788,2.19978991918452,70.57659324050336,6301.674138112995,6270.1957262538735,104.39296203155044,103.87149351667635,0.9667006003061559,10,630.1674138112995,501.176834325396,627.0195726253874,496.2193726924635,10.439296203155044,8.302449966492649,10.387149351667635,8.220325106863733,10.439296203155044,10.387149351667635,30,E01008153,0.1918,E01008153,"1,647",1647.0,-31.47841185912148,-0.521468514874087,-3.1478411859121707,-0.05214685148740905,-4.957461632932507,-0.08212485962891591,Reduced,Reduced,Reduced,0.0966700600306156
316,E01008154,Sheffield 024C,Sheffield 024C,432947,388514,-1.50603,53.3924,18fd65b7-b05f-48c4-ac36-0a3a4915d424,"POLYGON ((-1.5051798357493906 53.39524613506206, -1.5036414974178536 53.39390915300097, -1.504333047921198 53.39275584837131, -1.5042731982719408 53.392403729765654, -1.503657453568766 53.39236493082458, -1.5042558823525167 53.39193440463143, -1.503948489196817 53.391576422416634, -1.5008059603760056 53.39305797683249, -1.500470812337247 53.392873620628094, -1.5006626033065187 53.39229995676256, -1.5016902352991166 53.392242873002886, -1.5024719257949992 53.39156830465737, -1.5038027308587687 53.39140740543821, -1.5033444922599768 53.390805254225725, -1.5034306078282627 53.39070386048955, -1.504147690461381 53.39010003379863, -1.506432495456405 53.38839657333913, -1.5072208747030926 53.3870097282546, -1.5072379698638085 53.38766579022507, -1.5069043183202038 53.3885690422651, -1.5087513809252555 53.38894191558339, -1.5102361963127193 53.38988087404573, -1.5093146344988113 53.39035308719816, -1.509059180847782 53.391329662920576, -1.5098361671599791 53.39149318422307, -1.5088425780116181 53.392900314610834, -1.508141465261732 53.39371540735882, -1.5085311392696272 53.3934631442708, -1.5094799930177971 53.39369905025726, -1.5110935868996331 53.39316164383632, -1.5115702467168572 53.393867261863, -1.5105861625426091 53.39428293304013, -1.510531767466543 53.39461760068411, -1.5103803719541022 53.39435084408438, -1.5095286801550807 53.39454883137129, -1.509228727629329 53.39462772447617, -1.5084815494236343 53.39552351872371, -1.5070121789954978 53.39612677868852, -1.5056008277825972 53.396248702311205, -1.5040799073971283 53.39597134205488, -1.504791498588303 53.395507075791336, -1.5051798357493906 53.39524613506206))",59.39432781798203,71.12654072029952,125.7546570467151,4.766211491566455,120.98844555514864,2659.233816901771,4058.0423297395137,44.052626142926734,67.22516105502334,0.01195881919930284,8,332.4042271127214,143.32011297635648,507.25529121743915,517.7669736779126,5.506578267865842,2.374227988370479,8.403145131877917,8.577280709810617,5.506578267865842,8.403145131877917,33,E01008154,0.2941,E01008154,"1,685",1685.0,1398.8085128377425,23.1725349120966,174.85106410471775,2.896566864012075,374.4468607015561,6.203052721440138,Increased,Increased,Increased,0.001494852399912855
317,E01008155,Sheffield 024D,Sheffield 024D,433566,388640,-1.49671,53.3936,48c04bab-4688-433d-87e4-e19a832be994,"POLYGON ((-1.4932622249111018 53.39325244346989, -1.4930852490890023 53.39202535054642, -1.4939343457681247 53.39116442014499, -1.4946947587937471 53.391070264702385, -1.4949033724948615 53.39148002356137, -1.4952843706024028 53.391260615917105, -1.4957659992775452 53.3914542207952, -1.4956633089088591 53.391698872381255, -1.4964343208400837 53.39183227629152, -1.4984667236308318 53.39135132558914, -1.4989415150237761 53.39185203620952, -1.4978056133713378 53.39215524532953, -1.4981968860926036 53.392654888631924, -1.4992359633807106 53.39230896930535, -1.499741011049169 53.39275608718121, -1.5007624808321087 53.39353294497055, -1.495368488664973 53.3948678044887, -1.4966165126459983 53.395231528563464, -1.496795428345049 53.39563666428983, -1.4965381784483984 53.395847308430554, -1.495162620621841 53.39598507959876, -1.494235555651538 53.39528744577644, -1.493132408261896 53.39497448088226, -1.493068461685688 53.39488241730279, -1.4921631240943625 53.39462945139187, -1.4918957868553127 53.39398318006172, -1.4931342915323 53.393306390050306, -1.4932622249111018 53.39325244346989))",52.611642233829784,50.045220661447814,101.0070204558892,1.64984243938839,99.35717801650081,5652.490156971301,4386.182392556925,93.63863909934166,72.66109956405366,0.9655134333805354,6,942.0816928285502,944.533889421959,731.0303987594875,653.2420993550304,15.606439849890277,15.647062716172975,12.11018326067561,10.821549350344602,15.606439849890277,12.11018326067561,33,E01008155,0.1688,E01008155,"1,434",1434.0,-1266.307764414376,-20.977539535288003,-211.0512940690627,-3.496256589214667,-291.29179006692857,-4.825513365828373,Reduced,Reduced,Reduced,0.16091890556342256
318,E01008156,Sheffield 024E,Sheffield 024E,432752,388940,-1.50892,53.3963,76cf4f0f-e68d-40b0-b90c-355acc363c5f,"POLYGON ((-1.5026335982196113 53.397363303495695, -1.5030996664034408 53.39650667313421, -1.5037023593033059 53.39676445623721, -1.5040506561228524 53.39626110849674, -1.5040799073971283 53.39597134205488, -1.5056008277825972 53.396248702311205, -1.5070121789954978 53.39612677868852, -1.5084815494236343 53.39552351872371, -1.509228727629329 53.39462772447617, -1.5095286801550807 53.39454883137129, -1.5103803719541022 53.39435084408438, -1.510531767466543 53.39461760068411, -1.5105861625426091 53.39428293304013, -1.5115702467168572 53.393867261863, -1.5110935868996331 53.39316164383632, -1.5094799930177971 53.39369905025726, -1.5085311392696272 53.3934631442708, -1.508141465261732 53.39371540735882, -1.5088425780116181 53.392900314610834, -1.5110820663076459 53.39157056747054, -1.5114327682165378 53.3913541799304, -1.5126865927762738 53.390930155235964, -1.5148101907086375 53.39177415115918, -1.514893465617873 53.39292006722333, -1.5144341512087809 53.393387750887484, -1.5152259955355172 53.39385289381363, -1.513013618335197 53.395038713518616, -1.5124064266216146 53.39601909266738, -1.5109182047996912 53.39597940098488, -1.509725506163086 53.39720052027563, -1.5087735128777398 53.397639498871705, -1.5062843188334019 53.398190795615776, -1.505973465389005 53.39802247443719, -1.5045148357957616 53.39793103279809, -1.5026267914187716 53.39756669748044, -1.5026335982196113 53.397363303495695))",27.680689816405213,21.08132005885166,47.295483262467194,1.46652661278968,45.828956649677515,4125.642146541777,3349.814468651686,68.34501348695053,55.49272256458011,0.3219020463594212,4,1031.4105366354443,1104.4227601774585,837.4536171629215,885.445778722018,17.086253371737634,18.29576724265683,13.873180641145028,14.6682144352839,17.086253371737634,13.873180641145028,38,E01008156,0.2462,E01008156,"1,465",1465.0,-775.8276778900909,-12.852290922370422,-193.9569194725227,-3.2130727305926055,-218.97698145544052,-3.627552807372929,Reduced,Reduced,Reduced,0.0804755115898553
319,E01008157,Sheffield 026D,Sheffield 026D,433844,389007,-1.49249,53.3968,03ef0d4f-3330-4dc6-bf40-32177349b914,"POLYGON ((-1.4922703434993032 53.39886327090973, -1.4911522114175253 53.39848014517626, -1.4902240859616462 53.39744769681013, -1.4888644302863903 53.39785267835449, -1.488667969989691 53.39745381965333, -1.4883064052006454 53.3975062125775, -1.4879289387041514 53.39763042758422, -1.4881146210423835 53.39801956952084, -1.4864584122670144 53.39838817896013, -1.4872798526024413 53.396696471984924, -1.4866773008904302 53.395534337544994, -1.4886166410702237 53.39444155191815, -1.4886218503515796 53.39400674737497, -1.4897272273336426 53.39395201383787, -1.4891358698697073 53.392503011780555, -1.488557879002499 53.39181548507529, -1.4897755291249493 53.39215927712908, -1.4904569830258896 53.39194638563921, -1.4918832720617334 53.39129144274428, -1.493835505550823 53.39115708911064, -1.4938667913595993 53.391151235209975, -1.4939343457681247 53.39116442014499, -1.4930852490890023 53.39202535054642, -1.4932622249111018 53.39325244346989, -1.4931342915323 53.393306390050306, -1.4918957868553127 53.39398318006172, -1.4921631240943625 53.39462945139187, -1.493068461685688 53.39488241730279, -1.493132408261896 53.39497448088226, -1.494235555651538 53.39528744577644, -1.495162620621841 53.39598507959876, -1.4965381784483984 53.395847308430554, -1.495805246453202 53.39636185660109, -1.4962956310827593 53.39656023753589, -1.498344578082659 53.39633388605822, -1.4984996231504477 53.39691393709431, -1.4978852781368834 53.3969466461658, -1.4977833364833235 53.398129538802415, -1.4973608861308103 53.398152319244815, -1.497202588479952 53.39818247526682, -1.4964734121718708 53.398686993883366, -1.495756121705613 53.39862832885078, -1.494307876667296 53.39930799736856, -1.4922703434993032 53.39886327090973))",43.62916673049298,72.40975150649048,109.62286430602862,6.4160539309548525,103.20681037507376,9663.360639813662,9760.311415675038,160.08235561849,161.6884333752268,1.2420130137731635,10,966.336063981366,997.5435518843381,976.0311415675038,938.829551295504,16.008235561849,16.525215975046088,16.16884333752268,15.552565168315219,16.008235561849,16.16884333752268,42,E01008157,0.3413,E01008157,"1,654",1654.0,96.95077586137631,1.606077756736795,9.695077586137813,0.16060777567368234,-58.7140005888341,-0.9726508067308686,Increased,Increased,Reduced,0.12420130137731636
320,E01008158,Sheffield 025D,Sheffield 025D,429791,387591,-1.55357,53.3843,ea736797-6126-4159-9ddb-4ef0260a94ea,"POLYGON ((-1.525285884631056 53.391709226658904, -1.5257631533027003 53.39160274142359, -1.5277910878805592 53.39161290007001, -1.5274809444156718 53.39084593001946, -1.525806712934087 53.39076500504793, -1.5233870617393768 53.3914841678641, -1.5233041613095377 53.39070196842199, -1.5266264903119564 53.38863507618505, -1.5280657959798947 53.38845734808964, -1.5287302124929845 53.387979383163774, -1.5323647011295827 53.38694898521585, -1.5359385794611162 53.38485694081649, -1.5367029134127725 53.38451816749483, -1.5368504536762901 53.38395610309895, -1.538431590481912 53.38415351052681, -1.5396888596117433 53.383845726985086, -1.5412758895828946 53.383891435736984, -1.5453770405013312 53.38313324363028, -1.5461455367578385 53.38358532028759, -1.5487805306763665 53.38333659937984, -1.5504577978488259 53.382128608490724, -1.5526283365088414 53.381889653048034, -1.5557380076731966 53.381483200856664, -1.5576833425663443 53.38208086675553, -1.5581787981192943 53.38251154020595, -1.5602863452629205 53.38159161462008, -1.565102778041864 53.38102862345138, -1.5666801992308537 53.3790487065155, -1.5675806427878658 53.378735676309404, -1.5676115912967161 53.37822962773622, -1.5691281281346616 53.37839969875704, -1.5693901999976145 53.378032953495754, -1.5730193756352824 53.37649628102125, -1.575106913440371 53.37654052397601, -1.5761698667163884 53.37711535875524, -1.5773123162720704 53.37635255689581, -1.5792634004834663 53.3763260158494, -1.5810049401595887 53.376875950969975, -1.583755815151627 53.3767283292197, -1.5857639351514738 53.3785734361165, -1.5864016672117112 53.37868353661135, -1.5860197020992965 53.38123882063068, -1.5825918641897894 53.38152498368703, -1.5693735669251696 53.38462073494383, -1.563409542984389 53.385452165342556, -1.5598033530465396 53.38658680562273, -1.5537823493710672 53.38709719447841, -1.5523486022976238 53.38787233355971, -1.5511937480541458 53.38778071183648, -1.5509749784808478 53.387407741482704, -1.5484832984296995 53.387721096960455, -1.5482091924080872 53.387474589472035, -1.5468371528183085 53.387697731715164, -1.546986808540867 53.3878968946678, -1.546288776234037 53.38810098479603, -1.5457742614287264 53.38739794141029, -1.5440059253388074 53.38785992736552, -1.537726410127095 53.39053429647166, -1.5371788315037491 53.389853955339206, -1.5357612736653616 53.390228145095236, -1.5340676966934248 53.390760565801024, -1.5315273317503222 53.39123194680386, -1.5319585941753546 53.392266811190744, -1.5319807029845134 53.392319921877885, -1.5298711743426834 53.392327342393855, -1.529645441940896 53.392313975839215, -1.5253914953686605 53.39212120094832, -1.525285884631056 53.391709226658904))",19.248161792864558,21.814583365246506,40.146166025117516,0.91657913299355,39.22958689212397,16826.040451699646,14453.859106755317,257.4629738299224,235.13615175843498,0.9733981297067041,30,560.8680150566548,571.2536233353355,481.7953035585105,446.3735943567385,8.582099127664081,9.650445486748263,7.837871725281166,7.898424432156772,8.582099127664081,7.837871725281166,37,E01008158,2.3128,E01008158,"1,561",1561.0,-2372.181344944329,-22.32682207148744,-79.07271149814432,-0.7442274023829158,-124.88002897859701,-1.7520210545914905,Reduced,Reduced,Reduced,0.0324466043235568
321,E01008159,Sheffield 029D,Sheffield 029D,432368,387986,-1.51479,53.3877,8c13daca-52c7-43a4-86ef-7d360bb1ba19,"POLYGON ((-1.5128715015672078 53.3872711152735, -1.5123311311733847 53.38672854317247, -1.5105678652786991 53.38749795312447, -1.51014806323237 53.38818165446325, -1.5096314023812154 53.3887925709778, -1.5102361963127193 53.38988087404573, -1.5087513809252555 53.38894191558339, -1.5069043183202038 53.3885690422651, -1.5072379698638085 53.38766579022507, -1.5072208747030926 53.3870097282546, -1.5072254513864707 53.38699683760289, -1.507359423077181 53.38679647716439, -1.5079917833657102 53.38586214719575, -1.508167271213321 53.3854810040195, -1.509746052563361 53.38550912951352, -1.5113478754773253 53.385484158584944, -1.513645430344811 53.385297547608495, -1.5138749815511803 53.3860482000947, -1.5142853557374734 53.38631172731404, -1.516510222114197 53.38705216075636, -1.5169895407305263 53.387944669945476, -1.5147829416805298 53.38887969063074, -1.5132364988284204 53.39014365079456, -1.512777654316433 53.38990454247715, -1.5131478928003335 53.38850439519455, -1.5126770159688652 53.38848190919459, -1.5132877675953953 53.38812223667034, -1.5126432583616052 53.387963125329875, -1.5128715015672078 53.3872711152735))",27.31405816320779,47.84543074226331,73.87627811928014,1.28321078619097,72.59306733308918,1271.5384713521414,1817.6380707269,21.064190951845685,30.11082736837824,0.009539157338638773,4,317.88461783803535,221.956236381363,454.409517681725,411.6285236676165,5.266047737961421,3.6769068741729316,7.52770684209456,6.819000776705373,5.266047737961421,7.52770684209456,38,E01008159,0.1823,E01008159,"1,466",1466.0,546.0995993747586,9.046636416532554,136.52489984368964,2.2616591041331384,189.6722872862535,3.1420939025324413,Increased,Increased,Increased,0.002384789334659693
322,E01008160,Sheffield 024F,Sheffield 024F,432570,389098,-1.51164,53.3977,7fe7fd28-1bdc-4e18-8d08-2cf6b102c887,"POLYGON ((-1.5005547444548595 53.40097184613114, -1.5043317060473973 53.39984857805443, -1.5044450000095981 53.39944847764277, -1.5009396400873773 53.400569275176345, -1.500505399290696 53.39987690262264, -1.5005666041806625 53.39977857990638, -1.5035826199827678 53.39870137396947, -1.5033940736719154 53.39845810342611, -1.5010646897643138 53.39912669134204, -1.5014520253913066 53.39807438825127, -1.5012404432830704 53.39752703967718, -1.5008333003641172 53.39758155255366, -1.5010378993482059 53.397086936156185, -1.5026267914187716 53.39756669748044, -1.5045148357957616 53.39793103279809, -1.505973465389005 53.39802247443719, -1.5062843188334019 53.398190795615776, -1.5087735128777398 53.397639498871705, -1.509725506163086 53.39720052027563, -1.5109182047996912 53.39597940098488, -1.5124064266216146 53.39601909266738, -1.513013618335197 53.395038713518616, -1.5152259955355172 53.39385289381363, -1.5154814082972066 53.3940095056393, -1.5144970020597008 53.394797670683445, -1.5161767575003782 53.39514368999803, -1.5163233499717652 53.39551393305751, -1.516184410064943 53.396023458700284, -1.5150735730193716 53.39666303714118, -1.5154537091864124 53.397019181872395, -1.515054318026363 53.39731471730058, -1.5143545296469645 53.398388832272026, -1.514891667048297 53.39849799737685, -1.5148465867247494 53.398908766486194, -1.5135536190210446 53.39933908120418, -1.511851168237122 53.40003531072147, -1.511030542849189 53.399977744489505, -1.508304663842502 53.400451764838834, -1.507580466485602 53.400109217963106, -1.5056580463971367 53.40011558917309, -1.506033875136661 53.400412241073745, -1.5055202464222337 53.4006078667567, -1.503228395518899 53.400866796542985, -1.5014322973966794 53.40154865481295, -1.5005547444548595 53.40097184613114))",32.080269654774256,19.064845966265846,50.22853648804656,0.91657913299355,49.31195735505301,5784.952342182413,5661.898383532332,95.8329956414749,93.79449492695898,0.3397094250283613,7,826.4217631689162,698.216478860097,808.8426262189047,777.633078034837,13.690427948782128,11.56659084077473,13.39921356099414,12.882199017367356,13.690427948782128,13.39921356099414,17,E01008160,0.3476,E01008160,"1,387",1387.0,-123.05395865008086,-2.0385007145159193,-17.579136950011502,-0.29121438778798847,79.41659917473999,1.315608176592626,Reduced,Reduced,Increased,0.048529917861194476
323,E01008161,Sheffield 026E,Sheffield 026E,433776,389330,-1.49348,53.3997,cbf1ad4f-1fdc-44c0-ae2e-d70b0c5b0df1,"POLYGON ((-1.5011536285190001 53.40257529002395, -1.4988074222848902 53.401461457765734, -1.4961136987571 53.400212937882074, -1.4934823633073846 53.4009717885169, -1.492853669933586 53.401478877188644, -1.493186831257229 53.40167892222994, -1.4917643932249058 53.40240348672908, -1.4900260947728712 53.402458155270985, -1.4894962561771603 53.40215112315716, -1.489917583133366 53.40162456046465, -1.4896803943689547 53.401217089491546, -1.4880733658836285 53.40051725181224, -1.4869409700844947 53.40049440799136, -1.4863205038025837 53.39967743215403, -1.4864584122670144 53.39838817896013, -1.4881146210423835 53.39801956952084, -1.4879289387041514 53.39763042758422, -1.4883064052006454 53.3975062125775, -1.488667969989691 53.39745381965333, -1.4888644302863903 53.39785267835449, -1.4902240859616462 53.39744769681013, -1.4911522114175253 53.39848014517626, -1.4922703434993032 53.39886327090973, -1.494307876667296 53.39930799736856, -1.495756121705613 53.39862832885078, -1.4964734121718708 53.398686993883366, -1.497202588479952 53.39818247526682, -1.4973608861308103 53.398152319244815, -1.4977833364833235 53.398129538802415, -1.4978852781368834 53.3969466461658, -1.4984996231504477 53.39691393709431, -1.4990672847262971 53.39692111855716, -1.4991601849554637 53.39727244780534, -1.4983039993997997 53.397626428867106, -1.4982858957142917 53.39817368578329, -1.5001601659823927 53.39804519746815, -1.5008333003641172 53.39758155255366, -1.5012404432830704 53.39752703967718, -1.5014520253913066 53.39807438825127, -1.5010646897643138 53.39912669134204, -1.5033940736719154 53.39845810342611, -1.5035826199827678 53.39870137396947, -1.5005666041806625 53.39977857990638, -1.500505399290696 53.39987690262264, -1.5009396400873773 53.400569275176345, -1.5044450000095981 53.39944847764277, -1.5043317060473973 53.39984857805443, -1.5005547444548595 53.40097184613114, -1.5014322973966794 53.40154865481295, -1.503228395518899 53.400866796542985, -1.5055202464222337 53.4006078667567, -1.506033875136661 53.400412241073745, -1.5056580463971367 53.40011558917309, -1.507580466485602 53.400109217963106, -1.508304663842502 53.400451764838834, -1.5071132658742243 53.40077720671979, -1.5038888105941945 53.40172771062798, -1.5011536285190001 53.40257529002395))",79.19243709064273,75.15948890547118,147.93587206515903,6.416053930954848,141.51981813420417,15593.889600011487,15944.863209843546,258.32696030608355,264.14115728330864,0.9259133206810636,16,974.618100000718,997.5435518843381,996.5539506152215,910.975443455934,16.145435019130225,16.525215975046088,16.50882233020679,15.091136545001863,16.145435019130222,16.50882233020679,137,E01008161,0.3806,E01008161,"1,761",1761.0,350.9736098320591,5.8141969772250945,21.93585061450358,0.36338731107656486,-86.568108428404,-1.4340794300442248,Increased,Increased,Reduced,0.057869582542566474
324,E01032585,Sheffield 072E,Sheffield 072E,443157,380705,-1.35357,53.3215,a4dd4423-1999-451f-a28c-803047f01374,"POLYGON ((-1.3602540430969041 53.32476420817859, -1.3595493458552483 53.32440353661669, -1.3591149828612354 53.32467581403446, -1.3581433352754704 53.324288666627886, -1.357663703943579 53.324530600743245, -1.355820302832972 53.32404110772709, -1.354742608006574 53.32400792919877, -1.3545963262564176 53.32309967044535, -1.3541274124174103 53.322959344162406, -1.3537942918950614 53.32328135499946, -1.3529138107294962 53.322491895405655, -1.3527483116547545 53.323321521700656, -1.352042719698377 53.32346287215861, -1.3502773286773344 53.32335019162071, -1.3505433048459656 53.32257539000519, -1.3500521253979827 53.3222842106214, -1.3485719666657432 53.322300824907565, -1.3490890084810756 53.32094151261132, -1.349829826732615 53.32090772976404, -1.3500243397603988 53.32025689585249, -1.3510123986017206 53.32034990459039, -1.3516351067989445 53.31900665233532, -1.353659114287935 53.31908105526163, -1.3613395180519685 53.31834099940488, -1.3608180478273084 53.32045622099531, -1.3593501715291578 53.320362912367266, -1.358624949243992 53.32067440442721, -1.3579677124592764 53.3204401858924, -1.3583193706048047 53.32171175741622, -1.3584747477682104 53.322594902570984, -1.358494559345793 53.323066913876495, -1.3600497209349909 53.32308902382217, -1.3612432211805 53.323906667825575, -1.3606299022924795 53.32400899392623, -1.3602540430969041 53.32476420817859))",17.59831935347616,24.381004937628454,40.51279767831494,1.46652661278968,39.04627106552526,8137.539772212844,7065.187514034145,134.80574556100834,117.04125534475963,0.48437875530361557,10,813.7539772212843,810.635271154957,706.5187514034145,595.6743587231874,13.480574556100834,13.428910354361065,11.704125534475963,9.867887382062978,13.480574556100834,11.704125534475963,54,E01032585,0.3589,E01032585,"1,317",1317.0,-1072.3522581786983,-17.764490216248703,-107.23522581786983,-1.7764490216248703,-214.96091243176954,-3.561022972298087,Reduced,Reduced,Reduced,0.04843787553036156
325,E01033261,Sheffield 073A,Sheffield 073A,434870,387530,-1.47722,53.3835,d22258f6-7166-4240-b49b-9748b51d5233,"POLYGON ((-1.473846044629828 53.38539194845849, -1.4716798249676089 53.38482271549746, -1.472293038155685 53.38444386160698, -1.4736510429543335 53.38369550798017, -1.4740165126022458 53.38355974367716, -1.4741610812786772 53.38355727009132, -1.4754725138199343 53.38327539793057, -1.476119935116927 53.38319734090826, -1.475372456883307 53.38163002794557, -1.4761549264554394 53.38157054121513, -1.4769071084582586 53.381528894111824, -1.4771426954965425 53.38195262780338, -1.478115486714581 53.3821519905235, -1.4785381047728299 53.38273368766168, -1.478870441451509 53.382645116295365, -1.4817467366611003 53.382024844455955, -1.4828975242376807 53.38264341768554, -1.4818812956379908 53.38269571473778, -1.4818066343293583 53.38288057582994, -1.4810891960463244 53.38253589114436, -1.480269757319734 53.38316153678596, -1.4795700216269803 53.38367783862595, -1.4798666039235895 53.383805942828126, -1.4796484975112476 53.38398523408354, -1.480011133783198 53.384180762143956, -1.4788784094814766 53.384817381741826, -1.4787714364640148 53.384746850898665, -1.4770720666047203 53.38440059504977, -1.477322146960443 53.384678361380615, -1.4765146000699796 53.3850006380878, -1.4739142274738455 53.38491239663304, -1.473846044629828 53.38539194845849))",39.22958689212395,45.828956649677494,81.39222700982724,3.666316531974201,77.72591047785303,70835.48984812679,60542.8041956017,1204.750335290375,1033.7229413161674,6.991064408132759,70,1011.9355692589542,1033.115053132785,864.8972027943098,813.2476565222355,17.210719075576776,17.11449023738463,14.76747059023096,13.684313567878831,17.210719075576787,14.767470590230962,169,E01033261,0.1294,E01033261,"2,772",2772.0,-10292.685652525091,-171.0273939742076,-147.03836646464435,-2.4432484853458156,-219.86739661054958,-3.430176669505798,Reduced,Reduced,Reduced,0.09987234868761084
326,E01033262,Sheffield 073B,Sheffield 073B,435250,387683,-1.47149,53.3848,9c1985dd-6de2-4bcf-ab35-6fc1378e6b12,"POLYGON ((-1.467957862737903 53.38882714153461, -1.4685106359275932 53.388082786286326, -1.469835503533248 53.38727206947341, -1.4692815292425065 53.38731868776378, -1.469610896308765 53.38669901437413, -1.4690004058977735 53.386293968477275, -1.4698535975998308 53.385389900506155, -1.469062339684199 53.38520548877731, -1.468287344832198 53.38439418296507, -1.4676702947700406 53.384445366837774, -1.4675739136546329 53.383734830574824, -1.4699305507109257 53.38359108362536, -1.4703079007868989 53.382778453907534, -1.4718264536568257 53.3823982599337, -1.4725115063649175 53.38234749877086, -1.4730636146870382 53.38219986489792, -1.4741817238471466 53.38265255031871, -1.4754725138199343 53.38327539793057, -1.4741610812786772 53.38355727009132, -1.4740165126022458 53.38355974367716, -1.4736510429543335 53.38369550798017, -1.472293038155685 53.38444386160698, -1.4716798249676089 53.38482271549746, -1.473846044629828 53.38539194845849, -1.4743931919023638 53.3854638937153, -1.4739838783691372 53.386199029501704, -1.4733799278432198 53.38594482006193, -1.4729722303006663 53.386086840993265, -1.4730530071927432 53.38670741673509, -1.4734663488091646 53.386709239388395, -1.473721742413058 53.38721991545302, -1.4713105593856306 53.387175902242234, -1.4727338750926893 53.38834194921959, -1.4734918479838903 53.387841926116046, -1.4741781078381426 53.3878966338075, -1.4746740600643133 53.38879346848117, -1.4733419596276367 53.38951765478695, -1.473106811432101 53.39010091810433, -1.4707472624435223 53.38949206603582, -1.4703563971357232 53.389398622143986, -1.467957862737903 53.38882714153461))",146.28602962577062,132.72065845746624,271.6740550192885,7.332633063948402,264.34142195534014,70835.48984812679,60542.8041956017,1204.750335290375,1033.7229413161674,6.991064408132759,70,1011.9355692589542,1033.115053132785,864.8972027943098,813.2476565222355,17.210719075576776,17.11449023738463,14.76747059023096,13.684313567878831,17.210719075576787,14.767470590230962,656,E01033262,0.2342,E01033262,"2,490",2490.0,-10292.685652525091,-171.0273939742076,-147.03836646464435,-2.4432484853458156,-219.86739661054958,-3.430176669505798,Reduced,Reduced,Reduced,0.09987234868761084
327,E01033263,Sheffield 073C,Sheffield 073C,434819,388292,-1.47791,53.3903,975b8e67-3835-4a24-b680-4a8f81157573,"POLYGON ((-1.4772460958252012 53.39117720569804, -1.4760088904167654 53.390365500830754, -1.473106811432101 53.39010091810433, -1.4733419596276367 53.38951765478695, -1.4746740600643133 53.38879346848117, -1.4741781078381426 53.3878966338075, -1.4734918479838903 53.387841926116046, -1.4727338750926893 53.38834194921959, -1.4713105593856306 53.387175902242234, -1.473721742413058 53.38721991545302, -1.4734663488091646 53.386709239388395, -1.4730530071927432 53.38670741673509, -1.4729722303006663 53.386086840993265, -1.4733799278432198 53.38594482006193, -1.4739838783691372 53.386199029501704, -1.4743931919023638 53.3854638937153, -1.473846044629828 53.38539194845849, -1.4739142274738455 53.38491239663304, -1.4765146000699796 53.3850006380878, -1.4774551863730576 53.385523655281325, -1.4770360934880062 53.385727176761655, -1.477933193633901 53.386135591711465, -1.47571675935141 53.38664722811419, -1.4775242647835767 53.387607948011535, -1.477149303752935 53.38785506023354, -1.4788325245373124 53.388704115830095, -1.4793119755896404 53.38838360285258, -1.4796628429841203 53.38855210542803, -1.4801109405962916 53.38879675079759, -1.4808437297753616 53.38912353016791, -1.4815573747166813 53.38855135398971, -1.4813889395829465 53.38811715274612, -1.482210097818379 53.3880418302398, -1.4828508290801778 53.3885210058181, -1.4808467417106144 53.39011229790845, -1.4817754458230303 53.390547620519676, -1.4819082733356899 53.390611283686205, -1.4831490648017225 53.391209911071485, -1.4845388427044999 53.391926021140634, -1.4838394813404376 53.392506919173044, -1.4823914866862369 53.39168302179486, -1.4815598013386537 53.392065937351425, -1.4803374355836432 53.391188724730526, -1.4780335618095735 53.3925506042039, -1.47787065995667 53.392377489528094, -1.4772460958252012 53.39117720569804))",157.28497922169322,107.78970604004155,257.55873637118765,7.515948890547113,250.04278748064053,23114.40793867223,22663.480356491847,403.94907239067413,395.468353607244,2.8918071581447897,24,963.1003307780093,997.5435518843381,944.3116815204935,1006.6458752316765,16.831211349611422,17.293116624919385,16.4778480669685,16.67600423777942,16.831211349611422,16.4778480669685,152,E01033263,0.2751,E01033263,"2,290",2290.0,-450.92758218038216,-8.48071878343012,-18.78864925751577,-0.3533632826429205,9.102323347338483,-0.6171123871399651,Reduced,Reduced,Reduced,0.12049196492269958
328,E01033264,Sheffield 073D,Sheffield 073D,435483,387163,-1.46805,53.3801,36a5c7c3-ea57-435f-9d66-bd43163ade54,"POLYGON ((-1.4660361505654016 53.38760504035845, -1.4655994911012304 53.38703058912914, -1.4646030855514693 53.385874523331914, -1.464184612438754 53.385596260877186, -1.4643046007304026 53.38259915234931, -1.4648123947118192 53.38237867972806, -1.4649767631380293 53.381641587893604, -1.4660174459658295 53.381589418218, -1.4660640391664432 53.38094581105624, -1.466112890777234 53.37974266738076, -1.466877913867708 53.37889580731201, -1.4649619212722576 53.378020684312624, -1.4654470332310041 53.37751682835772, -1.4675620286102236 53.376361231343346, -1.4680366827539217 53.37654217655971, -1.4691506631258404 53.3769668153261, -1.470265992759676 53.37737898227852, -1.469762500677275 53.377620243126565, -1.4706943208252279 53.37821166182902, -1.4700565168602922 53.37873017832414, -1.470926806665584 53.37885987820714, -1.4703775298363249 53.3795136189415, -1.4704648093716555 53.38096118613214, -1.4718264536568257 53.3823982599337, -1.4703079007868989 53.382778453907534, -1.4699305507109257 53.38359108362536, -1.4675739136546329 53.383734830574824, -1.4676702947700406 53.384445366837774, -1.468287344832198 53.38439418296507, -1.469062339684199 53.38520548877731, -1.4698535975998308 53.385389900506155, -1.4690004058977735 53.386293968477275, -1.469610896308765 53.38669901437413, -1.4692815292425065 53.38731868776378, -1.469835503533248 53.38727206947341, -1.4685106359275932 53.388082786286326, -1.467957862737903 53.38882714153461, -1.4660361505654016 53.38760504035845))",134.00386924365705,124.47144626052433,249.30952417424587,9.1657913299355,240.14373284431036,29097.189152085866,23126.713971336638,504.4090894330973,401.7929120521831,2.5004047878433373,28,1039.1853268602094,1010.6898760398595,825.9540704048801,588.8971826636705,18.01461033689633,17.06000112300272,14.34974685900654,13.05753605089693,18.014610336896332,14.34974685900654,609,E01033264,0.3888,E01033264,"2,198",2198.0,-5970.4751807492285,-102.61617738091417,-213.23125645532934,-3.6648634778897886,-421.79269337618905,-4.002465072105791,Reduced,Reduced,Reduced,0.0893001709944049
329,E01033265,Sheffield 074C,Sheffield 074C,435097,387182,-1.47385,53.3803,20e15ed7-a4bf-4499-913e-0e6f0b19d9e3,"POLYGON ((-1.4741817238471466 53.38265255031871, -1.4730636146870382 53.38219986489792, -1.4725115063649175 53.38234749877086, -1.4718264536568257 53.3823982599337, -1.4704648093716555 53.38096118613214, -1.4703775298363249 53.3795136189415, -1.470926806665584 53.37885987820714, -1.4700565168602922 53.37873017832414, -1.4706943208252279 53.37821166182902, -1.469762500677275 53.377620243126565, -1.470265992759676 53.37737898227852, -1.4717486632245507 53.37790654288382, -1.471864774698879 53.37898621259767, -1.4731791992437762 53.378757502095574, -1.475847568802244 53.37829779320472, -1.476458800624783 53.37958011371379, -1.476947644855526 53.379493402108416, -1.4771141117598188 53.38004338336043, -1.4774076246476757 53.38055281852686, -1.475847294990107 53.380913017076765, -1.4761549264554394 53.38157054121513, -1.475372456883307 53.38163002794557, -1.476119935116927 53.38319734090826, -1.4754725138199343 53.38327539793057, -1.4741817238471466 53.38265255031871))",105.03996864106085,88.1749125939796,188.26535391687528,4.949527318165169,183.31582659871012,70835.48984812679,60542.8041956017,1204.750335290375,1033.7229413161674,6.991064408132759,70,1011.9355692589542,1033.115053132785,864.8972027943098,813.2476565222355,17.210719075576776,17.11449023738463,14.76747059023096,13.684313567878831,17.210719075576787,14.767470590230962,631,E01033265,0.1742,E01033265,"1,591",1591.0,-10292.685652525091,-171.0273939742076,-147.03836646464435,-2.4432484853458156,-219.86739661054958,-3.430176669505798,Reduced,Reduced,Reduced,0.09987234868761084
330,E01033266,Sheffield 074D,Sheffield 074D,434677,387200,-1.48016,53.3805,8a9e56e1-19bf-4e0a-a89f-d0bd421ec87f,"POLYGON ((-1.4828975242376807 53.38264341768554, -1.4817467366611003 53.382024844455955, -1.478870441451509 53.382645116295365, -1.4785381047728299 53.38273368766168, -1.478115486714581 53.3821519905235, -1.4771426954965425 53.38195262780338, -1.4769071084582586 53.381528894111824, -1.4761549264554394 53.38157054121513, -1.475847294990107 53.380913017076765, -1.4774076246476757 53.38055281852686, -1.4777691623174218 53.381319310547255, -1.478617425050767 53.38060958363937, -1.478276735725148 53.38016859388471, -1.47862881730928 53.38007541733367, -1.4788335592931583 53.37950066586653, -1.4790166590644898 53.379088973418135, -1.4786820298597136 53.37890830577846, -1.4799797284759957 53.37858334932794, -1.4807864786603935 53.378928959648746, -1.4805359071558868 53.37849559484435, -1.4815766002214714 53.378468440110446, -1.4821054121474813 53.37846561057162, -1.4821377113210457 53.37889560796277, -1.4825091953008347 53.37890482420646, -1.4829241140193055 53.37900855108671, -1.4829431327242877 53.37927653243867, -1.4834563635101772 53.3792490273952, -1.483535082399857 53.380120974332435, -1.4838045535783286 53.381495979638466, -1.4834864578934568 53.38196735570487, -1.4844767258353428 53.38200292325488, -1.4842551390692937 53.38282376651835, -1.4839490644933233 53.3827242431944, -1.4828975242376807 53.38264341768554))",59.944275297778184,62.69401269675882,120.25518224875377,2.3831057457832303,117.87207650297054,12814.36784120298,10356.692020037495,196.6986375742971,159.61494367451996,1.615666883758812,11,1164.9425310184524,1150.24983732066,941.517456367045,921.895423853996,17.8816943249361,19.054934444796505,14.510449424956361,15.037012438465654,17.8816943249361,14.510449424956361,255,,,,,,-2457.675821165485,-37.08369389977713,-223.42507465140739,-3.3712448999797378,-228.3544134666639,-4.017922006330851,Reduced,Reduced,Reduced,0.14687880761443745
331,E01033267,Sheffield 074E,Sheffield 074E,434802,387035,-1.4783,53.379,883b0df4-34ba-4d58-856c-1d83d2e7bd63,"POLYGON ((-1.4771141117598188 53.38004338336043, -1.476947644855526 53.379493402108416, -1.476458800624783 53.37958011371379, -1.475847568802244 53.37829779320472, -1.4769962495320899 53.378108447821354, -1.4780055172008957 53.37794203260296, -1.4783618203874356 53.37788328851623, -1.479214300787063 53.3785877717181, -1.4798237375922516 53.378081019960305, -1.4801341185820016 53.37819249177536, -1.4805359071558868 53.37849559484435, -1.4807864786603935 53.378928959648746, -1.4799797284759957 53.37858334932794, -1.4786820298597136 53.37890830577846, -1.4790166590644898 53.379088973418135, -1.4788335592931583 53.37950066586653, -1.47862881730928 53.38007541733367, -1.478276735725148 53.38016859388471, -1.478617425050767 53.38060958363937, -1.4777691623174218 53.381319310547255, -1.4774076246476757 53.38055281852686, -1.4771141117598188 53.38004338336043))",46.74553578267107,49.67858900825039,94.40765069833566,2.01647409258581,92.39117660574985,6153.843886394337,4985.068399616104,84.96051988490075,69.0560308583115,0.6969541980137781,5,1230.7687772788672,1106.59991926593,997.0136799232208,921.895423853996,16.99210397698015,15.678187195099328,13.8112061716623,11.454026962143352,16.99210397698015,13.8112061716623,255,,,,,,-1168.7754867782323,-15.904489026589246,-233.7550973556464,-3.1808978053178496,-184.7044954119341,-4.224160232955976,Reduced,Reduced,Reduced,0.1393908396027556
332,E01033268,Sheffield 075G,Sheffield 075G,436051,387503,-1.45947,53.3832,cb41e807-a375-4065-892d-636e92ebfd0d,"POLYGON ((-1.4534848753094642 53.38858801618169, -1.4535435564322532 53.38752761893079, -1.4530772513594918 53.38754346221941, -1.4539601837428375 53.38669357561954, -1.455582750844391 53.3867908686264, -1.4562360994178956 53.38625452293505, -1.4550222278487874 53.38594337539279, -1.454716268803207 53.38517793997386, -1.4522220499553202 53.38505866355923, -1.4539583938123746 53.38448234822706, -1.4539710491048985 53.383960657101156, -1.4528433711146154 53.383880926626524, -1.4521300962884867 53.38420814469468, -1.452388889155508 53.38368368127382, -1.4527453320271 53.383397694452114, -1.4524305638491846 53.38327805949517, -1.4531489996495772 53.38305475464255, -1.4552203382533873 53.38312407538848, -1.455411375363395 53.38254529225941, -1.4544846829854459 53.38265663135255, -1.453267674251656 53.3812374408951, -1.4539523255991882 53.37946077345464, -1.4541457663152433 53.379233802947184, -1.4552866892166454 53.37935586469798, -1.4554387263988493 53.379221727388035, -1.459214307619991 53.37784563210142, -1.4596768483234654 53.378099276124026, -1.4599665331279463 53.37711076617251, -1.4588208525491457 53.377115189565224, -1.4582067718123024 53.37660553240783, -1.4576648510180912 53.37699009074997, -1.4572030026315959 53.37675552680703, -1.4583932132970296 53.37571861720413, -1.4543562407771051 53.374338421569576, -1.4539851851919001 53.37380068840624, -1.4615357878124953 53.37434687518375, -1.462534563613471 53.37455812043524, -1.461522994904679 53.37547490046142, -1.4614422930800903 53.37662874052313, -1.4645504743276894 53.37655198293019, -1.4649619212722576 53.378020684312624, -1.466877913867708 53.37889580731201, -1.466112890777234 53.37974266738076, -1.4660640391664432 53.38094581105624, -1.4660174459658295 53.381589418218, -1.4649767631380293 53.381641587893604, -1.4648123947118192 53.38237867972806, -1.4643046007304026 53.38259915234931, -1.464184612438754 53.385596260877186, -1.4622987127983589 53.385551725709846, -1.4608472314334604 53.3865091305263, -1.459785281727159 53.388102521900606, -1.4591392410046453 53.38840869260347, -1.4550558765157022 53.388607831433724, -1.4523497881257654 53.38911038194504, -1.4534848753094642 53.38858801618169))",238.310574578323,263.24152699574756,486.70351961957505,14.848581954495508,471.85493766507955,19695.718162828463,16826.41313147345,300.43601639346593,256.29544441111847,2.0891362633301167,18,1094.2065646015815,1149.302830233425,934.8007295263028,845.498169991934,16.69088979963699,17.84474233638632,14.238635800617695,13.299723874606784,16.690889799636995,14.238635800617693,425,E01033268,0.9115,E01033268,"2,804",2804.0,-2869.305031355012,-44.14057198234747,-159.40583507527867,-2.4522539990192964,-303.8046602414911,-4.545018461779538,Reduced,Reduced,Reduced,0.11606312574056205
333,E01033269,Sheffield 022G,Sheffield 022G,437084,388640,-1.44381,53.3933,f6370a60-5401-4d98-b2d7-ddbb25c33288,"POLYGON ((-1.421873228302703 53.40956545580477, -1.419467941568992 53.40597957271359, -1.4203409494769592 53.40554260219093, -1.4227473822176668 53.40556407819219, -1.4242496504692272 53.40504018615626, -1.4273193377013567 53.401030770129346, -1.4264929973881089 53.40072485819046, -1.4269912629467414 53.40019635936159, -1.4213225516700658 53.39765550980042, -1.425248371469569 53.39359398166165, -1.4272378627502809 53.391736953376515, -1.4284401989507272 53.3922600073169, -1.4336652214324273 53.391580147907895, -1.436205544066543 53.39120263035999, -1.439264370922649 53.38935973875199, -1.4446225726552335 53.38746968426042, -1.4468061138833728 53.38706430493242, -1.4480656372581806 53.38722181553634, -1.447852030800766 53.388043572656045, -1.4499608064293805 53.38880807304104, -1.4490889717621087 53.38969955389926, -1.4494811551881033 53.38985415173269, -1.4502896538929129 53.38987222097204, -1.4523497881257654 53.38911038194504, -1.4550558765157022 53.388607831433724, -1.4591392410046453 53.38840869260347, -1.459785281727159 53.388102521900606, -1.460940469980895 53.38828537495358, -1.4607108288382937 53.388731660531946, -1.4591476773039396 53.39050807482426, -1.4603532199858782 53.39055696025498, -1.459697645584605 53.39084509550358, -1.4599850880417782 53.39132168995103, -1.4592079088838286 53.39156364616141, -1.459996408854179 53.39135393859529, -1.4602698698569663 53.391658385238884, -1.4609791722697312 53.39118269322397, -1.4620422229858403 53.39213132841152, -1.4623873971904853 53.39201046095691, -1.4621684464143607 53.3917284262441, -1.4633497944083427 53.391203811270564, -1.4637280134178954 53.39093949866117, -1.463371798952711 53.39053591606699, -1.466075876475405 53.39003459907303, -1.4651802083018584 53.3918955554474, -1.4669719990616088 53.392208477848385, -1.4679698742508431 53.392020900983695, -1.468008051373124 53.39232994901854, -1.4665083498719842 53.39289486915559, -1.466575656135125 53.39340396491423, -1.4675186525693549 53.39349173962427, -1.4674335376158039 53.39378355517009, -1.4670018170061427 53.393940261959244, -1.466518385668095 53.39362351832468, -1.4658505993650084 53.39348352888335, -1.4651610211912836 53.39309085623236, -1.464884845357342 53.393503242536624, -1.463529478492652 53.39332564164402, -1.4610547727038878 53.392811136556546, -1.4611270633345645 53.39423167427075, -1.4588259450071797 53.3930707208972, -1.4583753021104806 53.39303272383604, -1.4581302660848534 53.39338217123679, -1.4578847693943855 53.393767570760026, -1.4571524204899966 53.39341368649545, -1.4546549011226952 53.3934415828345, -1.4548741194580366 53.394037391521785, -1.4540668531017702 53.394034235407055, -1.4533599831274306 53.394484023591225, -1.456555229949295 53.394255907432296, -1.4557621562337284 53.39542729743943, -1.4552605754609427 53.39544082242606, -1.4547583581675638 53.394831984086615, -1.4541807177289985 53.394854011206, -1.4535144860675624 53.39567123648768, -1.4537332617349472 53.396202569229494, -1.450032669154427 53.398621522626286, -1.4504816656481028 53.39882409918314, -1.449986599306824 53.39963819061404, -1.4488342904310543 53.39941599219027, -1.447770770689626 53.40012021561607, -1.4470896836473826 53.40057645871358, -1.443818815498735 53.39881747232001, -1.4393885733172822 53.4017630293736, -1.4366574400688323 53.400150197136156, -1.4371145404982237 53.39970291761291, -1.4359656915095167 53.39900537049411, -1.4371721372276334 53.396476251226645, -1.4361230916890888 53.39631441116049, -1.433234956772624 53.39752929525452, -1.4328267610570258 53.39817465128523, -1.430037993159852 53.39690983857617, -1.4292626602796832 53.39753534514826, -1.4281113335483049 53.39703546115916, -1.4274234269126858 53.39774135569157, -1.4288754162092347 53.398615444879255, -1.4294284418935879 53.39863276598516, -1.4286211709777685 53.399392937064675, -1.4292927476559432 53.39978266068861, -1.4299901577581096 53.39928647106, -1.4314695863522746 53.40017698262016, -1.431817134382675 53.39995648973007, -1.433609407165599 53.40089982334396, -1.4324433688093996 53.40149653120652, -1.4333092163155814 53.4019860302032, -1.4309206784637583 53.403200975210744, -1.4328629058271154 53.40320315482451, -1.4338603795396436 53.40397673230867, -1.4329430894864648 53.40463595313298, -1.434047409100473 53.40529736283001, -1.433692705379564 53.405934169191504, -1.4304783614819725 53.405951802858986, -1.4280119037269048 53.40758945992747, -1.4250589868045926 53.40953291353438, -1.42470550123416 53.40937856455133, -1.4225594323575281 53.40989937046196, -1.421873228302703 53.40956545580477))",360.21559926646535,369.74802224959774,692.5671928899262,37.39642862613687,655.1707642637894,51498.44203674007,49561.23271258475,779.6692514922565,763.4760743757392,2.3656940541388716,90,572.204911519334,533.931388747772,550.6803634731639,426.20200108961046,8.662991683247292,7.646489698282695,8.483067493063766,5.896358636577084,8.662991683247295,8.48306749306377,1676,E01033269,2.8712,E01033269,"1,872",1872.0,-1937.2093241553157,-16.19317711651729,-21.52454804617014,-0.17992419018352557,-107.7293876581615,-1.750131061705611,Reduced,Reduced,Reduced,0.026285489490431906
334,E01033270,Sheffield 022H,Sheffield 022H,435233,388525,-1.47166,53.3924,fef37d9a-1059-4492-8c9f-e728da5350dc,"POLYGON ((-1.4691855853079985 53.393792027131816, -1.4692388409030241 53.39311908370445, -1.4693357145514148 53.39336083310545, -1.4700049837130442 53.3933034362384, -1.4700059958242437 53.39249163724612, -1.469078933589293 53.39086056954477, -1.4686724828514524 53.39107748402255, -1.468539622813145 53.39101910478343, -1.466075876475405 53.39003459907303, -1.463371798952711 53.39053591606699, -1.4637280134178954 53.39093949866117, -1.4633497944083427 53.391203811270564, -1.4621684464143607 53.3917284262441, -1.4623873971904853 53.39201046095691, -1.4620422229858403 53.39213132841152, -1.4609791722697312 53.39118269322397, -1.4602698698569663 53.391658385238884, -1.459996408854179 53.39135393859529, -1.4592079088838286 53.39156364616141, -1.4599850880417782 53.39132168995103, -1.459697645584605 53.39084509550358, -1.4603532199858782 53.39055696025498, -1.4591476773039396 53.39050807482426, -1.4607108288382937 53.388731660531946, -1.460940469980895 53.38828537495358, -1.459785281727159 53.388102521900606, -1.4608472314334604 53.3865091305263, -1.4622987127983589 53.385551725709846, -1.464184612438754 53.385596260877186, -1.4646030855514693 53.385874523331914, -1.4655994911012304 53.38703058912914, -1.4660361505654016 53.38760504035845, -1.467957862737903 53.38882714153461, -1.4703563971357232 53.389398622143986, -1.4707472624435223 53.38949206603582, -1.473106811432101 53.39010091810433, -1.4760088904167654 53.390365500830754, -1.4772460958252012 53.39117720569804, -1.47787065995667 53.392377489528094, -1.4780335618095735 53.3925506042039, -1.4792350871516435 53.39341589332165, -1.4785035316638926 53.39383239224546, -1.4782986452626408 53.395227330623534, -1.4819336847271734 53.39719025668597, -1.4840984189815833 53.40025573393528, -1.4835888089687075 53.40073249308687, -1.483305080838934 53.40242759722719, -1.4797233660263307 53.40413422674437, -1.4785272585741704 53.40564069748239, -1.478279312106844 53.401754348295, -1.4765211147843242 53.40131928268396, -1.4746290758283538 53.40025663424539, -1.4739694402065722 53.399209392504325, -1.4740805207205854 53.398460271610524, -1.4703599041625028 53.397851238942614, -1.4699763288073204 53.39748562247852, -1.472734734381707 53.395577839179, -1.471628186567371 53.395069584524165, -1.471568458410753 53.39424576895892, -1.469952306587221 53.39415235384902, -1.4691855853079985 53.393792027131816))",139.5033440416184,109.43954847943003,243.6267335496858,5.31615897136259,238.3105745783232,19818.436632922512,16610.961638713197,309.5997641755887,261.4580646227634,1.7544540040734247,25,792.7374653169005,687.561078959981,664.438465548528,510.50055259527,12.383990567023547,9.936084585621668,10.458322584910537,8.427665501596607,12.383990567023547,10.458322584910537,773,E01033270,1.0895,E01033270,"1,717",1717.0,-3207.474994209315,-48.14169955282529,-128.29899976837248,-1.9256679821130103,-177.06052636471105,-1.5084190840250606,Reduced,Reduced,Reduced,0.07017816016293699
335,E01033271,Sheffield 040E,Sheffield 040E,434781,386312,-1.4787,53.3725,76466d93-c5ef-4948-b0d0-4202127a58df,"POLYGON ((-1.477666798677575 53.374727774770776, -1.4754603180576886 53.37325294618901, -1.4747051901154025 53.37313277428992, -1.474336660577488 53.37295852479423, -1.4748509515710064 53.37269296866709, -1.4746187375352833 53.37208061466643, -1.4762516983336236 53.371871888700184, -1.4769948872945873 53.37182086170856, -1.4774702139731584 53.36991802908802, -1.4781586194816967 53.369724698542775, -1.478058967901613 53.37059380383906, -1.4784365394112966 53.37077610832446, -1.4794927331751477 53.370164171510645, -1.4810330698315288 53.36964440589515, -1.4813111550865687 53.37011113911092, -1.482242267164567 53.370316103762775, -1.4823970453722628 53.37032935882702, -1.483059005753876 53.37132653845868, -1.4813992649736556 53.3718586655876, -1.480470579824751 53.3720992931349, -1.480029786710172 53.372928272829384, -1.4812680380407535 53.37309019538853, -1.4820679369566738 53.37307585114521, -1.4816381367431573 53.37343171898222, -1.48099517054899 53.37334542173278, -1.481391287420756 53.37380826279435, -1.4823545771031263 53.37473706428923, -1.481339369568765 53.37471577036648, -1.4812398388506234 53.374185678896, -1.4807894424664976 53.37407368574933, -1.4797897681300576 53.374340660784945, -1.4791064351184056 53.374311592909706, -1.477666798677575 53.374727774770776))",159.48476914087775,152.70208355672577,295.8717441303183,16.31510856728521,279.55663556303307,9267.055853932083,8062.888382375737,144.58897090716857,126.4550136975761,0.8562189452233256,9,1029.6728726591202,946.412716500871,895.8764869306375,807.545638068011,16.06544121190762,15.678187195099328,14.050557077508456,13.377727772960029,16.06544121190762,14.050557077508456,194,E01033271,0.1737,E01033271,"1,983",1983.0,-1204.1674715563458,-18.133957209592467,-133.79638572848273,-2.0148841343991624,-138.86707843286,-2.3004594221392995,Reduced,Reduced,Reduced,0.09513543835814729
336,E01033272,Sheffield 040F,Sheffield 040F,434501,386352,-1.4829,53.3729,4d998b36-b993-40cb-abd0-6605b170e814,"POLYGON ((-1.4824416196150192 53.37390362262316, -1.4828101931094717 53.37353824643327, -1.481391287420756 53.37380826279435, -1.48099517054899 53.37334542173278, -1.4816381367431573 53.37343171898222, -1.4820679369566738 53.37307585114521, -1.4812680380407535 53.37309019538853, -1.480029786710172 53.372928272829384, -1.480470579824751 53.3720992931349, -1.4813992649736556 53.3718586655876, -1.483059005753876 53.37132653845868, -1.4823970453722628 53.37032935882702, -1.482242267164567 53.370316103762775, -1.4813111550865687 53.37011113911092, -1.4810330698315288 53.36964440589515, -1.4808933951006615 53.36926163494461, -1.4818719920974601 53.36905780470383, -1.482253321721062 53.36943620213897, -1.4824007771048742 53.36983156240697, -1.4853461055233967 53.368594635377534, -1.4854606592491033 53.36908973260977, -1.483421628990822 53.36992587823727, -1.4845830118115648 53.37082975742877, -1.4851583410390008 53.370776607744425, -1.485789855785155 53.37170686369973, -1.4836933047774084 53.372318039602746, -1.4835240609229232 53.3727752310648, -1.4839374356659598 53.37281977443506, -1.4841535094353178 53.37410818653599, -1.4827049744257974 53.37449801778201, -1.4824416196150192 53.37390362262316))",75.89275221186597,59.94427529777816,131.80407932447253,4.032948185171622,127.7711311393009,10656.221218483799,9133.444292716578,176.529993884148,151.3038094909102,0.6806567286875639,12,888.0184348736498,794.5120228365156,761.1203577263815,667.6034720922255,14.710832823679,13.161814085553324,12.608650790909183,11.059458548125484,14.710832823679,12.608650790909183,120,E01033272,0.1061,E01033272,"1,711",1711.0,-1522.7769257672207,-25.226184393237816,-126.89807714726828,-2.102182032769818,-126.9085507442901,-2.10235553742784,Reduced,Reduced,Reduced,0.05672139405729699
337,E01033273,Sheffield 042F,Sheffield 042F,435655,386194,-1.46557,53.3714,1135fb59-b59a-4daa-a61a-30fba8529792,"POLYGON ((-1.4615357878124953 53.37434687518375, -1.4613624510105623 53.371536276212915, -1.4633731204762253 53.36844597325596, -1.4653182766642434 53.36959473631192, -1.4655954474018782 53.36973733158609, -1.4655032833195782 53.36918055543204, -1.4669928217020554 53.36748154050261, -1.4678864805257756 53.366870553407566, -1.4674222508421912 53.369032724431264, -1.4685649299188337 53.36912398031523, -1.4685830614007271 53.369008681853025, -1.4690184708837308 53.36904102726259, -1.4684951548058853 53.3713704794955, -1.4684950590042076 53.371450658372346, -1.468824755572559 53.37202410823718, -1.4683206583412196 53.372196457463446, -1.4697917666101974 53.37263213615013, -1.4684815462238365 53.373019847208965, -1.4692316419062332 53.373937792944474, -1.4677528008774674 53.374207605729204, -1.467583437423042 53.37453044433298, -1.4662379363062092 53.37406048678967, -1.4654819193899142 53.37430533794354, -1.4651138458241215 53.37419348857548, -1.4660229957978916 53.374002780318165, -1.4645111045775034 53.373257445116636, -1.4648169857789592 53.3731210731439, -1.463844907186255 53.373147257017656, -1.4633406495070065 53.37286971303774, -1.4628713268525346 53.373925080154166, -1.4633157868050708 53.37443943456372, -1.462979813642152 53.3748603937207, -1.462534563613471 53.37455812043524, -1.4615357878124953 53.37434687518375))",160.03471662067395,176.16650936136068,297.88821822290424,38.31300775913044,259.57521046377383,11052.568516270936,11757.619451225952,194.26000138384532,207.84036674453765,0.7248206904487514,12,921.0473763559113,910.790328930027,979.801620935496,979.6524929222835,16.18833344865378,15.51950037725003,17.320030562044803,17.26576745307722,16.188333448653776,17.320030562044803,312,E01033273,0.2756,E01033273,"2,304",2304.0,705.0509349550157,13.580365360692326,58.75424457958468,1.1316971133910236,68.86216399225646,1.7462670758271912,Increased,Increased,Increased,0.06040172420406262
338,E01033274,Sheffield 042G,Sheffield 042G,435488,386629,-1.46803,53.3754,97dc11de-309e-4164-8cc2-b968c9fb6c03,"POLYGON ((-1.4649619212722576 53.378020684312624, -1.4645504743276894 53.37655198293019, -1.4614422930800903 53.37662874052313, -1.461522994904679 53.37547490046142, -1.462534563613471 53.37455812043524, -1.462979813642152 53.3748603937207, -1.4633157868050708 53.37443943456372, -1.4628713268525346 53.373925080154166, -1.4633406495070065 53.37286971303774, -1.463844907186255 53.373147257017656, -1.4648169857789592 53.3731210731439, -1.4645111045775034 53.373257445116636, -1.4660229957978916 53.374002780318165, -1.4651138458241215 53.37419348857548, -1.4654819193899142 53.37430533794354, -1.4662379363062092 53.37406048678967, -1.467583437423042 53.37453044433298, -1.4677528008774674 53.374207605729204, -1.4692316419062332 53.373937792944474, -1.4684815462238365 53.373019847208965, -1.4697917666101974 53.37263213615013, -1.4701054657394013 53.372835540566236, -1.4706834027264761 53.37269205472951, -1.4711511285691328 53.37296662834646, -1.4707851100626115 53.37303804035569, -1.4708115787770315 53.37360097655158, -1.4718823626071815 53.37330908872943, -1.4724257940210363 53.37346099955074, -1.4728833153132121 53.37322183465017, -1.4726070069649089 53.37305161821049, -1.4732320503751073 53.372996561194086, -1.4734248828385912 53.373765334652596, -1.4747051901154025 53.37313277428992, -1.4754603180576886 53.37325294618901, -1.477666798677575 53.374727774770776, -1.4773264900063465 53.37490025339334, -1.4776534436415114 53.37545479447643, -1.4770222131786113 53.37581258704582, -1.4777976506555088 53.37631934703252, -1.4770863619920054 53.37671173793379, -1.4758351266521708 53.3757804173232, -1.4761080074776494 53.37559285181501, -1.4747022133485914 53.37501139145806, -1.4717486632245507 53.37790654288382, -1.470265992759676 53.37737898227852, -1.4691506631258404 53.3769668153261, -1.4680366827539217 53.37654217655971, -1.4675620286102236 53.376361231343346, -1.4654470332310041 53.37751682835772, -1.4649619212722576 53.378020684312624))",154.3519259961139,174.699982748571,324.1023814265197,4.949527318165171,319.1528541083545,18960.36074425347,13725.33500815668,355.9378442572748,253.3457229886272,2.356408520059622,18,1053.3533746807482,1071.645814585285,762.5186115642599,803.4812361384675,19.774324680959708,17.75278733577472,14.074762388257064,13.597337674289982,19.774324680959708,14.074762388257065,395,E01033274,0.3555,E01033274,"3,174",3174.0,-5235.02573609679,-102.59212126864759,-290.83476311648826,-5.699562292702645,-268.1645784468176,-4.155449661484738,Reduced,Reduced,Reduced,0.13091158444775677
339,E01033275,Sheffield 008F,Sheffield 008F,432032,391120,-1.51953,53.4159,791830c3-738f-49e9-adf2-d0ea859167a9,"POLYGON ((-1.5175058931977692 53.41890659272165, -1.514804877869333 53.41861073533172, -1.5145148186001713 53.41892472531706, -1.5132701813155576 53.418224581187616, -1.5111741114452462 53.416475566924056, -1.5116212725564213 53.4164201826786, -1.5146139980130675 53.416049991182675, -1.5161704467299497 53.415303832986524, -1.517120404003427 53.41504976125548, -1.518068714369908 53.41479317110474, -1.5209791903317593 53.413918902599, -1.5212638435030656 53.413806232058626, -1.5220997312388802 53.413146221820924, -1.523065517983227 53.41115994422399, -1.5236071386637884 53.410498743899545, -1.5246443645968648 53.41114762275283, -1.5271128183105775 53.412518679016095, -1.52608170658075 53.414176509957095, -1.5234693468760063 53.41544309873196, -1.5245961862563784 53.41627703007703, -1.5231906427475435 53.417186327942595, -1.5218420890359545 53.418062167710225, -1.5213309558808714 53.41838932782055, -1.5238049284758146 53.419701815325546, -1.522448222356258 53.42006520437758, -1.5208479401280186 53.421352656075804, -1.521158891052785 53.420985872556095, -1.5199911221621345 53.42045984797244, -1.520464738018713 53.419823557585225, -1.518995033939889 53.419299133534224, -1.5175058931977692 53.41890659272165))",26.21416320361555,35.013322880353655,57.56116955199499,3.666316531974207,53.89485302002079,5495.565192255518,4713.665585597984,77.02673171816672,66.26437136695749,0.296129812599897,8,686.9456490319398,720.7814259812776,589.208198199748,570.863045441342,9.628341464770838,10.446787014716271,8.283046420869688,8.30612966356809,9.62834146477084,8.283046420869686,31,E01033275,0.452,E01033275,"1,595",1595.0,-781.8996066575337,-10.762360351209225,-97.73745083219171,-1.3452950439011495,-149.91838053993558,-2.1406573511481817,Reduced,Reduced,Reduced,0.03701622657498713
340,E01033276,Sheffield 073E,Sheffield 073E,434724,387862,-1.47938,53.3865,df3dcb6e-8ebe-4cd0-bc2a-a0b32b4251df,"POLYGON ((-1.4788325245373124 53.388704115830095, -1.477149303752935 53.38785506023354, -1.4775242647835767 53.387607948011535, -1.47571675935141 53.38664722811419, -1.477933193633901 53.386135591711465, -1.4770360934880062 53.385727176761655, -1.4774551863730576 53.385523655281325, -1.4765146000699796 53.3850006380878, -1.477322146960443 53.384678361380615, -1.4770720666047203 53.38440059504977, -1.4787714364640148 53.384746850898665, -1.4788784094814766 53.384817381741826, -1.480011133783198 53.384180762143956, -1.4796484975112476 53.38398523408354, -1.4798666039235895 53.383805942828126, -1.4810083078436143 53.38424339043409, -1.482279366216523 53.38342814014518, -1.4830931707311852 53.38340749394966, -1.482718940205879 53.38366456835196, -1.482045378989853 53.38373523999907, -1.4817922662296141 53.38414132073071, -1.4828451474097069 53.38437746820604, -1.483005984055089 53.3845402618803, -1.4808153078578876 53.38597718825327, -1.4799758519759083 53.386650564448054, -1.479677976796327 53.387294340177874, -1.4805881855344818 53.38788198142031, -1.4796628429841203 53.38855210542803, -1.4793119755896404 53.38838360285258, -1.4788325245373124 53.388704115830095))",55.72801128600783,49.31195735505301,102.4735470686789,2.56642157238194,99.90712549629696,15569.172960088683,16204.544119307104,278.95539430209845,288.47020191060005,1.6262370030541193,18,864.9540533382601,905.431237605643,900.2524510726169,794.6982769510826,15.497521905672137,15.520008252796819,16.026122328366668,14.78642779096978,15.497521905672137,16.026122328366668,43,E01033276,0.119,E01033276,"2,042",2042.0,635.3711592184209,9.514807608501599,35.29839773435674,0.5286004226945309,-110.73296065456043,-0.7335804618270387,Increased,Increased,Reduced,0.0903465001696733
341,E01033277,Sheffield 011E,Sheffield 011E,435249,392264,-1.471,53.426,9f2de46d-6dca-4028-ae9c-617954ce9df5,"POLYGON ((-1.463867576177193 53.42943384153244, -1.463773197311287 53.42916450536639, -1.464334570327783 53.42899748394622, -1.464029076459494 53.428431129604114, -1.4639806800543038 53.42803819940064, -1.463132027456988 53.42812960646107, -1.459080305143775 53.429337897113435, -1.4585645621058352 53.429301117185354, -1.4580627483095034 53.42967694926885, -1.4575556281792303 53.428232557776724, -1.459064485214954 53.427858022090284, -1.4585739082447562 53.42775595119613, -1.4592138592785444 53.42760599717165, -1.458968195591078 53.426445666360124, -1.4592663243771928 53.42655461863684, -1.4591522066108589 53.426341592970424, -1.4619524393314893 53.42482185319828, -1.462980833531846 53.42426493933562, -1.4636868990394034 53.42424900935751, -1.4642697639318636 53.4235394992684, -1.4650367695669786 53.42345102658061, -1.4651212238691436 53.423498711807945, -1.466084871794028 53.42292154642711, -1.4673510603001263 53.42334536618103, -1.4680187738746395 53.425246451929866, -1.4683621573102452 53.425637556263254, -1.4696950307822174 53.42482090195034, -1.4715713052381205 53.42513438814264, -1.4735396838058525 53.42545848503135, -1.472500238028366 53.423802024948586, -1.4728593933256453 53.4233628972093, -1.4735021412188722 53.42317440774766, -1.4733376476601947 53.42272337403338, -1.4745066424289843 53.42221270408441, -1.4766777278359866 53.421881005153594, -1.4773783967289968 53.42244533963398, -1.4789555195963329 53.42230596360816, -1.4781930728939843 53.4227059745778, -1.4778681146063541 53.42374909683744, -1.476626579339015 53.4241760728047, -1.4786813014512639 53.42477232416095, -1.4791748394696755 53.42531076633522, -1.4824849661562347 53.42613692730185, -1.4828513128346308 53.42661042486555, -1.4856860724536551 53.42716497593631, -1.4856098886907274 53.42782230220944, -1.4856035983752975 53.42834361502973, -1.4853988965111995 53.42836420757543, -1.4817908408993674 53.42752715585983, -1.4822161472589184 53.42796799007696, -1.4840636306341315 53.4284044452658, -1.483551125345541 53.4288710689801, -1.4822652592039631 53.4287854976011, -1.4819495980495063 53.42848213004259, -1.4799664971169233 53.42852120178779, -1.4792576430639568 53.42808746131994, -1.4786796296498164 53.42796514093679, -1.4782748916570378 53.42764448533292, -1.473495965763197 53.427470441369195, -1.4735066674090649 53.42708281810558, -1.4714524444049468 53.42704194052205, -1.4683526951704604 53.42708178903649, -1.4686158375906946 53.42805356029795, -1.4695029738497618 53.42881792674103, -1.469547845118347 53.429395981182985, -1.468353080115259 53.42929429156839, -1.468091520892632 53.42971527393225, -1.4660816360777607 53.42974216703939, -1.4662241210043765 53.43012418185815, -1.4644397176078332 53.43009244169944, -1.463867576177193 53.42943384153244))",47.84543074226331,63.24396017655495,108.3396535198376,2.74973739898065,105.58991612085694,2942.923186679654,2219.626261648121,48.75219850400175,36.770127267458236,0.0495475967807509,4,735.7307966699135,735.7674584290125,554.9065654120302,573.9465193558635,12.188049626000437,12.188656961375404,9.192531816864559,9.50794596643469,12.188049626000437,9.192531816864559,69,E01033277,0.729,E01033277,"3,019",3019.0,-723.2969250315332,-11.982071236543511,-180.8242312578833,-2.995517809135878,-161.82093907314902,-2.680710994940714,Reduced,Reduced,Reduced,0.012386899195187725
342,E01033278,Sheffield 076E,Sheffield 076E,440612,383022,-1.39148,53.3426,d72ad73d-ef10-4dce-8814-2a5f4f71dc03,"POLYGON ((-1.386372149649709 53.34895189114617, -1.384133825683863 53.34868369181206, -1.3830978787157138 53.34824156971749, -1.3831308748223405 53.34797344295793, -1.382266755013944 53.348193658925815, -1.3821756262793596 53.347803289858575, -1.3827937004159623 53.34767153792854, -1.383489366607723 53.34791411694003, -1.384877083755395 53.34761963787382, -1.3830405060383686 53.347094272804746, -1.3829094287377826 53.346770147404534, -1.3834647501478543 53.34682116025087, -1.3863257445399397 53.34704533846987, -1.3871816060528086 53.3463334361587, -1.388038441234275 53.346545328117344, -1.3885976954939332 53.34602637637496, -1.3846390093787597 53.345331825643555, -1.3839289064349973 53.34508141234034, -1.3829986990892864 53.344689515536146, -1.3828588022008539 53.34388895193124, -1.382230508152619 53.34343433487193, -1.3862844370409249 53.34222943677432, -1.3878925981306904 53.34171909335587, -1.3881815450662631 53.341608090509006, -1.3898852325033264 53.34100591557249, -1.3903426713212608 53.340775860655015, -1.3906679446866075 53.340612226345655, -1.3903665669191319 53.33985927862402, -1.3886143285826116 53.337608458441984, -1.389865692141271 53.336970471476725, -1.3889635479860043 53.336423455310786, -1.3893831108786883 53.335934283259434, -1.390291983343225 53.33580776400335, -1.393179408149315 53.336484213210674, -1.3936977767080505 53.33881765054579, -1.3934454467211266 53.34075999734433, -1.396046871896994 53.34079686217658, -1.4007544612058294 53.340326200593275, -1.4004752786471812 53.34078648106481, -1.397018636444549 53.341133775056896, -1.3966508367262098 53.34151116284569, -1.3972786506397752 53.34180612797492, -1.3968561016402135 53.342348507788245, -1.39745953223234 53.342611838520526, -1.3970875174974668 53.343014828842755, -1.3964316870531566 53.34291056209041, -1.3953278335311454 53.343313921362245, -1.3942985640599137 53.34371729828802, -1.3945759978666348 53.34390852164338, -1.3942396205247356 53.3441862228283, -1.3929751659322873 53.34439337417394, -1.3924005046284884 53.34479363401149, -1.392399955147819 53.34483230096843, -1.393907964774347 53.34484895465228, -1.3948509310285102 53.34464699583736, -1.3963678128554273 53.3457243397665, -1.3976169403947571 53.34662053785715, -1.3963800105106656 53.34693825539572, -1.3966394840801453 53.347165293155584, -1.3952646070211534 53.347858707106184, -1.3955271638618505 53.34803020322573, -1.394914196519093 53.34768788879656, -1.3945832443601671 53.347820260779386, -1.3947796861294228 53.34863702883229, -1.39272249748275 53.349209015697, -1.3918540338303627 53.34906683335632, -1.3905700259910974 53.34881372418035, -1.3894423531276312 53.34876767523532, -1.3865270802558984 53.350110118666464, -1.3855151333161948 53.350238020812085, -1.3852964093637012 53.34997347873288, -1.386372149649709 53.34895189114617))",66.17701340213432,72.95969898628668,131.4374476712752,7.69926471714582,123.73818295412939,3422.47756765724,4160.99852870181,53.39828568038602,66.21489910212604,0.0780423264534594,18,190.13764264762443,98.9660650079544,231.16658492787832,191.52056388471,2.966571426688112,1.6394628538950446,3.678605505673668,3.172712284971404,2.966571426688112,3.678605505673669,20,,,,,,738.52096104457,12.816613421740023,41.02894228025389,0.7120340789855559,92.55449887675559,1.5332494310763594,Increased,Increased,Increased,0.004335684802969967
343,E01033279,Sheffield 076F,Sheffield 076F,441076,384004,-1.38439,53.3513,fd75c7f6-805a-4fe9-ab87-cb708cf44811,"POLYGON ((-1.3867215519204001 53.35514831545438, -1.3816781548184875 53.35261715573873, -1.378407281233425 53.35198383437194, -1.3775933651793788 53.35221952741295, -1.3770337719847001 53.35196042878819, -1.376806948508724 53.3525779923867, -1.3757008892568758 53.35260769756187, -1.374355672868226 53.352232943245184, -1.3740676107084644 53.35250840483513, -1.373761562506264 53.35221112302258, -1.37257220800309 53.35235589062198, -1.3713697120596928 53.35198550188873, -1.3715409722572138 53.35163268577577, -1.3706867014136705 53.35162939073379, -1.3716703549692648 53.35031650059747, -1.3725427208064909 53.349343647537616, -1.3733506720117001 53.349520008100086, -1.3732919477783858 53.349759943184374, -1.3787221682949482 53.34978488894656, -1.3789403496918453 53.34937147928617, -1.3785054624501258 53.34909422245768, -1.3790267011858153 53.34916468120487, -1.379308630102151 53.34855331156138, -1.3795718435620243 53.348108233583545, -1.379014911007482 53.34795529739505, -1.3791597696133795 53.347613631880975, -1.3798541643492568 53.34737903779421, -1.3794709469728934 53.34723755870242, -1.3770837119356234 53.34758237350722, -1.3768287853889005 53.34712607116654, -1.3754143372096113 53.346293482184585, -1.378439147928605 53.34444522622027, -1.3793968594979753 53.343763755841884, -1.3795237635606856 53.34336743977271, -1.3811817765206782 53.343468611689126, -1.382230508152619 53.34343433487193, -1.3828588022008539 53.34388895193124, -1.3829986990892864 53.344689515536146, -1.3839289064349973 53.34508141234034, -1.3846390093787597 53.345331825643555, -1.3885976954939332 53.34602637637496, -1.388038441234275 53.346545328117344, -1.3871816060528086 53.3463334361587, -1.3863257445399397 53.34704533846987, -1.3834647501478543 53.34682116025087, -1.3829094287377826 53.346770147404534, -1.3830405060383686 53.347094272804746, -1.384877083755395 53.34761963787382, -1.383489366607723 53.34791411694003, -1.3827937004159623 53.34767153792854, -1.3821756262793596 53.347803289858575, -1.382266755013944 53.348193658925815, -1.3831308748223405 53.34797344295793, -1.3830978787157138 53.34824156971749, -1.384133825683863 53.34868369181206, -1.386372149649709 53.34895189114617, -1.3852964093637012 53.34997347873288, -1.3855151333161948 53.350238020812085, -1.3865270802558984 53.350110118666464, -1.3894423531276312 53.34876767523532, -1.3905700259910974 53.34881372418035, -1.3918540338303627 53.34906683335632, -1.3914305602068247 53.35012958521973, -1.3930597372595706 53.35020195892017, -1.395080566826587 53.34986165201673, -1.3959400449646926 53.34956574228823, -1.396800250990892 53.34982743978175, -1.3974106601605625 53.34958289021711, -1.3980725539748582 53.349890229241936, -1.3978782153768214 53.35029725882897, -1.3972030260274964 53.350408306064104, -1.3980792461544815 53.351126246346674, -1.3980421148166198 53.35162943041734, -1.3973482054997104 53.351987386587645, -1.396643425260964 53.35186493639884, -1.3961442481873805 53.351567838252606, -1.3941521493452702 53.35191318093322, -1.393703167557193 53.351595611695714, -1.3931999915156932 53.35194995487559, -1.3943276298903131 53.353138045396435, -1.39519480367529 53.35351052217684, -1.395959724138814 53.35360139652696, -1.396190855093072 53.35336798561351, -1.3958326471513252 53.35459142386608, -1.3947678492942956 53.354561842649524, -1.3929863244375698 53.35494231860905, -1.3913787706934753 53.354567915042345, -1.3877296465807587 53.35501507530326, -1.3867215519204001 53.35514831545438))",21.447951712049072,37.94637610593298,58.29443285838978,1.09989495959226,57.19453789879752,2219.3920494883664,2278.1507153148427,39.05094648587167,39.25091455201318,0.05074590789783492,8,277.42400618604574,238.99935748588,284.7688394143553,197.249880989142,4.88136831073396,4.494824648999581,4.906364319001647,3.8680124114958936,4.881368310733959,4.906364319001647,34,E01033279,1.0231,E01033279,"2,354",2354.0,58.75866582647632,0.19996806614150842,7.34483322830954,0.024996008267687664,-41.749476496738,-0.6268122375036871,Increased,Increased,Reduced,0.006343238487229365
344,E01033280,Sheffield 008G,Sheffield 008G,431821,392885,-1.52252,53.4318,9990ff85-4459-408f-a54c-0b77c70cd15f,"POLYGON ((-1.5182025754283495 53.44171156505527, -1.5176216019256386 53.44128869088403, -1.5164515477083933 53.44133421843549, -1.5155351610584151 53.438928612965974, -1.5128706874789932 53.436668091465535, -1.5148642142573945 53.437162446636286, -1.5108906090442027 53.433873935145336, -1.5063994338355893 53.43109107125429, -1.5062399118619383 53.43045027970955, -1.5069169328336207 53.43008346689771, -1.5075094359832992 53.43036030154795, -1.509230036530285 53.430063726243745, -1.5097380251420747 53.43042984969757, -1.5120071709699234 53.43003633903456, -1.5121174548032936 53.429769935561744, -1.5128943493965687 53.429860186091474, -1.51306240495639 53.42922885507708, -1.5144008284606418 53.428288816196975, -1.5139128806457465 53.427236846305796, -1.5146844500517918 53.42663437446991, -1.516927733210653 53.426137305484076, -1.517581918780171 53.4265921738727, -1.5188751662696454 53.42639330084229, -1.5184545266654743 53.425697677095314, -1.5196284324311156 53.42552709653491, -1.521848430825039 53.42377875295446, -1.5208914223029115 53.423139685934906, -1.5181254613867103 53.421651466023775, -1.5187955809954279 53.42131345276022, -1.5145148186001713 53.41892472531706, -1.514804877869333 53.41861073533172, -1.5175058931977692 53.41890659272165, -1.518995033939889 53.419299133534224, -1.520464738018713 53.419823557585225, -1.5199911221621345 53.42045984797244, -1.521158891052785 53.420985872556095, -1.5208479401280186 53.421352656075804, -1.522448222356258 53.42006520437758, -1.5238049284758146 53.419701815325546, -1.5245367345406848 53.41996611813131, -1.525970370618932 53.42035928569149, -1.5262017091578293 53.423385725080365, -1.5297383141835486 53.42349180908154, -1.5331156670147026 53.425036709537615, -1.5336305328196242 53.425260639467595, -1.53325032438018 53.42557134738795, -1.5339762918444886 53.42581985693433, -1.533877852701502 53.42775420672831, -1.533438405070307 53.4278061629595, -1.5340661734546404 53.42817384577934, -1.5346434275979626 53.42863825264742, -1.5366601714513226 53.42913689256325, -1.5373124798455438 53.42981465200706, -1.535866394893176 53.43065889885692, -1.5368104235136109 53.431288904372856, -1.5366181997819937 53.43161226999712, -1.5377035727574913 53.43269980881323, -1.537285519472931 53.433088849677816, -1.5364807912754328 53.43307601490441, -1.5365587610316023 53.43268814490991, -1.5350465828118616 53.4321146692241, -1.5356091074473255 53.43187151253985, -1.5350578559168893 53.43151580305188, -1.5340264871467357 53.431647091812415, -1.5342228301740517 53.43261044566087, -1.5330721287682503 53.431891029991824, -1.5321953119837273 53.431796115403976, -1.529905507897775 53.43221939266012, -1.5350571150838785 53.43441598747898, -1.5369403234775398 53.4342183404246, -1.5387917309829127 53.435801351081174, -1.5385986289952982 53.436290151197426, -1.5376541743405618 53.436352864377305, -1.533665583964204 53.43590247449239, -1.532109259767205 53.436185752927535, -1.5322310396864653 53.4383249290216, -1.5318961966559541 53.43827921454542, -1.5318788279018563 53.43865582217808, -1.5278173273166333 53.43852215913248, -1.526420533652645 53.43904049690338, -1.5254869975617316 53.44028537201701, -1.5246364286994314 53.44048472991021, -1.5238698109634596 53.44133336502258, -1.5232921815462457 53.443077670231304, -1.5207938472856557 53.444511219746275, -1.5207818978557714 53.444235051635125, -1.5195286796823186 53.443887618812525, -1.5189940208634563 53.44240431182814, -1.5182025754283495 53.44171156505527))",14.29863447469938,9.349107156534203,23.46442580463487,0.18331582659871,23.28110997803616,8915.46946027871,8207.905533561501,125.00508482007223,115.47942826642189,0.6399362896138336,14,636.8192471627651,561.9635105932435,586.2789666829643,514.867884421514,8.928934630005159,7.935010992075654,8.248530590458707,6.895544913759547,8.928934630005159,8.248530590458707,67,E01033280,2.8115,E01033280,"1,606",1606.0,-707.5639267172082,-9.525656553650336,-50.5402804798008,-0.6804040395464526,-47.09562617172958,-1.0394660783161065,Reduced,Reduced,Reduced,0.04570973497241669
